{"type":"FeatureCollection","features":[{"type":"Feature","geometry":{"type":"Polygon","coordinates":[[[134.376541,34.086028],[134.375394,34.086114],[134.37146,34.086244],[134.366619,34.086095],[134.357226,34.085804],[134.356759,34.085802],[134.346407,34.085763],[134.346327,34.085766],[134.34628,34.085767],[134.346277,34.085767],[134.342779,34.085553],[134.336944,34.085067],[134.335552,34.085049],[134.335004,34.085021],[134.334416,34.085009],[134.334338,34.079953],[134.332251,34.078724],[134.333222,34.07726],[134.333509,34.076931],[134.333706,34.076511],[134.33385,34.076056],[134.333963,34.075622],[134.334045,34.075188],[134.334145,34.074161],[134.334134,34.074113],[134.333817,34.073904],[134.333719,34.073812],[134.333642,34.073692],[134.333571,34.073566],[134.333528,34.073439],[134.333567,34.073145],[134.3341,34.073136],[134.334201,34.072749],[134.334252,34.072363],[134.334305,34.071749],[134.334588,34.071638],[134.335173,34.071973],[134.335473,34.072127],[134.33569,34.072226],[134.336099,34.072388],[134.33646,34.072518],[134.336772,34.072623],[134.337475,34.072844],[134.33808,34.07303],[134.338609,34.073201],[134.339192,34.073382],[134.339709,34.073543],[134.339773,34.073555],[134.340846,34.073908],[134.341062,34.073985],[134.341331,34.074061],[134.341584,34.074134],[134.341538,34.074796],[134.341856,34.074849],[134.342189,34.074919],[134.342364,34.074974],[134.342678,34.075083],[134.342729,34.075095],[134.342774,34.075089],[134.343169,34.075183],[134.343379,34.075216],[134.343582,34.07524],[134.343994,34.075296],[134.344193,34.075333],[134.344682,34.07541],[134.34475,34.075413],[134.344881,34.075407],[134.345065,34.075425],[134.34512,34.075437],[134.34515,34.075456],[134.345372,34.075482],[134.345402,34.075464],[134.345476,34.075471],[134.345524,34.075469],[134.345573,34.075448],[134.345636,34.075463],[134.345687,34.07547],[134.345772,34.07546],[134.345856,34.075461],[134.345914,34.075487],[134.34607,34.075476],[134.346123,34.075451],[134.346224,34.075436],[134.346317,34.075449],[134.346479,34.07549],[134.346593,34.075488],[134.346718,34.075492],[134.347052,34.07553],[134.347106,34.075895],[134.34713,34.075958],[134.347172,34.075981],[134.347314,34.075989],[134.347419,34.075969],[134.347747,34.075959],[134.347866,34.075951],[134.348089,34.075951],[134.348372,34.075963],[134.348656,34.075959],[134.348965,34.075975],[134.349119,34.075961],[134.349257,34.075967],[134.349439,34.075973],[134.349551,34.07596],[134.349627,34.075959],[134.34972,34.075976],[134.349841,34.075981],[134.350175,34.075978],[134.350383,34.076019],[134.350431,34.076024],[134.35059,34.075983],[134.350683,34.075973],[134.350782,34.07598],[134.350937,34.076008],[134.351007,34.075992],[134.351117,34.075953],[134.351077,34.076181],[134.351009,34.076462],[134.35096,34.076649],[134.350736,34.077289],[134.350509,34.077742],[134.351042,34.077742],[134.3521,34.077785],[134.352516,34.077836],[134.352644,34.077218],[134.353421,34.077364],[134.354508,34.077575],[134.35567,34.07778],[134.356677,34.078008],[134.357183,34.078131],[134.358117,34.078385],[134.358396,34.078499],[134.358873,34.078709],[134.359149,34.078851],[134.35942,34.078928],[134.359791,34.078987],[134.360779,34.079378],[134.361362,34.079615],[134.361586,34.079671],[134.361648,34.079721],[134.361709,34.079788],[134.361906,34.079912],[134.36197,34.079937],[134.362146,34.080002],[134.362416,34.080186],[134.362633,34.080311],[134.362831,34.080419],[134.363022,34.080495],[134.363269,34.08055],[134.363525,34.080593],[134.363797,34.080653],[134.36399,34.080681],[134.364196,34.080699],[134.364307,34.080721],[134.364396,34.080748],[134.365469,34.080704],[134.365872,34.080627],[134.365953,34.080595],[134.366046,34.080571],[134.366657,34.080443],[134.366791,34.080402],[134.366877,34.080387],[134.366892,34.08045],[134.367554,34.08036],[134.368023,34.080442],[134.369076,34.080637],[134.36908,34.08062],[134.369485,34.080701],[134.369946,34.080213],[134.370038,34.080144],[134.370641,34.080035],[134.371216,34.079908],[134.371487,34.080084],[134.372623,34.080356],[134.372039,34.081444],[134.374365,34.081305],[134.375235,34.081289],[134.375545,34.081276],[134.379167,34.0814],[134.37914,34.081944],[134.378613,34.081952],[134.378516,34.082112],[134.378029,34.082729],[134.377931,34.082888],[134.377845,34.083088],[134.377548,34.083098],[134.377324,34.083122],[134.377019,34.083199],[134.376659,34.083156],[134.376028,34.083071],[134.376577,34.083497],[134.376579,34.084114],[134.376562,34.084663],[134.376541,34.086028]]]},"properties":{"S_NAME":"鴨島町","HCODE":8101}},{"type":"Feature","geometry":{"type":"Polygon","coordinates":[[[134.372623,34.080356],[134.371487,34.080084],[134.371216,34.079908],[134.370641,34.080035],[134.370038,34.080144],[134.369946,34.080213],[134.369485,34.080701],[134.36908,34.08062],[134.369076,34.080637],[134.368023,34.080442],[134.367554,34.08036],[134.366892,34.08045],[134.366877,34.080387],[134.366791,34.080402],[134.366657,34.080443],[134.366046,34.080571],[134.365953,34.080595],[134.365872,34.080627],[134.365469,34.080704],[134.364396,34.080748],[134.364307,34.080721],[134.364196,34.080699],[134.36399,34.080681],[134.363797,34.080653],[134.363525,34.080593],[134.363269,34.08055],[134.363022,34.080495],[134.362831,34.080419],[134.362633,34.080311],[134.362416,34.080186],[134.362146,34.080002],[134.36197,34.079937],[134.361906,34.079912],[134.361709,34.079788],[134.361648,34.079721],[134.361586,34.079671],[134.361362,34.079615],[134.360779,34.079378],[134.359791,34.078987],[134.35942,34.078928],[134.359149,34.078851],[134.358873,34.078709],[134.358396,34.078499],[134.358117,34.078385],[134.357183,34.078131],[134.356677,34.078008],[134.356737,34.077274],[134.357062,34.076534],[134.358135,34.076922],[134.358806,34.07719],[134.359264,34.077394],[134.359625,34.077551],[134.359737,34.077214],[134.359667,34.076921],[134.359651,34.076618],[134.359739,34.076253],[134.359743,34.076071],[134.359527,34.075408],[134.359395,34.074985],[134.359378,34.07453],[134.359327,34.074273],[134.359171,34.073947],[134.358927,34.073469],[134.358923,34.073131],[134.358929,34.072524],[134.358891,34.072383],[134.358778,34.072285],[134.360034,34.071493],[134.360294,34.07137],[134.360239,34.071279],[134.360047,34.070962],[134.360646,34.07066],[134.361133,34.070529],[134.361561,34.070421],[134.361877,34.070383],[134.362235,34.070356],[134.363172,34.070359],[134.363913,34.070364],[134.364593,34.070564],[134.365294,34.070786],[134.365569,34.070916],[134.366273,34.07133],[134.36694,34.071806],[134.367463,34.072093],[134.368489,34.072576],[134.36958,34.073162],[134.369935,34.073362],[134.370574,34.073772],[134.370993,34.074041],[134.371375,34.074183],[134.371764,34.074261],[134.371741,34.074367],[134.371142,34.074659],[134.372726,34.074825],[134.372794,34.075021],[134.373533,34.075878],[134.373871,34.076227],[134.374321,34.076445],[134.374127,34.076802],[134.374513,34.076991],[134.373847,34.078198],[134.373284,34.079177],[134.372623,34.080356]]]},"properties":{"S_NAME":"鴨島町","HCODE":8101}},{"type":"Feature","geometry":{"type":"Polygon","coordinates":[[[134.360047,34.070962],[134.360239,34.071279],[134.360294,34.07137],[134.360034,34.071493],[134.358778,34.072285],[134.358891,34.072383],[134.358929,34.072524],[134.358923,34.073131],[134.358927,34.073469],[134.359171,34.073947],[134.359327,34.074273],[134.359378,34.07453],[134.359395,34.074985],[134.359527,34.075408],[134.359743,34.076071],[134.359739,34.076253],[134.359651,34.076618],[134.359667,34.076921],[134.359737,34.077214],[134.359625,34.077551],[134.359264,34.077394],[134.358806,34.07719],[134.358135,34.076922],[134.357062,34.076534],[134.356737,34.077274],[134.356677,34.078008],[134.35567,34.07778],[134.354508,34.077575],[134.353421,34.077364],[134.352644,34.077218],[134.352516,34.077836],[134.3521,34.077785],[134.351042,34.077742],[134.350509,34.077742],[134.350736,34.077289],[134.35096,34.076649],[134.351009,34.076462],[134.351077,34.076181],[134.351117,34.075953],[134.351147,34.075438],[134.351022,34.074441],[134.350973,34.074217],[134.348722,34.07399],[134.348416,34.073986],[134.348012,34.074001],[134.348015,34.073376],[134.348415,34.073304],[134.348981,34.07313],[134.349123,34.072986],[134.34952,34.072705],[134.350508,34.072154],[134.350386,34.071474],[134.350341,34.071121],[134.350324,34.070959],[134.350593,34.070952],[134.352445,34.070907],[134.353576,34.070904],[134.35499,34.070885],[134.354565,34.069394],[134.35445,34.069147],[134.354218,34.068246],[134.355126,34.068252],[134.355259,34.06822],[134.355051,34.06728],[134.355481,34.067317],[134.355517,34.066967],[134.355793,34.065383],[134.355908,34.064458],[134.355952,34.063974],[134.356172,34.06394],[134.35654,34.063908],[134.356735,34.063891],[134.35725,34.063967],[134.358152,34.064195],[134.358555,34.06431],[134.358614,34.06433],[134.358938,34.064466],[134.359179,34.064557],[134.359341,34.06463],[134.359668,34.064775],[134.35969,34.064788],[134.359733,34.064803],[134.359867,34.064866],[134.360178,34.065051],[134.360252,34.065104],[134.360427,34.065223],[134.360629,34.06538],[134.360821,34.065556],[134.361009,34.065695],[134.361191,34.065819],[134.361511,34.065968],[134.361509,34.06597],[134.361908,34.066121],[134.361874,34.066268],[134.361837,34.06637],[134.361779,34.06655],[134.361631,34.06674],[134.361371,34.06708],[134.361303,34.067157],[134.360652,34.067392],[134.360687,34.067534],[134.36067,34.067713],[134.360419,34.06813],[134.360518,34.068658],[134.360515,34.068766],[134.360135,34.06867],[134.359445,34.070029],[134.359732,34.070424],[134.360047,34.070962]]]},"properties":{"S_NAME":"鴨島町","HCODE":8101}},{"type":"Feature","geometry":{"type":"Polygon","coordinates":[[[134.355952,34.063974],[134.355908,34.064458],[134.355793,34.065383],[134.355517,34.066967],[134.355481,34.067317],[134.355051,34.06728],[134.355259,34.06822],[134.355126,34.068252],[134.354218,34.068246],[134.35445,34.069147],[134.354565,34.069394],[134.35499,34.070885],[134.353576,34.070904],[134.352445,34.070907],[134.350593,34.070952],[134.350324,34.070959],[134.350341,34.071121],[134.350386,34.071474],[134.350508,34.072154],[134.34952,34.072705],[134.349123,34.072986],[134.348981,34.07313],[134.348415,34.073304],[134.348015,34.073376],[134.347789,34.072792],[134.347698,34.072543],[134.347493,34.072112],[134.347436,34.071966],[134.347258,34.071659],[134.347264,34.071586],[134.34658,34.071497],[134.346586,34.071245],[134.346526,34.071082],[134.346401,34.070877],[134.346225,34.070403],[134.345953,34.069419],[134.345877,34.069033],[134.345836,34.068555],[134.346803,34.068518],[134.347596,34.068488],[134.347482,34.067947],[134.347932,34.067905],[134.348275,34.067903],[134.348685,34.067855],[134.348478,34.066603],[134.348455,34.06627],[134.348562,34.065527],[134.348576,34.064719],[134.348658,34.064362],[134.348946,34.06423],[134.349023,34.064173],[134.349145,34.064062],[134.349218,34.064053],[134.349658,34.063961],[134.350027,34.063903],[134.350271,34.063885],[134.350873,34.063857],[134.351131,34.063926],[134.35142,34.064005],[134.351656,34.064073],[134.351871,34.064088],[134.352292,34.064069],[134.352385,34.064076],[134.352476,34.064303],[134.352687,34.064408],[134.352893,34.064394],[134.353806,34.064217],[134.354704,34.064152],[134.355027,34.06417],[134.355359,34.06407],[134.355721,34.064051],[134.355952,34.063974]]]},"properties":{"S_NAME":"鴨島町","HCODE":8101}},{"type":"Feature","geometry":{"type":"Polygon","coordinates":[[[134.400389,34.074901],[134.400369,34.07495],[134.400254,34.075245],[134.400216,34.075363],[134.400135,34.075568],[134.400055,34.075916],[134.399964,34.076394],[134.39987,34.076771],[134.399823,34.076982],[134.399819,34.077],[134.399733,34.077437],[134.399667,34.077715],[134.399597,34.078108],[134.399508,34.078508],[134.399447,34.078775],[134.399388,34.079004],[134.399329,34.079278],[134.399311,34.079398],[134.399307,34.079425],[134.399303,34.079455],[134.399096,34.08042],[134.399002,34.080799],[134.398848,34.081335],[134.398717,34.081901],[134.398638,34.082102],[134.398532,34.082325],[134.398468,34.082493],[134.398435,34.082584],[134.398404,34.082669],[134.398192,34.083448],[134.398035,34.084089],[134.397904,34.08463],[134.397866,34.084785],[134.397817,34.085008],[134.397768,34.085273],[134.397675,34.085618],[134.397594,34.085958],[134.39755,34.086145],[134.397455,34.086509],[134.39741,34.086681],[134.397264,34.087203],[134.396779,34.087545],[134.396488,34.088883],[134.396367,34.089091],[134.396767,34.089338],[134.395789,34.092767],[134.387318,34.089824],[134.383413,34.088467],[134.382764,34.088377],[134.375099,34.088742],[134.37683,34.086006],[134.376541,34.086028],[134.376562,34.084663],[134.376579,34.084114],[134.376577,34.083497],[134.376028,34.083071],[134.376659,34.083156],[134.377019,34.083199],[134.377324,34.083122],[134.377548,34.083098],[134.377845,34.083088],[134.377931,34.082888],[134.378029,34.082729],[134.378516,34.082112],[134.378613,34.081952],[134.37914,34.081944],[134.379167,34.0814],[134.375545,34.081276],[134.375235,34.081289],[134.374365,34.081305],[134.372039,34.081444],[134.372623,34.080356],[134.373284,34.079177],[134.373847,34.078198],[134.374513,34.076991],[134.374127,34.076802],[134.374321,34.076445],[134.373871,34.076227],[134.373533,34.075878],[134.372794,34.075021],[134.372726,34.074825],[134.371142,34.074659],[134.371741,34.074367],[134.371764,34.074261],[134.372008,34.074269],[134.372202,34.074268],[134.372487,34.074275],[134.373818,34.074297],[134.373791,34.074117],[134.373805,34.073835],[134.373799,34.073657],[134.373761,34.073478],[134.373692,34.073291],[134.373599,34.073128],[134.373471,34.072917],[134.373347,34.072705],[134.373262,34.07264],[134.373173,34.072428],[134.373123,34.072232],[134.373108,34.072044],[134.372992,34.071553],[134.372957,34.07141],[134.372846,34.071185],[134.372777,34.070935],[134.372759,34.070637],[134.374268,34.070614],[134.374168,34.070312],[134.374027,34.069965],[134.373953,34.069782],[134.373923,34.069667],[134.374044,34.06961],[134.374097,34.06953],[134.374084,34.069457],[134.374022,34.069334],[134.373945,34.069154],[134.373816,34.068793],[134.373773,34.068702],[134.37379,34.068551],[134.373819,34.068319],[134.373815,34.068074],[134.37376,34.067653],[134.373733,34.067462],[134.373725,34.067328],[134.374019,34.067126],[134.374154,34.067524],[134.374316,34.067815],[134.374435,34.067946],[134.374612,34.06807],[134.374835,34.068176],[134.375064,34.068257],[134.375315,34.068293],[134.375546,34.06834],[134.376351,34.06867],[134.378143,34.0694],[134.378675,34.069614],[134.379138,34.069819],[134.379634,34.070073],[134.380173,34.070417],[134.380333,34.070472],[134.380719,34.070574],[134.381038,34.070641],[134.381189,34.070675],[134.381457,34.07068],[134.381716,34.070664],[134.381925,34.070635],[134.382176,34.070604],[134.382499,34.070557],[134.382865,34.070485],[134.383157,34.070348],[134.383268,34.07028],[134.383792,34.070485],[134.384334,34.070631],[134.384707,34.070758],[134.385502,34.071022],[134.386105,34.071217],[134.386406,34.071355],[134.386575,34.071423],[134.387126,34.071641],[134.387235,34.071735],[134.387469,34.071961],[134.387662,34.072074],[134.388535,34.072367],[134.38878,34.072473],[134.388906,34.072522],[134.389063,34.07256],[134.389357,34.072568],[134.389837,34.07261],[134.390306,34.072681],[134.3908,34.072837],[134.390969,34.072886],[134.391294,34.072978],[134.391583,34.073111],[134.391819,34.073279],[134.391977,34.073477],[134.392055,34.073592],[134.392187,34.073689],[134.392422,34.073713],[134.392606,34.073619],[134.392994,34.073699],[134.393317,34.07374],[134.393832,34.073856],[134.394413,34.074007],[134.394954,34.074163],[134.39552,34.074323],[134.395967,34.074481],[134.396334,34.074529],[134.396669,34.07457],[134.397192,34.074552],[134.397418,34.074535],[134.39806,34.074518],[134.398604,34.074474],[134.39882,34.074502],[134.399261,34.074569],[134.399652,34.074662],[134.39993,34.074779],[134.400259,34.074871],[134.400389,34.074901]]]},"properties":{"S_NAME":"鴨島町","HCODE":8101}},{"type":"Feature","geometry":{"type":"Polygon","coordinates":[[[134.393049,34.051772],[134.393147,34.051947],[134.393149,34.05195],[134.393216,34.051999],[134.393226,34.052006],[134.393281,34.052046],[134.393425,34.052062],[134.393503,34.052056],[134.393614,34.052156],[134.393723,34.0523],[134.393836,34.052488],[134.393842,34.052514],[134.393875,34.052563],[134.393985,34.052725],[134.394115,34.052885],[134.394116,34.052886],[134.394118,34.052887],[134.394278,34.052977],[134.394475,34.053088],[134.394637,34.053179],[134.394793,34.05318],[134.394974,34.053086],[134.395101,34.052962],[134.395233,34.052863],[134.395244,34.052858],[134.395414,34.052769],[134.395577,34.05273],[134.395769,34.052752],[134.396009,34.052778],[134.396267,34.05275],[134.396426,34.052711],[134.396497,34.052555],[134.396671,34.052355],[134.396828,34.052244],[134.396952,34.05214],[134.397062,34.051991],[134.397175,34.051886],[134.397295,34.051828],[134.397492,34.051753],[134.398456,34.051458],[134.398818,34.051321],[134.399056,34.051301],[134.399226,34.051286],[134.399307,34.051252],[134.399331,34.051172],[134.399339,34.051015],[134.399443,34.050828],[134.399574,34.050742],[134.399728,34.05068],[134.400967,34.050506],[134.40143,34.050419],[134.401761,34.050301],[134.401862,34.050267],[134.40194,34.050265],[134.402299,34.050265],[134.402581,34.050265],[134.402692,34.050246],[134.402717,34.050253],[134.402908,34.050339],[134.403189,34.05054],[134.403362,34.050746],[134.403396,34.051026],[134.403436,34.051396],[134.403496,34.051563],[134.403524,34.051642],[134.403655,34.051867],[134.403768,34.05202],[134.403792,34.052053],[134.403971,34.052219],[134.404234,34.052536],[134.404291,34.052706],[134.404289,34.053005],[134.404242,34.053337],[134.404184,34.053561],[134.404088,34.053744],[134.403968,34.053948],[134.40392,34.054029],[134.40381,34.054247],[134.403722,34.054525],[134.403647,34.054958],[134.403559,34.055573],[134.403538,34.055847],[134.403516,34.056091],[134.403461,34.056628],[134.403438,34.056842],[134.403466,34.056964],[134.403408,34.05725],[134.403369,34.057402],[134.403331,34.057595],[134.403302,34.057763],[134.403263,34.057881],[134.403222,34.057987],[134.403176,34.058185],[134.403233,34.058361],[134.403307,34.058691],[134.403356,34.05888],[134.403369,34.059019],[134.403372,34.059051],[134.403375,34.059151],[134.403374,34.059242],[134.403234,34.059428],[134.403085,34.059622],[134.402865,34.059876],[134.402695,34.059995],[134.402585,34.060113],[134.402607,34.060289],[134.402739,34.060503],[134.402843,34.060727],[134.402942,34.060883],[134.403004,34.061018],[134.403066,34.061143],[134.403201,34.061284],[134.403292,34.061422],[134.403337,34.061523],[134.403351,34.061685],[134.403373,34.061851],[134.403404,34.062074],[134.403405,34.062199],[134.403385,34.062374],[134.403354,34.06252],[134.403298,34.062608],[134.403169,34.062707],[134.403082,34.062774],[134.403073,34.062815],[134.403046,34.062952],[134.403045,34.062958],[134.403029,34.063047],[134.403004,34.06332],[134.402919,34.063625],[134.402833,34.063913],[134.40279,34.064168],[134.402679,34.064474],[134.402581,34.064875],[134.402516,34.065292],[134.402473,34.065691],[134.402363,34.066028],[134.402265,34.066392],[134.402229,34.066493],[134.402213,34.066539],[134.402174,34.066647],[134.402082,34.066857],[134.402023,34.067057],[134.401973,34.067221],[134.401956,34.067393],[134.402,34.067563],[134.402015,34.067682],[134.402073,34.067946],[134.402074,34.067952],[134.402095,34.068075],[134.4021,34.06824],[134.402126,34.068429],[134.402103,34.068548],[134.402096,34.068696],[134.402009,34.068857],[134.401896,34.069095],[134.401844,34.069378],[134.401811,34.069576],[134.401819,34.069838],[134.401848,34.070109],[134.401875,34.070289],[134.401891,34.070415],[134.401878,34.070533],[134.40184,34.070636],[134.401753,34.070824],[134.401713,34.070976],[134.401704,34.071008],[134.40169,34.071078],[134.401676,34.071192],[134.401639,34.071542],[134.401602,34.071778],[134.401597,34.071968],[134.401624,34.072149],[134.401628,34.072293],[134.401664,34.072585],[134.401664,34.073005],[134.401677,34.073328],[134.401671,34.073707],[134.401683,34.073871],[134.40169,34.074095],[134.401711,34.074246],[134.401716,34.074413],[134.401722,34.074528],[134.401727,34.075291],[134.401745,34.075569],[134.401728,34.076312],[134.401575,34.076215],[134.401466,34.07611],[134.401291,34.075805],[134.401196,34.075613],[134.40109,34.075328],[134.400945,34.075154],[134.400826,34.074996],[134.400687,34.07489],[134.400421,34.074823],[134.400389,34.074901],[134.400259,34.074871],[134.39993,34.074779],[134.399652,34.074662],[134.399261,34.074569],[134.39882,34.074502],[134.398604,34.074474],[134.39806,34.074518],[134.397418,34.074535],[134.397192,34.074552],[134.396669,34.07457],[134.396334,34.074529],[134.395967,34.074481],[134.39552,34.074323],[134.394954,34.074163],[134.394413,34.074007],[134.393832,34.073856],[134.393317,34.07374],[134.392994,34.073699],[134.392606,34.073619],[134.392422,34.073713],[134.392187,34.073689],[134.392055,34.073592],[134.391977,34.073477],[134.391819,34.073279],[134.391583,34.073111],[134.391294,34.072978],[134.390969,34.072886],[134.3908,34.072837],[134.390306,34.072681],[134.389837,34.07261],[134.389357,34.072568],[134.389063,34.07256],[134.388906,34.072522],[134.38878,34.072473],[134.388535,34.072367],[134.387662,34.072074],[134.387469,34.071961],[134.387235,34.071735],[134.387126,34.071641],[134.386575,34.071423],[134.386406,34.071355],[134.386105,34.071217],[134.385502,34.071022],[134.384707,34.070758],[134.384334,34.070631],[134.383792,34.070485],[134.383268,34.07028],[134.383291,34.07024],[134.383518,34.068855],[134.38376,34.068053],[134.383739,34.067905],[134.383694,34.067769],[134.383658,34.067764],[134.383473,34.067969],[134.383362,34.067994],[134.383184,34.067939],[134.38313,34.067864],[134.383148,34.067751],[134.383373,34.067622],[134.383411,34.067553],[134.383419,34.067307],[134.383461,34.067224],[134.383533,34.067168],[134.383648,34.067158],[134.383776,34.067184],[134.38393,34.067241],[134.383995,34.067275],[134.384114,34.0672],[134.384386,34.066955],[134.385041,34.067062],[134.38548,34.067179],[134.386286,34.067437],[134.386372,34.067308],[134.38652,34.067329],[134.387402,34.067149],[134.387948,34.067111],[134.388085,34.066822],[134.388186,34.0667],[134.388354,34.066609],[134.388704,34.066512],[134.388825,34.066483],[134.388916,34.066185],[134.389023,34.066134],[134.389158,34.066121],[134.38932,34.066137],[134.389495,34.066091],[134.389606,34.066104],[134.389733,34.065957],[134.389712,34.06589],[134.389617,34.065841],[134.389428,34.065797],[134.389237,34.065641],[134.388899,34.065515],[134.38873,34.065483],[134.388533,34.065361],[134.388134,34.065206],[134.387923,34.065029],[134.387645,34.06493],[134.387428,34.064819],[134.387244,34.064619],[134.387141,34.064423],[134.38682,34.064039],[134.386723,34.063832],[134.386539,34.063592],[134.38626,34.063347],[134.386145,34.063303],[134.386062,34.063332],[134.385906,34.063347],[134.385614,34.063159],[134.385545,34.063002],[134.385415,34.06288],[134.385407,34.062712],[134.385631,34.062228],[134.3862,34.062126],[134.386826,34.062059],[134.38746,34.062032],[134.387417,34.061803],[134.387429,34.061634],[134.387435,34.06125],[134.386506,34.06082],[134.386739,34.060521],[134.386792,34.060431],[134.386757,34.060297],[134.38685,34.060139],[134.386977,34.060082],[134.387139,34.060036],[134.387239,34.059923],[134.387339,34.059855],[134.387212,34.060151],[134.387096,34.060445],[134.387144,34.060585],[134.387246,34.060669],[134.387415,34.060628],[134.387677,34.06052],[134.387723,34.060438],[134.387784,34.060368],[134.387993,34.06024],[134.388043,34.06008],[134.388095,34.06001],[134.388169,34.060028],[134.388284,34.060089],[134.388381,34.060172],[134.388609,34.060312],[134.388772,34.060419],[134.388815,34.060408],[134.388815,34.060375],[134.388705,34.060275],[134.388427,34.060048],[134.388335,34.059954],[134.388251,34.059882],[134.388102,34.05985],[134.387932,34.059848],[134.387962,34.059797],[134.388197,34.059697],[134.38847,34.059535],[134.388522,34.05948],[134.388495,34.059459],[134.388169,34.059563],[134.38799,34.059575],[134.387885,34.059536],[134.387818,34.059467],[134.387778,34.059381],[134.387748,34.059197],[134.387677,34.058225],[134.388046,34.05877],[134.388223,34.058861],[134.388518,34.058901],[134.388905,34.058869],[134.389264,34.058784],[134.389429,34.058843],[134.389491,34.058925],[134.389481,34.059091],[134.389442,34.059295],[134.389496,34.059394],[134.389627,34.059472],[134.389839,34.059592],[134.389894,34.05968],[134.390026,34.059874],[134.390277,34.059754],[134.390707,34.059436],[134.391205,34.059161],[134.391486,34.059056],[134.391719,34.058991],[134.391806,34.058929],[134.391924,34.058631],[134.391995,34.058547],[134.392323,34.058389],[134.392449,34.058372],[134.392607,34.058409],[134.392796,34.058554],[134.392884,34.058579],[134.393152,34.058552],[134.393482,34.058619],[134.39357,34.058596],[134.393654,34.058539],[134.393676,34.058452],[134.393643,34.058282],[134.393527,34.058098],[134.39334,34.057915],[134.393283,34.057869],[134.39324,34.057766],[134.393259,34.057569],[134.393138,34.057295],[134.393033,34.057167],[134.392764,34.057054],[134.39268,34.056951],[134.392607,34.056832],[134.39242,34.056696],[134.392388,34.056628],[134.392396,34.056439],[134.39223,34.056277],[134.392094,34.056132],[134.392001,34.056125],[134.391827,34.05622],[134.391658,34.05629],[134.391539,34.056257],[134.391464,34.056159],[134.391462,34.056035],[134.391537,34.055739],[134.39162,34.055712],[134.392034,34.055763],[134.39217,34.055711],[134.39221,34.055591],[134.392106,34.055459],[134.392015,34.055126],[134.391947,34.055062],[134.391761,34.05494],[134.391732,34.054792],[134.391819,34.054594],[134.391939,34.054507],[134.392337,34.054367],[134.392485,34.054288],[134.39251,34.054254],[134.392478,34.054211],[134.392274,34.054076],[134.392138,34.053898],[134.392032,34.053692],[134.391961,34.05343],[134.391948,34.053298],[134.392007,34.052822],[134.391989,34.052762],[134.391917,34.052736],[134.39183,34.052739],[134.391343,34.052891],[134.391304,34.052888],[134.391295,34.05278],[134.391325,34.052703],[134.391486,34.052558],[134.391612,34.052518],[134.391751,34.052522],[134.391887,34.052487],[134.391988,34.052361],[134.391992,34.052238],[134.392014,34.052106],[134.392303,34.051892],[134.392394,34.051771],[134.392408,34.051759],[134.392479,34.0517],[134.392542,34.051695],[134.392632,34.051733],[134.39272,34.051782],[134.393049,34.051772]]]},"properties":{"S_NAME":"鴨島町","HCODE":8101}},{"type":"Feature","geometry":{"type":"Polygon","coordinates":[[[134.363913,34.070364],[134.363172,34.070359],[134.362235,34.070356],[134.361877,34.070383],[134.361561,34.070421],[134.361133,34.070529],[134.360646,34.07066],[134.360047,34.070962],[134.359732,34.070424],[134.359445,34.070029],[134.360135,34.06867],[134.360515,34.068766],[134.360518,34.068658],[134.360419,34.06813],[134.36067,34.067713],[134.360687,34.067534],[134.360652,34.067392],[134.361303,34.067157],[134.361371,34.06708],[134.361631,34.06674],[134.361779,34.06655],[134.361837,34.06637],[134.361874,34.066268],[134.361908,34.066121],[134.362521,34.066138],[134.363155,34.066067],[134.363477,34.066005],[134.363925,34.065866],[134.363881,34.06566],[134.363829,34.065439],[134.363833,34.064753],[134.363848,34.064641],[134.364036,34.064075],[134.363333,34.063834],[134.363349,34.063769],[134.363486,34.063826],[134.363912,34.063818],[134.363994,34.063679],[134.36422,34.063659],[134.364441,34.063598],[134.364556,34.063441],[134.36451,34.063234],[134.36458,34.063086],[134.364601,34.062929],[134.364494,34.062801],[134.364508,34.062566],[134.364541,34.062543],[134.364779,34.062537],[134.364907,34.062596],[134.365135,34.062603],[134.365333,34.062533],[134.365944,34.062071],[134.366042,34.061975],[134.366075,34.061838],[134.366102,34.061751],[134.366201,34.061568],[134.366306,34.061436],[134.366573,34.061344],[134.366825,34.061192],[134.367082,34.061112],[134.367382,34.061086],[134.367584,34.061114],[134.367869,34.061083],[134.368095,34.061099],[134.368232,34.061153],[134.368366,34.061291],[134.368425,34.061305],[134.368588,34.061292],[134.368662,34.061326],[134.368809,34.061503],[134.368904,34.061621],[134.36913,34.061821],[134.369312,34.06195],[134.369635,34.062352],[134.369675,34.062479],[134.369674,34.062722],[134.369655,34.062968],[134.369634,34.06312],[134.369575,34.063235],[134.36927,34.06356],[134.369253,34.063661],[134.369281,34.06374],[134.369309,34.063793],[134.369407,34.063859],[134.369658,34.063912],[134.369912,34.064013],[134.370136,34.064168],[134.370966,34.064508],[134.372104,34.065067],[134.372586,34.065173],[134.373136,34.065323],[134.373249,34.065407],[134.373543,34.065764],[134.37364,34.065899],[134.373459,34.066306],[134.372374,34.067063],[134.372257,34.067079],[134.370542,34.067388],[134.37048,34.06747],[134.370397,34.067595],[134.369967,34.067704],[134.369959,34.067416],[134.369865,34.067126],[134.369689,34.066531],[134.369657,34.066141],[134.369662,34.065739],[134.3692,34.065896],[134.368843,34.065936],[134.36843,34.065971],[134.367491,34.065885],[134.367336,34.06591],[134.367204,34.06597],[134.366864,34.066263],[134.366809,34.066346],[134.366431,34.066328],[134.366211,34.066337],[134.365557,34.066323],[134.365066,34.066301],[134.364998,34.066513],[134.36508,34.066981],[134.365126,34.067649],[134.364901,34.068475],[134.363867,34.068441],[134.363895,34.068667],[134.363879,34.068795],[134.363794,34.068866],[134.363878,34.069583],[134.363913,34.070364]]]},"properties":{"S_NAME":"鴨島町","HCODE":8101}},{"type":"Feature","geometry":{"type":"Polygon","coordinates":[[[134.374019,34.067126],[134.373725,34.067328],[134.373733,34.067462],[134.37376,34.067653],[134.373815,34.068074],[134.373819,34.068319],[134.37379,34.068551],[134.373773,34.068702],[134.373816,34.068793],[134.373945,34.069154],[134.374022,34.069334],[134.374084,34.069457],[134.374097,34.06953],[134.374044,34.06961],[134.373923,34.069667],[134.373953,34.069782],[134.374027,34.069965],[134.374168,34.070312],[134.374268,34.070614],[134.372759,34.070637],[134.372777,34.070935],[134.372846,34.071185],[134.372957,34.07141],[134.372992,34.071553],[134.373108,34.072044],[134.373123,34.072232],[134.373173,34.072428],[134.373262,34.07264],[134.373347,34.072705],[134.373471,34.072917],[134.373599,34.073128],[134.373692,34.073291],[134.373761,34.073478],[134.373799,34.073657],[134.373805,34.073835],[134.373791,34.074117],[134.373818,34.074297],[134.372487,34.074275],[134.372202,34.074268],[134.372008,34.074269],[134.371764,34.074261],[134.371375,34.074183],[134.370993,34.074041],[134.370574,34.073772],[134.369935,34.073362],[134.36958,34.073162],[134.368489,34.072576],[134.367463,34.072093],[134.36694,34.071806],[134.366273,34.07133],[134.365569,34.070916],[134.365294,34.070786],[134.364593,34.070564],[134.363913,34.070364],[134.363878,34.069583],[134.363794,34.068866],[134.363879,34.068795],[134.363895,34.068667],[134.363867,34.068441],[134.364901,34.068475],[134.365126,34.067649],[134.36508,34.066981],[134.364998,34.066513],[134.365066,34.066301],[134.365557,34.066323],[134.366211,34.066337],[134.366431,34.066328],[134.366809,34.066346],[134.366864,34.066263],[134.367204,34.06597],[134.367336,34.06591],[134.367491,34.065885],[134.36843,34.065971],[134.368843,34.065936],[134.3692,34.065896],[134.369662,34.065739],[134.369657,34.066141],[134.369689,34.066531],[134.369865,34.067126],[134.369959,34.067416],[134.369967,34.067704],[134.370397,34.067595],[134.37048,34.06747],[134.370542,34.067388],[134.372257,34.067079],[134.372374,34.067063],[134.373459,34.066306],[134.37364,34.065899],[134.373778,34.06616],[134.373835,34.066334],[134.373906,34.066631],[134.373963,34.066888],[134.374019,34.067126]]]},"properties":{"S_NAME":"鴨島町","HCODE":8101}},{"type":"Feature","geometry":{"type":"Polygon","coordinates":[[[134.393049,34.051772],[134.39272,34.051782],[134.392632,34.051733],[134.392542,34.051695],[134.392479,34.0517],[134.392408,34.051759],[134.392394,34.051771],[134.392303,34.051892],[134.392014,34.052106],[134.391992,34.052238],[134.391988,34.052361],[134.391887,34.052487],[134.391751,34.052522],[134.391612,34.052518],[134.391486,34.052558],[134.391325,34.052703],[134.391295,34.05278],[134.391304,34.052888],[134.391343,34.052891],[134.39183,34.052739],[134.391917,34.052736],[134.391989,34.052762],[134.392007,34.052822],[134.391948,34.053298],[134.391961,34.05343],[134.392032,34.053692],[134.392138,34.053898],[134.392274,34.054076],[134.392478,34.054211],[134.39251,34.054254],[134.392485,34.054288],[134.392337,34.054367],[134.391939,34.054507],[134.391819,34.054594],[134.391732,34.054792],[134.391761,34.05494],[134.391947,34.055062],[134.392015,34.055126],[134.392106,34.055459],[134.39221,34.055591],[134.39217,34.055711],[134.392034,34.055763],[134.39162,34.055712],[134.391537,34.055739],[134.391462,34.056035],[134.391464,34.056159],[134.391539,34.056257],[134.391658,34.05629],[134.391827,34.05622],[134.392001,34.056125],[134.392094,34.056132],[134.39223,34.056277],[134.392396,34.056439],[134.392388,34.056628],[134.39242,34.056696],[134.392607,34.056832],[134.39268,34.056951],[134.392764,34.057054],[134.393033,34.057167],[134.393138,34.057295],[134.393259,34.057569],[134.39324,34.057766],[134.393283,34.057869],[134.39334,34.057915],[134.393527,34.058098],[134.393643,34.058282],[134.393676,34.058452],[134.393654,34.058539],[134.39357,34.058596],[134.393482,34.058619],[134.393152,34.058552],[134.392884,34.058579],[134.392796,34.058554],[134.392607,34.058409],[134.392449,34.058372],[134.392323,34.058389],[134.391995,34.058547],[134.391924,34.058631],[134.391806,34.058929],[134.391719,34.058991],[134.391486,34.059056],[134.391205,34.059161],[134.390707,34.059436],[134.390277,34.059754],[134.390026,34.059874],[134.389894,34.05968],[134.389839,34.059592],[134.389627,34.059472],[134.389496,34.059394],[134.389442,34.059295],[134.389481,34.059091],[134.389491,34.058925],[134.389429,34.058843],[134.389264,34.058784],[134.388905,34.058869],[134.388518,34.058901],[134.388223,34.058861],[134.388046,34.05877],[134.387677,34.058225],[134.387748,34.059197],[134.387778,34.059381],[134.387818,34.059467],[134.387885,34.059536],[134.38799,34.059575],[134.388169,34.059563],[134.388495,34.059459],[134.388522,34.05948],[134.38847,34.059535],[134.388197,34.059697],[134.387962,34.059797],[134.387932,34.059848],[134.388102,34.05985],[134.388251,34.059882],[134.388335,34.059954],[134.388427,34.060048],[134.388705,34.060275],[134.388815,34.060375],[134.388815,34.060408],[134.388772,34.060419],[134.388609,34.060312],[134.388381,34.060172],[134.388284,34.060089],[134.388169,34.060028],[134.388095,34.06001],[134.388043,34.06008],[134.387993,34.06024],[134.387784,34.060368],[134.387723,34.060438],[134.387677,34.06052],[134.387415,34.060628],[134.387246,34.060669],[134.387144,34.060585],[134.387096,34.060445],[134.387212,34.060151],[134.387339,34.059855],[134.387239,34.059923],[134.387139,34.060036],[134.386977,34.060082],[134.38685,34.060139],[134.386757,34.060297],[134.386792,34.060431],[134.386739,34.060521],[134.386506,34.06082],[134.387435,34.06125],[134.387429,34.061634],[134.387417,34.061803],[134.38746,34.062032],[134.386826,34.062059],[134.3862,34.062126],[134.385631,34.062228],[134.385407,34.062712],[134.385415,34.06288],[134.385545,34.063002],[134.385614,34.063159],[134.385906,34.063347],[134.386062,34.063332],[134.386145,34.063303],[134.38626,34.063347],[134.386539,34.063592],[134.386723,34.063832],[134.38682,34.064039],[134.387141,34.064423],[134.387244,34.064619],[134.387428,34.064819],[134.387645,34.06493],[134.387923,34.065029],[134.388134,34.065206],[134.388533,34.065361],[134.38873,34.065483],[134.388899,34.065515],[134.389237,34.065641],[134.389428,34.065797],[134.389617,34.065841],[134.389712,34.06589],[134.389733,34.065957],[134.389606,34.066104],[134.389495,34.066091],[134.38932,34.066137],[134.389158,34.066121],[134.389023,34.066134],[134.388916,34.066185],[134.388825,34.066483],[134.388704,34.066512],[134.388354,34.066609],[134.388186,34.0667],[134.388085,34.066822],[134.387948,34.067111],[134.387402,34.067149],[134.38652,34.067329],[134.386372,34.067308],[134.386286,34.067437],[134.38548,34.067179],[134.385041,34.067062],[134.384386,34.066955],[134.384114,34.0672],[134.383995,34.067275],[134.38393,34.067241],[134.383776,34.067184],[134.383648,34.067158],[134.383533,34.067168],[134.383461,34.067224],[134.383419,34.067307],[134.383411,34.067553],[134.383373,34.067622],[134.383148,34.067751],[134.38313,34.067864],[134.383184,34.067939],[134.383362,34.067994],[134.383473,34.067969],[134.383658,34.067764],[134.383694,34.067769],[134.383739,34.067905],[134.38376,34.068053],[134.383518,34.068855],[134.383291,34.07024],[134.383268,34.07028],[134.383157,34.070348],[134.382865,34.070485],[134.382499,34.070557],[134.382176,34.070604],[134.381925,34.070635],[134.381716,34.070664],[134.381457,34.07068],[134.381189,34.070675],[134.381038,34.070641],[134.380719,34.070574],[134.380333,34.070472],[134.380173,34.070417],[134.379634,34.070073],[134.379138,34.069819],[134.378675,34.069614],[134.378143,34.0694],[134.376351,34.06867],[134.375546,34.06834],[134.375315,34.068293],[134.375064,34.068257],[134.374835,34.068176],[134.374612,34.06807],[134.374435,34.067946],[134.374316,34.067815],[134.374154,34.067524],[134.374019,34.067126],[134.373963,34.066888],[134.373906,34.066631],[134.373835,34.066334],[134.373778,34.06616],[134.37364,34.065899],[134.373543,34.065764],[134.373249,34.065407],[134.373136,34.065323],[134.372586,34.065173],[134.372104,34.065067],[134.370966,34.064508],[134.370136,34.064168],[134.369912,34.064013],[134.369658,34.063912],[134.369407,34.063859],[134.369309,34.063793],[134.369281,34.06374],[134.369253,34.063661],[134.36927,34.06356],[134.369575,34.063235],[134.369634,34.06312],[134.369655,34.062968],[134.369674,34.062722],[134.369675,34.062479],[134.369635,34.062352],[134.369312,34.06195],[134.36913,34.061821],[134.368904,34.061621],[134.369099,34.061475],[134.369307,34.06142],[134.371044,34.061601],[134.37129,34.060748],[134.371482,34.060758],[134.371629,34.059747],[134.371918,34.058017],[134.371995,34.05741],[134.37204,34.057322],[134.372124,34.05726],[134.372132,34.057223],[134.371898,34.057047],[134.371849,34.056971],[134.371766,34.056695],[134.371771,34.056537],[134.371739,34.056326],[134.371738,34.05618],[134.371768,34.055961],[134.371791,34.055634],[134.37173,34.055557],[134.371631,34.055496],[134.371562,34.05547],[134.371569,34.055355],[134.371608,34.055324],[134.371817,34.055323],[134.371822,34.055228],[134.371709,34.055051],[134.371621,34.054881],[134.371499,34.054774],[134.371434,34.054686],[134.371355,34.054516],[134.371197,34.054286],[134.370867,34.053926],[134.370649,34.053586],[134.370415,34.053305],[134.370224,34.053177],[134.370066,34.053031],[134.369916,34.052981],[134.369826,34.052781],[134.369716,34.052412],[134.369734,34.052197],[134.36969,34.0521],[134.369453,34.051878],[134.369234,34.051445],[134.369162,34.051243],[134.369157,34.050767],[134.369246,34.050335],[134.369311,34.050137],[134.369338,34.049955],[134.369442,34.049146],[134.36954,34.048831],[134.369601,34.048471],[134.369862,34.04815],[134.370143,34.047717],[134.370214,34.04757],[134.370157,34.047562],[134.369965,34.047647],[134.36977,34.047752],[134.369556,34.047818],[134.3694,34.047781],[134.369262,34.047717],[134.36904,34.047649],[134.368604,34.047592],[134.368623,34.047554],[134.36889,34.047552],[134.368837,34.047499],[134.368608,34.047392],[134.368588,34.047354],[134.368672,34.047316],[134.369049,34.047243],[134.369186,34.04722],[134.369146,34.047171],[134.368911,34.047135],[134.368537,34.046819],[134.368638,34.046471],[134.368662,34.046298],[134.368817,34.046221],[134.369133,34.046216],[134.369233,34.045793],[134.369381,34.045608],[134.369476,34.045418],[134.369504,34.045269],[134.369798,34.045017],[134.369958,34.044837],[134.370004,34.044693],[134.369966,34.04453],[134.369977,34.044435],[134.370084,34.04439],[134.370483,34.044325],[134.370763,34.044311],[134.370935,34.043931],[134.371146,34.043632],[134.371384,34.043158],[134.371427,34.043052],[134.371672,34.042683],[134.370612,34.042941],[134.370529,34.043019],[134.370465,34.043138],[134.370334,34.043161],[134.370297,34.043146],[134.370264,34.043096],[134.370285,34.043021],[134.370521,34.042788],[134.370659,34.042576],[134.370714,34.042369],[134.370846,34.042115],[134.370987,34.041943],[134.3712,34.041755],[134.371387,34.041574],[134.371457,34.041402],[134.371481,34.041194],[134.371631,34.040924],[134.371735,34.040625],[134.371831,34.040334],[134.371891,34.040072],[134.371925,34.039849],[134.372006,34.039479],[134.372103,34.039329],[134.372278,34.039174],[134.372379,34.039288],[134.372684,34.039476],[134.373185,34.039644],[134.373357,34.039666],[134.373572,34.039751],[134.373812,34.039778],[134.374088,34.039824],[134.374223,34.03987],[134.374375,34.039921],[134.374421,34.039958],[134.374633,34.040129],[134.374644,34.040138],[134.374673,34.040164],[134.374901,34.040369],[134.37514,34.040526],[134.375231,34.040577],[134.375391,34.040667],[134.375595,34.040782],[134.375643,34.040809],[134.375804,34.040965],[134.375889,34.041025],[134.375953,34.041071],[134.376087,34.041184],[134.376109,34.041202],[134.376192,34.041357],[134.376275,34.041513],[134.376406,34.041609],[134.376622,34.041665],[134.376995,34.041643],[134.377007,34.041642],[134.377103,34.041633],[134.377183,34.041626],[134.377205,34.041624],[134.377216,34.041627],[134.377439,34.04169],[134.377641,34.041729],[134.377733,34.041747],[134.3779,34.041798],[134.378025,34.041839],[134.378086,34.041859],[134.378241,34.04199],[134.378403,34.042146],[134.378623,34.042194],[134.378714,34.042213],[134.378764,34.042229],[134.378984,34.0423],[134.37926,34.042412],[134.379387,34.042484],[134.379473,34.042532],[134.379572,34.042722],[134.37966,34.042902],[134.379672,34.043082],[134.379673,34.043088],[134.379689,34.043251],[134.379707,34.043424],[134.379784,34.043595],[134.379915,34.043657],[134.380035,34.043738],[134.380198,34.043791],[134.380513,34.043762],[134.380746,34.04379],[134.380807,34.043797],[134.380862,34.043822],[134.381166,34.043957],[134.381429,34.044023],[134.381449,34.044028],[134.381695,34.044044],[134.38183,34.044053],[134.38233,34.044114],[134.382625,34.044239],[134.382646,34.044247],[134.382919,34.044354],[134.383473,34.044424],[134.38372,34.044461],[134.383822,34.044476],[134.383897,34.044505],[134.38405,34.044565],[134.384334,34.044789],[134.384682,34.044796],[134.385095,34.044848],[134.385455,34.044927],[134.385566,34.044964],[134.385561,34.045026],[134.385584,34.045191],[134.385612,34.045381],[134.385644,34.045468],[134.385701,34.045627],[134.385727,34.045664],[134.385772,34.045732],[134.386149,34.045944],[134.386437,34.046041],[134.386514,34.046056],[134.386575,34.046069],[134.386797,34.046113],[134.387031,34.04618],[134.387294,34.046241],[134.387334,34.046546],[134.387434,34.046907],[134.387564,34.047198],[134.387657,34.047374],[134.387677,34.047413],[134.387916,34.047635],[134.388007,34.047679],[134.388197,34.047771],[134.388323,34.047842],[134.388484,34.047998],[134.388592,34.048141],[134.388597,34.048149],[134.388607,34.048166],[134.388674,34.048279],[134.388788,34.04843],[134.389033,34.048546],[134.389042,34.04855],[134.389273,34.048638],[134.389519,34.048689],[134.389694,34.04873],[134.389717,34.048735],[134.389872,34.048801],[134.389968,34.048877],[134.390105,34.049063],[134.390333,34.049104],[134.390542,34.0492],[134.390949,34.049408],[134.390976,34.049419],[134.391261,34.04954],[134.391458,34.049781],[134.391672,34.050032],[134.391941,34.050314],[134.39218,34.05047],[134.392467,34.050632],[134.392572,34.0507],[134.392728,34.050807],[134.392825,34.051029],[134.392871,34.051294],[134.392935,34.051569],[134.392973,34.051636],[134.393035,34.051746],[134.393042,34.05176],[134.393049,34.051772]]]},"properties":{"S_NAME":"鴨島町","HCODE":8101}},{"type":"Feature","geometry":{"type":"Polygon","coordinates":[[[134.368904,34.061621],[134.368809,34.061503],[134.368662,34.061326],[134.368588,34.061292],[134.368425,34.061305],[134.368366,34.061291],[134.368232,34.061153],[134.368095,34.061099],[134.367869,34.061083],[134.367584,34.061114],[134.367382,34.061086],[134.367082,34.061112],[134.366825,34.061192],[134.366573,34.061344],[134.366306,34.061436],[134.366201,34.061568],[134.366102,34.061751],[134.366075,34.061838],[134.366042,34.061975],[134.365944,34.062071],[134.365333,34.062533],[134.365135,34.062603],[134.364907,34.062596],[134.364779,34.062537],[134.364541,34.062543],[134.364508,34.062566],[134.364494,34.062801],[134.364601,34.062929],[134.36458,34.063086],[134.36451,34.063234],[134.364556,34.063441],[134.364441,34.063598],[134.36422,34.063659],[134.363994,34.063679],[134.363912,34.063818],[134.363486,34.063826],[134.363349,34.063769],[134.363082,34.063637],[134.362894,34.063597],[134.362666,34.063507],[134.362394,34.063449],[134.362115,34.063267],[134.361964,34.063176],[134.361665,34.062561],[134.361667,34.062252],[134.36159,34.062025],[134.361534,34.06191],[134.361471,34.061736],[134.361431,34.061584],[134.361347,34.061514],[134.3613,34.061377],[134.361298,34.061194],[134.361417,34.060909],[134.361481,34.060546],[134.361557,34.060131],[134.361588,34.059846],[134.361448,34.059334],[134.361441,34.059081],[134.361515,34.058902],[134.361606,34.058439],[134.361516,34.05833],[134.361585,34.058084],[134.36176,34.058021],[134.361787,34.057779],[134.361797,34.05754],[134.361884,34.05737],[134.361893,34.057195],[134.361925,34.057089],[134.361827,34.056749],[134.361959,34.056647],[134.361728,34.056248],[134.361954,34.056159],[134.361962,34.056019],[134.36189,34.055632],[134.361875,34.055392],[134.362061,34.054803],[134.361799,34.053738],[134.361516,34.053108],[134.361455,34.052748],[134.361404,34.052343],[134.361221,34.051794],[134.36118,34.051616],[134.361171,34.051339],[134.361124,34.051114],[134.361248,34.050925],[134.361277,34.050632],[134.361149,34.050393],[134.36106,34.050336],[134.360918,34.050277],[134.360741,34.050205],[134.360608,34.050101],[134.360607,34.049992],[134.360732,34.049881],[134.360781,34.049792],[134.36078,34.049672],[134.361182,34.04912],[134.361271,34.049035],[134.36133,34.048981],[134.361589,34.048878],[134.361595,34.048757],[134.361565,34.048588],[134.361618,34.048273],[134.361703,34.048104],[134.361708,34.047664],[134.361759,34.047291],[134.36182,34.046976],[134.361506,34.04672],[134.361307,34.046609],[134.361218,34.04648],[134.361188,34.046094],[134.361071,34.046003],[134.360968,34.046007],[134.360566,34.046147],[134.360406,34.046174],[134.360291,34.046253],[134.360123,34.046519],[134.359837,34.046635],[134.359679,34.046764],[134.359579,34.046798],[134.359469,34.046781],[134.359437,34.046724],[134.35948,34.046669],[134.359723,34.046574],[134.360012,34.046348],[134.36005,34.046295],[134.360121,34.046078],[134.360229,34.045993],[134.360634,34.045783],[134.360771,34.045575],[134.360984,34.045426],[134.361157,34.045049],[134.361245,34.044933],[134.36117,34.044634],[134.361233,34.044581],[134.361346,34.044596],[134.361648,34.044774],[134.361841,34.045031],[134.361917,34.045052],[134.362028,34.04496],[134.36204,34.044878],[134.361996,34.04483],[134.36168,34.044638],[134.361348,34.044336],[134.361212,34.044172],[134.361036,34.043772],[134.360892,34.043634],[134.360748,34.043434],[134.360682,34.043263],[134.360655,34.043068],[134.360296,34.043007],[134.360098,34.043002],[134.359949,34.04303],[134.359821,34.043034],[134.359575,34.042963],[134.359307,34.04284],[134.359018,34.042756],[134.359012,34.042844],[134.359038,34.042914],[134.359171,34.043034],[134.359242,34.04314],[134.359257,34.043213],[134.359218,34.043302],[134.359137,34.043576],[134.359064,34.043641],[134.35895,34.043626],[134.358902,34.043566],[134.35889,34.043444],[134.358916,34.043067],[134.358871,34.043006],[134.358571,34.042806],[134.358254,34.042577],[134.35818,34.042504],[134.358181,34.042412],[134.358632,34.042303],[134.358768,34.042185],[134.358859,34.042055],[134.358852,34.041692],[134.35881,34.04163],[134.35875,34.041622],[134.35869,34.041676],[134.3586,34.042054],[134.358394,34.042091],[134.357883,34.042052],[134.357722,34.042137],[134.357569,34.042519],[134.357589,34.042901],[134.357527,34.042982],[134.357317,34.043059],[134.357175,34.043128],[134.356996,34.043245],[134.356847,34.043312],[134.356772,34.043278],[134.356767,34.04319],[134.356819,34.043125],[134.356966,34.043038],[134.357133,34.042976],[134.357229,34.042894],[134.357262,34.042781],[134.35721,34.042442],[134.35725,34.042159],[134.357143,34.041963],[134.357157,34.041864],[134.35725,34.041807],[134.357519,34.041677],[134.357606,34.041566],[134.357585,34.040985],[134.357497,34.040827],[134.357012,34.040495],[134.356981,34.040448],[134.357009,34.040127],[134.356161,34.039052],[134.356037,34.038918],[134.355985,34.038784],[134.355961,34.038589],[134.355982,34.038436],[134.35625,34.037947],[134.356429,34.037641],[134.356414,34.03746],[134.356507,34.037445],[134.356574,34.037365],[134.356734,34.036953],[134.356798,34.036919],[134.356882,34.036902],[134.356945,34.036882],[134.357069,34.036837],[134.357205,34.036779],[134.357354,34.036675],[134.357635,34.036385],[134.357971,34.036131],[134.358274,34.035986],[134.359454,34.03507],[134.359735,34.034807],[134.359752,34.034767],[134.359844,34.034618],[134.359855,34.034443],[134.359832,34.034397],[134.359784,34.034288],[134.359756,34.034206],[134.359753,34.034147],[134.359769,34.034095],[134.35978,34.03407],[134.359857,34.03398],[134.359944,34.033883],[134.360039,34.033736],[134.360097,34.033589],[134.360141,34.033394],[134.36015,34.033355],[134.360275,34.033168],[134.360335,34.0331],[134.36068,34.032811],[134.360719,34.032774],[134.361002,34.032505],[134.361155,34.032359],[134.361354,34.032264],[134.361399,34.032249],[134.361515,34.032214],[134.361622,34.032181],[134.361938,34.032072],[134.362133,34.031919],[134.362238,34.031688],[134.362242,34.031677],[134.362316,34.031416],[134.362407,34.031164],[134.362506,34.031003],[134.362666,34.030895],[134.362948,34.030897],[134.363059,34.030927],[134.363317,34.031052],[134.363466,34.031108],[134.363576,34.031137],[134.363708,34.031148],[134.363846,34.031137],[134.363934,34.031113],[134.363985,34.03108],[134.364011,34.031032],[134.364058,34.030882],[134.364126,34.030746],[134.364211,34.03065],[134.364286,34.030587],[134.364349,34.030514],[134.364387,34.030476],[134.364429,34.03044],[134.364519,34.030378],[134.364615,34.030308],[134.364652,34.030286],[134.364685,34.030269],[134.364775,34.030226],[134.364872,34.030175],[134.364947,34.030118],[134.365062,34.030013],[134.36513,34.029949],[134.365166,34.029905],[134.365232,34.029816],[134.365248,34.029787],[134.365255,34.029766],[134.365258,34.029736],[134.365255,34.029657],[134.365248,34.029611],[134.365235,34.029575],[134.365218,34.029539],[134.365184,34.029482],[134.365147,34.029433],[134.365094,34.029374],[134.365072,34.029335],[134.365067,34.029295],[134.365073,34.029263],[134.365094,34.029193],[134.365107,34.02915],[134.365125,34.029131],[134.365182,34.029152],[134.365302,34.029186],[134.365437,34.029226],[134.365545,34.029271],[134.365631,34.02932],[134.365737,34.029384],[134.365799,34.029417],[134.365849,34.02944],[134.365888,34.029449],[134.36592,34.029452],[134.365994,34.029455],[134.366111,34.029465],[134.366252,34.029471],[134.366307,34.029475],[134.366402,34.029472],[134.366495,34.029446],[134.366604,34.029424],[134.366705,34.029396],[134.366799,34.029374],[134.36684,34.029371],[134.366878,34.029375],[134.366906,34.029386],[134.366928,34.029406],[134.366982,34.029474],[134.367042,34.029556],[134.367109,34.029659],[134.367173,34.029747],[134.367209,34.029787],[134.367251,34.029829],[134.367365,34.029935],[134.367504,34.030063],[134.367608,34.030161],[134.367709,34.030248],[134.367763,34.030286],[134.367821,34.030322],[134.367884,34.030354],[134.367941,34.030378],[134.36799,34.030391],[134.368037,34.0304],[134.368086,34.030412],[134.368135,34.030429],[134.36821,34.030466],[134.368613,34.030704],[134.368652,34.030732],[134.368678,34.030761],[134.368703,34.030807],[134.368737,34.030921],[134.368845,34.031188],[134.368903,34.031323],[134.368961,34.031392],[134.369053,34.031449],[134.369251,34.031521],[134.369466,34.031567],[134.370019,34.031789],[134.370165,34.031851],[134.370255,34.031896],[134.370413,34.031999],[134.370488,34.032082],[134.370533,34.032133],[134.370524,34.032395],[134.37058,34.032692],[134.370589,34.032809],[134.370604,34.033016],[134.370693,34.033394],[134.370801,34.033659],[134.370825,34.033718],[134.370841,34.033741],[134.370942,34.033893],[134.371011,34.033996],[134.371086,34.03407],[134.371106,34.034124],[134.371231,34.034259],[134.371334,34.034307],[134.371738,34.034561],[134.371857,34.034659],[134.372099,34.034822],[134.372198,34.034923],[134.372308,34.035074],[134.372374,34.035168],[134.372399,34.035235],[134.3724,34.035267],[134.372391,34.035288],[134.372308,34.035367],[134.372291,34.035386],[134.372251,34.035421],[134.372235,34.035446],[134.372214,34.035495],[134.372195,34.035554],[134.372165,34.03568],[134.372149,34.035782],[134.372143,34.035864],[134.372143,34.035984],[134.372139,34.036148],[134.372122,34.036306],[134.372097,34.03642],[134.372079,34.036479],[134.372044,34.036581],[134.37203,34.036632],[134.37202,34.036681],[134.372021,34.036719],[134.372029,34.03676],[134.372052,34.036826],[134.37208,34.036895],[134.372109,34.036967],[134.372116,34.036998],[134.372108,34.037029],[134.372093,34.03705],[134.37206,34.037089],[134.372042,34.037116],[134.372,34.037194],[134.371969,34.037257],[134.371954,34.037289],[134.371946,34.037321],[134.371937,34.037361],[134.371929,34.037398],[134.371926,34.037426],[134.371931,34.037454],[134.371942,34.037483],[134.37196,34.037515],[134.371973,34.037547],[134.371991,34.037586],[134.372014,34.03763],[134.372042,34.037676],[134.372075,34.037724],[134.37209,34.037747],[134.37211,34.037779],[134.372124,34.037803],[134.372144,34.037842],[134.372159,34.037886],[134.37216,34.037927],[134.372155,34.037959],[134.372153,34.037978],[134.372167,34.037997],[134.372308,34.03808],[134.37234,34.038106],[134.372368,34.038132],[134.372394,34.038165],[134.372408,34.038194],[134.37242,34.038233],[134.37242,34.038272],[134.372416,34.038309],[134.372374,34.038409],[134.372306,34.038592],[134.372295,34.038657],[134.372285,34.038737],[134.372279,34.038816],[134.372274,34.038951],[134.372278,34.039174],[134.372103,34.039329],[134.372006,34.039479],[134.371925,34.039849],[134.371891,34.040072],[134.371831,34.040334],[134.371735,34.040625],[134.371631,34.040924],[134.371481,34.041194],[134.371457,34.041402],[134.371387,34.041574],[134.3712,34.041755],[134.370987,34.041943],[134.370846,34.042115],[134.370714,34.042369],[134.370659,34.042576],[134.370521,34.042788],[134.370285,34.043021],[134.370264,34.043096],[134.370297,34.043146],[134.370334,34.043161],[134.370465,34.043138],[134.370529,34.043019],[134.370612,34.042941],[134.371672,34.042683],[134.371427,34.043052],[134.371384,34.043158],[134.371146,34.043632],[134.370935,34.043931],[134.370763,34.044311],[134.370483,34.044325],[134.370084,34.04439],[134.369977,34.044435],[134.369966,34.04453],[134.370004,34.044693],[134.369958,34.044837],[134.369798,34.045017],[134.369504,34.045269],[134.369476,34.045418],[134.369381,34.045608],[134.369233,34.045793],[134.369133,34.046216],[134.368817,34.046221],[134.368662,34.046298],[134.368638,34.046471],[134.368537,34.046819],[134.368911,34.047135],[134.369146,34.047171],[134.369186,34.04722],[134.369049,34.047243],[134.368672,34.047316],[134.368588,34.047354],[134.368608,34.047392],[134.368837,34.047499],[134.36889,34.047552],[134.368623,34.047554],[134.368604,34.047592],[134.36904,34.047649],[134.369262,34.047717],[134.3694,34.047781],[134.369556,34.047818],[134.36977,34.047752],[134.369965,34.047647],[134.370157,34.047562],[134.370214,34.04757],[134.370143,34.047717],[134.369862,34.04815],[134.369601,34.048471],[134.36954,34.048831],[134.369442,34.049146],[134.369338,34.049955],[134.369311,34.050137],[134.369246,34.050335],[134.369157,34.050767],[134.369162,34.051243],[134.369234,34.051445],[134.369453,34.051878],[134.36969,34.0521],[134.369734,34.052197],[134.369716,34.052412],[134.369826,34.052781],[134.369916,34.052981],[134.370066,34.053031],[134.370224,34.053177],[134.370415,34.053305],[134.370649,34.053586],[134.370867,34.053926],[134.371197,34.054286],[134.371355,34.054516],[134.371434,34.054686],[134.371499,34.054774],[134.371621,34.054881],[134.371709,34.055051],[134.371822,34.055228],[134.371817,34.055323],[134.371608,34.055324],[134.371569,34.055355],[134.371562,34.05547],[134.371631,34.055496],[134.37173,34.055557],[134.371791,34.055634],[134.371768,34.055961],[134.371738,34.05618],[134.371739,34.056326],[134.371771,34.056537],[134.371766,34.056695],[134.371849,34.056971],[134.371898,34.057047],[134.372132,34.057223],[134.372124,34.05726],[134.37204,34.057322],[134.371995,34.05741],[134.371918,34.058017],[134.371629,34.059747],[134.371482,34.060758],[134.37129,34.060748],[134.371044,34.061601],[134.369307,34.06142],[134.369099,34.061475],[134.368904,34.061621]]]},"properties":{"S_NAME":"鴨島町","HCODE":8101}},{"type":"Feature","geometry":{"type":"Polygon","coordinates":[[[134.351117,34.075953],[134.351007,34.075992],[134.350937,34.076008],[134.350782,34.07598],[134.350683,34.075973],[134.35059,34.075983],[134.350431,34.076024],[134.350383,34.076019],[134.350175,34.075978],[134.349841,34.075981],[134.34972,34.075976],[134.349627,34.075959],[134.349551,34.07596],[134.349439,34.075973],[134.349257,34.075967],[134.349119,34.075961],[134.348965,34.075975],[134.348656,34.075959],[134.348372,34.075963],[134.348089,34.075951],[134.347866,34.075951],[134.347747,34.075959],[134.347419,34.075969],[134.347314,34.075989],[134.347172,34.075981],[134.34713,34.075958],[134.347106,34.075895],[134.347052,34.07553],[134.346718,34.075492],[134.346593,34.075488],[134.346479,34.07549],[134.346317,34.075449],[134.346224,34.075436],[134.346123,34.075451],[134.34607,34.075476],[134.345914,34.075487],[134.345856,34.075461],[134.345772,34.07546],[134.345687,34.07547],[134.345636,34.075463],[134.345573,34.075448],[134.345524,34.075469],[134.345476,34.075471],[134.345402,34.075464],[134.345372,34.075482],[134.34515,34.075456],[134.34512,34.075437],[134.345065,34.075425],[134.344881,34.075407],[134.34475,34.075413],[134.344682,34.07541],[134.344193,34.075333],[134.343994,34.075296],[134.343582,34.07524],[134.343379,34.075216],[134.343169,34.075183],[134.342774,34.075089],[134.342729,34.075095],[134.342678,34.075083],[134.342364,34.074974],[134.342189,34.074919],[134.341856,34.074849],[134.341538,34.074796],[134.341584,34.074134],[134.341331,34.074061],[134.341062,34.073985],[134.340846,34.073908],[134.339773,34.073555],[134.339709,34.073543],[134.339192,34.073382],[134.338609,34.073201],[134.33808,34.07303],[134.337475,34.072844],[134.336772,34.072623],[134.33646,34.072518],[134.336099,34.072388],[134.33569,34.072226],[134.335473,34.072127],[134.335173,34.071973],[134.334588,34.071638],[134.334305,34.071749],[134.334252,34.072363],[134.334201,34.072749],[134.3341,34.073136],[134.333567,34.073145],[134.333528,34.073439],[134.333571,34.073566],[134.333642,34.073692],[134.333719,34.073812],[134.333817,34.073904],[134.334134,34.074113],[134.333043,34.073722],[134.332043,34.073371],[134.329917,34.072533],[134.329306,34.072243],[134.328486,34.071907],[134.327672,34.071574],[134.326911,34.071308],[134.325534,34.070878],[134.325274,34.070557],[134.325549,34.070259],[134.325556,34.070248],[134.325708,34.070016],[134.325931,34.069997],[134.326125,34.07001],[134.326488,34.070147],[134.327177,34.07016],[134.327604,34.070247],[134.327701,34.068555],[134.327714,34.067848],[134.327714,34.067833],[134.327712,34.067331],[134.327683,34.067173],[134.327718,34.066841],[134.327806,34.065716],[134.327808,34.065695],[134.327838,34.065503],[134.328019,34.065494],[134.328224,34.065464],[134.328247,34.065295],[134.328257,34.065292],[134.328319,34.065275],[134.328469,34.065286],[134.328642,34.065224],[134.329026,34.064956],[134.329113,34.06492],[134.329248,34.064915],[134.329379,34.064982],[134.329472,34.065122],[134.329623,34.065209],[134.329778,34.06522],[134.329956,34.065159],[134.330101,34.065182],[134.330265,34.065117],[134.331036,34.064692],[134.331175,34.064586],[134.331256,34.064481],[134.331318,34.064372],[134.3314,34.064304],[134.331609,34.064228],[134.3317,34.064139],[134.331733,34.06403],[134.331775,34.063881],[134.331822,34.063736],[134.331917,34.063615],[134.332032,34.06351],[134.332253,34.063412],[134.332495,34.06337],[134.332591,34.063321],[134.332619,34.063233],[134.33256,34.063104],[134.332404,34.06275],[134.332403,34.062662],[134.332431,34.062597],[134.332465,34.062533],[134.332606,34.062441],[134.332885,34.062319],[134.333049,34.062246],[134.333232,34.06218],[134.333395,34.062115],[134.333525,34.062045],[134.333563,34.061917],[134.333523,34.061812],[134.333474,34.061708],[134.333414,34.061588],[134.333394,34.061444],[134.33347,34.061331],[134.333595,34.061249],[134.33375,34.06117],[134.333883,34.061103],[134.334133,34.060981],[134.334402,34.060794],[134.334517,34.060665],[134.334593,34.060528],[134.334666,34.060388],[134.334742,34.06023],[134.334782,34.060154],[134.33738,34.060444],[134.337679,34.060489],[134.337768,34.060472],[134.338214,34.060243],[134.338356,34.060245],[134.339009,34.060539],[134.339247,34.062007],[134.339279,34.062209],[134.339443,34.063445],[134.33966,34.063396],[134.34016,34.063292],[134.341269,34.062965],[134.341948,34.062626],[134.342586,34.062325],[134.34368,34.061772],[134.343826,34.061685],[134.343929,34.061877],[134.344232,34.062017],[134.344339,34.062125],[134.344633,34.062604],[134.344908,34.062546],[134.34511,34.06254],[134.345349,34.062533],[134.346062,34.062492],[134.346583,34.062548],[134.347044,34.062802],[134.347661,34.063056],[134.347922,34.06313],[134.348439,34.063163],[134.348946,34.06324],[134.348751,34.064031],[134.348658,34.064362],[134.348576,34.064719],[134.348562,34.065527],[134.348455,34.06627],[134.348478,34.066603],[134.348685,34.067855],[134.348275,34.067903],[134.347932,34.067905],[134.347482,34.067947],[134.347596,34.068488],[134.346803,34.068518],[134.345836,34.068555],[134.345877,34.069033],[134.345953,34.069419],[134.346225,34.070403],[134.346401,34.070877],[134.346526,34.071082],[134.346586,34.071245],[134.34658,34.071497],[134.347264,34.071586],[134.347258,34.071659],[134.347436,34.071966],[134.347493,34.072112],[134.347698,34.072543],[134.347789,34.072792],[134.348015,34.073376],[134.348012,34.074001],[134.348416,34.073986],[134.348722,34.07399],[134.350973,34.074217],[134.351022,34.074441],[134.351147,34.075438],[134.351117,34.075953]]]},"properties":{"S_NAME":"鴨島町","HCODE":8101}},{"type":"Feature","geometry":{"type":"Polygon","coordinates":[[[134.348946,34.06324],[134.348439,34.063163],[134.347922,34.06313],[134.347661,34.063056],[134.347044,34.062802],[134.346583,34.062548],[134.346062,34.062492],[134.345349,34.062533],[134.34511,34.06254],[134.344908,34.062546],[134.344633,34.062604],[134.344339,34.062125],[134.344232,34.062017],[134.343929,34.061877],[134.343826,34.061685],[134.34368,34.061772],[134.342586,34.062325],[134.341948,34.062626],[134.341269,34.062965],[134.34016,34.063292],[134.33966,34.063396],[134.339443,34.063445],[134.339279,34.062209],[134.339247,34.062007],[134.339009,34.060539],[134.338356,34.060245],[134.338214,34.060243],[134.337768,34.060472],[134.337679,34.060489],[134.33738,34.060444],[134.334782,34.060154],[134.334873,34.059869],[134.334902,34.059734],[134.334946,34.059515],[134.334999,34.059283],[134.335068,34.059097],[134.335139,34.059025],[134.335678,34.058229],[134.335913,34.057873],[134.336042,34.057603],[134.336136,34.057374],[134.336231,34.057294],[134.336338,34.057263],[134.336498,34.057127],[134.336754,34.056963],[134.336878,34.056905],[134.336929,34.056829],[134.336961,34.056693],[134.336954,34.05656],[134.336958,34.056362],[134.336977,34.056057],[134.336982,34.055846],[134.337012,34.055668],[134.336861,34.055493],[134.336958,34.055292],[134.336979,34.054631],[134.33698,34.054317],[134.336932,34.054238],[134.336952,34.05407],[134.336822,34.053921],[134.336673,34.053501],[134.336532,34.053101],[134.336497,34.053037],[134.336419,34.052995],[134.336203,34.052882],[134.336064,34.052811],[134.335998,34.052693],[134.33603,34.052557],[134.336165,34.052408],[134.336343,34.052241],[134.336423,34.052147],[134.336461,34.052],[134.336425,34.051907],[134.336344,34.051772],[134.336252,34.051657],[134.336127,34.051526],[134.336,34.051367],[134.335884,34.051208],[134.335824,34.051065],[134.33577,34.050881],[134.335581,34.050739],[134.335543,34.050596],[134.335541,34.050309],[134.335547,34.050152],[134.335477,34.050001],[134.335388,34.049908],[134.335277,34.049738],[134.335221,34.049619],[134.335193,34.049433],[134.335187,34.049263],[134.335256,34.04895],[134.33505,34.048917],[134.33511,34.048514],[134.335176,34.048252],[134.335163,34.048208],[134.335098,34.048115],[134.334928,34.047957],[134.334139,34.047403],[134.333824,34.047156],[134.333616,34.046981],[134.333553,34.046912],[134.333535,34.046846],[134.333526,34.04681],[134.333551,34.04664],[134.333633,34.046457],[134.333791,34.0462],[134.333838,34.046131],[134.333812,34.045969],[134.333784,34.0459],[134.333734,34.045778],[134.333613,34.045461],[134.3336,34.045388],[134.333467,34.045001],[134.333456,34.044826],[134.333584,34.044574],[134.33361,34.044466],[134.33361,34.044387],[134.33347,34.044125],[134.333353,34.044029],[134.33324,34.043925],[134.333223,34.043772],[134.333271,34.04318],[134.333323,34.043083],[134.333469,34.042986],[134.333511,34.042889],[134.333441,34.042719],[134.332913,34.041662],[134.332753,34.041374],[134.332697,34.041059],[134.332676,34.040704],[134.332653,34.040319],[134.33261,34.040187],[134.332385,34.039812],[134.332276,34.039656],[134.332212,34.039554],[134.332105,34.039331],[134.332006,34.039064],[134.331981,34.038934],[134.332001,34.038803],[134.332052,34.038601],[134.33199,34.038433],[134.331908,34.0383],[134.331827,34.038185],[134.331709,34.038051],[134.331486,34.037877],[134.331273,34.037651],[134.331198,34.037459],[134.331179,34.037218],[134.331266,34.036959],[134.331312,34.03677],[134.331311,34.036586],[134.331298,34.036402],[134.331158,34.036149],[134.330977,34.035913],[134.330776,34.035801],[134.330585,34.035644],[134.330551,34.035461],[134.330549,34.035277],[134.330537,34.035119],[134.330499,34.034983],[134.33036,34.034791],[134.330233,34.03467],[134.330052,34.034531],[134.329798,34.034392],[134.329785,34.034303],[134.329775,34.034235],[134.329816,34.034112],[134.329952,34.034023],[134.330194,34.033951],[134.330446,34.03388],[134.330709,34.033817],[134.330877,34.03371],[134.331001,34.033517],[134.33111,34.033389],[134.33131,34.033291],[134.331434,34.033124],[134.331539,34.033009],[134.331654,34.032912],[134.332031,34.032716],[134.33223,34.032549],[134.33242,34.032096],[134.332583,34.031764],[134.332693,34.03156],[134.332763,34.031432],[134.332794,34.031384],[134.332845,34.031262],[134.332865,34.03114],[134.33289,34.031053],[134.332968,34.031014],[134.333172,34.031034],[134.33326,34.03102],[134.333429,34.03081],[134.333628,34.030686],[134.333743,34.030597],[134.333942,34.030412],[134.334349,34.030085],[134.33459,34.02989],[134.334726,34.029802],[134.334764,34.029771],[134.334853,34.029748],[134.334895,34.029774],[134.334926,34.0298],[134.334999,34.029995],[134.335167,34.030353],[134.335243,34.030491],[134.33533,34.030631],[134.335371,34.030706],[134.335411,34.030798],[134.335457,34.030917],[134.335488,34.030985],[134.335525,34.031049],[134.335566,34.031105],[134.335611,34.031156],[134.335657,34.031195],[134.335778,34.031287],[134.335853,34.031337],[134.335936,34.031379],[134.336036,34.031415],[134.336133,34.031441],[134.336224,34.031459],[134.336305,34.03147],[134.33638,34.031474],[134.336465,34.03147],[134.336575,34.031461],[134.336693,34.031446],[134.336912,34.031408],[134.337019,34.031402],[134.337188,34.031461],[134.337373,34.031538],[134.337639,34.031684],[134.337661,34.031695],[134.337904,34.031796],[134.338179,34.031869],[134.338362,34.031819],[134.338609,34.031758],[134.338922,34.031713],[134.339333,34.031674],[134.339766,34.031625],[134.340245,34.031638],[134.340611,34.031635],[134.341042,34.031687],[134.341491,34.031672],[134.341916,34.031622],[134.342205,34.031533],[134.34222,34.031529],[134.342519,34.031475],[134.342708,34.031487],[134.342789,34.031492],[134.342923,34.0316],[134.34293,34.031606],[134.342898,34.031688],[134.34289,34.031724],[134.342902,34.031818],[134.342934,34.031883],[134.342991,34.032004],[134.343033,34.032066],[134.343086,34.032117],[134.343155,34.032153],[134.343242,34.032179],[134.343348,34.032202],[134.343591,34.032259],[134.34374,34.032294],[134.343764,34.032307],[134.343778,34.032328],[134.343796,34.032363],[134.343842,34.032459],[134.343889,34.032549],[134.343923,34.032595],[134.343969,34.032646],[134.344087,34.03276],[134.344197,34.032854],[134.344206,34.032859],[134.344446,34.032971],[134.34449,34.032991],[134.344507,34.03299],[134.34452,34.032994],[134.344829,34.033102],[134.345102,34.03313],[134.345358,34.033153],[134.345417,34.033191],[134.345739,34.033408],[134.346765,34.034374],[134.346833,34.034461],[134.34688,34.034568],[134.346859,34.034725],[134.346639,34.035088],[134.34661,34.035214],[134.346581,34.035296],[134.346642,34.035358],[134.346809,34.035382],[134.347452,34.03546],[134.348065,34.035581],[134.348179,34.035612],[134.34827,34.035655],[134.348617,34.035958],[134.348861,34.036258],[134.349007,34.036439],[134.349038,34.036545],[134.349006,34.036744],[134.348933,34.036977],[134.348942,34.03714],[134.348982,34.037328],[134.349036,34.037504],[134.349101,34.037581],[134.349013,34.03804],[134.348943,34.038187],[134.348933,34.038358],[134.349005,34.038466],[134.349077,34.038583],[134.349043,34.038761],[134.348998,34.038948],[134.349119,34.039273],[134.349121,34.03945],[134.349028,34.039608],[134.348628,34.039867],[134.348452,34.040046],[134.348335,34.040224],[134.348261,34.040394],[134.348184,34.040471],[134.347995,34.040571],[134.347808,34.040769],[134.34757,34.041308],[134.347358,34.041408],[134.346969,34.041568],[134.346592,34.041807],[134.346405,34.042025],[134.346206,34.042253],[134.345899,34.042344],[134.345686,34.042375],[134.345361,34.042471],[134.345125,34.04261],[134.344939,34.042887],[134.344887,34.04303],[134.344795,34.043138],[134.344658,34.043196],[134.344547,34.043355],[134.344422,34.043417],[134.34416,34.043435],[134.343916,34.043484],[134.343499,34.043632],[134.343177,34.043818],[134.343126,34.043872],[134.343461,34.043982],[134.343668,34.044114],[134.343856,34.044268],[134.344309,34.044628],[134.344342,34.04474],[134.344389,34.044894],[134.34446,34.044969],[134.344493,34.045038],[134.344479,34.045249],[134.344423,34.045765],[134.344338,34.046236],[134.344251,34.046504],[134.344226,34.046611],[134.344282,34.046725],[134.344398,34.046799],[134.344552,34.046885],[134.344741,34.046886],[134.344912,34.04693],[134.345022,34.046999],[134.345087,34.047081],[134.345164,34.047132],[134.345592,34.047193],[134.345663,34.047171],[134.345922,34.047033],[134.346078,34.047054],[134.346191,34.047094],[134.346251,34.0472],[134.346253,34.047397],[134.34607,34.04769],[134.345953,34.047709],[134.345695,34.047675],[134.345527,34.047587],[134.345468,34.047583],[134.345474,34.047641],[134.345647,34.047765],[134.345782,34.047826],[134.345976,34.047901],[134.345998,34.04795],[134.345804,34.047906],[134.345428,34.047837],[134.345369,34.047833],[134.345241,34.047924],[134.34512,34.04817],[134.344917,34.048265],[134.344767,34.048306],[134.34445,34.048268],[134.344053,34.048244],[134.343973,34.048356],[134.344087,34.048383],[134.344205,34.048457],[134.344367,34.048586],[134.344454,34.048603],[134.344529,34.048611],[134.344972,34.048493],[134.345219,34.048423],[134.345394,34.048239],[134.345491,34.048221],[134.34562,34.04826],[134.345841,34.048384],[134.346159,34.048484],[134.346304,34.048474],[134.346431,34.048366],[134.346616,34.048039],[134.346913,34.048224],[134.347087,34.04847],[134.347263,34.048884],[134.347423,34.049324],[134.347661,34.049633],[134.347912,34.049826],[134.347915,34.05015],[134.348014,34.050682],[134.348001,34.050876],[134.348098,34.051291],[134.348283,34.051616],[134.348354,34.051886],[134.348459,34.052216],[134.348603,34.052636],[134.348885,34.052758],[134.349183,34.052924],[134.349435,34.053078],[134.349615,34.053188],[134.35004,34.053524],[134.350305,34.053788],[134.350526,34.054101],[134.350645,34.054379],[134.350707,34.054753],[134.350637,34.055056],[134.350575,34.055377],[134.350541,34.055625],[134.350544,34.055904],[134.35043,34.056164],[134.350424,34.056332],[134.350147,34.057599],[134.350092,34.058352],[134.350049,34.058409],[134.349961,34.059107],[134.349981,34.059312],[134.349857,34.0593],[134.349681,34.060003],[134.349407,34.061162],[134.34934,34.0614],[134.349075,34.062718],[134.348946,34.06324]]]},"properties":{"S_NAME":"鴨島町","HCODE":8101}},{"type":"Feature","geometry":{"type":"Polygon","coordinates":[[[134.363349,34.063769],[134.363333,34.063834],[134.364036,34.064075],[134.363848,34.064641],[134.363833,34.064753],[134.363829,34.065439],[134.363881,34.06566],[134.363925,34.065866],[134.363477,34.066005],[134.363155,34.066067],[134.362521,34.066138],[134.361908,34.066121],[134.361509,34.06597],[134.361511,34.065968],[134.361191,34.065819],[134.361009,34.065695],[134.360821,34.065556],[134.360629,34.06538],[134.360427,34.065223],[134.360252,34.065104],[134.360178,34.065051],[134.359867,34.064866],[134.359733,34.064803],[134.35969,34.064788],[134.359668,34.064775],[134.359341,34.06463],[134.359179,34.064557],[134.358938,34.064466],[134.358614,34.06433],[134.358555,34.06431],[134.358152,34.064195],[134.35725,34.063967],[134.356735,34.063891],[134.35654,34.063908],[134.356172,34.06394],[134.355952,34.063974],[134.355721,34.064051],[134.355359,34.06407],[134.355027,34.06417],[134.354704,34.064152],[134.353806,34.064217],[134.352893,34.064394],[134.352687,34.064408],[134.352476,34.064303],[134.352385,34.064076],[134.352292,34.064069],[134.351871,34.064088],[134.351656,34.064073],[134.35142,34.064005],[134.351131,34.063926],[134.350873,34.063857],[134.350271,34.063885],[134.350027,34.063903],[134.349658,34.063961],[134.349218,34.064053],[134.349145,34.064062],[134.349023,34.064173],[134.348946,34.06423],[134.348658,34.064362],[134.348751,34.064031],[134.348946,34.06324],[134.349075,34.062718],[134.34934,34.0614],[134.349407,34.061162],[134.349681,34.060003],[134.349857,34.0593],[134.349981,34.059312],[134.349961,34.059107],[134.350049,34.058409],[134.350092,34.058352],[134.350147,34.057599],[134.350424,34.056332],[134.35043,34.056164],[134.350544,34.055904],[134.350541,34.055625],[134.350575,34.055377],[134.350637,34.055056],[134.350707,34.054753],[134.350645,34.054379],[134.350526,34.054101],[134.350305,34.053788],[134.35004,34.053524],[134.349615,34.053188],[134.349435,34.053078],[134.349183,34.052924],[134.348885,34.052758],[134.348603,34.052636],[134.348459,34.052216],[134.348354,34.051886],[134.348283,34.051616],[134.348098,34.051291],[134.348001,34.050876],[134.348014,34.050682],[134.347915,34.05015],[134.347912,34.049826],[134.347661,34.049633],[134.347423,34.049324],[134.347263,34.048884],[134.347087,34.04847],[134.346913,34.048224],[134.346616,34.048039],[134.346431,34.048366],[134.346304,34.048474],[134.346159,34.048484],[134.345841,34.048384],[134.34562,34.04826],[134.345491,34.048221],[134.345394,34.048239],[134.345219,34.048423],[134.344972,34.048493],[134.344529,34.048611],[134.344454,34.048603],[134.344367,34.048586],[134.344205,34.048457],[134.344087,34.048383],[134.343973,34.048356],[134.344053,34.048244],[134.34445,34.048268],[134.344767,34.048306],[134.344917,34.048265],[134.34512,34.04817],[134.345241,34.047924],[134.345369,34.047833],[134.345428,34.047837],[134.345804,34.047906],[134.345998,34.04795],[134.345976,34.047901],[134.345782,34.047826],[134.345647,34.047765],[134.345474,34.047641],[134.345468,34.047583],[134.345527,34.047587],[134.345695,34.047675],[134.345953,34.047709],[134.34607,34.04769],[134.346253,34.047397],[134.346251,34.0472],[134.346191,34.047094],[134.346078,34.047054],[134.345922,34.047033],[134.345663,34.047171],[134.345592,34.047193],[134.345164,34.047132],[134.345087,34.047081],[134.345022,34.046999],[134.344912,34.04693],[134.344741,34.046886],[134.344552,34.046885],[134.344398,34.046799],[134.344282,34.046725],[134.344226,34.046611],[134.344251,34.046504],[134.344338,34.046236],[134.344423,34.045765],[134.344479,34.045249],[134.344493,34.045038],[134.34446,34.044969],[134.344389,34.044894],[134.344342,34.04474],[134.344309,34.044628],[134.343856,34.044268],[134.343668,34.044114],[134.343461,34.043982],[134.343126,34.043872],[134.343177,34.043818],[134.343499,34.043632],[134.343916,34.043484],[134.34416,34.043435],[134.344422,34.043417],[134.344547,34.043355],[134.344658,34.043196],[134.344795,34.043138],[134.344887,34.04303],[134.344939,34.042887],[134.345125,34.04261],[134.345361,34.042471],[134.345686,34.042375],[134.345899,34.042344],[134.346206,34.042253],[134.346405,34.042025],[134.346592,34.041807],[134.346969,34.041568],[134.347358,34.041408],[134.34757,34.041308],[134.347808,34.040769],[134.347995,34.040571],[134.348184,34.040471],[134.348261,34.040394],[134.348335,34.040224],[134.348452,34.040046],[134.348628,34.039867],[134.349028,34.039608],[134.349121,34.03945],[134.349119,34.039273],[134.348998,34.038948],[134.349043,34.038761],[134.349077,34.038583],[134.349005,34.038466],[134.348933,34.038358],[134.348943,34.038187],[134.349013,34.03804],[134.349101,34.037581],[134.349216,34.03772],[134.349271,34.037883],[134.349381,34.03829],[134.349482,34.038648],[134.34953,34.038836],[134.349607,34.038968],[134.349691,34.039061],[134.349891,34.03912],[134.350285,34.03918],[134.350625,34.039178],[134.350882,34.039144],[134.350995,34.039093],[134.351062,34.039036],[134.351115,34.039023],[134.351213,34.039042],[134.352287,34.039487],[134.352353,34.039517],[134.352372,34.03952],[134.352647,34.039569],[134.352925,34.039675],[134.353184,34.039708],[134.353418,34.039705],[134.353592,34.039713],[134.353654,34.039719],[134.353832,34.039735],[134.354115,34.039775],[134.354298,34.03978],[134.354412,34.039775],[134.354468,34.039784],[134.354512,34.039783],[134.354527,34.039756],[134.354581,34.039609],[134.354608,34.039531],[134.354707,34.039369],[134.354711,34.039361],[134.354811,34.039167],[134.354912,34.03894],[134.354943,34.03887],[134.35495,34.038855],[134.355098,34.03869],[134.355132,34.038652],[134.355198,34.038553],[134.355284,34.038299],[134.355365,34.038014],[134.355381,34.037855],[134.355417,34.037735],[134.355459,34.037651],[134.35553,34.03758],[134.355635,34.03752],[134.355749,34.037505],[134.355905,34.037516],[134.356043,34.037521],[134.356414,34.03746],[134.356429,34.037641],[134.35625,34.037947],[134.355982,34.038436],[134.355961,34.038589],[134.355985,34.038784],[134.356037,34.038918],[134.356161,34.039052],[134.357009,34.040127],[134.356981,34.040448],[134.357012,34.040495],[134.357497,34.040827],[134.357585,34.040985],[134.357606,34.041566],[134.357519,34.041677],[134.35725,34.041807],[134.357157,34.041864],[134.357143,34.041963],[134.35725,34.042159],[134.35721,34.042442],[134.357262,34.042781],[134.357229,34.042894],[134.357133,34.042976],[134.356966,34.043038],[134.356819,34.043125],[134.356767,34.04319],[134.356772,34.043278],[134.356847,34.043312],[134.356996,34.043245],[134.357175,34.043128],[134.357317,34.043059],[134.357527,34.042982],[134.357589,34.042901],[134.357569,34.042519],[134.357722,34.042137],[134.357883,34.042052],[134.358394,34.042091],[134.3586,34.042054],[134.35869,34.041676],[134.35875,34.041622],[134.35881,34.04163],[134.358852,34.041692],[134.358859,34.042055],[134.358768,34.042185],[134.358632,34.042303],[134.358181,34.042412],[134.35818,34.042504],[134.358254,34.042577],[134.358571,34.042806],[134.358871,34.043006],[134.358916,34.043067],[134.35889,34.043444],[134.358902,34.043566],[134.35895,34.043626],[134.359064,34.043641],[134.359137,34.043576],[134.359218,34.043302],[134.359257,34.043213],[134.359242,34.04314],[134.359171,34.043034],[134.359038,34.042914],[134.359012,34.042844],[134.359018,34.042756],[134.359307,34.04284],[134.359575,34.042963],[134.359821,34.043034],[134.359949,34.04303],[134.360098,34.043002],[134.360296,34.043007],[134.360655,34.043068],[134.360682,34.043263],[134.360748,34.043434],[134.360892,34.043634],[134.361036,34.043772],[134.361212,34.044172],[134.361348,34.044336],[134.36168,34.044638],[134.361996,34.04483],[134.36204,34.044878],[134.362028,34.04496],[134.361917,34.045052],[134.361841,34.045031],[134.361648,34.044774],[134.361346,34.044596],[134.361233,34.044581],[134.36117,34.044634],[134.361245,34.044933],[134.361157,34.045049],[134.360984,34.045426],[134.360771,34.045575],[134.360634,34.045783],[134.360229,34.045993],[134.360121,34.046078],[134.36005,34.046295],[134.360012,34.046348],[134.359723,34.046574],[134.35948,34.046669],[134.359437,34.046724],[134.359469,34.046781],[134.359579,34.046798],[134.359679,34.046764],[134.359837,34.046635],[134.360123,34.046519],[134.360291,34.046253],[134.360406,34.046174],[134.360566,34.046147],[134.360968,34.046007],[134.361071,34.046003],[134.361188,34.046094],[134.361218,34.04648],[134.361307,34.046609],[134.361506,34.04672],[134.36182,34.046976],[134.361759,34.047291],[134.361708,34.047664],[134.361703,34.048104],[134.361618,34.048273],[134.361565,34.048588],[134.361595,34.048757],[134.361589,34.048878],[134.36133,34.048981],[134.361271,34.049035],[134.361182,34.04912],[134.36078,34.049672],[134.360781,34.049792],[134.360732,34.049881],[134.360607,34.049992],[134.360608,34.050101],[134.360741,34.050205],[134.360918,34.050277],[134.36106,34.050336],[134.361149,34.050393],[134.361277,34.050632],[134.361248,34.050925],[134.361124,34.051114],[134.361171,34.051339],[134.36118,34.051616],[134.361221,34.051794],[134.361404,34.052343],[134.361455,34.052748],[134.361516,34.053108],[134.361799,34.053738],[134.362061,34.054803],[134.361875,34.055392],[134.36189,34.055632],[134.361962,34.056019],[134.361954,34.056159],[134.361728,34.056248],[134.361959,34.056647],[134.361827,34.056749],[134.361925,34.057089],[134.361893,34.057195],[134.361884,34.05737],[134.361797,34.05754],[134.361787,34.057779],[134.36176,34.058021],[134.361585,34.058084],[134.361516,34.05833],[134.361606,34.058439],[134.361515,34.058902],[134.361441,34.059081],[134.361448,34.059334],[134.361588,34.059846],[134.361557,34.060131],[134.361481,34.060546],[134.361417,34.060909],[134.361298,34.061194],[134.3613,34.061377],[134.361347,34.061514],[134.361431,34.061584],[134.361471,34.061736],[134.361534,34.06191],[134.36159,34.062025],[134.361667,34.062252],[134.361665,34.062561],[134.361964,34.063176],[134.362115,34.063267],[134.362394,34.063449],[134.362666,34.063507],[134.362894,34.063597],[134.363082,34.063637],[134.363349,34.063769]]]},"properties":{"S_NAME":"鴨島町","HCODE":8101}},{"type":"Feature","geometry":{"type":"Polygon","coordinates":[[[134.325274,34.070557],[134.322611,34.069434],[134.31427,34.068402],[134.313934,34.068415],[134.313676,34.068465],[134.313509,34.068493],[134.312819,34.068434],[134.312123,34.069212],[134.310581,34.070978],[134.309102,34.070038],[134.308596,34.070976],[134.306743,34.070698],[134.305674,34.07053],[134.303636,34.070209],[134.302513,34.070023],[134.30197,34.069947],[134.297579,34.06922],[134.296359,34.069045],[134.296216,34.06865],[134.296209,34.068586],[134.296218,34.068506],[134.29649,34.067094],[134.296599,34.066229],[134.29666,34.065114],[134.296691,34.062903],[134.296679,34.062717],[134.296689,34.062476],[134.296699,34.062358],[134.2967,34.061951],[134.296709,34.061849],[134.296711,34.061743],[134.296733,34.061485],[134.296758,34.061308],[134.296772,34.061192],[134.296772,34.060998],[134.296764,34.060726],[134.296773,34.060494],[134.296772,34.060376],[134.296761,34.060153],[134.296744,34.060066],[134.296729,34.059985],[134.296724,34.059708],[134.296715,34.05959],[134.296733,34.059476],[134.296829,34.05923],[134.29678,34.059071],[134.296672,34.059],[134.296616,34.058945],[134.296585,34.058882],[134.296625,34.058795],[134.296817,34.058784],[134.296945,34.058788],[134.297065,34.058751],[134.297201,34.058682],[134.29732,34.058595],[134.297434,34.058517],[134.297505,34.058443],[134.297492,34.058275],[134.297509,34.05803],[134.297513,34.057806],[134.29752,34.057567],[134.297535,34.057441],[134.297518,34.05737],[134.297514,34.057307],[134.297563,34.057193],[134.297639,34.057103],[134.297666,34.057042],[134.297707,34.056934],[134.297729,34.056817],[134.297786,34.056486],[134.297855,34.056141],[134.297895,34.055936],[134.297925,34.055794],[134.297999,34.055548],[134.298132,34.055274],[134.29824,34.055135],[134.298269,34.054974],[134.298212,34.054802],[134.298156,34.054701],[134.298096,34.054584],[134.298033,34.0545],[134.297933,34.054292],[134.297815,34.054153],[134.297741,34.054027],[134.297563,34.053977],[134.297418,34.053907],[134.297209,34.053789],[134.297093,34.053749],[134.297081,34.053691],[134.297028,34.053549],[134.297027,34.053305],[134.297014,34.053115],[134.29699,34.05268],[134.296992,34.052432],[134.296968,34.052166],[134.296951,34.051781],[134.296938,34.051634],[134.296943,34.051437],[134.296958,34.051084],[134.296961,34.050565],[134.296956,34.049844],[134.296948,34.049465],[134.296946,34.049192],[134.296964,34.048587],[134.296951,34.048184],[134.297,34.046928],[134.297003,34.046704],[134.29703,34.046254],[134.297048,34.045853],[134.29704,34.045675],[134.297055,34.045551],[134.29707,34.045404],[134.297227,34.045431],[134.297417,34.045474],[134.297591,34.045476],[134.297791,34.045475],[134.297972,34.045429],[134.298176,34.045324],[134.298451,34.045238],[134.298716,34.045172],[134.299037,34.045075],[134.299259,34.045049],[134.299715,34.045015],[134.299995,34.04501],[134.300294,34.04502],[134.300558,34.045],[134.300842,34.044957],[134.300975,34.044923],[134.301236,34.044846],[134.30142,34.044814],[134.301673,34.044801],[134.302009,34.044782],[134.30221,34.044778],[134.302568,34.044711],[134.302887,34.044688],[134.303159,34.044678],[134.303365,34.044677],[134.303457,34.044667],[134.303591,34.044632],[134.303825,34.044575],[134.304225,34.044513],[134.304706,34.04446],[134.30518,34.044431],[134.305227,34.044428],[134.305459,34.044441],[134.305788,34.044442],[134.306319,34.04446],[134.306727,34.04441],[134.306855,34.044403],[134.307018,34.044375],[134.307319,34.04437],[134.307387,34.044527],[134.307431,34.044663],[134.307488,34.044841],[134.307513,34.044992],[134.307558,34.045137],[134.307619,34.045348],[134.307685,34.045439],[134.307754,34.045519],[134.307859,34.045625],[134.308005,34.045816],[134.308099,34.045898],[134.309225,34.045569],[134.309875,34.045367],[134.310228,34.045237],[134.310319,34.045203],[134.31072,34.045093],[134.311039,34.044912],[134.311055,34.044902],[134.311412,34.044729],[134.31165,34.044575],[134.311963,34.044402],[134.31219,34.044266],[134.312515,34.044147],[134.312732,34.044092],[134.312862,34.044028],[134.313219,34.04391],[134.313421,34.043869],[134.313562,34.043834],[134.313921,34.043826],[134.314249,34.043897],[134.314531,34.043959],[134.314823,34.044013],[134.31519,34.044056],[134.315366,34.044054],[134.31557,34.043958],[134.315864,34.043758],[134.315953,34.043738],[134.316202,34.043758],[134.316322,34.04376],[134.316565,34.043803],[134.316814,34.043902],[134.317071,34.044012],[134.317221,34.044049],[134.317351,34.04403],[134.317472,34.043982],[134.317678,34.043762],[134.317816,34.043605],[134.318003,34.043422],[134.318162,34.043281],[134.318172,34.043268],[134.318334,34.043177],[134.318507,34.043095],[134.318761,34.043037],[134.319081,34.042949],[134.319238,34.042857],[134.319391,34.042683],[134.319527,34.042436],[134.319611,34.042111],[134.319748,34.041726],[134.319858,34.041477],[134.319903,34.041399],[134.319963,34.041312],[134.320092,34.041219],[134.320294,34.041168],[134.320504,34.041182],[134.320845,34.0412],[134.321133,34.041234],[134.321491,34.041286],[134.321701,34.041292],[134.321927,34.041241],[134.322225,34.041079],[134.322505,34.040879],[134.322708,34.040657],[134.32296,34.040373],[134.323181,34.040125],[134.323272,34.040066],[134.323711,34.039856],[134.323781,34.039794],[134.323787,34.039654],[134.323744,34.039456],[134.323696,34.039185],[134.323658,34.039046],[134.323608,34.038769],[134.323583,34.038554],[134.323568,34.038415],[134.32355,34.038252],[134.323557,34.038096],[134.323563,34.038094],[134.323567,34.038068],[134.323599,34.0378],[134.32371,34.037766],[134.323805,34.037736],[134.324076,34.037681],[134.324246,34.037669],[134.324313,34.037651],[134.32433,34.037615],[134.324372,34.037485],[134.324412,34.037364],[134.324424,34.037265],[134.324427,34.03719],[134.324462,34.03693],[134.324592,34.036911],[134.32482,34.036883],[134.324877,34.036886],[134.325199,34.0369],[134.325427,34.036881],[134.325773,34.036699],[134.325865,34.036665],[134.326141,34.036562],[134.326444,34.036452],[134.326469,34.036439],[134.326838,34.036238],[134.326844,34.036234],[134.327223,34.035998],[134.327493,34.035807],[134.327795,34.035661],[134.328229,34.035615],[134.328565,34.035586],[134.328707,34.035586],[134.328909,34.035381],[134.329069,34.035219],[134.329451,34.034789],[134.329642,34.034359],[134.329785,34.034303],[134.329798,34.034392],[134.330052,34.034531],[134.330233,34.03467],[134.33036,34.034791],[134.330499,34.034983],[134.330537,34.035119],[134.330549,34.035277],[134.330551,34.035461],[134.330585,34.035644],[134.330776,34.035801],[134.330977,34.035913],[134.331158,34.036149],[134.331298,34.036402],[134.331311,34.036586],[134.331312,34.03677],[134.331266,34.036959],[134.331179,34.037218],[134.331198,34.037459],[134.331273,34.037651],[134.331486,34.037877],[134.331709,34.038051],[134.331827,34.038185],[134.331908,34.0383],[134.33199,34.038433],[134.332052,34.038601],[134.332001,34.038803],[134.331981,34.038934],[134.332006,34.039064],[134.332105,34.039331],[134.332212,34.039554],[134.332276,34.039656],[134.332385,34.039812],[134.33261,34.040187],[134.332653,34.040319],[134.332676,34.040704],[134.332697,34.041059],[134.332753,34.041374],[134.332913,34.041662],[134.333441,34.042719],[134.333511,34.042889],[134.333469,34.042986],[134.333323,34.043083],[134.333271,34.04318],[134.333223,34.043772],[134.33324,34.043925],[134.333353,34.044029],[134.33347,34.044125],[134.33361,34.044387],[134.33361,34.044466],[134.333584,34.044574],[134.333456,34.044826],[134.333467,34.045001],[134.3336,34.045388],[134.333613,34.045461],[134.333734,34.045778],[134.333784,34.0459],[134.333812,34.045969],[134.333838,34.046131],[134.333791,34.0462],[134.333633,34.046457],[134.333551,34.04664],[134.333526,34.04681],[134.333535,34.046846],[134.333553,34.046912],[134.333616,34.046981],[134.333824,34.047156],[134.334139,34.047403],[134.334928,34.047957],[134.335098,34.048115],[134.335163,34.048208],[134.335176,34.048252],[134.33511,34.048514],[134.33505,34.048917],[134.335256,34.04895],[134.335187,34.049263],[134.335193,34.049433],[134.335221,34.049619],[134.335277,34.049738],[134.335388,34.049908],[134.335477,34.050001],[134.335547,34.050152],[134.335541,34.050309],[134.335543,34.050596],[134.335581,34.050739],[134.33577,34.050881],[134.335824,34.051065],[134.335884,34.051208],[134.336,34.051367],[134.336127,34.051526],[134.336252,34.051657],[134.336344,34.051772],[134.336425,34.051907],[134.336461,34.052],[134.336423,34.052147],[134.336343,34.052241],[134.336165,34.052408],[134.33603,34.052557],[134.335998,34.052693],[134.336064,34.052811],[134.336203,34.052882],[134.336419,34.052995],[134.336497,34.053037],[134.336532,34.053101],[134.336673,34.053501],[134.336822,34.053921],[134.336952,34.05407],[134.336932,34.054238],[134.33698,34.054317],[134.336979,34.054631],[134.336958,34.055292],[134.336861,34.055493],[134.337012,34.055668],[134.336982,34.055846],[134.336977,34.056057],[134.336958,34.056362],[134.336954,34.05656],[134.336961,34.056693],[134.336929,34.056829],[134.336878,34.056905],[134.336754,34.056963],[134.336498,34.057127],[134.336338,34.057263],[134.336231,34.057294],[134.336136,34.057374],[134.336042,34.057603],[134.335913,34.057873],[134.335678,34.058229],[134.335139,34.059025],[134.335068,34.059097],[134.334999,34.059283],[134.334946,34.059515],[134.334902,34.059734],[134.334873,34.059869],[134.334782,34.060154],[134.334742,34.06023],[134.334666,34.060388],[134.334593,34.060528],[134.334517,34.060665],[134.334402,34.060794],[134.334133,34.060981],[134.333883,34.061103],[134.33375,34.06117],[134.333595,34.061249],[134.33347,34.061331],[134.333394,34.061444],[134.333414,34.061588],[134.333474,34.061708],[134.333523,34.061812],[134.333563,34.061917],[134.333525,34.062045],[134.333395,34.062115],[134.333232,34.06218],[134.333049,34.062246],[134.332885,34.062319],[134.332606,34.062441],[134.332465,34.062533],[134.332431,34.062597],[134.332403,34.062662],[134.332404,34.06275],[134.33256,34.063104],[134.332619,34.063233],[134.332591,34.063321],[134.332495,34.06337],[134.332253,34.063412],[134.332032,34.06351],[134.331917,34.063615],[134.331822,34.063736],[134.331775,34.063881],[134.331733,34.06403],[134.3317,34.064139],[134.331609,34.064228],[134.3314,34.064304],[134.331318,34.064372],[134.331256,34.064481],[134.331175,34.064586],[134.331036,34.064692],[134.330265,34.065117],[134.330101,34.065182],[134.329956,34.065159],[134.329778,34.06522],[134.329623,34.065209],[134.329472,34.065122],[134.329379,34.064982],[134.329248,34.064915],[134.329113,34.06492],[134.329026,34.064956],[134.328642,34.065224],[134.328469,34.065286],[134.328319,34.065275],[134.328257,34.065292],[134.328247,34.065295],[134.328224,34.065464],[134.328019,34.065494],[134.327838,34.065503],[134.327808,34.065695],[134.327806,34.065716],[134.327718,34.066841],[134.327683,34.067173],[134.327712,34.067331],[134.327714,34.067833],[134.327714,34.067848],[134.327701,34.068555],[134.327604,34.070247],[134.327177,34.07016],[134.326488,34.070147],[134.326125,34.07001],[134.325931,34.069997],[134.325708,34.070016],[134.325556,34.070248],[134.325549,34.070259],[134.325274,34.070557]]]},"properties":{"S_NAME":"川島町","HCODE":8101}},{"type":"Feature","geometry":{"type":"Polygon","coordinates":[[[134.296359,34.069045],[134.296217,34.069025],[134.294621,34.068796],[134.293513,34.068761],[134.291774,34.068694],[134.288708,34.068546],[134.288518,34.068543],[134.287753,34.068533],[134.287672,34.069918],[134.286901,34.069908],[134.286521,34.069903],[134.286043,34.069874],[134.285758,34.069821],[134.28516,34.069796],[134.284933,34.069804],[134.28488,34.0701],[134.282014,34.070002],[134.281756,34.07],[134.280549,34.069989],[134.279427,34.069978],[134.279425,34.069394],[134.275477,34.069365],[134.273995,34.069321],[134.273948,34.069321],[134.271735,34.069337],[134.270378,34.069314],[134.270381,34.066271],[134.270401,34.065039],[134.270382,34.064714],[134.270304,34.064142],[134.270211,34.063732],[134.270206,34.063708],[134.270139,34.063454],[134.270097,34.063335],[134.270296,34.063276],[134.2704,34.063239],[134.270455,34.063175],[134.270471,34.062909],[134.270477,34.062769],[134.270486,34.06266],[134.270472,34.062513],[134.270481,34.062367],[134.270479,34.062217],[134.27046,34.061993],[134.270447,34.061624],[134.270474,34.061251],[134.270504,34.060722],[134.270532,34.060305],[134.270557,34.059945],[134.270553,34.059895],[134.270545,34.059808],[134.27054,34.059673],[134.270541,34.05954],[134.27054,34.059425],[134.270533,34.059371],[134.270533,34.059362],[134.270546,34.057537],[134.270546,34.057523],[134.270527,34.057252],[134.270482,34.057179],[134.270352,34.056972],[134.270288,34.056812],[134.270411,34.056818],[134.270544,34.056817],[134.270612,34.056791],[134.270723,34.05669],[134.270854,34.056528],[134.270872,34.056461],[134.270874,34.056403],[134.270816,34.056291],[134.270828,34.055847],[134.270774,34.055508],[134.270705,34.055461],[134.270564,34.055464],[134.270407,34.055472],[134.270294,34.055465],[134.270241,34.055434],[134.270221,34.055365],[134.270234,34.055299],[134.270301,34.055232],[134.270378,34.055156],[134.27044,34.055098],[134.270462,34.055048],[134.270417,34.054943],[134.27008,34.054471],[134.27004,34.054368],[134.270009,34.05429],[134.269989,34.054201],[134.270014,34.054171],[134.270135,34.05423],[134.270218,34.05428],[134.270417,34.054375],[134.270533,34.05442],[134.270608,34.054451],[134.270724,34.054474],[134.270795,34.054459],[134.27077,34.054208],[134.270746,34.053871],[134.27072,34.053436],[134.270699,34.05313],[134.270704,34.0528],[134.270737,34.052596],[134.270845,34.052318],[134.270926,34.052043],[134.271009,34.051816],[134.271038,34.051708],[134.271093,34.051498],[134.271081,34.051417],[134.271017,34.051266],[134.270922,34.051095],[134.270753,34.050839],[134.270647,34.050664],[134.270491,34.050465],[134.270122,34.050132],[134.269882,34.049917],[134.269762,34.049804],[134.269674,34.049669],[134.26957,34.049445],[134.269376,34.048991],[134.269328,34.048845],[134.269259,34.048734],[134.269171,34.048692],[134.268984,34.048644],[134.268741,34.048553],[134.268561,34.048455],[134.268429,34.048285],[134.268357,34.048119],[134.268418,34.047825],[134.268458,34.047631],[134.268492,34.047487],[134.268495,34.047373],[134.268453,34.047291],[134.268496,34.047182],[134.268527,34.0471],[134.268491,34.046944],[134.268425,34.046693],[134.268425,34.046597],[134.268424,34.046595],[134.268417,34.046434],[134.268459,34.046343],[134.26854,34.046331],[134.268671,34.046395],[134.268887,34.04652],[134.269004,34.046572],[134.269128,34.046635],[134.269241,34.046667],[134.269308,34.046646],[134.269328,34.046549],[134.269298,34.046367],[134.26928,34.046221],[134.269253,34.046061],[134.269211,34.045884],[134.26909,34.045735],[134.268901,34.045587],[134.268798,34.045473],[134.268723,34.045385],[134.268686,34.045306],[134.268717,34.045221],[134.268835,34.045079],[134.269031,34.04492],[134.269164,34.04484],[134.269272,34.044698],[134.269313,34.044537],[134.269345,34.044311],[134.269365,34.04424],[134.269473,34.044193],[134.269649,34.044086],[134.269811,34.043982],[134.269908,34.043894],[134.270084,34.043752],[134.270102,34.04374],[134.270231,34.043654],[134.27033,34.04358],[134.27045,34.043503],[134.270544,34.043432],[134.270663,34.043349],[134.270751,34.04326],[134.270945,34.043077],[134.271285,34.042931],[134.271883,34.042766],[134.272025,34.042719],[134.272226,34.042691],[134.272381,34.042669],[134.272635,34.042662],[134.272938,34.042654],[134.273174,34.042661],[134.273509,34.042686],[134.27399,34.042753],[134.274192,34.042755],[134.274333,34.042704],[134.274529,34.042615],[134.274617,34.042541],[134.274694,34.042414],[134.274947,34.04204],[134.275061,34.041943],[134.275311,34.041868],[134.275642,34.041833],[134.276112,34.04171],[134.276426,34.041708],[134.2767,34.041724],[134.276818,34.041731],[134.277114,34.041683],[134.277566,34.041783],[134.277796,34.041814],[134.277962,34.041851],[134.278378,34.041875],[134.278536,34.041868],[134.27867,34.041835],[134.278814,34.041781],[134.278933,34.041692],[134.279287,34.041466],[134.27957,34.041362],[134.279638,34.041337],[134.279997,34.041331],[134.28018,34.041328],[134.280711,34.041334],[134.280755,34.041335],[134.281449,34.041347],[134.281901,34.041387],[134.282048,34.041399],[134.282084,34.041405],[134.282302,34.041441],[134.28237,34.041434],[134.28254,34.041416],[134.282704,34.041399],[134.283336,34.04112],[134.283956,34.040747],[134.284034,34.040723],[134.284255,34.040656],[134.284687,34.040614],[134.28498,34.040622],[134.285426,34.040639],[134.28574,34.04065],[134.2864,34.040628],[134.286828,34.040713],[134.286973,34.040798],[134.287078,34.040948],[134.287187,34.04117],[134.287199,34.041183],[134.287576,34.041293],[134.288066,34.041452],[134.28817,34.041563],[134.288371,34.041635],[134.288412,34.041656],[134.288538,34.04172],[134.288697,34.04185],[134.288827,34.042071],[134.288958,34.042302],[134.289111,34.042531],[134.289257,34.042635],[134.289436,34.042737],[134.289563,34.042886],[134.28958,34.042923],[134.289587,34.042926],[134.289859,34.043067],[134.289919,34.043098],[134.290238,34.043143],[134.29036,34.043147],[134.290509,34.043152],[134.290698,34.043236],[134.290902,34.043409],[134.291104,34.043764],[134.291383,34.044116],[134.291807,34.044354],[134.291851,34.044368],[134.292088,34.044402],[134.292796,34.044312],[134.293419,34.044313],[134.293709,34.04428],[134.29382,34.044267],[134.293927,34.044255],[134.294359,34.044222],[134.29456,34.044323],[134.2947,34.044517],[134.294728,34.04457],[134.294819,34.044739],[134.294979,34.044887],[134.295236,34.045032],[134.295623,34.04519],[134.296074,34.045301],[134.296453,34.045297],[134.296779,34.045322],[134.29707,34.045404],[134.297055,34.045551],[134.29704,34.045675],[134.297048,34.045853],[134.29703,34.046254],[134.297003,34.046704],[134.297,34.046928],[134.296951,34.048184],[134.296964,34.048587],[134.296946,34.049192],[134.296948,34.049465],[134.296956,34.049844],[134.296961,34.050565],[134.296958,34.051084],[134.296943,34.051437],[134.296938,34.051634],[134.296951,34.051781],[134.296968,34.052166],[134.296992,34.052432],[134.29699,34.05268],[134.297014,34.053115],[134.297027,34.053305],[134.297028,34.053549],[134.297081,34.053691],[134.297093,34.053749],[134.297209,34.053789],[134.297418,34.053907],[134.297563,34.053977],[134.297741,34.054027],[134.297815,34.054153],[134.297933,34.054292],[134.298033,34.0545],[134.298096,34.054584],[134.298156,34.054701],[134.298212,34.054802],[134.298269,34.054974],[134.29824,34.055135],[134.298132,34.055274],[134.297999,34.055548],[134.297925,34.055794],[134.297895,34.055936],[134.297855,34.056141],[134.297786,34.056486],[134.297729,34.056817],[134.297707,34.056934],[134.297666,34.057042],[134.297639,34.057103],[134.297563,34.057193],[134.297514,34.057307],[134.297518,34.05737],[134.297535,34.057441],[134.29752,34.057567],[134.297513,34.057806],[134.297509,34.05803],[134.297492,34.058275],[134.297505,34.058443],[134.297434,34.058517],[134.29732,34.058595],[134.297201,34.058682],[134.297065,34.058751],[134.296945,34.058788],[134.296817,34.058784],[134.296625,34.058795],[134.296585,34.058882],[134.296616,34.058945],[134.296672,34.059],[134.29678,34.059071],[134.296829,34.05923],[134.296733,34.059476],[134.296715,34.05959],[134.296724,34.059708],[134.296729,34.059985],[134.296744,34.060066],[134.296761,34.060153],[134.296772,34.060376],[134.296773,34.060494],[134.296764,34.060726],[134.296772,34.060998],[134.296772,34.061192],[134.296758,34.061308],[134.296733,34.061485],[134.296711,34.061743],[134.296709,34.061849],[134.2967,34.061951],[134.296699,34.062358],[134.296689,34.062476],[134.296679,34.062717],[134.296691,34.062903],[134.29666,34.065114],[134.296599,34.066229],[134.29649,34.067094],[134.296218,34.068506],[134.296209,34.068586],[134.296216,34.06865],[134.296359,34.069045]]]},"properties":{"S_NAME":"川島町","HCODE":8101}},{"type":"Feature","geometry":{"type":"Polygon","coordinates":[[[134.248106,34.046278],[134.247752,34.047691],[134.247112,34.050057],[134.244725,34.050431],[134.243545,34.050617],[134.242672,34.049487],[134.242002,34.050964],[134.241492,34.050922],[134.241355,34.0509],[134.241148,34.050849],[134.240978,34.050779],[134.240881,34.050835],[134.240629,34.050981],[134.24041,34.051117],[134.240366,34.051161],[134.240349,34.051206],[134.240336,34.051254],[134.24035,34.051331],[134.24007,34.05134],[134.239693,34.051365],[134.239591,34.051373],[134.239409,34.051389],[134.239276,34.051426],[134.23917,34.051471],[134.239056,34.051549],[134.239003,34.051587],[134.239057,34.051649],[134.239164,34.051778],[134.239298,34.051862],[134.23932,34.05207],[134.239394,34.052387],[134.239448,34.05256],[134.239517,34.052763],[134.239681,34.053067],[134.239749,34.053195],[134.239745,34.053266],[134.239719,34.053336],[134.239632,34.05348],[134.239726,34.053803],[134.239761,34.053976],[134.238446,34.054172],[134.238469,34.05474],[134.238272,34.054738],[134.237994,34.05474],[134.237705,34.054728],[134.23735,34.054699],[134.237126,34.054657],[134.236965,34.054628],[134.236897,34.054626],[134.236755,34.05465],[134.236494,34.054708],[134.23613,34.054786],[134.236038,34.054839],[134.235987,34.054905],[134.235958,34.054969],[134.235925,34.055051],[134.235888,34.055092],[134.235822,34.055128],[134.235702,34.055152],[134.235658,34.055156],[134.235672,34.05526],[134.235725,34.055373],[134.235745,34.055466],[134.234473,34.055181],[134.234057,34.055082],[134.233655,34.054982],[134.23345,34.054952],[134.233079,34.054864],[134.23179,34.054578],[134.231436,34.054529],[134.230888,34.054445],[134.230865,34.054443],[134.23067,34.054429],[134.230323,34.054442],[134.229644,34.054509],[134.229161,34.054591],[134.228241,34.054791],[134.228205,34.054802],[134.228004,34.054861],[134.227766,34.05493],[134.227359,34.055045],[134.226294,34.055353],[134.226309,34.055401],[134.22707,34.057499],[134.227125,34.057788],[134.227281,34.058189],[134.227689,34.058878],[134.228162,34.059375],[134.229415,34.060244],[134.229547,34.060322],[134.230789,34.061062],[134.231435,34.061531],[134.231963,34.062047],[134.232069,34.062199],[134.232109,34.062308],[134.232137,34.062439],[134.232139,34.062744],[134.231978,34.067968],[134.231949,34.067962],[134.231676,34.067897],[134.231583,34.067875],[134.230769,34.067682],[134.229079,34.067289],[134.22771,34.066924],[134.22727,34.066806],[134.2265,34.066634],[134.226414,34.066614],[134.226306,34.06659],[134.226187,34.066562],[134.226042,34.066548],[134.225902,34.066542],[134.224438,34.066516],[134.224251,34.066511],[134.223839,34.066504],[134.221034,34.066399],[134.218875,34.0663],[134.217234,34.066227],[134.216947,34.066218],[134.216518,34.066206],[134.21525,34.066142],[134.213006,34.066068],[134.211189,34.065965],[134.211147,34.065963],[134.210384,34.065928],[134.209456,34.065906],[134.208706,34.065887],[134.208216,34.065847],[134.206846,34.065804],[134.206638,34.065798],[134.20588,34.065771],[134.204788,34.065689],[134.204637,34.065677],[134.204375,34.065658],[134.203843,34.065618],[134.201515,34.065504],[134.200398,34.065459],[134.200186,34.065451],[134.199843,34.065428],[134.199206,34.065399],[134.199041,34.065385],[134.198198,34.065316],[134.198144,34.065311],[134.197535,34.065261],[134.19742,34.065252],[134.19739,34.06525],[134.197126,34.065239],[134.196202,34.065219],[134.194939,34.065103],[134.194484,34.065065],[134.194124,34.065044],[134.194021,34.065038],[134.193441,34.064936],[134.192846,34.064844],[134.191424,34.064611],[134.190882,34.064528],[134.189561,34.064326],[134.188534,34.064173],[134.187688,34.06399],[134.186957,34.063842],[134.186299,34.063745],[134.186735,34.063461],[134.187075,34.063218],[134.187563,34.062794],[134.187725,34.062625],[134.187915,34.062428],[134.188217,34.062077],[134.188453,34.061779],[134.188558,34.061639],[134.188691,34.061457],[134.188813,34.061207],[134.189034,34.06067],[134.189092,34.060443],[134.189127,34.060271],[134.189213,34.060115],[134.189295,34.060029],[134.189414,34.059938],[134.189558,34.059872],[134.189697,34.059816],[134.19008,34.059723],[134.190434,34.059633],[134.190599,34.059593],[134.190645,34.059558],[134.190702,34.059502],[134.190753,34.05942],[134.19084,34.059282],[134.191107,34.058749],[134.191234,34.058412],[134.191313,34.058289],[134.191385,34.058181],[134.191513,34.058043],[134.191647,34.057917],[134.191842,34.057787],[134.192002,34.057648],[134.192169,34.05749],[134.19223,34.057378],[134.192276,34.057279],[134.192272,34.05716],[134.192281,34.057052],[134.192286,34.056932],[134.19229,34.056807],[134.192299,34.056704],[134.192235,34.05642],[134.192027,34.055832],[134.192004,34.055686],[134.192014,34.055534],[134.192029,34.055392],[134.192023,34.055291],[134.191983,34.055153],[134.191865,34.05487],[134.191669,34.054504],[134.191541,34.05438],[134.191402,34.054262],[134.191263,34.054157],[134.191207,34.054052],[134.191167,34.053905],[134.191139,34.053772],[134.191055,34.053667],[134.190902,34.053574],[134.19077,34.053533],[134.190598,34.053456],[134.190476,34.053374],[134.190398,34.053269],[134.19026,34.052974],[134.190181,34.0528],[134.190064,34.052659],[134.189772,34.052387],[134.18965,34.052236],[134.189599,34.05214],[134.189537,34.051888],[134.189526,34.051831],[134.189505,34.051712],[134.189526,34.051546],[134.189519,34.051436],[134.189435,34.051308],[134.189341,34.051226],[134.189257,34.051094],[134.189236,34.050903],[134.189262,34.050669],[134.189294,34.050513],[134.189442,34.050124],[134.18949,34.049936],[134.189512,34.049835],[134.18943,34.049649],[134.18939,34.049503],[134.189401,34.049425],[134.189439,34.049351],[134.189658,34.049212],[134.189884,34.049105],[134.190076,34.04904],[134.190313,34.048951],[134.190478,34.048923],[134.190627,34.048895],[134.190982,34.048826],[134.191126,34.048779],[134.191285,34.04871],[134.191378,34.048636],[134.191565,34.048501],[134.191762,34.048331],[134.191959,34.048169],[134.192088,34.048014],[134.19217,34.047899],[134.192263,34.047793],[134.192394,34.047696],[134.192603,34.047585],[134.192897,34.047466],[134.193062,34.047387],[134.193216,34.047331],[134.193365,34.047266],[134.19365,34.047104],[134.194034,34.046744],[134.194178,34.046611],[134.194508,34.046207],[134.195978,34.044819],[134.196691,34.044071],[134.196837,34.043918],[134.196925,34.043826],[134.197471,34.043253],[134.197504,34.043218],[134.197795,34.042984],[134.197945,34.042813],[134.197999,34.042723],[134.198017,34.042626],[134.198019,34.042615],[134.198007,34.042436],[134.197962,34.042233],[134.19794,34.042131],[134.197894,34.041773],[134.198177,34.040391],[134.198206,34.040247],[134.198248,34.04005],[134.198257,34.039781],[134.198212,34.03953],[134.198199,34.039279],[134.198088,34.039019],[134.197903,34.038787],[134.197804,34.038671],[134.197803,34.038474],[134.197839,34.03837],[134.197887,34.038231],[134.197897,34.038052],[134.197709,34.037596],[134.197533,34.037229],[134.197528,34.037218],[134.197326,34.036882],[134.197258,34.03674],[134.197248,34.036639],[134.197312,34.036536],[134.197475,34.036406],[134.198024,34.035984],[134.198175,34.035868],[134.198283,34.035773],[134.198379,34.035686],[134.198459,34.035468],[134.198613,34.034941],[134.198716,34.034504],[134.198732,34.034078],[134.198701,34.033893],[134.198654,34.033779],[134.198557,34.033699],[134.198322,34.0336],[134.198181,34.033536],[134.198039,34.033502],[134.197921,34.033468],[134.197829,34.033427],[134.197803,34.03334],[134.197802,34.033242],[134.197889,34.032829],[134.197969,34.032176],[134.198038,34.031842],[134.198061,34.031678],[134.198067,34.031572],[134.197942,34.031099],[134.197878,34.030774],[134.197867,34.030468],[134.197871,34.030374],[134.197922,34.030019],[134.197921,34.029904],[134.197837,34.029779],[134.197647,34.029595],[134.197037,34.029016],[134.196163,34.028236],[134.195786,34.027885],[134.195697,34.027802],[134.194742,34.026953],[134.194057,34.026332],[134.193376,34.025704],[134.193012,34.025367],[134.192636,34.025021],[134.191897,34.024362],[134.19106,34.023623],[134.190224,34.022885],[134.189509,34.022208],[134.188624,34.021437],[134.188294,34.021239],[134.187816,34.020812],[134.187243,34.0203],[134.186663,34.019751],[134.186515,34.019595],[134.186325,34.019422],[134.186039,34.019153],[134.185683,34.018857],[134.185548,34.018757],[134.18538,34.018598],[134.185114,34.01839],[134.184925,34.018255],[134.184733,34.018095],[134.184531,34.017936],[134.184379,34.017801],[134.183728,34.017169],[134.183437,34.01692],[134.183133,34.016584],[134.182948,34.016376],[134.182775,34.016193],[134.182682,34.016124],[134.182671,34.016084],[134.182665,34.016061],[134.182815,34.016008],[134.18303,34.01595],[134.183189,34.015928],[134.183394,34.015902],[134.183515,34.015874],[134.18384,34.015785],[134.184011,34.015735],[134.184191,34.015651],[134.184349,34.015587],[134.184549,34.015503],[134.184835,34.01544],[134.185131,34.015228],[134.185571,34.014879],[134.185968,34.014562],[134.186164,34.014432],[134.186293,34.014372],[134.186439,34.014309],[134.186573,34.014263],[134.186717,34.014225],[134.186808,34.014204],[134.186996,34.014126],[134.187238,34.013996],[134.187646,34.013778],[134.187904,34.013616],[134.188447,34.013288],[134.189174,34.012847],[134.18924,34.012784],[134.189273,34.012721],[134.189281,34.012662],[134.189288,34.012477],[134.189277,34.012192],[134.18925,34.011644],[134.189231,34.011355],[134.189198,34.011232],[134.189135,34.011159],[134.188967,34.011073],[134.188879,34.011035],[134.188853,34.010952],[134.188823,34.010799],[134.188813,34.010639],[134.188757,34.01042],[134.18865,34.010173],[134.188406,34.009696],[134.18833,34.009655],[134.188254,34.00961],[134.188204,34.009561],[134.188153,34.009429],[134.188024,34.009065],[134.187949,34.008855],[134.187864,34.008632],[134.187762,34.00841],[134.187672,34.008243],[134.187606,34.008072],[134.191494,34.007936],[134.192117,34.00817],[134.192472,34.008389],[134.192598,34.008446],[134.193153,34.008644],[134.193799,34.008879],[134.194219,34.009046],[134.194692,34.009193],[134.194883,34.009257],[134.195192,34.009453],[134.195414,34.009597],[134.195681,34.009824],[134.195812,34.009962],[134.195878,34.01007],[134.195925,34.010194],[134.195933,34.010273],[134.195929,34.010327],[134.195957,34.010346],[134.195985,34.010342],[134.196045,34.010315],[134.196147,34.010268],[134.196281,34.010232],[134.196444,34.010247],[134.196677,34.010304],[134.196836,34.010365],[134.197032,34.010472],[134.197329,34.01067],[134.197581,34.010804],[134.197745,34.010892],[134.197937,34.011088],[134.1985,34.011346],[134.198677,34.011418],[134.198961,34.011467],[134.199357,34.011527],[134.199622,34.011564],[134.19983,34.011626],[134.200324,34.011798],[134.20059,34.011896],[134.200672,34.011927],[134.200947,34.01204],[134.201144,34.012105],[134.201279,34.012158],[134.201401,34.012173],[134.201509,34.012191],[134.201629,34.012196],[134.201771,34.01218],[134.201951,34.012157],[134.202207,34.012126],[134.202389,34.012117],[134.20251,34.012127],[134.202738,34.012154],[134.203002,34.012194],[134.203143,34.012209],[134.20327,34.012218],[134.203602,34.012237],[134.20376,34.012258],[134.203866,34.012312],[134.203977,34.012365],[134.204095,34.012396],[134.204021,34.012593],[134.203923,34.012734],[134.203816,34.012823],[134.203656,34.012914],[134.203454,34.013001],[134.203202,34.013123],[134.202699,34.013416],[134.202617,34.013496],[134.20257,34.013605],[134.202571,34.013669],[134.202586,34.01374],[134.202638,34.0138],[134.202694,34.013855],[134.202763,34.013901],[134.202842,34.013927],[134.202986,34.013934],[134.203113,34.013924],[134.203198,34.013918],[134.203338,34.013834],[134.203448,34.013692],[134.203773,34.013979],[134.203877,34.014166],[134.203912,34.014347],[134.203894,34.014563],[134.20382,34.014734],[134.203646,34.01495],[134.203426,34.015155],[134.203274,34.015309],[134.203069,34.015565],[134.202994,34.015712],[134.202968,34.015888],[134.202969,34.016009],[134.203001,34.016124],[134.20304,34.016213],[134.203195,34.016403],[134.203651,34.016872],[134.203716,34.017003],[134.203729,34.017079],[134.203711,34.01717],[134.203671,34.017257],[134.203597,34.017347],[134.203445,34.017444],[134.203116,34.01763],[134.202979,34.01775],[134.202909,34.017864],[134.20287,34.01801],[134.202905,34.018258],[134.202966,34.01838],[134.203074,34.01845],[134.203227,34.0185],[134.203754,34.018698],[134.203846,34.018742],[134.203897,34.018802],[134.204107,34.019502],[134.205316,34.023201],[134.205376,34.026357],[134.205521,34.027096],[134.205571,34.027157],[134.205696,34.027246],[134.206125,34.027549],[134.206275,34.027522],[134.206457,34.027555],[134.206726,34.027588],[134.206882,34.027605],[134.207163,34.027689],[134.207356,34.027787],[134.207434,34.02786],[134.207549,34.027946],[134.207613,34.028068],[134.207622,34.028164],[134.207614,34.028267],[134.207617,34.028375],[134.207682,34.028439],[134.207806,34.028479],[134.207973,34.028525],[134.208109,34.028628],[134.208178,34.028723],[134.208288,34.028787],[134.208424,34.028817],[134.208507,34.028838],[134.208622,34.028855],[134.208706,34.028941],[134.208767,34.028995],[134.20883,34.029016],[134.208949,34.029024],[134.208991,34.029028],[134.209033,34.029071],[134.209081,34.029149],[134.209171,34.029275],[134.209249,34.029326],[134.209577,34.029517],[134.209671,34.029599],[134.209703,34.029707],[134.209673,34.029794],[134.209625,34.029936],[134.209558,34.03004],[134.209532,34.03011],[134.209505,34.030325],[134.209506,34.030433],[134.209527,34.030481],[134.209622,34.030532],[134.209731,34.030557],[134.209844,34.030646],[134.209959,34.030706],[134.210064,34.03074],[134.210372,34.030786],[134.210513,34.030841],[134.210597,34.030871],[134.210644,34.030932],[134.210682,34.031001],[134.210685,34.031116],[134.210707,34.031246],[134.210781,34.03138],[134.210907,34.031514],[134.211065,34.031695],[134.211185,34.031926],[134.211275,34.032164],[134.211307,34.032216],[134.211354,34.032211],[134.211463,34.032137],[134.211566,34.032063],[134.21168,34.03198],[134.211773,34.031827],[134.211855,34.031739],[134.211921,34.031706],[134.211971,34.031743],[134.212027,34.031866],[134.212073,34.032045],[134.212088,34.032207],[134.212046,34.032404],[134.21197,34.032611],[134.211922,34.03279],[134.211934,34.032868],[134.212031,34.03298],[134.21227,34.033198],[134.21267,34.033549],[134.212895,34.033857],[134.213122,34.034225],[134.213212,34.034435],[134.21339,34.034691],[134.213506,34.034772],[134.213656,34.034904],[134.213773,34.035018],[134.213862,34.035137],[134.213957,34.035292],[134.213997,34.035355],[134.214043,34.035383],[134.214173,34.035396],[134.214572,34.035406],[134.21476,34.035423],[134.214964,34.035458],[134.215168,34.035517],[134.215329,34.035594],[134.215456,34.035657],[134.215602,34.035769],[134.21579,34.035854],[134.215906,34.035896],[134.215986,34.035927],[134.216094,34.035965],[134.216133,34.035994],[134.21613,34.03603],[134.216104,34.036064],[134.216061,34.036094],[134.215829,34.036201],[134.215777,34.036256],[134.21577,34.036281],[134.215777,34.036315],[134.215818,34.036367],[134.215859,34.036422],[134.215857,34.03645],[134.215844,34.036479],[134.215814,34.036509],[134.215747,34.036549],[134.215707,34.036571],[134.215705,34.036599],[134.215733,34.036616],[134.21581,34.036648],[134.215931,34.036682],[134.215974,34.036727],[134.216011,34.036781],[134.216057,34.03686],[134.21609,34.036882],[134.216173,34.036912],[134.216231,34.036939],[134.21631,34.037007],[134.216373,34.037094],[134.216431,34.037145],[134.21651,34.03718],[134.216565,34.037198],[134.216621,34.037204],[134.216666,34.0372],[134.216771,34.037178],[134.216945,34.037122],[134.217151,34.037056],[134.217287,34.037028],[134.217429,34.037004],[134.217565,34.037007],[134.217749,34.037033],[134.21787,34.037075],[134.218021,34.037172],[134.218241,34.037398],[134.218438,34.037613],[134.218523,34.037756],[134.218557,34.037835],[134.218605,34.037884],[134.21871,34.037937],[134.218828,34.038003],[134.218898,34.038064],[134.218965,34.038158],[134.219028,34.038261],[134.219174,34.038442],[134.219301,34.038615],[134.219356,34.03879],[134.219361,34.038892],[134.219322,34.039115],[134.219256,34.039331],[134.219252,34.039414],[134.219248,34.039486],[134.219272,34.039577],[134.219318,34.039679],[134.219405,34.039788],[134.219517,34.039879],[134.219504,34.039793],[134.219813,34.039627],[134.220419,34.039299],[134.220443,34.039327],[134.220516,34.039348],[134.220653,34.039385],[134.220806,34.039415],[134.220889,34.039453],[134.221006,34.0396],[134.221094,34.03972],[134.221159,34.039827],[134.221225,34.039879],[134.2213,34.039888],[134.221391,34.039884],[134.221495,34.039869],[134.224379,34.038037],[134.224389,34.03803],[134.22487,34.037922],[134.225566,34.037754],[134.225869,34.03768],[134.226322,34.037533],[134.226482,34.037464],[134.226537,34.037427],[134.226619,34.037368],[134.22668,34.037305],[134.22673,34.037233],[134.226877,34.037067],[134.226951,34.036976],[134.227108,34.036847],[134.22842,34.036516],[134.228649,34.036651],[134.22886,34.036497],[134.228995,34.036591],[134.229576,34.036205],[134.229941,34.035984],[134.230202,34.035834],[134.230261,34.035793],[134.230329,34.03571],[134.230559,34.035898],[134.230634,34.035972],[134.230674,34.036041],[134.230714,34.03614],[134.230734,34.036177],[134.230774,34.036214],[134.231016,34.03635],[134.231275,34.036505],[134.231681,34.036668],[134.232246,34.035204],[134.232495,34.034608],[134.232823,34.03385],[134.232942,34.033785],[134.233068,34.033734],[134.233157,34.033729],[134.233259,34.033743],[134.233337,34.033772],[134.233475,34.033841],[134.233707,34.034041],[134.233845,34.03409],[134.233959,34.034109],[134.234121,34.034133],[134.234252,34.034113],[134.234378,34.034072],[134.234479,34.034032],[134.234634,34.033956],[134.234735,34.033896],[134.234806,34.033811],[134.234919,34.033686],[134.23494,34.0336],[134.235136,34.033654],[134.237927,34.034534],[134.239402,34.035186],[134.239974,34.035458],[134.241238,34.036169],[134.24258,34.03729],[134.244205,34.039002],[134.24436,34.039304],[134.244358,34.039521],[134.24438,34.03973],[134.244427,34.039952],[134.24443,34.040012],[134.244418,34.040059],[134.244378,34.040112],[134.244306,34.040151],[134.244253,34.040206],[134.244227,34.040256],[134.244228,34.040322],[134.244219,34.040371],[134.244178,34.040461],[134.244152,34.040577],[134.244147,34.040687],[134.244039,34.040856],[134.24404,34.04096],[134.244049,34.041186],[134.244077,34.041395],[134.244068,34.041508],[134.244029,34.041613],[134.243911,34.041729],[134.243746,34.041774],[134.243581,34.041835],[134.243476,34.041913],[134.243457,34.041996],[134.243458,34.042134],[134.243439,34.042249],[134.243408,34.042459],[134.243409,34.042618],[134.243539,34.042864],[134.246305,34.046797],[134.246321,34.046765],[134.246403,34.046674],[134.246457,34.046633],[134.246528,34.046623],[134.246588,34.046645],[134.246699,34.046745],[134.246754,34.046785],[134.24683,34.046803],[134.246885,34.046798],[134.24695,34.046761],[134.247043,34.046706],[134.247103,34.046679],[134.247168,34.046687],[134.247208,34.04672],[134.24731,34.04681],[134.247365,34.046837],[134.24742,34.046855],[134.247461,34.046871],[134.247499,34.046866],[134.247578,34.046832],[134.247652,34.046781],[134.247695,34.046744],[134.247787,34.046582],[134.247878,34.046425],[134.247965,34.046342],[134.248041,34.046287],[134.248073,34.046283],[134.248106,34.046278]]]},"properties":{"S_NAME":"山川町","HCODE":8101}},{"type":"Feature","geometry":{"type":"Polygon","coordinates":[[[134.270378,34.069314],[134.270059,34.069308],[134.269652,34.069336],[134.269138,34.069372],[134.268772,34.069397],[134.267982,34.069459],[134.267427,34.069471],[134.266811,34.069484],[134.266371,34.069494],[134.26477,34.069627],[134.264496,34.069641],[134.264149,34.069658],[134.262497,34.069741],[134.262131,34.069759],[134.261815,34.069783],[134.261186,34.069832],[134.260401,34.069892],[134.258561,34.070035],[134.258039,34.070053],[134.257587,34.070075],[134.256107,34.070148],[134.255753,34.070169],[134.255519,34.070182],[134.253652,34.07029],[134.252073,34.070378],[134.251586,34.070431],[134.248677,34.070599],[134.248644,34.0706],[134.246417,34.070686],[134.245705,34.0708],[134.245153,34.07084],[134.244212,34.070908],[134.243477,34.070922],[134.242566,34.07064],[134.241438,34.070338],[134.241049,34.070246],[134.240752,34.070162],[134.238644,34.069562],[134.2382,34.069433],[134.237331,34.06918],[134.237195,34.069135],[134.235953,34.068836],[134.235779,34.068794],[134.23443,34.068494],[134.231978,34.067968],[134.232139,34.062744],[134.232137,34.062439],[134.232109,34.062308],[134.232069,34.062199],[134.231963,34.062047],[134.231435,34.061531],[134.230789,34.061062],[134.229547,34.060322],[134.229415,34.060244],[134.228162,34.059375],[134.227689,34.058878],[134.227281,34.058189],[134.227125,34.057788],[134.22707,34.057499],[134.226309,34.055401],[134.226294,34.055353],[134.227359,34.055045],[134.227766,34.05493],[134.228004,34.054861],[134.228205,34.054802],[134.228241,34.054791],[134.229161,34.054591],[134.229644,34.054509],[134.230323,34.054442],[134.23067,34.054429],[134.230865,34.054443],[134.230888,34.054445],[134.231436,34.054529],[134.23179,34.054578],[134.233079,34.054864],[134.23345,34.054952],[134.233655,34.054982],[134.234057,34.055082],[134.234473,34.055181],[134.235745,34.055466],[134.235725,34.055373],[134.235672,34.05526],[134.235658,34.055156],[134.235702,34.055152],[134.235822,34.055128],[134.235888,34.055092],[134.235925,34.055051],[134.235958,34.054969],[134.235987,34.054905],[134.236038,34.054839],[134.23613,34.054786],[134.236494,34.054708],[134.236755,34.05465],[134.236897,34.054626],[134.236965,34.054628],[134.237126,34.054657],[134.23735,34.054699],[134.237705,34.054728],[134.237994,34.05474],[134.238272,34.054738],[134.238469,34.05474],[134.238446,34.054172],[134.239761,34.053976],[134.239726,34.053803],[134.239632,34.05348],[134.239719,34.053336],[134.239745,34.053266],[134.239749,34.053195],[134.239681,34.053067],[134.239517,34.052763],[134.239448,34.05256],[134.239394,34.052387],[134.23932,34.05207],[134.239298,34.051862],[134.239164,34.051778],[134.239057,34.051649],[134.239003,34.051587],[134.239056,34.051549],[134.23917,34.051471],[134.239276,34.051426],[134.239409,34.051389],[134.239591,34.051373],[134.239693,34.051365],[134.24007,34.05134],[134.24035,34.051331],[134.240336,34.051254],[134.240349,34.051206],[134.240366,34.051161],[134.24041,34.051117],[134.240629,34.050981],[134.240881,34.050835],[134.240978,34.050779],[134.241148,34.050849],[134.241355,34.0509],[134.241492,34.050922],[134.242002,34.050964],[134.242672,34.049487],[134.243545,34.050617],[134.244725,34.050431],[134.247112,34.050057],[134.247752,34.047691],[134.248106,34.046278],[134.248118,34.046174],[134.24814,34.046104],[134.248232,34.045976],[134.24852,34.046125],[134.249203,34.04641],[134.249552,34.046556],[134.249661,34.046619],[134.2497,34.046709],[134.249935,34.047074],[134.250134,34.047301],[134.250297,34.047377],[134.250452,34.047427],[134.250584,34.047459],[134.250917,34.047527],[134.251419,34.047588],[134.251988,34.047704],[134.252112,34.047716],[134.252297,34.047715],[134.25259,34.047681],[134.252892,34.047685],[134.253317,34.047734],[134.25387,34.047824],[134.254072,34.047868],[134.254288,34.047937],[134.254703,34.048098],[134.254781,34.048124],[134.255105,34.048141],[134.255329,34.048088],[134.255611,34.048064],[134.255827,34.048101],[134.256052,34.04819],[134.256247,34.048349],[134.256348,34.048445],[134.256487,34.048489],[134.256572,34.048482],[134.256688,34.04843],[134.256995,34.048203],[134.257179,34.048035],[134.25751,34.047892],[134.257679,34.047794],[134.258141,34.047688],[134.258404,34.047655],[134.258727,34.047595],[134.259231,34.047589],[134.259441,34.047589],[134.259807,34.047588],[134.26006,34.047588],[134.260703,34.047574],[134.260987,34.047555],[134.26128,34.047534],[134.261725,34.047452],[134.261845,34.047434],[134.262439,34.047181],[134.263066,34.046843],[134.263253,34.046679],[134.263456,34.046501],[134.263744,34.045907],[134.263836,34.045842],[134.264007,34.045805],[134.264341,34.045762],[134.264946,34.045693],[134.265153,34.045662],[134.265281,34.045613],[134.265451,34.0455],[134.265628,34.045404],[134.265918,34.045189],[134.26611,34.045116],[134.266295,34.045091],[134.266544,34.04506],[134.266961,34.045061],[134.267174,34.045068],[134.267341,34.04504],[134.267441,34.045024],[134.267717,34.044925],[134.268072,34.044773],[134.26835,34.044614],[134.268821,34.044334],[134.269365,34.04424],[134.269345,34.044311],[134.269313,34.044537],[134.269272,34.044698],[134.269164,34.04484],[134.269031,34.04492],[134.268835,34.045079],[134.268717,34.045221],[134.268686,34.045306],[134.268723,34.045385],[134.268798,34.045473],[134.268901,34.045587],[134.26909,34.045735],[134.269211,34.045884],[134.269253,34.046061],[134.26928,34.046221],[134.269298,34.046367],[134.269328,34.046549],[134.269308,34.046646],[134.269241,34.046667],[134.269128,34.046635],[134.269004,34.046572],[134.268887,34.04652],[134.268671,34.046395],[134.26854,34.046331],[134.268459,34.046343],[134.268417,34.046434],[134.268424,34.046595],[134.268425,34.046597],[134.268425,34.046693],[134.268491,34.046944],[134.268527,34.0471],[134.268496,34.047182],[134.268453,34.047291],[134.268495,34.047373],[134.268492,34.047487],[134.268458,34.047631],[134.268418,34.047825],[134.268357,34.048119],[134.268429,34.048285],[134.268561,34.048455],[134.268741,34.048553],[134.268984,34.048644],[134.269171,34.048692],[134.269259,34.048734],[134.269328,34.048845],[134.269376,34.048991],[134.26957,34.049445],[134.269674,34.049669],[134.269762,34.049804],[134.269882,34.049917],[134.270122,34.050132],[134.270491,34.050465],[134.270647,34.050664],[134.270753,34.050839],[134.270922,34.051095],[134.271017,34.051266],[134.271081,34.051417],[134.271093,34.051498],[134.271038,34.051708],[134.271009,34.051816],[134.270926,34.052043],[134.270845,34.052318],[134.270737,34.052596],[134.270704,34.0528],[134.270699,34.05313],[134.27072,34.053436],[134.270746,34.053871],[134.27077,34.054208],[134.270795,34.054459],[134.270724,34.054474],[134.270608,34.054451],[134.270533,34.05442],[134.270417,34.054375],[134.270218,34.05428],[134.270135,34.05423],[134.270014,34.054171],[134.269989,34.054201],[134.270009,34.05429],[134.27004,34.054368],[134.27008,34.054471],[134.270417,34.054943],[134.270462,34.055048],[134.27044,34.055098],[134.270378,34.055156],[134.270301,34.055232],[134.270234,34.055299],[134.270221,34.055365],[134.270241,34.055434],[134.270294,34.055465],[134.270407,34.055472],[134.270564,34.055464],[134.270705,34.055461],[134.270774,34.055508],[134.270828,34.055847],[134.270816,34.056291],[134.270874,34.056403],[134.270872,34.056461],[134.270854,34.056528],[134.270723,34.05669],[134.270612,34.056791],[134.270544,34.056817],[134.270411,34.056818],[134.270288,34.056812],[134.270352,34.056972],[134.270482,34.057179],[134.270527,34.057252],[134.270546,34.057523],[134.270546,34.057537],[134.270533,34.059362],[134.270533,34.059371],[134.27054,34.059425],[134.270541,34.05954],[134.27054,34.059673],[134.270545,34.059808],[134.270553,34.059895],[134.270557,34.059945],[134.270532,34.060305],[134.270504,34.060722],[134.270474,34.061251],[134.270447,34.061624],[134.27046,34.061993],[134.270479,34.062217],[134.270481,34.062367],[134.270472,34.062513],[134.270486,34.06266],[134.270477,34.062769],[134.270471,34.062909],[134.270455,34.063175],[134.2704,34.063239],[134.270296,34.063276],[134.270097,34.063335],[134.270139,34.063454],[134.270206,34.063708],[134.270211,34.063732],[134.270304,34.064142],[134.270382,34.064714],[134.270401,34.065039],[134.270381,34.066271],[134.270378,34.069314]]]},"properties":{"S_NAME":"山川町","HCODE":8101}},{"type":"Feature","geometry":{"type":"Polygon","coordinates":[[[134.233041,34.007905],[134.232841,34.007986],[134.232569,34.008154],[134.232042,34.008444],[134.23163,34.008668],[134.231343,34.008773],[134.230871,34.008926],[134.230714,34.008979],[134.230344,34.009192],[134.23013,34.00925],[134.230067,34.009217],[134.230083,34.009037],[134.230046,34.008972],[134.229963,34.008839],[134.229951,34.008745],[134.229946,34.008602],[134.229976,34.008499],[134.230028,34.008427],[134.230079,34.008348],[134.230078,34.008315],[134.230051,34.00829],[134.229957,34.008281],[134.229766,34.008259],[134.229608,34.0082],[134.229491,34.008146],[134.229397,34.008077],[134.229333,34.008026],[134.229323,34.007959],[134.229277,34.007868],[134.229068,34.007664],[134.229035,34.007622],[134.229028,34.007589],[134.229289,34.007285],[134.229335,34.007173],[134.229334,34.007123],[134.229307,34.007065],[134.229203,34.006993],[134.229145,34.006948],[134.22913,34.006905],[134.229141,34.006839],[134.229228,34.006668],[134.229248,34.006534],[134.229253,34.006426],[134.229249,34.006287],[134.229196,34.006169],[134.229077,34.006034],[134.228928,34.005924],[134.228757,34.005817],[134.228525,34.005719],[134.228307,34.00565],[134.228155,34.005603],[134.228003,34.005558],[134.227669,34.005444],[134.227357,34.005318],[134.227006,34.005195],[134.226803,34.005133],[134.2266,34.005089],[134.226244,34.004998],[134.225828,34.004891],[134.225619,34.004857],[134.225462,34.004843],[134.225416,34.004823],[134.225392,34.004806],[134.225401,34.004786],[134.22562,34.004636],[134.225909,34.004397],[134.226018,34.004282],[134.226108,34.004168],[134.226185,34.004032],[134.226281,34.003903],[134.226526,34.003684],[134.226951,34.00335],[134.227164,34.003178],[134.227224,34.003124],[134.227284,34.003008],[134.227401,34.002734],[134.227452,34.002638],[134.227533,34.002547],[134.227647,34.002448],[134.227746,34.002385],[134.227906,34.002321],[134.228112,34.00221],[134.228546,34.001761],[134.2289,34.001406],[134.228958,34.001314],[134.228987,34.001218],[134.228977,34.001032],[134.228977,34.00077],[134.229014,34.00064],[134.229143,34.000458],[134.229303,34.000297],[134.229438,34.000163],[134.229474,34.000097],[134.229537,33.999909],[134.229599,33.999766],[134.229665,33.999685],[134.229798,33.999578],[134.229989,33.99945],[134.230404,33.999256],[134.230704,33.999079],[134.230968,33.998854],[134.231154,33.998649],[134.231368,33.998316],[134.23162,33.997893],[134.231867,33.997344],[134.231995,33.997091],[134.232123,33.996928],[134.232476,33.996498],[134.232624,33.996289],[134.23271,33.996128],[134.232788,33.995986],[134.23286,33.995931],[134.232913,33.995919],[134.233012,33.995918],[134.233185,33.995932],[134.233363,33.995919],[134.233584,33.99591],[134.23372,33.995909],[134.233854,33.995954],[134.233965,33.99606],[134.23416,33.996185],[134.234239,33.996222],[134.234439,33.996264],[134.234876,33.99631],[134.235098,33.996339],[134.235307,33.996385],[134.236096,33.99666],[134.236983,33.996941],[134.23715,33.997025],[134.237305,33.997135],[134.23746,33.997312],[134.23754,33.997437],[134.237601,33.997555],[134.237712,33.997654],[134.237903,33.997716],[134.238098,33.99777],[134.238293,33.997841],[134.238388,33.99791],[134.238473,33.997998],[134.238538,33.998098],[134.23859,33.998209],[134.238618,33.998294],[134.238622,33.998403],[134.238571,33.998588],[134.23826,33.999261],[134.238093,33.999711],[134.238037,33.99987],[134.238029,33.999923],[134.238038,34.000019],[134.238072,34.000186],[134.23806,34.000264],[134.238037,34.000352],[134.237935,34.000486],[134.237691,34.000716],[134.237588,34.000804],[134.237565,34.00086],[134.237568,34.000908],[134.237599,34.000945],[134.237821,34.001067],[134.238317,34.00127],[134.238402,34.001282],[134.238493,34.001284],[134.238593,34.00128],[134.238704,34.001265],[134.238988,34.001195],[134.239178,34.001143],[134.239337,34.001129],[134.239809,34.001078],[134.240032,34.001044],[134.240455,34.000956],[134.240632,34.000908],[134.240764,34.000867],[134.240819,34.000857],[134.240922,34.000861],[134.240989,34.000901],[134.241062,34.000953],[134.24115,34.001026],[134.241238,34.001111],[134.241335,34.00125],[134.241373,34.001396],[134.241386,34.001502],[134.241234,34.0022],[134.241145,34.002552],[134.241077,34.002776],[134.240793,34.003295],[134.240722,34.003464],[134.240703,34.003556],[134.24068,34.00369],[134.240622,34.004145],[134.240594,34.004364],[134.240506,34.004582],[134.240432,34.004736],[134.240361,34.00491],[134.240296,34.005242],[134.240286,34.005486],[134.24031,34.005633],[134.240397,34.00589],[134.240471,34.006065],[134.240473,34.006155],[134.240471,34.006233],[134.240438,34.006299],[134.240357,34.006405],[134.240071,34.00672],[134.240032,34.00673],[134.240008,34.006723],[134.239925,34.006585],[134.239873,34.006535],[134.239797,34.006515],[134.239697,34.006531],[134.239622,34.006572],[134.239346,34.006868],[134.23918,34.007054],[134.239102,34.00713],[134.23903,34.007181],[134.238936,34.007221],[134.238852,34.007245],[134.238444,34.007305],[134.238176,34.007353],[134.238077,34.007379],[134.237938,34.007425],[134.237878,34.007466],[134.237833,34.007524],[134.237793,34.007634],[134.237725,34.007788],[134.237623,34.007977],[134.23757,34.008071],[134.237462,34.008149],[134.237257,34.008299],[134.236939,34.008461],[134.236909,34.008501],[134.23691,34.008582],[134.236869,34.008723],[134.236847,34.008955],[134.235946,34.009021],[134.235875,34.00901],[134.235839,34.008955],[134.235781,34.008865],[134.235758,34.008738],[134.235788,34.008585],[134.235874,34.008427],[134.235912,34.008352],[134.235883,34.008281],[134.235816,34.008255],[134.235774,34.008247],[134.235686,34.008277],[134.235578,34.00832],[134.235454,34.008355],[134.235194,34.008402],[134.234856,34.008388],[134.23454,34.00842],[134.234406,34.008405],[134.234295,34.008374],[134.234205,34.008292],[134.234122,34.008258],[134.23402,34.008275],[134.233859,34.008353],[134.233707,34.008475],[134.233564,34.008594],[134.233516,34.008618],[134.2335,34.008613],[134.233449,34.008539],[134.233304,34.008413],[134.233243,34.008355],[134.233214,34.008289],[134.233217,34.008241],[134.233288,34.008152],[134.233297,34.00811],[134.233293,34.008054],[134.233206,34.007938],[134.233133,34.007899],[134.233041,34.007905]]]},"properties":{"S_NAME":"山川町","HCODE":8101}},{"type":"Feature","geometry":{"type":"Polygon","coordinates":[[[134.248106,34.046278],[134.248073,34.046283],[134.248041,34.046287],[134.247965,34.046342],[134.247878,34.046425],[134.247787,34.046582],[134.247695,34.046744],[134.247652,34.046781],[134.247578,34.046832],[134.247499,34.046866],[134.247461,34.046871],[134.24742,34.046855],[134.247365,34.046837],[134.24731,34.04681],[134.247208,34.04672],[134.247168,34.046687],[134.247103,34.046679],[134.247043,34.046706],[134.24695,34.046761],[134.246885,34.046798],[134.24683,34.046803],[134.246754,34.046785],[134.246699,34.046745],[134.246588,34.046645],[134.246528,34.046623],[134.246457,34.046633],[134.246403,34.046674],[134.246321,34.046765],[134.246305,34.046797],[134.243539,34.042864],[134.243409,34.042618],[134.243408,34.042459],[134.243439,34.042249],[134.243458,34.042134],[134.243457,34.041996],[134.243476,34.041913],[134.243581,34.041835],[134.243746,34.041774],[134.243911,34.041729],[134.244029,34.041613],[134.244068,34.041508],[134.244077,34.041395],[134.244049,34.041186],[134.24404,34.04096],[134.244039,34.040856],[134.244147,34.040687],[134.244152,34.040577],[134.244178,34.040461],[134.244219,34.040371],[134.244228,34.040322],[134.244227,34.040256],[134.244253,34.040206],[134.244306,34.040151],[134.244378,34.040112],[134.244418,34.040059],[134.24443,34.040012],[134.244427,34.039952],[134.24438,34.03973],[134.244358,34.039521],[134.24436,34.039304],[134.244205,34.039002],[134.24258,34.03729],[134.241238,34.036169],[134.239974,34.035458],[134.239402,34.035186],[134.237927,34.034534],[134.235136,34.033654],[134.23494,34.0336],[134.234919,34.033686],[134.234806,34.033811],[134.234735,34.033896],[134.234634,34.033956],[134.234479,34.034032],[134.234378,34.034072],[134.234252,34.034113],[134.234121,34.034133],[134.233959,34.034109],[134.233845,34.03409],[134.233707,34.034041],[134.233475,34.033841],[134.233337,34.033772],[134.233259,34.033743],[134.233157,34.033729],[134.233068,34.033734],[134.232942,34.033785],[134.232823,34.03385],[134.232495,34.034608],[134.232246,34.035204],[134.231681,34.036668],[134.231275,34.036505],[134.231016,34.03635],[134.230774,34.036214],[134.230734,34.036177],[134.230714,34.03614],[134.230674,34.036041],[134.230634,34.035972],[134.230559,34.035898],[134.230329,34.03571],[134.230261,34.035793],[134.230202,34.035834],[134.229941,34.035984],[134.229576,34.036205],[134.228995,34.036591],[134.22886,34.036497],[134.228649,34.036651],[134.22842,34.036516],[134.227108,34.036847],[134.226951,34.036976],[134.226877,34.037067],[134.22673,34.037233],[134.22668,34.037305],[134.226619,34.037368],[134.226537,34.037427],[134.226482,34.037464],[134.226322,34.037533],[134.225869,34.03768],[134.225566,34.037754],[134.22487,34.037922],[134.224389,34.03803],[134.224379,34.038037],[134.221495,34.039869],[134.221391,34.039884],[134.2213,34.039888],[134.221225,34.039879],[134.221159,34.039827],[134.221094,34.03972],[134.221006,34.0396],[134.220889,34.039453],[134.220806,34.039415],[134.220653,34.039385],[134.220516,34.039348],[134.220443,34.039327],[134.220419,34.039299],[134.219813,34.039627],[134.219504,34.039793],[134.219517,34.039879],[134.219405,34.039788],[134.219318,34.039679],[134.219272,34.039577],[134.219248,34.039486],[134.219252,34.039414],[134.219256,34.039331],[134.219322,34.039115],[134.219361,34.038892],[134.219356,34.03879],[134.219301,34.038615],[134.219174,34.038442],[134.219028,34.038261],[134.218965,34.038158],[134.218898,34.038064],[134.218828,34.038003],[134.21871,34.037937],[134.218605,34.037884],[134.218557,34.037835],[134.218523,34.037756],[134.218438,34.037613],[134.218241,34.037398],[134.218021,34.037172],[134.21787,34.037075],[134.217749,34.037033],[134.217565,34.037007],[134.217429,34.037004],[134.217287,34.037028],[134.217151,34.037056],[134.216945,34.037122],[134.216771,34.037178],[134.216666,34.0372],[134.216621,34.037204],[134.216565,34.037198],[134.21651,34.03718],[134.216431,34.037145],[134.216373,34.037094],[134.21631,34.037007],[134.216231,34.036939],[134.216173,34.036912],[134.21609,34.036882],[134.216057,34.03686],[134.216011,34.036781],[134.215974,34.036727],[134.215931,34.036682],[134.21581,34.036648],[134.215733,34.036616],[134.215705,34.036599],[134.215707,34.036571],[134.215747,34.036549],[134.215814,34.036509],[134.215844,34.036479],[134.215857,34.03645],[134.215859,34.036422],[134.215818,34.036367],[134.215777,34.036315],[134.21577,34.036281],[134.215777,34.036256],[134.215829,34.036201],[134.216061,34.036094],[134.216104,34.036064],[134.21613,34.03603],[134.216133,34.035994],[134.216094,34.035965],[134.215986,34.035927],[134.215906,34.035896],[134.21579,34.035854],[134.215602,34.035769],[134.215456,34.035657],[134.215329,34.035594],[134.215168,34.035517],[134.214964,34.035458],[134.21476,34.035423],[134.214572,34.035406],[134.214173,34.035396],[134.214043,34.035383],[134.213997,34.035355],[134.213957,34.035292],[134.213862,34.035137],[134.213773,34.035018],[134.213656,34.034904],[134.213506,34.034772],[134.21339,34.034691],[134.213212,34.034435],[134.213122,34.034225],[134.212895,34.033857],[134.21267,34.033549],[134.21227,34.033198],[134.212031,34.03298],[134.211934,34.032868],[134.211922,34.03279],[134.21197,34.032611],[134.212046,34.032404],[134.212088,34.032207],[134.212073,34.032045],[134.212027,34.031866],[134.211971,34.031743],[134.211921,34.031706],[134.211855,34.031739],[134.211773,34.031827],[134.21168,34.03198],[134.211566,34.032063],[134.211463,34.032137],[134.211354,34.032211],[134.211307,34.032216],[134.211275,34.032164],[134.211185,34.031926],[134.211065,34.031695],[134.210907,34.031514],[134.210781,34.03138],[134.210707,34.031246],[134.210685,34.031116],[134.210682,34.031001],[134.210644,34.030932],[134.210597,34.030871],[134.210513,34.030841],[134.210372,34.030786],[134.210064,34.03074],[134.209959,34.030706],[134.209844,34.030646],[134.209731,34.030557],[134.209622,34.030532],[134.209527,34.030481],[134.209506,34.030433],[134.209505,34.030325],[134.209532,34.03011],[134.209558,34.03004],[134.209625,34.029936],[134.209673,34.029794],[134.209703,34.029707],[134.209671,34.029599],[134.209577,34.029517],[134.209249,34.029326],[134.209171,34.029275],[134.209081,34.029149],[134.209033,34.029071],[134.208991,34.029028],[134.208949,34.029024],[134.20883,34.029016],[134.208767,34.028995],[134.208706,34.028941],[134.208622,34.028855],[134.208507,34.028838],[134.208424,34.028817],[134.208288,34.028787],[134.208178,34.028723],[134.208109,34.028628],[134.207973,34.028525],[134.207806,34.028479],[134.207682,34.028439],[134.207617,34.028375],[134.207614,34.028267],[134.207622,34.028164],[134.207613,34.028068],[134.207549,34.027946],[134.207434,34.02786],[134.207356,34.027787],[134.207163,34.027689],[134.206882,34.027605],[134.206726,34.027588],[134.206457,34.027555],[134.206275,34.027522],[134.206125,34.027549],[134.205696,34.027246],[134.205571,34.027157],[134.205521,34.027096],[134.205376,34.026357],[134.205316,34.023201],[134.204107,34.019502],[134.203897,34.018802],[134.203846,34.018742],[134.203754,34.018698],[134.203227,34.0185],[134.203074,34.01845],[134.202966,34.01838],[134.202905,34.018258],[134.20287,34.01801],[134.202909,34.017864],[134.202979,34.01775],[134.203116,34.01763],[134.203445,34.017444],[134.203597,34.017347],[134.203671,34.017257],[134.203711,34.01717],[134.203729,34.017079],[134.203716,34.017003],[134.203651,34.016872],[134.203195,34.016403],[134.20304,34.016213],[134.203001,34.016124],[134.202969,34.016009],[134.202968,34.015888],[134.202994,34.015712],[134.203069,34.015565],[134.203274,34.015309],[134.203426,34.015155],[134.203646,34.01495],[134.20382,34.014734],[134.203894,34.014563],[134.203912,34.014347],[134.203877,34.014166],[134.203773,34.013979],[134.203448,34.013692],[134.203338,34.013834],[134.203198,34.013918],[134.203113,34.013924],[134.202986,34.013934],[134.202842,34.013927],[134.202763,34.013901],[134.202694,34.013855],[134.202638,34.0138],[134.202586,34.01374],[134.202571,34.013669],[134.20257,34.013605],[134.202617,34.013496],[134.202699,34.013416],[134.203202,34.013123],[134.203454,34.013001],[134.203656,34.012914],[134.203816,34.012823],[134.203923,34.012734],[134.204021,34.012593],[134.204095,34.012396],[134.203977,34.012365],[134.203866,34.012312],[134.20376,34.012258],[134.203602,34.012237],[134.20327,34.012218],[134.203143,34.012209],[134.203002,34.012194],[134.202738,34.012154],[134.20251,34.012127],[134.202389,34.012117],[134.202207,34.012126],[134.201951,34.012157],[134.201771,34.01218],[134.201629,34.012196],[134.201509,34.012191],[134.201401,34.012173],[134.201279,34.012158],[134.201144,34.012105],[134.200947,34.01204],[134.200672,34.011927],[134.20059,34.011896],[134.200324,34.011798],[134.19983,34.011626],[134.199622,34.011564],[134.199357,34.011527],[134.198961,34.011467],[134.198677,34.011418],[134.1985,34.011346],[134.197937,34.011088],[134.197745,34.010892],[134.197581,34.010804],[134.197329,34.01067],[134.197032,34.010472],[134.196836,34.010365],[134.196677,34.010304],[134.196444,34.010247],[134.196281,34.010232],[134.196147,34.010268],[134.196045,34.010315],[134.195985,34.010342],[134.195957,34.010346],[134.195929,34.010327],[134.195933,34.010273],[134.195925,34.010194],[134.195878,34.01007],[134.195812,34.009962],[134.195681,34.009824],[134.195414,34.009597],[134.195192,34.009453],[134.194883,34.009257],[134.194692,34.009193],[134.194219,34.009046],[134.193799,34.008879],[134.193153,34.008644],[134.192598,34.008446],[134.192472,34.008389],[134.192117,34.00817],[134.191494,34.007936],[134.187606,34.008072],[134.187504,34.007651],[134.187454,34.007464],[134.187398,34.007381],[134.187279,34.00732],[134.187071,34.00721],[134.186971,34.007141],[134.186872,34.007029],[134.186822,34.006926],[134.186715,34.00665],[134.186699,34.006562],[134.186726,34.006461],[134.186762,34.006435],[134.186837,34.00638],[134.186902,34.006344],[134.187057,34.006289],[134.187835,34.006015],[134.187968,34.005968],[134.188144,34.005884],[134.188351,34.005767],[134.188431,34.005712],[134.188483,34.005642],[134.188506,34.005563],[134.188514,34.005468],[134.188536,34.005419],[134.188597,34.005356],[134.188708,34.005268],[134.18877,34.005224],[134.188809,34.005056],[134.188861,34.004988],[134.188935,34.004918],[134.189007,34.004883],[134.189088,34.004828],[134.189168,34.004753],[134.189192,34.004686],[134.189218,34.00462],[134.189229,34.004491],[134.189231,34.004382],[134.189268,34.004325],[134.189475,34.004169],[134.1898,34.003903],[134.190086,34.003685],[134.190378,34.00346],[134.190516,34.003327],[134.190636,34.003231],[134.190746,34.003178],[134.190891,34.003112],[134.191058,34.003073],[134.191226,34.003048],[134.191446,34.003021],[134.191745,34.002969],[134.191884,34.002935],[134.192029,34.002888],[134.192453,34.002702],[134.192723,34.002578],[134.192874,34.002489],[134.192979,34.002411],[134.193197,34.002149],[134.193436,34.001904],[134.193519,34.001816],[134.193617,34.001756],[134.193726,34.001714],[134.19395,34.001668],[134.194374,34.001572],[134.194676,34.001495],[134.195128,34.00136],[134.19527,34.001303],[134.195786,34.001065],[134.195994,34.000949],[134.196056,34.000902],[134.19613,34.000817],[134.196163,34.000747],[134.196219,34.000682],[134.196327,34.000604],[134.196657,34.000411],[134.196859,34.000272],[134.197081,34.000116],[134.197247,33.999988],[134.197315,33.999908],[134.197407,33.999814],[134.197524,33.999721],[134.198808,34.00026],[134.199393,34.000021],[134.199519,33.999985],[134.199689,33.999962],[134.199888,33.999952],[134.200098,33.999927],[134.200391,33.999892],[134.200619,33.999882],[134.201133,33.999781],[134.201289,33.999756],[134.201444,33.999737],[134.201585,33.999739],[134.201888,33.99979],[134.202153,33.999843],[134.202345,33.999878],[134.202642,33.99988],[134.202891,33.999848],[134.20309,33.999811],[134.203265,33.999754],[134.203333,33.999717],[134.203373,33.999654],[134.203412,33.999627],[134.203477,33.999614],[134.204065,33.999789],[134.20417,33.999821],[134.20425,33.999827],[134.204333,33.99982],[134.204405,33.999808],[134.20451,33.999792],[134.204633,33.999806],[134.204749,33.999809],[134.204812,33.999798],[134.204899,33.999749],[134.205064,33.999549],[134.205148,33.999266],[134.205311,33.998873],[134.20542,33.998478],[134.205426,33.998267],[134.205447,33.998183],[134.205533,33.998128],[134.205635,33.998146],[134.20578,33.998187],[134.205968,33.998234],[134.206135,33.998257],[134.206432,33.99825],[134.206605,33.998206],[134.206779,33.998163],[134.206908,33.998102],[134.207009,33.998029],[134.207124,33.997938],[134.207269,33.997895],[134.207507,33.997882],[134.207601,33.997887],[134.208247,33.997628],[134.208384,33.997543],[134.208499,33.997427],[134.208563,33.997349],[134.208686,33.997294],[134.208809,33.997293],[134.208961,33.997346],[134.209277,33.997492],[134.209619,33.997635],[134.209815,33.997694],[134.210061,33.997717],[134.210227,33.997698],[134.210542,33.997645],[134.211185,33.997556],[134.211619,33.99753],[134.212306,33.997417],[134.212421,33.997369],[134.21276,33.997186],[134.212961,33.99704],[134.213227,33.99681],[134.213371,33.996628],[134.213424,33.996511],[134.213495,33.996347],[134.213566,33.996245],[134.213711,33.996184],[134.214,33.996116],[134.214354,33.996059],[134.214658,33.996064],[134.214781,33.996099],[134.21489,33.996159],[134.214978,33.996273],[134.215052,33.996471],[134.215097,33.996706],[134.215078,33.996953],[134.215055,33.997245],[134.215078,33.997437],[134.21521,33.997623],[134.215381,33.997746],[134.215578,33.997925],[134.215775,33.998147],[134.215867,33.998288],[134.216036,33.99863],[134.216176,33.998829],[134.216388,33.999056],[134.216763,33.999406],[134.217478,34.000035],[134.217962,34.00039],[134.218224,34.000569],[134.218327,34.000695],[134.218378,34.000803],[134.218431,34.001032],[134.21844,34.001225],[134.21844,34.001341],[134.218363,34.001708],[134.218337,34.001943],[134.218388,34.002138],[134.218525,34.002479],[134.218658,34.002716],[134.21878,34.002904],[134.218803,34.003057],[134.218841,34.003334],[134.218841,34.00344],[134.218913,34.003522],[134.219048,34.003557],[134.219232,34.003562],[134.219636,34.003548],[134.219944,34.003537],[134.220262,34.003535],[134.220412,34.003549],[134.220672,34.003633],[134.221161,34.003776],[134.221408,34.00384],[134.221935,34.003945],[134.222143,34.004008],[134.222254,34.004056],[134.222391,34.00418],[134.222878,34.004574],[134.223264,34.004864],[134.223407,34.004917],[134.2237,34.005034],[134.223931,34.005062],[134.224152,34.005061],[134.224249,34.005066],[134.224446,34.005193],[134.22469,34.005351],[134.224765,34.005459],[134.224968,34.005957],[134.225201,34.006526],[134.22548,34.006928],[134.225611,34.007072],[134.226071,34.007362],[134.226752,34.007947],[134.22679,34.008055],[134.226798,34.008193],[134.226833,34.008299],[134.226936,34.008388],[134.227203,34.008536],[134.228163,34.009155],[134.228362,34.009257],[134.228501,34.009336],[134.2288,34.009617],[134.229262,34.010139],[134.229465,34.010366],[134.229907,34.010724],[134.230131,34.010866],[134.230392,34.010998],[134.231112,34.011334],[134.231419,34.011448],[134.231735,34.011554],[134.232174,34.011597],[134.232422,34.011632],[134.232583,34.011662],[134.232726,34.011733],[134.232896,34.011822],[134.233126,34.011929],[134.23343,34.012009],[134.233702,34.012043],[134.233968,34.012062],[134.234351,34.01205],[134.235006,34.012015],[134.235861,34.011899],[134.236006,34.011901],[134.23618,34.011941],[134.236372,34.012038],[134.23687,34.012164],[134.238061,34.012256],[134.238155,34.012264],[134.238362,34.012055],[134.238786,34.011693],[134.238917,34.011553],[134.239028,34.011467],[134.239129,34.011412],[134.239297,34.011381],[134.239429,34.011423],[134.239636,34.011533],[134.239784,34.011583],[134.239891,34.011583],[134.240023,34.011548],[134.240368,34.011436],[134.240561,34.011393],[134.240794,34.011328],[134.240916,34.011323],[134.241038,34.01136],[134.241151,34.011427],[134.241259,34.011536],[134.241387,34.011641],[134.241514,34.0117],[134.242037,34.011851],[134.24218,34.011897],[134.242282,34.011972],[134.242308,34.012061],[134.242415,34.012342],[134.242492,34.012477],[134.24259,34.012633],[134.242752,34.012867],[134.24286,34.012959],[134.242988,34.013068],[134.243264,34.013206],[134.243752,34.013459],[134.244452,34.013878],[134.245385,34.014471],[134.245846,34.014765],[134.245897,34.014849],[134.246013,34.015049],[134.246091,34.015146],[134.246183,34.015217],[134.246362,34.015309],[134.246612,34.015473],[134.246733,34.015572],[134.246906,34.015729],[134.247015,34.015828],[134.247291,34.015991],[134.24805,34.016454],[134.248768,34.016909],[134.249137,34.017194],[134.249616,34.017629],[134.249739,34.017747],[134.249842,34.017878],[134.249974,34.018137],[134.25033,34.018932],[134.250568,34.019426],[134.250732,34.019905],[134.2508,34.020091],[134.250837,34.020264],[134.250851,34.020431],[134.250845,34.020859],[134.250746,34.021462],[134.250696,34.021606],[134.250662,34.021704],[134.250607,34.021793],[134.250531,34.021912],[134.250355,34.022074],[134.249822,34.022473],[134.249675,34.022596],[134.24961,34.022694],[134.24953,34.022796],[134.249485,34.022894],[134.24944,34.022995],[134.249406,34.023135],[134.249385,34.023374],[134.249325,34.023519],[134.24923,34.023655],[134.249204,34.023689],[134.249154,34.023757],[134.249059,34.023863],[134.248872,34.024004],[134.248603,34.024141],[134.248406,34.024269],[134.248151,34.024446],[134.248015,34.024582],[134.247959,34.02465],[134.247854,34.024812],[134.247694,34.025185],[134.247582,34.02545],[134.247523,34.025594],[134.247432,34.025722],[134.246966,34.026163],[134.246612,34.026465],[134.246392,34.026809],[134.246063,34.027308],[134.245953,34.027563],[134.245674,34.02822],[134.245635,34.028377],[134.245632,34.028595],[134.245623,34.028718],[134.245695,34.028827],[134.245772,34.028916],[134.245841,34.029028],[134.245833,34.029243],[134.245799,34.029375],[134.245724,34.029506],[134.245598,34.029676],[134.245513,34.029872],[134.245404,34.03024],[134.245307,34.030446],[134.245227,34.030578],[134.245025,34.030803],[134.244915,34.030931],[134.244623,34.031305],[134.244557,34.031373],[134.244393,34.031522],[134.244426,34.031557],[134.244551,34.031659],[134.244704,34.031915],[134.244824,34.032104],[134.244931,34.032349],[134.244959,34.032578],[134.24501,34.032814],[134.245242,34.033101],[134.245354,34.033199],[134.245643,34.033317],[134.245916,34.0334],[134.246041,34.03347],[134.24614,34.033545],[134.246239,34.033659],[134.246338,34.033789],[134.246426,34.034029],[134.246535,34.034216],[134.246634,34.034302],[134.246852,34.034448],[134.246957,34.034464],[134.247055,34.034458],[134.247179,34.034386],[134.247368,34.034309],[134.24753,34.034166],[134.247706,34.034002],[134.24779,34.03386],[134.247831,34.033726],[134.247868,34.033502],[134.247856,34.033211],[134.247853,34.032824],[134.247841,34.032307],[134.247879,34.031781],[134.247962,34.03153],[134.24802,34.031399],[134.248163,34.031294],[134.24843,34.031151],[134.248554,34.031058],[134.248717,34.031002],[134.248855,34.030996],[134.248992,34.031006],[134.24911,34.031054],[134.249249,34.031195],[134.249309,34.031336],[134.24929,34.031413],[134.249076,34.031616],[134.248911,34.031815],[134.248833,34.031936],[134.248827,34.032001],[134.248926,34.032055],[134.24909,34.032081],[134.24926,34.032075],[134.249548,34.032013],[134.249829,34.031924],[134.25011,34.031846],[134.250332,34.031796],[134.250764,34.031766],[134.251281,34.031796],[134.252012,34.031832],[134.252601,34.031861],[134.252876,34.031854],[134.253105,34.031847],[134.253256,34.031819],[134.25336,34.031791],[134.253694,34.031702],[134.254049,34.031561],[134.254363,34.031493],[134.254802,34.031485],[134.255182,34.03157],[134.255384,34.031658],[134.255363,34.031704],[134.255095,34.032114],[134.254887,34.032433],[134.254549,34.03295],[134.2544,34.033132],[134.254332,34.033192],[134.254164,34.033342],[134.253938,34.03348],[134.253687,34.033492],[134.253491,34.033539],[134.253297,34.033641],[134.253147,34.033778],[134.253009,34.033942],[134.252891,34.034087],[134.252795,34.034179],[134.252611,34.034253],[134.252416,34.0343],[134.252179,34.034448],[134.251953,34.034613],[134.25191,34.034649],[134.251513,34.034988],[134.251483,34.035105],[134.251486,34.035268],[134.251512,34.035548],[134.251483,34.035638],[134.251343,34.035748],[134.250901,34.035996],[134.25033,34.036383],[134.250213,34.036535],[134.250201,34.036638],[134.250224,34.036875],[134.250248,34.03723],[134.250187,34.037596],[134.250062,34.037737],[134.249725,34.037892],[134.249076,34.038031],[134.248631,34.03822],[134.248145,34.038477],[134.2475,34.039106],[134.247343,34.039419],[134.247222,34.039749],[134.24714,34.040064],[134.247106,34.040415],[134.247127,34.041078],[134.247073,34.041216],[134.246911,34.041486],[134.24672,34.041637],[134.246459,34.041868],[134.24622,34.042126],[134.246148,34.042258],[134.246101,34.042553],[134.246295,34.043378],[134.24631,34.043647],[134.246232,34.043902],[134.246146,34.044093],[134.246117,34.044266],[134.246259,34.044479],[134.246498,34.044609],[134.246664,34.044654],[134.246811,34.044714],[134.246993,34.044868],[134.247381,34.045191],[134.247935,34.045736],[134.248232,34.045976],[134.24814,34.046104],[134.248118,34.046174],[134.248106,34.046278]]]},"properties":{"S_NAME":"山川町","HCODE":8101}},{"type":"Feature","geometry":{"type":"Polygon","coordinates":[[[134.269365,34.04424],[134.268821,34.044334],[134.26835,34.044614],[134.268072,34.044773],[134.267717,34.044925],[134.267441,34.045024],[134.267341,34.04504],[134.267174,34.045068],[134.266961,34.045061],[134.266544,34.04506],[134.266295,34.045091],[134.26611,34.045116],[134.265918,34.045189],[134.265628,34.045404],[134.265451,34.0455],[134.265281,34.045613],[134.265153,34.045662],[134.264946,34.045693],[134.264341,34.045762],[134.264007,34.045805],[134.263836,34.045842],[134.263744,34.045907],[134.263456,34.046501],[134.263253,34.046679],[134.263066,34.046843],[134.262439,34.047181],[134.261845,34.047434],[134.261725,34.047452],[134.26128,34.047534],[134.260987,34.047555],[134.260703,34.047574],[134.26006,34.047588],[134.259807,34.047588],[134.259441,34.047589],[134.259231,34.047589],[134.258727,34.047595],[134.258404,34.047655],[134.258141,34.047688],[134.257679,34.047794],[134.25751,34.047892],[134.257179,34.048035],[134.256995,34.048203],[134.256688,34.04843],[134.256572,34.048482],[134.256487,34.048489],[134.256348,34.048445],[134.256247,34.048349],[134.256052,34.04819],[134.255827,34.048101],[134.255611,34.048064],[134.255329,34.048088],[134.255105,34.048141],[134.254781,34.048124],[134.254703,34.048098],[134.254288,34.047937],[134.254072,34.047868],[134.25387,34.047824],[134.253317,34.047734],[134.252892,34.047685],[134.25259,34.047681],[134.252297,34.047715],[134.252112,34.047716],[134.251988,34.047704],[134.251419,34.047588],[134.250917,34.047527],[134.250584,34.047459],[134.250452,34.047427],[134.250297,34.047377],[134.250134,34.047301],[134.249935,34.047074],[134.2497,34.046709],[134.249661,34.046619],[134.249552,34.046556],[134.249203,34.04641],[134.24852,34.046125],[134.248232,34.045976],[134.247935,34.045736],[134.247381,34.045191],[134.246993,34.044868],[134.246811,34.044714],[134.246664,34.044654],[134.246498,34.044609],[134.246259,34.044479],[134.246117,34.044266],[134.246146,34.044093],[134.246232,34.043902],[134.24631,34.043647],[134.246295,34.043378],[134.246101,34.042553],[134.246148,34.042258],[134.24622,34.042126],[134.246459,34.041868],[134.24672,34.041637],[134.246911,34.041486],[134.247073,34.041216],[134.247127,34.041078],[134.247106,34.040415],[134.24714,34.040064],[134.247222,34.039749],[134.247343,34.039419],[134.2475,34.039106],[134.248145,34.038477],[134.248631,34.03822],[134.249076,34.038031],[134.249725,34.037892],[134.250062,34.037737],[134.250187,34.037596],[134.250248,34.03723],[134.250224,34.036875],[134.250201,34.036638],[134.250213,34.036535],[134.25033,34.036383],[134.250901,34.035996],[134.251343,34.035748],[134.251483,34.035638],[134.251512,34.035548],[134.251486,34.035268],[134.251483,34.035105],[134.251513,34.034988],[134.25191,34.034649],[134.251953,34.034613],[134.252179,34.034448],[134.252416,34.0343],[134.252611,34.034253],[134.252795,34.034179],[134.252891,34.034087],[134.253009,34.033942],[134.253147,34.033778],[134.253297,34.033641],[134.253491,34.033539],[134.253687,34.033492],[134.253938,34.03348],[134.254164,34.033342],[134.254332,34.033192],[134.2544,34.033132],[134.254549,34.03295],[134.254887,34.032433],[134.255095,34.032114],[134.255363,34.031704],[134.255384,34.031658],[134.255182,34.03157],[134.254802,34.031485],[134.254363,34.031493],[134.254049,34.031561],[134.253694,34.031702],[134.25336,34.031791],[134.253256,34.031819],[134.253105,34.031847],[134.252876,34.031854],[134.252601,34.031861],[134.252012,34.031832],[134.251281,34.031796],[134.250764,34.031766],[134.250332,34.031796],[134.25011,34.031846],[134.249829,34.031924],[134.249548,34.032013],[134.24926,34.032075],[134.24909,34.032081],[134.248926,34.032055],[134.248827,34.032001],[134.248833,34.031936],[134.248911,34.031815],[134.249076,34.031616],[134.24929,34.031413],[134.249309,34.031336],[134.249249,34.031195],[134.24911,34.031054],[134.248992,34.031006],[134.248855,34.030996],[134.248717,34.031002],[134.248554,34.031058],[134.24843,34.031151],[134.248163,34.031294],[134.24802,34.031399],[134.247962,34.03153],[134.247879,34.031781],[134.247841,34.032307],[134.247853,34.032824],[134.247856,34.033211],[134.247868,34.033502],[134.247831,34.033726],[134.24779,34.03386],[134.247706,34.034002],[134.24753,34.034166],[134.247368,34.034309],[134.247179,34.034386],[134.247055,34.034458],[134.246957,34.034464],[134.246852,34.034448],[134.246634,34.034302],[134.246535,34.034216],[134.246426,34.034029],[134.246338,34.033789],[134.246239,34.033659],[134.24614,34.033545],[134.246041,34.03347],[134.245916,34.0334],[134.245643,34.033317],[134.245354,34.033199],[134.245242,34.033101],[134.24501,34.032814],[134.244959,34.032578],[134.244931,34.032349],[134.244824,34.032104],[134.244704,34.031915],[134.244551,34.031659],[134.244426,34.031557],[134.244393,34.031522],[134.244557,34.031373],[134.244623,34.031305],[134.244915,34.030931],[134.245025,34.030803],[134.245227,34.030578],[134.245307,34.030446],[134.245404,34.03024],[134.245513,34.029872],[134.245598,34.029676],[134.245724,34.029506],[134.245799,34.029375],[134.245833,34.029243],[134.245841,34.029028],[134.245772,34.028916],[134.245695,34.028827],[134.245623,34.028718],[134.245632,34.028595],[134.245635,34.028377],[134.245674,34.02822],[134.245953,34.027563],[134.246063,34.027308],[134.246392,34.026809],[134.246612,34.026465],[134.246966,34.026163],[134.247432,34.025722],[134.247523,34.025594],[134.247582,34.02545],[134.247694,34.025185],[134.247854,34.024812],[134.247959,34.02465],[134.248015,34.024582],[134.248151,34.024446],[134.248406,34.024269],[134.248603,34.024141],[134.248872,34.024004],[134.249059,34.023863],[134.249154,34.023757],[134.249204,34.023689],[134.24923,34.023655],[134.249325,34.023519],[134.249385,34.023374],[134.249406,34.023135],[134.24944,34.022995],[134.249485,34.022894],[134.24953,34.022796],[134.24961,34.022694],[134.249675,34.022596],[134.249822,34.022473],[134.250355,34.022074],[134.250531,34.021912],[134.250607,34.021793],[134.250662,34.021704],[134.250696,34.021606],[134.250746,34.021462],[134.250845,34.020859],[134.250851,34.020431],[134.250837,34.020264],[134.2508,34.020091],[134.250732,34.019905],[134.250568,34.019426],[134.25033,34.018932],[134.249974,34.018137],[134.249842,34.017878],[134.249739,34.017747],[134.249616,34.017629],[134.249137,34.017194],[134.248768,34.016909],[134.24805,34.016454],[134.247291,34.015991],[134.247015,34.015828],[134.246906,34.015729],[134.247373,34.015094],[134.24759,34.014944],[134.247834,34.014836],[134.248159,34.014752],[134.248729,34.014669],[134.250246,34.014743],[134.250734,34.014767],[134.25114,34.014683],[134.25152,34.014577],[134.251846,34.014405],[134.25226,34.014165],[134.252641,34.013902],[134.253074,34.013682],[134.253325,34.013551],[134.253568,34.013477],[134.253855,34.013446],[134.254132,34.013426],[134.254935,34.014554],[134.255963,34.015674],[134.255968,34.01568],[134.256016,34.015732],[134.256212,34.015967],[134.257179,34.017127],[134.259744,34.020157],[134.260003,34.020499],[134.260246,34.020762],[134.260265,34.020783],[134.26029,34.02081],[134.26059,34.021187],[134.260971,34.021735],[134.261168,34.022085],[134.261194,34.022417],[134.261128,34.022768],[134.261017,34.02311],[134.260809,34.023415],[134.260415,34.023967],[134.259563,34.025148],[134.259503,34.025451],[134.259465,34.02586],[134.259562,34.02623],[134.259588,34.026493],[134.259754,34.026775],[134.259873,34.026978],[134.259992,34.027153],[134.260099,34.027367],[134.260032,34.027689],[134.259905,34.027855],[134.259847,34.027963],[134.259685,34.028168],[134.259558,34.028393],[134.25935,34.028609],[134.25914,34.028757],[134.258662,34.028903],[134.258934,34.02912],[134.259084,34.029239],[134.259565,34.029549],[134.260195,34.029925],[134.261042,34.030223],[134.26183,34.030455],[134.262012,34.030464],[134.262194,34.030396],[134.263314,34.029498],[134.263845,34.028982],[134.264253,34.028695],[134.264915,34.02815],[134.265289,34.027977],[134.265696,34.027939],[134.266147,34.027989],[134.266515,34.028091],[134.26714,34.028381],[134.267573,34.028723],[134.267874,34.029069],[134.268277,34.029513],[134.268637,34.02976],[134.269077,34.029939],[134.269485,34.029904],[134.269953,34.029771],[134.270215,34.029726],[134.270529,34.029663],[134.270905,34.029547],[134.271187,34.029423],[134.271563,34.02922],[134.271918,34.029087],[134.272232,34.02902],[134.272555,34.029],[134.273071,34.029003],[134.273768,34.029081],[134.274367,34.02921],[134.273668,34.030076],[134.273204,34.030654],[134.272822,34.031181],[134.272395,34.031705],[134.272115,34.032323],[134.271902,34.033211],[134.271721,34.0338],[134.271665,34.034198],[134.271589,34.034662],[134.271554,34.035127],[134.271311,34.03622],[134.271069,34.036647],[134.270717,34.037384],[134.270521,34.037935],[134.270472,34.038071],[134.27036,34.038599],[134.270323,34.038846],[134.270133,34.040042],[134.270049,34.040789],[134.27002,34.041626],[134.269963,34.042441],[134.269962,34.043052],[134.270102,34.04374],[134.270084,34.043752],[134.269908,34.043894],[134.269811,34.043982],[134.269649,34.044086],[134.269473,34.044193],[134.269365,34.04424]]]},"properties":{"S_NAME":"美郷","HCODE":8101}},{"type":"Feature","geometry":{"type":"Polygon","coordinates":[[[134.329785,34.034303],[134.329642,34.034359],[134.329451,34.034789],[134.329069,34.035219],[134.328909,34.035381],[134.328707,34.035586],[134.328565,34.035586],[134.328229,34.035615],[134.327795,34.035661],[134.327493,34.035807],[134.327223,34.035998],[134.326844,34.036234],[134.326838,34.036238],[134.326469,34.036439],[134.326444,34.036452],[134.326141,34.036562],[134.325865,34.036665],[134.325773,34.036699],[134.325427,34.036881],[134.325199,34.0369],[134.324877,34.036886],[134.32482,34.036883],[134.324592,34.036911],[134.324462,34.03693],[134.324427,34.03719],[134.324424,34.037265],[134.324412,34.037364],[134.324372,34.037485],[134.32433,34.037615],[134.324313,34.037651],[134.324246,34.037669],[134.324076,34.037681],[134.323805,34.037736],[134.32371,34.037766],[134.323599,34.0378],[134.323567,34.038068],[134.323563,34.038094],[134.323557,34.038096],[134.32355,34.038252],[134.323568,34.038415],[134.323583,34.038554],[134.323608,34.038769],[134.323658,34.039046],[134.323696,34.039185],[134.323744,34.039456],[134.323787,34.039654],[134.323781,34.039794],[134.323711,34.039856],[134.323272,34.040066],[134.323181,34.040125],[134.32296,34.040373],[134.322708,34.040657],[134.322505,34.040879],[134.322225,34.041079],[134.321927,34.041241],[134.321701,34.041292],[134.321491,34.041286],[134.321133,34.041234],[134.320845,34.0412],[134.320504,34.041182],[134.320294,34.041168],[134.320092,34.041219],[134.319963,34.041312],[134.319903,34.041399],[134.319858,34.041477],[134.319748,34.041726],[134.319611,34.042111],[134.319527,34.042436],[134.319391,34.042683],[134.319238,34.042857],[134.319081,34.042949],[134.318761,34.043037],[134.318507,34.043095],[134.318334,34.043177],[134.318172,34.043268],[134.318162,34.043281],[134.318003,34.043422],[134.317816,34.043605],[134.317678,34.043762],[134.317472,34.043982],[134.317351,34.04403],[134.317221,34.044049],[134.317071,34.044012],[134.316814,34.043902],[134.316565,34.043803],[134.316322,34.04376],[134.316202,34.043758],[134.315953,34.043738],[134.315864,34.043758],[134.31557,34.043958],[134.315366,34.044054],[134.31519,34.044056],[134.314823,34.044013],[134.314531,34.043959],[134.314249,34.043897],[134.313921,34.043826],[134.313562,34.043834],[134.313421,34.043869],[134.313219,34.04391],[134.312862,34.044028],[134.312732,34.044092],[134.312515,34.044147],[134.31219,34.044266],[134.311963,34.044402],[134.31165,34.044575],[134.311412,34.044729],[134.311055,34.044902],[134.311039,34.044912],[134.31072,34.045093],[134.310319,34.045203],[134.310228,34.045237],[134.309875,34.045367],[134.309225,34.045569],[134.308099,34.045898],[134.308005,34.045816],[134.307859,34.045625],[134.307754,34.045519],[134.307685,34.045439],[134.307619,34.045348],[134.307558,34.045137],[134.307513,34.044992],[134.307488,34.044841],[134.307431,34.044663],[134.307387,34.044527],[134.307319,34.04437],[134.307018,34.044375],[134.306855,34.044403],[134.306727,34.04441],[134.306319,34.04446],[134.305788,34.044442],[134.305459,34.044441],[134.305227,34.044428],[134.30518,34.044431],[134.304706,34.04446],[134.304225,34.044513],[134.303825,34.044575],[134.303591,34.044632],[134.303457,34.044667],[134.303365,34.044677],[134.303159,34.044678],[134.302887,34.044688],[134.302568,34.044711],[134.30221,34.044778],[134.302009,34.044782],[134.301673,34.044801],[134.30142,34.044814],[134.301236,34.044846],[134.300975,34.044923],[134.300842,34.044957],[134.300558,34.045],[134.300294,34.04502],[134.299995,34.04501],[134.299715,34.045015],[134.299259,34.045049],[134.299037,34.045075],[134.298716,34.045172],[134.298451,34.045238],[134.298176,34.045324],[134.297972,34.045429],[134.297791,34.045475],[134.297591,34.045476],[134.297417,34.045474],[134.297227,34.045431],[134.29707,34.045404],[134.296779,34.045322],[134.296453,34.045297],[134.296074,34.045301],[134.295623,34.04519],[134.295236,34.045032],[134.294979,34.044887],[134.294819,34.044739],[134.294728,34.04457],[134.2947,34.044517],[134.29456,34.044323],[134.294359,34.044222],[134.293927,34.044255],[134.29382,34.044267],[134.293709,34.04428],[134.293419,34.044313],[134.292796,34.044312],[134.292088,34.044402],[134.291851,34.044368],[134.291807,34.044354],[134.291383,34.044116],[134.291104,34.043764],[134.290902,34.043409],[134.290698,34.043236],[134.290509,34.043152],[134.29036,34.043147],[134.290238,34.043143],[134.289919,34.043098],[134.289859,34.043067],[134.289587,34.042926],[134.28958,34.042923],[134.289563,34.042886],[134.289436,34.042737],[134.289257,34.042635],[134.289111,34.042531],[134.288958,34.042302],[134.288827,34.042071],[134.288697,34.04185],[134.288538,34.04172],[134.288412,34.041656],[134.288371,34.041635],[134.28817,34.041563],[134.288066,34.041452],[134.287576,34.041293],[134.287199,34.041183],[134.287187,34.04117],[134.287078,34.040948],[134.286973,34.040798],[134.286828,34.040713],[134.2864,34.040628],[134.28574,34.04065],[134.285426,34.040639],[134.28498,34.040622],[134.284687,34.040614],[134.284255,34.040656],[134.284034,34.040723],[134.283956,34.040747],[134.283336,34.04112],[134.282704,34.041399],[134.28254,34.041416],[134.28237,34.041434],[134.282302,34.041441],[134.282084,34.041405],[134.282048,34.041399],[134.281901,34.041387],[134.281449,34.041347],[134.280755,34.041335],[134.280711,34.041334],[134.28018,34.041328],[134.279997,34.041331],[134.279638,34.041337],[134.27957,34.041362],[134.279287,34.041466],[134.278933,34.041692],[134.278814,34.041781],[134.27867,34.041835],[134.278536,34.041868],[134.278378,34.041875],[134.277962,34.041851],[134.277796,34.041814],[134.277566,34.041783],[134.277114,34.041683],[134.276818,34.041731],[134.2767,34.041724],[134.276426,34.041708],[134.276112,34.04171],[134.275642,34.041833],[134.275311,34.041868],[134.275061,34.041943],[134.274947,34.04204],[134.274694,34.042414],[134.274617,34.042541],[134.274529,34.042615],[134.274333,34.042704],[134.274192,34.042755],[134.27399,34.042753],[134.273509,34.042686],[134.273174,34.042661],[134.272938,34.042654],[134.272635,34.042662],[134.272381,34.042669],[134.272226,34.042691],[134.272025,34.042719],[134.271883,34.042766],[134.271285,34.042931],[134.270945,34.043077],[134.270751,34.04326],[134.270663,34.043349],[134.270544,34.043432],[134.27045,34.043503],[134.27033,34.04358],[134.270231,34.043654],[134.270102,34.04374],[134.269962,34.043052],[134.269963,34.042441],[134.27002,34.041626],[134.270049,34.040789],[134.270133,34.040042],[134.270323,34.038846],[134.27036,34.038599],[134.270472,34.038071],[134.270521,34.037935],[134.270717,34.037384],[134.271069,34.036647],[134.271311,34.03622],[134.271554,34.035127],[134.271589,34.034662],[134.271665,34.034198],[134.271721,34.0338],[134.271902,34.033211],[134.272115,34.032323],[134.272395,34.031705],[134.272822,34.031181],[134.273204,34.030654],[134.273668,34.030076],[134.274367,34.02921],[134.274828,34.029587],[134.275312,34.02976],[134.276035,34.029805],[134.276635,34.029732],[134.277588,34.029552],[134.278487,34.029418],[134.279603,34.029238],[134.280528,34.029172],[134.281291,34.029151],[134.28208,34.029084],[134.282446,34.029085],[134.283141,34.029033],[134.284074,34.028851],[134.284706,34.028747],[134.285669,34.028565],[134.28636,34.028371],[134.286574,34.027325],[134.286669,34.026599],[134.286736,34.026042],[134.286773,34.025328],[134.287111,34.024963],[134.287457,34.024658],[134.287846,34.024305],[134.288247,34.023949],[134.288581,34.023526],[134.288822,34.022931],[134.289077,34.02224],[134.289268,34.021683],[134.289393,34.021004],[134.289476,34.020312],[134.289468,34.0189],[134.289021,34.018683],[134.288772,34.018458],[134.288201,34.017886],[134.287829,34.017338],[134.287388,34.016748],[134.286429,34.015567],[134.285534,34.014605],[134.285208,34.013926],[134.284728,34.013074],[134.284462,34.01257],[134.284231,34.012133],[134.284106,34.011698],[134.284121,34.010952],[134.284223,34.010133],[134.284535,34.008936],[134.285356,34.008241],[134.286332,34.007597],[134.287062,34.00698],[134.28779,34.006107],[134.288458,34.005439],[134.289369,34.004463],[134.290096,34.003489],[134.290521,34.003026],[134.291203,34.002445],[134.291489,34.002499],[134.292077,34.002299],[134.292677,34.002233],[134.293314,34.002441],[134.293989,34.002574],[134.294801,34.002458],[134.295764,34.002391],[134.296226,34.002666],[134.296576,34.003024],[134.296688,34.003316],[134.296826,34.003599],[134.297151,34.004366],[134.297288,34.004549],[134.297776,34.004882],[134.298051,34.005199],[134.298163,34.005399],[134.298326,34.005874],[134.298488,34.006007],[134.298813,34.006416],[134.298926,34.006482],[134.299464,34.006341],[134.300739,34.005774],[134.300976,34.005707],[134.301301,34.005566],[134.301764,34.005116],[134.302114,34.005066],[134.302201,34.005091],[134.302667,34.005101],[134.302779,34.005103],[134.303014,34.005108],[134.303316,34.005119],[134.304126,34.005149],[134.304689,34.005108],[134.305076,34.005124],[134.305376,34.005191],[134.305839,34.005233],[134.306102,34.005141],[134.306352,34.005166],[134.306652,34.005249],[134.307214,34.005366],[134.307952,34.005383],[134.308214,34.005341],[134.308652,34.005399],[134.309277,34.005716],[134.309552,34.006049],[134.309689,34.006299],[134.310077,34.006816],[134.310339,34.007041],[134.310539,34.007291],[134.310752,34.007449],[134.311239,34.007649],[134.311927,34.007666],[134.312514,34.007599],[134.313189,34.007324],[134.313839,34.006941],[134.313862,34.006931],[134.314576,34.006616],[134.314714,34.006579],[134.314976,34.006508],[134.315814,34.006408],[134.316901,34.006358],[134.317476,34.006291],[134.317901,34.006066],[134.318389,34.005949],[134.318501,34.005949],[134.318739,34.005816],[134.318964,34.005449],[134.319014,34.005266],[134.319114,34.0052],[134.319576,34.004999],[134.320251,34.004924],[134.320689,34.004966],[134.320964,34.004899],[134.321201,34.004716],[134.321639,34.004516],[134.321989,34.004425],[134.322501,34.004175],[134.3235,34.003692],[134.323882,34.003477],[134.324226,34.003241],[134.324466,34.00309],[134.324663,34.002966],[134.324743,34.002932],[134.324876,34.002875],[134.325063,34.002875],[134.325113,34.002925],[134.32499,34.003109],[134.324893,34.003352],[134.324588,34.004033],[134.324326,34.004774],[134.323951,34.005208],[134.323651,34.005383],[134.323651,34.005458],[134.323976,34.005674],[134.324113,34.005833],[134.324063,34.006333],[134.323876,34.006691],[134.323551,34.007058],[134.323463,34.007233],[134.323438,34.007533],[134.323501,34.007732],[134.323501,34.00788],[134.323501,34.007958],[134.323363,34.008524],[134.323401,34.008699],[134.323563,34.008857],[134.324163,34.009174],[134.324401,34.009374],[134.324651,34.009941],[134.324813,34.010166],[134.325513,34.010207],[134.325609,34.010259],[134.326088,34.010516],[134.3265,34.010541],[134.326763,34.010582],[134.326963,34.010782],[134.32715,34.011124],[134.327663,34.011524],[134.327838,34.011974],[134.32805,34.01229],[134.328538,34.012582],[134.3287,34.012765],[134.329063,34.013007],[134.32925,34.013074],[134.329987,34.013232],[134.330175,34.01334],[134.330239,34.013497],[134.33025,34.013524],[134.33015,34.013857],[134.329775,34.014607],[134.329775,34.014765],[134.329862,34.014965],[134.330227,34.01533],[134.330287,34.01539],[134.33047,34.015829],[134.3306,34.01614],[134.330737,34.016673],[134.3309,34.016923],[134.330812,34.017173],[134.330625,34.017423],[134.33055,34.017715],[134.3306,34.01794],[134.330825,34.018206],[134.331337,34.01859],[134.331825,34.018815],[134.332562,34.019423],[134.332862,34.019598],[134.333549,34.01994],[134.333949,34.020181],[134.334087,34.020406],[134.334062,34.020565],[134.334087,34.020681],[134.334037,34.020948],[134.334062,34.021223],[134.334212,34.022031],[134.334312,34.022298],[134.334374,34.022639],[134.334433,34.022774],[134.334462,34.022839],[134.334674,34.023131],[134.334812,34.023406],[134.335087,34.024256],[134.334924,34.024872],[134.335028,34.025106],[134.335124,34.025322],[134.335124,34.025881],[134.335174,34.026089],[134.335212,34.026672],[134.335074,34.026964],[134.334887,34.027189],[134.334724,34.027889],[134.334649,34.02803],[134.334624,34.028189],[134.334649,34.028322],[134.334574,34.028997],[134.334837,34.029628],[134.334926,34.0298],[134.334895,34.029774],[134.334853,34.029748],[134.334764,34.029771],[134.334726,34.029802],[134.33459,34.02989],[134.334349,34.030085],[134.333942,34.030412],[134.333743,34.030597],[134.333628,34.030686],[134.333429,34.03081],[134.33326,34.03102],[134.333172,34.031034],[134.332968,34.031014],[134.33289,34.031053],[134.332865,34.03114],[134.332845,34.031262],[134.332794,34.031384],[134.332763,34.031432],[134.332693,34.03156],[134.332583,34.031764],[134.33242,34.032096],[134.33223,34.032549],[134.332031,34.032716],[134.331654,34.032912],[134.331539,34.033009],[134.331434,34.033124],[134.33131,34.033291],[134.33111,34.033389],[134.331001,34.033517],[134.330877,34.03371],[134.330709,34.033817],[134.330446,34.03388],[134.330194,34.033951],[134.329952,34.034023],[134.329816,34.034112],[134.329775,34.034235],[134.329785,34.034303]]]},"properties":{"S_NAME":"美郷","HCODE":8101}},{"type":"Feature","geometry":{"type":"Polygon","coordinates":[[[134.274367,34.02921],[134.273768,34.029081],[134.273071,34.029003],[134.272555,34.029],[134.272232,34.02902],[134.271918,34.029087],[134.271563,34.02922],[134.271187,34.029423],[134.270905,34.029547],[134.270529,34.029663],[134.270215,34.029726],[134.269953,34.029771],[134.269485,34.029904],[134.269077,34.029939],[134.268637,34.02976],[134.268277,34.029513],[134.267874,34.029069],[134.267573,34.028723],[134.26714,34.028381],[134.266515,34.028091],[134.266147,34.027989],[134.265696,34.027939],[134.265289,34.027977],[134.264915,34.02815],[134.264253,34.028695],[134.263845,34.028982],[134.263314,34.029498],[134.262194,34.030396],[134.262012,34.030464],[134.26183,34.030455],[134.261042,34.030223],[134.260195,34.029925],[134.259565,34.029549],[134.259084,34.029239],[134.258934,34.02912],[134.258662,34.028903],[134.25914,34.028757],[134.25935,34.028609],[134.259558,34.028393],[134.259685,34.028168],[134.259847,34.027963],[134.259905,34.027855],[134.260032,34.027689],[134.260099,34.027367],[134.259992,34.027153],[134.259873,34.026978],[134.259754,34.026775],[134.259588,34.026493],[134.259562,34.02623],[134.259465,34.02586],[134.259503,34.025451],[134.259563,34.025148],[134.260415,34.023967],[134.260809,34.023415],[134.261017,34.02311],[134.261128,34.022768],[134.261194,34.022417],[134.261168,34.022085],[134.260971,34.021735],[134.26059,34.021187],[134.26029,34.02081],[134.260265,34.020783],[134.260246,34.020762],[134.260003,34.020499],[134.259744,34.020157],[134.257179,34.017127],[134.256212,34.015967],[134.256016,34.015732],[134.255968,34.01568],[134.255963,34.015674],[134.254935,34.014554],[134.254132,34.013426],[134.253855,34.013446],[134.253568,34.013477],[134.253325,34.013551],[134.253074,34.013682],[134.252641,34.013902],[134.25226,34.014165],[134.251846,34.014405],[134.25152,34.014577],[134.25114,34.014683],[134.250734,34.014767],[134.250246,34.014743],[134.248729,34.014669],[134.248159,34.014752],[134.247834,34.014836],[134.24759,34.014944],[134.247373,34.015094],[134.246906,34.015729],[134.246733,34.015572],[134.246612,34.015473],[134.246362,34.015309],[134.246183,34.015217],[134.246091,34.015146],[134.246013,34.015049],[134.245897,34.014849],[134.245846,34.014765],[134.245385,34.014471],[134.244452,34.013878],[134.243752,34.013459],[134.243264,34.013206],[134.242988,34.013068],[134.24286,34.012959],[134.242752,34.012867],[134.24259,34.012633],[134.242492,34.012477],[134.242415,34.012342],[134.242308,34.012061],[134.242282,34.011972],[134.24218,34.011897],[134.242037,34.011851],[134.241514,34.0117],[134.241387,34.011641],[134.241259,34.011536],[134.241151,34.011427],[134.241038,34.01136],[134.240916,34.011323],[134.240794,34.011328],[134.240561,34.011393],[134.240368,34.011436],[134.240023,34.011548],[134.239891,34.011583],[134.239784,34.011583],[134.239636,34.011533],[134.239429,34.011423],[134.239297,34.011381],[134.239129,34.011412],[134.239028,34.011467],[134.238917,34.011553],[134.238786,34.011693],[134.238362,34.012055],[134.238155,34.012264],[134.238061,34.012256],[134.238999,34.010898],[134.239547,34.009835],[134.240093,34.009135],[134.240857,34.008299],[134.241485,34.007621],[134.242401,34.007016],[134.243348,34.006379],[134.243891,34.005876],[134.244294,34.005521],[134.245504,34.004632],[134.246201,34.004348],[134.247181,34.004033],[134.248134,34.003672],[134.248897,34.003425],[134.249849,34.00294],[134.250111,34.002606],[134.250249,34.002208],[134.25026,34.001836],[134.250255,34.001315],[134.250131,34.000855],[134.249789,34.000197],[134.249566,33.999537],[134.249182,33.998876],[134.248858,33.997924],[134.248534,33.997064],[134.24802,33.996135],[134.247587,33.995342],[134.247181,33.994526],[134.247095,33.99436],[134.246721,33.993642],[134.246676,33.9931],[134.246745,33.992313],[134.2469,33.991802],[134.247061,33.991184],[134.247264,33.990268],[134.247588,33.989352],[134.24827,33.988561],[134.249244,33.987749],[134.24935,33.987626],[134.25014,33.987016],[134.250958,33.986543],[134.25172,33.986205],[134.252729,33.985527],[134.253464,33.985099],[134.254009,33.984738],[134.254024,33.984719],[134.25522,33.985302],[134.255645,33.985752],[134.25607,33.986118],[134.256257,33.986227],[134.257607,33.986227],[134.258382,33.986277],[134.259082,33.98621],[134.259782,33.986252],[134.260439,33.986405],[134.260569,33.986435],[134.261294,33.98646],[134.261719,33.986552],[134.261994,33.98696],[134.262282,33.987518],[134.262794,33.987677],[134.263519,33.987702],[134.264269,33.98791],[134.265131,33.988018],[134.265756,33.988135],[134.266206,33.988068],[134.266481,33.98816],[134.266831,33.988518],[134.267419,33.988835],[134.268794,33.98881],[134.269106,33.988885],[134.269594,33.989427],[134.270431,33.990168],[134.271131,33.990552],[134.271656,33.991027],[134.272381,33.991593],[134.27303,33.992018],[134.273868,33.992243],[134.274105,33.992335],[134.274172,33.992392],[134.274718,33.99286],[134.275293,33.992768],[134.275743,33.99261],[134.27618,33.992635],[134.27688,33.992518],[134.27758,33.992568],[134.278217,33.992368],[134.278792,33.991985],[134.279892,33.992118],[134.281267,33.991893],[134.281829,33.991626],[134.282188,33.991354],[134.282279,33.991285],[134.282501,33.991258],[134.283042,33.99151],[134.283891,33.992326],[134.284379,33.992893],[134.285104,33.993434],[134.285554,33.9936],[134.285828,33.993701],[134.286391,33.993843],[134.286528,33.993926],[134.286591,33.994048],[134.286716,33.994292],[134.286828,33.994834],[134.287116,33.995392],[134.287278,33.995551],[134.287491,33.996001],[134.287578,33.9965],[134.287765,33.996925],[134.288053,33.997334],[134.28814,33.998283],[134.288615,33.99905],[134.288665,33.999933],[134.288777,34.000491],[134.28894,34.000858],[134.289202,34.001283],[134.289365,34.001441],[134.289937,34.001749],[134.290397,34.001996],[134.290714,34.002166],[134.291139,34.002433],[134.291203,34.002445],[134.290521,34.003026],[134.290096,34.003489],[134.289369,34.004463],[134.288458,34.005439],[134.28779,34.006107],[134.287062,34.00698],[134.286332,34.007597],[134.285356,34.008241],[134.284535,34.008936],[134.284223,34.010133],[134.284121,34.010952],[134.284106,34.011698],[134.284231,34.012133],[134.284462,34.01257],[134.284728,34.013074],[134.285208,34.013926],[134.285534,34.014605],[134.286429,34.015567],[134.287388,34.016748],[134.287829,34.017338],[134.288201,34.017886],[134.288772,34.018458],[134.289021,34.018683],[134.289468,34.0189],[134.289476,34.020312],[134.289393,34.021004],[134.289268,34.021683],[134.289077,34.02224],[134.288822,34.022931],[134.288581,34.023526],[134.288247,34.023949],[134.287846,34.024305],[134.287457,34.024658],[134.287111,34.024963],[134.286773,34.025328],[134.286736,34.026042],[134.286669,34.026599],[134.286574,34.027325],[134.28636,34.028371],[134.285669,34.028565],[134.284706,34.028747],[134.284074,34.028851],[134.283141,34.029033],[134.282446,34.029085],[134.28208,34.029084],[134.281291,34.029151],[134.280528,34.029172],[134.279603,34.029238],[134.278487,34.029418],[134.277588,34.029552],[134.276635,34.029732],[134.276035,34.029805],[134.275312,34.02976],[134.274828,34.029587],[134.274367,34.02921]]]},"properties":{"S_NAME":"美郷","HCODE":8101}},{"type":"Feature","geometry":{"type":"Polygon","coordinates":[[[134.238061,34.012256],[134.23687,34.012164],[134.236372,34.012038],[134.23618,34.011941],[134.236006,34.011901],[134.235861,34.011899],[134.235006,34.012015],[134.234351,34.01205],[134.233968,34.012062],[134.233702,34.012043],[134.23343,34.012009],[134.233126,34.011929],[134.232896,34.011822],[134.232726,34.011733],[134.232583,34.011662],[134.232422,34.011632],[134.232174,34.011597],[134.231735,34.011554],[134.231419,34.011448],[134.231112,34.011334],[134.230392,34.010998],[134.230131,34.010866],[134.229907,34.010724],[134.229465,34.010366],[134.229262,34.010139],[134.2288,34.009617],[134.228501,34.009336],[134.228362,34.009257],[134.228163,34.009155],[134.227203,34.008536],[134.226936,34.008388],[134.226833,34.008299],[134.226798,34.008193],[134.22679,34.008055],[134.226752,34.007947],[134.226071,34.007362],[134.225611,34.007072],[134.22548,34.006928],[134.225201,34.006526],[134.224968,34.005957],[134.224765,34.005459],[134.22469,34.005351],[134.224446,34.005193],[134.224249,34.005066],[134.224152,34.005061],[134.223931,34.005062],[134.2237,34.005034],[134.223407,34.004917],[134.223264,34.004864],[134.222878,34.004574],[134.222391,34.00418],[134.222254,34.004056],[134.222143,34.004008],[134.221935,34.003945],[134.221408,34.00384],[134.221161,34.003776],[134.220672,34.003633],[134.220412,34.003549],[134.220262,34.003535],[134.219944,34.003537],[134.219636,34.003548],[134.219232,34.003562],[134.219048,34.003557],[134.218913,34.003522],[134.218841,34.00344],[134.218841,34.003334],[134.218803,34.003057],[134.21878,34.002904],[134.218658,34.002716],[134.218525,34.002479],[134.218388,34.002138],[134.218337,34.001943],[134.218363,34.001708],[134.21844,34.001341],[134.21844,34.001225],[134.218431,34.001032],[134.218378,34.000803],[134.218327,34.000695],[134.218224,34.000569],[134.217962,34.00039],[134.217478,34.000035],[134.216763,33.999406],[134.216388,33.999056],[134.216176,33.998829],[134.216036,33.99863],[134.215867,33.998288],[134.215775,33.998147],[134.215578,33.997925],[134.215381,33.997746],[134.21521,33.997623],[134.215078,33.997437],[134.215055,33.997245],[134.215078,33.996953],[134.215097,33.996706],[134.215052,33.996471],[134.214978,33.996273],[134.21489,33.996159],[134.214781,33.996099],[134.214658,33.996064],[134.214354,33.996059],[134.214,33.996116],[134.213711,33.996184],[134.213566,33.996245],[134.213495,33.996347],[134.213424,33.996511],[134.213371,33.996628],[134.213227,33.99681],[134.212961,33.99704],[134.21276,33.997186],[134.212421,33.997369],[134.212306,33.997417],[134.211619,33.99753],[134.211185,33.997556],[134.210542,33.997645],[134.210227,33.997698],[134.210061,33.997717],[134.209815,33.997694],[134.209619,33.997635],[134.209277,33.997492],[134.208961,33.997346],[134.208809,33.997293],[134.208686,33.997294],[134.208563,33.997349],[134.208499,33.997427],[134.208384,33.997543],[134.208247,33.997628],[134.207601,33.997887],[134.207507,33.997882],[134.207269,33.997895],[134.207124,33.997938],[134.207009,33.998029],[134.206908,33.998102],[134.206779,33.998163],[134.206605,33.998206],[134.206432,33.99825],[134.206135,33.998257],[134.205968,33.998234],[134.20578,33.998187],[134.205635,33.998146],[134.205533,33.998128],[134.205447,33.998183],[134.205426,33.998267],[134.20542,33.998478],[134.205311,33.998873],[134.205148,33.999266],[134.205064,33.999549],[134.204899,33.999749],[134.204812,33.999798],[134.204749,33.999809],[134.204633,33.999806],[134.20451,33.999792],[134.204405,33.999808],[134.204333,33.99982],[134.20425,33.999827],[134.20417,33.999821],[134.204065,33.999789],[134.203477,33.999614],[134.203412,33.999627],[134.203373,33.999654],[134.203333,33.999717],[134.203265,33.999754],[134.20309,33.999811],[134.202891,33.999848],[134.202642,33.99988],[134.202345,33.999878],[134.202153,33.999843],[134.201888,33.99979],[134.201585,33.999739],[134.201444,33.999737],[134.201289,33.999756],[134.201133,33.999781],[134.200619,33.999882],[134.200391,33.999892],[134.200098,33.999927],[134.199888,33.999952],[134.199689,33.999962],[134.199519,33.999985],[134.199393,34.000021],[134.198808,34.00026],[134.197524,33.999721],[134.197637,33.999557],[134.197825,33.999016],[134.197825,33.998682],[134.198012,33.997374],[134.197962,33.996383],[134.1981,33.995433],[134.1982,33.995116],[134.198331,33.995008],[134.198362,33.994983],[134.198609,33.99471],[134.198859,33.994396],[134.199019,33.994084],[134.199099,33.993903],[134.199111,33.99366],[134.199024,33.993423],[134.198875,33.993],[134.198612,33.992075],[134.198237,33.991692],[134.197887,33.991375],[134.19735,33.990675],[134.196725,33.990242],[134.19635,33.990067],[134.196112,33.989792],[134.195787,33.989075],[134.19635,33.989075],[134.19705,33.989142],[134.197562,33.989142],[134.197937,33.989008],[134.198287,33.988733],[134.199075,33.988492],[134.199375,33.988334],[134.199662,33.987792],[134.199987,33.987634],[134.200337,33.987517],[134.200387,33.987475],[134.20045,33.987001],[134.200587,33.986842],[134.201087,33.986617],[134.201549,33.98635],[134.201924,33.986034],[134.202337,33.985584],[134.202649,33.985084],[134.202874,33.984392],[134.202936,33.984246],[134.203203,33.983956],[134.203437,33.983801],[134.203553,33.983695],[134.203624,33.983468],[134.20379,33.983013],[134.204106,33.982776],[134.204512,33.982543],[134.205537,33.982343],[134.205887,33.982201],[134.206149,33.982184],[134.206287,33.982201],[134.206987,33.982068],[134.207474,33.982026],[134.207774,33.981909],[134.207849,33.981709],[134.208687,33.981484],[134.209111,33.981534],[134.209761,33.981484],[134.210536,33.98126],[134.211299,33.980793],[134.211561,33.98081],[134.211936,33.980901],[134.213224,33.980859],[134.215086,33.98061],[134.215598,33.98046],[134.216334,33.980443],[134.216998,33.980343],[134.217323,33.980235],[134.217848,33.980081],[134.218551,33.979665],[134.219036,33.979351],[134.219898,33.97931],[134.220486,33.979376],[134.221223,33.979426],[134.221836,33.979426],[134.222373,33.979243],[134.222835,33.97916],[134.223235,33.979226],[134.223885,33.979135],[134.22426,33.978977],[134.224635,33.978868],[134.224803,33.978875],[134.224847,33.978877],[134.225035,33.978885],[134.225548,33.979043],[134.226085,33.979277],[134.22651,33.979318],[134.226998,33.979293],[134.227397,33.979452],[134.22816,33.979951],[134.228455,33.980076],[134.228667,33.980153],[134.228956,33.980244],[134.229872,33.980385],[134.230547,33.980385],[134.231485,33.980268],[134.23181,33.980185],[134.232434,33.98016],[134.233047,33.980252],[134.233422,33.980277],[134.233747,33.980202],[134.234534,33.979802],[134.234772,33.979802],[134.235384,33.979985],[134.235872,33.980002],[134.236359,33.979985],[134.236809,33.979852],[134.237459,33.979735],[134.238084,33.97976],[134.238541,33.979851],[134.238671,33.979877],[134.239321,33.980169],[134.240009,33.980502],[134.240421,33.980644],[134.240796,33.980685],[134.241096,33.980619],[134.241984,33.980102],[134.242646,33.979835],[134.243183,33.979785],[134.244458,33.97981],[134.244933,33.979902],[134.245771,33.980286],[134.246283,33.980402],[134.246708,33.980377],[134.24734,33.980464],[134.248183,33.980652],[134.249658,33.980627],[134.251433,33.980544],[134.25167,33.980836],[134.252457,33.981335],[134.25297,33.981719],[134.253495,33.982394],[134.253745,33.983069],[134.253682,33.98361],[134.25377,33.984468],[134.25392,33.984668],[134.254024,33.984719],[134.254009,33.984738],[134.253464,33.985099],[134.252729,33.985527],[134.25172,33.986205],[134.250958,33.986543],[134.25014,33.987016],[134.24935,33.987626],[134.249244,33.987749],[134.24827,33.988561],[134.247588,33.989352],[134.247264,33.990268],[134.247061,33.991184],[134.2469,33.991802],[134.246745,33.992313],[134.246676,33.9931],[134.246721,33.993642],[134.247095,33.99436],[134.247181,33.994526],[134.247587,33.995342],[134.24802,33.996135],[134.248534,33.997064],[134.248858,33.997924],[134.249182,33.998876],[134.249566,33.999537],[134.249789,34.000197],[134.250131,34.000855],[134.250255,34.001315],[134.25026,34.001836],[134.250249,34.002208],[134.250111,34.002606],[134.249849,34.00294],[134.248897,34.003425],[134.248134,34.003672],[134.247181,34.004033],[134.246201,34.004348],[134.245504,34.004632],[134.244294,34.005521],[134.243891,34.005876],[134.243348,34.006379],[134.242401,34.007016],[134.241485,34.007621],[134.240857,34.008299],[134.240093,34.009135],[134.239547,34.009835],[134.238999,34.010898],[134.238061,34.012256]],[[134.233041,34.007905],[134.233133,34.007899],[134.233206,34.007938],[134.233293,34.008054],[134.233297,34.00811],[134.233288,34.008152],[134.233217,34.008241],[134.233214,34.008289],[134.233243,34.008355],[134.233304,34.008413],[134.233449,34.008539],[134.2335,34.008613],[134.233516,34.008618],[134.233564,34.008594],[134.233707,34.008475],[134.233859,34.008353],[134.23402,34.008275],[134.234122,34.008258],[134.234205,34.008292],[134.234295,34.008374],[134.234406,34.008405],[134.23454,34.00842],[134.234856,34.008388],[134.235194,34.008402],[134.235454,34.008355],[134.235578,34.00832],[134.235686,34.008277],[134.235774,34.008247],[134.235816,34.008255],[134.235883,34.008281],[134.235912,34.008352],[134.235874,34.008427],[134.235788,34.008585],[134.235758,34.008738],[134.235781,34.008865],[134.235839,34.008955],[134.235875,34.00901],[134.235946,34.009021],[134.236847,34.008955],[134.236869,34.008723],[134.23691,34.008582],[134.236909,34.008501],[134.236939,34.008461],[134.237257,34.008299],[134.237462,34.008149],[134.23757,34.008071],[134.237623,34.007977],[134.237725,34.007788],[134.237793,34.007634],[134.237833,34.007524],[134.237878,34.007466],[134.237938,34.007425],[134.238077,34.007379],[134.238176,34.007353],[134.238444,34.007305],[134.238852,34.007245],[134.238936,34.007221],[134.23903,34.007181],[134.239102,34.00713],[134.23918,34.007054],[134.239346,34.006868],[134.239622,34.006572],[134.239697,34.006531],[134.239797,34.006515],[134.239873,34.006535],[134.239925,34.006585],[134.240008,34.006723],[134.240032,34.00673],[134.240071,34.00672],[134.240357,34.006405],[134.240438,34.006299],[134.240471,34.006233],[134.240473,34.006155],[134.240471,34.006065],[134.240397,34.00589],[134.24031,34.005633],[134.240286,34.005486],[134.240296,34.005242],[134.240361,34.00491],[134.240432,34.004736],[134.240506,34.004582],[134.240594,34.004364],[134.240622,34.004145],[134.24068,34.00369],[134.240703,34.003556],[134.240722,34.003464],[134.240793,34.003295],[134.241077,34.002776],[134.241145,34.002552],[134.241234,34.0022],[134.241386,34.001502],[134.241373,34.001396],[134.241335,34.00125],[134.241238,34.001111],[134.24115,34.001026],[134.241062,34.000953],[134.240989,34.000901],[134.240922,34.000861],[134.240819,34.000857],[134.240764,34.000867],[134.240632,34.000908],[134.240455,34.000956],[134.240032,34.001044],[134.239809,34.001078],[134.239337,34.001129],[134.239178,34.001143],[134.238988,34.001195],[134.238704,34.001265],[134.238593,34.00128],[134.238493,34.001284],[134.238402,34.001282],[134.238317,34.00127],[134.237821,34.001067],[134.237599,34.000945],[134.237568,34.000908],[134.237565,34.00086],[134.237588,34.000804],[134.237691,34.000716],[134.237935,34.000486],[134.238037,34.000352],[134.23806,34.000264],[134.238072,34.000186],[134.238038,34.000019],[134.238029,33.999923],[134.238037,33.99987],[134.238093,33.999711],[134.23826,33.999261],[134.238571,33.998588],[134.238622,33.998403],[134.238618,33.998294],[134.23859,33.998209],[134.238538,33.998098],[134.238473,33.997998],[134.238388,33.99791],[134.238293,33.997841],[134.238098,33.99777],[134.237903,33.997716],[134.237712,33.997654],[134.237601,33.997555],[134.23754,33.997437],[134.23746,33.997312],[134.237305,33.997135],[134.23715,33.997025],[134.236983,33.996941],[134.236096,33.99666],[134.235307,33.996385],[134.235098,33.996339],[134.234876,33.99631],[134.234439,33.996264],[134.234239,33.996222],[134.23416,33.996185],[134.233965,33.99606],[134.233854,33.995954],[134.23372,33.995909],[134.233584,33.99591],[134.233363,33.995919],[134.233185,33.995932],[134.233012,33.995918],[134.232913,33.995919],[134.23286,33.995931],[134.232788,33.995986],[134.23271,33.996128],[134.232624,33.996289],[134.232476,33.996498],[134.232123,33.996928],[134.231995,33.997091],[134.231867,33.997344],[134.23162,33.997893],[134.231368,33.998316],[134.231154,33.998649],[134.230968,33.998854],[134.230704,33.999079],[134.230404,33.999256],[134.229989,33.99945],[134.229798,33.999578],[134.229665,33.999685],[134.229599,33.999766],[134.229537,33.999909],[134.229474,34.000097],[134.229438,34.000163],[134.229303,34.000297],[134.229143,34.000458],[134.229014,34.00064],[134.228977,34.00077],[134.228977,34.001032],[134.228987,34.001218],[134.228958,34.001314],[134.2289,34.001406],[134.228546,34.001761],[134.228112,34.00221],[134.227906,34.002321],[134.227746,34.002385],[134.227647,34.002448],[134.227533,34.002547],[134.227452,34.002638],[134.227401,34.002734],[134.227284,34.003008],[134.227224,34.003124],[134.227164,34.003178],[134.226951,34.00335],[134.226526,34.003684],[134.226281,34.003903],[134.226185,34.004032],[134.226108,34.004168],[134.226018,34.004282],[134.225909,34.004397],[134.22562,34.004636],[134.225401,34.004786],[134.225392,34.004806],[134.225416,34.004823],[134.225462,34.004843],[134.225619,34.004857],[134.225828,34.004891],[134.226244,34.004998],[134.2266,34.005089],[134.226803,34.005133],[134.227006,34.005195],[134.227357,34.005318],[134.227669,34.005444],[134.228003,34.005558],[134.228155,34.005603],[134.228307,34.00565],[134.228525,34.005719],[134.228757,34.005817],[134.228928,34.005924],[134.229077,34.006034],[134.229196,34.006169],[134.229249,34.006287],[134.229253,34.006426],[134.229248,34.006534],[134.229228,34.006668],[134.229141,34.006839],[134.22913,34.006905],[134.229145,34.006948],[134.229203,34.006993],[134.229307,34.007065],[134.229334,34.007123],[134.229335,34.007173],[134.229289,34.007285],[134.229028,34.007589],[134.229035,34.007622],[134.229068,34.007664],[134.229277,34.007868],[134.229323,34.007959],[134.229333,34.008026],[134.229397,34.008077],[134.229491,34.008146],[134.229608,34.0082],[134.229766,34.008259],[134.229957,34.008281],[134.230051,34.00829],[134.230078,34.008315],[134.230079,34.008348],[134.230028,34.008427],[134.229976,34.008499],[134.229946,34.008602],[134.229951,34.008745],[134.229963,34.008839],[134.230046,34.008972],[134.230083,34.009037],[134.230067,34.009217],[134.23013,34.00925],[134.230344,34.009192],[134.230714,34.008979],[134.230871,34.008926],[134.231343,34.008773],[134.23163,34.008668],[134.232042,34.008444],[134.232569,34.008154],[134.232841,34.007986],[134.233041,34.007905]]]},"properties":{"S_NAME":"美郷","HCODE":8101}}]}