{"type":"FeatureCollection","features":[{"type":"Feature","geometry":{"type":"MultiPolygon","coordinates":[[[[133.99376,34.072618],[133.993657,34.072657],[133.993549,34.072698],[133.993446,34.072734],[133.993352,34.072765],[133.993268,34.072791],[133.993196,34.072818],[133.993133,34.072843],[133.993077,34.072868],[133.993067,34.072872],[133.993022,34.072887],[133.992992,34.072894],[133.992926,34.072902],[133.992848,34.072903],[133.992756,34.072902],[133.992644,34.072901],[133.992522,34.072902],[133.992402,34.072905],[133.992302,34.07291],[133.992232,34.072916],[133.992184,34.072925],[133.992144,34.072937],[133.992099,34.072953],[133.992048,34.072973],[133.991994,34.072997],[133.991943,34.073023],[133.991898,34.07305],[133.991855,34.073076],[133.991831,34.073087],[133.991778,34.073102],[133.991748,34.073106],[133.991679,34.073106],[133.991603,34.073102],[133.991528,34.073097],[133.991459,34.073093],[133.991393,34.073092],[133.991327,34.073093],[133.991257,34.073095],[133.991187,34.073099],[133.99112,34.073107],[133.99106,34.07312],[133.991011,34.073141],[133.990957,34.07318],[133.990879,34.073247],[133.990216,34.073843],[133.990089,34.073941],[133.990017,34.074007],[133.989987,34.074042],[133.989963,34.07408],[133.989945,34.074117],[133.989932,34.074158],[133.989924,34.074199],[133.989913,34.074283],[133.989904,34.074366],[133.989887,34.074444],[133.989858,34.074619],[133.989791,34.074664],[133.989689,34.074677],[133.989563,34.074677],[133.989433,34.074678],[133.989331,34.074686],[133.98922,34.074711],[133.989201,34.074722],[133.989087,34.074713],[133.988973,34.074703],[133.9888,34.07469],[133.988653,34.074679],[133.988531,34.074669],[133.988426,34.074659],[133.988348,34.074647],[133.988279,34.074636],[133.98821,34.07462],[133.988184,34.074612],[133.988147,34.074601],[133.988083,34.074577],[133.98802,34.07455],[133.987962,34.074521],[133.987907,34.07449],[133.987872,34.074466],[133.987806,34.074421],[133.98776,34.074385],[133.987679,34.074315],[133.987622,34.074263],[133.987596,34.074241],[133.987549,34.074203],[133.987512,34.074174],[133.987484,34.074156],[133.987417,34.074114],[133.987369,34.074089],[133.987334,34.074073],[133.987264,34.074041],[133.9872,34.074018],[133.98715,34.074001],[133.987094,34.073983],[133.987075,34.073977],[133.986979,34.07395],[133.986948,34.073942],[133.986846,34.073916],[133.986707,34.073885],[133.986565,34.07385],[133.986456,34.073823],[133.986339,34.073787],[133.986294,34.07377],[133.986253,34.073751],[133.986218,34.073731],[133.986191,34.07371],[133.986141,34.073664],[133.986136,34.073658],[133.98613,34.073651],[133.986122,34.073641],[133.986115,34.073634],[133.986109,34.073627],[133.986102,34.073619],[133.986098,34.073614],[133.986092,34.073608],[133.986089,34.073604],[133.986086,34.073601],[133.986081,34.073596],[133.986077,34.073592],[133.986072,34.073586],[133.986065,34.073579],[133.98606,34.073573],[133.986055,34.073568],[133.986052,34.073565],[133.986048,34.073561],[133.986044,34.073556],[133.986039,34.073551],[133.986034,34.073546],[133.986031,34.073543],[133.986027,34.073538],[133.986022,34.073533],[133.986014,34.073525],[133.986006,34.073518],[133.985999,34.07351],[133.985988,34.073499],[133.985978,34.073489],[133.98597,34.073481],[133.985965,34.073476],[133.985957,34.07347],[133.985947,34.073462],[133.985936,34.073452],[133.985923,34.073441],[133.985912,34.073432],[133.985898,34.07342],[133.985891,34.073415],[133.985884,34.073411],[133.985878,34.073406],[133.985872,34.073402],[133.985868,34.0734],[133.985866,34.073399],[133.985858,34.073394],[133.98585,34.07339],[133.98584,34.073385],[133.98583,34.073382],[133.985814,34.073377],[133.9858,34.073374],[133.985789,34.073372],[133.985773,34.073372],[133.985764,34.073372],[133.985758,34.073373],[133.985748,34.073375],[133.985738,34.073377],[133.985728,34.073379],[133.985722,34.07338],[133.985714,34.073381],[133.985709,34.073383],[133.9857,34.073385],[133.985691,34.073387],[133.985683,34.073389],[133.985678,34.073391],[133.985669,34.073393],[133.985663,34.073394],[133.98566,34.073395],[133.985654,34.073397],[133.985648,34.073398],[133.985638,34.073401],[133.985633,34.073402],[133.985627,34.073403],[133.985621,34.073405],[133.985615,34.073406],[133.985609,34.073408],[133.985603,34.073409],[133.985598,34.07341],[133.985592,34.073412],[133.985586,34.073413],[133.985579,34.073415],[133.985571,34.073418],[133.985565,34.073419],[133.985555,34.073422],[133.985548,34.073424],[133.985538,34.073427],[133.985531,34.073429],[133.985524,34.073431],[133.985515,34.073434],[133.985509,34.073436],[133.9855,34.073439],[133.985489,34.073442],[133.985478,34.073446],[133.985467,34.07345],[133.98546,34.073452],[133.985456,34.073453],[133.985447,34.073457],[133.985441,34.073459],[133.985435,34.073462],[133.985429,34.073464],[133.985426,34.073465],[133.985415,34.073469],[133.985409,34.073472],[133.985404,34.073474],[133.985401,34.073475],[133.985399,34.073476],[133.985393,34.073479],[133.985387,34.073482],[133.985381,34.073484],[133.985374,34.073488],[133.98537,34.07349],[133.985366,34.073492],[133.98536,34.073495],[133.985354,34.073497],[133.98535,34.0735],[133.985344,34.073503],[133.985339,34.073505],[133.985334,34.073507],[133.985326,34.073511],[133.985321,34.073514],[133.985317,34.073516],[133.985313,34.073518],[133.985309,34.07352],[133.985304,34.073523],[133.985295,34.073527],[133.985285,34.073532],[133.985279,34.073535],[133.98527,34.073539],[133.985261,34.073543],[133.985256,34.073546],[133.98525,34.073548],[133.985244,34.073551],[133.98524,34.073553],[133.985235,34.073555],[133.98523,34.073558],[133.985227,34.073559],[133.985221,34.073562],[133.985216,34.073565],[133.985211,34.073567],[133.985205,34.07357],[133.985201,34.073572],[133.985195,34.073574],[133.985185,34.073579],[133.985174,34.073584],[133.985164,34.073589],[133.98516,34.073591],[133.985149,34.073595],[133.985139,34.0736],[133.985128,34.073605],[133.985117,34.07361],[133.985111,34.073613],[133.985108,34.073615],[133.985103,34.073617],[133.985094,34.07362],[133.985083,34.073626],[133.985073,34.07363],[133.985062,34.073635],[133.985052,34.073639],[133.985047,34.073642],[133.985036,34.073646],[133.985027,34.07365],[133.985022,34.073653],[133.985013,34.073657],[133.985006,34.07366],[133.985003,34.073661],[133.985,34.073662],[133.984981,34.073671],[133.984962,34.07368],[133.984941,34.07369],[133.984922,34.073699],[133.984903,34.073708],[133.984884,34.073717],[133.984864,34.073726],[133.984846,34.073735],[133.984827,34.073744],[133.984808,34.073753],[133.984789,34.073762],[133.98477,34.073771],[133.984751,34.073779],[133.984733,34.073788],[133.984715,34.073797],[133.984699,34.073804],[133.984682,34.073813],[133.984674,34.073816],[133.984665,34.07382],[133.984661,34.073822],[133.984655,34.073825],[133.984641,34.073831],[133.984631,34.073836],[133.984622,34.073841],[133.984611,34.073846],[133.984601,34.07385],[133.984586,34.073857],[133.984571,34.073865],[133.984562,34.073869],[133.984553,34.073873],[133.984538,34.07388],[133.984524,34.073887],[133.984511,34.073893],[133.984495,34.0739],[133.984482,34.073907],[133.984469,34.073913],[133.984455,34.07392],[133.984438,34.073928],[133.984425,34.073934],[133.984409,34.073941],[133.984395,34.073947],[133.984387,34.073952],[133.984364,34.073965],[133.984349,34.073972],[133.984339,34.073978],[133.984329,34.073983],[133.984315,34.073991],[133.984299,34.073999],[133.984281,34.074009],[133.984269,34.074015],[133.984262,34.074019],[133.984258,34.074021],[133.984254,34.074023],[133.984237,34.074034],[133.984221,34.074043],[133.984207,34.074052],[133.984194,34.07406],[133.984184,34.074066],[133.984173,34.074073],[133.98415,34.074088],[133.984136,34.074097],[133.984126,34.074103],[133.984123,34.074105],[133.984118,34.074108],[133.984098,34.074123],[133.984085,34.074132],[133.984068,34.074144],[133.984055,34.074154],[133.984041,34.074164],[133.984032,34.074171],[133.984017,34.074182],[133.983998,34.074197],[133.98398,34.074211],[133.983967,34.074221],[133.983954,34.07423],[133.983942,34.074239],[133.983931,34.074248],[133.98392,34.074256],[133.983914,34.07426],[133.983908,34.074265],[133.983895,34.074273],[133.983883,34.074281],[133.983871,34.074289],[133.983859,34.074297],[133.983853,34.0743],[133.983845,34.074305],[133.983836,34.074311],[133.983826,34.074316],[133.9838,34.074329],[133.983774,34.074342],[133.983759,34.074349],[133.98374,34.074355],[133.983728,34.074358],[133.98372,34.07436],[133.983706,34.074363],[133.983697,34.074365],[133.983683,34.074368],[133.983646,34.07437],[133.983611,34.074368],[133.983575,34.074362],[133.983505,34.07434],[133.98347,34.074324],[133.98344,34.074307],[133.983403,34.074285],[133.983351,34.074252],[133.983331,34.074239],[133.98328,34.074205],[133.983226,34.074172],[133.983201,34.074159],[133.98317,34.074142],[133.983144,34.074129],[133.983104,34.074109],[133.983075,34.074095],[133.98302,34.074068],[133.982962,34.074041],[133.982928,34.074025],[133.982909,34.074018],[133.982824,34.073986],[133.982771,34.073972],[133.982721,34.073964],[133.982671,34.073961],[133.982623,34.073964],[133.982577,34.073973],[133.982531,34.073986],[133.982492,34.074],[133.982445,34.074017],[133.982339,34.074062],[133.982314,34.074073],[133.982297,34.07408],[133.982249,34.074101],[133.982221,34.074114],[133.982187,34.074129],[133.982151,34.074146],[133.982129,34.074157],[133.982079,34.074182],[133.982059,34.074192],[133.982029,34.074209],[133.981977,34.074237],[133.981938,34.074263],[133.981904,34.074286],[133.981859,34.074322],[133.981839,34.074339],[133.981815,34.074362],[133.981779,34.074397],[133.981766,34.074412],[133.98174,34.074442],[133.981722,34.074463],[133.981703,34.074486],[133.981681,34.074513],[133.981665,34.074534],[133.981645,34.074558],[133.98162,34.074589],[133.981592,34.074623],[133.981567,34.074652],[133.981543,34.074679],[133.981509,34.074717],[133.981458,34.074774],[133.98143,34.074806],[133.981404,34.074835],[133.98138,34.07486],[133.981362,34.07488],[133.981345,34.074899],[133.981331,34.074915],[133.981317,34.074931],[133.981284,34.074968],[133.981267,34.074987],[133.981226,34.075034],[133.981202,34.07506],[133.981182,34.075082],[133.981145,34.075123],[133.981084,34.075181],[133.981015,34.075236],[133.98099,34.075252],[133.980944,34.075282],[133.980909,34.0753],[133.980874,34.075314],[133.980842,34.075323],[133.980812,34.075326],[133.980784,34.075324],[133.980758,34.075318],[133.980708,34.075296],[133.980657,34.075269],[133.980599,34.075239],[133.980534,34.07521],[133.980456,34.075183],[133.980363,34.075157],[133.98031,34.075146],[133.980193,34.075124],[133.98006,34.075107],[133.979912,34.075095],[133.979753,34.07509],[133.97967,34.075091],[133.9795,34.075101],[133.979327,34.075123],[133.979242,34.075139],[133.979075,34.075171],[133.978917,34.075201],[133.978844,34.075211],[133.978772,34.075216],[133.978636,34.07522],[133.978498,34.075218],[133.978349,34.075219],[133.978177,34.07523],[133.97799,34.075247],[133.977795,34.075267],[133.977598,34.075284],[133.977408,34.075296],[133.977231,34.075298],[133.977076,34.075292],[133.977008,34.075283],[133.976946,34.075272],[133.976889,34.075259],[133.97683,34.075241],[133.976787,34.075228],[133.976694,34.075192],[133.976602,34.075155],[133.976509,34.075121],[133.97642,34.075093],[133.976334,34.075075],[133.97625,34.075066],[133.976171,34.075068],[133.976134,34.075073],[133.976064,34.075086],[133.97603,34.075096],[133.975963,34.075119],[133.975894,34.075145],[133.975817,34.075169],[133.975736,34.07519],[133.975658,34.075206],[133.975593,34.075213],[133.975547,34.075207],[133.97554,34.075205],[133.975528,34.075201],[133.975499,34.075183],[133.975471,34.075158],[133.975435,34.075127],[133.975393,34.075089],[133.975346,34.075044],[133.975294,34.07499],[133.975241,34.074929],[133.975185,34.074863],[133.975133,34.074797],[133.975082,34.074731],[133.975034,34.074665],[133.974986,34.07459],[133.974938,34.074503],[133.97489,34.074407],[133.974845,34.074312],[133.974809,34.07423],[133.974781,34.074168],[133.97476,34.074119],[133.974743,34.074074],[133.974725,34.074024],[133.974704,34.073964],[133.974678,34.073896],[133.974647,34.073825],[133.97461,34.073752],[133.974568,34.073682],[133.974527,34.073621],[133.974485,34.073571],[133.974447,34.073536],[133.974415,34.07351],[133.974387,34.073492],[133.974366,34.073475],[133.974348,34.073458],[133.974331,34.073437],[133.97431,34.073406],[133.974286,34.073368],[133.974261,34.07333],[133.974239,34.073296],[133.97422,34.07327],[133.974204,34.073253],[133.974185,34.073243],[133.974162,34.073235],[133.974132,34.073229],[133.9741,34.073227],[133.974069,34.073227],[133.97404,34.073229],[133.97401,34.073232],[133.973972,34.073233],[133.973924,34.073228],[133.973865,34.07322],[133.973802,34.073208],[133.973743,34.073196],[133.973691,34.073183],[133.973643,34.07317],[133.973592,34.073153],[133.973529,34.073129],[133.973458,34.073099],[133.973381,34.073065],[133.973308,34.07303],[133.97324,34.072996],[133.973175,34.072963],[133.973103,34.072933],[133.973063,34.07292],[133.972969,34.072895],[133.972918,34.072886],[133.972866,34.072882],[133.972813,34.072881],[133.972762,34.072887],[133.972714,34.072898],[133.972669,34.072917],[133.972627,34.072942],[133.972589,34.072972],[133.972555,34.073007],[133.972523,34.073045],[133.972495,34.073085],[133.97245,34.073167],[133.972432,34.07321],[133.972406,34.073295],[133.972388,34.073382],[133.972377,34.073474],[133.972375,34.07357],[133.972381,34.073665],[133.972397,34.073757],[133.972424,34.073843],[133.972459,34.073924],[133.972494,34.074005],[133.972525,34.074086],[133.972547,34.074168],[133.97256,34.074246],[133.972561,34.074317],[133.972557,34.074348],[133.972541,34.074403],[133.97252,34.074451],[133.972497,34.074497],[133.972477,34.074542],[133.972459,34.074594],[133.972445,34.074656],[133.972432,34.074732],[133.972422,34.074821],[133.972412,34.074916],[133.972402,34.075009],[133.97239,34.075092],[133.972376,34.07517],[133.972356,34.075247],[133.97233,34.075324],[133.972241,34.07551],[133.972112,34.07579],[133.972047,34.075919],[133.972009,34.075982],[133.971964,34.076049],[133.971907,34.076123],[133.971836,34.076206],[133.971681,34.076388],[133.971612,34.076479],[133.971562,34.076564],[133.971532,34.07664],[133.971523,34.07671],[133.971526,34.076776],[133.971551,34.076919],[133.971561,34.076999],[133.971574,34.077168],[133.971579,34.077315],[133.971575,34.07742],[133.971568,34.07747],[133.971529,34.077595],[133.971493,34.077684],[133.971403,34.077896],[133.9713,34.078111],[133.971201,34.078285],[133.971152,34.078361],[133.971044,34.078509],[133.970983,34.078585],[133.970844,34.078751],[133.970685,34.078929],[133.970599,34.07902],[133.970424,34.079201],[133.970262,34.07936],[133.970123,34.079483],[133.970055,34.079533],[133.969982,34.079578],[133.969901,34.079619],[133.969807,34.079656],[133.969614,34.079729],[133.969529,34.079765],[133.969465,34.079803],[133.969425,34.079842],[133.969407,34.079885],[133.969402,34.079933],[133.969412,34.080028],[133.969414,34.08005],[133.969415,34.08012],[133.969413,34.080198],[133.969403,34.080279],[133.969386,34.080363],[133.969364,34.080447],[133.969333,34.080527],[133.969297,34.080605],[133.969256,34.080678],[133.969173,34.080813],[133.969093,34.080929],[133.969005,34.081038],[133.968955,34.081093],[133.968897,34.08115],[133.968737,34.081289],[133.968688,34.081329],[133.968626,34.081379],[133.968561,34.081428],[133.968488,34.081478],[133.968404,34.081529],[133.968316,34.081571],[133.968284,34.081583],[133.968221,34.081604],[133.968156,34.081623],[133.968071,34.081642],[133.967989,34.081664],[133.96791,34.08169],[133.967873,34.081707],[133.967801,34.081742],[133.967724,34.081782],[133.967642,34.081822],[133.967559,34.081857],[133.967513,34.081872],[133.967422,34.081898],[133.967329,34.081919],[133.967225,34.081939],[133.967122,34.081953],[133.96707,34.081956],[133.96703,34.081955],[133.966954,34.08195],[133.966878,34.081938],[133.966821,34.081926],[133.966766,34.081912],[133.966696,34.081891],[133.966615,34.081861],[133.966537,34.081826],[133.966437,34.081772],[133.966338,34.081718],[133.966244,34.081669],[133.966154,34.08163],[133.966063,34.081593],[133.965926,34.081542],[133.965789,34.081493],[133.965664,34.081446],[133.965553,34.081405],[133.965441,34.081365],[133.965336,34.08133],[133.965231,34.081298],[133.965117,34.08127],[133.964996,34.081241],[133.964877,34.081209],[133.964792,34.081179],[133.964707,34.081147],[133.964616,34.081112],[133.964515,34.08108],[133.964463,34.081067],[133.964387,34.081054],[133.964326,34.081049],[133.964249,34.081041],[133.964199,34.081035],[133.964152,34.081024],[133.964104,34.081008],[133.964029,34.080979],[133.963956,34.080952],[133.963919,34.080943],[133.963843,34.08093],[133.963754,34.080921],[133.963653,34.080916],[133.963553,34.080915],[133.963445,34.080913],[133.963339,34.080916],[133.963287,34.08092],[133.96319,34.080932],[133.96307,34.080943],[133.962974,34.08095],[133.962872,34.080953],[133.962792,34.080959],[133.962695,34.08097],[133.962591,34.080985],[133.96249,34.081011],[133.962392,34.081042],[133.962293,34.081069],[133.962258,34.081076],[133.962189,34.081087],[133.96212,34.0811],[133.96204,34.08112],[133.961966,34.081149],[133.961898,34.081189],[133.961837,34.081237],[133.961782,34.08129],[133.961723,34.081348],[133.961665,34.081406],[133.961606,34.081462],[133.961542,34.081515],[133.961473,34.081562],[133.961445,34.081576],[133.961387,34.081603],[133.961325,34.081624],[133.961254,34.081638],[133.96118,34.081648],[133.961105,34.081653],[133.961028,34.081656],[133.960954,34.081665],[133.960879,34.081679],[133.960805,34.081699],[133.960728,34.081723],[133.960646,34.081749],[133.960612,34.081761],[133.960566,34.081776],[133.960482,34.081809],[133.960399,34.081844],[133.960292,34.081893],[133.96016,34.081955],[133.960026,34.082015],[133.959896,34.082067],[133.959769,34.082123],[133.95971,34.082156],[133.959629,34.082208],[133.959556,34.082268],[133.959486,34.08234],[133.959418,34.082423],[133.959353,34.082509],[133.95929,34.082586],[133.959223,34.082661],[133.959155,34.082733],[133.959084,34.082805],[133.959011,34.082874],[133.958926,34.082945],[133.958847,34.083019],[133.95878,34.083093],[133.958727,34.083168],[133.95868,34.083247],[133.958646,34.083311],[133.958634,34.083345],[133.958627,34.083377],[133.958628,34.083411],[133.958636,34.083442],[133.958648,34.083476],[133.958674,34.083511],[133.958699,34.08354],[133.958739,34.083573],[133.95879,34.083603],[133.958862,34.083638],[133.958923,34.083669],[133.958978,34.083706],[133.95902,34.083751],[133.959037,34.083782],[133.959049,34.083814],[133.959069,34.083882],[133.959097,34.083953],[133.959115,34.083988],[133.959162,34.084055],[133.959214,34.08412],[133.959262,34.084184],[133.95928,34.084217],[133.959294,34.084252],[133.959301,34.084283],[133.959304,34.084315],[133.9593,34.084381],[133.959291,34.084452],[133.959282,34.084527],[133.959278,34.084574],[133.95925,34.084894],[133.959225,34.085156],[133.959209,34.085286],[133.959195,34.085416],[133.959189,34.085513],[133.959191,34.085572],[133.959197,34.085601],[133.959214,34.085644],[133.959234,34.085673],[133.959259,34.085701],[133.959303,34.085747],[133.959342,34.085795],[133.959357,34.085821],[133.959363,34.085836],[133.959371,34.085867],[133.959369,34.085898],[133.959358,34.085923],[133.959342,34.085945],[133.959301,34.085989],[133.959262,34.086034],[133.959247,34.08606],[133.959223,34.086114],[133.959205,34.086178],[133.959182,34.086247],[133.959166,34.086276],[133.959143,34.086298],[133.959111,34.086316],[133.959072,34.086326],[133.959028,34.086331],[133.958937,34.086337],[133.958857,34.086346],[133.958782,34.08636],[133.958708,34.086378],[133.958566,34.086416],[133.958428,34.086453],[133.958291,34.086496],[133.958226,34.086521],[133.958144,34.086559],[133.958068,34.086604],[133.958012,34.086639],[133.957993,34.086652],[133.957923,34.086704],[133.957802,34.086806],[133.957697,34.086899],[133.957588,34.086987],[133.957512,34.08704],[133.95735,34.08714],[133.957192,34.087241],[133.957121,34.087296],[133.957055,34.087352],[133.956993,34.087413],[133.956933,34.087475],[133.956843,34.087586],[133.95681,34.087634],[133.956779,34.087684],[133.956753,34.087735],[133.956731,34.087789],[133.956707,34.087868],[133.956662,34.088027],[133.95663,34.088098],[133.956584,34.088159],[133.956519,34.088207],[133.95644,34.088245],[133.956265,34.088311],[133.956182,34.088349],[133.956108,34.088393],[133.956041,34.088443],[133.955981,34.088498],[133.955863,34.088612],[133.955782,34.088686],[133.955698,34.088754],[133.95561,34.088819],[133.955516,34.088877],[133.955416,34.088927],[133.95534,34.088959],[133.955261,34.088987],[133.955179,34.089011],[133.955097,34.089032],[133.955014,34.089049],[133.954869,34.089076],[133.954725,34.089099],[133.954568,34.089124],[133.954398,34.089152],[133.954226,34.089176],[133.95402,34.089196],[133.953918,34.08921],[133.953819,34.089229],[133.953725,34.089259],[133.953671,34.089282],[133.95362,34.089309],[133.953572,34.08934],[133.953525,34.089374],[133.953448,34.089443],[133.953381,34.08951],[133.953309,34.08957],[133.953271,34.089593],[133.953232,34.089613],[133.95319,34.089631],[133.953103,34.089657],[133.952988,34.089675],[133.952871,34.089678],[133.952701,34.089674],[133.952527,34.089672],[133.952464,34.089676],[133.9524,34.089692],[133.952341,34.089713],[133.952288,34.089741],[133.952249,34.089769],[133.952214,34.089802],[133.952182,34.089839],[133.952122,34.089915],[133.952053,34.089993],[133.951982,34.090067],[133.951918,34.090134],[133.95186,34.090193],[133.951798,34.090249],[133.951769,34.09027],[133.951708,34.090308],[133.95164,34.090338],[133.951584,34.090354],[133.951526,34.090366],[133.951408,34.090381],[133.951269,34.090403],[133.951192,34.090419],[133.951116,34.090438],[133.951042,34.09046],[133.95089,34.090509],[133.95074,34.090568],[133.950668,34.0906],[133.950548,34.090662],[133.950451,34.090719],[133.950352,34.090776],[133.950292,34.090807],[133.950235,34.090841],[133.950213,34.090862],[133.950193,34.090884],[133.950163,34.090935],[133.950139,34.090989],[133.95011,34.091048],[133.950084,34.091107],[133.950065,34.091173],[133.950046,34.09124],[133.950031,34.09127],[133.95001,34.091295],[133.94998,34.091314],[133.949943,34.091328],[133.949903,34.091337],[133.949815,34.09135],[133.949679,34.091365],[133.949548,34.091374],[133.949482,34.091375],[133.949428,34.091372],[133.949375,34.091374],[133.949352,34.091379],[133.949318,34.09139],[133.949287,34.091405],[133.949257,34.091425],[133.949229,34.091448],[133.949145,34.091524],[133.949039,34.091627],[133.948935,34.091728],[133.948821,34.091836],[133.948706,34.091949],[133.948648,34.092012],[133.948582,34.092083],[133.948545,34.092115],[133.948506,34.092139],[133.948464,34.092155],[133.948431,34.092158],[133.948397,34.092157],[133.948326,34.092144],[133.948241,34.092123],[133.948146,34.092096],[133.948049,34.092075],[133.947984,34.092064],[133.947918,34.092061],[133.947887,34.092064],[133.947834,34.092074],[133.947783,34.092091],[133.947733,34.092114],[133.947687,34.092142],[133.947597,34.092204],[133.947509,34.092264],[133.947462,34.092287],[133.947414,34.092305],[133.947347,34.092317],[133.947278,34.092318],[133.947205,34.09231],[133.947133,34.092297],[133.946987,34.09226],[133.946848,34.092216],[133.946782,34.09219],[133.946717,34.092161],[133.946564,34.09208],[133.946487,34.092042],[133.946407,34.092009],[133.946326,34.091985],[133.946253,34.091973],[133.946179,34.09197],[133.946105,34.091974],[133.946029,34.091983],[133.945896,34.092011],[133.945839,34.092027],[133.945785,34.092046],[133.945736,34.09207],[133.94569,34.092099],[133.94565,34.092131],[133.945615,34.092166],[133.945582,34.092204],[133.945552,34.092245],[133.945493,34.092326],[133.94543,34.092405],[133.945362,34.09248],[133.945307,34.092529],[133.945249,34.092575],[133.945186,34.092617],[133.94512,34.092657],[133.945052,34.092693],[133.944962,34.092732],[133.944778,34.092805],[133.944689,34.092845],[133.944602,34.092892],[133.944559,34.092919],[133.944519,34.092949],[133.944484,34.092981],[133.944454,34.093017],[133.944432,34.093055],[133.944417,34.093096],[133.944415,34.093103],[133.944406,34.093153],[133.944405,34.093206],[133.944409,34.093314],[133.944406,34.093395],[133.944399,34.093475],[133.944387,34.093554],[133.944377,34.09359],[133.944366,34.09362],[133.944354,34.093645],[133.944252,34.093787],[133.944171,34.093908],[133.944098,34.094022],[133.944032,34.094133],[133.943972,34.094237],[133.943917,34.094331],[133.94387,34.094414],[133.94383,34.09448],[133.943806,34.094535],[133.943799,34.094561],[133.943797,34.094585],[133.943799,34.09461],[133.943805,34.094633],[133.943814,34.094655],[133.943837,34.094689],[133.943866,34.094719],[133.943909,34.094762],[133.943959,34.094827],[133.943967,34.094842],[133.943996,34.094899],[133.944011,34.094942],[133.944019,34.094975],[133.944023,34.095013],[133.944014,34.09505],[133.943989,34.095129],[133.94396,34.095215],[133.943942,34.095296],[133.94394,34.095328],[133.943942,34.095353],[133.943951,34.095373],[133.943965,34.09539],[133.943984,34.095407],[133.944029,34.095451],[133.944084,34.095513],[133.944136,34.095586],[133.944179,34.095662],[133.944196,34.095702],[133.944224,34.095786],[133.944242,34.095879],[133.944252,34.095985],[133.944259,34.096107],[133.944259,34.09624],[133.944249,34.096361],[133.944237,34.09641],[133.944223,34.096454],[133.944206,34.096494],[133.944166,34.096567],[133.944143,34.096603],[133.944093,34.096675],[133.944037,34.096744],[133.944007,34.096774],[133.943952,34.096835],[133.943932,34.096867],[133.94392,34.096901],[133.943916,34.096929],[133.943915,34.096951],[133.943916,34.096969],[133.943919,34.096998],[133.943923,34.097011],[133.943929,34.097027],[133.943947,34.097054],[133.943991,34.097116],[133.944025,34.097167],[133.944036,34.097193],[133.944043,34.09722],[133.944041,34.097249],[133.944035,34.097282],[133.944013,34.097356],[133.943997,34.097436],[133.943985,34.097527],[133.943968,34.097635],[133.943954,34.097697],[133.943917,34.097831],[133.94388,34.097965],[133.94385,34.098083],[133.943836,34.098154],[133.943826,34.098197],[133.943799,34.098318],[133.943768,34.098448],[133.943735,34.098574],[133.943717,34.098632],[133.943679,34.098741],[133.943631,34.09885],[133.943601,34.098906],[133.943534,34.09902],[133.943468,34.099124],[133.943412,34.099206],[133.943372,34.099271],[133.943352,34.099325],[133.943346,34.09938],[133.943346,34.099457],[133.943342,34.099567],[133.943341,34.099691],[133.943343,34.099798],[133.94335,34.099883],[133.943358,34.099959],[133.943361,34.100038],[133.943368,34.100118],[133.943383,34.100194],[133.943406,34.100257],[133.94342,34.100283],[133.943434,34.100302],[133.943448,34.100312],[133.943465,34.100319],[133.943511,34.100326],[133.943589,34.10034],[133.943703,34.100364],[133.943844,34.100388],[133.943997,34.100406],[133.944071,34.100421],[133.944136,34.100445],[133.944192,34.100482],[133.944232,34.100533],[133.94426,34.100597],[133.94428,34.100667],[133.944305,34.100809],[133.944324,34.100926],[133.944338,34.101031],[133.94434,34.101087],[133.944338,34.101147],[133.944329,34.101275],[133.944323,34.101402],[133.944325,34.101515],[133.944323,34.10157],[133.944317,34.101624],[133.944303,34.10168],[133.944277,34.101736],[133.944243,34.101795],[133.944202,34.101853],[133.944157,34.101908],[133.94411,34.101959],[133.94401,34.102044],[133.943902,34.102126],[133.943779,34.102226],[133.943644,34.102344],[133.943512,34.102459],[133.943383,34.102551],[133.943223,34.102664],[133.943086,34.10277],[133.942993,34.102861],[133.942923,34.10293],[133.942856,34.103],[133.942795,34.103074],[133.94275,34.103142],[133.942731,34.103177],[133.942715,34.103213],[133.942702,34.10325],[133.942689,34.103327],[133.942689,34.103407],[133.942686,34.103485],[133.94268,34.103524],[133.94267,34.103555],[133.942657,34.103586],[133.942621,34.103644],[133.942599,34.103671],[133.942545,34.10372],[133.942484,34.103762],[133.942416,34.103797],[133.942326,34.103838],[133.942214,34.103883],[133.942102,34.103926],[133.941979,34.103971],[133.941847,34.104018],[133.941715,34.104065],[133.941577,34.104115],[133.941436,34.104168],[133.941294,34.10422],[133.941153,34.104271],[133.941014,34.104319],[133.940872,34.104361],[133.940718,34.104396],[133.940637,34.104411],[133.94047,34.104434],[133.940301,34.104451],[133.940177,34.104463],[133.940066,34.104483],[133.940004,34.1045],[133.939944,34.10452],[133.939863,34.104555],[133.939776,34.104602],[133.939702,34.104657],[133.939591,34.104751],[133.93949,34.104851],[133.9394,34.104955],[133.939333,34.105042],[133.939269,34.105128],[133.939199,34.105211],[133.939111,34.105299],[133.939022,34.105385],[133.938941,34.105475],[133.938912,34.105513],[133.938862,34.105594],[133.938823,34.105679],[133.93879,34.105771],[133.938759,34.105868],[133.938743,34.105916],[133.938702,34.106008],[133.938674,34.106054],[133.938642,34.106099],[133.938606,34.106141],[133.938525,34.106223],[133.938443,34.106299],[133.938369,34.10637],[133.938336,34.106407],[133.938307,34.106445],[133.938284,34.106486],[133.93827,34.106522],[133.938259,34.106559],[133.938246,34.106636],[133.938232,34.106712],[133.93822,34.106756],[133.938188,34.106839],[133.938146,34.106918],[133.938093,34.107003],[133.938025,34.107093],[133.937951,34.107179],[133.93794,34.107191],[133.937874,34.107263],[133.937799,34.107347],[133.937762,34.107388],[133.937697,34.107477],[133.937666,34.107526],[133.937639,34.107576],[133.937594,34.10768],[133.937556,34.107788],[133.937513,34.107926],[133.937497,34.107995],[133.937487,34.108065],[133.937483,34.108134],[133.937487,34.108203],[133.937496,34.108264],[133.937512,34.108324],[133.937534,34.108384],[133.937559,34.108443],[133.937621,34.10856],[133.937674,34.108653],[133.937724,34.108747],[133.937744,34.108795],[133.937761,34.108844],[133.937778,34.10894],[133.937786,34.109039],[133.937795,34.109138],[133.937813,34.109242],[133.937839,34.109345],[133.937868,34.109448],[133.937899,34.109569],[133.937932,34.109689],[133.937974,34.10981],[133.937998,34.109869],[133.938027,34.109927],[133.938059,34.109984],[133.938095,34.110039],[133.938135,34.110092],[133.93818,34.110142],[133.938225,34.110186],[133.938274,34.110227],[133.938328,34.110266],[133.938384,34.110303],[133.938504,34.11037],[133.938617,34.110426],[133.938726,34.110486],[133.938773,34.110521],[133.938816,34.11056],[133.938845,34.110596],[133.938872,34.110636],[133.938892,34.110679],[133.938924,34.110769],[133.938938,34.110815],[133.938968,34.110976],[133.938983,34.111136],[133.938992,34.111297],[133.938993,34.111695],[133.939016,34.111868],[133.939034,34.111965],[133.939051,34.112061],[133.939071,34.112157],[133.939094,34.112249],[133.93912,34.112341],[133.939149,34.112432],[133.939182,34.112535],[133.939216,34.112637],[133.939253,34.112737],[133.939291,34.112835],[133.939331,34.112931],[133.939378,34.113025],[133.939413,34.113091],[133.939447,34.113157],[133.939475,34.113224],[133.939488,34.113289],[133.939492,34.113355],[133.939483,34.113421],[133.939474,34.113456],[133.939451,34.113524],[133.939431,34.11359],[133.939427,34.113624],[133.939427,34.113666],[133.939433,34.113709],[133.939458,34.113793],[133.93949,34.113878],[133.93952,34.113973],[133.939546,34.114069],[133.939574,34.114162],[133.939598,34.114239],[133.939625,34.114316],[133.93965,34.114392],[133.939667,34.114454],[133.939681,34.114516],[133.939688,34.114578],[133.939688,34.114611],[133.939682,34.114678],[133.939668,34.114745],[133.939658,34.114787],[133.939651,34.11481],[133.939629,34.114875],[133.9396,34.114937],[133.939567,34.114989],[133.939535,34.115033],[133.939499,34.115074],[133.939459,34.115116],[133.939413,34.115158],[133.939365,34.115196],[133.939315,34.115231],[133.939263,34.11526],[133.939247,34.115266],[133.939208,34.115281],[133.939142,34.115293],[133.939065,34.115291],[133.939027,34.115287],[133.938949,34.115275],[133.938813,34.115256],[133.93868,34.11524],[133.938548,34.115225],[133.938396,34.115205],[133.938243,34.115187],[133.93809,34.115171],[133.937913,34.115162],[133.937736,34.115158],[133.937561,34.115156],[133.937364,34.115153],[133.937166,34.115148],[133.93697,34.115141],[133.936768,34.115134],[133.936404,34.115136],[133.93573,34.115159],[133.935644,34.115165],[133.935572,34.115177],[133.935495,34.115194],[133.93539,34.11522],[133.93526,34.115251],[133.935137,34.115279],[133.935039,34.115297],[133.934956,34.11531],[133.934864,34.115319],[133.93485,34.11532],[133.934751,34.115327],[133.934619,34.115339],[133.934466,34.115357],[133.934295,34.11538],[133.934108,34.115406],[133.933914,34.115434],[133.933729,34.11546],[133.933564,34.115479],[133.933389,34.115493],[133.933288,34.115496],[133.933172,34.115495],[133.932931,34.115491],[133.932732,34.115485],[133.93262,34.115482],[133.932526,34.115486],[133.932364,34.115498],[133.932125,34.115515],[133.93189,34.115531],[133.931718,34.115541],[133.931587,34.115549],[133.931455,34.115558],[133.931314,34.115568],[133.931194,34.115575],[133.931111,34.115575],[133.931044,34.115563],[133.930712,34.115453],[133.930512,34.115386],[133.930271,34.115304],[133.930136,34.115263],[133.930016,34.115232],[133.929912,34.115214],[133.929817,34.115204],[133.929721,34.115198],[133.929613,34.115193],[133.92949,34.115187],[133.929347,34.115179],[133.929201,34.11517],[133.929069,34.115163],[133.928951,34.115156],[133.928828,34.115154],[133.928686,34.115156],[133.928541,34.115164],[133.928413,34.115175],[133.928305,34.115187],[133.928275,34.11519],[133.928198,34.115198],[133.928139,34.115201],[133.928018,34.115205],[133.927903,34.115205],[133.927803,34.115201],[133.927717,34.115196],[133.927634,34.115192],[133.927552,34.115186],[133.92747,34.115177],[133.92739,34.115161],[133.927314,34.115141],[133.927243,34.115119],[133.927168,34.115097],[133.927072,34.11507],[133.926938,34.115035],[133.926797,34.115001],[133.926682,34.114976],[133.926595,34.114961],[133.926513,34.114952],[133.926412,34.11494],[133.926307,34.11493],[133.926219,34.114921],[133.926146,34.114918],[133.926071,34.11492],[133.925974,34.114927],[133.925869,34.114938],[133.925769,34.114948],[133.925673,34.114953],[133.925567,34.114955],[133.925437,34.114953],[133.925296,34.11495],[133.925163,34.114948],[133.92504,34.114951],[133.924913,34.114955],[133.924772,34.114959],[133.924637,34.114963],[133.924528,34.114967],[133.92445,34.11497],[133.924383,34.114968],[133.924307,34.11496],[133.92422,34.114949],[133.924121,34.114937],[133.924011,34.114927],[133.923896,34.114914],[133.923779,34.114895],[133.923666,34.114875],[133.923561,34.114855],[133.923466,34.114834],[133.923387,34.114811],[133.923319,34.114781],[133.923245,34.114742],[133.923143,34.114694],[133.92301,34.114638],[133.922861,34.114579],[133.92271,34.11452],[133.922569,34.114465],[133.922448,34.114416],[133.922343,34.114373],[133.922249,34.114333],[133.921986,34.114336],[133.921893,34.114332],[133.921819,34.114324],[133.921806,34.114322],[133.921796,34.114319],[133.921778,34.114308],[133.921739,34.114251],[133.921648,34.114121],[133.921597,34.114051],[133.921548,34.113991],[133.921503,34.11394],[133.92142,34.113859],[133.92135,34.113797],[133.921319,34.113775],[133.921287,34.113756],[133.921178,34.113713],[133.921014,34.113655],[133.920841,34.113586],[133.920763,34.113551],[133.920692,34.113514],[133.920632,34.113478],[133.920584,34.113447],[133.920546,34.113418],[133.920515,34.113388],[133.920487,34.113349],[133.920453,34.113293],[133.92037,34.113126],[133.920265,34.112904],[133.920222,34.112817],[133.920193,34.112767],[133.920177,34.112748],[133.920132,34.112701],[133.919934,34.112556],[133.919808,34.112468],[133.919759,34.112439],[133.919719,34.112418],[133.91968,34.112403],[133.919581,34.112367],[133.919313,34.11226],[133.919273,34.11224],[133.919247,34.112221],[133.919225,34.112197],[133.919165,34.112121],[133.919133,34.112072],[133.919072,34.111966],[133.919016,34.111858],[133.918975,34.111765],[133.91891,34.111624],[133.918875,34.111567],[133.918811,34.111483],[133.918714,34.111371],[133.918602,34.111252],[133.918487,34.111142],[133.918374,34.111048],[133.918259,34.110966],[133.918152,34.110889],[133.918102,34.110848],[133.918058,34.110803],[133.918019,34.110751],[133.917984,34.110694],[133.917915,34.110574],[133.917877,34.110513],[133.917832,34.110453],[133.917782,34.110395],[133.917723,34.110334],[133.917655,34.110271],[133.917578,34.110203],[133.917399,34.110054],[133.917229,34.109916],[133.917117,34.10982],[133.917084,34.109788],[133.917031,34.109724],[133.916942,34.10962],[133.916797,34.109473],[133.91671,34.109397],[133.916619,34.109327],[133.916523,34.109266],[133.916425,34.109216],[133.916329,34.109174],[133.916233,34.10914],[133.91605,34.109091],[133.915965,34.109072],[133.915815,34.109042],[133.915697,34.109014],[133.91565,34.108999],[133.915577,34.108964],[133.915546,34.108944],[133.915518,34.108919],[133.915494,34.108894],[133.915474,34.108865],[133.915461,34.108836],[133.915454,34.108804],[133.915454,34.10877],[133.915462,34.108734],[133.915494,34.10865],[133.915545,34.108543],[133.915605,34.108422],[133.915659,34.10831],[133.915693,34.108222],[133.915703,34.108185],[133.915708,34.108151],[133.915709,34.108116],[133.915697,34.108044],[133.915683,34.108009],[133.915666,34.107975],[133.915644,34.107945],[133.915616,34.107918],[133.915583,34.107894],[133.915544,34.107872],[133.91545,34.107828],[133.91533,34.107774],[133.91519,34.107708],[133.915114,34.107668],[133.914948,34.107572],[133.914768,34.107466],[133.914576,34.107359],[133.914417,34.107273],[133.914382,34.107254],[133.914291,34.107201],[133.914208,34.107145],[133.914133,34.107086],[133.914068,34.107025],[133.91401,34.106963],[133.913957,34.106899],[133.913864,34.10677],[133.913773,34.106642],[133.913722,34.106579],[133.913663,34.106514],[133.913595,34.106448],[133.913519,34.106384],[133.913438,34.106323],[133.913355,34.106265],[133.913274,34.106214],[133.913195,34.106169],[133.913122,34.106132],[133.912998,34.106075],[133.912915,34.106037],[133.912886,34.106017],[133.912858,34.105991],[133.912825,34.105951],[133.912725,34.105813],[133.912577,34.10561],[133.912419,34.105402],[133.912274,34.105235],[133.912143,34.105101],[133.912018,34.104974],[133.911965,34.104918],[133.911896,34.104846],[133.911783,34.104717],[133.911678,34.104593],[133.911582,34.104483],[133.911536,34.104439],[133.911491,34.1044],[133.911444,34.104369],[133.911396,34.104345],[133.911345,34.104326],[133.911291,34.10431],[133.91123,34.104298],[133.911166,34.104288],[133.911099,34.104282],[133.911027,34.10428],[133.910955,34.10428],[133.910803,34.104287],[133.910647,34.104293],[133.910568,34.104292],[133.910488,34.104286],[133.910412,34.104276],[133.910339,34.104262],[133.910274,34.104246],[133.91022,34.104228],[133.910175,34.104209],[133.91014,34.104187],[133.910108,34.104163],[133.910075,34.104134],[133.909991,34.104059],[133.909878,34.103962],[133.909753,34.103854],[133.909628,34.103744],[133.909566,34.103693],[133.909504,34.103647],[133.909443,34.103609],[133.909381,34.103578],[133.909319,34.103554],[133.909258,34.103535],[133.909145,34.103503],[133.909046,34.103468],[133.908966,34.103432],[133.908915,34.103402],[133.90888,34.103367],[133.908834,34.10331],[133.908755,34.103214],[133.908654,34.103093],[133.908549,34.102971],[133.908451,34.102855],[133.908394,34.102786],[133.908337,34.102711],[133.908272,34.102637],[133.908231,34.102593],[133.908211,34.102575],[133.90817,34.102548],[133.908134,34.102528],[133.908093,34.102513],[133.908046,34.102501],[133.908021,34.102495],[133.907971,34.102473],[133.907921,34.102442],[133.907875,34.102411],[133.907834,34.102385],[133.907792,34.102359],[133.907735,34.102323],[133.907668,34.10228],[133.907635,34.102261],[133.907598,34.102246],[133.907574,34.10224],[133.907527,34.102236],[133.907496,34.102238],[133.907465,34.102234],[133.907434,34.10223],[133.907404,34.102225],[133.907375,34.102218],[133.907345,34.102205],[133.907314,34.102185],[133.907279,34.102161],[133.907237,34.102131],[133.907194,34.102102],[133.907156,34.102075],[133.907119,34.102053],[133.907075,34.10203],[133.907014,34.102005],[133.906948,34.101982],[133.906889,34.101964],[133.906841,34.101952],[133.906795,34.101946],[133.906742,34.101941],[133.906684,34.101938],[133.906622,34.101935],[133.90656,34.101933],[133.906506,34.101929],[133.906464,34.101924],[133.906431,34.10192],[133.906403,34.101919],[133.906377,34.101918],[133.906354,34.101914],[133.906331,34.101905],[133.906307,34.101889],[133.906278,34.101871],[133.906246,34.101848],[133.906213,34.101818],[133.906179,34.101777],[133.906146,34.101728],[133.906108,34.101671],[133.906068,34.101613],[133.906028,34.101563],[133.905987,34.101524],[133.905946,34.101493],[133.905899,34.101461],[133.905846,34.101425],[133.905786,34.101392],[133.905721,34.101367],[133.905656,34.101349],[133.905593,34.101341],[133.905532,34.101342],[133.905503,34.101345],[133.905446,34.101356],[133.905387,34.101368],[133.905323,34.101378],[133.905252,34.101379],[133.90518,34.101374],[133.905148,34.10137],[133.90509,34.101358],[133.905038,34.10134],[133.904981,34.101313],[133.904915,34.10128],[133.904843,34.101245],[133.904763,34.10121],[133.904673,34.101171],[133.904566,34.101119],[133.904447,34.101056],[133.904333,34.100995],[133.904231,34.100943],[133.904132,34.100894],[133.904022,34.100837],[133.903836,34.100732],[133.903816,34.100721],[133.903639,34.100604],[133.903534,34.100534],[133.903323,34.10038],[133.903131,34.100239],[133.902959,34.100121],[133.90292,34.100079],[133.902837,34.100008],[133.902715,34.099916],[133.902595,34.099833],[133.902538,34.099802],[133.902481,34.099776],[133.902419,34.099753],[133.902262,34.099698],[133.902058,34.099626],[133.901839,34.099553],[133.901673,34.099503],[133.901568,34.099467],[133.90152,34.099443],[133.901479,34.099414],[133.901447,34.099384],[133.901427,34.099352],[133.901402,34.099281],[133.901378,34.099237],[133.901315,34.099138],[133.901271,34.099098],[133.901121,34.09899],[133.901037,34.098945],[133.900955,34.098904],[133.900867,34.098858],[133.900791,34.098809],[133.900719,34.09875],[133.900651,34.098685],[133.900584,34.098616],[133.900503,34.098541],[133.900401,34.098459],[133.900281,34.098369],[133.900193,34.098305],[133.900147,34.098271],[133.900001,34.098166],[133.899858,34.098061],[133.899732,34.097963],[133.89963,34.097878],[133.899589,34.097839],[133.899518,34.097765],[133.89946,34.097694],[133.89941,34.097623],[133.899364,34.09756],[133.899321,34.097506],[133.899276,34.097462],[133.89923,34.097424],[133.89918,34.097384],[133.899126,34.097341],[133.899066,34.0973],[133.899002,34.097262],[133.89893,34.09723],[133.898844,34.097199],[133.898759,34.097132],[133.898708,34.097064],[133.898702,34.096984],[133.898758,34.096874],[133.898821,34.096787],[133.898902,34.096651],[133.898983,34.096546],[133.899047,34.096476],[133.899097,34.096405],[133.899116,34.096368],[133.899144,34.096287],[133.899163,34.096197],[133.899178,34.096093],[133.899189,34.096003],[133.899192,34.095981],[133.899204,34.095873],[133.899216,34.095779],[133.89923,34.095697],[133.899257,34.095611],[133.899308,34.095501],[133.899381,34.09537],[133.899468,34.09523],[133.899559,34.095101],[133.899651,34.094987],[133.899743,34.094885],[133.899834,34.094789],[133.899918,34.094699],[133.899955,34.094655],[133.899986,34.094612],[133.900011,34.094571],[133.900026,34.094531],[133.900035,34.094491],[133.90004,34.094451],[133.90004,34.09441],[133.900038,34.094321],[133.900039,34.094219],[133.900046,34.094111],[133.900057,34.094009],[133.900071,34.093915],[133.9001,34.093798],[133.90013,34.093699],[133.900159,34.093616],[133.900193,34.093547],[133.900238,34.09347],[133.90029,34.093367],[133.900317,34.09331],[133.900358,34.093197],[133.900367,34.093145],[133.900372,34.093098],[133.90037,34.093013],[133.900365,34.09294],[133.900365,34.092863],[133.900373,34.092755],[133.900388,34.092601],[133.9004,34.092515],[133.900415,34.092432],[133.900434,34.092357],[133.900455,34.092293],[133.900481,34.092238],[133.900508,34.09219],[133.900566,34.092099],[133.900575,34.092082],[133.900619,34.091996],[133.900683,34.091873],[133.900704,34.09184],[133.900737,34.091789],[133.900784,34.091727],[133.900861,34.09163],[133.900961,34.091516],[133.901064,34.09141],[133.901161,34.091319],[133.901251,34.091239],[133.901331,34.091159],[133.901366,34.091118],[133.9014,34.091074],[133.901431,34.091027],[133.901458,34.090975],[133.901482,34.090919],[133.901503,34.090859],[133.901518,34.090797],[133.90153,34.090732],[133.901535,34.090665],[133.901536,34.090599],[133.901532,34.090535],[133.901526,34.090474],[133.901516,34.09042],[133.90149,34.090331],[133.90148,34.09029],[133.901474,34.090249],[133.901473,34.090204],[133.90148,34.090152],[133.901493,34.090094],[133.901514,34.090032],[133.901539,34.089967],[133.901604,34.089838],[133.901643,34.089775],[133.901684,34.089713],[133.901732,34.08965],[133.901785,34.089591],[133.901842,34.089531],[133.901971,34.089413],[133.902117,34.089295],[133.902132,34.089283],[133.902274,34.089171],[133.902432,34.089047],[133.902581,34.088926],[133.902719,34.088812],[133.90285,34.088702],[133.902975,34.088592],[133.903098,34.088485],[133.903219,34.088375],[133.903336,34.088265],[133.903449,34.088153],[133.903501,34.088096],[133.903549,34.088039],[133.90359,34.087982],[133.903619,34.087927],[133.903634,34.087873],[133.903632,34.087821],[133.903617,34.087771],[133.903593,34.087724],[133.903564,34.087678],[133.903504,34.087592],[133.903451,34.087515],[133.903398,34.087446],[133.903337,34.087381],[133.903306,34.087346],[133.903278,34.087307],[133.903253,34.08726],[133.903231,34.087203],[133.903215,34.087139],[133.903206,34.087069],[133.903205,34.087025],[133.903205,34.086996],[133.903213,34.086921],[133.90323,34.086846],[133.903254,34.086773],[133.903276,34.086724],[133.903286,34.086703],[133.903322,34.086639],[133.903358,34.086583],[133.903393,34.086533],[133.903469,34.086445],[133.903555,34.086346],[133.903656,34.086213],[133.903745,34.086109],[133.903839,34.085989],[133.903904,34.085918],[133.903985,34.085844],[133.904081,34.085771],[133.904188,34.085703],[133.904243,34.085672],[133.904353,34.085622],[133.904458,34.085584],[133.904551,34.085557],[133.904627,34.085537],[133.904681,34.085518],[133.904727,34.085498],[133.904786,34.08547],[133.904873,34.08543],[133.904987,34.08538],[133.905109,34.085326],[133.905222,34.08528],[133.905308,34.085244],[133.905382,34.085218],[133.905461,34.085196],[133.90556,34.085172],[133.90568,34.085145],[133.905803,34.085113],[133.905908,34.085079],[133.90598,34.085042],[133.906007,34.085023],[133.906047,34.084984],[133.90608,34.084946],[133.906115,34.084909],[133.906151,34.084873],[133.906188,34.084836],[133.906212,34.084805],[133.906234,34.084761],[133.90629,34.084597],[133.906307,34.084563],[133.906327,34.084523],[133.906378,34.084462],[133.906436,34.084404],[133.906499,34.084349],[133.906567,34.084299],[133.906639,34.084253],[133.906713,34.084211],[133.906867,34.084136],[133.907025,34.084065],[133.907166,34.083995],[133.907303,34.083922],[133.907437,34.083849],[133.907567,34.083775],[133.907694,34.083697],[133.907762,34.08365],[133.907826,34.083599],[133.907855,34.08357],[133.907875,34.083546],[133.907909,34.083494],[133.907928,34.083439],[133.90793,34.083399],[133.907925,34.083359],[133.907915,34.08332],[133.907883,34.083242],[133.907829,34.083149],[133.907774,34.083058],[133.907728,34.082969],[133.907712,34.082924],[133.9077,34.082879],[133.907693,34.082834],[133.907693,34.082789],[133.907699,34.082744],[133.907712,34.082701],[133.907731,34.082658],[133.907755,34.082618],[133.907785,34.08258],[133.907822,34.08254],[133.907863,34.082505],[133.907953,34.082439],[133.908044,34.082377],[133.908088,34.082349],[133.908134,34.082323],[133.908184,34.082304],[133.908239,34.082291],[133.908309,34.082282],[133.908344,34.082279],[133.908376,34.082272],[133.908403,34.082261],[133.90843,34.082237],[133.908449,34.082203],[133.908473,34.082124],[133.908486,34.082083],[133.908507,34.082034],[133.908535,34.081989],[133.908602,34.081906],[133.908637,34.081866],[133.908709,34.081773],[133.908746,34.081727],[133.908788,34.081686],[133.908836,34.08165],[133.90888,34.081625],[133.908929,34.081605],[133.908981,34.081589],[133.909035,34.081576],[133.909136,34.081557],[133.909228,34.081544],[133.909319,34.081528],[133.909411,34.081502],[133.909498,34.081469],[133.909541,34.081449],[133.909607,34.081411],[133.90967,34.081368],[133.90973,34.081322],[133.909844,34.081225],[133.909941,34.081136],[133.910035,34.081047],[133.910119,34.080962],[133.910195,34.080884],[133.910235,34.080846],[133.91031,34.080784],[133.91038,34.080737],[133.910453,34.080695],[133.910507,34.080665],[133.910618,34.08061],[133.91073,34.080557],[133.910876,34.08048],[133.910946,34.080438],[133.911014,34.080393],[133.911078,34.080346],[133.911174,34.080259],[133.911195,34.080237],[133.911267,34.080167],[133.911372,34.080072],[133.911433,34.080025],[133.911496,34.079982],[133.911564,34.079943],[133.911637,34.079909],[133.911767,34.079862],[133.911841,34.079834],[133.911894,34.079814],[133.911953,34.079784],[133.912002,34.079749],[133.912048,34.079709],[133.91209,34.079665],[133.912167,34.079572],[133.912239,34.079476],[133.912273,34.079427],[133.912301,34.079378],[133.912324,34.079327],[133.912341,34.079267],[133.912351,34.079205],[133.912353,34.079079],[133.912343,34.078964],[133.912325,34.078862],[133.912299,34.078761],[133.91226,34.078656],[133.912245,34.078605],[133.912234,34.078554],[133.912234,34.078503],[133.912241,34.078459],[133.912256,34.078416],[133.9123,34.078331],[133.912357,34.078232],[133.912386,34.078176],[133.91241,34.07812],[133.912432,34.078064],[133.912447,34.078006],[133.912454,34.077949],[133.912458,34.077833],[133.912455,34.077716],[133.912455,34.077655],[133.912459,34.077594],[133.912466,34.077534],[133.912478,34.077474],[133.912496,34.077415],[133.912539,34.077309],[133.91256,34.077257],[133.912576,34.077205],[133.912584,34.077152],[133.912581,34.0771],[133.91257,34.077048],[133.912536,34.076942],[133.912521,34.076889],[133.91251,34.076833],[133.912505,34.076775],[133.912506,34.076718],[133.912513,34.076662],[133.912527,34.076607],[133.912549,34.076541],[133.912579,34.076478],[133.912617,34.076416],[133.912659,34.076357],[133.912753,34.076249],[133.912854,34.076151],[133.912956,34.076053],[133.913025,34.075979],[133.913085,34.075899],[133.91311,34.075859],[133.913144,34.075777],[133.913163,34.075722],[133.913226,34.075545],[133.91326,34.075478],[133.913281,34.075447],[133.913334,34.07539],[133.913366,34.075365],[133.913439,34.075318],[133.91352,34.075277],[133.913608,34.07524],[133.913695,34.075213],[133.913779,34.075194],[133.913862,34.075178],[133.913946,34.075159],[133.914032,34.07513],[133.914073,34.075112],[133.914113,34.075091],[133.91415,34.075066],[133.914219,34.075011],[133.914286,34.074955],[133.914355,34.074901],[133.914426,34.074851],[133.914498,34.074799],[133.914572,34.074744],[133.914649,34.074686],[133.914731,34.074622],[133.914818,34.074555],[133.914905,34.074485],[133.914993,34.074417],[133.915078,34.074354],[133.915156,34.074299],[133.915228,34.07425],[133.915292,34.074204],[133.915324,34.074181],[133.91536,34.074162],[133.915403,34.074147],[133.915456,34.074137],[133.91552,34.074132],[133.915665,34.074131],[133.915734,34.074129],[133.915795,34.074123],[133.915842,34.074108],[133.915878,34.074089],[133.915939,34.074039],[133.915972,34.074011],[133.916011,34.073984],[133.916106,34.073932],[133.91621,34.073878],[133.916307,34.07382],[133.916396,34.073769],[133.916437,34.073751],[133.916475,34.073737],[133.91655,34.073723],[133.916635,34.073705],[133.916733,34.073671],[133.916784,34.073647],[133.91688,34.073594],[133.916954,34.073534],[133.916984,34.073502],[133.917031,34.073436],[133.917067,34.073365],[133.9171,34.07329],[133.917135,34.073209],[133.917176,34.073126],[133.917221,34.073048],[133.917265,34.072979],[133.917304,34.072915],[133.917321,34.072883],[133.917343,34.072812],[133.917359,34.07274],[133.917373,34.07267],[133.917391,34.072605],[133.917405,34.072575],[133.917447,34.072515],[133.917506,34.072456],[133.917571,34.072391],[133.917633,34.072316],[133.917701,34.072241],[133.917739,34.072207],[133.91778,34.072175],[133.917867,34.072117],[133.917908,34.072089],[133.917944,34.072059],[133.917974,34.072026],[133.918023,34.071955],[133.918067,34.071887],[133.918095,34.071854],[133.918115,34.071829],[133.918173,34.071781],[133.918233,34.071741],[133.918295,34.071704],[133.918351,34.071664],[133.918394,34.071613],[133.918428,34.071553],[133.918459,34.071487],[133.918492,34.07142],[133.918511,34.071387],[133.918558,34.071328],[133.918585,34.071299],[133.918645,34.071247],[133.918703,34.071195],[133.918707,34.071192],[133.918766,34.071132],[133.918824,34.07107],[133.918879,34.071005],[133.918933,34.070939],[133.918988,34.070866],[133.919042,34.070789],[133.919098,34.070714],[133.919154,34.070646],[133.91921,34.070579],[133.919238,34.070545],[133.919287,34.070472],[133.91933,34.070396],[133.919349,34.070358],[133.919379,34.070282],[133.919411,34.070198],[133.919455,34.070098],[133.919482,34.070045],[133.919545,34.069945],[133.919577,34.069904],[133.919607,34.069872],[133.919637,34.069849],[133.919701,34.069813],[133.919736,34.069795],[133.919917,34.069704],[133.919998,34.069674],[133.920089,34.06963],[133.920129,34.069605],[133.920164,34.069578],[133.920224,34.069519],[133.920275,34.069453],[133.920325,34.069382],[133.920381,34.069304],[133.920447,34.069213],[133.920525,34.069104],[133.920614,34.068981],[133.920702,34.068865],[133.920778,34.068773],[133.920843,34.068711],[133.920874,34.06869],[133.920906,34.068671],[133.920977,34.068645],[133.921058,34.068618],[133.921101,34.068598],[133.921146,34.068572],[133.92119,34.068538],[133.921232,34.068493],[133.921275,34.068438],[133.921316,34.068379],[133.921393,34.068247],[133.921464,34.068116],[133.92153,34.067992],[133.921594,34.067877],[133.921663,34.06777],[133.921699,34.067719],[133.92177,34.067621],[133.921835,34.067527],[133.921885,34.067433],[133.921905,34.067386],[133.921921,34.067338],[133.921943,34.067241],[133.92195,34.067138],[133.921947,34.067031],[133.921939,34.066925],[133.921928,34.066818],[133.921914,34.066711],[133.921905,34.066676],[133.921887,34.066595],[133.921873,34.066539],[133.921855,34.066492],[133.921839,34.066447],[133.921832,34.066407],[133.921834,34.066391],[133.921839,34.066375],[133.921859,34.066353],[133.921891,34.066335],[133.921926,34.066318],[133.921961,34.066301],[133.921993,34.066281],[133.922025,34.066259],[133.922052,34.066232],[133.922074,34.066202],[133.922095,34.066169],[133.922113,34.066134],[133.922128,34.066096],[133.922143,34.066055],[133.922157,34.06601],[133.922168,34.065959],[133.922181,34.065903],[133.922192,34.065845],[133.922202,34.065789],[133.922212,34.065737],[133.922226,34.065692],[133.922237,34.065671],[133.922251,34.065653],[133.922291,34.065623],[133.922346,34.065601],[133.922404,34.065582],[133.922455,34.065565],[133.92249,34.065544],[133.922516,34.06552],[133.922524,34.065511],[133.922531,34.065504],[133.922541,34.065493],[133.922572,34.065462],[133.922612,34.06543],[133.922659,34.0654],[133.922862,34.065244],[133.92309,34.064977],[133.923319,34.064653],[133.923379,34.064489],[133.92362,34.063981],[133.92376,34.063592],[133.923865,34.06319],[133.923975,34.06275],[133.923973,34.062336],[133.923818,34.061906],[133.923764,34.061322],[133.923709,34.060526],[133.923689,34.060483],[133.923685,34.06046],[133.923683,34.060436],[133.923686,34.060385],[133.923694,34.060333],[133.9237,34.06028],[133.923705,34.060225],[133.923706,34.060168],[133.923702,34.060107],[133.923696,34.060042],[133.923685,34.059978],[133.923678,34.059919],[133.923671,34.059867],[133.923665,34.05982],[133.923657,34.059775],[133.923644,34.059728],[133.923624,34.059679],[133.923599,34.059628],[133.92357,34.05958],[133.923534,34.059533],[133.923498,34.059488],[133.923462,34.059444],[133.923431,34.059399],[133.923407,34.059353],[133.92339,34.059305],[133.923381,34.059255],[133.923378,34.059201],[133.923381,34.059145],[133.92339,34.059087],[133.9234,34.059027],[133.923412,34.058967],[133.923426,34.058907],[133.92344,34.058846],[133.923455,34.058786],[133.923471,34.058724],[133.92349,34.05866],[133.923512,34.058592],[133.923533,34.058519],[133.92355,34.058449],[133.923558,34.058385],[133.923554,34.05833],[133.923543,34.05828],[133.923536,34.058229],[133.923541,34.058171],[133.923558,34.058106],[133.923584,34.058037],[133.92361,34.05797],[133.923633,34.057907],[133.923651,34.057849],[133.923665,34.057795],[133.923703,34.057654],[133.923738,34.05754],[133.923741,34.05748],[133.923734,34.057379],[133.923728,34.057267],[133.923724,34.057157],[133.923717,34.057054],[133.923714,34.056954],[133.923719,34.056906],[133.923732,34.056857],[133.923752,34.056807],[133.92381,34.056705],[133.923866,34.056612],[133.923885,34.05657],[133.923899,34.056527],[133.923907,34.056484],[133.923907,34.056481],[133.923919,34.05638],[133.923927,34.056239],[133.923944,34.056064],[133.92398,34.055864],[133.924031,34.055652],[133.924061,34.055509],[133.924074,34.055427],[133.924103,34.055213],[133.924119,34.055058],[133.924136,34.054951],[133.924159,34.054853],[133.924177,34.054812],[133.924199,34.054774],[133.924226,34.05474],[133.924297,34.054671],[133.924376,34.0546],[133.924441,34.054536],[133.924499,34.054475],[133.924557,34.054412],[133.924644,34.054286],[133.924661,34.054253],[133.924688,34.05419],[133.92471,34.054127],[133.924728,34.054068],[133.924754,34.053954],[133.92478,34.05384],[133.9248,34.053778],[133.924855,34.053638],[133.924912,34.053494],[133.924931,34.053426],[133.924939,34.053363],[133.92494,34.053305],[133.924931,34.053249],[133.924915,34.053193],[133.924896,34.053142],[133.924894,34.053137],[133.924866,34.053075],[133.924805,34.052947],[133.924746,34.052812],[133.92472,34.052742],[133.92468,34.052608],[133.924651,34.052509],[133.924643,34.05248],[133.924603,34.052363],[133.924577,34.05231],[133.924547,34.05226],[133.92451,34.052213],[133.924464,34.052168],[133.924413,34.052127],[133.924356,34.052086],[133.924296,34.052047],[133.924172,34.051968],[133.924049,34.051887],[133.923931,34.051803],[133.923824,34.051712],[133.923776,34.051663],[133.923734,34.051612],[133.923698,34.051556],[133.923669,34.051495],[133.923646,34.05143],[133.923627,34.051359],[133.923612,34.051285],[133.9236,34.051205],[133.923579,34.051028],[133.923565,34.050871],[133.923562,34.050836],[133.923547,34.050637],[133.92353,34.050434],[133.923514,34.050229],[133.923583,34.05023],[133.923861,34.05023],[133.924165,34.050224],[133.924496,34.050211],[133.925224,34.050175],[133.925995,34.050134],[133.926379,34.050117],[133.927091,34.050092],[133.927943,34.050068],[133.928066,34.050067],[133.928238,34.050082],[133.928292,34.050084],[133.928323,34.050086],[133.928487,34.050087],[133.928655,34.050082],[133.928833,34.050076],[133.929017,34.05007],[133.929198,34.050057],[133.929283,34.050045],[133.929448,34.050013],[133.929612,34.049974],[133.92978,34.049931],[133.929938,34.049888],[133.930008,34.049867],[133.930124,34.049826],[133.930177,34.049808],[133.930231,34.049794],[133.930237,34.049793],[133.930289,34.049783],[133.930354,34.049775],[133.930499,34.049769],[133.930648,34.049766],[133.930782,34.049756],[133.930906,34.04974],[133.931031,34.049722],[133.93116,34.049702],[133.931294,34.049679],[133.931437,34.049652],[133.931516,34.049638],[133.931601,34.049626],[133.931799,34.049607],[133.932021,34.04959],[133.932129,34.049579],[133.932231,34.049562],[133.932322,34.049539],[133.932405,34.049511],[133.932563,34.04945],[133.932645,34.049422],[133.932733,34.049395],[133.932922,34.049352],[133.933115,34.049309],[133.933293,34.049263],[133.933452,34.049214],[133.933586,34.04917],[133.933702,34.049128],[133.933817,34.049085],[133.933942,34.049037],[133.934073,34.048987],[133.934199,34.04894],[133.934331,34.048892],[133.934496,34.048843],[133.934705,34.048785],[133.934848,34.048747],[133.934927,34.048726],[133.935028,34.048697],[133.935114,34.048668],[133.935254,34.048615],[133.935311,34.048597],[133.936058,34.048359],[133.936157,34.048308],[133.936298,34.048227],[133.936362,34.048187],[133.93647,34.048109],[133.936548,34.048033],[133.936622,34.04796],[133.936664,34.047924],[133.936714,34.047887],[133.936777,34.047851],[133.936853,34.047814],[133.936941,34.047778],[133.937141,34.047707],[133.937348,34.047642],[133.937536,34.047584],[133.937707,34.047531],[133.937886,34.047471],[133.938103,34.047396],[133.938374,34.047295],[133.93869,34.047172],[133.939033,34.047034],[133.939066,34.047021],[133.939102,34.047006],[133.939209,34.046962],[133.939562,34.046811],[133.939917,34.046653],[133.940283,34.046492],[133.940546,34.046376],[133.940661,34.046326],[133.941055,34.046156],[133.941464,34.045982],[133.941885,34.045803],[133.942317,34.04562],[133.94276,34.045434],[133.943206,34.045247],[133.943466,34.045139],[133.943479,34.045133],[133.943652,34.045061],[133.94386,34.044975],[133.944091,34.044879],[133.944163,34.044849],[133.94451,34.044707],[133.944896,34.044547],[133.945239,34.044404],[133.94555,34.044274],[133.945844,34.044152],[133.945881,34.044137],[133.946094,34.044051],[133.946135,34.044034],[133.94643,34.043916],[133.946728,34.0438],[133.947032,34.043681],[133.947337,34.043565],[133.947636,34.043452],[133.947712,34.043424],[133.947918,34.043348],[133.947934,34.043343],[133.948171,34.04326],[133.948396,34.043185],[133.948604,34.043118],[133.948808,34.043052],[133.949019,34.042982],[133.949253,34.042903],[133.949527,34.042817],[133.949684,34.04277],[133.95004,34.04267],[133.950436,34.042567],[133.950853,34.042468],[133.951062,34.042421],[133.951468,34.04234],[133.951866,34.042268],[133.952272,34.042202],[133.952943,34.042077],[133.953295,34.042004],[133.953635,34.041941],[133.953811,34.041913],[133.954197,34.041859],[133.954637,34.041808],[133.954734,34.041797],[133.95512,34.041753],[133.955633,34.04169],[133.956152,34.041623],[133.956653,34.041551],[133.956891,34.041515],[133.957336,34.04144],[133.957542,34.0414],[133.957735,34.041359],[133.958121,34.04127],[133.958329,34.041222],[133.958815,34.041116],[133.959363,34.041004],[133.959873,34.040898],[133.960083,34.040851],[133.960264,34.040806],[133.960388,34.040772],[133.960476,34.040747],[133.960576,34.040717],[133.960723,34.04067],[133.960872,34.040617],[133.961023,34.04056],[133.961317,34.040439],[133.961456,34.040377],[133.961705,34.040252],[133.96195,34.040122],[133.962231,34.039978],[133.962285,34.039952],[133.962549,34.039825],[133.962711,34.039753],[133.962871,34.039684],[133.963023,34.039623],[133.96321,34.039536],[133.963335,34.039479],[133.963641,34.039319],[133.963836,34.039225],[133.964033,34.039137],[133.96421,34.039065],[133.96437,34.039001],[133.964445,34.03897],[133.964586,34.038904],[133.96472,34.038838],[133.96485,34.038776],[133.96498,34.038715],[133.96512,34.038645],[133.965271,34.038559],[133.965436,34.038465],[133.965615,34.038373],[133.965806,34.038284],[133.966014,34.038191],[133.966233,34.038088],[133.966451,34.03798],[133.966554,34.037926],[133.966642,34.037879],[133.966737,34.037823],[133.966906,34.037724],[133.967076,34.03763],[133.96725,34.037545],[133.967335,34.037508],[133.967416,34.037477],[133.967491,34.037452],[133.967565,34.037432],[133.967716,34.037404],[133.967895,34.037385],[133.968095,34.037369],[133.968291,34.037356],[133.968492,34.037357],[133.968594,34.037358],[133.968728,34.037369],[133.968845,34.037384],[133.968952,34.037399],[133.969058,34.037416],[133.969173,34.037436],[133.969302,34.037459],[133.969444,34.037488],[133.969593,34.037521],[133.969742,34.037559],[133.969861,34.037592],[133.969892,34.037601],[133.97004,34.037648],[133.970181,34.037696],[133.97032,34.037745],[133.97046,34.037794],[133.9706,34.03784],[133.970743,34.037888],[133.970886,34.037937],[133.971027,34.037989],[133.971161,34.038041],[133.971282,34.038087],[133.971384,34.038123],[133.971469,34.038152],[133.971538,34.038178],[133.971596,34.038203],[133.97166,34.038227],[133.97175,34.038252],[133.971877,34.038278],[133.972028,34.038305],[133.972182,34.038332],[133.972321,34.038358],[133.972448,34.038383],[133.972568,34.038409],[133.972687,34.038433],[133.972807,34.038458],[133.972931,34.038482],[133.973057,34.038508],[133.973193,34.038537],[133.97334,34.038574],[133.9735,34.038617],[133.973655,34.038663],[133.973786,34.038703],[133.973882,34.038732],[133.973977,34.038764],[133.974116,34.038813],[133.974323,34.038888],[133.974531,34.038962],[133.974767,34.039048],[133.974902,34.039095],[133.974985,34.039125],[133.975056,34.039156],[133.97514,34.039198],[133.975238,34.039254],[133.975291,34.039287],[133.975394,34.039359],[133.975507,34.039433],[133.975594,34.039482],[133.975732,34.039537],[133.975881,34.039593],[133.976046,34.03965],[133.976221,34.039708],[133.976397,34.039769],[133.976565,34.039834],[133.976628,34.039861],[133.976732,34.039905],[133.976906,34.039981],[133.977089,34.040059],[133.977271,34.040138],[133.977433,34.04021],[133.977562,34.04027],[133.977675,34.040323],[133.977789,34.040379],[133.977917,34.040439],[133.978052,34.040501],[133.978179,34.040562],[133.978286,34.040616],[133.978388,34.040668],[133.978405,34.040677],[133.978499,34.040723],[133.978629,34.040783],[133.978772,34.040844],[133.978914,34.040902],[133.97899,34.04093],[133.979044,34.04095],[133.979172,34.040993],[133.979307,34.041032],[133.979454,34.041069],[133.979611,34.041105],[133.97977,34.041134],[133.979924,34.041154],[133.980087,34.041169],[133.980277,34.041183],[133.9805,34.041199],[133.98074,34.041215],[133.980969,34.041224],[133.981167,34.041222],[133.981346,34.041214],[133.981524,34.041207],[133.981712,34.041205],[133.981906,34.041205],[133.98209,34.041205],[133.982257,34.041201],[133.982279,34.0412],[133.982418,34.041193],[133.982593,34.041181],[133.982723,34.041171],[133.98279,34.041166],[133.982998,34.041149],[133.983196,34.041131],[133.983371,34.041113],[133.983534,34.041092],[133.983706,34.041068],[133.983897,34.041036],[133.984098,34.040999],[133.984294,34.040958],[133.984472,34.040914],[133.984757,34.040845],[133.985364,34.040671],[133.985747,34.040554],[133.986148,34.040433],[133.98656,34.04031],[133.98697,34.04019],[133.987073,34.040159],[133.987354,34.040077],[133.987685,34.039978],[133.987968,34.039887],[133.988237,34.039797],[133.988515,34.039698],[133.98879,34.039595],[133.989038,34.039497],[133.989276,34.03941],[133.989361,34.039379],[133.989616,34.039267],[133.989872,34.039142],[133.990105,34.039011],[133.990328,34.038889],[133.990437,34.03883],[133.990651,34.038723],[133.990865,34.038623],[133.991086,34.03852],[133.991318,34.038407],[133.991555,34.038291],[133.991783,34.038182],[133.991998,34.038083],[133.992203,34.037996],[133.992296,34.037959],[133.9924,34.037919],[133.992519,34.037875],[133.992587,34.037851],[133.99276,34.037793],[133.992861,34.037759],[133.99299,34.037717],[133.993057,34.037695],[133.993129,34.037666],[133.993304,34.037582],[133.993542,34.03746],[133.993842,34.037307],[133.99401,34.037227],[133.994185,34.037149],[133.994365,34.037074],[133.994548,34.037004],[133.995111,34.036807],[133.995262,34.036765],[133.99543,34.036725],[133.995634,34.036688],[133.995874,34.036654],[133.996135,34.036623],[133.996401,34.036594],[133.99667,34.036567],[133.996936,34.036548],[133.997067,34.036542],[133.997197,34.03654],[133.997325,34.036542],[133.997343,34.036543],[133.997451,34.03655],[133.997574,34.036562],[133.997694,34.03658],[133.997808,34.036602],[133.997914,34.036629],[133.998013,34.036658],[133.998101,34.036689],[133.998265,34.036757],[133.99844,34.036829],[133.99854,34.036864],[133.998776,34.036939],[133.999048,34.037027],[133.999348,34.037132],[133.999444,34.037212],[133.999831,34.037315],[133.99967,34.037512],[133.99962,34.037566],[133.999501,34.037694],[133.999374,34.037832],[133.999256,34.037968],[133.999205,34.038038],[133.999155,34.038111],[133.999111,34.038192],[133.99907,34.038278],[133.998997,34.038465],[133.998933,34.038655],[133.998874,34.038832],[133.998826,34.038981],[133.998793,34.039087],[133.998708,34.039293],[133.998636,34.039476],[133.998608,34.03964],[133.998569,34.040119],[133.998567,34.040355],[133.998591,34.040602],[133.99864,34.040911],[133.998667,34.041145],[133.998713,34.041482],[133.998802,34.041955],[133.998837,34.042253],[133.998795,34.04253],[133.998723,34.04279],[133.99857,34.043009],[133.998555,34.043123],[133.998561,34.043237],[133.998709,34.043851],[133.998797,34.044501],[133.998824,34.044593],[133.99886,34.044705],[133.998884,34.044785],[133.998945,34.044975],[133.998954,34.045003],[133.999032,34.04524],[133.999117,34.045478],[133.999205,34.045709],[133.999294,34.045936],[133.99938,34.046157],[133.999459,34.046371],[133.999528,34.046571],[133.999583,34.046763],[133.999605,34.046859],[133.999608,34.046876],[133.999621,34.046955],[133.99964,34.047153],[133.999668,34.047552],[133.999682,34.04765],[133.999717,34.047849],[133.999762,34.048353],[133.999798,34.048709],[133.999857,34.049122],[134.00027,34.051263],[134.000425,34.052118],[134.000468,34.052524],[134.00047,34.052577],[134.000483,34.052902],[134.0005,34.053077],[134.000532,34.053324],[134.000566,34.053629],[134.0006,34.053868],[134.000639,34.054067],[134.000713,34.054345],[134.000828,34.054528],[134.000956,34.054949],[134.001001,34.055217],[134.00107,34.055722],[134.00108,34.056215],[134.001053,34.056605],[134.001066,34.056711],[134.001137,34.056896],[134.001176,34.057052],[134.001195,34.057183],[134.001197,34.057363],[134.001199,34.057485],[134.00119,34.057738],[134.00123,34.058175],[134.001169,34.058455],[134.001166,34.058916],[134.001166,34.058936],[134.00117,34.059071],[134.001173,34.059203],[134.001173,34.059337],[134.001165,34.05947],[134.001159,34.059531],[134.001135,34.059648],[134.001124,34.059824],[134.001115,34.060199],[134.001106,34.06056],[134.001108,34.060721],[134.00112,34.060756],[134.00127,34.060902],[134.001333,34.060982],[134.001384,34.06106],[134.001449,34.061193],[134.001482,34.061303],[134.001507,34.061434],[134.001529,34.061571],[134.001552,34.061694],[134.001574,34.061791],[134.001597,34.061869],[134.001613,34.061934],[134.001615,34.061965],[134.001608,34.061995],[134.001592,34.062029],[134.001563,34.062064],[134.001482,34.062142],[134.001456,34.062165],[134.001392,34.062221],[134.001316,34.062295],[134.001251,34.06237],[134.001188,34.062451],[134.001131,34.062524],[134.0011,34.062571],[134.001084,34.062611],[134.001076,34.062638],[134.00108,34.062683],[134.001093,34.062723],[134.001133,34.062832],[134.001188,34.062957],[134.001203,34.063002],[134.001213,34.063064],[134.00122,34.063138],[134.001222,34.063218],[134.001216,34.063295],[134.001201,34.063367],[134.001189,34.0634],[134.00116,34.06346],[134.001137,34.063495],[134.000977,34.063634],[134.000878,34.063726],[134.000802,34.063802],[134.00075,34.063862],[134.000715,34.063916],[134.000687,34.063973],[134.00066,34.064037],[134.000636,34.064107],[134.000619,34.064177],[134.000612,34.064239],[134.000615,34.064294],[134.000624,34.064347],[134.000639,34.064404],[134.000641,34.064414],[134.000652,34.064466],[134.000665,34.064535],[134.000679,34.06461],[134.000689,34.064689],[134.000697,34.064771],[134.000701,34.064849],[134.0007,34.064922],[134.000693,34.064984],[134.000679,34.065036],[134.000659,34.065077],[134.000646,34.065094],[134.000614,34.065121],[134.000594,34.065132],[134.000552,34.06515],[134.000504,34.06517],[134.000452,34.065192],[134.000396,34.065216],[134.00034,34.065241],[134.000285,34.065263],[134.000229,34.065281],[134.000173,34.065297],[134.000115,34.065315],[134.000054,34.065333],[133.999989,34.065358],[133.999922,34.065393],[133.999853,34.065443],[133.999784,34.065505],[133.999717,34.065571],[133.999657,34.065628],[133.999602,34.065669],[133.999548,34.065704],[133.999491,34.065741],[133.999422,34.065792],[133.999342,34.065856],[133.999253,34.065927],[133.999163,34.065997],[133.999072,34.066058],[133.998986,34.066115],[133.998907,34.066171],[133.998839,34.066231],[133.998782,34.066296],[133.998747,34.066346],[133.998721,34.066389],[133.998684,34.066463],[133.998651,34.066528],[133.998622,34.066601],[133.998592,34.066682],[133.99856,34.066772],[133.998531,34.066867],[133.998507,34.066964],[133.998488,34.067071],[133.998476,34.067193],[133.998466,34.067328],[133.998458,34.067457],[133.998449,34.067568],[133.998442,34.067669],[133.998437,34.06777],[133.998436,34.067874],[133.998441,34.067972],[133.998453,34.06806],[133.998483,34.068232],[133.99854,34.068431],[133.998586,34.068564],[133.998693,34.06879],[133.998805,34.068984],[133.99893,34.069156],[133.999209,34.069532],[133.999907,34.070885],[134.000526,34.071972],[134.000554,34.072046],[134.000551,34.072143],[133.999562,34.074618],[133.999502,34.074769],[133.99947,34.074833],[133.999257,34.074705],[133.99861,34.074492],[133.998019,34.074267],[133.997453,34.074026],[133.997345,34.074026],[133.997318,34.074026],[133.997188,34.074024],[133.997064,34.074022],[133.996948,34.074015],[133.996839,34.074004],[133.996735,34.073986],[133.996636,34.073962],[133.996542,34.073935],[133.996447,34.073906],[133.996358,34.073874],[133.996277,34.073837],[133.996242,34.073816],[133.996212,34.073795],[133.996185,34.07377],[133.996164,34.073744],[133.996129,34.073688],[133.996097,34.073629],[133.996061,34.073573],[133.996017,34.073519],[133.995965,34.073469],[133.995916,34.073428],[133.995836,34.073376],[133.995748,34.073331],[133.995646,34.073276],[133.995522,34.073205],[133.995379,34.073122],[133.995231,34.073035],[133.995093,34.072957],[133.994972,34.072893],[133.994866,34.07284],[133.994764,34.07279],[133.994656,34.072737],[133.994543,34.07268],[133.994432,34.072625],[133.99433,34.072582],[133.994242,34.072551],[133.994167,34.072536],[133.994138,34.072534],[133.994103,34.07253],[133.994045,34.072532],[133.99399,34.072541],[133.993928,34.072558],[133.993853,34.072584],[133.99376,34.072618]]],[[[133.682114,33.983545],[133.682114,33.983412],[133.682151,33.98337],[133.682089,33.982962],[133.681601,33.982354],[133.680876,33.981362],[133.680826,33.980979],[133.681214,33.980104],[133.681351,33.979129],[133.681676,33.978771],[133.682001,33.978704],[133.682751,33.978321],[133.683101,33.977846],[133.683626,33.977396],[133.684064,33.976763],[133.684151,33.976563],[133.683289,33.975838],[133.682913,33.975257],[133.681814,33.97433],[133.681402,33.973813],[133.681152,33.973296],[133.681014,33.972688],[133.680916,33.972415],[133.680771,33.971888],[133.680587,33.971395],[133.680422,33.970988],[133.68036,33.97041],[133.68038,33.970155],[133.680461,33.969866],[133.680702,33.969739],[133.681614,33.969372],[133.682714,33.969014],[133.683177,33.968814],[133.683289,33.968472],[133.683307,33.968091],[133.683314,33.96793],[133.683127,33.967439],[133.682764,33.966897],[133.682577,33.966314],[133.682627,33.965497],[133.682877,33.964798],[133.683227,33.964531],[133.683952,33.964348],[133.684277,33.964214],[133.685352,33.963939],[133.685864,33.964006],[133.686314,33.964214],[133.685814,33.964864],[133.685819,33.964901],[133.685839,33.965047],[133.686039,33.965289],[133.686364,33.965406],[133.686776,33.965339],[133.687626,33.965048],[133.688589,33.964656],[133.689826,33.964006],[133.692438,33.962817],[133.692351,33.96249],[133.692281,33.962185],[133.692259,33.961648],[133.692165,33.961336],[133.691888,33.960804],[133.691658,33.960406],[133.691262,33.959801],[133.690918,33.959403],[133.690418,33.958919],[133.689989,33.958349],[133.689693,33.957998],[133.689359,33.957366],[133.68864,33.956977],[133.688244,33.956606],[133.687921,33.956164],[133.687718,33.95597],[133.687603,33.955641],[133.687623,33.955312],[133.687768,33.955],[133.687881,33.954281],[133.688026,33.954108],[133.688192,33.953813],[133.68842,33.953579],[133.688939,33.953422],[133.689209,33.953301],[133.689339,33.953157],[133.689489,33.952789],[133.689951,33.952334],[133.690106,33.951857],[133.690763,33.950588],[133.691219,33.950042],[133.69151,33.949781],[133.691603,33.949729],[133.691645,33.949669],[133.691644,33.94921],[133.691747,33.94895],[133.691965,33.948646],[133.692068,33.948438],[133.692317,33.948213],[133.692576,33.947953],[133.692814,33.947575],[133.692889,33.947109],[133.692901,33.946831],[133.692801,33.946584],[133.692619,33.946225],[133.692515,33.945905],[133.692482,33.945515],[133.692534,33.945169],[133.692585,33.944796],[133.692589,33.944534],[133.692569,33.944331],[133.692526,33.943909],[133.692409,33.943753],[133.692389,33.943726],[133.691152,33.942509],[133.690664,33.942151],[133.690277,33.941768],[133.689006,33.941031],[133.688688,33.940637],[133.688068,33.940166],[133.686621,33.939077],[133.686277,33.938913],[133.685737,33.938966],[133.684203,33.939201],[133.683726,33.939103],[133.682893,33.938498],[133.682578,33.938368],[133.681953,33.938168],[133.68164,33.937918],[133.681467,33.937609],[133.681486,33.937072],[133.681309,33.936803],[133.681132,33.936596],[133.680189,33.93571],[133.680183,33.935298],[133.680255,33.935004],[133.680374,33.934592],[133.68028,33.934489],[133.679999,33.934368],[133.679396,33.934135],[133.678158,33.933643],[133.677648,33.933566],[133.677304,33.93346],[133.677086,33.933255],[133.67641,33.93291],[133.676357,33.932364],[133.676315,33.932113],[133.676044,33.93194],[133.67594,33.931637],[133.675938,33.931075],[133.676125,33.930615],[133.676341,33.929576],[133.676309,33.92903],[133.676588,33.928268],[133.676577,33.927982],[133.676446,33.927744],[133.67604,33.927243],[133.675852,33.926784],[133.675633,33.926412],[133.675858,33.92642],[133.676235,33.92635],[133.677389,33.926331],[133.678247,33.926256],[133.678756,33.926117],[133.67914,33.926021],[133.679493,33.925995],[133.679961,33.925986],[133.680367,33.926028],[133.68071,33.92614],[133.681204,33.92617],[133.681557,33.926074],[133.681692,33.92584],[133.681837,33.925736],[133.682409,33.925735],[133.683084,33.925786],[133.683511,33.925967],[133.683927,33.925967],[133.684249,33.925871],[133.684758,33.925732],[133.685236,33.925644],[133.685693,33.925661],[133.6859,33.92521],[133.686574,33.924491],[133.687179,33.923903],[133.687541,33.923245],[133.687816,33.92262],[133.688166,33.92217],[133.688554,33.921787],[133.688854,33.921312],[133.688966,33.920637],[133.689054,33.919987],[133.689154,33.919329],[133.689204,33.918896],[133.689391,33.918421],[133.690166,33.917746],[133.690416,33.917046],[133.690491,33.916554],[133.690441,33.916279],[133.690323,33.916219],[133.690279,33.916196],[133.68976,33.916148],[133.689391,33.916029],[133.688866,33.916013],[133.688355,33.916041],[133.688033,33.91615],[133.687807,33.916141],[133.687676,33.916002],[133.687329,33.915204],[133.686804,33.914621],[133.685986,33.914025],[133.685591,33.913405],[133.68428,33.91249],[133.683767,33.912352],[133.68335,33.912174],[133.682706,33.91151],[133.68243,33.910895],[133.682114,33.910484],[133.680934,33.910019],[133.67985,33.909852],[133.679242,33.909704],[133.678659,33.909844],[133.678195,33.909815],[133.677599,33.909676],[133.67742,33.909449],[133.677275,33.908774],[133.677129,33.908388],[133.676982,33.908244],[133.676803,33.908065],[133.676695,33.907619],[133.676718,33.907073],[133.676479,33.906538],[133.676335,33.905933],[133.676274,33.905486],[133.676196,33.904995],[133.676076,33.904648],[133.675991,33.90456],[133.675885,33.90445],[133.675646,33.904242],[133.675443,33.903924],[133.675288,33.903796],[133.674804,33.903456],[133.67462,33.90328],[133.674536,33.903092],[133.67459,33.902849],[133.675071,33.902496],[133.675279,33.902147],[133.675492,33.901816],[133.675516,33.901558],[133.675634,33.901141],[133.675824,33.900773],[133.675954,33.900366],[133.675977,33.900009],[133.675976,33.899801],[133.676154,33.899463],[133.676427,33.899155],[133.676867,33.898916],[133.677403,33.898697],[133.677605,33.898498],[133.677723,33.897952],[133.677941,33.897004],[133.677957,33.89597],[133.678021,33.895714],[133.677939,33.895446],[133.677916,33.894773],[133.677935,33.894147],[133.678077,33.893819],[133.678029,33.893581],[133.677921,33.893234],[133.677819,33.89303],[133.677652,33.892882],[133.677116,33.892545],[133.676371,33.892134],[133.675739,33.891907],[133.675221,33.891486],[133.674732,33.891338],[133.673841,33.890948],[133.673016,33.890298],[133.672766,33.890165],[133.671539,33.889943],[133.670931,33.889686],[133.670699,33.889582],[133.670566,33.889399],[133.670388,33.889136],[133.670173,33.888859],[133.669717,33.888657],[133.669458,33.888453],[133.669159,33.887898],[133.669052,33.8876],[133.668861,33.887511],[133.668564,33.887561],[133.667546,33.887825],[133.666856,33.888074],[133.666354,33.888074],[133.665635,33.887714],[133.66498,33.887546],[133.664467,33.88724],[133.663605,33.886749],[133.662755,33.886315],[133.662155,33.885932],[133.661673,33.885531],[133.661467,33.885057],[133.66113,33.884357],[133.660892,33.883657],[133.660901,33.883423],[133.661055,33.883145],[133.661114,33.882957],[133.66109,33.882758],[133.660892,33.882041],[133.660767,33.881786],[133.661017,33.881566],[133.661517,33.880866],[133.662042,33.879558],[133.662018,33.879289],[133.661731,33.878932],[133.66154,33.878496],[133.661241,33.877831],[133.661253,33.877593],[133.6613,33.877157],[133.661405,33.876541],[133.661706,33.874978],[133.662246,33.87399],[133.66258,33.873317],[133.662642,33.872934],[133.66253,33.872617],[133.662528,33.872362],[133.66258,33.872167],[133.662753,33.871806],[133.66278,33.8716],[133.66283,33.871042],[133.662942,33.870517],[133.663167,33.870209],[133.663355,33.870026],[133.664067,33.869684],[133.66423,33.869234],[133.664527,33.868832],[133.664943,33.868712],[133.665538,33.868662],[133.665742,33.868559],[133.665942,33.868084],[133.666242,33.866959],[133.666454,33.866351],[133.666654,33.866059],[133.667579,33.865901],[133.668742,33.865626],[133.669779,33.865493],[133.670441,33.865193],[133.670854,33.865151],[133.671815,33.864942],[133.672434,33.864733],[133.673313,33.864295],[133.673468,33.864047],[133.673646,33.863818],[133.674014,33.863609],[133.674264,33.86344],[133.67443,33.863251],[133.674504,33.862801],[133.674504,33.861726],[133.674391,33.861135],[133.674348,33.860835],[133.675156,33.860129],[133.67564,33.859831],[133.675801,33.859684],[133.675961,33.859319],[133.676515,33.859038],[133.676792,33.858855],[133.677273,33.858586],[133.677778,33.85861],[133.678208,33.85867],[133.679202,33.858839],[133.679948,33.859179],[133.680693,33.859385],[133.681265,33.859223],[133.681622,33.859163],[133.682014,33.859112],[133.68349,33.858719],[133.683978,33.858269],[133.684743,33.858082],[133.68579,33.857544],[133.686916,33.856691],[133.687354,33.856629],[133.68769,33.856669],[133.68934,33.856936],[133.690327,33.857105],[133.691014,33.85719],[133.691861,33.857006],[133.692639,33.856868],[133.693657,33.856591],[133.694809,33.856368],[133.695202,33.855758],[133.695945,33.854698],[133.696222,33.854405],[133.696323,33.854173],[133.696293,33.853832],[133.696417,33.853534],[133.697,33.853009],[133.697203,33.852741],[133.697611,33.852229],[133.69837,33.851814],[133.699026,33.851423],[133.699697,33.851166],[133.700295,33.851019],[133.700587,33.85086],[133.700907,33.850409],[133.701304,33.849995],[133.701721,33.849907],[133.702615,33.849897],[133.70344,33.850205],[133.704327,33.850468],[133.705521,33.851169],[133.706722,33.851597],[133.707855,33.851695],[133.708431,33.851566],[133.708611,33.851521],[133.709599,33.851271],[133.71157,33.851256],[133.713176,33.851107],[133.715004,33.850988],[133.715441,33.850825],[133.716023,33.850433],[133.716426,33.849973],[133.716701,33.849824],[133.717396,33.849526],[133.718254,33.849403],[133.719079,33.849388],[133.71978,33.849434],[133.720876,33.849541],[133.72146,33.849662],[133.722235,33.849843],[133.722834,33.849988],[133.72374,33.850084],[133.725061,33.849893],[133.725776,33.849794],[133.726595,33.849835],[133.727208,33.850267],[133.728013,33.850752],[133.728992,33.851055],[133.729679,33.851115],[133.730394,33.850991],[133.731342,33.850661],[133.732233,33.850452],[133.733253,33.849854],[133.734319,33.849645],[133.735873,33.849526],[133.737193,33.849825],[133.73777,33.849939],[133.738135,33.849853],[133.738564,33.849481],[133.738783,33.849207],[133.73903,33.848884],[133.739146,33.848707],[133.739343,33.848572],[133.739635,33.848401],[133.739838,33.848194],[133.740159,33.847772],[133.740245,33.847505],[133.740288,33.847249],[133.740319,33.847188],[133.740434,33.846963],[133.7406,33.846597],[133.740872,33.845814],[133.740962,33.845257],[133.741077,33.844709],[133.74109,33.844386],[133.741034,33.843951],[133.741034,33.843835],[133.740947,33.843623],[133.740785,33.843391],[133.740711,33.84316],[133.740718,33.842983],[133.740761,33.842868],[133.740852,33.842749],[133.741296,33.842358],[133.742113,33.841955],[133.742615,33.841588],[133.743016,33.841387],[133.743559,33.840965],[133.74423,33.840583],[133.744477,33.840358],[133.744557,33.840242],[133.744535,33.84012],[133.744505,33.839968],[133.744556,33.83984],[133.744891,33.839486],[133.745248,33.839236],[133.745466,33.838961],[133.745633,33.838644],[133.745908,33.838373],[133.746821,33.837838],[133.747498,33.837459],[133.747957,33.837063],[133.748263,33.836794],[133.748416,33.836672],[133.748584,33.83672],[133.748819,33.83697],[133.749001,33.837073],[133.749272,33.837072],[133.75014,33.836912],[133.750585,33.836905],[133.751706,33.836869],[133.752377,33.836856],[133.752611,33.836953],[133.752933,33.837214],[133.753175,33.837323],[133.75343,33.83739],[133.753854,33.837316],[133.754539,33.837065],[133.754933,33.836942],[133.755319,33.836606],[133.755782,33.836449],[133.756195,33.836382],[133.756691,33.836457],[133.757086,33.836603],[133.757641,33.836821],[133.758417,33.837233],[133.759382,33.837816],[133.761356,33.838749],[133.762336,33.838991],[133.763329,33.839074],[133.76432,33.839466],[133.765095,33.839974],[133.765395,33.840132],[133.76632,33.840299],[133.76657,33.840274],[133.767297,33.840051],[133.767984,33.839738],[133.768926,33.839561],[133.770051,33.839518],[133.770552,33.839567],[133.771278,33.839615],[133.77216,33.839688],[133.772901,33.83978],[133.773185,33.839904],[133.773612,33.840072],[133.774021,33.840485],[133.774531,33.840958],[133.774883,33.841282],[133.775236,33.841742],[133.775446,33.842047],[133.775686,33.842215],[133.775874,33.842296],[133.776232,33.842308],[133.776793,33.84225],[133.777369,33.842199],[133.778075,33.842063],[133.778546,33.842031],[133.778905,33.842049],[133.779219,33.84203],[133.77948,33.841985],[133.779936,33.84186],[133.780227,33.841828],[133.780414,33.841852],[133.780601,33.841914],[133.780758,33.841914],[133.780878,33.841876],[133.780952,33.841702],[133.780981,33.841533],[133.781071,33.841452],[133.781205,33.841433],[133.781318,33.84147],[133.781542,33.841544],[133.781785,33.841497],[133.782069,33.841403],[133.782218,33.841328],[133.782308,33.841259],[133.782435,33.841227],[133.782584,33.841177],[133.782659,33.84114],[133.782718,33.841058],[133.782785,33.841015],[133.782897,33.840989],[133.783293,33.840883],[133.783391,33.840895],[133.78357,33.84095],[133.783765,33.840994],[133.783937,33.840968],[133.784094,33.840937],[133.784258,33.840961],[133.784453,33.840986],[133.78458,33.841017],[133.784685,33.841066],[133.784805,33.841178],[133.78491,33.841334],[133.784955,33.841515],[133.784971,33.841683],[133.784986,33.841826],[133.785009,33.84192],[133.785077,33.842013],[133.785107,33.842132],[133.785212,33.842231],[133.785332,33.842312],[133.785594,33.842349],[133.785863,33.842305],[133.786251,33.842135],[133.786467,33.841942],[133.786643,33.841726],[133.786581,33.841681],[133.786576,33.841669],[133.786553,33.841612],[133.786529,33.841536],[133.786513,33.841455],[133.786509,33.841366],[133.786516,33.841267],[133.786534,33.84116],[133.786562,33.841047],[133.786631,33.840802],[133.786706,33.840542],[133.786785,33.84028],[133.786867,33.840025],[133.786959,33.839765],[133.787072,33.839469],[133.787212,33.839113],[133.787293,33.838922],[133.787379,33.838728],[133.787471,33.838537],[133.787565,33.838352],[133.787757,33.838004],[133.787943,33.83768],[133.788106,33.837378],[133.788215,33.837157],[133.788244,33.837097],[133.788303,33.836964],[133.788354,33.836836],[133.788413,33.836671],[133.788442,33.836591],[133.788519,33.836353],[133.789108,33.836671],[133.789118,33.836676],[133.789144,33.836678],[133.789169,33.836676],[133.789196,33.836671],[133.789216,33.836667],[133.789282,33.836654],[133.789349,33.836647],[133.789414,33.836649],[133.789477,33.83666],[133.789512,33.836671],[133.789538,33.836679],[133.789595,33.836703],[133.789698,33.836757],[133.789781,33.836803],[133.789848,33.836848],[133.789904,33.8369],[133.789959,33.836951],[133.789992,33.83697],[133.790032,33.836981],[133.790079,33.836982],[133.790133,33.836977],[133.790246,33.836951],[133.790353,33.836925],[133.790448,33.836909],[133.790496,33.836905],[133.790599,33.836905],[133.790711,33.836905],[133.790765,33.836898],[133.790816,33.836882],[133.790863,33.836856],[133.790951,33.836789],[133.790995,33.836746],[133.791038,33.836721],[133.791098,33.836707],[133.79119,33.836701],[133.7913,33.836697],[133.791369,33.836688],[133.791436,33.836671],[133.79157,33.836622],[133.791703,33.836569],[133.79177,33.836545],[133.791839,33.836525],[133.791912,33.83651],[133.791991,33.836499],[133.792076,33.836493],[133.792168,33.836492],[133.792362,33.8365],[133.79254,33.836514],[133.792677,33.836522],[133.792802,33.836529],[133.792954,33.836538],[133.79314,33.83655],[133.793337,33.836565],[133.793525,33.836582],[133.793723,33.836614],[133.793987,33.836663],[133.794032,33.83667],[133.794228,33.836703],[133.794354,33.836722],[133.794469,33.836735],[133.794565,33.836735],[133.794649,33.836729],[133.794807,33.836703],[133.794893,33.83669],[133.794991,33.83668],[133.795189,33.83667],[133.795197,33.83667],[133.79537,33.836668],[133.795492,33.83667],[133.795493,33.83667],[133.795574,33.83668],[133.795638,33.836694],[133.795688,33.836707],[133.795734,33.836723],[133.795782,33.836742],[133.795851,33.836771],[133.795881,33.836783],[133.795908,33.836789],[133.79596,33.836798],[133.796004,33.836798],[133.796084,33.836788],[133.796177,33.836767],[133.796278,33.836744],[133.796379,33.836721],[133.79646,33.836702],[133.796541,33.836679],[133.79657,33.83667],[133.796612,33.836657],[133.796699,33.836623],[133.79679,33.836589],[133.796886,33.836559],[133.796983,33.836536],[133.797027,33.836527],[133.797125,33.836518],[133.797218,33.836518],[133.797221,33.836518],[133.797317,33.836524],[133.79742,33.836531],[133.797526,33.836542],[133.797623,33.836559],[133.797673,33.836568],[133.797757,33.836591],[133.797834,33.83662],[133.797903,33.836651],[133.79795,33.83667],[133.797981,33.836683],[133.798066,33.836712],[133.798145,33.836739],[133.798207,33.836765],[133.798239,33.836784],[133.798266,33.836808],[133.798294,33.836838],[133.798325,33.836874],[133.798356,33.836911],[133.798358,33.836914],[133.798393,33.83696],[133.798421,33.837005],[133.798445,33.837056],[133.798468,33.837112],[133.798478,33.837133],[133.798482,33.837143],[133.798498,33.837169],[133.798534,33.837234],[133.798556,33.83727],[133.798608,33.83735],[133.798656,33.837414],[133.798692,33.837454],[133.798737,33.837495],[133.798777,33.837532],[133.798808,33.837567],[133.798837,33.837607],[133.798872,33.837649],[133.798893,33.83767],[133.798915,33.837685],[133.798951,33.837704],[133.798982,33.837712],[133.799022,33.837712],[133.799052,33.837707],[133.799099,33.837695],[133.799183,33.837663],[133.799272,33.837622],[133.799373,33.83757],[133.799416,33.837546],[133.799474,33.837502],[133.79953,33.837448],[133.799587,33.837391],[133.799654,33.837333],[133.799689,33.837307],[133.799724,33.837288],[133.799762,33.837273],[133.799798,33.837264],[133.799838,33.837258],[133.799913,33.837256],[133.799987,33.837258],[133.800067,33.837261],[133.800155,33.837263],[133.800249,33.83726],[133.800354,33.837253],[133.800453,33.837242],[133.800557,33.83723],[133.800656,33.83722],[133.800747,33.837214],[133.80083,33.837215],[133.800912,33.837221],[133.800993,33.837231],[133.801165,33.837253],[133.801322,33.837285],[133.801595,33.837325],[133.801835,33.837365],[133.802048,33.837401],[133.802152,33.837417],[133.802259,33.83743],[133.80237,33.837438],[133.802487,33.837442],[133.802607,33.83744],[133.802727,33.837432],[133.802848,33.837418],[133.802965,33.837395],[133.803079,33.837367],[133.803187,33.837335],[133.803383,33.837268],[133.803547,33.837209],[133.803626,33.837185],[133.803707,33.837166],[133.803794,33.837151],[133.803891,33.837141],[133.803992,33.837136],[133.804097,33.837134],[133.804294,33.837139],[133.804454,33.837146],[133.804523,33.837148],[133.804588,33.837147],[133.804649,33.837143],[133.804709,33.837133],[133.804767,33.83712],[133.804775,33.837117],[133.804823,33.837102],[133.804876,33.837076],[133.804924,33.837046],[133.804967,33.837012],[133.805049,33.836936],[133.805092,33.836899],[133.805142,33.836865],[133.805198,33.836838],[133.805269,33.83682],[133.805325,33.836812],[133.805398,33.83681],[133.80546,33.836802],[133.805516,33.836787],[133.805576,33.836762],[133.805626,33.836727],[133.805674,33.836686],[133.805692,33.836668],[133.805766,33.836599],[133.805816,33.836563],[133.805869,33.83654],[133.805927,33.836525],[133.805988,33.836519],[133.806053,33.836519],[133.806119,33.836524],[133.80626,33.836546],[133.806336,33.836565],[133.806416,33.83659],[133.806501,33.836622],[133.806591,33.836663],[133.8066,33.836668],[133.806686,33.836711],[133.806783,33.836764],[133.806878,33.836821],[133.80697,33.836879],[133.80714,33.836999],[133.807286,33.837111],[133.8073,33.837122],[133.807466,33.837252],[133.807638,33.837383],[133.807812,33.837508],[133.807977,33.837616],[133.808137,33.837707],[133.808287,33.837782],[133.808435,33.837843],[133.808594,33.837896],[133.808767,33.837947],[133.808932,33.837999],[133.809002,33.838028],[133.809059,33.838057],[133.809156,33.838109],[133.809206,33.838127],[133.809265,33.838139],[133.809336,33.83814],[133.809416,33.838132],[133.809501,33.83812],[133.809656,33.838091],[133.809769,33.838069],[133.809817,33.838063],[133.809864,33.838062],[133.809917,33.838064],[133.810045,33.838082],[133.810202,33.838109],[133.810298,33.838112],[133.810454,33.838103],[133.810586,33.838088],[133.818054,33.837141],[133.818273,33.837124],[133.818436,33.837144],[133.818644,33.837275],[133.819319,33.838612],[133.819342,33.838647],[133.819378,33.83868],[133.819426,33.838709],[133.819484,33.838735],[133.819615,33.838781],[133.819744,33.838826],[133.819858,33.838874],[133.819971,33.838927],[133.820089,33.838987],[133.820208,33.839057],[133.820264,33.839094],[133.820316,33.839133],[133.820412,33.839216],[133.820503,33.839304],[133.820593,33.839394],[133.820681,33.839481],[133.820764,33.83956],[133.820842,33.839627],[133.82088,33.839654],[133.82092,33.839676],[133.820959,33.839693],[133.821043,33.839715],[133.821136,33.839728],[133.821237,33.839737],[133.821289,33.839746],[133.821342,33.839762],[133.821395,33.839787],[133.821446,33.83982],[133.821497,33.839863],[133.821543,33.839918],[133.821629,33.840011],[133.82177,33.840135],[133.821888,33.84025],[133.821994,33.84035],[133.822053,33.840393],[133.822121,33.840431],[133.8222,33.840463],[133.82229,33.840489],[133.822479,33.840536],[133.822572,33.840561],[133.822658,33.840587],[133.822816,33.840645],[133.822962,33.840702],[133.823103,33.840754],[133.823173,33.840781],[133.823239,33.84081],[133.823302,33.840843],[133.823359,33.84088],[133.823412,33.840921],[133.82346,33.840963],[133.823502,33.841007],[133.823539,33.84105],[133.823598,33.84113],[133.823631,33.841167],[133.823672,33.841202],[133.82373,33.841238],[133.823803,33.841272],[133.823985,33.841341],[133.824079,33.841375],[133.824168,33.841411],[133.824245,33.841446],[133.824312,33.841483],[133.824374,33.841526],[133.824428,33.841575],[133.824585,33.841713],[133.82468,33.841791],[133.824754,33.841853],[133.824816,33.841903],[133.824867,33.84194],[133.824913,33.841967],[133.824957,33.841991],[133.825006,33.842014],[133.82506,33.842041],[133.825116,33.84207],[133.82517,33.842095],[133.825217,33.842113],[133.82526,33.842126],[133.825304,33.842141],[133.825351,33.842159],[133.825403,33.842183],[133.825457,33.842216],[133.825511,33.842254],[133.825564,33.842297],[133.825611,33.84234],[133.825647,33.842378],[133.825679,33.842416],[133.825712,33.842457],[133.825749,33.842504],[133.825788,33.842555],[133.825825,33.842603],[133.825854,33.842646],[133.825881,33.842683],[133.825911,33.842718],[133.825943,33.842753],[133.825984,33.84279],[133.826034,33.842834],[133.826092,33.842883],[133.826151,33.842937],[133.826203,33.842988],[133.826241,33.843032],[133.82627,33.843071],[133.826293,33.843107],[133.826317,33.84314],[133.826346,33.843174],[133.826379,33.843212],[133.826417,33.843253],[133.82646,33.843294],[133.826503,33.843334],[133.826544,33.843368],[133.826586,33.843398],[133.826634,33.84343],[133.826687,33.843462],[133.826744,33.843495],[133.826802,33.843526],[133.826855,33.843551],[133.826907,33.843574],[133.826959,33.843597],[133.827011,33.843619],[133.827065,33.843644],[133.827123,33.843674],[133.827184,33.843707],[133.827246,33.843743],[133.827303,33.84378],[133.827352,33.843815],[133.827397,33.843851],[133.827442,33.843888],[133.827488,33.843928],[133.827536,33.843971],[133.827584,33.844019],[133.827628,33.844069],[133.827671,33.844122],[133.827711,33.844177],[133.827748,33.84423],[133.827786,33.844285],[133.827827,33.844342],[133.827873,33.8444],[133.827919,33.844459],[133.827966,33.844513],[133.828006,33.844558],[133.828044,33.8446],[133.828082,33.844639],[133.828121,33.844678],[133.828161,33.844714],[133.828203,33.844745],[133.828241,33.844768],[133.828278,33.844787],[133.828318,33.844804],[133.828357,33.844821],[133.82836,33.844822],[133.828398,33.844836],[133.82855,33.844758],[133.829508,33.844933],[133.831169,33.844799],[133.832138,33.844158],[133.832838,33.844025],[133.833687,33.8443],[133.834462,33.844416],[133.835612,33.844491],[133.836262,33.845108],[133.837012,33.845366],[133.837387,33.845391],[133.838387,33.845258],[133.838912,33.844966],[133.839162,33.8447],[133.839824,33.843916],[133.840256,33.843388],[133.841009,33.843112],[133.841252,33.842281],[133.84225,33.840489],[133.842737,33.839925],[133.842994,33.839528],[133.843535,33.839317],[133.844037,33.839203],[133.844036,33.838945],[133.843996,33.838607],[133.843886,33.838059],[133.844261,33.8377],[133.845474,33.837167],[133.846224,33.836792],[133.846399,33.836667],[133.846861,33.836375],[133.847461,33.8361],[133.847874,33.835742],[133.848074,33.835364],[133.849311,33.835225],[133.850018,33.834786],[133.850425,33.834882],[133.850986,33.835041],[133.851333,33.834992],[133.851562,33.834395],[133.851948,33.834216],[133.852296,33.834199],[133.852548,33.834424],[133.853185,33.834517],[133.853253,33.834542],[133.853674,33.834542],[133.85381,33.834501],[133.853873,33.833959],[133.853873,33.833284],[133.854085,33.832676],[133.85461,33.831926],[133.854935,33.831543],[133.855047,33.831159],[133.855097,33.830626],[133.85571,33.829493],[133.856522,33.828302],[133.856835,33.827985],[133.85771,33.827643],[133.858209,33.827168],[133.858647,33.826835],[133.859472,33.826293],[133.860184,33.825727],[133.860372,33.825327],[133.860809,33.824827],[133.861559,33.824219],[133.862347,33.823477],[133.862377,33.823435],[133.863402,33.821789],[133.863971,33.821486],[133.86454,33.821334],[133.864959,33.820636],[133.865484,33.820069],[133.86615,33.819581],[133.866659,33.818111],[133.866909,33.817744],[133.868219,33.816536],[133.868196,33.815945],[133.868769,33.815237],[133.869443,33.814929],[133.869651,33.813703],[133.87005,33.813292],[133.870743,33.812741],[133.870934,33.812087],[133.871159,33.811528],[133.871233,33.810958],[133.871637,33.810715],[133.872059,33.810445],[133.872191,33.810383],[133.872509,33.810104],[133.872546,33.809987],[133.872359,33.809604],[133.871896,33.808912],[133.871834,33.808779],[133.871871,33.808395],[133.872034,33.807895],[133.872059,33.807246],[133.872034,33.806929],[133.872044,33.806813],[133.872151,33.806604],[133.872381,33.806184],[133.873259,33.805954],[133.873659,33.805929],[133.874215,33.806017],[133.874858,33.805979],[133.875122,33.805773],[133.876644,33.806034],[133.877339,33.805919],[133.878304,33.805884],[133.879287,33.80522],[133.880308,33.805121],[133.881245,33.805204],[133.881933,33.805371],[133.882295,33.805396],[133.883319,33.805329],[133.883807,33.804804],[133.88447,33.804088],[133.88507,33.80328],[133.885157,33.803263],[133.885745,33.803263],[133.886705,33.803199],[133.887232,33.802921],[133.888194,33.802988],[133.890118,33.803067],[133.891027,33.803274],[133.891919,33.80438],[133.892519,33.804788],[133.892884,33.805017],[133.893522,33.805253],[133.893558,33.804628],[133.894059,33.80432],[133.895144,33.803313],[133.895719,33.802597],[133.895944,33.802238],[133.896319,33.80153],[133.896719,33.800855],[133.897556,33.799797],[133.898043,33.799089],[133.898468,33.798331],[133.898881,33.797781],[133.899493,33.797272],[133.900147,33.796773],[133.900372,33.795338],[133.900794,33.794724],[133.901631,33.793848],[133.902,33.793471],[133.902696,33.793549],[133.903836,33.793691],[133.904379,33.794044],[133.904882,33.794187],[133.905616,33.794265],[133.9061,33.794441],[133.907028,33.794728],[133.907662,33.795104],[133.908126,33.795022],[133.908684,33.794601],[133.909357,33.794083],[133.909799,33.793566],[133.91086,33.793337],[133.911793,33.793006],[133.912202,33.792212],[133.912737,33.791082],[133.913274,33.790242],[133.91384,33.791546],[133.914229,33.792012],[133.914578,33.79243],[133.914982,33.793017],[133.915158,33.793403],[133.915333,33.793725],[133.91593,33.793814],[133.916784,33.794139],[133.917963,33.795287],[133.918873,33.795816],[133.919647,33.796071],[133.919284,33.797838],[133.919892,33.797897],[133.921067,33.797931],[133.921392,33.797964],[133.922492,33.798213],[133.923594,33.798355],[133.9245,33.799069],[133.924849,33.799309],[133.925028,33.800453],[133.925685,33.800386],[133.927749,33.799896],[133.928772,33.799795],[133.929829,33.799558],[133.931299,33.799988],[133.932679,33.799706],[133.933566,33.799247],[133.934534,33.798905],[133.934847,33.798912],[133.935116,33.798922],[133.936176,33.798963],[133.937128,33.799481],[133.93803,33.79998],[133.938305,33.799923],[133.939746,33.799249],[133.940853,33.799214],[133.941303,33.799156],[133.941465,33.799247],[133.94334,33.800989],[133.944428,33.801772],[133.944903,33.802139],[133.94579,33.802739],[133.946651,33.803012],[133.947407,33.803589],[133.94779,33.80418],[133.948263,33.804682],[133.948901,33.805639],[133.948964,33.806622],[133.949251,33.807096],[133.949465,33.807434],[133.949685,33.808851],[133.950419,33.808816],[133.950651,33.808896],[133.951177,33.810659],[133.950853,33.81137],[133.950797,33.81174],[133.950739,33.812379],[133.951589,33.813429],[133.951979,33.81425],[133.952737,33.815182],[133.952744,33.816552],[133.952551,33.817415],[133.952752,33.817771],[133.952961,33.8183],[133.952905,33.818736],[133.952564,33.819579],[133.952139,33.82042],[133.952141,33.821148],[133.952139,33.821387],[133.952452,33.822845],[133.95275,33.823136],[133.952964,33.823345],[133.953102,33.823545],[133.952977,33.824136],[133.952414,33.824753],[133.952052,33.825361],[133.951952,33.825661],[133.951889,33.826653],[133.951764,33.827478],[133.951464,33.828161],[133.951311,33.828678],[133.951179,33.828918],[133.951189,33.829086],[133.951827,33.829486],[133.953239,33.830077],[133.953639,33.830202],[133.955105,33.830864],[133.956091,33.831022],[133.95715,33.831235],[133.957499,33.831508],[133.957139,33.832119],[133.957126,33.832377],[133.957264,33.833127],[133.957526,33.833677],[133.958437,33.834317],[133.95925,33.834636],[133.959927,33.834827],[133.960624,33.835034],[133.961567,33.835216],[133.962536,33.835744],[133.964199,33.835915],[133.966189,33.835746],[133.967271,33.835823],[133.968375,33.836019],[133.969088,33.836293],[133.969913,33.83646],[133.970725,33.836493],[133.971513,33.836443],[133.972513,33.836485],[133.973825,33.83636],[133.974663,33.836352],[133.975113,33.83651],[133.975498,33.836678],[133.975925,33.836885],[133.9768,33.837018],[133.97745,33.83726],[133.978925,33.83751],[133.9791,33.83761],[133.980405,33.838061],[133.981763,33.839836],[133.982379,33.840342],[133.982689,33.840534],[133.983559,33.840627],[133.984487,33.840656],[133.985279,33.840556],[133.985876,33.840134],[133.986801,33.839696],[133.987548,33.839394],[133.987565,33.839072],[133.987386,33.838202],[133.987537,33.838043],[133.987577,33.837654],[133.987511,33.837098],[133.987257,33.836696],[133.987486,33.836147],[133.987587,33.835769],[133.988162,33.834361],[133.988524,33.833261],[133.9892,33.832603],[133.990061,33.831303],[133.990344,33.830833],[133.990076,33.828715],[133.990304,33.82815],[133.990321,33.827747],[133.991084,33.826769],[133.992393,33.82607],[133.993276,33.825003],[133.99395,33.82471],[133.994936,33.823137],[133.99506,33.822973],[133.995493,33.822593],[133.99634,33.821977],[133.996667,33.821766],[133.997298,33.821417],[133.99778,33.821222],[133.998319,33.820913],[133.998802,33.821024],[133.999716,33.821367],[134.000835,33.821612],[134.00126,33.821829],[134.00181,33.82197],[134.002235,33.82197],[134.003222,33.821829],[134.004897,33.821462],[134.005599,33.821278],[134.007084,33.821395],[134.008396,33.821404],[134.009189,33.821481],[134.009846,33.82172],[134.010721,33.82167],[134.011527,33.821584],[134.01261,33.821773],[134.013183,33.82202],[134.013958,33.822429],[134.014395,33.822942],[134.014628,33.823167],[134.015058,33.823187],[134.015358,33.823195],[134.01632,33.823004],[134.01672,33.822995],[134.017745,33.823229],[134.019032,33.823737],[134.019745,33.823995],[134.020232,33.824212],[134.021282,33.824512],[134.023451,33.824685],[134.023682,33.825103],[134.023869,33.825487],[134.024182,33.82587],[134.024469,33.826078],[134.025082,33.826403],[134.025836,33.826762],[134.02665,33.82729],[134.027269,33.827416],[134.028256,33.82767],[134.029551,33.827729],[134.029831,33.827911],[134.030331,33.828094],[134.031243,33.828269],[134.032306,33.828328],[134.032431,33.828311],[134.033217,33.828406],[134.033253,33.828381],[134.033725,33.828524],[134.034293,33.828934],[134.035313,33.829859],[134.035705,33.830277],[134.036268,33.831008],[134.036735,33.831452],[134.037244,33.832073],[134.037867,33.832874],[134.037855,33.833025],[134.037728,33.833436],[134.037716,33.833577],[134.037795,33.833835],[134.037848,33.833965],[134.037991,33.834104],[134.038511,33.834415],[134.03942,33.834865],[134.039692,33.834929],[134.039951,33.834927],[134.040145,33.834862],[134.040377,33.834677],[134.040815,33.834373],[134.041125,33.834253],[134.041539,33.834111],[134.041927,33.834087],[134.044702,33.833767],[134.045025,33.833744],[134.045659,33.833762],[134.046043,33.83381],[134.04733,33.833918],[134.048723,33.833912],[134.049137,33.833986],[134.049612,33.834186],[134.050334,33.83494],[134.05048,33.835019],[134.050733,33.835077],[134.05148,33.83515],[134.051895,33.835249],[134.052457,33.835553],[134.053399,33.836206],[134.053835,33.836532],[134.054018,33.836666],[134.05418,33.836732],[134.054341,33.836748],[134.054674,33.836722],[134.055017,33.836737],[134.055341,33.836803],[134.055837,33.837045],[134.056292,33.837194],[134.05707,33.837367],[134.057585,33.837432],[134.058291,33.837404],[134.058664,33.837327],[134.058936,33.8373],[134.059294,33.837328],[134.060639,33.837642],[134.061417,33.837907],[134.06239,33.83851],[134.06299,33.838869],[134.06354,33.839252],[134.064365,33.839569],[134.06465,33.839625],[134.064754,33.839706],[134.064815,33.83986],[134.064942,33.840631],[134.065043,33.840748],[134.065984,33.841114],[134.067477,33.84191],[134.06814,33.842202],[134.068753,33.842427],[134.069299,33.842644],[134.069755,33.842827],[134.070078,33.842892],[134.070795,33.84294],[134.071522,33.843029],[134.071836,33.843145],[134.073117,33.843842],[134.075039,33.844477],[134.075706,33.844739],[134.076505,33.844988],[134.07766,33.845563],[134.077903,33.845705],[134.078085,33.845763],[134.078276,33.845754],[134.078488,33.845702],[134.079712,33.845339],[134.080668,33.845057],[134.08089,33.845039],[134.081759,33.845077],[134.082132,33.845058],[134.082454,33.844947],[134.082715,33.844794],[134.083006,33.844574],[134.083276,33.844194],[134.083472,33.844088],[134.083925,33.843934],[134.084984,33.84382],[134.085378,33.84381],[134.085509,33.843767],[134.08575,33.843549],[134.085638,33.843926],[134.08562,33.8443],[134.086413,33.845594],[134.08665,33.846044],[134.086875,33.846652],[134.087238,33.847168],[134.088403,33.848375],[134.088574,33.848743],[134.089507,33.849361],[134.09065,33.849893],[134.091025,33.85036],[134.091464,33.851502],[134.091558,33.851946],[134.09182,33.852188],[134.092244,33.852484],[134.093262,33.852776],[134.093725,33.853018],[134.093862,33.853135],[134.094337,33.853676],[134.094361,33.853744],[134.094634,33.854518],[134.095291,33.85468],[134.095519,33.855014],[134.09558,33.855049],[134.095658,33.855058],[134.095767,33.855068],[134.095887,33.855034],[134.095672,33.855217],[134.095568,33.855987],[134.095484,33.857278],[134.09535,33.857751],[134.095099,33.858154],[134.094711,33.85856],[134.094125,33.8591],[134.0936,33.859575],[134.093187,33.86025],[134.092725,33.861292],[134.09254,33.862233],[134.092292,33.862574],[134.091544,33.862981],[134.091203,33.863387],[134.09119,33.863739],[134.091443,33.864168],[134.091322,33.864781],[134.090886,33.865031],[134.090653,33.865319],[134.090659,33.866062],[134.090709,33.866505],[134.090995,33.867169],[134.091266,33.868028],[134.091551,33.868457],[134.0913,33.869291],[134.091325,33.869691],[134.0913,33.870257],[134.091473,33.87083],[134.091387,33.871607],[134.091362,33.872149],[134.091275,33.872732],[134.091087,33.873257],[134.090928,33.873427],[134.090414,33.87369],[134.089972,33.874187],[134.089928,33.874438],[134.089912,33.874412],[134.089395,33.874223],[134.088966,33.874174],[134.08867,33.874175],[134.088373,33.874177],[134.088067,33.874161],[134.08778,33.874086],[134.086506,33.873628],[134.086362,33.873518],[134.086074,33.873272],[134.085889,33.873145],[134.085736,33.873078],[134.085552,33.87307],[134.085031,33.873081],[134.084837,33.873057],[134.083967,33.872822],[134.083511,33.87265],[134.0828,33.872402],[134.082621,33.872364],[134.082206,33.872277],[134.08192,33.872219],[134.081598,33.872122],[134.08081,33.871922],[134.080323,33.871724],[134.080138,33.871597],[134.079924,33.871538],[134.079801,33.871522],[134.079546,33.871532],[134.079362,33.871524],[134.079045,33.871457],[134.078728,33.871433],[134.078381,33.871443],[134.077972,33.871437],[134.077747,33.871404],[134.077501,33.87132],[134.077,33.871118],[134.076856,33.871084],[134.076729,33.871089],[134.076576,33.87115],[134.076178,33.871279],[134.075046,33.871412],[134.073755,33.871601],[134.073387,33.871654],[134.07212,33.871943],[134.071942,33.872021],[134.071795,33.872123],[134.071706,33.872173],[134.071568,33.872191],[134.071374,33.872204],[134.071109,33.872265],[134.070777,33.87233],[134.070532,33.872357],[134.070348,33.872354],[134.070256,33.872329],[134.070123,33.872261],[134.06999,33.872189],[134.069821,33.87216],[134.06953,33.872136],[134.069371,33.872081],[134.069218,33.872023],[134.069028,33.871947],[134.068857,33.871882],[134.068723,33.871793],[134.068579,33.871661],[134.068441,33.871598],[134.068283,33.871595],[134.067933,33.87165],[134.067576,33.871758],[134.06697,33.871944],[134.066694,33.871979],[134.06648,33.871976],[134.066235,33.871938],[134.065987,33.871946],[134.065597,33.871992],[134.065387,33.871968],[134.065198,33.871896],[134.065054,33.871799],[134.064905,33.871651],[134.064325,33.871168],[134.064103,33.870888],[134.063889,33.870508],[134.063796,33.870436],[134.06285,33.869833],[134.062732,33.86977],[134.062553,33.869741],[134.062257,33.869781],[134.062018,33.869833],[134.061613,33.870012],[134.060839,33.870377],[134.060645,33.870437],[134.060462,33.870451],[134.060278,33.870426],[134.059991,33.87036],[134.059797,33.870309],[134.059248,33.870352],[134.058697,33.870453],[134.058062,33.870547],[134.057598,33.870694],[134.05739,33.870793],[134.057298,33.870874],[134.057101,33.871139],[134.056989,33.871229],[134.056653,33.871409],[134.05645,33.871517],[134.056294,33.871571],[134.056034,33.871602],[134.055569,33.871621],[134.055363,33.871666],[134.055083,33.871783],[134.054833,33.871822],[134.053914,33.87186],[134.053743,33.871893],[134.053353,33.872042],[134.053157,33.872075],[134.053008,33.872062],[134.052809,33.872029],[134.052085,33.871732],[134.051849,33.871648],[134.050109,33.871047],[134.048261,33.870695],[134.048239,33.871082],[134.048147,33.87147],[134.048015,33.871746],[134.047946,33.871937],[134.047908,33.872167],[134.047878,33.872377],[134.047927,33.872712],[134.048001,33.873151],[134.048154,33.873807],[134.048124,33.873978],[134.047931,33.874596],[134.047959,33.874724],[134.048048,33.875045],[134.048074,33.875419],[134.048021,33.875774],[134.047944,33.876043],[134.047737,33.876317],[134.047292,33.87687],[134.047073,33.87714],[134.046901,33.877364],[134.046627,33.877608],[134.046415,33.877701],[134.046329,33.87778],[134.046138,33.878086],[134.045958,33.878284],[134.045708,33.878489],[134.04545,33.878818],[134.045192,33.879082],[134.045002,33.879493],[134.044892,33.879658],[134.044736,33.879809],[134.044619,33.88002],[134.044518,33.880158],[134.044417,33.880434],[134.044347,33.880546],[134.044135,33.880698],[134.043905,33.880998],[134.043396,33.881538],[134.043287,33.88167],[134.04314,33.882071],[134.043105,33.882252],[134.043205,33.883052],[134.043243,33.883397],[134.043204,33.883548],[134.04308,33.883759],[134.043027,33.884205],[134.042943,33.884547],[134.042221,33.885545],[134.042128,33.885913],[134.041633,33.886647],[134.041556,33.886956],[134.041251,33.887338],[134.041244,33.887463],[134.041775,33.888005],[134.042205,33.888483],[134.042251,33.888535],[134.042503,33.888567],[134.042689,33.888687],[134.042975,33.889027],[134.043009,33.889408],[134.043073,33.889513],[134.043398,33.889846],[134.043454,33.889997],[134.043502,33.890108],[134.043664,33.890202],[134.04379,33.890274],[134.043901,33.890392],[134.04406,33.8907],[134.044596,33.891377],[134.044891,33.891809],[134.045287,33.892273],[134.0457,33.892816],[134.045836,33.893078],[134.045991,33.893271],[134.046063,33.893507],[134.046089,33.893828],[134.046184,33.893959],[134.046639,33.894315],[134.047051,33.894667],[134.047155,33.894857],[134.047177,33.89497],[134.047253,33.895141],[134.047285,33.895239],[134.047054,33.895269],[134.046662,33.895461],[134.046517,33.895595],[134.046058,33.896084],[134.045854,33.896291],[134.045804,33.896393],[134.045777,33.896627],[134.045647,33.896807],[134.045461,33.896964],[134.045256,33.897098],[134.044761,33.897279],[134.044537,33.897327],[134.044406,33.897296],[134.044246,33.897258],[134.044035,33.897261],[134.042966,33.89764],[134.042699,33.897759],[134.042471,33.897819],[134.042282,33.897822],[134.042118,33.897788],[134.041999,33.897743],[134.04187,33.897664],[134.041687,33.897551],[134.041513,33.89749],[134.041374,33.89747],[134.04087,33.897419],[134.040586,33.897394],[134.040484,33.897421],[134.040118,33.897594],[134.039408,33.898092],[134.038599,33.898689],[134.038198,33.898912],[134.037862,33.899142],[134.037425,33.899388],[134.036499,33.899738],[134.035187,33.900247],[134.034986,33.900316],[134.034284,33.900608],[134.033965,33.900694],[134.033673,33.900695],[134.033133,33.900575],[134.032493,33.900586],[134.031818,33.900673],[134.031362,33.900835],[134.031015,33.900927],[134.030783,33.900955],[134.030604,33.900884],[134.030342,33.900652],[134.029864,33.900114],[134.029537,33.899708],[134.029316,33.899518],[134.028867,33.899223],[134.028527,33.899019],[134.027913,33.898679],[134.027125,33.898355],[134.026902,33.89836],[134.025074,33.898989],[134.024782,33.899165],[134.024527,33.899257],[134.024162,33.899282],[134.02375,33.899223],[134.023366,33.899201],[134.022412,33.899236],[134.020592,33.899538],[134.020294,33.899648],[134.0191,33.900402],[134.018355,33.900904],[134.017513,33.900986],[134.016745,33.900958],[134.01599,33.900723],[134.015831,33.900708],[134.015691,33.900756],[134.015223,33.901425],[134.014609,33.902082],[134.014144,33.902521],[134.013789,33.90271],[134.012798,33.902885],[134.012584,33.903097],[134.012361,33.903425],[134.011952,33.903801],[134.011345,33.904108],[134.011066,33.904359],[134.010677,33.904953],[134.010472,33.905235],[134.010174,33.905439],[134.009781,33.905472],[134.009145,33.905506],[134.008724,33.905624],[134.007578,33.90637],[134.007298,33.906512],[134.007045,33.906489],[134.006585,33.906296],[134.006219,33.906149],[134.005789,33.906151],[134.005546,33.906183],[134.005042,33.906419],[134.004668,33.906608],[134.004275,33.906625],[134.00377,33.906596],[134.00351,33.906509],[134.0032,33.906347],[134.003003,33.90634],[134.002751,33.906403],[134.002602,33.90649],[134.001682,33.907671],[134.00158,33.907828],[134.001553,33.908015],[134.001599,33.908767],[134.001549,33.909782],[134.001393,33.910258],[134.001315,33.910919],[134.00133,33.911079],[134.001362,33.911223],[134.00156,33.911587],[134.00166,33.911876],[134.00177,33.912532],[134.001803,33.91294],[134.001801,33.913139],[134.001778,33.91332],[134.001717,33.913527],[134.001396,33.914326],[134.001428,33.914445],[134.001521,33.914579],[134.001765,33.914836],[134.001871,33.914955],[134.002291,33.915261],[134.002578,33.915564],[134.003009,33.916043],[134.003184,33.916311],[134.003333,33.916621],[134.003485,33.917088],[134.003504,33.917433],[134.003431,33.917769],[134.003246,33.918136],[134.003117,33.918448],[134.002877,33.919042],[134.002829,33.919256],[134.002729,33.919402],[134.002617,33.919441],[134.00236,33.919497],[134.002183,33.91956],[134.001259,33.919846],[134.000449,33.920029],[133.999419,33.920362],[133.999081,33.920415],[133.998312,33.920495],[133.997912,33.920607],[133.997421,33.92084],[133.997022,33.921022],[133.995983,33.921423],[133.99583,33.921569],[133.995678,33.92198],[133.995499,33.922139],[133.995131,33.922295],[133.994521,33.922515],[133.994123,33.922571],[133.993901,33.92266],[133.993686,33.922792],[133.993053,33.923218],[133.992942,33.923276],[133.992826,33.923316],[133.992698,33.923316],[133.992593,33.923312],[133.992353,33.923254],[133.992143,33.923212],[133.991729,33.923189],[133.991452,33.923207],[133.990503,33.923376],[133.990211,33.923392],[133.990054,33.923392],[133.989751,33.923355],[133.9895,33.92339],[133.987939,33.923619],[133.987645,33.923671],[133.986613,33.923748],[133.985278,33.923793],[133.984611,33.923817],[133.984103,33.923746],[133.983263,33.923662],[133.982441,33.923607],[133.98187,33.923653],[133.980798,33.923912],[133.979907,33.9243],[133.979507,33.924405],[133.978528,33.924558],[133.977861,33.924586],[133.977333,33.924567],[133.976563,33.92457],[133.97606,33.924615],[133.975123,33.924956],[133.974919,33.925111],[133.974879,33.925308],[133.974812,33.926214],[133.974801,33.926258],[133.974742,33.926497],[133.974671,33.926677],[133.974274,33.927234],[133.974193,33.927405],[133.974155,33.928055],[133.974054,33.928252],[133.973926,33.928437],[133.973671,33.928609],[133.97323,33.928756],[133.971682,33.929112],[133.971559,33.929173],[133.971437,33.929344],[133.971199,33.929965],[133.970976,33.930299],[133.9707,33.930574],[133.970301,33.930849],[133.969769,33.931185],[133.969641,33.931275],[133.969573,33.931406],[133.969471,33.932088],[133.969357,33.9327],[133.969195,33.933077],[133.967971,33.934509],[133.967268,33.935589],[133.966914,33.936412],[133.966813,33.936737],[133.966753,33.937148],[133.966662,33.937379],[133.966464,33.937726],[133.966323,33.938137],[133.966212,33.938522],[133.966255,33.938907],[133.966343,33.939082],[133.966622,33.93944],[133.966735,33.939508],[133.966982,33.939507],[133.967126,33.939532],[133.967321,33.939608],[133.967486,33.939702],[133.96763,33.939812],[133.968415,33.940664],[133.968921,33.941176],[133.96953,33.941772],[133.971507,33.942944],[133.972021,33.943147],[133.972341,33.943309],[133.973026,33.943798],[133.973305,33.944138],[133.97348,33.944292],[133.973687,33.944453],[133.974757,33.944971],[133.975508,33.94525],[133.976754,33.945947],[133.976919,33.946023],[133.977042,33.946031],[133.977197,33.945954],[133.977322,33.946402],[133.977459,33.947368],[133.977459,33.948002],[133.977084,33.948701],[133.976972,33.949101],[133.976609,33.94971],[133.976122,33.950343],[133.975597,33.951334],[133.975184,33.951676],[133.974384,33.952084],[133.973122,33.952401],[133.972747,33.952576],[133.972659,33.952959],[133.972959,33.953817],[133.973097,33.955509],[133.973047,33.955976],[133.973022,33.9569],[133.973072,33.957492],[133.97297,33.957999],[133.972947,33.958117],[133.972884,33.958659],[133.972584,33.958934],[133.972422,33.959425],[133.972309,33.960125],[133.972259,33.960242],[133.972097,33.960258],[133.971434,33.960467],[133.970422,33.9606],[133.969872,33.960575],[133.968392,33.960641],[133.967285,33.961258],[133.965924,33.96178],[133.965341,33.961805],[133.964672,33.96151],[133.963562,33.961654],[133.962888,33.961739],[133.962501,33.961676],[133.962297,33.961583],[133.961789,33.961269],[133.960184,33.960889],[133.959336,33.960859],[133.959261,33.9609],[133.958898,33.961667],[133.957945,33.962229],[133.957934,33.962597],[133.957767,33.962846],[133.95782,33.963172],[133.957729,33.963453],[133.95754,33.963576],[133.957132,33.963725],[133.956838,33.963793],[133.956404,33.96386],[133.95526,33.963836],[133.954534,33.963891],[133.954451,33.963953],[133.954536,33.965191],[133.954951,33.966161],[133.954967,33.966312],[133.954713,33.966579],[133.954626,33.966857],[133.954602,33.967302],[133.954643,33.967788],[133.954969,33.968036],[133.955112,33.968338],[133.955287,33.96935],[133.955162,33.96978],[133.954982,33.97014],[133.955115,33.970593],[133.955136,33.970919],[133.955036,33.970974],[133.954369,33.971188],[133.953943,33.971194],[133.953551,33.971338],[133.953198,33.971405],[133.952401,33.971457],[133.951842,33.971704],[133.951725,33.971778],[133.951594,33.972023],[133.951191,33.972437],[133.951059,33.972532],[133.950628,33.97268],[133.950203,33.972947],[133.950159,33.973017],[133.950377,33.973989],[133.950311,33.974115],[133.950268,33.97419],[133.949786,33.974365],[133.948878,33.974598],[133.94818,33.9746],[133.947578,33.97481],[133.946975,33.974828],[133.946349,33.974998],[133.945779,33.975237],[133.945082,33.975782],[133.944635,33.975808],[133.944149,33.97554],[133.943483,33.97497],[133.942562,33.974673],[133.94191,33.97466],[133.941551,33.974758],[133.941244,33.974727],[133.940857,33.974624],[133.940387,33.97444],[133.9394,33.97464],[133.938725,33.974606],[133.938137,33.974573],[133.937576,33.974311],[133.937275,33.973765],[133.937113,33.973582],[133.936986,33.973524],[133.936183,33.973782],[133.935618,33.974067],[133.934834,33.974458],[133.934438,33.974978],[133.934038,33.975231],[133.933733,33.975387],[133.933241,33.975338],[133.93276,33.975002],[133.931563,33.974831],[133.930826,33.974556],[133.93063,33.974424],[133.929863,33.974198],[133.928863,33.973956],[133.928726,33.973973],[133.928373,33.974197],[133.927851,33.974431],[133.926867,33.974526],[133.925656,33.974766],[133.925444,33.974746],[133.924976,33.974654],[133.924222,33.97496],[133.923449,33.975034],[133.922914,33.974964],[133.92194,33.974968],[133.921229,33.974842],[133.920891,33.975288],[133.920327,33.975562],[133.919748,33.976143],[133.919078,33.976824],[133.918677,33.977364],[133.918264,33.978022],[133.918109,33.978584],[133.91804,33.978876],[133.918077,33.979255],[133.918181,33.980155],[133.918268,33.980493],[133.918401,33.980934],[133.918502,33.981284],[133.918484,33.981693],[133.918505,33.981909],[133.918613,33.982363],[133.918514,33.982681],[133.918405,33.982889],[133.918387,33.983223],[133.918428,33.983473],[133.91853,33.983856],[133.918152,33.985188],[133.917714,33.986129],[133.917714,33.987013],[133.917577,33.987596],[133.917029,33.988197],[133.91675,33.988448],[133.917433,33.988787],[133.917474,33.989029],[133.917461,33.989508],[133.917372,33.989784],[133.917454,33.990017],[133.917555,33.990359],[133.917369,33.99116],[133.917339,33.99152],[133.917383,33.991893],[133.917564,33.992184],[133.917491,33.992472],[133.917472,33.992681],[133.917473,33.993014],[133.917394,33.99309],[133.917033,33.993182],[133.916844,33.993375],[133.916702,33.993662],[133.916652,33.994087],[133.916564,33.994245],[133.915268,33.994564],[133.914778,33.994699],[133.914513,33.994813],[133.914418,33.994951],[133.914339,33.995168],[133.914202,33.995612],[133.914078,33.995966],[133.914017,33.996332],[133.91402,33.996486],[133.914092,33.996873],[133.914164,33.997198],[133.91419,33.997369],[133.914185,33.997511],[133.914116,33.997599],[133.914036,33.997645],[133.913886,33.997683],[133.913686,33.997704],[133.91344,33.997714],[133.913285,33.997722],[133.913436,33.997864],[133.913512,33.997968],[133.913567,33.998109],[133.913598,33.998288],[133.913594,33.998422],[133.91355,33.99858],[133.913417,33.998834],[133.91328,33.998967],[133.91292,33.999282],[133.912787,33.99944],[133.912686,33.99963],[133.912616,33.999833],[133.91244,33.999994],[133.912198,34.000204],[133.91212,34.000289],[133.912144,34.000407],[133.912255,34.000674],[133.912311,34.000969],[133.912267,34.001453],[133.912139,34.001961],[133.912054,34.00215],[133.911976,34.002373],[133.911718,34.002452],[133.911324,34.002342],[133.910837,34.002259],[133.910597,34.00223],[133.910393,34.002231],[133.909452,34.002344],[133.909325,34.002391],[133.909232,34.002581],[133.909107,34.002869],[133.908951,34.003066],[133.908623,34.003512],[133.908463,34.00361],[133.908365,34.003686],[133.908208,34.003825],[133.908142,34.003963],[133.908023,34.00459],[133.907936,34.004839],[133.907848,34.005006],[133.907738,34.005116],[133.907595,34.005154],[133.907296,34.005109],[133.906986,34.005101],[133.906798,34.00511],[133.906604,34.005134],[133.906413,34.005125],[133.906287,34.005142],[133.9062,34.005256],[133.906168,34.005472],[133.90606,34.005905],[133.906028,34.0062],[133.90609,34.006527],[133.906277,34.00741],[133.906219,34.007872],[133.906209,34.00813],[133.906287,34.008378],[133.906366,34.008663],[133.906289,34.008802],[133.906224,34.008996],[133.906199,34.009522],[133.906102,34.010097],[133.906016,34.010253],[133.905814,34.010427],[133.905715,34.010531],[133.905659,34.010614],[133.905644,34.010716],[133.905608,34.011016],[133.905516,34.011338],[133.905443,34.011546],[133.905121,34.012003],[133.904908,34.012307],[133.904794,34.012404],[133.904722,34.012453],[133.904603,34.012517],[133.904041,34.012751],[133.904005,34.012776],[133.903988,34.012803],[133.903987,34.013208],[133.903974,34.013272],[133.903944,34.013305],[133.903227,34.013676],[133.902947,34.013801],[133.902667,34.013843],[133.902415,34.013945],[133.902135,34.014032],[133.902007,34.014174],[133.901864,34.014321],[133.901828,34.014438],[133.901794,34.014529],[133.901763,34.014656],[133.901799,34.01533],[133.901783,34.015845],[133.901586,34.016389],[133.901205,34.017456],[133.900361,34.019204],[133.900082,34.019439],[133.899445,34.019581],[133.898937,34.019889],[133.898651,34.020342],[133.898313,34.020946],[133.898183,34.021203],[133.898115,34.021314],[133.898052,34.021355],[133.897794,34.021459],[133.897561,34.021584],[133.897415,34.021652],[133.897109,34.021774],[133.896782,34.021943],[133.896571,34.022087],[133.89641,34.022219],[133.896286,34.02236],[133.89621,34.02247],[133.895968,34.022897],[133.895703,34.023293],[133.895209,34.024057],[133.894794,34.024729],[133.894678,34.024951],[133.894615,34.025102],[133.894589,34.025162],[133.894553,34.025322],[133.894527,34.025587],[133.894488,34.025801],[133.894443,34.026079],[133.894435,34.026336],[133.894448,34.026442],[133.894445,34.026535],[133.894422,34.026709],[133.894389,34.026915],[133.894368,34.027065],[133.894341,34.027157],[133.894339,34.027167],[133.894312,34.027264],[133.894304,34.027343],[133.894302,34.027417],[133.894313,34.027502],[133.894358,34.02759],[133.894461,34.027757],[133.894578,34.027917],[133.894648,34.028026],[133.894696,34.028128],[133.894718,34.028213],[133.894738,34.028319],[133.894766,34.028438],[133.894797,34.028515],[133.894903,34.028706],[133.894945,34.028794],[133.894956,34.028917],[133.894953,34.028987],[133.894956,34.029089],[133.894951,34.029205],[133.894938,34.029232],[133.894944,34.029269],[133.894966,34.029312],[133.895085,34.0295],[133.895146,34.029608],[133.895159,34.029673],[133.895159,34.029733],[133.89513,34.029856],[133.895079,34.030045],[133.895051,34.03035],[133.895039,34.030445],[133.895001,34.030497],[133.894957,34.030545],[133.894947,34.030571],[133.894937,34.030604],[133.894947,34.030633],[133.894962,34.030659],[133.895029,34.030708],[133.895091,34.030757],[133.895152,34.03082],[133.895191,34.030877],[133.895201,34.030937],[133.895194,34.030996],[133.89517,34.031031],[133.895128,34.03107],[133.895009,34.031156],[133.894794,34.031291],[133.89475,34.031358],[133.894697,34.031411],[133.894614,34.031456],[133.894513,34.031496],[133.894424,34.031512],[133.894237,34.031537],[133.894088,34.031559],[133.893982,34.031589],[133.893908,34.031632],[133.893845,34.031694],[133.893793,34.031763],[133.893764,34.031831],[133.893743,34.031908],[133.893734,34.031982],[133.89371,34.032054],[133.893689,34.032104],[133.893635,34.03216],[133.893559,34.032244],[133.893525,34.032289],[133.893476,34.032454],[133.893417,34.032575],[133.893359,34.032657],[133.893318,34.032676],[133.89326,34.032711],[133.893208,34.032747],[133.893201,34.032756],[133.893191,34.032769],[133.893167,34.032813],[133.893148,34.03288],[133.893129,34.032958],[133.893126,34.032972],[133.893122,34.033005],[133.893121,34.033022],[133.893123,34.033045],[133.893131,34.03307],[133.893145,34.033095],[133.893168,34.033119],[133.893193,34.033139],[133.893222,34.033158],[133.893276,34.033189],[133.893316,34.033213],[133.893344,34.033236],[133.893366,34.033259],[133.893379,34.03328],[133.893405,34.033437],[133.893444,34.033816],[133.893485,34.034036],[133.89361,34.034666],[133.893718,34.035099],[133.893441,34.035177],[133.893038,34.035276],[133.892968,34.035301],[133.892513,34.035462],[133.89241,34.035481],[133.892121,34.035535],[133.891837,34.035645],[133.891831,34.035677],[133.891692,34.035697],[133.891378,34.035657],[133.890963,34.035502],[133.890856,34.035448],[133.890535,34.035284],[133.89015,34.035039],[133.889556,34.034653],[133.889098,34.034481],[133.88879,34.03427],[133.888412,34.034072],[133.887989,34.033851],[133.887409,34.033573],[133.886982,34.033364],[133.886554,34.033119],[133.886235,34.032926],[133.88607,34.032803],[133.885599,34.032577],[133.884988,34.032371],[133.884498,34.032244],[133.883832,34.032012],[133.883518,34.031972],[133.883374,34.031913],[133.883335,34.031896],[133.883288,34.031877],[133.882874,34.03174],[133.882428,34.031648],[133.882013,34.031511],[133.881503,34.031438],[133.881075,34.031413],[133.881026,34.03141],[133.880926,34.031419],[133.880649,34.031443],[133.880433,34.031482],[133.8801,34.031587],[133.87951,34.031767],[133.879348,34.031824],[133.879234,34.031865],[133.879006,34.031946],[133.878817,34.032183],[133.878307,34.032973],[133.87815,34.0332],[133.878063,34.033252],[133.877809,34.033403],[133.87722,34.033638],[133.876817,34.033825],[133.876621,34.033917],[133.876019,34.034053],[133.875535,34.034168],[133.87518,34.034246],[133.874922,34.034322],[133.87437,34.034322],[133.873914,34.034248],[133.872746,34.034243],[133.872667,34.034242],[133.871718,34.034238],[133.87101,34.034244],[133.870604,34.034247],[133.869945,34.034181],[133.869816,34.034168],[133.869595,34.034146],[133.868728,34.034079],[133.867789,34.034184],[133.867024,34.034295],[133.866454,34.03443],[133.865908,34.034518],[133.86563,34.034563],[133.864902,34.03468],[133.864247,34.034765],[133.86404,34.034792],[133.863546,34.034968],[133.863443,34.034998],[133.863299,34.035045],[133.863216,34.035071],[133.863117,34.035103],[133.862968,34.035151],[133.862862,34.035185],[133.862056,34.03531],[133.861803,34.035349],[133.861087,34.035541],[133.860849,34.035604],[133.860836,34.035607],[133.86079,34.035615],[133.860482,34.035667],[133.85996,34.035756],[133.859867,34.035771],[133.85978,34.035786],[133.859112,34.035896],[133.858693,34.036024],[133.858522,34.036076],[133.85808,34.036118],[133.857125,34.036315],[133.856914,34.03633],[133.856732,34.036327],[133.856524,34.036288],[133.856291,34.036227],[133.856061,34.036138],[133.855776,34.036006],[133.855451,34.035859],[133.855092,34.035706],[133.854151,34.035435],[133.854184,34.035608],[133.854211,34.035899],[133.854208,34.036338],[133.854214,34.036633],[133.854176,34.036809],[133.854095,34.037043],[133.853963,34.037278],[133.853783,34.037526],[133.853751,34.037696],[133.853802,34.03785],[133.853796,34.037958],[133.853844,34.038052],[133.853818,34.038114],[133.853551,34.038382],[133.853521,34.03854],[133.853668,34.038857],[133.853668,34.038988],[133.853568,34.039111],[133.853436,34.039208],[133.853362,34.039317],[133.853359,34.039332],[133.853336,34.039426],[133.853392,34.03951],[133.853514,34.039745],[133.853529,34.039851],[133.853455,34.039938],[133.853212,34.040099],[133.853156,34.040191],[133.853181,34.040505],[133.852917,34.040867],[133.852908,34.041023],[133.852966,34.041228],[133.853268,34.04164],[133.853574,34.042435],[133.853695,34.042821],[133.853744,34.04332],[133.8537,34.043429],[133.853394,34.043722],[133.853309,34.043846],[133.853288,34.04396],[133.853327,34.044128],[133.853404,34.044253],[133.853728,34.044537],[133.853914,34.044719],[133.853977,34.044841],[133.853986,34.044957],[133.854022,34.045083],[133.854023,34.045192],[133.853999,34.045251],[133.853872,34.04535],[133.853615,34.045374],[133.853241,34.045653],[133.852837,34.045938],[133.853287,34.045971],[133.850596,34.047813],[133.850487,34.04789],[133.848026,34.049647],[133.843651,34.0527],[133.842352,34.053657],[133.841076,34.054597],[133.840546,34.054988],[133.839171,34.055963],[133.838709,34.056296],[133.838321,34.056613],[133.838178,34.056768],[133.838005,34.056911],[133.837979,34.056955],[133.837982,34.05701],[133.838066,34.05734],[133.837929,34.057896],[133.837763,34.058149],[133.837397,34.058462],[133.836984,34.058779],[133.836672,34.059229],[133.836534,34.059337],[133.83648,34.059346],[133.835973,34.059433],[133.835609,34.059495],[133.835447,34.059812],[133.835197,34.060112],[133.835059,34.060195],[133.834447,34.06027],[133.833822,34.060112],[133.833547,34.060287],[133.83341,34.060653],[133.83316,34.060828],[133.83286,34.061145],[133.83281,34.061686],[133.832672,34.06227],[133.832697,34.062861],[133.83256,34.063445],[133.83226,34.064345],[133.831847,34.064819],[133.831322,34.065203],[133.830885,34.065586],[133.830385,34.066103],[133.830035,34.066602],[133.829785,34.067144],[133.82946,34.067661],[133.829455,34.067751],[133.829435,34.068086],[133.829368,34.068278],[133.829348,34.068336],[133.82891,34.068652],[133.82776,34.06906],[133.827073,34.069485],[133.826935,34.069644],[133.826623,34.07021],[133.82646,34.07086],[133.826135,34.071402],[133.825835,34.07161],[133.824623,34.071993],[133.823748,34.072376],[133.823548,34.072735],[133.823436,34.072826],[133.823136,34.073235],[133.822973,34.074043],[133.822623,34.074226],[133.820386,34.074068],[133.820086,34.074026],[133.820036,34.073868],[133.819486,34.073326],[133.817936,34.072385],[133.817361,34.072176],[133.817012,34.072226],[133.816287,34.072743],[133.815474,34.073151],[133.814862,34.073285],[133.814062,34.07326],[133.813162,34.073085],[133.812163,34.072702],[133.811037,34.072568],[133.8108,34.072609],[133.810275,34.072501],[133.809949,34.072066],[133.80971,34.071912],[133.809389,34.071852],[133.809058,34.071871],[133.808613,34.071941],[133.808354,34.07195],[133.807953,34.071826],[133.807632,34.071775],[133.807343,34.071755],[133.80728,34.07175],[133.807093,34.071716],[133.806803,34.071579],[133.80609,34.071267],[133.805479,34.07101],[133.805219,34.070899],[133.804867,34.070805],[133.803119,34.070297],[133.802787,34.07022],[133.802539,34.070186],[133.801982,34.070149],[133.801641,34.070107],[133.80134,34.069961],[133.800863,34.069721],[133.800176,34.069443],[133.798177,34.069651],[133.795952,34.070351],[133.795727,34.070468],[133.795289,34.070826],[133.794407,34.071656],[133.794377,34.071684],[133.793477,34.072876],[133.792927,34.073309],[133.792402,34.073601],[133.791344,34.074561],[133.79114,34.074964],[133.790998,34.075106],[133.790849,34.075154],[133.790574,34.075328],[133.790454,34.075447],[133.790383,34.075548],[133.79027,34.075607],[133.790142,34.075637],[133.79005,34.075696],[133.790057,34.075814],[133.790107,34.075909],[133.790214,34.075968],[133.790549,34.076103],[133.790501,34.076194],[133.790523,34.076319],[133.790658,34.076419],[133.790808,34.076531],[133.790993,34.076725],[133.791052,34.07687],[133.791089,34.077142],[133.791188,34.077218],[133.791475,34.077398],[133.791582,34.077581],[133.791689,34.077711],[133.791697,34.077829],[133.791697,34.078],[133.791748,34.078189],[133.791805,34.078295],[133.791869,34.078408],[133.79187,34.078478],[133.791507,34.078349],[133.791073,34.078291],[133.79054,34.07831],[133.790164,34.078364],[133.789943,34.078365],[133.789675,34.078179],[133.78944,34.078044],[133.789191,34.077968],[133.788956,34.077939],[133.788764,34.077939],[133.788523,34.077993],[133.788324,34.078052],[133.787409,34.078177],[133.787058,34.078216],[133.786775,34.07828],[133.786577,34.078388],[133.786417,34.078573],[133.786288,34.078656],[133.786105,34.078701],[133.785937,34.078695],[133.785707,34.078644],[133.785524,34.078607],[133.785379,34.078594],[133.785219,34.078677],[133.785166,34.078817],[133.785182,34.07902],[133.785282,34.079274],[133.785368,34.079436],[133.785346,34.079677],[133.785293,34.079823],[133.785064,34.079894],[133.78469,34.079927],[133.784316,34.079965],[133.783921,34.080052],[133.783616,34.080104],[133.783311,34.080111],[133.782921,34.080118],[133.782685,34.080182],[133.782374,34.080281],[133.782206,34.080345],[133.781992,34.080333],[133.781778,34.080238],[133.781564,34.080131],[133.781411,34.079979],[133.781105,34.079789],[133.78048,34.079584],[133.779814,34.079312],[133.779453,34.079225],[133.778953,34.079358],[133.778441,34.079316],[133.778104,34.079025],[133.777966,34.078733],[133.777991,34.078591],[133.777916,34.078208],[133.777966,34.077625],[133.777941,34.077217],[133.777604,34.076617],[133.777279,34.076104],[133.777229,34.076025],[133.776779,34.0756],[133.776091,34.075192],[133.775524,34.074677],[133.775054,34.07425],[133.774254,34.073934],[133.773379,34.073642],[133.773042,34.073259],[133.772792,34.072701],[133.772517,34.072542],[133.771667,34.072967],[133.771254,34.073034],[133.769854,34.072475],[133.769142,34.072542],[133.768842,34.072925],[133.76878,34.073309],[133.768617,34.073375],[133.768455,34.07335],[133.768205,34.072859],[133.76788,34.072367],[133.767742,34.072226],[133.76733,34.072092],[133.766555,34.071667],[133.765817,34.071325],[133.765092,34.071084],[133.764542,34.070834],[133.763805,34.070117],[133.763418,34.069667],[133.76358,34.069034],[133.763555,34.068426],[133.763418,34.067526],[133.763418,34.066893],[133.763255,34.066576],[133.76268,34.066393],[133.762573,34.066341],[133.76213,34.066126],[133.76183,34.065585],[133.76138,34.065068],[133.760318,34.064435],[133.760256,34.063985],[133.760281,34.06356],[133.759868,34.063243],[133.758993,34.06246],[133.758743,34.062027],[133.758743,34.061868],[133.758906,34.061485],[133.758693,34.06106],[133.757943,34.060635],[133.756956,34.059594],[133.756881,34.05946],[133.756193,34.059144],[133.755281,34.058985],[133.754506,34.05881],[133.753769,34.058177],[133.752719,34.056785],[133.752306,34.056602],[133.751382,34.056652],[133.750853,34.056388],[133.750832,34.056377],[133.750244,34.055752],[133.749894,34.05521],[133.749757,34.054619],[133.749419,34.054169],[133.748794,34.053769],[133.748494,34.053427],[133.747919,34.053161],[133.74742,34.053002],[133.74737,34.053027],[133.747282,34.053111],[133.746895,34.053044],[133.745982,34.052502],[133.744995,34.052394],[133.744782,34.052411],[133.74442,34.052369],[133.74392,34.051944],[133.743845,34.051944],[133.743345,34.051719],[133.74272,34.051352],[133.74217,34.050836],[133.741833,34.050611],[133.741105,34.050479],[133.741095,34.050477],[133.74075,34.050487],[133.740564,34.050454],[133.740412,34.050357],[133.740302,34.050207],[133.739957,34.049623],[133.739788,34.049444],[133.739532,34.049309],[133.739347,34.049191],[133.739085,34.049003],[133.738927,34.048868],[133.738776,34.048651],[133.738655,34.04845],[133.738503,34.048325],[133.738358,34.048238],[133.738194,34.04804],[133.737961,34.047896],[133.73773,34.047826],[133.73741,34.047802],[133.737265,34.047769],[133.737162,34.047689],[133.73708,34.047583],[133.736934,34.047491],[133.736667,34.04739],[133.736446,34.047275],[133.736242,34.047091],[133.736038,34.046855],[133.735829,34.046737],[133.73551,34.046641],[133.735271,34.046535],[133.735069,34.046373],[133.734556,34.04589],[133.734062,34.04555],[133.733457,34.045194],[133.733016,34.044975],[133.732719,34.044878],[133.732242,34.044792],[133.73176,34.044735],[133.731546,34.044656],[133.731261,34.044487],[133.731016,34.044328],[133.730843,34.044321],[133.730524,34.044331],[133.730332,34.044298],[133.730146,34.044197],[133.730047,34.044177],[133.729925,34.04424],[133.729774,34.044362],[133.729531,34.044408],[133.72938,34.044408],[133.729124,34.044327],[133.728915,34.044206],[133.728682,34.044052],[133.728631,34.043822],[133.72856,34.043619],[133.728387,34.043395],[133.72827,34.043153],[133.728247,34.043011],[133.728022,34.042403],[133.727997,34.041862],[133.727747,34.041253],[133.727447,34.040695],[133.72706,34.040143],[133.726734,34.039678],[133.726484,34.039203],[133.725822,34.038845],[133.725434,34.038012],[133.725272,34.037854],[133.724359,34.03727],[133.723647,34.036912],[133.723097,34.036595],[133.72296,34.036212],[133.723047,34.035879],[133.72301,34.035537],[133.722597,34.034837],[133.722247,34.034504],[133.72216,34.034121],[133.72216,34.033646],[133.721822,34.032496],[133.721747,34.031796],[133.721716,34.031444],[133.721497,34.030263],[133.721772,34.029505],[133.721935,34.028913],[133.721822,34.028463],[133.72191,34.028055],[133.721897,34.027205],[133.721847,34.026547],[133.721897,34.025989],[133.72196,34.025872],[133.722747,34.025314],[133.722747,34.024931],[133.72251,34.024431],[133.721922,34.023014],[133.721485,34.022514],[133.720822,34.022114],[133.719998,34.021839],[133.719235,34.021706],[133.71901,34.021615],[133.718435,34.021256],[133.717635,34.020606],[133.716323,34.020115],[133.715968,34.019874],[133.715504,34.019559],[133.715053,34.019247],[133.714477,34.018769],[133.714241,34.018558],[133.714165,34.018385],[133.714081,34.018197],[133.713964,34.018045],[133.713797,34.01792],[133.713638,34.01783],[133.713469,34.017758],[133.713127,34.017696],[133.712735,34.017696],[133.712393,34.01769],[133.71226,34.017683],[133.711951,34.017608],[133.711667,34.017573],[133.7114,34.017491],[133.7111,34.017436],[133.71058,34.017232],[133.710288,34.017038],[133.710079,34.016823],[133.709826,34.016556],[133.709567,34.016522],[133.709417,34.016467],[133.709367,34.016342],[133.709416,34.016141],[133.709483,34.01596],[133.709391,34.015863],[133.70924,34.015718],[133.70899,34.015711],[133.708598,34.015726],[133.707871,34.015848],[133.707271,34.016002],[133.706427,34.016146],[133.70571,34.016209],[133.704726,34.016399],[133.703899,34.016556],[133.70339,34.016724],[133.703191,34.016883],[133.702981,34.017151],[133.702614,34.017346],[133.702156,34.017631],[133.701788,34.017885],[133.70138,34.018039],[133.701163,34.018074],[133.700854,34.018081],[133.700379,34.017978],[133.699942,34.017718],[133.699491,34.01731],[133.699163,34.017036],[133.698795,34.016627],[133.698501,34.016388],[133.698175,34.01616],[133.697824,34.015994],[133.697513,34.015824],[133.697121,34.015714],[133.696821,34.015666],[133.696237,34.015576],[133.69535,34.015484],[133.694658,34.015367],[133.693825,34.015202],[133.693496,34.015085],[133.693227,34.014901],[133.692992,34.014726],[133.692746,34.014453],[133.692549,34.014234],[133.692291,34.013865],[133.692138,34.013611],[133.691961,34.013183],[133.691859,34.0131],[133.691718,34.013149],[133.691566,34.013227],[133.691227,34.013394],[133.691017,34.013472],[133.690794,34.013531],[133.690513,34.013541],[133.690244,34.013551],[133.689869,34.013483],[133.68953,34.013299],[133.689365,34.013104],[133.689107,34.012812],[133.68884,34.012671],[133.688524,34.012545],[133.688173,34.012478],[133.687599,34.012371],[133.687028,34.012416],[133.686502,34.012524],[133.686198,34.012641],[133.685777,34.012856],[133.685309,34.013159],[133.685087,34.013306],[133.684996,34.013301],[133.684762,34.013272],[133.684211,34.01298],[133.683953,34.012864],[133.683005,34.012826],[133.682303,34.012867],[133.681577,34.012926],[133.68098,34.012898],[133.680476,34.012801],[133.679879,34.012685],[133.6796,34.012499],[133.679325,34.012233],[133.679213,34.012074],[133.679213,34.011808],[133.679413,34.011558],[133.680975,34.010608],[133.681775,34.009391],[133.681988,34.009233],[133.682488,34.0086],[133.6829,34.007658],[133.68325,34.00745],[133.684238,34.007425],[133.684713,34.007317],[133.684875,34.00725],[133.685125,34.006933],[133.685475,34.006142],[133.685631,34.005579],[133.685631,34.005341],[133.685644,34.00509],[133.685626,34.004401],[133.68557,34.003866],[133.685541,34.00333],[133.685191,34.002989],[133.684934,34.002664],[133.684509,34.00246],[133.684125,34.002119],[133.683632,34.001823],[133.683275,34.001585],[133.682741,34.001209],[133.682562,34.000959],[133.682316,34.000777],[133.682014,34.000618],[133.681801,34.000293],[133.681851,33.999951],[133.682026,33.999501],[133.682101,33.999001],[133.681988,33.99826],[133.681601,33.997402],[133.680863,33.996577],[133.679813,33.995718],[133.679263,33.995335],[133.678226,33.994927],[133.677751,33.994794],[133.677451,33.994502],[133.677126,33.993869],[133.676489,33.992452],[133.676401,33.991844],[133.676376,33.991036],[133.676401,33.990136],[133.676464,33.989836],[133.676489,33.989119],[133.676426,33.988286],[133.676127,33.986778],[133.675981,33.98639],[133.675602,33.985378],[133.675464,33.985087],[133.675352,33.984437],[133.675139,33.983962],[133.675139,33.983712],[133.675077,33.983603],[133.675164,33.983603],[133.675652,33.983753],[133.675976,33.983991],[133.676152,33.98412],[133.676589,33.984345],[133.676789,33.984387],[133.676871,33.984379],[133.678539,33.984228],[133.680276,33.984362],[133.681351,33.983953],[133.681951,33.983637],[133.682114,33.983545]]]]},"properties":{"code":"36208","name":"三好市"}}]}