{"type":"FeatureCollection","features":[{"type":"Feature","geometry":{"type":"Polygon","coordinates":[[[134.572321,34.059109],[134.572346,34.06022],[134.572439,34.060179],[134.572496,34.060154],[134.572595,34.06011],[134.572786,34.060074],[134.573532,34.059523],[134.573618,34.059459],[134.573639,34.05945],[134.573659,34.059449],[134.573681,34.059455],[134.573718,34.059472],[134.573747,34.059497],[134.573697,34.059537],[134.573755,34.059588],[134.573807,34.05955],[134.573842,34.059579],[134.574306,34.059226],[134.574346,34.059227],[134.574456,34.059318],[134.574524,34.059377],[134.574534,34.059386],[134.575086,34.059135],[134.575063,34.05907],[134.578295,34.057921],[134.579362,34.05995],[134.579498,34.059983],[134.58008,34.059884],[134.580611,34.059795],[134.58074,34.059771],[134.580906,34.059736],[134.580793,34.059269],[134.580635,34.059293],[134.580497,34.059315],[134.580467,34.059321],[134.58038,34.058959],[134.580183,34.05814],[134.580551,34.057083],[134.580578,34.057074],[134.582045,34.056754],[134.582025,34.0567],[134.582006,34.056698],[134.581996,34.056671],[134.582013,34.056656],[134.582001,34.056616],[134.581975,34.056619],[134.581951,34.056578],[134.58187,34.056339],[134.581872,34.056291],[134.581949,34.056272],[134.581979,34.056317],[134.582045,34.056527],[134.582059,34.056597],[134.582033,34.05661],[134.582044,34.056649],[134.582069,34.056657],[134.582076,34.056679],[134.582063,34.056692],[134.58208,34.056747],[134.582123,34.056877],[134.582635,34.056766],[134.582598,34.056632],[134.582578,34.056576],[134.582553,34.056577],[134.582545,34.056552],[134.582563,34.056542],[134.582546,34.056488],[134.582518,34.056492],[134.582501,34.056453],[134.58244,34.056264],[134.582429,34.056211],[134.582425,34.056173],[134.582506,34.056156],[134.582526,34.056189],[134.582543,34.056237],[134.582607,34.056438],[134.582611,34.056465],[134.582601,34.056474],[134.582582,34.056481],[134.582601,34.056537],[134.58261,34.056538],[134.582618,34.05654],[134.582623,34.056561],[134.582608,34.05657],[134.582626,34.056624],[134.582944,34.056555],[134.583183,34.056507],[134.583304,34.056657],[134.583393,34.056638],[134.584082,34.056188],[134.58418,34.05613],[134.584447,34.056079],[134.584467,34.056139],[134.584535,34.056366],[134.584659,34.05634],[134.584676,34.056336],[134.584678,34.056343],[134.584736,34.056334],[134.584734,34.056326],[134.584751,34.056324],[134.584777,34.056317],[134.584945,34.056274],[134.584877,34.055999],[134.584856,34.055992],[134.58483,34.055978],[134.58482,34.055971],[134.584805,34.055951],[134.584805,34.055926],[134.584821,34.055911],[134.584858,34.055892],[134.585448,34.055818],[134.586012,34.055722],[134.586149,34.055697],[134.58616,34.055696],[134.586168,34.055737],[134.586589,34.055639],[134.586836,34.055575],[134.587652,34.055343],[134.587979,34.055245],[134.588328,34.055134],[134.589046,34.054888],[134.589911,34.054569],[134.59027,34.054426],[134.59028,34.05442],[134.590676,34.054262],[134.591198,34.054035],[134.591218,34.054078],[134.591165,34.054102],[134.591153,34.054084],[134.590469,34.054371],[134.590304,34.054439],[134.589848,34.054617],[134.589256,34.054828],[134.588983,34.054932],[134.588355,34.055153],[134.588353,34.055219],[134.58834,34.055451],[134.58835,34.055633],[134.588395,34.055992],[134.588432,34.056171],[134.588495,34.056387],[134.588503,34.056456],[134.588503,34.056458],[134.588504,34.056458],[134.58866,34.056411],[134.588988,34.056311],[134.59031,34.055875],[134.590535,34.056358],[134.590629,34.05633],[134.590733,34.056298],[134.590497,34.055808],[134.590804,34.055712],[134.591026,34.055685],[134.591243,34.055658],[134.591733,34.055492],[134.59172,34.055459],[134.592565,34.055183],[134.592533,34.055117],[134.592557,34.055109],[134.592546,34.055085],[134.592469,34.05511],[134.592437,34.055043],[134.592417,34.05505],[134.592403,34.055024],[134.592424,34.055017],[134.592404,34.054974],[134.592394,34.054976],[134.592384,34.054954],[134.592394,34.054951],[134.592379,34.054921],[134.592366,34.054924],[134.592354,34.054897],[134.592367,34.054894],[134.592347,34.054852],[134.592334,34.054857],[134.592324,34.054838],[134.592337,34.054834],[134.59232,34.054798],[134.592306,34.054802],[134.592295,34.05478],[134.592309,34.054775],[134.59229,34.054735],[134.592278,34.054738],[134.59227,34.054722],[134.592282,34.054719],[134.592271,34.054694],[134.592471,34.054629],[134.592481,34.054649],[134.592496,34.054645],[134.592504,34.054663],[134.592489,34.054667],[134.592509,34.054709],[134.592525,34.054704],[134.592536,34.054728],[134.59252,34.054734],[134.592535,34.054767],[134.59255,34.054761],[134.59256,34.054782],[134.592545,34.054787],[134.592566,34.054831],[134.592582,34.054826],[134.592592,34.054847],[134.592576,34.054852],[134.592592,34.054884],[134.592608,34.054879],[134.592617,34.054897],[134.592601,34.054902],[134.592624,34.054952],[134.592643,34.054945],[134.592658,34.054976],[134.59264,34.054982],[134.592669,34.055044],[134.592588,34.055071],[134.5926,34.055095],[134.592631,34.055085],[134.592634,34.055089],[134.592653,34.055082],[134.592682,34.055145],[134.593352,34.054926],[134.593297,34.054811],[134.59328,34.054818],[134.593266,34.054789],[134.593284,34.054783],[134.593258,34.054729],[134.593239,34.054735],[134.593089,34.054428],[134.593174,34.0544],[134.593324,34.054707],[134.593296,34.054716],[134.593322,34.05477],[134.593343,34.054762],[134.593358,34.054791],[134.593335,34.054798],[134.59339,34.054913],[134.594054,34.054696],[134.594002,34.054585],[134.593989,34.05459],[134.593969,34.054551],[134.593984,34.054546],[134.593962,34.054499],[134.593932,34.054508],[134.593783,34.054197],[134.593876,34.054166],[134.594025,34.054478],[134.593994,34.054488],[134.594016,34.054535],[134.59404,34.054525],[134.59406,34.054564],[134.594034,34.054573],[134.59408,34.054669],[134.594122,34.054655],[134.594843,34.054416],[134.594414,34.053506],[134.594195,34.053035],[134.594265,34.053011],[134.594503,34.053505],[134.594658,34.053843],[134.595124,34.053723],[134.59524,34.05405],[134.597631,34.053471],[134.597637,34.053467],[134.597964,34.054049],[134.598082,34.054269],[134.599591,34.057079],[134.602264,34.056079],[134.603185,34.05574],[134.603271,34.055707],[134.603298,34.053426],[134.603299,34.051503],[134.603402,34.051503],[134.603401,34.053425],[134.603368,34.055748],[134.603291,34.055749],[134.60324,34.055765],[134.604137,34.057441],[134.604395,34.057924],[134.605238,34.0595],[134.60525,34.059522],[134.606595,34.062039],[134.605584,34.062421],[134.603081,34.063356],[134.603833,34.06474],[134.602383,34.065286],[134.599552,34.066347],[134.599175,34.066488],[134.599078,34.066527],[134.599108,34.066596],[134.599273,34.066919],[134.599292,34.06693],[134.599468,34.06726],[134.599455,34.067264],[134.600526,34.069283],[134.600434,34.069313],[134.600195,34.069459],[134.600039,34.069555],[134.600043,34.069562],[134.599917,34.069654],[134.599678,34.06983],[134.599508,34.069967],[134.599322,34.070117],[134.599038,34.070359],[134.598937,34.070453],[134.598729,34.070666],[134.598554,34.070884],[134.598418,34.071058],[134.598227,34.071346],[134.598216,34.071361],[134.598199,34.071454],[134.598178,34.071524],[134.598153,34.071592],[134.598118,34.071673],[134.598062,34.071755],[134.597986,34.071865],[134.597934,34.071953],[134.597906,34.072003],[134.597892,34.072034],[134.597874,34.072088],[134.597859,34.072133],[134.597839,34.072164],[134.597816,34.072196],[134.597805,34.072237],[134.597798,34.072262],[134.597791,34.072304],[134.597815,34.072344],[134.597837,34.072391],[134.597839,34.072432],[134.597885,34.072481],[134.598023,34.072431],[134.598037,34.072432],[134.598047,34.072438],[134.598056,34.072453],[134.598062,34.072462],[134.598062,34.072475],[134.598036,34.072493],[134.597697,34.072613],[134.597683,34.072616],[134.597666,34.072629],[134.597658,34.07264],[134.59764,34.072664],[134.597599,34.072782],[134.597593,34.072819],[134.597606,34.073045],[134.597648,34.073193],[134.597683,34.073367],[134.597686,34.073376],[134.597712,34.073578],[134.597736,34.073827],[134.597737,34.073958],[134.597762,34.074205],[134.597774,34.074402],[134.597774,34.07451],[134.597767,34.074555],[134.597707,34.074752],[134.597702,34.074769],[134.597701,34.074777],[134.597678,34.074825],[134.597616,34.07493],[134.597561,34.075036],[134.597462,34.075165],[134.597412,34.075252],[134.59726,34.075424],[134.597037,34.075644],[134.596861,34.07579],[134.596713,34.075932],[134.596631,34.076018],[134.596624,34.076025],[134.5966,34.076047],[134.59657,34.076074],[134.596543,34.076099],[134.596518,34.076121],[134.596492,34.076141],[134.596463,34.076161],[134.596427,34.07618],[134.59639,34.076198],[134.596351,34.076218],[134.596313,34.076235],[134.596277,34.076252],[134.59624,34.076269],[134.596201,34.076285],[134.596157,34.076299],[134.596112,34.076312],[134.596065,34.076326],[134.596021,34.07634],[134.59598,34.076355],[134.595942,34.076369],[134.595911,34.076381],[134.595884,34.076389],[134.595861,34.076392],[134.595842,34.076392],[134.595823,34.076389],[134.595805,34.076383],[134.595786,34.076375],[134.595771,34.076365],[134.595757,34.076354],[134.595746,34.076341],[134.595741,34.076325],[134.595744,34.076307],[134.595753,34.076284],[134.595766,34.07626],[134.59578,34.076234],[134.595792,34.076207],[134.595803,34.076181],[134.595816,34.076155],[134.595833,34.07613],[134.595853,34.076107],[134.595876,34.076087],[134.595903,34.076068],[134.595929,34.076052],[134.59598,34.076031],[134.59601,34.076011],[134.596065,34.075982],[134.596107,34.075959],[134.596147,34.075937],[134.596223,34.075884],[134.596406,34.07569],[134.596447,34.075623],[134.596539,34.075532],[134.596642,34.07541],[134.596709,34.075357],[134.596743,34.075322],[134.596801,34.07523],[134.596818,34.075209],[134.596869,34.075164],[134.596952,34.075109],[134.597077,34.075007],[134.597166,34.074946],[134.597261,34.074877],[134.597334,34.074814],[134.597369,34.074773],[134.597412,34.074693],[134.597422,34.074666],[134.597437,34.07458],[134.597429,34.074538],[134.597388,34.074448],[134.597383,34.074428],[134.597395,34.074243],[134.597383,34.074161],[134.597387,34.074138],[134.597392,34.074115],[134.597395,34.074106],[134.597393,34.074054],[134.597413,34.073994],[134.597419,34.07396],[134.597382,34.07389],[134.597382,34.073849],[134.597402,34.073794],[134.597397,34.073748],[134.59736,34.073685],[134.597352,34.07366],[134.59735,34.073637],[134.597373,34.073571],[134.597371,34.073552],[134.59733,34.073474],[134.597327,34.073359],[134.597293,34.073266],[134.597279,34.07308],[134.597273,34.073051],[134.597229,34.072984],[134.597185,34.072971],[134.597152,34.072968],[134.59711,34.072972],[134.596602,34.073148],[134.596393,34.073201],[134.596244,34.073416],[134.596228,34.073454],[134.596184,34.07361],[134.596174,34.073716],[134.596172,34.07386],[134.596173,34.073868],[134.59616,34.073974],[134.596136,34.074076],[134.596087,34.074378],[134.595984,34.074656],[134.595912,34.074786],[134.595874,34.074839],[134.595853,34.074963],[134.595842,34.074985],[134.595822,34.075011],[134.595784,34.075047],[134.595761,34.075094],[134.595718,34.075198],[134.595697,34.075227],[134.595652,34.07527],[134.595579,34.075297],[134.59539,34.075389],[134.595313,34.075415],[134.595291,34.075415],[134.595261,34.075407],[134.595223,34.07538],[134.595192,34.075334],[134.595192,34.075318],[134.595203,34.075287],[134.595247,34.075221],[134.59528,34.075161],[134.595325,34.07511],[134.59539,34.075054],[134.5954,34.075041],[134.595419,34.074967],[134.595429,34.074947],[134.595464,34.0749],[134.59547,34.074886],[134.595471,34.074805],[134.595463,34.074786],[134.595441,34.074764],[134.595429,34.074746],[134.595431,34.074705],[134.595436,34.074696],[134.595452,34.074646],[134.595447,34.074632],[134.595423,34.074602],[134.595385,34.074571],[134.595316,34.074475],[134.595266,34.074437],[134.595229,34.074416],[134.595195,34.074412],[134.595184,34.074418],[134.595173,34.07443],[134.595171,34.074442],[134.595176,34.074484],[134.595174,34.074503],[134.59516,34.074511],[134.595121,34.074514],[134.595101,34.074509],[134.595042,34.074478],[134.595023,34.074483],[134.595008,34.074502],[134.595006,34.074527],[134.594994,34.074534],[134.594959,34.074534],[134.594938,34.074528],[134.594914,34.074512],[134.594912,34.074497],[134.594917,34.074487],[134.594966,34.074448],[134.594984,34.074417],[134.594996,34.074409],[134.59501,34.074409],[134.595024,34.074421],[134.59503,34.074431],[134.595044,34.07444],[134.595065,34.074441],[134.595081,34.074432],[134.595095,34.074411],[134.595096,34.074399],[134.595083,34.074381],[134.595038,34.074357],[134.595028,34.074346],[134.59503,34.074329],[134.595048,34.074318],[134.595077,34.074318],[134.59512,34.074325],[134.595144,34.074323],[134.595176,34.074305],[134.595213,34.074246],[134.595221,34.074205],[134.595215,34.074114],[134.595222,34.074102],[134.595244,34.074088],[134.595277,34.074082],[134.59536,34.074092],[134.595424,34.074088],[134.595492,34.074075],[134.595529,34.074076],[134.595558,34.074085],[134.595568,34.074091],[134.595616,34.074115],[134.595635,34.074129],[134.59564,34.074139],[134.595639,34.074157],[134.595619,34.074222],[134.595621,34.074244],[134.595649,34.074287],[134.595677,34.074306],[134.595687,34.074309],[134.595701,34.074309],[134.595709,34.074302],[134.595715,34.07429],[134.595719,34.074266],[134.595709,34.074244],[134.595687,34.074213],[134.595679,34.074195],[134.595682,34.074129],[134.595672,34.0741],[134.595676,34.074039],[134.595598,34.073979],[134.59557,34.073979],[134.595554,34.073995],[134.595538,34.074035],[134.595519,34.074045],[134.595427,34.07405],[134.595372,34.074065],[134.595346,34.074068],[134.59532,34.074059],[134.595305,34.074042],[134.595293,34.073986],[134.595276,34.073953],[134.595275,34.073924],[134.595268,34.073908],[134.595255,34.073898],[134.595212,34.073885],[134.595169,34.073881],[134.595124,34.073887],[134.595107,34.073893],[134.595033,34.073927],[134.595022,34.07393],[134.595008,34.073934],[134.594967,34.073935],[134.594877,34.073916],[134.594843,34.073911],[134.594825,34.073912],[134.594812,34.073918],[134.594727,34.073987],[134.594638,34.074037],[134.594629,34.074043],[134.594586,34.074082],[134.594562,34.074089],[134.594551,34.074087],[134.594384,34.074017],[134.594371,34.074016],[134.594354,34.074016],[134.594306,34.074022],[134.594236,34.074038],[134.594185,34.074059],[134.594132,34.074069],[134.594066,34.074103],[134.594038,34.074128],[134.593993,34.074185],[134.593983,34.074216],[134.59397,34.074237],[134.59394,34.074258],[134.593828,34.074285],[134.593775,34.074311],[134.593733,34.074357],[134.593692,34.074377],[134.593677,34.07439],[134.593671,34.074406],[134.593665,34.074476],[134.593623,34.074528],[134.59362,34.074538],[134.593622,34.074566],[134.593675,34.074643],[134.593678,34.074666],[134.593667,34.07469],[134.593669,34.07474],[134.593654,34.074752],[134.593629,34.074758],[134.593599,34.074755],[134.593568,34.074745],[134.593517,34.074718],[134.593489,34.074711],[134.593463,34.074712],[134.593425,34.074716],[134.593413,34.074716],[134.593358,34.074702],[134.593317,34.074699],[134.593282,34.074717],[134.593261,34.07474],[134.593251,34.074749],[134.593237,34.074753],[134.593224,34.074753],[134.593162,34.074739],[134.593109,34.074739],[134.593094,34.074737],[134.593036,34.07471],[134.593009,34.07471],[134.59297,34.074743],[134.592952,34.07474],[134.592928,34.074731],[134.592826,34.074672],[134.592765,34.074653],[134.592622,34.074628],[134.592532,34.074598],[134.592454,34.074587],[134.592268,34.074665],[134.592176,34.0747],[134.591903,34.074789],[134.591894,34.074792],[134.591367,34.074979],[134.590812,34.075172],[134.590803,34.075177],[134.590533,34.075267],[134.589552,34.07562],[134.588075,34.076101],[134.588041,34.076112],[134.587093,34.076409],[134.587073,34.076358],[134.587071,34.076357],[134.587067,34.076356],[134.587059,34.076356],[134.587056,34.076357],[134.587053,34.076359],[134.587047,34.076364],[134.587067,34.076414],[134.586316,34.076622],[134.586279,34.076633],[134.584863,34.077022],[134.584755,34.077058],[134.584409,34.077155],[134.584193,34.077226],[134.583908,34.077337],[134.583649,34.077446],[134.58323,34.077645],[134.582004,34.078239],[134.581555,34.078463],[134.580801,34.078803],[134.58062,34.078874],[134.580556,34.078787],[134.580535,34.078795],[134.580516,34.078801],[134.580492,34.078811],[134.58053,34.07891],[134.579618,34.079292],[134.579568,34.079312],[134.579564,34.079314],[134.579569,34.079322],[134.582163,34.084044],[134.584839,34.08897],[134.585027,34.088891],[134.585029,34.088884],[134.585037,34.088898],[134.585942,34.088576],[134.58643,34.088402],[134.587406,34.088063],[134.588025,34.087855],[134.58993,34.087226],[134.590299,34.087104],[134.590824,34.086941],[134.59109,34.08686],[134.591782,34.086647],[134.59217,34.086527],[134.59299,34.086281],[134.593823,34.086053],[134.594524,34.085858],[134.595472,34.085603],[134.596676,34.085283],[134.597604,34.085032],[134.599518,34.084542],[134.600746,34.08423],[134.600742,34.084216],[134.600726,34.084172],[134.601022,34.084094],[134.601015,34.084062],[134.602339,34.083722],[134.602403,34.08369],[134.60239,34.083653],[134.602621,34.083594],[134.602678,34.083581],[134.602798,34.083555],[134.602872,34.083542],[134.602951,34.083534],[134.603037,34.083528],[134.60311,34.083526],[134.60317,34.083529],[134.603224,34.083543],[134.603232,34.083919],[134.603246,34.084272],[134.603252,34.084279],[134.60326,34.084313],[134.603266,34.084341],[134.603279,34.084389],[134.603295,34.084432],[134.603316,34.084473],[134.603345,34.08451],[134.603363,34.084509],[134.603354,34.084583],[134.603342,34.084583],[134.603323,34.084622],[134.603313,34.084649],[134.603306,34.084676],[134.603304,34.084706],[134.603307,34.084745],[134.603323,34.084791],[134.60334,34.084843],[134.60337,34.0849],[134.60342,34.084979],[134.603475,34.085065],[134.603559,34.085161],[134.603627,34.085216],[134.603609,34.08529],[134.603592,34.085302],[134.603538,34.085332],[134.603507,34.08536],[134.603468,34.085426],[134.603391,34.085622],[134.603376,34.085673],[134.60336,34.085749],[134.603351,34.085839],[134.603356,34.085896],[134.603363,34.085925],[134.603381,34.085967],[134.603366,34.08609],[134.603505,34.086364],[134.603585,34.086487],[134.603606,34.086598],[134.603666,34.086815],[134.603865,34.087059],[134.603903,34.087124],[134.603965,34.087354],[134.603946,34.087556],[134.604104,34.087793],[134.604182,34.088167],[134.604435,34.088697],[134.604508,34.088741],[134.6045,34.088804],[134.604594,34.088929],[134.60475,34.089153],[134.604883,34.089474],[134.604922,34.089593],[134.604963,34.089736],[134.605032,34.090003],[134.605165,34.090617],[134.605198,34.090846],[134.605068,34.090903],[134.604999,34.091066],[134.604951,34.091357],[134.604879,34.091662],[134.604846,34.091923],[134.604822,34.092374],[134.604835,34.093118],[134.60485,34.093393],[134.60487,34.093528],[134.604917,34.093857],[134.604958,34.093981],[134.60501,34.094163],[134.605112,34.094448],[134.605218,34.094705],[134.605379,34.09514],[134.605876,34.097098],[134.605993,34.097528],[134.606182,34.098058],[134.606893,34.099819],[134.606979,34.100238],[134.606984,34.100244],[134.605026,34.101044],[134.603251,34.101777],[134.601541,34.103095],[134.601527,34.103038],[134.601514,34.103047],[134.601366,34.103129],[134.601007,34.103606],[134.600496,34.10439],[134.599909,34.105345],[134.599345,34.106381],[134.59866,34.107453],[134.598594,34.107561],[134.598312,34.108021],[134.597824,34.109111],[134.597509,34.110011],[134.597304,34.110858],[134.597226,34.111169],[134.597131,34.111551],[134.596762,34.112821],[134.596339,34.113965],[134.596014,34.114965],[134.59559,34.115668],[134.594829,34.116695],[134.594035,34.117803],[134.593222,34.118995],[134.593187,34.119046],[134.592513,34.120028],[134.591806,34.121029],[134.591219,34.121911],[134.590566,34.122722],[134.589859,34.123497],[134.588912,34.124462],[134.588147,34.125056],[134.58803,34.125147],[134.586972,34.126032],[134.586963,34.126039],[134.586912,34.12608],[134.586125,34.126706],[134.585792,34.126975],[134.585221,34.127436],[134.584524,34.12795],[134.583882,34.128365],[134.582956,34.128906],[134.582325,34.129187],[134.581866,34.129393],[134.580982,34.129637],[134.580754,34.1297],[134.580336,34.129816],[134.580303,34.129822],[134.57989,34.129888],[134.578858,34.130054],[134.578814,34.130062],[134.577317,34.130317],[134.57695,34.13032],[134.576779,34.130342],[134.576725,34.130349],[134.576629,34.130361],[134.576055,34.130309],[134.575804,34.130324],[134.573813,34.130032],[134.573657,34.130009],[134.572797,34.129837],[134.571654,34.129539],[134.570881,34.129215],[134.57001,34.128665],[134.570004,34.12866],[134.569966,34.128631],[134.568692,34.127655],[134.568624,34.127591],[134.568012,34.127007],[134.567624,34.126637],[134.566932,34.125914],[134.566697,34.125719],[134.566461,34.125502],[134.566422,34.125462],[134.566032,34.125074],[134.565628,34.12474],[134.565533,34.124702],[134.56546,34.124673],[134.564588,34.124538],[134.562958,34.124274],[134.562054,34.124119],[134.561761,34.124044],[134.561785,34.124008],[134.561901,34.123835],[134.561903,34.123438],[134.561905,34.123041],[134.561996,34.12288],[134.562129,34.122743],[134.562171,34.12266],[134.562197,34.122434],[134.562242,34.122054],[134.561683,34.121717],[134.561649,34.121698],[134.560345,34.120845],[134.560149,34.120933],[134.559702,34.1213],[134.559413,34.121451],[134.558224,34.122074],[134.557377,34.12204],[134.557451,34.121513],[134.557461,34.121439],[134.55764,34.120054],[134.557213,34.119434],[134.556934,34.119048],[134.556195,34.118015],[134.556104,34.117875],[134.556098,34.117865],[134.555535,34.116848],[134.555469,34.11674],[134.555204,34.116167],[134.556256,34.114715],[134.556261,34.114706],[134.5564,34.114457],[134.55666,34.114013],[134.556817,34.113702],[134.557041,34.113262],[134.557102,34.113164],[134.557181,34.113024],[134.557272,34.112832],[134.55739,34.112849],[134.557555,34.112877],[134.557795,34.112919],[134.557999,34.112948],[134.558163,34.112977],[134.558292,34.112993],[134.55839,34.112993],[134.55844,34.112278],[134.558022,34.110565],[134.557653,34.110385],[134.557359,34.110238],[134.557051,34.11007],[134.556692,34.109896],[134.556617,34.10986],[134.556459,34.109783],[134.556289,34.1097],[134.556222,34.109669],[134.556181,34.10965],[134.556199,34.109396],[134.556604,34.108606],[134.556258,34.108596],[134.555365,34.108618],[134.553678,34.10862],[134.552421,34.108641],[134.552445,34.109741],[134.55246,34.110374],[134.552454,34.110378],[134.552427,34.110394],[134.552366,34.110403],[134.552209,34.110421],[134.55195,34.110457],[134.551788,34.110492],[134.551544,34.110536],[134.551204,34.110624],[134.551037,34.110651],[134.550631,34.110718],[134.5502,34.110801],[134.550007,34.110841],[134.549898,34.110857],[134.549855,34.110864],[134.549723,34.110882],[134.549545,34.110913],[134.549291,34.11094],[134.549129,34.110942],[134.548931,34.110912],[134.548864,34.110902],[134.548742,34.110907],[134.5487,34.110911],[134.548528,34.110926],[134.54832,34.11097],[134.548158,34.110996],[134.548094,34.111013],[134.547565,34.111145],[134.547372,34.111193],[134.54661,34.111413],[134.546473,34.111452],[134.545966,34.111596],[134.545765,34.111648],[134.5456,34.111691],[134.545525,34.111711],[134.545338,34.11176],[134.545026,34.111837],[134.544824,34.111885],[134.544634,34.111924],[134.544301,34.111986],[134.543978,34.112025],[134.543946,34.112029],[134.54379,34.112047],[134.543662,34.112075],[134.543124,34.112192],[134.542904,34.11224],[134.54275,34.112262],[134.542668,34.112284],[134.542042,34.112405],[134.541843,34.112444],[134.541131,34.112642],[134.54037,34.112913],[134.538185,34.113691],[134.538186,34.113692],[134.538471,34.114066],[134.538833,34.114639],[134.537911,34.115368],[134.537806,34.115462],[134.537667,34.115551],[134.537372,34.115766],[134.536974,34.116145],[134.536752,34.116502],[134.536595,34.116729],[134.536507,34.116928],[134.536449,34.117099],[134.536382,34.117244],[134.536309,34.117413],[134.536209,34.117629],[134.536159,34.117718],[134.536004,34.117925],[134.535991,34.118081],[134.536029,34.118352],[134.536105,34.118779],[134.5361,34.118922],[134.535999,34.119448],[134.535982,34.119636],[134.536193,34.120743],[134.53609,34.120741],[134.536026,34.120894],[134.535763,34.121521],[134.53452,34.124488],[134.532134,34.125275],[134.530224,34.124845],[134.52958,34.124762],[134.529426,34.12473],[134.529413,34.124727],[134.529148,34.124672],[134.52871,34.124615],[134.528432,34.124578],[134.528401,34.124575],[134.52673,34.124372],[134.525966,34.124254],[134.525919,34.124247],[134.525686,34.124255],[134.525376,34.124272],[134.525011,34.124293],[134.524623,34.124347],[134.524418,34.124378],[134.524194,34.124411],[134.52365,34.124439],[134.523015,34.124429],[134.52278,34.124426],[134.522159,34.124381],[134.521554,34.124287],[134.521496,34.124274],[134.521228,34.124219],[134.52101,34.124165],[134.52023,34.123717],[134.520195,34.123999],[134.520107,34.124049],[134.51997,34.124021],[134.519271,34.123681],[134.51923,34.123716],[134.518769,34.123355],[134.518432,34.122978],[134.517758,34.123245],[134.517687,34.123251],[134.517591,34.12327],[134.517379,34.123312],[134.517311,34.12334],[134.517252,34.123375],[134.5171,34.123507],[134.517017,34.123579],[134.516952,34.123605],[134.516101,34.123937],[134.515908,34.124009],[134.515805,34.124048],[134.515557,34.123541],[134.515544,34.123513],[134.515239,34.122881],[134.515218,34.122837],[134.514808,34.122122],[134.51355,34.120438],[134.51312,34.120627],[134.512738,34.120795],[134.512715,34.120811],[134.512538,34.120935],[134.51235,34.121044],[134.512213,34.121105],[134.512046,34.121144],[134.511957,34.121146],[134.511798,34.121181],[134.511798,34.121133],[134.511797,34.120978],[134.511768,34.120584],[134.511622,34.119982],[134.511147,34.120014],[134.510542,34.120093],[134.510021,34.120206],[134.50951,34.120363],[134.509296,34.120429],[134.509149,34.120475],[134.508717,34.119747],[134.508298,34.118931],[134.508213,34.11873],[134.508178,34.118702],[134.508071,34.11869],[134.507596,34.118713],[134.50673,34.118676],[134.506317,34.118544],[134.506274,34.118531],[134.50609,34.118463],[134.505965,34.118417],[134.505703,34.117359],[134.50524,34.115743],[134.504893,34.11453],[134.504639,34.113817],[134.504638,34.11374],[134.504694,34.113623],[134.504746,34.113607],[134.504724,34.113551],[134.504664,34.113609],[134.504583,34.113377],[134.504983,34.113315],[134.504956,34.113206],[134.505001,34.113197],[134.505007,34.113195],[134.505394,34.113116],[134.5057,34.113054],[134.505708,34.113028],[134.505668,34.112937],[134.505631,34.11283],[134.505595,34.112724],[134.505546,34.112533],[134.505424,34.112056],[134.505396,34.111931],[134.505036,34.11046],[134.505032,34.109882],[134.505254,34.107497],[134.502805,34.107938],[134.501169,34.108268],[134.500982,34.108289],[134.500571,34.108301],[134.499953,34.108283],[134.499403,34.108235],[134.499152,34.108163],[134.498809,34.108031],[134.49852,34.10794],[134.498294,34.107931],[134.498014,34.107911],[134.497859,34.107899],[134.497835,34.107897],[134.497199,34.107841],[134.497163,34.107836],[134.496627,34.107767],[134.496082,34.107675],[134.495476,34.107546],[134.495462,34.107543],[134.495446,34.10754],[134.494917,34.107441],[134.49374,34.107271],[134.493238,34.10719],[134.493195,34.107183],[134.493065,34.107171],[134.492419,34.107114],[134.491246,34.107013],[134.491238,34.107012],[134.491222,34.107011],[134.49078,34.106988],[134.489998,34.106948],[134.489343,34.106951],[134.48747,34.106867],[134.487326,34.106868],[134.485566,34.106881],[134.485444,34.106892],[134.485338,34.106901],[134.485067,34.106896],[134.484744,34.10698],[134.484442,34.107056],[134.484054,34.107196],[134.483507,34.107473],[134.48312,34.107631],[134.482818,34.107742],[134.482474,34.1079],[134.481709,34.108319],[134.481724,34.10835],[134.481126,34.108762],[134.481071,34.1088],[134.480268,34.109359],[134.479766,34.109751],[134.479317,34.1101],[134.479176,34.110219],[134.479053,34.110323],[134.478979,34.110385],[134.478462,34.110822],[134.477788,34.111281],[134.477091,34.111686],[134.476199,34.11212],[134.475447,34.112453],[134.474952,34.112639],[134.47436,34.112845],[134.473735,34.113032],[134.472989,34.113113],[134.472404,34.113143],[134.472285,34.113149],[134.471787,34.113155],[134.471267,34.113116],[134.470703,34.113077],[134.470682,34.113075],[134.469662,34.112973],[134.468524,34.112887],[134.468077,34.112826],[134.467558,34.112755],[134.465872,34.112288],[134.46473,34.111977],[134.464,34.111743],[134.462685,34.111443],[134.462307,34.11134],[134.461609,34.111149],[134.460662,34.110899],[134.459215,34.110457],[134.458822,34.110307],[134.458702,34.11026],[134.458156,34.110046],[134.458555,34.107747],[134.45945,34.107723],[134.4594,34.107429],[134.458956,34.106105],[134.458864,34.105848],[134.459234,34.105689],[134.459216,34.105528],[134.459196,34.104881],[134.459145,34.104006],[134.459105,34.103751],[134.459123,34.103681],[134.459218,34.103606],[134.459168,34.10356],[134.459517,34.103288],[134.459261,34.103053],[134.459491,34.102908],[134.459139,34.102532],[134.459289,34.102397],[134.458967,34.102064],[134.458835,34.101929],[134.459144,34.101532],[134.458956,34.101216],[134.458811,34.100947],[134.4588,34.100745],[134.458658,34.100477],[134.458329,34.100045],[134.458349,34.099864],[134.45811,34.099794],[134.458052,34.099768],[134.457943,34.09971],[134.457274,34.099267],[134.456653,34.098831],[134.456517,34.098725],[134.456216,34.098526],[134.455964,34.09834],[134.45535,34.09852],[134.455225,34.09856],[134.455056,34.098743],[134.454411,34.099027],[134.454046,34.099198],[134.454032,34.098628],[134.454014,34.097431],[134.453902,34.096779],[134.453868,34.096546],[134.453651,34.095427],[134.453632,34.095325],[134.45363,34.095302],[134.453604,34.094962],[134.453583,34.094476],[134.453529,34.094096],[134.453483,34.094019],[134.453441,34.093948],[134.453217,34.093659],[134.453579,34.093566],[134.453414,34.093299],[134.453192,34.092989],[134.453116,34.092864],[134.453044,34.092721],[134.452927,34.09249],[134.452861,34.092202],[134.452847,34.091821],[134.452802,34.091001],[134.452787,34.090313],[134.452769,34.090063],[134.45279,34.089914],[134.452799,34.089752],[134.452821,34.089217],[134.45282,34.089128],[134.452767,34.089116],[134.452683,34.089098],[134.452694,34.088683],[134.452799,34.087837],[134.452796,34.08769],[134.452806,34.087526],[134.452855,34.086754],[134.452925,34.08643],[134.452936,34.086377],[134.452943,34.086361],[134.452982,34.086269],[134.453361,34.086374],[134.453301,34.086398],[134.45325,34.08643],[134.453232,34.086467],[134.453234,34.086513],[134.453244,34.086547],[134.45331,34.086606],[134.453434,34.086728],[134.453618,34.08691],[134.453733,34.087063],[134.453973,34.087312],[134.454071,34.087393],[134.454149,34.087532],[134.454173,34.087726],[134.454173,34.088008],[134.454186,34.088135],[134.454285,34.088306],[134.454642,34.08861],[134.454874,34.088742],[134.454984,34.088804],[134.455256,34.088829],[134.455506,34.088841],[134.455779,34.088924],[134.456105,34.08894],[134.456263,34.088943],[134.456442,34.088955],[134.456594,34.088977],[134.457729,34.089146],[134.457964,34.089235],[134.458526,34.089411],[134.458866,34.089431],[134.459287,34.089427],[134.459863,34.089436],[134.459969,34.089429],[134.460853,34.089314],[134.461317,34.08924],[134.461877,34.089263],[134.461964,34.089253],[134.462707,34.089076],[134.463037,34.089019],[134.463271,34.088977],[134.46345,34.088959],[134.463522,34.088939],[134.463685,34.08885],[134.464044,34.088609],[134.464282,34.088447],[134.464389,34.088344],[134.464572,34.088168],[134.464739,34.087896],[134.464781,34.087785],[134.465018,34.087551],[134.465297,34.087328],[134.465668,34.087048],[134.465877,34.086978],[134.466049,34.086738],[134.466068,34.086652],[134.466073,34.086606],[134.465776,34.086621],[134.465784,34.086429],[134.465317,34.086411],[134.465262,34.086552],[134.465122,34.086864],[134.464537,34.086754],[134.464203,34.086697],[134.463593,34.086689],[134.46263,34.086765],[134.462364,34.086792],[134.462338,34.086791],[134.462317,34.08679],[134.462328,34.086647],[134.462338,34.086504],[134.462377,34.086303],[134.462414,34.086204],[134.462446,34.086145],[134.462528,34.085833],[134.462546,34.085738],[134.462639,34.085377],[134.46269,34.085243],[134.46275,34.085112],[134.462789,34.084832],[134.462804,34.08472],[134.462914,34.084372],[134.462917,34.084218],[134.462921,34.084128],[134.462964,34.083925],[134.463009,34.083739],[134.463051,34.08364],[134.463134,34.083462],[134.463156,34.083344],[134.463175,34.08334],[134.463261,34.083351],[134.463935,34.083503],[134.463954,34.083452],[134.464108,34.082672],[134.464166,34.082536],[134.464056,34.08245],[134.463938,34.082439],[134.463804,34.082401],[134.46368,34.082331],[134.463528,34.082309],[134.463396,34.082314],[134.463343,34.082298],[134.463343,34.082263],[134.463432,34.081523],[134.463499,34.081215],[134.463534,34.080931],[134.463557,34.080638],[134.463607,34.080425],[134.463667,34.080302],[134.463695,34.080071],[134.463774,34.079605],[134.463775,34.079598],[134.463774,34.079499],[134.4638,34.079286],[134.463943,34.079149],[134.464164,34.078966],[134.464281,34.078906],[134.464451,34.078806],[134.464601,34.078703],[134.464653,34.078627],[134.464701,34.078523],[134.464691,34.078491],[134.464511,34.078445],[134.464012,34.078339],[134.463337,34.078147],[134.463206,34.078123],[134.463175,34.078117],[134.463184,34.078093],[134.463192,34.078079],[134.463465,34.077537],[134.46352,34.077372],[134.463542,34.077265],[134.46356,34.077194],[134.463593,34.077166],[134.463713,34.077049],[134.464051,34.076154],[134.464185,34.075845],[134.464368,34.07548],[134.464433,34.075349],[134.464465,34.075262],[134.464491,34.075057],[134.464556,34.074827],[134.464572,34.074762],[134.46455,34.07473],[134.464498,34.074715],[134.464275,34.074695],[134.46415,34.074682],[134.464132,34.074658],[134.464242,34.074478],[134.464366,34.074218],[134.464409,34.074155],[134.464586,34.073896],[134.464746,34.073501],[134.464891,34.07315],[134.465022,34.072953],[134.465489,34.072567],[134.465605,34.072368],[134.465702,34.072357],[134.465998,34.072058],[134.466186,34.071928],[134.466541,34.071714],[134.466666,34.071594],[134.466778,34.071383],[134.466881,34.071286],[134.467254,34.071226],[134.467409,34.070694],[134.467477,34.070617],[134.467534,34.070293],[134.467608,34.069539],[134.467662,34.068847],[134.467878,34.067909],[134.467949,34.067571],[134.467982,34.067516],[134.467997,34.067491],[134.468065,34.06745],[134.468166,34.067387],[134.468194,34.06737],[134.468332,34.067403],[134.468621,34.067446],[134.468672,34.067114],[134.468675,34.067042],[134.46844,34.067013],[134.468471,34.066808],[134.468576,34.06681],[134.468634,34.066423],[134.468523,34.066416],[134.468151,34.066327],[134.467815,34.066302],[134.467659,34.067131],[134.467425,34.067093],[134.467081,34.067027],[134.467052,34.066913],[134.467049,34.066622],[134.467061,34.066473],[134.467147,34.06621],[134.467111,34.066039],[134.467092,34.065882],[134.467131,34.065676],[134.467155,34.065407],[134.467189,34.065321],[134.46723,34.065321],[134.467251,34.065395],[134.467246,34.065504],[134.467268,34.065635],[134.467426,34.065639],[134.467484,34.06589],[134.467931,34.065955],[134.467984,34.065682],[134.46835,34.065708],[134.468406,34.06542],[134.468425,34.065351],[134.468672,34.064099],[134.468726,34.063707],[134.468751,34.063467],[134.468837,34.063209],[134.468894,34.063023],[134.469016,34.062314],[134.468546,34.062265],[134.468484,34.062329],[134.46818,34.062406],[134.468114,34.062162],[134.468057,34.062147],[134.467991,34.062129],[134.46767,34.061928],[134.467482,34.061809],[134.467218,34.061588],[134.467029,34.06127],[134.466964,34.061008],[134.466885,34.060954],[134.466624,34.060806],[134.466206,34.060641],[134.465978,34.060497],[134.465912,34.060475],[134.465689,34.060491],[134.465565,34.06047],[134.465489,34.060411],[134.46546,34.060386],[134.465262,34.060179],[134.46484,34.059645],[134.464675,34.059556],[134.46451,34.059452],[134.464207,34.05936],[134.46399,34.059328],[134.463743,34.059344],[134.463184,34.059457],[134.462806,34.059598],[134.462544,34.05982],[134.462418,34.059912],[134.462312,34.05993],[134.462109,34.059912],[134.461592,34.060039],[134.461421,34.060066],[134.460991,34.060055],[134.460403,34.060011],[134.460057,34.059971],[134.459901,34.059913],[134.459808,34.059826],[134.459701,34.059692],[134.45959,34.059281],[134.459539,34.059176],[134.459461,34.059129],[134.459248,34.059055],[134.45905,34.058986],[134.458823,34.058905],[134.458629,34.058782],[134.458286,34.058578],[134.458086,34.05842],[134.457998,34.058238],[134.457877,34.058052],[134.457776,34.057974],[134.457771,34.057966],[134.457699,34.057947],[134.457234,34.058086],[134.457093,34.058075],[134.456993,34.058029],[134.456769,34.057893],[134.456638,34.057753],[134.456504,34.057536],[134.456489,34.057501],[134.45634,34.057458],[134.456324,34.057452],[134.45627,34.057468],[134.455927,34.057741],[134.455757,34.057783],[134.455651,34.057778],[134.455453,34.057715],[134.45529,34.057687],[134.455184,34.05767],[134.455071,34.057545],[134.454794,34.057242],[134.454747,34.057121],[134.454732,34.057086],[134.454411,34.057085],[134.454277,34.057104],[134.45417,34.057093],[134.453886,34.056919],[134.453786,34.056838],[134.453743,34.056768],[134.453589,34.056275],[134.45356,34.056246],[134.453141,34.056032],[134.45307,34.056021],[134.452951,34.056057],[134.452799,34.056061],[134.452671,34.056009],[134.452508,34.055934],[134.452017,34.055644],[134.451861,34.05561],[134.451734,34.05564],[134.451481,34.055724],[134.451276,34.05575],[134.45112,34.055739],[134.451014,34.055687],[134.450683,34.055373],[134.450503,34.0552],[134.450289,34.05499],[134.45009,34.054904],[134.449948,34.05487],[134.449672,34.054813],[134.449071,34.054718],[134.448668,34.054697],[134.448413,34.054646],[134.448221,34.054571],[134.447924,34.054503],[134.44763,34.054455],[134.447453,34.054416],[134.447048,34.054248],[134.446907,34.054244],[134.446752,34.054262],[134.4464,34.054389],[134.446294,34.054389],[134.446194,34.054331],[134.446007,34.054205],[134.445817,34.054134],[134.445782,34.054121],[134.44565,34.054074],[134.445232,34.053948],[134.445168,34.053913],[134.445161,34.053878],[134.445231,34.053842],[134.445323,34.053795],[134.445421,34.053717],[134.445469,34.053605],[134.445496,34.053523],[134.445458,34.053247],[134.445436,34.0532],[134.445258,34.053072],[134.445045,34.052951],[134.444871,34.053057],[134.444373,34.053272],[134.444197,34.053356],[134.444097,34.053344],[134.443997,34.05332],[134.443655,34.053098],[134.443603,34.053061],[134.443551,34.053068],[134.44349,34.053113],[134.442955,34.053523],[134.442815,34.053597],[134.44273,34.053643],[134.442638,34.053644],[134.442014,34.05361],[134.441876,34.053598],[134.441753,34.053599],[134.441672,34.053629],[134.441397,34.053765],[134.441136,34.053844],[134.440921,34.053929],[134.440814,34.05393],[134.44046,34.053945],[134.440298,34.053946],[134.440169,34.053949],[134.439971,34.053958],[134.439833,34.053972],[134.43964,34.053942],[134.43941,34.053969],[134.438903,34.05412],[134.438796,34.054121],[134.438557,34.05411],[134.438442,34.05413],[134.437951,34.0543],[134.437789,34.054302],[134.437651,34.054328],[134.437466,34.054278],[134.437041,34.05407],[134.436755,34.053964],[134.436357,34.053868],[134.436173,34.053875],[134.435902,34.053788],[134.435631,34.053604],[134.435585,34.053592],[134.435348,34.053754],[134.435248,34.053774],[134.435032,34.053743],[134.434802,34.053758],[134.434437,34.053834],[134.434291,34.053835],[134.434152,34.053811],[134.434067,34.053767],[134.433895,34.053531],[134.433755,34.053379],[134.433624,34.053354],[134.43347,34.053349],[134.433171,34.053466],[134.433094,34.053448],[134.43297,34.053385],[134.432914,34.053277],[134.432913,34.053276],[134.432807,34.053203],[134.432732,34.053102],[134.432727,34.053099],[134.432593,34.05301],[134.432492,34.052943],[134.432309,34.052913],[134.43198,34.052944],[134.43175,34.053061],[134.431452,34.053243],[134.431314,34.053276],[134.430831,34.053427],[134.430646,34.053428],[134.430362,34.053449],[134.430246,34.053437],[134.43011,34.053333],[134.429948,34.053225],[134.429738,34.053086],[134.429575,34.052959],[134.429429,34.052941],[134.429275,34.052987],[134.428943,34.053211],[134.428828,34.053295],[134.428667,34.053309],[134.428259,34.053273],[134.42802,34.05323],[134.427787,34.053091],[134.427563,34.052984],[134.427301,34.05298],[134.426971,34.053021],[134.426701,34.05301],[134.426493,34.052941],[134.426353,34.05284],[134.426337,34.052808],[134.426321,34.052549],[134.426339,34.052309],[134.426238,34.052185],[134.426214,34.05211],[134.426198,34.05206],[134.426181,34.051849],[134.426179,34.051513],[134.426244,34.051298],[134.426203,34.051049],[134.42617,34.050889],[134.426073,34.050436],[134.426049,34.05034],[134.42601,34.050295],[134.425894,34.050315],[134.425434,34.050447],[134.425249,34.050429],[134.425018,34.050354],[134.424886,34.05024],[134.42483,34.050125],[134.424821,34.05001],[134.424839,34.049936],[134.424796,34.049805],[134.42466,34.049637],[134.424543,34.049567],[134.424405,34.049543],[134.424265,34.049473],[134.42421,34.049359],[134.424009,34.048949],[134.423835,34.048817],[134.423658,34.048774],[134.42321,34.048688],[134.422863,34.048614],[134.422794,34.048595],[134.42253,34.048075],[134.42239,34.047819],[134.422135,34.04735],[134.422225,34.047263],[134.422358,34.047135],[134.422935,34.04555],[134.423251,34.044728],[134.423985,34.044829],[134.424099,34.044806],[134.424191,34.044772],[134.424353,34.044738],[134.424462,34.044719],[134.424667,34.044623],[134.4249,34.044595],[134.425048,34.044518],[134.425144,34.044433],[134.42513,34.044356],[134.424971,34.044086],[134.425093,34.043993],[134.425294,34.043886],[134.425437,34.043801],[134.425965,34.04352],[134.42634,34.043489],[134.426461,34.04331],[134.426487,34.043284],[134.426522,34.04328],[134.426641,34.043305],[134.426694,34.043282],[134.426733,34.043238],[134.426747,34.043138],[134.426669,34.042854],[134.426648,34.042478],[134.426682,34.042257],[134.426721,34.042209],[134.426915,34.041894],[134.427067,34.041706],[134.427365,34.041501],[134.427657,34.041302],[134.427775,34.04121],[134.428018,34.040953],[134.428215,34.040756],[134.428271,34.04066],[134.428315,34.040611],[134.428587,34.040302],[134.428786,34.040113],[134.428866,34.040079],[134.429083,34.039991],[134.429155,34.039956],[134.429193,34.039789],[134.429217,34.039587],[134.429219,34.039513],[134.429225,34.039412],[134.429208,34.039344],[134.429181,34.039279],[134.429187,34.039216],[134.429219,34.039136],[134.429276,34.038999],[134.429301,34.038837],[134.429287,34.038775],[134.429233,34.038688],[134.429222,34.038632],[134.429271,34.03852],[134.429391,34.038351],[134.429402,34.038257],[134.429313,34.038011],[134.429196,34.037599],[134.429105,34.037234],[134.429067,34.036784],[134.428985,34.036454],[134.428949,34.036244],[134.428804,34.036008],[134.42876,34.035879],[134.42879,34.035522],[134.428831,34.035374],[134.42895,34.035213],[134.428989,34.035147],[134.428948,34.034962],[134.428934,34.034874],[134.428944,34.03459],[134.428948,34.03441],[134.428877,34.034167],[134.428862,34.034074],[134.428913,34.033904],[134.428891,34.033647],[134.428836,34.033445],[134.428814,34.033227],[134.428854,34.033027],[134.429036,34.032774],[134.429086,34.032582],[134.429084,34.03238],[134.428973,34.032121],[134.428924,34.031892],[134.428862,34.031591],[134.428869,34.031414],[134.428861,34.031244],[134.428768,34.031108],[134.42866,34.030912],[134.4286,34.030836],[134.428585,34.030656],[134.428677,34.030308],[134.428655,34.030144],[134.428451,34.029511],[134.428158,34.029153],[134.428041,34.028948],[134.4279,34.028692],[134.427622,34.028541],[134.427374,34.028388],[134.427267,34.028268],[134.427014,34.02792],[134.426954,34.027866],[134.426891,34.027836],[134.426831,34.027771],[134.426711,34.027537],[134.426703,34.027416],[134.426721,34.027387],[134.426793,34.027274],[134.426891,34.02718],[134.42708,34.027069],[134.427197,34.026899],[134.427287,34.026772],[134.427303,34.026433],[134.427357,34.025963],[134.427416,34.025886],[134.427427,34.02576],[134.42745,34.025393],[134.427521,34.025316],[134.428226,34.024906],[134.428507,34.024756],[134.428665,34.024695],[134.428822,34.024628],[134.429117,34.024339],[134.429327,34.024244],[134.429655,34.024225],[134.430081,34.024135],[134.430278,34.024079],[134.430541,34.024066],[134.430771,34.024064],[134.430961,34.024068],[134.431073,34.02404],[134.431204,34.023979],[134.431288,34.023879],[134.431444,34.023698],[134.43151,34.023449],[134.431495,34.023263],[134.431566,34.023142],[134.431854,34.023025],[134.432154,34.022853],[134.432416,34.022791],[134.432516,34.022591],[134.432816,34.022402],[134.432919,34.022205],[134.433154,34.022061],[134.433264,34.022009],[134.43339,34.02195],[134.433611,34.021729],[134.433738,34.021647],[134.433874,34.021626],[134.434201,34.02161],[134.434299,34.021609],[134.434324,34.021595],[134.434461,34.021223],[134.434697,34.020981],[134.434827,34.020846],[134.43498,34.020697],[134.435224,34.020509],[134.435243,34.020463],[134.435291,34.020253],[134.435265,34.020149],[134.435196,34.019974],[134.435268,34.01983],[134.435268,34.019547],[134.435345,34.019195],[134.435296,34.018957],[134.435247,34.018787],[134.435258,34.018755],[134.435482,34.018265],[134.435575,34.018139],[134.435734,34.017985],[134.43589,34.017926],[134.435986,34.017941],[134.436385,34.018034],[134.436569,34.017969],[134.43671,34.017923],[134.436794,34.017923],[134.437025,34.018074],[134.437145,34.018133],[134.437203,34.018162],[134.437523,34.018196],[134.437991,34.018259],[134.438158,34.018137],[134.438353,34.018065],[134.438608,34.017791],[134.438673,34.017765],[134.438784,34.017764],[134.439796,34.017833],[134.440183,34.017803],[134.440254,34.017746],[134.440235,34.017597],[134.440261,34.017492],[134.440314,34.017492],[134.440455,34.017569],[134.44065,34.017652],[134.440723,34.017658],[134.440834,34.017692],[134.4417,34.017683],[134.441857,34.017691],[134.441957,34.017721],[134.441997,34.017729],[134.442116,34.017755],[134.442253,34.017859],[134.442402,34.018051],[134.442518,34.018266],[134.442531,34.018391],[134.442562,34.018516],[134.442636,34.018626],[134.442642,34.018748],[134.442659,34.018833],[134.442819,34.018994],[134.442844,34.019261],[134.443014,34.01974],[134.443149,34.019891],[134.443325,34.02],[134.443516,34.020129],[134.443624,34.020202],[134.443688,34.020242],[134.444001,34.020442],[134.444059,34.020651],[134.444173,34.020867],[134.444566,34.021096],[134.444606,34.021313],[134.444673,34.021444],[134.444922,34.02131],[134.445177,34.02082],[134.445176,34.020651],[134.44518,34.020651],[134.445711,34.020526],[134.445992,34.020467],[134.446566,34.020432],[134.446949,34.020336],[134.447093,34.020328],[134.447419,34.020394],[134.447911,34.020469],[134.448136,34.020536],[134.448268,34.020545],[134.448405,34.020569],[134.448559,34.020619],[134.448646,34.020685],[134.44869,34.020687],[134.448858,34.020582],[134.448963,34.02059],[134.449079,34.020609],[134.449316,34.020647],[134.44951,34.020685],[134.449714,34.020742],[134.449725,34.020745],[134.449919,34.020816],[134.450114,34.02087],[134.450377,34.021153],[134.451066,34.021457],[134.451143,34.021467],[134.451955,34.021136],[134.452237,34.021031],[134.452411,34.020925],[134.452654,34.020879],[134.452909,34.020805],[134.453001,34.020801],[134.453223,34.020775],[134.453413,34.020723],[134.453675,34.020395],[134.453739,34.020219],[134.453722,34.020007],[134.453719,34.019777],[134.45368,34.019553],[134.453721,34.019255],[134.453726,34.019061],[134.453893,34.018515],[134.453933,34.018408],[134.453983,34.018298],[134.454131,34.018155],[134.454311,34.017996],[134.454397,34.017838],[134.454472,34.017614],[134.454512,34.017433],[134.454543,34.017261],[134.454542,34.017157],[134.454484,34.016858],[134.454313,34.016508],[134.453369,34.015136],[134.453359,34.015121],[134.453239,34.014939],[134.453081,34.014668],[134.453062,34.01455],[134.453086,34.014425],[134.45309,34.014195],[134.45309,34.014182],[134.453066,34.014169],[134.452907,34.014081],[134.452737,34.013917],[134.45261,34.013682],[134.452587,34.013617],[134.452558,34.013539],[134.452472,34.013466],[134.452439,34.013438],[134.452344,34.013306],[134.45226,34.013237],[134.452225,34.013177],[134.45212,34.012996],[134.452102,34.012965],[134.452094,34.012953],[134.451933,34.012711],[134.451836,34.012583],[134.451742,34.012457],[134.451582,34.012249],[134.451633,34.011863],[134.451673,34.011486],[134.451613,34.01117],[134.451465,34.01098],[134.451143,34.010742],[134.451058,34.010615],[134.450954,34.010362],[134.450933,34.010334],[134.450572,34.009863],[134.450263,34.009508],[134.449827,34.009008],[134.449691,34.008721],[134.449665,34.008667],[134.449528,34.008465],[134.450044,34.008385],[134.450342,34.008277],[134.450539,34.008065],[134.450745,34.007867],[134.451025,34.007782],[134.451124,34.007721],[134.451404,34.007658],[134.451567,34.007649],[134.45172,34.007681],[134.4519,34.007746],[134.452114,34.007904],[134.452251,34.008022],[134.452408,34.008097],[134.452838,34.00833],[134.452966,34.008342],[134.453169,34.008314],[134.453394,34.008389],[134.453754,34.008443],[134.453818,34.008432],[134.454256,34.008329],[134.45434,34.008325],[134.454551,34.008313],[134.45483,34.008212],[134.454965,34.008157],[134.455345,34.007885],[134.455461,34.007854],[134.455713,34.007862],[134.455836,34.007858],[134.4559,34.007824],[134.456334,34.007316],[134.456421,34.007278],[134.456682,34.007182],[134.457027,34.00695],[134.457125,34.006833],[134.457201,34.006799],[134.457472,34.006783],[134.457811,34.006764],[134.457879,34.006773],[134.458151,34.006745],[134.458324,34.006722],[134.458423,34.006658],[134.458542,34.006564],[134.458654,34.00654],[134.458777,34.006522],[134.458892,34.006441],[134.459014,34.006248],[134.459074,34.006247],[134.459591,34.006423],[134.459691,34.006442],[134.460017,34.006471],[134.460229,34.006473],[134.460872,34.006444],[134.46099,34.006367],[134.461094,34.0063],[134.461187,34.006409],[134.461342,34.006575],[134.461484,34.006717],[134.461553,34.006823],[134.461586,34.006889],[134.461635,34.007005],[134.46176,34.007137],[134.461804,34.00715],[134.462008,34.007168],[134.462119,34.007226],[134.462312,34.00739],[134.462389,34.007436],[134.462525,34.007462],[134.462737,34.00747],[134.463043,34.007556],[134.463144,34.007631],[134.463257,34.007734],[134.463437,34.007785],[134.463545,34.007791],[134.46381,34.007902],[134.464003,34.00799],[134.464191,34.008162],[134.46428,34.008299],[134.464362,34.008448],[134.46453,34.008513],[134.464789,34.008645],[134.464962,34.008734],[134.465191,34.008849],[134.465348,34.008967],[134.465477,34.00921],[134.46553,34.009303],[134.465695,34.009444],[134.465988,34.009588],[134.466141,34.009715],[134.466306,34.009856],[134.466437,34.009967],[134.466462,34.009988],[134.466523,34.010068],[134.466556,34.010164],[134.466602,34.010343],[134.46654,34.010466],[134.46644,34.010652],[134.466378,34.010812],[134.466359,34.010922],[134.466376,34.011008],[134.466489,34.011314],[134.466515,34.011437],[134.466521,34.011607],[134.466518,34.011679],[134.46652,34.011722],[134.466545,34.011808],[134.466591,34.011947],[134.466591,34.012023],[134.466538,34.012276],[134.466536,34.012471],[134.466521,34.012697],[134.466495,34.012929],[134.466434,34.013146],[134.46645,34.013317],[134.466465,34.013378],[134.466489,34.013573],[134.466486,34.013673],[134.466417,34.013903],[134.466389,34.013952],[134.466341,34.014084],[134.466362,34.014194],[134.466487,34.014303],[134.466609,34.014421],[134.466833,34.014677],[134.466933,34.014784],[134.467072,34.014968],[134.467248,34.015122],[134.467279,34.01524],[134.46731,34.015339],[134.467344,34.015512],[134.467414,34.015601],[134.467523,34.015817],[134.467599,34.015813],[134.467691,34.015819],[134.467923,34.01579],[134.468193,34.015669],[134.468384,34.015641],[134.468468,34.015653],[134.468637,34.015859],[134.468757,34.016076],[134.468938,34.015987],[134.469134,34.015999],[134.469478,34.016106],[134.469694,34.01614],[134.469923,34.016218],[134.470128,34.016323],[134.4702,34.016319],[134.470573,34.016308],[134.470861,34.016346],[134.471154,34.016466],[134.471394,34.016491],[134.471502,34.01645],[134.47181,34.016488],[134.47213,34.016565],[134.472227,34.01664],[134.472331,34.016646],[134.472283,34.01745],[134.472233,34.017848],[134.472306,34.01854],[134.472511,34.01863],[134.472563,34.018666],[134.473112,34.019051],[134.473758,34.019446],[134.474188,34.019703],[134.47449,34.019823],[134.474858,34.0199],[134.475204,34.020039],[134.475332,34.020175],[134.475438,34.020312],[134.475453,34.020411],[134.475467,34.020501],[134.47548,34.020807],[134.475557,34.020856],[134.475738,34.020846],[134.476647,34.020794],[134.477105,34.020728],[134.477453,34.020714],[134.477758,34.020673],[134.477921,34.020657],[134.478051,34.020694],[134.47818,34.02075],[134.478288,34.020823],[134.478396,34.02086],[134.478613,34.020881],[134.478895,34.02091],[134.479121,34.020938],[134.479304,34.02096],[134.479486,34.020911],[134.479788,34.020885],[134.480012,34.020988],[134.480202,34.0211],[134.480426,34.021203],[134.480645,34.02132],[134.480806,34.021456],[134.481105,34.021611],[134.481329,34.021718],[134.481421,34.021746],[134.481473,34.021793],[134.481529,34.02199],[134.481697,34.022155],[134.481847,34.022244],[134.482002,34.02231],[134.482393,34.022394],[134.482488,34.022401],[134.482756,34.022361],[134.482899,34.022379],[134.483055,34.022458],[134.483226,34.02249],[134.483392,34.022455],[134.483619,34.022358],[134.483965,34.022166],[134.484154,34.021972],[134.484302,34.021894],[134.484513,34.021845],[134.485488,34.021835],[134.485821,34.021825],[134.486157,34.021756],[134.486459,34.021654],[134.486601,34.021586],[134.487521,34.021141],[134.488043,34.020838],[134.488491,34.020525],[134.489117,34.020057],[134.489244,34.02016],[134.489389,34.020316],[134.489469,34.020368],[134.489533,34.020434],[134.489574,34.020547],[134.489609,34.02058],[134.489735,34.020603],[134.489808,34.020564],[134.489904,34.02044],[134.489965,34.020245],[134.489956,34.020017],[134.490083,34.019588],[134.490087,34.019474],[134.490056,34.018756],[134.490094,34.018618],[134.490385,34.01805],[134.49045,34.017802],[134.490847,34.017255],[134.491111,34.016873],[134.491226,34.016694],[134.491305,34.016655],[134.491447,34.016511],[134.491604,34.016315],[134.492047,34.01604],[134.492166,34.015973],[134.492364,34.015613],[134.492644,34.015068],[134.49292,34.014767],[134.492964,34.014731],[134.493121,34.014601],[134.493263,34.0145],[134.493352,34.014314],[134.49338,34.014266],[134.493454,34.014247],[134.493899,34.014243],[134.494271,34.014235],[134.494307,34.014209],[134.494323,34.014081],[134.494435,34.013899],[134.494702,34.013721],[134.495088,34.013566],[134.495425,34.013568],[134.495723,34.013608],[134.495947,34.013716],[134.496262,34.013866],[134.496426,34.013923],[134.496592,34.013917],[134.496804,34.013972],[134.49695,34.014007],[134.497236,34.014062],[134.4975,34.014093],[134.497603,34.013934],[134.497769,34.013682],[134.497908,34.013381],[134.498234,34.013402],[134.498497,34.013415],[134.4988,34.01346],[134.498874,34.01345],[134.498988,34.013363],[134.499052,34.013104],[134.499029,34.012855],[134.498866,34.01259],[134.49854,34.012094],[134.498318,34.011863],[134.497617,34.011736],[134.497232,34.01129],[134.496346,34.011108],[134.495939,34.010893],[134.495521,34.010858],[134.494998,34.010735],[134.494558,34.010655],[134.494436,34.010507],[134.494176,34.010459],[134.493855,34.010395],[134.493734,34.010313],[134.493772,34.01008],[134.49379,34.009963],[134.493929,34.009846],[134.493907,34.009713],[134.493684,34.009416],[134.493681,34.009183],[134.493561,34.009167],[134.49342,34.009085],[134.493295,34.008604],[134.493231,34.008256],[134.493548,34.00807],[134.493927,34.008017],[134.494228,34.008081],[134.494446,34.008117],[134.494921,34.007534],[134.495359,34.007092],[134.495584,34.006526],[134.495659,34.006034],[134.495546,34.005559],[134.495546,34.005151],[134.495746,34.004518],[134.495906,34.004124],[134.49596,34.003992],[134.496233,34.003318],[134.496359,34.003268],[134.496571,34.002393],[134.496496,34.002051],[134.495996,34.001468],[134.495971,34.001376],[134.496184,34.001201],[134.496346,34.000793],[134.496253,34.000248],[134.496246,34.00021],[134.495959,33.999668],[134.495909,33.999151],[134.496134,33.99861],[134.496459,33.998293],[134.496946,33.99811],[134.497083,33.997727],[134.497083,33.996693],[134.497171,33.995477],[134.497083,33.994935],[134.49697,33.994613],[134.49668,33.994447],[134.496604,33.994341],[134.496459,33.99381],[134.496371,33.993677],[134.496122,33.993236],[134.496036,33.993183],[134.495073,33.992951],[134.494892,33.992953],[134.494629,33.993283],[134.494471,33.993319],[134.494191,33.99326],[134.493978,33.993262],[134.493458,33.993479],[134.493256,33.993534],[134.493009,33.993367],[134.492654,33.993139],[134.492514,33.993043],[134.492455,33.992564],[134.492423,33.992485],[134.492326,33.99245],[134.4919,33.992489],[134.491771,33.992445],[134.491496,33.992235],[134.490438,33.991067],[134.49032,33.99097],[134.489977,33.990867],[134.489038,33.990777],[134.488845,33.990707],[134.488566,33.990567],[134.487997,33.989894],[134.487391,33.989459],[134.487357,33.989335],[134.487344,33.989077],[134.487248,33.988208],[134.487058,33.987464],[134.486982,33.987287],[134.486916,33.987179],[134.486735,33.986877],[134.48639,33.985885],[134.48635,33.985815],[134.486288,33.985777],[134.485941,33.98569],[134.485685,33.985532],[134.485615,33.985475],[134.485545,33.985392],[134.485364,33.985041],[134.485253,33.984754],[134.485197,33.984594],[134.485064,33.984432],[134.484609,33.983953],[134.483922,33.98357],[134.482241,33.9831],[134.481995,33.983031],[134.48177,33.982989],[134.481705,33.982909],[134.481835,33.982653],[134.481855,33.982424],[134.481772,33.98157],[134.481697,33.981278],[134.481603,33.980944],[134.481396,33.980546],[134.481115,33.980203],[134.481059,33.980017],[134.481067,33.979786],[134.481225,33.97958],[134.481521,33.979409],[134.481779,33.978617],[134.481987,33.978207],[134.482324,33.977796],[134.482378,33.977392],[134.48246,33.977134],[134.482597,33.976938],[134.482922,33.976654],[134.483422,33.976229],[134.483564,33.97618],[134.483935,33.976053],[134.484764,33.975789],[134.48505,33.975626],[134.485315,33.975456],[134.485378,33.975402],[134.485367,33.974892],[134.485317,33.97428],[134.485123,33.973602],[134.48517,33.97306],[134.485243,33.97298],[134.485488,33.972942],[134.485744,33.972887],[134.485976,33.972734],[134.486018,33.972645],[134.486167,33.972187],[134.486283,33.971569],[134.486182,33.971117],[134.486255,33.971028],[134.486606,33.970972],[134.486723,33.970864],[134.486797,33.970613],[134.486563,33.970022],[134.486614,33.9698],[134.48691,33.969576],[134.487048,33.969477],[134.4869,33.969119],[134.486834,33.968995],[134.486811,33.968827],[134.48682,33.968676],[134.486411,33.968324],[134.486377,33.968218],[134.486482,33.968013],[134.486554,33.967765],[134.486637,33.967639],[134.486753,33.967505],[134.486805,33.967424],[134.486813,33.96726],[134.486887,33.967077],[134.486983,33.967043],[134.487145,33.967032],[134.487653,33.967345],[134.48779,33.967461],[134.487934,33.967549],[134.488181,33.967701],[134.488322,33.967749],[134.488528,33.967819],[134.488588,33.967886],[134.488699,33.968141],[134.48876,33.968249],[134.488885,33.968324],[134.48966,33.968565],[134.489925,33.968622],[134.490122,33.968613],[134.490247,33.968639],[134.490497,33.968781],[134.49079,33.968869],[134.491021,33.968826],[134.491139,33.968767],[134.491669,33.968349],[134.492033,33.968085],[134.492344,33.967831],[134.492447,33.967838],[134.493134,33.968063],[134.493384,33.968196],[134.493747,33.968605],[134.494097,33.969121],[134.494509,33.969463],[134.495331,33.969816],[134.495873,33.969974],[134.496188,33.970088],[134.496834,33.969957],[134.497112,33.969667],[134.497261,33.969495],[134.497422,33.969413],[134.49774,33.969343],[134.49814,33.96942],[134.499198,33.969394],[134.499409,33.969454],[134.499807,33.969677],[134.49999,33.969702],[134.500152,33.969674],[134.500184,33.969638],[134.500459,33.969613],[134.50061,33.969558],[134.500769,33.969358],[134.500912,33.969092],[134.500909,33.968796],[134.501046,33.96838],[134.501359,33.967955],[134.501416,33.967865],[134.501621,33.967801],[134.501954,33.967672],[134.502134,33.967521],[134.502345,33.967395],[134.502576,33.966862],[134.502651,33.96679],[134.502896,33.96663],[134.503446,33.96643],[134.504296,33.96618],[134.504784,33.966096],[134.505998,33.965327],[134.506446,33.965284],[134.506587,33.965254],[134.5067,33.965141],[134.506846,33.965013],[134.507061,33.96451],[134.507179,33.964072],[134.507253,33.963826],[134.507292,33.963816],[134.507454,33.963783],[134.507558,33.963712],[134.50767,33.963676],[134.507852,33.963569],[134.508034,33.963465],[134.508146,33.963414],[134.508391,33.963324],[134.508537,33.963254],[134.508655,33.963188],[134.509145,33.962748],[134.50938,33.962475],[134.509589,33.962331],[134.50964,33.9623],[134.509833,33.96218],[134.51015,33.962072],[134.510357,33.962061],[134.511451,33.962192],[134.511921,33.962151],[134.512326,33.962194],[134.51272,33.962282],[134.513093,33.962426],[134.513391,33.962648],[134.513467,33.962718],[134.513514,33.962718],[134.513585,33.962675],[134.514341,33.962377],[134.514675,33.96231],[134.514936,33.96229],[134.515216,33.962375],[134.516448,33.962737],[134.516922,33.962909],[134.517218,33.962949],[134.517437,33.962954],[134.517716,33.962952],[134.51857,33.963138],[134.519377,33.96325],[134.519562,33.963235],[134.520161,33.963195],[134.520265,33.963157],[134.520346,33.963096],[134.520474,33.962899],[134.520547,33.962793],[134.52064,33.962748],[134.520855,33.962722],[134.52101,33.962728],[134.521359,33.962668],[134.521562,33.962605],[134.522232,33.961838],[134.522529,33.961411],[134.522771,33.961318],[134.522929,33.961205],[134.523103,33.961036],[134.523185,33.960861],[134.523608,33.960459],[134.524058,33.960246],[134.524276,33.960216],[134.525544,33.960072],[134.526025,33.960268],[134.52674,33.960185],[134.526941,33.960097],[134.527377,33.960016],[134.527678,33.960007],[134.527872,33.960082],[134.528295,33.960393],[134.528919,33.960653],[134.528986,33.960666],[134.529508,33.960808],[134.529634,33.960828],[134.529709,33.960779],[134.529929,33.960557],[134.530031,33.960481],[134.530263,33.960471],[134.530658,33.960495],[134.531068,33.960464],[134.531461,33.960321],[134.532053,33.960058],[134.532356,33.959906],[134.532906,33.95954],[134.533031,33.959431],[134.533121,33.959228],[134.533298,33.958668],[134.533348,33.958577],[134.533816,33.95851],[134.534078,33.95826],[134.534218,33.957806],[134.534348,33.957306],[134.534453,33.957042],[134.5346,33.956977],[134.534785,33.956819],[134.534802,33.956663],[134.534856,33.956464],[134.535002,33.956257],[134.5352,33.955677],[134.535295,33.955361],[134.535319,33.955343],[134.535343,33.955325],[134.535735,33.955293],[134.536268,33.955324],[134.536777,33.955386],[134.53714,33.955313],[134.538306,33.955374],[134.538674,33.955554],[134.539583,33.955961],[134.539851,33.956093],[134.540113,33.956289],[134.541215,33.956767],[134.542018,33.957127],[134.542655,33.957315],[134.543054,33.957574],[134.54398,33.958057],[134.544952,33.958643],[134.545149,33.95867],[134.545805,33.958715],[134.54608,33.95864],[134.546633,33.958507],[134.547068,33.958433],[134.547108,33.958429],[134.54725,33.958414],[134.547324,33.958417],[134.547489,33.958424],[134.547855,33.958467],[134.548102,33.958553],[134.54854,33.958777],[134.54907,33.959018],[134.549332,33.959192],[134.549749,33.959547],[134.550036,33.959822],[134.550158,33.960043],[134.550371,33.960251],[134.550727,33.960472],[134.551278,33.960812],[134.551807,33.961047],[134.551884,33.961075],[134.552059,33.961068],[134.552151,33.961096],[134.552582,33.961372],[134.552807,33.961493],[134.55299,33.961544],[134.553165,33.961484],[134.553415,33.961365],[134.553625,33.961346],[134.553871,33.961379],[134.554061,33.961447],[134.554103,33.961447],[134.554142,33.961132],[134.55425,33.960839],[134.55454,33.960498],[134.554845,33.960239],[134.554966,33.960107],[134.555082,33.959884],[134.555172,33.959743],[134.555325,33.95966],[134.555444,33.959648],[134.555528,33.959647],[134.555916,33.959848],[134.556113,33.95991],[134.556289,33.960002],[134.556451,33.96003],[134.556583,33.960011],[134.556786,33.959957],[134.556849,33.959939],[134.557038,33.959978],[134.557362,33.960069],[134.557885,33.960137],[134.55811,33.960228],[134.558773,33.960451],[134.558796,33.960459],[134.558937,33.960493],[134.559009,33.960684],[134.559088,33.960835],[134.559208,33.960881],[134.559411,33.960868],[134.559636,33.960912],[134.559847,33.960957],[134.560106,33.960932],[134.560266,33.96086],[134.560468,33.960742],[134.560523,33.960701],[134.560628,33.960682],[134.560966,33.960716],[134.561295,33.960722],[134.561483,33.960779],[134.561685,33.960933],[134.56182,33.960996],[134.561949,33.961014],[134.562248,33.960997],[134.562379,33.961016],[134.562466,33.961088],[134.562516,33.961356],[134.562606,33.961472],[134.562724,33.961544],[134.56293,33.961635],[134.563189,33.96175],[134.563348,33.961793],[134.563535,33.961767],[134.563757,33.961696],[134.563851,33.961715],[134.563999,33.961826],[134.5642,33.96198],[134.564278,33.962077],[134.564509,33.962251],[134.564745,33.96239],[134.564921,33.962438],[134.565196,33.962411],[134.565686,33.962448],[134.56591,33.962563],[134.566141,33.962698],[134.566487,33.962705],[134.566668,33.96265],[134.566882,33.962496],[134.567076,33.962485],[134.567228,33.962503],[134.567368,33.962501],[134.567493,33.962574],[134.567563,33.962656],[134.567682,33.962806],[134.567744,33.962842],[134.567807,33.962895],[134.567883,33.962965],[134.567981,33.963056],[134.568228,33.963256],[134.56844,33.963318],[134.568698,33.963305],[134.568885,33.963294],[134.569015,33.963327],[134.569157,33.963463],[134.56934,33.963573],[134.569582,33.963698],[134.569671,33.963813],[134.569956,33.964095],[134.570021,33.964158],[134.570298,33.964267],[134.570634,33.964372],[134.570728,33.964371],[134.570856,33.964321],[134.570996,33.964247],[134.571316,33.964093],[134.571517,33.964001],[134.57169,33.963736],[134.571793,33.963559],[134.571897,33.963422],[134.572024,33.963318],[134.572222,33.963199],[134.572376,33.963086],[134.572501,33.963036],[134.5726,33.962988],[134.572747,33.962991],[134.572839,33.963033],[134.572992,33.963098],[134.573073,33.963151],[134.573192,33.963426],[134.573275,33.963614],[134.573337,33.963748],[134.573408,33.963818],[134.573575,33.9639],[134.573787,33.963978],[134.573949,33.964043],[134.574055,33.964105],[134.57412,33.964179],[134.574174,33.964309],[134.574154,33.964403],[134.574152,33.964407],[134.574066,33.964667],[134.574091,33.965127],[134.573882,33.965593],[134.573833,33.965667],[134.573621,33.96586],[134.573541,33.966063],[134.573233,33.966717],[134.573003,33.967155],[134.572733,33.967362],[134.572166,33.967871],[134.571901,33.968016],[134.571843,33.968083],[134.571801,33.968164],[134.571808,33.968293],[134.571883,33.969342],[134.571895,33.969484],[134.571923,33.969825],[134.572007,33.970082],[134.57199,33.970174],[134.571852,33.970331],[134.571837,33.970398],[134.571844,33.970514],[134.572004,33.970927],[134.572238,33.971192],[134.57228,33.971264],[134.572327,33.971296],[134.57231,33.971401],[134.57222,33.971517],[134.572147,33.971656],[134.572166,33.971901],[134.572229,33.972345],[134.572221,33.972676],[134.572052,33.973283],[134.57192,33.973528],[134.571757,33.973647],[134.571665,33.973659],[134.57136,33.973686],[134.571102,33.973637],[134.570921,33.973495],[134.570633,33.973305],[134.570511,33.973306],[134.570402,33.973348],[134.570135,33.973508],[134.569918,33.9738],[134.569331,33.974374],[134.568422,33.97519],[134.568339,33.975374],[134.568405,33.97578],[134.568229,33.976372],[134.568293,33.976616],[134.568363,33.976834],[134.568354,33.977089],[134.568333,33.977293],[134.568469,33.977475],[134.568629,33.977524],[134.568777,33.977563],[134.568848,33.977699],[134.568823,33.977859],[134.568763,33.97815],[134.568764,33.978274],[134.568765,33.978351],[134.568787,33.978386],[134.568844,33.97841],[134.569207,33.978412],[134.569572,33.978557],[134.569773,33.978674],[134.569946,33.978815],[134.570131,33.978849],[134.570388,33.978888],[134.570659,33.978892],[134.571157,33.978882],[134.571464,33.978909],[134.571985,33.979017],[134.572228,33.979109],[134.572601,33.979308],[134.572666,33.97937],[134.572735,33.979401],[134.572783,33.979596],[134.572728,33.979745],[134.572589,33.979907],[134.572489,33.979996],[134.572418,33.980068],[134.572463,33.980216],[134.572379,33.980359],[134.572164,33.98056],[134.572041,33.98064],[134.571963,33.980694],[134.572,33.980795],[134.57205,33.980941],[134.572023,33.981116],[134.571796,33.981571],[134.571751,33.98179],[134.57169,33.982111],[134.571599,33.982426],[134.571464,33.982639],[134.571377,33.98267],[134.571196,33.982696],[134.571007,33.982697],[134.570804,33.982735],[134.570623,33.982779],[134.570537,33.982828],[134.570443,33.982853],[134.570131,33.982923],[134.569842,33.983016],[134.569618,33.983139],[134.569517,33.983188],[134.569438,33.983225],[134.569305,33.983396],[134.569295,33.983426],[134.569186,33.983709],[134.568927,33.984076],[134.56873,33.984402],[134.568532,33.984571],[134.568333,33.984739],[134.568085,33.984982],[134.567762,33.985235],[134.567566,33.985602],[134.567594,33.985769],[134.567823,33.986039],[134.568049,33.986099],[134.568283,33.986139],[134.568356,33.986168],[134.568707,33.986543],[134.568719,33.986573],[134.568728,33.986598],[134.568262,33.987068],[134.567831,33.98773],[134.5677,33.988264],[134.567441,33.98859],[134.56722,33.98904],[134.566792,33.98943],[134.56634,33.989632],[134.565936,33.989689],[134.565437,33.99009],[134.565092,33.990201],[134.564747,33.99024],[134.564451,33.990265],[134.564314,33.99034],[134.564092,33.990707],[134.564107,33.990874],[134.564155,33.991171],[134.564109,33.991506],[134.56407,33.991579],[134.563904,33.991734],[134.563736,33.991791],[134.563449,33.991919],[134.563109,33.991848],[134.562957,33.991714],[134.56274,33.991434],[134.562601,33.99132],[134.562475,33.99129],[134.562237,33.991313],[134.561924,33.991337],[134.561431,33.991404],[134.561235,33.991426],[134.561106,33.991316],[134.5608,33.99103],[134.560496,33.990852],[134.559978,33.990928],[134.559779,33.990948],[134.55974,33.990912],[134.559702,33.990808],[134.559622,33.990667],[134.559561,33.990615],[134.559407,33.990563],[134.559299,33.99053],[134.559224,33.990547],[134.559215,33.990549],[134.559196,33.990555],[134.55899,33.990688],[134.558868,33.990749],[134.558763,33.990807],[134.558681,33.99081],[134.558618,33.990769],[134.558432,33.990577],[134.558222,33.990455],[134.557511,33.990623],[134.557168,33.990674],[134.556972,33.990676],[134.556752,33.99067],[134.55658,33.990578],[134.556354,33.990448],[134.556126,33.990174],[134.555987,33.989905],[134.555933,33.989871],[134.555773,33.989838],[134.5556,33.989753],[134.55539,33.989599],[134.5553,33.989535],[134.555194,33.989531],[134.555176,33.989539],[134.555112,33.989566],[134.554965,33.989642],[134.554906,33.989642],[134.554811,33.989599],[134.554746,33.989594],[134.55467,33.989669],[134.554612,33.989762],[134.554502,33.989911],[134.554391,33.989995],[134.554273,33.990006],[134.554143,33.989983],[134.554077,33.989905],[134.553975,33.989792],[134.553951,33.989709],[134.553995,33.989507],[134.554053,33.989359],[134.554104,33.989216],[134.55408,33.988983],[134.554113,33.988787],[134.554164,33.98855],[134.554097,33.988384],[134.553947,33.988213],[134.553741,33.988065],[134.553515,33.987934],[134.553296,33.987863],[134.553071,33.987835],[134.552889,33.987851],[134.552647,33.987868],[134.552467,33.987847],[134.55212,33.987669],[134.552036,33.987603],[134.551861,33.98731],[134.551763,33.987259],[134.551668,33.987245],[134.551426,33.987223],[134.55113,33.98721],[134.550093,33.987332],[134.547689,33.98765],[134.547019,33.987709],[134.547082,33.987885],[134.547735,33.989688],[134.547854,33.991078],[134.548359,33.993836],[134.548536,33.99492],[134.548546,33.994981],[134.548618,33.995407],[134.548952,33.997005],[134.549437,33.999209],[134.549838,33.999601],[134.550046,34.000998],[134.550175,34.001842],[134.550197,34.002577],[134.550198,34.002654],[134.550867,34.003261],[134.551143,34.003394],[134.552326,34.004269],[134.55256,34.004409],[134.552815,34.004583],[134.552903,34.004644],[134.553485,34.005086],[134.553908,34.005507],[134.554021,34.005658],[134.555272,34.007327],[134.555678,34.007932],[134.555954,34.008367],[134.556207,34.00877],[134.556818,34.009638],[134.557206,34.010575],[134.55756,34.01141],[134.557667,34.011664],[134.557781,34.01193],[134.557805,34.012004],[134.557756,34.012106],[134.557759,34.012115],[134.558072,34.013036],[134.558313,34.013734],[134.558402,34.014007],[134.558417,34.01404],[134.558413,34.014058],[134.558412,34.014062],[134.558387,34.014176],[134.558325,34.014358],[134.558083,34.014748],[134.557818,34.015191],[134.557778,34.015257],[134.557529,34.015719],[134.557334,34.016127],[134.557143,34.01674],[134.556907,34.01748],[134.556632,34.018477],[134.556553,34.018807],[134.557604,34.018493],[134.556706,34.020539],[134.556691,34.020573],[134.556701,34.020575],[134.556701,34.020574],[134.55676,34.020585],[134.557604,34.020743],[134.557559,34.02084],[134.55838,34.020999],[134.558502,34.020838],[134.559006,34.021076],[134.559127,34.021115],[134.559206,34.021061],[134.559304,34.021019],[134.559413,34.021019],[134.559512,34.021068],[134.559589,34.021144],[134.559605,34.021217],[134.559594,34.021265],[134.560118,34.021433],[134.560254,34.021295],[134.560307,34.021255],[134.560359,34.021224],[134.560402,34.021224],[134.560599,34.021354],[134.560484,34.021474],[134.560431,34.021599],[134.560709,34.021784],[134.560692,34.021942],[134.560628,34.022099],[134.56065,34.022327],[134.560694,34.022488],[134.560777,34.022649],[134.560924,34.022726],[134.561132,34.023059],[134.56122,34.023274],[134.56126,34.023459],[134.561237,34.023546],[134.561217,34.023611],[134.561122,34.02414],[134.561121,34.024439],[134.56117,34.024628],[134.561171,34.024667],[134.561049,34.02477],[134.561043,34.024839],[134.561049,34.024937],[134.561026,34.024981],[134.561056,34.025142],[134.561028,34.025205],[134.560855,34.025317],[134.560841,34.025356],[134.560875,34.025586],[134.560896,34.025798],[134.56087,34.025924],[134.561027,34.026243],[134.561103,34.026632],[134.561242,34.026979],[134.56148,34.027118],[134.56161,34.02729],[134.561626,34.027432],[134.561637,34.027589],[134.561704,34.027846],[134.561729,34.027913],[134.561669,34.028039],[134.561552,34.02817],[134.561525,34.028221],[134.561572,34.028423],[134.56156,34.028553],[134.561598,34.028639],[134.561694,34.028686],[134.561897,34.028817],[134.562371,34.029108],[134.562493,34.028992],[134.563015,34.028455],[134.563262,34.028175],[134.563375,34.028054],[134.563495,34.027866],[134.563671,34.027594],[134.563786,34.027301],[134.563874,34.026946],[134.563927,34.026819],[134.5639,34.026717],[134.563678,34.025643],[134.563513,34.024916],[134.563425,34.024367],[134.563406,34.023549],[134.563494,34.023116],[134.563692,34.022626],[134.563822,34.02241],[134.563999,34.022225],[134.564355,34.02178],[134.564662,34.021243],[134.564843,34.02094],[134.564965,34.020817],[134.565112,34.020754],[134.565204,34.020757],[134.565314,34.020772],[134.565448,34.020843],[134.565573,34.020899],[134.565693,34.020944],[134.565808,34.020951],[134.565945,34.020885],[134.566211,34.020806],[134.566317,34.020834],[134.566395,34.020854],[134.566469,34.020865],[134.56666,34.020861],[134.566985,34.020801],[134.567231,34.020623],[134.567405,34.020507],[134.567531,34.020425],[134.567751,34.020282],[134.567918,34.020028],[134.568009,34.019777],[134.568012,34.019767],[134.568015,34.019768],[134.568467,34.019907],[134.569033,34.020192],[134.569056,34.020204],[134.569619,34.020511],[134.570217,34.020831],[134.570434,34.020902],[134.57066,34.020863],[134.570992,34.020761],[134.571107,34.020734],[134.571357,34.020676],[134.571478,34.020695],[134.571536,34.020726],[134.571568,34.020762],[134.571658,34.020893],[134.571807,34.021108],[134.571916,34.021217],[134.571961,34.02127],[134.572043,34.021295],[134.572227,34.021294],[134.572619,34.021259],[134.572708,34.021263],[134.572841,34.021304],[134.572995,34.021376],[134.573115,34.021432],[134.573244,34.021447],[134.573362,34.021415],[134.573462,34.021378],[134.57357,34.021361],[134.57364,34.021371],[134.573668,34.021383],[134.573824,34.021454],[134.573932,34.021469],[134.574043,34.021475],[134.574115,34.021471],[134.574312,34.021453],[134.574407,34.021415],[134.57457,34.021363],[134.57471,34.021377],[134.57492,34.021431],[134.57497,34.021443],[134.575104,34.021495],[134.575205,34.02152],[134.575313,34.02152],[134.575553,34.021491],[134.575817,34.021352],[134.576038,34.021281],[134.576166,34.021253],[134.576215,34.02126],[134.576283,34.021272],[134.576476,34.021383],[134.576783,34.021518],[134.57709,34.02165],[134.577379,34.021709],[134.577702,34.021771],[134.577947,34.021805],[134.578099,34.021808],[134.578239,34.02181],[134.578535,34.021829],[134.57868,34.021871],[134.578785,34.021932],[134.578894,34.021964],[134.579084,34.021942],[134.579267,34.021984],[134.579395,34.022063],[134.579551,34.022308],[134.579581,34.022333],[134.579735,34.022437],[134.579889,34.022504],[134.580108,34.022586],[134.580262,34.022683],[134.580664,34.022993],[134.580708,34.023014],[134.580853,34.023045],[134.580949,34.023052],[134.581083,34.023029],[134.581335,34.022925],[134.581656,34.022835],[134.581813,34.022787],[134.582156,34.022657],[134.582381,34.022573],[134.582579,34.022521],[134.582746,34.022489],[134.582897,34.022487],[134.583135,34.022512],[134.583308,34.022556],[134.583524,34.02263],[134.583602,34.022637],[134.58375,34.022588],[134.58389,34.022542],[134.584008,34.022495],[134.584169,34.022449],[134.584478,34.022449],[134.584732,34.022505],[134.584985,34.02255],[134.585099,34.022535],[134.585257,34.022457],[134.585441,34.022372],[134.585528,34.022364],[134.585747,34.022485],[134.585853,34.02251],[134.586554,34.022672],[134.586842,34.022688],[134.586999,34.022679],[134.587156,34.022645],[134.58746,34.022574],[134.587521,34.022566],[134.58784,34.022657],[134.588061,34.022715],[134.588275,34.02272],[134.588536,34.022729],[134.588684,34.022662],[134.588731,34.0226],[134.588808,34.022458],[134.58892,34.022403],[134.589003,34.022398],[134.589142,34.022357],[134.589252,34.022296],[134.589286,34.022209],[134.589412,34.022157],[134.589516,34.022098],[134.589567,34.022025],[134.589608,34.021825],[134.589633,34.021727],[134.58971,34.021611],[134.589749,34.021449],[134.589792,34.021354],[134.589895,34.021263],[134.590094,34.021152],[134.590151,34.021144],[134.590234,34.021136],[134.590347,34.021124],[134.59056,34.021115],[134.590801,34.020995],[134.590901,34.020991],[134.591316,34.021056],[134.591425,34.021051],[134.591547,34.021068],[134.59163,34.02106],[134.591765,34.021041],[134.591943,34.020981],[134.591986,34.020937],[134.591981,34.020898],[134.591891,34.020713],[134.59188,34.020523],[134.591925,34.020465],[134.591999,34.02041],[134.592042,34.020355],[134.592097,34.020253],[134.592166,34.020198],[134.592431,34.020087],[134.592487,34.020035],[134.592524,34.01993],[134.592745,34.019711],[134.593381,34.019278],[134.593698,34.018998],[134.593954,34.018844],[134.594101,34.018777],[134.594134,34.01877],[134.594405,34.018709],[134.594462,34.018683],[134.594465,34.018618],[134.594485,34.018447],[134.594532,34.018385],[134.594746,34.01828],[134.595079,34.018048],[134.595124,34.017959],[134.595125,34.01776],[134.595197,34.017559],[134.595254,34.017427],[134.595327,34.017357],[134.59541,34.017342],[134.595597,34.017333],[134.595872,34.017338],[134.596031,34.017363],[134.596228,34.017416],[134.596285,34.017426],[134.596363,34.017393],[134.596433,34.017382],[134.597472,34.017532],[134.59759,34.017538],[134.597686,34.01753],[134.59792,34.017405],[134.598026,34.017347],[134.598104,34.017343],[134.598433,34.017474],[134.598516,34.017474],[134.59872,34.017479],[134.598913,34.017561],[134.599071,34.017657],[134.599138,34.017722],[134.599192,34.017856],[134.599297,34.01792],[134.599517,34.018034],[134.599708,34.018147],[134.599971,34.01826],[134.600116,34.018386],[134.6001,34.018451],[134.60004,34.018532],[134.599968,34.018647],[134.599937,34.018734],[134.599885,34.01891],[134.599886,34.018933],[134.59989,34.018948],[134.599907,34.018975],[134.60001,34.019096],[134.600002,34.019097],[134.599973,34.019114],[134.599952,34.019117],[134.599913,34.019131],[134.599863,34.019139],[134.599843,34.019152],[134.599783,34.019156],[134.599742,34.019158],[134.599666,34.019183],[134.599624,34.019191],[134.599658,34.019215],[134.599697,34.019254],[134.599711,34.019254],[134.599717,34.019272],[134.599716,34.019285],[134.599684,34.019307],[134.599663,34.019309],[134.59965,34.019306],[134.599644,34.019301],[134.599628,34.0193],[134.599615,34.019299],[134.599602,34.019295],[134.599589,34.01929],[134.599572,34.019287],[134.59949,34.01926],[134.599449,34.019253],[134.599444,34.01925],[134.599401,34.019222],[134.59939,34.019208],[134.599371,34.019185],[134.599366,34.019175],[134.599368,34.019164],[134.599387,34.019145],[134.599411,34.019131],[134.59944,34.01913],[134.599454,34.019134],[134.599467,34.019134],[134.599479,34.019109],[134.599498,34.019095],[134.599513,34.019091],[134.599519,34.019078],[134.599487,34.019059],[134.599468,34.019042],[134.599468,34.018992],[134.599435,34.01896],[134.599401,34.018938],[134.59939,34.018913],[134.59939,34.018899],[134.599397,34.018887],[134.599343,34.018857],[134.599314,34.01885],[134.599266,34.01884],[134.599241,34.018838],[134.599211,34.018837],[134.599173,34.018836],[134.599126,34.01884],[134.599091,34.018845],[134.598984,34.018875],[134.598959,34.018887],[134.598933,34.018899],[134.598853,34.018942],[134.598719,34.019005],[134.598373,34.019203],[134.598325,34.019242],[134.598181,34.019381],[134.598075,34.019498],[134.598011,34.019596],[134.598004,34.01961],[134.59799,34.019646],[134.597946,34.019708],[134.597902,34.019803],[134.59792,34.019807],[134.597966,34.01981],[134.598008,34.019816],[134.598028,34.019825],[134.598041,34.019836],[134.598062,34.019863],[134.598073,34.019881],[134.598074,34.019891],[134.598073,34.019897],[134.598069,34.019904],[134.598061,34.019908],[134.598049,34.019911],[134.598037,34.019911],[134.598022,34.019911],[134.598011,34.019909],[134.597972,34.019893],[134.597917,34.019873],[134.597886,34.019868],[134.597875,34.019885],[134.597827,34.020066],[134.597754,34.020182],[134.597692,34.020326],[134.597642,34.020473],[134.597619,34.020573],[134.597595,34.020676],[134.597564,34.020883],[134.597562,34.020937],[134.59757,34.021087],[134.597567,34.021225],[134.597578,34.021275],[134.597657,34.021473],[134.597658,34.021475],[134.597697,34.021537],[134.597716,34.021551],[134.597733,34.021555],[134.597752,34.021556],[134.597848,34.02154],[134.597871,34.021546],[134.597893,34.021565],[134.597944,34.021631],[134.597963,34.021662],[134.597967,34.021677],[134.597961,34.021757],[134.598011,34.021864],[134.598016,34.021876],[134.598038,34.021904],[134.598051,34.021919],[134.598057,34.021922],[134.598071,34.02193],[134.598091,34.021936],[134.598106,34.021936],[134.598115,34.021934],[134.598125,34.021928],[134.598137,34.021918],[134.598165,34.021896],[134.598178,34.021899],[134.598222,34.021898],[134.598237,34.021901],[134.598312,34.021908],[134.598324,34.021916],[134.598333,34.021924],[134.598342,34.021939],[134.598348,34.021979],[134.598324,34.021999],[134.598325,34.022008],[134.598396,34.022053],[134.598407,34.022056],[134.598437,34.022082],[134.598469,34.022122],[134.598515,34.022119],[134.598563,34.022131],[134.598577,34.022144],[134.598578,34.022159],[134.59857,34.022168],[134.598554,34.022165],[134.598519,34.022166],[134.598478,34.022189],[134.59848,34.022202],[134.598537,34.022236],[134.59856,34.02223],[134.598584,34.02223],[134.598646,34.022253],[134.598674,34.02226],[134.598686,34.022281],[134.598688,34.0223],[134.598674,34.022312],[134.598545,34.022308],[134.59853,34.022316],[134.598523,34.022321],[134.598515,34.022333],[134.598485,34.022403],[134.598466,34.022497],[134.598464,34.022528],[134.598533,34.02255],[134.598553,34.022564],[134.598558,34.022572],[134.598556,34.022585],[134.598468,34.0226],[134.598465,34.022608],[134.598492,34.022615],[134.598543,34.022643],[134.59855,34.022659],[134.598551,34.022669],[134.59852,34.02267],[134.598467,34.022662],[134.59847,34.022672],[134.59851,34.022687],[134.598522,34.02271],[134.598547,34.02273],[134.598556,34.022742],[134.598554,34.022753],[134.598545,34.022764],[134.598517,34.02278],[134.598491,34.022814],[134.598496,34.022821],[134.598524,34.022831],[134.598578,34.02284],[134.59859,34.022854],[134.59859,34.022869],[134.598578,34.022876],[134.59851,34.022867],[134.598479,34.022855],[134.598446,34.02285],[134.598362,34.022934],[134.598392,34.022957],[134.598408,34.022988],[134.598413,34.023012],[134.598389,34.023036],[134.598352,34.023063],[134.59832,34.023076],[134.598265,34.023075],[134.5982,34.023053],[134.598103,34.022982],[134.598053,34.022973],[134.598033,34.022973],[134.59804,34.022985],[134.598027,34.023014],[134.598004,34.023031],[134.597913,34.023059],[134.597888,34.023073],[134.597857,34.023097],[134.597802,34.023089],[134.597723,34.023089],[134.59763,34.023121],[134.59762,34.023161],[134.597606,34.02318],[134.597551,34.023195],[134.597485,34.023189],[134.597476,34.023188],[134.597464,34.023187],[134.597384,34.023174],[134.597351,34.023175],[134.59735,34.023157],[134.597202,34.023133],[134.597192,34.02313],[134.597087,34.023117],[134.597052,34.023114],[134.596927,34.023125],[134.596865,34.023149],[134.596829,34.023172],[134.596745,34.023235],[134.596651,34.023299],[134.596528,34.023359],[134.596372,34.023444],[134.596153,34.023552],[134.59603,34.023597],[134.59599,34.023604],[134.595916,34.023603],[134.59585,34.023614],[134.595767,34.023617],[134.595582,34.023662],[134.595447,34.023691],[134.595262,34.02376],[134.595202,34.023773],[134.595132,34.023799],[134.594907,34.023902],[134.594847,34.023941],[134.594779,34.023971],[134.594736,34.023982],[134.594671,34.024018],[134.594542,34.024064],[134.59443,34.024088],[134.594413,34.024092],[134.593991,34.02416],[134.593802,34.024187],[134.593766,34.024198],[134.593729,34.024214],[134.593634,34.02424],[134.593567,34.024243],[134.59354,34.024246],[134.593436,34.024304],[134.59336,34.024372],[134.593307,34.024402],[134.59319,34.024504],[134.593104,34.02461],[134.593038,34.024719],[134.592994,34.024771],[134.592975,34.024803],[134.592952,34.024856],[134.592894,34.02496],[134.592881,34.024991],[134.592863,34.025037],[134.592833,34.025096],[134.592754,34.025197],[134.592705,34.025324],[134.592668,34.025374],[134.592627,34.025418],[134.592461,34.025496],[134.592411,34.0255],[134.592348,34.025484],[134.592302,34.025484],[134.592219,34.025488],[134.592161,34.025499],[134.592076,34.025542],[134.591947,34.025632],[134.59188,34.025706],[134.591736,34.025896],[134.591705,34.025951],[134.591663,34.026042],[134.591604,34.026143],[134.591597,34.02617],[134.591592,34.026228],[134.591566,34.026289],[134.591541,34.026392],[134.59149,34.026485],[134.591469,34.026536],[134.591438,34.026583],[134.591307,34.026688],[134.591286,34.026714],[134.591228,34.026846],[134.591154,34.026953],[134.591122,34.026989],[134.591114,34.027006],[134.591099,34.027022],[134.591106,34.02704],[134.591112,34.027055],[134.591117,34.027072],[134.591118,34.027084],[134.591117,34.0271],[134.591112,34.027112],[134.5911,34.027119],[134.591092,34.027123],[134.591083,34.027136],[134.591071,34.027149],[134.591054,34.027159],[134.591038,34.027162],[134.591024,34.027164],[134.591003,34.027165],[134.590977,34.027162],[134.59096,34.027155],[134.590943,34.027145],[134.590924,34.027145],[134.590906,34.027142],[134.590895,34.027138],[134.590886,34.027132],[134.590878,34.027124],[134.590874,34.027106],[134.590859,34.02711],[134.590824,34.027121],[134.590813,34.027122],[134.59077,34.027157],[134.590747,34.027164],[134.590704,34.0272],[134.59068,34.027228],[134.590679,34.027244],[134.590672,34.027265],[134.590633,34.027301],[134.590619,34.027306],[134.590609,34.02731],[134.590594,34.027311],[134.590575,34.027326],[134.590561,34.027333],[134.590569,34.027357],[134.590567,34.027377],[134.590558,34.027403],[134.590534,34.027424],[134.59046,34.027454],[134.590417,34.027467],[134.590393,34.027487],[134.590391,34.027535],[134.590386,34.027549],[134.590362,34.027565],[134.590306,34.027563],[134.590275,34.027556],[134.590252,34.02756],[134.590219,34.027577],[134.590169,34.027624],[134.590152,34.027657],[134.590146,34.027694],[134.59014,34.027704],[134.590123,34.027718],[134.590111,34.027723],[134.59006,34.027731],[134.58996,34.027759],[134.589948,34.027764],[134.589853,34.027799],[134.589833,34.0278],[134.589824,34.027802],[134.589791,34.027801],[134.589708,34.027762],[134.589684,34.027757],[134.589648,34.027737],[134.589611,34.027709],[134.589558,34.027692],[134.589532,34.027692],[134.589498,34.027707],[134.589011,34.027829],[134.588885,34.02791],[134.588818,34.027967],[134.588813,34.027973],[134.588707,34.028082],[134.588671,34.02813],[134.588578,34.028315],[134.588482,34.028541],[134.58845,34.028629],[134.588421,34.028729],[134.588398,34.028855],[134.588309,34.029116],[134.588294,34.029198],[134.588285,34.029273],[134.588276,34.029433],[134.588285,34.029612],[134.588301,34.029756],[134.588339,34.029991],[134.588344,34.030055],[134.588369,34.030233],[134.588439,34.030559],[134.588501,34.030799],[134.58855,34.031019],[134.58863,34.031268],[134.588686,34.031417],[134.588716,34.031481],[134.588767,34.031574],[134.588866,34.031733],[134.588925,34.031802],[134.589069,34.031935],[134.58916,34.032009],[134.589291,34.032097],[134.589311,34.032107],[134.589328,34.032115],[134.589345,34.032121],[134.589353,34.032123],[134.589359,34.032122],[134.58937,34.032118],[134.589383,34.032112],[134.589389,34.032106],[134.589391,34.032104],[134.589392,34.032094],[134.589391,34.032085],[134.589389,34.032078],[134.589385,34.032068],[134.589384,34.032061],[134.589385,34.032057],[134.589391,34.032048],[134.589395,34.032043],[134.589401,34.032039],[134.589411,34.032035],[134.589424,34.03203],[134.589443,34.032025],[134.589458,34.03202],[134.589466,34.032014],[134.589472,34.032005],[134.589487,34.031994],[134.589499,34.031985],[134.589506,34.031982],[134.589521,34.031978],[134.58954,34.031977],[134.589542,34.031977],[134.589552,34.031975],[134.589562,34.031969],[134.589576,34.031959],[134.589601,34.031951],[134.589625,34.031943],[134.589664,34.03192],[134.589672,34.031913],[134.589675,34.031907],[134.589676,34.031896],[134.589683,34.031883],[134.589689,34.031864],[134.589682,34.031854],[134.589658,34.031844],[134.589646,34.031838],[134.589639,34.031832],[134.589631,34.031825],[134.589625,34.031816],[134.589624,34.031808],[134.589629,34.031798],[134.589636,34.031793],[134.589694,34.031792],[134.589794,34.0318],[134.589842,34.031803],[134.589884,34.031793],[134.589896,34.031789],[134.589907,34.031782],[134.589918,34.031774],[134.589928,34.03177],[134.589937,34.031766],[134.589947,34.03176],[134.589953,34.031754],[134.589956,34.031752],[134.58996,34.031751],[134.589968,34.031752],[134.589973,34.031753],[134.589976,34.031755],[134.589985,34.03176],[134.589987,34.03176],[134.589992,34.031758],[134.59,34.031754],[134.590004,34.031752],[134.590009,34.031751],[134.590017,34.031751],[134.59002,34.031751],[134.590028,34.031753],[134.590033,34.031754],[134.590038,34.031754],[134.590051,34.031752],[134.590069,34.031754],[134.59009,34.031762],[134.590148,34.031765],[134.590166,34.031768],[134.590172,34.031772],[134.590181,34.031779],[134.590183,34.031783],[134.590183,34.031786],[134.590182,34.03179],[134.590179,34.031793],[134.590168,34.031801],[134.590166,34.031803],[134.590164,34.031806],[134.590162,34.031813],[134.59016,34.031815],[134.590149,34.031819],[134.590122,34.031825],[134.590109,34.031827],[134.590102,34.031828],[134.590071,34.03183],[134.590067,34.03183],[134.590058,34.031832],[134.590052,34.031833],[134.590042,34.031838],[134.590032,34.031844],[134.590028,34.03185],[134.590027,34.031854],[134.590029,34.031857],[134.590034,34.031862],[134.590039,34.031865],[134.590165,34.03188],[134.590194,34.031887],[134.590234,34.031899],[134.590256,34.031907],[134.59027,34.031916],[134.590284,34.031927],[134.590296,34.031939],[134.590298,34.031947],[134.590298,34.031952],[134.590296,34.031957],[134.590289,34.031962],[134.590272,34.031968],[134.590257,34.031969],[134.59025,34.03197],[134.590233,34.031973],[134.590197,34.031971],[134.590187,34.031972],[134.590178,34.031973],[134.590184,34.031985],[134.590196,34.032008],[134.590212,34.032033],[134.590235,34.032065],[134.590284,34.03211],[134.590447,34.032236],[134.590502,34.032273],[134.591006,34.032532],[134.591017,34.032534],[134.59103,34.032527],[134.59104,34.032528],[134.591054,34.032524],[134.591092,34.032504],[134.591096,34.032493],[134.59113,34.032468],[134.591152,34.032439],[134.591162,34.032431],[134.591163,34.03242],[134.591152,34.032408],[134.591148,34.032396],[134.591151,34.032359],[134.591166,34.032337],[134.591189,34.032321],[134.591208,34.032315],[134.591244,34.032314],[134.59125,34.032308],[134.591247,34.032277],[134.591284,34.032235],[134.591291,34.032228],[134.591311,34.032214],[134.591329,34.032201],[134.591365,34.032184],[134.591369,34.032169],[134.591382,34.032155],[134.591371,34.032126],[134.591372,34.032116],[134.591379,34.032104],[134.591383,34.032089],[134.591392,34.032076],[134.591407,34.032068],[134.591423,34.032066],[134.591458,34.032078],[134.591434,34.032128],[134.591443,34.032138],[134.591474,34.032156],[134.59151,34.032165],[134.591531,34.032179],[134.591541,34.03218],[134.591553,34.032185],[134.591569,34.032201],[134.591579,34.032206],[134.591604,34.032207],[134.591615,34.032211],[134.591633,34.032222],[134.5917,34.032243],[134.591745,34.03225],[134.591776,34.032268],[134.591804,34.032307],[134.591814,34.032311],[134.591832,34.032301],[134.591854,34.032299],[134.591873,34.032291],[134.591925,34.032291],[134.591944,34.032294],[134.59204,34.032297],[134.592095,34.032317],[134.592145,34.03234],[134.592178,34.032376],[134.592212,34.032389],[134.592242,34.032411],[134.592269,34.032446],[134.592279,34.032455],[134.592296,34.032464],[134.592313,34.032474],[134.592354,34.032522],[134.59238,34.032533],[134.592471,34.032562],[134.592488,34.032584],[134.592553,34.032608],[134.592562,34.03265],[134.592576,34.032667],[134.592618,34.032693],[134.592657,34.032685],[134.592737,34.032688],[134.592784,34.0327],[134.592841,34.032705],[134.592901,34.032715],[134.592941,34.032734],[134.592953,34.032733],[134.592952,34.032724],[134.59294,34.032714],[134.592912,34.03266],[134.592912,34.032638],[134.592928,34.032607],[134.59297,34.03258],[134.592988,34.032565],[134.593061,34.03253],[134.593094,34.032521],[134.593115,34.032513],[134.593146,34.032505],[134.593176,34.032521],[134.593184,34.032531],[134.593187,34.032569],[134.593219,34.032599],[134.593242,34.032634],[134.593264,34.032641],[134.593273,34.032659],[134.593269,34.032686],[134.593304,34.032709],[134.593325,34.032737],[134.59334,34.032745],[134.593426,34.032762],[134.593493,34.032771],[134.593529,34.032774],[134.593545,34.032765],[134.59358,34.032768],[134.593606,34.032773],[134.593611,34.032779],[134.593612,34.032814],[134.593623,34.032818],[134.59365,34.032817],[134.593675,34.032807],[134.593737,34.032772],[134.593759,34.032761],[134.593788,34.032755],[134.593818,34.03276],[134.59384,34.032764],[134.593873,34.032768],[134.593914,34.032763],[134.594032,34.032737],[134.594053,34.032721],[134.594024,34.032633],[134.594028,34.032604],[134.594056,34.032585],[134.594057,34.032533],[134.594053,34.032509],[134.594066,34.032473],[134.594087,34.032443],[134.594169,34.032428],[134.594398,34.032428],[134.594433,34.032429],[134.594457,34.032439],[134.594497,34.032475],[134.594576,34.032496],[134.594595,34.032474],[134.59462,34.03247],[134.594635,34.032473],[134.594721,34.032513],[134.594743,34.032519],[134.594773,34.03252],[134.594858,34.032506],[134.594912,34.032535],[134.594943,34.032539],[134.594986,34.032557],[134.595042,34.032592],[134.595091,34.032637],[134.595159,34.032648],[134.595191,34.032686],[134.595208,34.032728],[134.59521,34.032737],[134.595237,34.032778],[134.595284,34.032812],[134.595371,34.032845],[134.595398,34.032852],[134.595474,34.032819],[134.595507,34.03281],[134.595559,34.03283],[134.595584,34.032831],[134.595605,34.032823],[134.595615,34.032801],[134.595633,34.032788],[134.595686,34.032775],[134.595759,34.032779],[134.595875,34.032771],[134.595927,34.03275],[134.595948,34.03275],[134.596175,34.032821],[134.596188,34.032854],[134.596164,34.032878],[134.596126,34.032897],[134.59607,34.032906],[134.595989,34.032908],[134.595877,34.032924],[134.59583,34.032946],[134.59579,34.032989],[134.595725,34.033029],[134.595675,34.033051],[134.595647,34.033053],[134.595597,34.033035],[134.595432,34.033131],[134.595363,34.033162],[134.595361,34.033175],[134.595313,34.033305],[134.595306,34.033339],[134.595307,34.033427],[134.595363,34.033606],[134.595359,34.033713],[134.595379,34.033797],[134.595375,34.033861],[134.595361,34.033908],[134.595333,34.034132],[134.59538,34.034172],[134.595419,34.034224],[134.595423,34.034249],[134.595406,34.034314],[134.595364,34.034375],[134.595419,34.034448],[134.595418,34.034467],[134.595353,34.034551],[134.59535,34.034571],[134.595333,34.0346],[134.595345,34.034628],[134.595374,34.034719],[134.595454,34.034788],[134.595476,34.034819],[134.595627,34.034873],[134.595649,34.034877],[134.595802,34.034891],[134.595814,34.034911],[134.595812,34.034943],[134.595844,34.034947],[134.595868,34.034909],[134.595915,34.034918],[134.595923,34.034927],[134.595935,34.03498],[134.595907,34.035004],[134.595883,34.035014],[134.595846,34.035012],[134.595812,34.035001],[134.595752,34.035024],[134.595646,34.035045],[134.595557,34.035054],[134.595546,34.035061],[134.595558,34.035075],[134.595552,34.03509],[134.595545,34.035095],[134.595227,34.035167],[134.595153,34.03519],[134.595122,34.03519],[134.595099,34.035169],[134.595097,34.03515],[134.595113,34.035118],[134.595072,34.035079],[134.595078,34.035063],[134.595081,34.035056],[134.595081,34.035045],[134.595055,34.035047],[134.595003,34.035072],[134.594985,34.03507],[134.594969,34.035052],[134.594949,34.035041],[134.594911,34.035048],[134.594891,34.035042],[134.594887,34.035027],[134.594927,34.034996],[134.594923,34.034967],[134.594907,34.034958],[134.594857,34.034954],[134.594817,34.035001],[134.594791,34.035022],[134.594706,34.035049],[134.594655,34.035055],[134.594644,34.035057],[134.594587,34.035071],[134.59452,34.035058],[134.594432,34.035026],[134.594379,34.034987],[134.594361,34.034963],[134.594222,34.034868],[134.59421,34.034843],[134.594222,34.034797],[134.594135,34.034784],[134.59408,34.034736],[134.593994,34.034763],[134.593948,34.03479],[134.593944,34.034823],[134.593949,34.034859],[134.593914,34.034895],[134.593925,34.03492],[134.593895,34.034946],[134.593881,34.034952],[134.593888,34.034985],[134.593882,34.034997],[134.593872,34.035002],[134.593868,34.035002],[134.593827,34.034998],[134.593761,34.034982],[134.593695,34.034965],[134.593637,34.034957],[134.593628,34.034954],[134.593619,34.03495],[134.59361,34.034948],[134.593603,34.034961],[134.593591,34.034974],[134.593581,34.034986],[134.593579,34.03501],[134.593587,34.035021],[134.593589,34.035028],[134.593589,34.035034],[134.593585,34.03504],[134.593578,34.035046],[134.593565,34.035051],[134.593556,34.035054],[134.593542,34.035058],[134.593524,34.035058],[134.593455,34.035047],[134.593436,34.035043],[134.593419,34.035036],[134.593406,34.035026],[134.593391,34.035027],[134.593376,34.035027],[134.593349,34.035024],[134.593339,34.035023],[134.593328,34.035027],[134.593322,34.03503],[134.593311,34.035029],[134.593302,34.035027],[134.593295,34.03502],[134.593285,34.035015],[134.593261,34.035013],[134.593249,34.03501],[134.593235,34.035003],[134.593222,34.034992],[134.593207,34.034987],[134.593201,34.034983],[134.593183,34.03497],[134.593175,34.034968],[134.593152,34.034968],[134.593131,34.03497],[134.593126,34.034972],[134.593121,34.034981],[134.593115,34.034995],[134.593114,34.035003],[134.593114,34.03501],[134.593119,34.03502],[134.593126,34.035026],[134.593142,34.035038],[134.593148,34.035048],[134.59317,34.035064],[134.593178,34.03507],[134.59318,34.035078],[134.593173,34.035086],[134.593163,34.035096],[134.593148,34.035103],[134.593136,34.035108],[134.593125,34.03511],[134.5931,34.035108],[134.593073,34.035107],[134.593042,34.035111],[134.593026,34.035116],[134.593006,34.035121],[134.592993,34.035122],[134.592985,34.035118],[134.592976,34.035111],[134.59297,34.035102],[134.592969,34.035092],[134.592968,34.035072],[134.59297,34.035057],[134.592974,34.035047],[134.592988,34.035029],[134.592993,34.03502],[134.592991,34.035012],[134.592987,34.034998],[134.592982,34.034988],[134.592981,34.034982],[134.59298,34.034975],[134.592982,34.034965],[134.59298,34.034957],[134.592975,34.034953],[134.592969,34.034947],[134.592965,34.034943],[134.59296,34.034936],[134.592958,34.034929],[134.592958,34.034895],[134.592963,34.034885],[134.592969,34.034876],[134.592967,34.034865],[134.592958,34.034849],[134.592904,34.034793],[134.592816,34.034728],[134.592761,34.034699],[134.592532,34.034606],[134.592515,34.034596],[134.592469,34.034555],[134.592408,34.034447],[134.592384,34.034422],[134.592347,34.0344],[134.592296,34.03438],[134.592195,34.034367],[134.591985,34.034308],[134.5919,34.034294],[134.591878,34.03429],[134.591788,34.034282],[134.591732,34.034269],[134.591498,34.034192],[134.591391,34.034174],[134.591342,34.034174],[134.591309,34.034175],[134.591147,34.034209],[134.59107,34.034237],[134.590901,34.034323],[134.590842,34.034332],[134.590769,34.034327],[134.590737,34.034343],[134.590715,34.034349],[134.590691,34.034349],[134.59067,34.034344],[134.590645,34.034337],[134.590637,34.034336],[134.590614,34.034328],[134.590606,34.03433],[134.590588,34.034336],[134.590557,34.034341],[134.590529,34.034346],[134.590476,34.034366],[134.590441,34.034381],[134.590429,34.034385],[134.590349,34.034417],[134.590263,34.034441],[134.590222,34.034457],[134.590184,34.034473],[134.590155,34.034491],[134.590134,34.034502],[134.590094,34.034518],[134.590064,34.034526],[134.590027,34.034529],[134.589983,34.034527],[134.589951,34.034523],[134.589916,34.034514],[134.589887,34.034501],[134.58981,34.03446],[134.589675,34.034398],[134.589663,34.034397],[134.58965,34.034399],[134.589531,34.034436],[134.589499,34.034446],[134.589484,34.03445],[134.58945,34.034456],[134.589383,34.034464],[134.589371,34.034464],[134.589356,34.034461],[134.589327,34.034451],[134.58916,34.034363],[134.589152,34.03436],[134.589128,34.03436],[134.589056,34.034378],[134.589019,34.034385],[134.589002,34.034387],[134.588962,34.034391],[134.588845,34.034397],[134.588802,34.034394],[134.588774,34.034389],[134.588756,34.034378],[134.588706,34.034329],[134.588694,34.03432],[134.588675,34.034308],[134.58865,34.034296],[134.588618,34.034287],[134.588543,34.034271],[134.58848,34.034266],[134.588389,34.034273],[134.588354,34.034278],[134.588272,34.034297],[134.588215,34.034318],[134.588058,34.034403],[134.587919,34.034484],[134.587729,34.034609],[134.587315,34.034911],[134.587087,34.035103],[134.587051,34.035138],[134.586896,34.035289],[134.586656,34.035544],[134.586498,34.035697],[134.586396,34.035802],[134.586323,34.035843],[134.586284,34.035882],[134.586272,34.035897],[134.586207,34.03599],[134.586204,34.035997],[134.586114,34.0361],[134.586049,34.036188],[134.585932,34.036381],[134.585799,34.036617],[134.585768,34.036663],[134.58573,34.03672],[134.585678,34.036808],[134.585632,34.036907],[134.585581,34.037068],[134.585529,34.037251],[134.585512,34.037335],[134.585471,34.03768],[134.585459,34.037743],[134.585419,34.037902],[134.585364,34.03803],[134.585279,34.038158],[134.585185,34.038264],[134.584991,34.038416],[134.584937,34.038435],[134.584917,34.038435],[134.584854,34.038419],[134.584798,34.038374],[134.584752,34.038314],[134.584663,34.038149],[134.584669,34.038109],[134.584694,34.0381],[134.584712,34.038097],[134.584823,34.038097],[134.584854,34.038081],[134.584856,34.038071],[134.58485,34.038046],[134.584747,34.037908],[134.584713,34.037822],[134.584703,34.037767],[134.584702,34.037667],[134.584716,34.037597],[134.58472,34.037543],[134.58473,34.037531],[134.584759,34.037513],[134.58477,34.037502],[134.584773,34.037478],[134.584769,34.037429],[134.584748,34.03737],[134.584675,34.03722],[134.584653,34.037143],[134.584621,34.037065],[134.584594,34.037018],[134.584515,34.036909],[134.584469,34.036851],[134.584421,34.036808],[134.58426,34.036718],[134.584221,34.036675],[134.584208,34.036639],[134.584208,34.036618],[134.584216,34.036548],[134.584213,34.036491],[134.584196,34.036441],[134.584197,34.03641],[134.584202,34.0364],[134.584239,34.036367],[134.584253,34.036334],[134.584271,34.03627],[134.584288,34.036241],[134.584312,34.036217],[134.584353,34.036203],[134.584386,34.036201],[134.584436,34.036204],[134.584487,34.036212],[134.584531,34.036211],[134.584602,34.036168],[134.584605,34.036154],[134.584531,34.036116],[134.584497,34.036087],[134.584478,34.036059],[134.584465,34.036057],[134.584304,34.036125],[134.584121,34.036176],[134.584095,34.036188],[134.584028,34.03623],[134.583987,34.036248],[134.583934,34.036259],[134.583907,34.036261],[134.583775,34.036293],[134.583734,34.036307],[134.583693,34.036316],[134.583684,34.036312],[134.583677,34.036291],[134.58361,34.036307],[134.583555,34.036332],[134.583523,34.036338],[134.583509,34.036336],[134.583395,34.036299],[134.583359,34.036291],[134.583316,34.036269],[134.583304,34.036267],[134.58327,34.036259],[134.583048,34.036139],[134.582993,34.036093],[134.582931,34.03604],[134.582902,34.036022],[134.582761,34.035957],[134.582653,34.035897],[134.582613,34.035866],[134.582552,34.035803],[134.582507,34.035764],[134.582369,34.035677],[134.582221,34.035618],[134.582143,34.035584],[134.581893,34.035444],[134.581804,34.035384],[134.581784,34.035367],[134.581766,34.035346],[134.581751,34.035318],[134.581744,34.035275],[134.581615,34.035221],[134.581215,34.035062],[134.581053,34.03502],[134.581028,34.035001],[134.581015,34.034985],[134.58101,34.034974],[134.58101,34.034962],[134.581013,34.034955],[134.581018,34.034945],[134.581049,34.034904],[134.581057,34.034887],[134.581062,34.034858],[134.581057,34.034856],[134.581051,34.034856],[134.581048,34.034857],[134.581044,34.034859],[134.581035,34.034891],[134.581025,34.034907],[134.581013,34.034922],[134.581003,34.034928],[134.580993,34.034925],[134.58099,34.03492],[134.580985,34.034874],[134.580978,34.034864],[134.580897,34.034868],[134.580754,34.034864],[134.580718,34.034865],[134.580676,34.034872],[134.580634,34.034885],[134.580602,34.034902],[134.580571,34.034922],[134.580499,34.034983],[134.580461,34.034987],[134.580396,34.034966],[134.580368,34.034966],[134.580342,34.034967],[134.580307,34.034972],[134.580247,34.034993],[134.580218,34.035006],[134.580161,34.035038],[134.580134,34.035047],[134.580088,34.035056],[134.580035,34.035061],[134.57995,34.03506],[134.579789,34.035088],[134.579746,34.035093],[134.579709,34.03509],[134.579303,34.03501],[134.579203,34.034984],[134.579078,34.03493],[134.579071,34.034939],[134.579055,34.034947],[134.579018,34.034949],[134.578998,34.034932],[134.578996,34.034902],[134.578836,34.034851],[134.578724,34.034718],[134.578682,34.03465],[134.578642,34.034542],[134.578562,34.034506],[134.578551,34.034503],[134.578207,34.034366],[134.578113,34.034327],[134.577967,34.034281],[134.577845,34.034254],[134.577782,34.034264],[134.577711,34.034292],[134.577692,34.034294],[134.57765,34.034288],[134.577616,34.034279],[134.57761,34.034278],[134.577584,34.034274],[134.5775,34.034276],[134.57743,34.034285],[134.577244,34.034327],[134.577183,34.03435],[134.577176,34.034355],[134.577177,34.034369],[134.577191,34.034382],[134.577214,34.034385],[134.577204,34.03439],[134.577212,34.034476],[134.577221,34.034483],[134.577201,34.034486],[134.577171,34.034522],[134.577174,34.034606],[134.577202,34.034604],[134.577411,34.034649],[134.577407,34.034664],[134.577397,34.034662],[134.577394,34.034676],[134.577434,34.034685],[134.577435,34.034698],[134.577622,34.034736],[134.577889,34.034792],[134.577876,34.034846],[134.577881,34.034847],[134.577895,34.034849],[134.577891,34.03486],[134.577885,34.034859],[134.577879,34.034881],[134.577886,34.034882],[134.577883,34.034894],[134.577869,34.034891],[134.577862,34.03489],[134.577832,34.034983],[134.577909,34.035011],[134.577922,34.034991],[134.57817,34.035083],[134.578364,34.035175],[134.57897,34.035513],[134.579069,34.035512],[134.579111,34.035529],[134.579132,34.035548],[134.579143,34.035564],[134.57915,34.035582],[134.57915,34.03561],[134.579149,34.035632],[134.579143,34.035654],[134.579132,34.035678],[134.579109,34.035707],[134.579094,34.035717],[134.579074,34.035724],[134.579063,34.035725],[134.578569,34.036465],[134.578548,34.036479],[134.577933,34.03677],[134.57765,34.036914],[134.577301,34.037073],[134.576875,34.037272],[134.576389,34.037506],[134.576215,34.037585],[134.575713,34.037817],[134.57501,34.03814],[134.575001,34.038143],[134.574685,34.038279],[134.574595,34.038306],[134.574408,34.03834],[134.574035,34.038419],[134.573841,34.038465],[134.57384,34.038507],[134.573837,34.038515],[134.573824,34.038525],[134.573757,34.038551],[134.57372,34.038555],[134.573707,34.038539],[134.573704,34.038532],[134.573693,34.038497],[134.573625,34.038514],[134.573288,34.038591],[134.573113,34.038633],[134.572345,34.038817],[134.572252,34.038845],[134.572249,34.038847],[134.572099,34.03892],[134.5719,34.038974],[134.571665,34.03902],[134.571199,34.039106],[134.571205,34.039156],[134.571311,34.039147],[134.571957,34.03908],[134.572238,34.039058],[134.572328,34.039738],[134.572373,34.040004],[134.572376,34.040005],[134.572531,34.040027],[134.572691,34.039982],[134.57272,34.039991],[134.572774,34.040021],[134.572784,34.040041],[134.572781,34.04006],[134.572727,34.040065],[134.572718,34.040069],[134.572566,34.040077],[134.572555,34.04008],[134.572536,34.040084],[134.572502,34.040101],[134.572483,34.040123],[134.572462,34.040177],[134.572458,34.040192],[134.572457,34.040207],[134.572482,34.04023],[134.572507,34.040235],[134.572572,34.040233],[134.572694,34.040216],[134.572705,34.040214],[134.572756,34.040203],[134.572772,34.0402],[134.572793,34.040194],[134.572808,34.040186],[134.57281,34.04018],[134.572808,34.040174],[134.572799,34.040134],[134.572802,34.040094],[134.572828,34.04004],[134.572824,34.04002],[134.572744,34.039948],[134.572544,34.039795],[134.572501,34.039778],[134.572452,34.039776],[134.572374,34.039808],[134.572359,34.039794],[134.572331,34.039663],[134.57233,34.039618],[134.572375,34.039572],[134.572382,34.039553],[134.572381,34.039527],[134.572378,34.039518],[134.572293,34.039306],[134.572287,34.039288],[134.572285,34.039279],[134.572267,34.039053],[134.572267,34.039042],[134.572269,34.039032],[134.572275,34.039023],[134.572279,34.039026],[134.572287,34.039032],[134.572294,34.03904],[134.572297,34.039047],[134.572322,34.039122],[134.572327,34.039184],[134.572417,34.039393],[134.572441,34.039513],[134.572508,34.039666],[134.572541,34.039706],[134.572591,34.039755],[134.572614,34.03977],[134.572625,34.039774],[134.572681,34.039788],[134.572761,34.039852],[134.57287,34.039916],[134.572918,34.039951],[134.572955,34.039985],[134.572986,34.039981],[134.57299,34.039974],[134.572989,34.039919],[134.573013,34.039913],[134.573087,34.039932],[134.573088,34.039974],[134.573081,34.040048],[134.573073,34.040062],[134.573022,34.040084],[134.57302,34.040102],[134.573038,34.040162],[134.573045,34.040172],[134.573055,34.040175],[134.573074,34.040179],[134.573089,34.040181],[134.5731,34.040176],[134.573106,34.040171],[134.573125,34.040127],[134.573131,34.040063],[134.573174,34.039968],[134.573179,34.039931],[134.57317,34.039896],[134.573131,34.039845],[134.573076,34.039808],[134.573061,34.039789],[134.573049,34.039761],[134.573177,34.039634],[134.573228,34.039595],[134.573262,34.039577],[134.573367,34.039498],[134.573378,34.039495],[134.573432,34.039496],[134.573511,34.039519],[134.573542,34.039523],[134.573559,34.039521],[134.573578,34.03951],[134.57365,34.039444],[134.573694,34.03944],[134.573713,34.039444],[134.573757,34.039462],[134.573762,34.039476],[134.57376,34.039491],[134.573731,34.039547],[134.57367,34.039777],[134.573596,34.039903],[134.573557,34.03995],[134.573525,34.039977],[134.573468,34.040016],[134.573452,34.040032],[134.573447,34.040041],[134.573448,34.040048],[134.57349,34.040117],[134.573497,34.040133],[134.5735,34.040168],[134.573502,34.040178],[134.573502,34.040194],[134.573483,34.040236],[134.573489,34.040251],[134.573518,34.040265],[134.573546,34.040265],[134.573585,34.040244],[134.573601,34.040229],[134.573608,34.040214],[134.5736,34.040167],[134.573594,34.04015],[134.573602,34.040137],[134.573623,34.040119],[134.573645,34.040126],[134.573692,34.040152],[134.573739,34.040166],[134.573826,34.040194],[134.573882,34.040211],[134.573894,34.040212],[134.573906,34.040209],[134.573912,34.040206],[134.573917,34.040199],[134.573904,34.040181],[134.573894,34.040172],[134.573879,34.040164],[134.573856,34.040161],[134.573843,34.040161],[134.573815,34.04016],[134.573783,34.04016],[134.573752,34.040155],[134.573708,34.04014],[134.573664,34.040111],[134.573643,34.040094],[134.573633,34.040081],[134.573631,34.040074],[134.573631,34.040065],[134.573634,34.040055],[134.573658,34.04004],[134.573732,34.040026],[134.573752,34.040019],[134.57385,34.03997],[134.573922,34.039893],[134.573961,34.039857],[134.573974,34.039852],[134.574024,34.03984],[134.57407,34.03982],[134.574101,34.039807],[134.574111,34.039805],[134.574156,34.039808],[134.574194,34.03982],[134.574227,34.039835],[134.574257,34.03985],[134.574382,34.040014],[134.574422,34.040088],[134.574463,34.040159],[134.574496,34.040204],[134.574559,34.040262],[134.57458,34.040291],[134.574587,34.040307],[134.574588,34.04034],[134.574579,34.04038],[134.57441,34.040501],[134.5743,34.040569],[134.574188,34.040616],[134.574091,34.040647],[134.574049,34.040654],[134.574021,34.040659],[134.573752,34.040693],[134.573636,34.040712],[134.573589,34.040742],[134.573554,34.040758],[134.573544,34.04076],[134.573476,34.040773],[134.573472,34.040783],[134.573486,34.040793],[134.57356,34.040777],[134.573571,34.040776],[134.573619,34.040781],[134.573638,34.04079],[134.573653,34.040805],[134.573663,34.040844],[134.573667,34.040884],[134.573663,34.040903],[134.573643,34.040916],[134.573545,34.040935],[134.573446,34.040966],[134.573304,34.040983],[134.573152,34.041031],[134.573073,34.041064],[134.573055,34.041068],[134.572969,34.041061],[134.572933,34.041062],[134.572824,34.041099],[134.572783,34.041121],[134.57276,34.041141],[134.572722,34.041194],[134.572694,34.041213],[134.572642,34.041233],[134.57257,34.041279],[134.572443,34.041312],[134.572369,34.041336],[134.572264,34.04138],[134.572211,34.041409],[134.571961,34.041508],[134.571823,34.041552],[134.571731,34.041563],[134.571669,34.041576],[134.571456,34.041642],[134.571425,34.041648],[134.57129,34.041652],[134.571055,34.041714],[134.570957,34.041778],[134.570886,34.041802],[134.570805,34.041809],[134.570764,34.041806],[134.570682,34.04179],[134.570581,34.041761],[134.570366,34.041736],[134.57036,34.041736],[134.570234,34.04173],[134.569915,34.041658],[134.569779,34.04164],[134.569651,34.041619],[134.569597,34.041604],[134.569587,34.041601],[134.569537,34.04158],[134.569448,34.041565],[134.569541,34.042236],[134.569611,34.042681],[134.569635,34.042835],[134.569749,34.042837],[134.569751,34.042857],[134.570619,34.043029],[134.570727,34.043043],[134.570766,34.043048],[134.57083,34.043068],[134.571685,34.043241],[134.572074,34.043319],[134.572323,34.043354],[134.572434,34.043364],[134.572436,34.043364],[134.572694,34.043373],[134.572866,34.043368],[134.573145,34.04334],[134.573223,34.043326],[134.574038,34.043222],[134.574343,34.04317],[134.574455,34.043145],[134.574535,34.043131],[134.574746,34.043082],[134.574766,34.043076],[134.574793,34.043066],[134.574953,34.042988],[134.575072,34.042914],[134.57508,34.04291],[134.57573,34.042398],[134.575937,34.042235],[134.576138,34.042119],[134.576171,34.04211],[134.576186,34.042105],[134.576188,34.042111],[134.576201,34.042108],[134.576198,34.042102],[134.576214,34.042098],[134.576306,34.042074],[134.576388,34.04206],[134.576667,34.042013],[134.576687,34.042009],[134.577591,34.041865],[134.577634,34.041797],[134.577654,34.041766],[134.577672,34.041746],[134.577681,34.041735],[134.57769,34.041728],[134.577711,34.041715],[134.577734,34.041705],[134.577785,34.04168],[134.577925,34.041636],[134.578638,34.041415],[134.578647,34.041441],[134.578461,34.041503],[134.578583,34.041785],[134.578764,34.041733],[134.578823,34.041874],[134.578814,34.041884],[134.578847,34.041932],[134.579135,34.042674],[134.579166,34.042697],[134.579218,34.042713],[134.579272,34.042739],[134.579286,34.042755],[134.579326,34.042843],[134.57934,34.042882],[134.579339,34.0429],[134.579333,34.042922],[134.579324,34.042931],[134.579291,34.042941],[134.579272,34.042952],[134.579259,34.042975],[134.579345,34.0432],[134.579357,34.043198],[134.579472,34.043477],[134.579769,34.043378],[134.5798,34.043209],[134.579798,34.042969],[134.579801,34.04293],[134.57974,34.042697],[134.579624,34.042288],[134.579605,34.042182],[134.579975,34.041605],[134.580193,34.04141],[134.580068,34.041028],[134.579212,34.041295],[134.579187,34.041244],[134.580145,34.040946],[134.58112,34.040643],[134.58134,34.040575],[134.581856,34.04042],[134.582016,34.04058],[134.58207,34.040549],[134.582012,34.040491],[134.582507,34.04034],[134.582605,34.04059],[134.582619,34.040589],[134.58263,34.040607],[134.583116,34.040404],[134.583135,34.040408],[134.583948,34.040076],[134.585763,34.039335],[134.585787,34.039324],[134.586607,34.038969],[134.586621,34.038983],[134.586891,34.038872],[134.586906,34.038866],[134.587009,34.038821],[134.587653,34.038687],[134.588794,34.038447],[134.588795,34.038436],[134.589192,34.038421],[134.590033,34.03858],[134.590133,34.038602],[134.591721,34.038895],[134.591745,34.038896],[134.591834,34.038879],[134.592249,34.040002],[134.592337,34.040241],[134.593024,34.042198],[134.593028,34.042206],[134.59338,34.043188],[134.593976,34.043381],[134.594119,34.043427],[134.594098,34.043473],[134.593977,34.043433],[134.593315,34.043229],[134.593284,34.043248],[134.593293,34.043267],[134.593167,34.043338],[134.593155,34.043286],[134.593221,34.043233],[134.593304,34.043195],[134.592431,34.040691],[134.592182,34.040003],[134.591801,34.038963],[134.591769,34.038966],[134.591759,34.038958],[134.589384,34.038511],[134.58938,34.038499],[134.589182,34.03846],[134.58918,34.038448],[134.589146,34.038449],[134.588804,34.038459],[134.588836,34.038533],[134.589381,34.040027],[134.589927,34.041575],[134.590043,34.041543],[134.590056,34.041578],[134.589946,34.041609],[134.589967,34.041668],[134.590079,34.041639],[134.590091,34.041674],[134.589979,34.041706],[134.590968,34.044521],[134.590979,34.044553],[134.589602,34.044904],[134.589342,34.04497],[134.589285,34.044985],[134.589094,34.045034],[134.587994,34.045313],[134.587926,34.045405],[134.587947,34.045447],[134.587943,34.04547],[134.587967,34.045551],[134.587987,34.045569],[134.588057,34.045767],[134.588089,34.045857],[134.588157,34.04603],[134.588305,34.046448],[134.588388,34.046426],[134.588398,34.046452],[134.588314,34.046475],[134.58853,34.047098],[134.58885,34.047987],[134.58921,34.049017],[134.589374,34.04898],[134.589382,34.049003],[134.589221,34.049043],[134.589286,34.049224],[134.589808,34.049114],[134.590301,34.049035],[134.590653,34.048977],[134.591089,34.048907],[134.591871,34.048776],[134.591864,34.048754],[134.590654,34.045272],[134.591861,34.044985],[134.593789,34.044526],[134.593799,34.044523],[134.593789,34.044496],[134.593626,34.044059],[134.593553,34.044076],[134.593503,34.043927],[134.59364,34.043893],[134.594043,34.044985],[134.594584,34.046474],[134.594577,34.04648],[134.595065,34.047838],[134.595522,34.047727],[134.595597,34.047936],[134.595978,34.048984],[134.596105,34.049326],[134.595783,34.049406],[134.595821,34.049508],[134.595757,34.049524],[134.595672,34.049544],[134.595576,34.049562],[134.594059,34.049815],[134.591959,34.050177],[134.591962,34.050204],[134.591955,34.050217],[134.591954,34.050234],[134.591944,34.050244],[134.591814,34.05027],[134.591837,34.050377],[134.591799,34.050404],[134.590476,34.050628],[134.590523,34.050877],[134.590099,34.050946],[134.589993,34.050509],[134.589962,34.050514],[134.589748,34.050546],[134.589437,34.050607],[134.589477,34.0508],[134.589479,34.050809],[134.589483,34.050831],[134.588009,34.051082],[134.588052,34.051309],[134.587977,34.051322],[134.586159,34.051635],[134.58613,34.051667],[134.585963,34.051881],[134.585679,34.052252],[134.585676,34.052257],[134.585624,34.052324],[134.5855,34.052262],[134.585289,34.052523],[134.585343,34.052552],[134.585376,34.052513],[134.585435,34.052544],[134.585393,34.052598],[134.585279,34.052537],[134.585085,34.052781],[134.585134,34.052807],[134.585159,34.052776],[134.585227,34.052809],[134.585174,34.052879],[134.585111,34.052847],[134.58512,34.052831],[134.585106,34.052824],[134.585068,34.052806],[134.584633,34.053352],[134.584185,34.053401],[134.584174,34.053379],[134.58347,34.053455],[134.583238,34.053481],[134.583215,34.053504],[134.583171,34.053524],[134.583142,34.053527],[134.583093,34.05353],[134.58285,34.053538],[134.582831,34.053546],[134.582817,34.053558],[134.582806,34.053586],[134.58281,34.053609],[134.582812,34.053623],[134.58281,34.053631],[134.582802,34.053636],[134.582789,34.05364],[134.58276,34.053641],[134.582731,34.053636],[134.582713,34.05363],[134.582675,34.05361],[134.5826,34.053586],[134.582429,34.053553],[134.582308,34.053545],[134.582256,34.053541],[134.582246,34.053539],[134.581948,34.053543],[134.581857,34.053568],[134.581764,34.053582],[134.581689,34.0536],[134.581635,34.053619],[134.581517,34.053659],[134.581276,34.053734],[134.581056,34.053789],[134.581024,34.053789],[134.580991,34.053784],[134.58097,34.053776],[134.580935,34.053745],[134.580914,34.053709],[134.580893,34.053673],[134.580885,34.053662],[134.580878,34.053653],[134.580856,34.053639],[134.58083,34.053633],[134.580812,34.053634],[134.580786,34.053636],[134.580761,34.053643],[134.580724,34.053643],[134.580692,34.053638],[134.580647,34.053632],[134.580648,34.053833],[134.580434,34.053835],[134.580433,34.053956],[134.578874,34.053968],[134.578877,34.053878],[134.580212,34.05387],[134.580213,34.053467],[134.58023,34.053456],[134.580234,34.053203],[134.580198,34.053126],[134.580143,34.053139],[134.580129,34.053114],[134.58019,34.053091],[134.580147,34.053001],[134.580086,34.052827],[134.58006,34.052827],[134.580049,34.0528],[134.580072,34.052795],[134.579908,34.052674],[134.579749,34.05267],[134.579742,34.05269],[134.579504,34.052685],[134.579501,34.052664],[134.579249,34.05266],[134.579247,34.052679],[134.579203,34.052681],[134.579201,34.052661],[134.579131,34.052661],[134.579132,34.052734],[134.579173,34.052733],[134.579211,34.053186],[134.579193,34.053368],[134.579106,34.053366],[134.579058,34.053364],[134.57907,34.053201],[134.579034,34.052807],[134.578941,34.05277],[134.578781,34.052746],[134.578714,34.052719],[134.578687,34.05272],[134.578593,34.052743],[134.578601,34.052772],[134.578709,34.05275],[134.578713,34.05277],[134.578498,34.052816],[134.578493,34.052796],[134.578576,34.052779],[134.578568,34.052748],[134.578491,34.052763],[134.578478,34.052781],[134.578463,34.05283],[134.578424,34.052907],[134.57839,34.052935],[134.578288,34.052989],[134.578259,34.052998],[134.578227,34.053003],[134.578172,34.053002],[134.578148,34.053015],[134.578136,34.053034],[134.578131,34.053054],[134.578128,34.05309],[134.578416,34.053348],[134.578349,34.053403],[134.577975,34.053073],[134.577856,34.053127],[134.577695,34.053202],[134.57767,34.053216],[134.577656,34.053249],[134.577696,34.053327],[134.577729,34.053314],[134.577735,34.053325],[134.577702,34.053338],[134.577723,34.053379],[134.577746,34.053371],[134.577764,34.053409],[134.577743,34.053417],[134.577749,34.053432],[134.57773,34.05344],[134.57778,34.053551],[134.577812,34.053542],[134.57777,34.053462],[134.577784,34.053458],[134.577862,34.053606],[134.577883,34.053642],[134.577874,34.053645],[134.577862,34.053623],[134.577821,34.053556],[134.5778,34.053563],[134.577848,34.053653],[134.577862,34.053669],[134.577882,34.053689],[134.578016,34.05374],[134.578437,34.053872],[134.57863,34.053876],[134.578632,34.053981],[134.578488,34.053979],[134.578401,34.053972],[134.578302,34.053945],[134.578071,34.053864],[134.577864,34.053824],[134.577826,34.053819],[134.577689,34.053807],[134.577579,34.053774],[134.577546,34.053771],[134.577547,34.053815],[134.577524,34.053814],[134.577523,34.05377],[134.577461,34.053768],[134.577371,34.053777],[134.577302,34.053777],[134.577205,34.053771],[134.577132,34.053772],[134.577128,34.053815],[134.576814,34.053815],[134.576806,34.05375],[134.576249,34.05373],[134.576091,34.053692],[134.576052,34.053774],[134.576018,34.053765],[134.576052,34.053681],[134.576004,34.053669],[134.575945,34.053656],[134.575629,34.053576],[134.575635,34.053558],[134.575544,34.05354],[134.575473,34.053514],[134.575463,34.053535],[134.575026,34.053421],[134.574835,34.053409],[134.574829,34.053453],[134.574589,34.05344],[134.574588,34.053451],[134.574549,34.053449],[134.574547,34.053391],[134.574123,34.053426],[134.573904,34.053252],[134.573837,34.053258],[134.573587,34.05328],[134.573596,34.053411],[134.573576,34.053652],[134.573527,34.05382],[134.573457,34.054008],[134.573361,34.054206],[134.573281,34.054357],[134.573317,34.054379],[134.573341,34.054403],[134.573353,34.054423],[134.573362,34.054439],[134.573378,34.054478],[134.573395,34.054542],[134.574808,34.054768],[134.574848,34.054758],[134.574894,34.05476],[134.575236,34.054812],[134.575246,34.054816],[134.575258,34.054827],[134.575264,34.054841],[134.575341,34.05485],[134.57536,34.05484],[134.575401,34.054841],[134.575472,34.054852],[134.575497,34.054855],[134.575566,34.054859],[134.575614,34.054876],[134.575675,34.054887],[134.575691,34.054822],[134.575853,34.054849],[134.57584,34.054932],[134.576361,34.055011],[134.576395,34.05502],[134.576435,34.055036],[134.576487,34.055069],[134.576506,34.055087],[134.576533,34.055122],[134.576543,34.05514],[134.576547,34.055156],[134.576541,34.055236],[134.576527,34.055394],[134.57653,34.05542],[134.576582,34.055551],[134.576803,34.055547],[134.576803,34.05556],[134.576569,34.055568],[134.576558,34.055578],[134.576546,34.0556],[134.576539,34.055623],[134.576536,34.055755],[134.576548,34.055857],[134.576546,34.055866],[134.576539,34.055877],[134.576496,34.055911],[134.576718,34.055909],[134.576726,34.055902],[134.57679,34.055901],[134.576801,34.05591],[134.576829,34.055911],[134.576828,34.055921],[134.576799,34.05592],[134.576789,34.055929],[134.576728,34.055928],[134.576719,34.055921],[134.576492,34.055922],[134.576466,34.055993],[134.57645,34.056013],[134.576424,34.056035],[134.57625,34.056109],[134.575895,34.056257],[134.57592,34.056308],[134.575637,34.056418],[134.575605,34.056367],[134.575334,34.056475],[134.575364,34.056536],[134.575334,34.056547],[134.575369,34.056614],[134.575233,34.056664],[134.575201,34.056597],[134.57488,34.056715],[134.574847,34.056661],[134.574697,34.05671],[134.574728,34.056777],[134.574721,34.056782],[134.574745,34.056841],[134.574381,34.056966],[134.574355,34.056911],[134.574171,34.056998],[134.574058,34.05704],[134.573984,34.057062],[134.574008,34.057118],[134.573919,34.057139],[134.573899,34.057087],[134.57382,34.057108],[134.573831,34.057166],[134.573731,34.057172],[134.573728,34.057135],[134.573708,34.057143],[134.573691,34.057076],[134.573666,34.057071],[134.573588,34.057141],[134.573487,34.057233],[134.573399,34.057303],[134.573247,34.057407],[134.573155,34.057461],[134.572818,34.057629],[134.572416,34.057824],[134.572309,34.057886],[134.572321,34.059109]]]},"properties":{"code":"36201","name":"徳島市"}}]}