{"type":"FeatureCollection","features":[{"type":"Feature","geometry":{"type":"Polygon","coordinates":[[[134.577508,34.00603],[134.577868,34.006121],[134.578064,34.006176],[134.578123,34.006208],[134.578165,34.006238],[134.578174,34.006272],[134.578176,34.006439],[134.578163,34.006618],[134.578006,34.006561],[134.577438,34.006381],[134.577408,34.006369],[134.575306,34.005703],[134.574281,34.00538],[134.574661,34.004805],[134.575062,34.004178],[134.57536,34.004211],[134.57534,34.004434],[134.575511,34.004383],[134.575539,34.00466],[134.575939,34.004954],[134.575641,34.005241],[134.575678,34.005276],[134.575788,34.005362],[134.576008,34.005554],[134.576204,34.005704],[134.576435,34.005849],[134.576577,34.005928],[134.576752,34.005998],[134.576877,34.006039],[134.57694,34.00605],[134.577014,34.006055],[134.5771,34.006052],[134.577314,34.006044],[134.577508,34.00603]]]},"properties":{"S_NAME":"小松島町字門田","HCODE":8101}},{"type":"Feature","geometry":{"type":"Polygon","coordinates":[[[134.580027,34.006507],[134.579886,34.006534],[134.579922,34.006381],[134.579924,34.006326],[134.579911,34.006297],[134.579699,34.005984],[134.579859,34.005909],[134.579908,34.005886],[134.58012,34.005783],[134.580233,34.005846],[134.58036,34.005929],[134.580476,34.006011],[134.580617,34.006072],[134.580836,34.006141],[134.581243,34.006259],[134.580027,34.006507]]]},"properties":{"S_NAME":"小松島町字西堀川","HCODE":8101}},{"type":"Feature","geometry":{"type":"Polygon","coordinates":[[[134.588196,34.004847],[134.586225,34.005484],[134.586174,34.005267],[134.586171,34.005239],[134.586312,34.005055],[134.586505,34.004814],[134.587117,34.004705],[134.587177,34.004696],[134.58725,34.004586],[134.587579,34.004585],[134.587997,34.00457],[134.587968,34.004069],[134.588198,34.004067],[134.588196,34.004847]]]},"properties":{"S_NAME":"小松島町字高須","HCODE":8101}},{"type":"Feature","geometry":{"type":"Polygon","coordinates":[[[134.589795,34.004723],[134.589648,34.004833],[134.589405,34.004984],[134.589278,34.005057],[134.589069,34.00516],[134.589027,34.005113],[134.588659,34.004772],[134.588616,34.00477],[134.588572,34.004745],[134.588196,34.004847],[134.588198,34.004067],[134.587968,34.004069],[134.588005,34.003602],[134.588052,34.003593],[134.588602,34.003518],[134.588988,34.003484],[134.589428,34.003455],[134.590099,34.003406],[134.589932,34.004147],[134.589923,34.004167],[134.589848,34.004178],[134.589827,34.004183],[134.589822,34.004209],[134.589795,34.004723]]]},"properties":{"S_NAME":"小松島町字中筋","HCODE":8101}},{"type":"Feature","geometry":{"type":"Polygon","coordinates":[[[134.591223,34.002383],[134.591138,34.002704],[134.591024,34.003052],[134.590929,34.003312],[134.590897,34.00344],[134.590779,34.00365],[134.590666,34.003825],[134.590504,34.004042],[134.590417,34.004147],[134.590327,34.004248],[134.590211,34.004371],[134.590051,34.004516],[134.589795,34.004723],[134.589822,34.004209],[134.589827,34.004183],[134.589848,34.004178],[134.589923,34.004167],[134.589932,34.004147],[134.590099,34.003406],[134.590293,34.002635],[134.590317,34.002625],[134.590562,34.002615],[134.590655,34.002272],[134.591223,34.002383]]]},"properties":{"S_NAME":"小松島町字中筋","HCODE":8101}},{"type":"Feature","geometry":{"type":"Polygon","coordinates":[[[134.591223,34.002383],[134.590655,34.002272],[134.590562,34.002615],[134.590317,34.002625],[134.590293,34.002635],[134.590099,34.003406],[134.589428,34.003455],[134.588988,34.003484],[134.588602,34.003518],[134.588052,34.003593],[134.588005,34.003602],[134.587606,34.003668],[134.586679,34.003832],[134.586669,34.003643],[134.586677,34.003488],[134.586709,34.003347],[134.586728,34.003201],[134.586662,34.002966],[134.586588,34.002755],[134.586559,34.002606],[134.586481,34.002234],[134.586428,34.001967],[134.586421,34.001888],[134.586457,34.001626],[134.586463,34.001539],[134.586893,34.001492],[134.587828,34.001398],[134.58798,34.001385],[134.58998,34.001202],[134.590131,34.001196],[134.590363,34.001195],[134.590484,34.001211],[134.59097,34.001306],[134.591356,34.001381],[134.591388,34.001404],[134.591438,34.001423],[134.591492,34.001425],[134.591334,34.001956],[134.591223,34.002383]]]},"properties":{"S_NAME":"小松島町字南開","HCODE":8101}},{"type":"Feature","geometry":{"type":"Polygon","coordinates":[[[134.573689,34.006315],[134.573682,34.006327],[134.572853,34.006144],[134.571854,34.005909],[134.571564,34.005813],[134.571099,34.005642],[134.570855,34.005559],[134.570635,34.005506],[134.570456,34.005472],[134.570658,34.005254],[134.570899,34.005005],[134.57123,34.004698],[134.571408,34.00451],[134.571997,34.004652],[134.572587,34.004836],[134.573047,34.005016],[134.574281,34.00538],[134.57407,34.005712],[134.573765,34.006212],[134.573689,34.006315]]]},"properties":{"S_NAME":"小松島町字領田","HCODE":8101}},{"type":"Feature","geometry":{"type":"Polygon","coordinates":[[[134.573047,34.005016],[134.573148,34.004707],[134.573179,34.004592],[134.573181,34.00448],[134.573189,34.004384],[134.57321,34.004302],[134.573814,34.004337],[134.573924,34.004342],[134.57397,34.004367],[134.574091,34.004444],[134.574201,34.004515],[134.574336,34.004601],[134.574454,34.004676],[134.574661,34.004805],[134.574281,34.00538],[134.573047,34.005016]]]},"properties":{"S_NAME":"小松島町字喜来","HCODE":8101}},{"type":"Feature","geometry":{"type":"Polygon","coordinates":[[[134.573653,34.006371],[134.573586,34.006391],[134.57352,34.006413],[134.57347,34.006433],[134.573426,34.006462],[134.573366,34.006521],[134.573317,34.006581],[134.573283,34.006633],[134.573266,34.00666],[134.573245,34.006688],[134.573208,34.006716],[134.573158,34.006739],[134.573109,34.006756],[134.573035,34.00677],[134.572997,34.006782],[134.572941,34.006808],[134.572865,34.006839],[134.572798,34.006878],[134.572766,34.006886],[134.57272,34.006886],[134.572659,34.00689],[134.57261,34.006889],[134.572566,34.006885],[134.572507,34.00688],[134.572417,34.006849],[134.572277,34.006803],[134.572007,34.006691],[134.571972,34.00667],[134.571865,34.006577],[134.571765,34.006487],[134.57162,34.006353],[134.571754,34.006082],[134.571814,34.005984],[134.571854,34.005909],[134.572853,34.006144],[134.573682,34.006327],[134.573653,34.006371]]]},"properties":{"S_NAME":"小松島町字菖蒲田","HCODE":8101}},{"type":"Feature","geometry":{"type":"Polygon","coordinates":[[[134.590306,34.016058],[134.590248,34.01606],[134.590177,34.01607],[134.590138,34.01608],[134.590107,34.016094],[134.59008,34.016108],[134.590042,34.016133],[134.589994,34.016175],[134.589952,34.016205],[134.589894,34.016252],[134.589869,34.016269],[134.589838,34.01628],[134.58981,34.016287],[134.589771,34.016291],[134.589738,34.016292],[134.589708,34.016287],[134.589663,34.01628],[134.589626,34.016269],[134.589586,34.016258],[134.588881,34.016227],[134.588882,34.016214],[134.588505,34.01623],[134.588454,34.01607],[134.588232,34.016072],[134.588166,34.016065],[134.588085,34.016052],[134.587944,34.01603],[134.587854,34.016003],[134.587765,34.015971],[134.587761,34.016007],[134.587629,34.015976],[134.586234,34.01594],[134.586272,34.015082],[134.586234,34.01507],[134.585993,34.015048],[134.58588,34.015056],[134.585728,34.015053],[134.585537,34.015056],[134.585499,34.015052],[134.585366,34.01502],[134.58529,34.015],[134.585214,34.014979],[134.585135,34.014948],[134.585066,34.014925],[134.584955,34.014902],[134.584895,34.014888],[134.584802,34.014864],[134.584718,34.014838],[134.584598,34.014794],[134.58455,34.014772],[134.584498,34.014744],[134.584449,34.014707],[134.584405,34.01467],[134.5843,34.014565],[134.584066,34.014546],[134.584136,34.014013],[134.584148,34.013845],[134.584181,34.013291],[134.584195,34.013088],[134.584661,34.013106],[134.58526,34.013125],[134.586229,34.013162],[134.587084,34.013185],[134.587972,34.013199],[134.589119,34.013237],[134.58978,34.013255],[134.589764,34.013344],[134.589708,34.013718],[134.589698,34.013768],[134.589691,34.013802],[134.589673,34.013846],[134.589655,34.013891],[134.589641,34.013936],[134.589608,34.014069],[134.589696,34.014098],[134.589764,34.014128],[134.589794,34.014153],[134.5898,34.01418],[134.589785,34.014255],[134.589943,34.014402],[134.589991,34.014441],[134.590031,34.014468],[134.590068,34.014485],[134.590112,34.014502],[134.590169,34.014521],[134.590151,34.014601],[134.590141,34.014631],[134.59012,34.014702],[134.590111,34.014752],[134.590105,34.01479],[134.590113,34.014816],[134.590131,34.014857],[134.590164,34.014901],[134.590446,34.015224],[134.590416,34.015244],[134.590322,34.01532],[134.590266,34.015368],[134.590226,34.015402],[134.590177,34.015428],[134.5901,34.015462],[134.590221,34.015809],[134.590306,34.016058]]]},"properties":{"S_NAME":"小松島町字北浜","HCODE":8101}},{"type":"Feature","geometry":{"type":"Polygon","coordinates":[[[134.591814,34.016067],[134.591811,34.016071],[134.591772,34.016056],[134.591682,34.016114],[134.591577,34.016188],[134.59151,34.016129],[134.591356,34.016245],[134.591282,34.016268],[134.591163,34.016292],[134.59106,34.016302],[134.590966,34.016302],[134.590875,34.016296],[134.590825,34.016284],[134.590701,34.016243],[134.590534,34.016163],[134.590306,34.016058],[134.590221,34.015809],[134.5901,34.015462],[134.590177,34.015428],[134.590226,34.015402],[134.590266,34.015368],[134.590322,34.01532],[134.590416,34.015244],[134.590446,34.015224],[134.590164,34.014901],[134.590131,34.014857],[134.590113,34.014816],[134.590105,34.01479],[134.590111,34.014752],[134.59012,34.014702],[134.590141,34.014631],[134.590151,34.014601],[134.590169,34.014521],[134.590112,34.014502],[134.590068,34.014485],[134.590031,34.014468],[134.589991,34.014441],[134.589943,34.014402],[134.589785,34.014255],[134.5898,34.01418],[134.589794,34.014153],[134.589764,34.014128],[134.589696,34.014098],[134.589608,34.014069],[134.589641,34.013936],[134.589655,34.013891],[134.589673,34.013846],[134.589691,34.013802],[134.589698,34.013768],[134.589708,34.013718],[134.589764,34.013344],[134.58978,34.013255],[134.590348,34.01328],[134.591211,34.013324],[134.591362,34.014005],[134.59141,34.014278],[134.591431,34.014385],[134.591467,34.0146],[134.591484,34.014597],[134.591489,34.014625],[134.591513,34.014767],[134.591591,34.01476],[134.591744,34.015593],[134.591706,34.015598],[134.591814,34.016067]]]},"properties":{"S_NAME":"小松島町字元根井","HCODE":8101}},{"type":"Feature","geometry":{"type":"Polygon","coordinates":[[[134.580193,34.011835],[134.580204,34.011856],[134.579569,34.012046],[134.578842,34.012464],[134.578251,34.012831],[134.578215,34.012852],[134.577842,34.013067],[134.577678,34.013167],[134.577521,34.013258],[134.577394,34.013314],[134.577187,34.013382],[134.577021,34.013436],[134.576667,34.01352],[134.576207,34.013605],[134.576155,34.013433],[134.576137,34.013389],[134.576099,34.013354],[134.576129,34.013217],[134.576128,34.013127],[134.576112,34.012975],[134.576103,34.012758],[134.576098,34.012591],[134.575609,34.0124],[134.575823,34.012154],[134.575884,34.012125],[134.576146,34.012038],[134.576516,34.011906],[134.576555,34.011881],[134.576467,34.011652],[134.576383,34.011436],[134.576384,34.011405],[134.576388,34.011376],[134.576366,34.011021],[134.576373,34.01095],[134.57639,34.010903],[134.576551,34.010606],[134.576623,34.010464],[134.576668,34.010446],[134.576794,34.010395],[134.576893,34.010351],[134.577007,34.010296],[134.577119,34.010242],[134.577311,34.010138],[134.577402,34.010083],[134.577579,34.009977],[134.577626,34.010149],[134.57767,34.010313],[134.57771,34.010444],[134.577737,34.010538],[134.577765,34.01063],[134.577795,34.010732],[134.577831,34.01081],[134.577873,34.010889],[134.577936,34.010996],[134.577999,34.011075],[134.578074,34.011166],[134.578168,34.011255],[134.578187,34.011273],[134.578291,34.011357],[134.578389,34.011429],[134.578498,34.011501],[134.578584,34.011554],[134.578701,34.011622],[134.578823,34.011678],[134.578982,34.01173],[134.579161,34.01177],[134.57933,34.011791],[134.579478,34.011803],[134.579664,34.011812],[134.579816,34.011805],[134.579936,34.011784],[134.580028,34.011743],[134.580136,34.011714],[134.580193,34.011835]]]},"properties":{"S_NAME":"小松島町字馬場ノ本","HCODE":8101}},{"type":"Feature","geometry":{"type":"Polygon","coordinates":[[[134.582264,34.013706],[134.582149,34.013735],[134.581959,34.013785],[134.581857,34.013807],[134.581756,34.013825],[134.581615,34.013851],[134.581495,34.013873],[134.58138,34.013892],[134.581299,34.013903],[134.58125,34.013908],[134.581176,34.013761],[134.581132,34.013749],[134.581048,34.013744],[134.580971,34.013748],[134.580809,34.013786],[134.580641,34.013818],[134.580316,34.013815],[134.58033,34.013928],[134.580202,34.013921],[134.580001,34.013903],[134.579843,34.013882],[134.579688,34.013847],[134.579546,34.013812],[134.579427,34.013777],[134.579285,34.013731],[134.579194,34.013647],[134.579004,34.013487],[134.578565,34.01309],[134.578545,34.013077],[134.5785,34.01308],[134.578463,34.013066],[134.578271,34.012849],[134.578251,34.012831],[134.578842,34.012464],[134.579569,34.012046],[134.580204,34.011856],[134.580193,34.011835],[134.58022,34.011829],[134.580586,34.011669],[134.580779,34.011482],[134.580781,34.011459],[134.580803,34.011453],[134.580936,34.01142],[134.581023,34.011395],[134.581175,34.011343],[134.581258,34.011314],[134.581298,34.011331],[134.581496,34.011488],[134.581537,34.011517],[134.581559,34.011573],[134.581677,34.011588],[134.581763,34.011597],[134.581858,34.01161],[134.581945,34.011621],[134.582064,34.011637],[134.582134,34.011647],[134.582247,34.011659],[134.58229,34.011594],[134.582273,34.011528],[134.582232,34.01136],[134.582214,34.011271],[134.583042,34.011106],[134.583502,34.011199],[134.583484,34.01124],[134.583365,34.01128],[134.58292,34.011465],[134.582265,34.011716],[134.581868,34.011693],[134.581929,34.012965],[134.582716,34.012985],[134.583299,34.012965],[134.583731,34.01295],[134.583541,34.013064],[134.583392,34.013158],[134.583302,34.013209],[134.583132,34.013307],[134.583062,34.01335],[134.582943,34.013423],[134.582728,34.01353],[134.582727,34.01353],[134.582522,34.013619],[134.582264,34.013706]]]},"properties":{"S_NAME":"小松島町字若井崎","HCODE":8101}},{"type":"Feature","geometry":{"type":"Polygon","coordinates":[[[134.584215,34.012616],[134.584182,34.012629],[134.584025,34.012751],[134.583809,34.012904],[134.583731,34.01295],[134.583299,34.012965],[134.582716,34.012985],[134.581929,34.012965],[134.581868,34.011693],[134.582265,34.011716],[134.58292,34.011465],[134.583365,34.01128],[134.583484,34.01124],[134.583502,34.011199],[134.583711,34.01068],[134.583762,34.010677],[134.584154,34.010655],[134.584377,34.010645],[134.585113,34.010597],[134.585119,34.010662],[134.585099,34.011125],[134.585096,34.011506],[134.584309,34.011466],[134.584215,34.012616]]]},"properties":{"S_NAME":"小松島町字井利ノ口","HCODE":8101}},{"type":"Feature","geometry":{"type":"Polygon","coordinates":[[[134.583502,34.011199],[134.583042,34.011106],[134.582214,34.011271],[134.582232,34.01136],[134.582273,34.011528],[134.58229,34.011594],[134.582247,34.011659],[134.582134,34.011647],[134.582064,34.011637],[134.581945,34.011621],[134.581858,34.01161],[134.581763,34.011597],[134.581677,34.011588],[134.581559,34.011573],[134.581537,34.011517],[134.581496,34.011488],[134.581298,34.011331],[134.581258,34.011314],[134.581175,34.011343],[134.581023,34.011395],[134.580936,34.01142],[134.580803,34.011453],[134.580732,34.011221],[134.580816,34.01115],[134.580889,34.011081],[134.580961,34.011],[134.581031,34.010902],[134.581119,34.010757],[134.581167,34.010679],[134.581172,34.010628],[134.581169,34.010568],[134.581562,34.009997],[134.581624,34.009908],[134.581674,34.009855],[134.581738,34.009809],[134.581809,34.009778],[134.58192,34.009756],[134.581971,34.010111],[134.583173,34.010077],[134.583187,34.010093],[134.583375,34.010329],[134.583651,34.010686],[134.583711,34.01068],[134.583502,34.011199]]]},"properties":{"S_NAME":"小松島町字房浜","HCODE":8101}},{"type":"Feature","geometry":{"type":"Polygon","coordinates":[[[134.584377,34.010645],[134.584154,34.010655],[134.583762,34.010677],[134.583711,34.01068],[134.583651,34.010686],[134.583375,34.010329],[134.583187,34.010093],[134.583173,34.010077],[134.581971,34.010111],[134.58192,34.009756],[134.58417,34.009375],[134.584201,34.009471],[134.584236,34.009578],[134.584362,34.010043],[134.584377,34.010645]]]},"properties":{"S_NAME":"小松島町字外開","HCODE":8101}},{"type":"Feature","geometry":{"type":"Polygon","coordinates":[[[134.588237,34.008676],[134.58823,34.009254],[134.58823,34.009263],[134.588473,34.009231],[134.589667,34.008471],[134.590108,34.008184],[134.590212,34.008117],[134.590984,34.00794],[134.590992,34.007917],[134.591509,34.007785],[134.591524,34.007781],[134.59155,34.007781],[134.591574,34.007794],[134.591738,34.007951],[134.591712,34.008195],[134.591755,34.008199],[134.591756,34.008192],[134.591787,34.008195],[134.591788,34.008188],[134.591809,34.008188],[134.591808,34.008205],[134.591852,34.008208],[134.591858,34.008141],[134.591844,34.00814],[134.591846,34.008119],[134.591859,34.008119],[134.591863,34.008071],[134.591825,34.008068],[134.591829,34.008017],[134.59187,34.00802],[134.591877,34.007959],[134.591866,34.007958],[134.591868,34.007938],[134.591901,34.00794],[134.591899,34.007962],[134.591891,34.007961],[134.591874,34.00812],[134.591885,34.008121],[134.591883,34.008142],[134.591869,34.008142],[134.591863,34.008197],[134.591871,34.008198],[134.591866,34.008247],[134.591862,34.008247],[134.591857,34.008295],[134.591874,34.008297],[134.591873,34.008317],[134.591837,34.008314],[134.591842,34.008264],[134.591775,34.008259],[134.591776,34.008246],[134.591718,34.008242],[134.591718,34.008245],[134.591705,34.008244],[134.591685,34.008453],[134.591679,34.008512],[134.591668,34.008513],[134.591658,34.008626],[134.591669,34.008628],[134.591651,34.008814],[134.591623,34.009087],[134.592587,34.008758],[134.592628,34.008839],[134.591724,34.009154],[134.591741,34.009191],[134.591776,34.00927],[134.591809,34.009343],[134.59159,34.009415],[134.59153,34.010082],[134.591627,34.010052],[134.591661,34.010124],[134.59174,34.010097],[134.591749,34.010111],[134.592203,34.009961],[134.592214,34.009982],[134.592237,34.009986],[134.592418,34.009928],[134.592414,34.009912],[134.592483,34.009888],[134.592501,34.009924],[134.59244,34.00995],[134.592393,34.009993],[134.591674,34.01024],[134.591679,34.010264],[134.591621,34.010283],[134.591605,34.010305],[134.591636,34.010368],[134.591496,34.010433],[134.591482,34.01059],[134.59147,34.01059],[134.591463,34.010643],[134.591477,34.010646],[134.591448,34.010925],[134.589065,34.011093],[134.589028,34.011472],[134.589011,34.011472],[134.589003,34.011553],[134.589017,34.011557],[134.588985,34.011909],[134.590158,34.011989],[134.591338,34.012074],[134.591336,34.012114],[134.591431,34.012121],[134.591436,34.01208],[134.591527,34.012088],[134.591517,34.012159],[134.591484,34.012157],[134.591473,34.012256],[134.591547,34.012262],[134.591548,34.012262],[134.591801,34.01228],[134.591804,34.012294],[134.591848,34.012297],[134.591854,34.012285],[134.592118,34.012306],[134.59213,34.012187],[134.592134,34.012142],[134.592213,34.012147],[134.592208,34.012197],[134.592157,34.012193],[134.592145,34.012309],[134.592186,34.012312],[134.592142,34.012956],[134.592132,34.013109],[134.592089,34.013654],[134.5918,34.013642],[134.591711,34.014535],[134.592162,34.014488],[134.593611,34.01502],[134.594049,34.015181],[134.594034,34.015209],[134.593974,34.015187],[134.593976,34.015178],[134.593612,34.015041],[134.593323,34.014933],[134.593311,34.014945],[134.592687,34.014717],[134.592669,34.014752],[134.592724,34.014772],[134.592615,34.014977],[134.592456,34.014918],[134.592565,34.014713],[134.592629,34.014737],[134.592647,34.014703],[134.592153,34.014522],[134.591484,34.014597],[134.591467,34.0146],[134.591431,34.014385],[134.59141,34.014278],[134.591362,34.014005],[134.591211,34.013324],[134.590348,34.01328],[134.58978,34.013255],[134.589119,34.013237],[134.587972,34.013199],[134.587084,34.013185],[134.586229,34.013162],[134.58526,34.013125],[134.584661,34.013106],[134.58471,34.013043],[134.584741,34.013015],[134.58488,34.012927],[134.584984,34.012867],[134.585056,34.012815],[134.585132,34.012753],[134.585206,34.012681],[134.585271,34.012601],[134.585317,34.012521],[134.585352,34.012454],[134.585378,34.012383],[134.585394,34.012324],[134.58542,34.012268],[134.585474,34.012226],[134.585551,34.012166],[134.58576,34.012025],[134.58651,34.011494],[134.586374,34.011353],[134.586096,34.011068],[134.586144,34.010991],[134.586377,34.010798],[134.586521,34.010683],[134.586657,34.010596],[134.58678,34.010541],[134.586855,34.0105],[134.586914,34.01045],[134.586991,34.010371],[134.587472,34.010005],[134.588117,34.009989],[134.588151,34.008692],[134.588237,34.008676]]]},"properties":{"S_NAME":"小松島町字新港","HCODE":8101}},{"type":"Feature","geometry":{"type":"Polygon","coordinates":[[[134.586096,34.011068],[134.586374,34.011353],[134.58651,34.011494],[134.58576,34.012025],[134.585551,34.012166],[134.585474,34.012226],[134.58542,34.012268],[134.585394,34.012324],[134.585378,34.012383],[134.585352,34.012454],[134.585317,34.012521],[134.585271,34.012601],[134.585206,34.012681],[134.585132,34.012753],[134.585056,34.012815],[134.584984,34.012867],[134.58488,34.012927],[134.584741,34.013015],[134.58471,34.013043],[134.584661,34.013106],[134.584195,34.013088],[134.584215,34.012616],[134.584309,34.011466],[134.585096,34.011506],[134.585099,34.011125],[134.585119,34.010662],[134.585113,34.010597],[134.586069,34.010563],[134.586093,34.011029],[134.586096,34.011068]]]},"properties":{"S_NAME":"小松島町字北開","HCODE":8101}},{"type":"Feature","geometry":{"type":"Polygon","coordinates":[[[134.588151,34.008692],[134.588117,34.009989],[134.587472,34.010005],[134.586991,34.010371],[134.586914,34.01045],[134.586855,34.0105],[134.58678,34.010541],[134.586069,34.010563],[134.585113,34.010597],[134.584377,34.010645],[134.584362,34.010043],[134.584236,34.009578],[134.584201,34.009471],[134.58417,34.009375],[134.584788,34.009266],[134.585988,34.009062],[134.58702,34.008887],[134.588151,34.008692]]]},"properties":{"S_NAME":"小松島町字外開","HCODE":8101}},{"type":"Feature","geometry":{"type":"Polygon","coordinates":[[[134.58678,34.010541],[134.586657,34.010596],[134.586521,34.010683],[134.586377,34.010798],[134.586144,34.010991],[134.586096,34.011068],[134.586093,34.011029],[134.586069,34.010563],[134.58678,34.010541]]]},"properties":{"S_NAME":"小松島町字網渕","HCODE":8101}},{"type":"Feature","geometry":{"type":"Polygon","coordinates":[[[134.598445,34.016331],[134.598387,34.016315],[134.597067,34.016018],[134.59587,34.015747],[134.594661,34.016009],[134.594337,34.016079],[134.594209,34.015684],[134.594251,34.015609],[134.594254,34.015609],[134.594269,34.015585],[134.594241,34.015573],[134.594226,34.015596],[134.594236,34.015602],[134.594181,34.015689],[134.594181,34.01569],[134.594179,34.01569],[134.594156,34.01569],[134.594156,34.015694],[134.594071,34.01571],[134.594178,34.016083],[134.593532,34.016509],[134.593221,34.016536],[134.593101,34.016547],[134.593215,34.016335],[134.592881,34.016188],[134.592985,34.015806],[134.592933,34.015492],[134.592709,34.015408],[134.592682,34.01546],[134.592877,34.015534],[134.592915,34.015791],[134.592745,34.016411],[134.591833,34.016038],[134.591814,34.016067],[134.591706,34.015598],[134.591744,34.015593],[134.591591,34.01476],[134.591513,34.014767],[134.591489,34.014625],[134.591484,34.014597],[134.592153,34.014522],[134.592647,34.014703],[134.592629,34.014737],[134.592565,34.014713],[134.592456,34.014918],[134.592615,34.014977],[134.592724,34.014772],[134.592669,34.014752],[134.592687,34.014717],[134.593311,34.014945],[134.593323,34.014933],[134.593612,34.015041],[134.593976,34.015178],[134.593974,34.015187],[134.594034,34.015209],[134.594049,34.015181],[134.593611,34.01502],[134.592162,34.014488],[134.591711,34.014535],[134.5918,34.013642],[134.592089,34.013654],[134.592132,34.013109],[134.592142,34.012956],[134.592186,34.012312],[134.592145,34.012309],[134.592157,34.012193],[134.592208,34.012197],[134.592213,34.012147],[134.592134,34.012142],[134.59213,34.012187],[134.592118,34.012306],[134.591854,34.012285],[134.591848,34.012297],[134.591804,34.012294],[134.591801,34.01228],[134.591548,34.012262],[134.591547,34.012262],[134.591473,34.012256],[134.591484,34.012157],[134.591517,34.012159],[134.591527,34.012088],[134.591436,34.01208],[134.591431,34.012121],[134.591336,34.012114],[134.591338,34.012074],[134.590158,34.011989],[134.588985,34.011909],[134.589017,34.011557],[134.589003,34.011553],[134.589011,34.011472],[134.589028,34.011472],[134.589065,34.011093],[134.591448,34.010925],[134.591477,34.010646],[134.591463,34.010643],[134.59147,34.01059],[134.591482,34.01059],[134.591496,34.010433],[134.591636,34.010368],[134.591605,34.010305],[134.591621,34.010283],[134.591679,34.010264],[134.591674,34.01024],[134.592393,34.009993],[134.59244,34.00995],[134.592501,34.009924],[134.592483,34.009888],[134.592414,34.009912],[134.592418,34.009928],[134.592237,34.009986],[134.592214,34.009982],[134.592203,34.009961],[134.591749,34.010111],[134.59174,34.010097],[134.591661,34.010124],[134.591627,34.010052],[134.59153,34.010082],[134.59159,34.009415],[134.591809,34.009343],[134.591776,34.00927],[134.591741,34.009191],[134.591724,34.009154],[134.592628,34.008839],[134.592587,34.008758],[134.591623,34.009087],[134.591651,34.008814],[134.591669,34.008628],[134.591658,34.008626],[134.591668,34.008513],[134.591679,34.008512],[134.591685,34.008453],[134.591705,34.008244],[134.591718,34.008245],[134.591718,34.008242],[134.591776,34.008246],[134.591775,34.008259],[134.591842,34.008264],[134.591837,34.008314],[134.591873,34.008317],[134.591874,34.008297],[134.591857,34.008295],[134.591862,34.008247],[134.591866,34.008247],[134.591871,34.008198],[134.591863,34.008197],[134.591869,34.008142],[134.591883,34.008142],[134.591885,34.008121],[134.591874,34.00812],[134.591891,34.007961],[134.591899,34.007962],[134.591901,34.00794],[134.591868,34.007938],[134.591866,34.007958],[134.591877,34.007959],[134.59187,34.00802],[134.591829,34.008017],[134.591825,34.008068],[134.591863,34.008071],[134.591859,34.008119],[134.591846,34.008119],[134.591844,34.00814],[134.591858,34.008141],[134.591852,34.008208],[134.591808,34.008205],[134.591809,34.008188],[134.591788,34.008188],[134.591787,34.008195],[134.591756,34.008192],[134.591755,34.008199],[134.591712,34.008195],[134.591738,34.007951],[134.591574,34.007794],[134.59155,34.007781],[134.591524,34.007781],[134.591509,34.007785],[134.590992,34.007917],[134.590984,34.00794],[134.590212,34.008117],[134.590108,34.008184],[134.589667,34.008471],[134.588473,34.009231],[134.58823,34.009263],[134.58823,34.009254],[134.588237,34.008676],[134.588239,34.008483],[134.588239,34.008296],[134.588238,34.008271],[134.588387,34.007969],[134.588415,34.007961],[134.588425,34.007988],[134.588573,34.007951],[134.588562,34.007919],[134.588613,34.007903],[134.58867,34.007878],[134.588694,34.00786],[134.588738,34.007822],[134.588792,34.007766],[134.58883,34.007793],[134.588885,34.007736],[134.588895,34.007745],[134.58928,34.007369],[134.589288,34.007374],[134.589364,34.007304],[134.589336,34.00728],[134.589313,34.0073],[134.589282,34.007278],[134.589348,34.007212],[134.589431,34.007124],[134.589498,34.007065],[134.589577,34.007108],[134.5896,34.007079],[134.589565,34.007059],[134.589551,34.007072],[134.589517,34.007048],[134.589519,34.007047],[134.589615,34.006975],[134.589627,34.006965],[134.589868,34.006788],[134.590061,34.006678],[134.590092,34.006707],[134.590114,34.00669],[134.590129,34.006703],[134.590185,34.006661],[134.590177,34.006653],[134.590239,34.006607],[134.590284,34.006649],[134.590403,34.00656],[134.590317,34.00648],[134.590546,34.00631],[134.590527,34.006223],[134.590522,34.006197],[134.590617,34.006135],[134.590616,34.006106],[134.590714,34.006091],[134.590725,34.006112],[134.590803,34.006099],[134.590603,34.00561],[134.590732,34.005601],[134.590736,34.005639],[134.590738,34.005649],[134.59075,34.005648],[134.590749,34.005644],[134.59077,34.005643],[134.59077,34.005647],[134.590783,34.005647],[134.590782,34.005637],[134.590776,34.005637],[134.590773,34.005598],[134.590873,34.005591],[134.591069,34.005979],[134.591056,34.005985],[134.591117,34.006109],[134.591186,34.006085],[134.591157,34.006011],[134.591375,34.006161],[134.591325,34.006223],[134.591451,34.006309],[134.591634,34.006655],[134.59169,34.006634],[134.591712,34.006678],[134.591725,34.006674],[134.591743,34.006666],[134.591723,34.006631],[134.591706,34.006638],[134.591546,34.006342],[134.591565,34.006335],[134.591521,34.006253],[134.592519,34.005877],[134.592593,34.005967],[134.593456,34.007024],[134.593006,34.007278],[134.592388,34.006888],[134.592233,34.0069],[134.592233,34.006892],[134.592191,34.006896],[134.592196,34.006932],[134.591865,34.006961],[134.591869,34.006991],[134.59226,34.006955],[134.592383,34.006944],[134.592603,34.007084],[134.592998,34.007338],[134.59301,34.007346],[134.593015,34.007347],[134.593498,34.007074],[134.59349,34.007064],[134.593479,34.007049],[134.593509,34.007033],[134.593524,34.007024],[134.593593,34.006985],[134.593666,34.007076],[134.593668,34.007079],[134.593661,34.007084],[134.593681,34.007111],[134.593717,34.007091],[134.593694,34.007062],[134.593681,34.007069],[134.593607,34.006977],[134.593602,34.006971],[134.593828,34.006844],[134.593895,34.006935],[134.593882,34.006945],[134.593909,34.006982],[134.594036,34.00691],[134.593938,34.006779],[134.594183,34.006643],[134.594187,34.006585],[134.594232,34.006569],[134.594256,34.006596],[134.596158,34.005514],[134.596206,34.005568],[134.596217,34.005562],[134.596243,34.005587],[134.596248,34.005585],[134.597668,34.007301],[134.597653,34.007311],[134.597712,34.007384],[134.598198,34.008696],[134.59861,34.010029],[134.599107,34.011654],[134.599492,34.012861],[134.599502,34.01289],[134.599752,34.013657],[134.599773,34.013728],[134.599805,34.013723],[134.599814,34.013755],[134.599659,34.014088],[134.599643,34.014122],[134.599607,34.01411],[134.598907,34.015456],[134.598445,34.016331]]]},"properties":{"S_NAME":"小松島町","HCODE":8154}},{"type":"Feature","geometry":{"type":"Polygon","coordinates":[[[134.580803,34.011453],[134.580781,34.011459],[134.580779,34.011482],[134.580586,34.011669],[134.58022,34.011829],[134.580193,34.011835],[134.580136,34.011714],[134.580028,34.011743],[134.579936,34.011784],[134.579816,34.011805],[134.579664,34.011812],[134.579478,34.011803],[134.57933,34.011791],[134.579161,34.01177],[134.578982,34.01173],[134.578823,34.011678],[134.578701,34.011622],[134.578584,34.011554],[134.578498,34.011501],[134.578389,34.011429],[134.578291,34.011357],[134.578187,34.011273],[134.578168,34.011255],[134.578074,34.011166],[134.577999,34.011075],[134.577936,34.010996],[134.577873,34.010889],[134.577831,34.01081],[134.577795,34.010732],[134.577765,34.01063],[134.577737,34.010538],[134.57771,34.010444],[134.57767,34.010313],[134.577626,34.010149],[134.577579,34.009977],[134.577576,34.009898],[134.577568,34.009801],[134.577546,34.009698],[134.577513,34.009573],[134.577473,34.009397],[134.577469,34.009269],[134.57747,34.009144],[134.577482,34.009038],[134.577493,34.008908],[134.577505,34.008792],[134.577527,34.008572],[134.577533,34.008379],[134.577536,34.008273],[134.577505,34.008167],[134.577431,34.008016],[134.577363,34.007924],[134.577288,34.007828],[134.577215,34.007735],[134.577185,34.007679],[134.57711,34.007575],[134.577051,34.007508],[134.577003,34.00746],[134.576962,34.007427],[134.576874,34.007384],[134.576821,34.007342],[134.576768,34.007287],[134.576679,34.007202],[134.576615,34.007146],[134.576544,34.007102],[134.576449,34.00706],[134.576365,34.007031],[134.576272,34.007002],[134.57618,34.006969],[134.576094,34.006936],[134.575988,34.006909],[134.57589,34.006887],[134.575802,34.006877],[134.575685,34.006855],[134.575611,34.006837],[134.575505,34.006814],[134.575405,34.006794],[134.575313,34.006768],[134.575233,34.006741],[134.575147,34.006713],[134.575042,34.006683],[134.574948,34.006651],[134.574866,34.006623],[134.574796,34.006598],[134.574725,34.006571],[134.574662,34.006541],[134.57458,34.006506],[134.574504,34.006479],[134.574405,34.006453],[134.57433,34.006429],[134.574255,34.006407],[134.574146,34.006376],[134.574076,34.00636],[134.573993,34.006343],[134.573884,34.006329],[134.573689,34.006315],[134.573765,34.006212],[134.57407,34.005712],[134.574281,34.00538],[134.575306,34.005703],[134.577408,34.006369],[134.577438,34.006381],[134.578006,34.006561],[134.578163,34.006618],[134.578259,34.006644],[134.578329,34.00666],[134.578385,34.00667],[134.578496,34.006694],[134.578609,34.00671],[134.57872,34.006721],[134.578885,34.006718],[134.578981,34.006708],[134.579132,34.006685],[134.579369,34.006641],[134.579886,34.006534],[134.580027,34.006507],[134.580047,34.006581],[134.580123,34.006787],[134.580325,34.007062],[134.580765,34.007614],[134.58141,34.008446],[134.581492,34.008459],[134.581712,34.008448],[134.581812,34.009025],[134.581892,34.009572],[134.58192,34.009756],[134.581809,34.009778],[134.581738,34.009809],[134.581674,34.009855],[134.581624,34.009908],[134.581562,34.009997],[134.581169,34.010568],[134.581172,34.010628],[134.581167,34.010679],[134.581119,34.010757],[134.581031,34.010902],[134.580961,34.011],[134.580889,34.011081],[134.580816,34.01115],[134.580732,34.011221],[134.580803,34.011453]]]},"properties":{"S_NAME":"神田瀬町","HCODE":8101}},{"type":"Feature","geometry":{"type":"Polygon","coordinates":[[[134.588151,34.008692],[134.58702,34.008887],[134.585988,34.009062],[134.584788,34.009266],[134.58417,34.009375],[134.58192,34.009756],[134.581892,34.009572],[134.581812,34.009025],[134.581712,34.008448],[134.581492,34.008459],[134.58141,34.008446],[134.580765,34.007614],[134.581283,34.007487],[134.581696,34.007392],[134.582808,34.007153],[134.583706,34.006964],[134.585048,34.006679],[134.585401,34.006617],[134.586461,34.006413],[134.586293,34.006833],[134.58627,34.006907],[134.586193,34.007192],[134.586188,34.007213],[134.585985,34.00793],[134.586854,34.00805],[134.587,34.008069],[134.587274,34.008101],[134.587531,34.008134],[134.588133,34.0082],[134.588151,34.008692]]]},"properties":{"S_NAME":"松島町","HCODE":8101}},{"type":"Feature","geometry":{"type":"Polygon","coordinates":[[[134.586225,34.005484],[134.586519,34.006239],[134.586476,34.006372],[134.586461,34.006413],[134.585401,34.006617],[134.585048,34.006679],[134.583706,34.006964],[134.582808,34.007153],[134.581696,34.007392],[134.581283,34.007487],[134.580765,34.007614],[134.580325,34.007062],[134.580123,34.006787],[134.580047,34.006581],[134.580027,34.006507],[134.581243,34.006259],[134.581755,34.006154],[134.582239,34.006034],[134.583352,34.005882],[134.58428,34.005791],[134.584318,34.005787],[134.584352,34.005782],[134.584417,34.005775],[134.584428,34.005773],[134.584812,34.005728],[134.585426,34.00563],[134.586184,34.005498],[134.586225,34.005484]]]},"properties":{"S_NAME":"堀川町","HCODE":8101}},{"type":"Feature","geometry":{"type":"Polygon","coordinates":[[[134.592593,34.005967],[134.592519,34.005877],[134.591521,34.006253],[134.591565,34.006335],[134.591546,34.006342],[134.591706,34.006638],[134.591723,34.006631],[134.591743,34.006666],[134.591725,34.006674],[134.591712,34.006678],[134.59169,34.006634],[134.591634,34.006655],[134.591451,34.006309],[134.591325,34.006223],[134.591375,34.006161],[134.591157,34.006011],[134.591186,34.006085],[134.591117,34.006109],[134.591056,34.005985],[134.591069,34.005979],[134.590873,34.005591],[134.590773,34.005598],[134.590776,34.005637],[134.590782,34.005637],[134.590783,34.005647],[134.59077,34.005647],[134.59077,34.005643],[134.590749,34.005644],[134.59075,34.005648],[134.590738,34.005649],[134.590736,34.005639],[134.590732,34.005601],[134.590603,34.00561],[134.590803,34.006099],[134.590725,34.006112],[134.590714,34.006091],[134.590616,34.006106],[134.590617,34.006135],[134.590522,34.006197],[134.590527,34.006223],[134.590546,34.00631],[134.590317,34.00648],[134.590403,34.00656],[134.590284,34.006649],[134.590239,34.006607],[134.590177,34.006653],[134.590185,34.006661],[134.590129,34.006703],[134.590114,34.00669],[134.590092,34.006707],[134.590061,34.006678],[134.589868,34.006788],[134.589627,34.006965],[134.589615,34.006975],[134.589519,34.007047],[134.589517,34.007048],[134.589551,34.007072],[134.589565,34.007059],[134.5896,34.007079],[134.589577,34.007108],[134.589498,34.007065],[134.589431,34.007124],[134.589348,34.007212],[134.589282,34.007278],[134.589313,34.0073],[134.589336,34.00728],[134.589364,34.007304],[134.589288,34.007374],[134.58928,34.007369],[134.588895,34.007745],[134.588885,34.007736],[134.58883,34.007793],[134.588792,34.007766],[134.588738,34.007822],[134.588694,34.00786],[134.58867,34.007878],[134.588613,34.007903],[134.588562,34.007919],[134.588573,34.007951],[134.588425,34.007988],[134.588415,34.007961],[134.588387,34.007969],[134.588238,34.008271],[134.588239,34.008296],[134.588239,34.008483],[134.588237,34.008676],[134.588151,34.008692],[134.588133,34.0082],[134.587531,34.008134],[134.587274,34.008101],[134.587,34.008069],[134.586854,34.00805],[134.585985,34.00793],[134.586188,34.007213],[134.586193,34.007192],[134.58627,34.006907],[134.586293,34.006833],[134.586461,34.006413],[134.586476,34.006372],[134.586519,34.006239],[134.586225,34.005484],[134.588196,34.004847],[134.588572,34.004745],[134.588616,34.00477],[134.588659,34.004772],[134.589027,34.005113],[134.589069,34.00516],[134.589566,34.005607],[134.590731,34.005548],[134.591283,34.005508],[134.591915,34.005453],[134.592032,34.005454],[134.592414,34.005557],[134.592467,34.005576],[134.592518,34.005593],[134.592552,34.005626],[134.592595,34.005678],[134.592625,34.005749],[134.592641,34.00582],[134.592633,34.00591],[134.592593,34.005967]]]},"properties":{"S_NAME":"南小松島町","HCODE":8101}},{"type":"Feature","geometry":{"type":"Polygon","coordinates":[[[134.600625,33.998557],[134.600511,33.99862],[134.600507,33.998643],[134.600538,33.998677],[134.600487,33.998709],[134.600452,33.998669],[134.600433,33.998672],[134.600339,33.998715],[134.600283,33.998745],[134.600223,33.998779],[134.600158,33.998817],[134.60009,33.99886],[134.600037,33.998895],[134.600032,33.998914],[134.600042,33.998922],[134.599994,33.998963],[134.59996,33.998934],[134.599932,33.998938],[134.599923,33.998943],[134.599896,33.998962],[134.599853,33.998994],[134.599797,33.999039],[134.599727,33.999097],[134.599644,33.999166],[134.599552,33.999243],[134.599453,33.999328],[134.599402,33.999368],[134.599314,33.999432],[134.599377,33.999481],[134.59933,33.999523],[134.599263,33.999471],[134.599135,33.999565],[134.598997,33.999665],[134.598867,33.999762],[134.598847,33.999778],[134.598888,33.999815],[134.598834,33.999856],[134.598793,33.999819],[134.598772,33.999836],[134.598673,33.999915],[134.598565,34.00001],[134.598458,34.000115],[134.598361,34.000214],[134.598232,34.000361],[134.598056,34.000562],[134.59786,34.000779],[134.597679,34.000979],[134.597528,34.001156],[134.597391,34.001314],[134.597258,34.001475],[134.597124,34.001648],[134.598906,34.003322],[134.599299,34.003692],[134.598973,34.00388],[134.596198,34.005478],[134.597559,34.007124],[134.597693,34.007286],[134.597705,34.007281],[134.597764,34.007352],[134.597712,34.007384],[134.597653,34.007311],[134.597668,34.007301],[134.596248,34.005585],[134.596243,34.005587],[134.596217,34.005562],[134.596206,34.005568],[134.596158,34.005514],[134.594256,34.006596],[134.594232,34.006569],[134.594187,34.006585],[134.594183,34.006643],[134.593938,34.006779],[134.594036,34.00691],[134.593909,34.006982],[134.593882,34.006945],[134.593895,34.006935],[134.593828,34.006844],[134.593602,34.006971],[134.593607,34.006977],[134.593681,34.007069],[134.593694,34.007062],[134.593717,34.007091],[134.593681,34.007111],[134.593661,34.007084],[134.593668,34.007079],[134.593666,34.007076],[134.593593,34.006985],[134.593524,34.007024],[134.593509,34.007033],[134.593479,34.007049],[134.59349,34.007064],[134.593498,34.007074],[134.593015,34.007347],[134.59301,34.007346],[134.592998,34.007338],[134.592603,34.007084],[134.592383,34.006944],[134.59226,34.006955],[134.591869,34.006991],[134.591865,34.006961],[134.592196,34.006932],[134.592191,34.006896],[134.592233,34.006892],[134.592233,34.0069],[134.592388,34.006888],[134.593006,34.007278],[134.593456,34.007024],[134.592593,34.005967],[134.592633,34.00591],[134.592641,34.00582],[134.592625,34.005749],[134.592595,34.005678],[134.592552,34.005626],[134.592518,34.005593],[134.592467,34.005576],[134.592414,34.005557],[134.592032,34.005454],[134.591915,34.005453],[134.591283,34.005508],[134.590731,34.005548],[134.589566,34.005607],[134.589069,34.00516],[134.589278,34.005057],[134.589405,34.004984],[134.589648,34.004833],[134.589795,34.004723],[134.590051,34.004516],[134.590211,34.004371],[134.590327,34.004248],[134.590417,34.004147],[134.590504,34.004042],[134.590666,34.003825],[134.590779,34.00365],[134.590897,34.00344],[134.590929,34.003312],[134.591024,34.003052],[134.591138,34.002704],[134.591223,34.002383],[134.591334,34.001956],[134.591492,34.001425],[134.591817,34.000208],[134.591932,33.999812],[134.592014,33.999567],[134.592069,33.999444],[134.592187,33.999226],[134.592294,33.999049],[134.59243,33.998843],[134.592594,33.998646],[134.59286,33.998315],[134.592901,33.998299],[134.592932,33.998273],[134.593738,33.997383],[134.594205,33.996843],[134.595232,33.995743],[134.596117,33.994729],[134.596118,33.994678],[134.596557,33.99417],[134.597405,33.994751],[134.597777,33.995004],[134.59842,33.995461],[134.598433,33.995468],[134.59873,33.995637],[134.598922,33.995777],[134.598947,33.995808],[134.599029,33.995913],[134.599083,33.995979],[134.59916,33.996082],[134.599174,33.996102],[134.599411,33.9964],[134.599546,33.996558],[134.599598,33.996582],[134.599752,33.996916],[134.599786,33.997001],[134.599828,33.997087],[134.599917,33.997263],[134.600017,33.99743],[134.60011,33.997595],[134.600212,33.997755],[134.60025,33.997786],[134.600374,33.998013],[134.60045,33.998192],[134.600531,33.998384],[134.600615,33.998511],[134.600628,33.998533],[134.600625,33.998557]]]},"properties":{"S_NAME":"横須町","HCODE":8101}},{"type":"Feature","geometry":{"type":"Polygon","coordinates":[[[134.609369,33.992885],[134.609552,33.993],[134.609565,33.993008],[134.609615,33.99304],[134.609737,33.993117],[134.609919,33.993234],[134.610104,33.993354],[134.610299,33.993479],[134.610503,33.993607],[134.610706,33.993732],[134.610888,33.993848],[134.611048,33.993954],[134.611203,33.994053],[134.611364,33.99415],[134.611445,33.994201],[134.611528,33.994257],[134.611611,33.994319],[134.611693,33.994387],[134.611869,33.994549],[134.612074,33.994746],[134.612078,33.994751],[134.612333,33.994989],[134.612605,33.995238],[134.612853,33.995466],[134.613077,33.99567],[134.613314,33.995888],[134.613585,33.996137],[134.613852,33.996382],[134.614057,33.996571],[134.614284,33.996786],[134.614252,33.996814],[134.61423,33.996829],[134.61403,33.99698],[134.613977,33.99702],[134.613829,33.997133],[134.613618,33.997295],[134.613402,33.99746],[134.612696,33.997998],[134.612391,33.997723],[134.612089,33.997451],[134.611797,33.997184],[134.611236,33.996663],[134.611042,33.996608],[134.610817,33.996545],[134.610529,33.996466],[134.609607,33.996217],[134.609569,33.996206],[134.609498,33.996199],[134.609448,33.996189],[134.609387,33.996175],[134.609174,33.996118],[134.609163,33.996116],[134.60915,33.996113],[134.609138,33.996113],[134.609125,33.996113],[134.609109,33.996117],[134.609057,33.996141],[134.609009,33.996167],[134.608953,33.996193],[134.608897,33.996216],[134.608848,33.996232],[134.608804,33.996243],[134.608788,33.996247],[134.608751,33.996257],[134.608678,33.996279],[134.608595,33.996311],[134.60852,33.996351],[134.608478,33.996379],[134.608449,33.996403],[134.608434,33.99642],[134.608424,33.996436],[134.608419,33.996454],[134.608418,33.9965],[134.608416,33.996504],[134.60841,33.996505],[134.60838,33.996497],[134.608355,33.996495],[134.608333,33.996498],[134.608319,33.9965],[134.608222,33.996535],[134.608149,33.996554],[134.608069,33.996576],[134.607989,33.9966],[134.607906,33.996625],[134.607887,33.996629],[134.607862,33.99663],[134.607841,33.996623],[134.607832,33.996617],[134.607825,33.996609],[134.607792,33.996563],[134.607775,33.996546],[134.607757,33.996533],[134.607716,33.996511],[134.607685,33.996497],[134.607671,33.996494],[134.607662,33.996497],[134.607656,33.996502],[134.607651,33.996512],[134.607643,33.996543],[134.607637,33.996554],[134.607627,33.996562],[134.607613,33.99657],[134.607558,33.996591],[134.60754,33.996596],[134.607505,33.996601],[134.60747,33.996597],[134.607436,33.996588],[134.607406,33.996576],[134.607362,33.996551],[134.607341,33.996532],[134.607333,33.996522],[134.607329,33.996509],[134.607327,33.996498],[134.60733,33.996483],[134.607337,33.996461],[134.60737,33.996397],[134.607375,33.996383],[134.607378,33.996369],[134.607376,33.99633],[134.607381,33.996275],[134.607378,33.996258],[134.607375,33.996254],[134.607369,33.996248],[134.607361,33.996245],[134.607337,33.996243],[134.607305,33.996244],[134.6073,33.996242],[134.607295,33.996236],[134.607296,33.996216],[134.607301,33.996202],[134.607309,33.996194],[134.607321,33.996185],[134.60732,33.996107],[134.60729,33.996096],[134.607287,33.996095],[134.607237,33.996082],[134.607165,33.996072],[134.60707,33.996066],[134.606966,33.996066],[134.606863,33.99607],[134.606764,33.996082],[134.606665,33.996098],[134.606566,33.996119],[134.606464,33.996143],[134.606352,33.996169],[134.606234,33.9962],[134.606105,33.996236],[134.605972,33.996275],[134.605834,33.996315],[134.605697,33.99635],[134.605575,33.99638],[134.605482,33.996406],[134.605408,33.996427],[134.605341,33.99645],[134.605245,33.996489],[134.605141,33.996535],[134.605048,33.996579],[134.604967,33.996622],[134.604876,33.996673],[134.604659,33.99679],[134.604629,33.996811],[134.60462,33.996818],[134.604601,33.996838],[134.604587,33.996855],[134.60457,33.996888],[134.604525,33.997043],[134.60487,33.997439],[134.604847,33.997455],[134.604486,33.997039],[134.604207,33.997128],[134.603929,33.997216],[134.60313,33.997467],[134.603128,33.997505],[134.603125,33.99755],[134.60312,33.997611],[134.603109,33.997683],[134.603097,33.997753],[134.603085,33.997802],[134.603077,33.997824],[134.603069,33.997832],[134.603064,33.997834],[134.603057,33.997826],[134.603048,33.997789],[134.603042,33.997736],[134.603038,33.99768],[134.603041,33.99763],[134.603047,33.997587],[134.603066,33.997518],[134.602999,33.99751],[134.602931,33.997505],[134.602862,33.997502],[134.602789,33.997504],[134.602718,33.997511],[134.602686,33.997516],[134.602644,33.997524],[134.602598,33.997536],[134.602561,33.997548],[134.60246,33.997588],[134.602344,33.997643],[134.602231,33.997699],[134.602132,33.997746],[134.602038,33.997794],[134.601934,33.997849],[134.601819,33.997913],[134.601703,33.997977],[134.601513,33.998078],[134.601115,33.998287],[134.601026,33.998337],[134.600934,33.998386],[134.600838,33.998439],[134.600733,33.998497],[134.600625,33.998557],[134.600628,33.998533],[134.600615,33.998511],[134.600531,33.998384],[134.60045,33.998192],[134.600374,33.998013],[134.60025,33.997786],[134.600212,33.997755],[134.60011,33.997595],[134.600017,33.99743],[134.599917,33.997263],[134.599828,33.997087],[134.599786,33.997001],[134.599752,33.996916],[134.599598,33.996582],[134.599546,33.996558],[134.599411,33.9964],[134.599174,33.996102],[134.59916,33.996082],[134.599083,33.995979],[134.599029,33.995913],[134.598947,33.995808],[134.598922,33.995777],[134.59873,33.995637],[134.598433,33.995468],[134.59842,33.995461],[134.597777,33.995004],[134.597405,33.994751],[134.596557,33.99417],[134.596535,33.994155],[134.598694,33.991669],[134.600281,33.989827],[134.600449,33.98963],[134.600781,33.989239],[134.601114,33.98885],[134.601635,33.988242],[134.602186,33.987621],[134.60383,33.985758],[134.60473,33.984722],[134.60478,33.98476],[134.604825,33.984825],[134.604858,33.984918],[134.604915,33.985064],[134.604943,33.985151],[134.605007,33.985304],[134.605082,33.985528],[134.605173,33.985501],[134.605189,33.985527],[134.605405,33.985504],[134.605405,33.985516],[134.605514,33.985526],[134.605453,33.985791],[134.605409,33.985977],[134.605896,33.986128],[134.605885,33.986154],[134.605915,33.986163],[134.605927,33.986137],[134.606005,33.986161],[134.605993,33.986198],[134.606061,33.986216],[134.606078,33.986176],[134.606152,33.986194],[134.606225,33.98622],[134.606261,33.986238],[134.606295,33.986259],[134.606357,33.986308],[134.606409,33.986357],[134.606493,33.98644],[134.60666,33.986347],[134.606938,33.98658],[134.607002,33.986627],[134.607019,33.98664],[134.607171,33.986745],[134.607324,33.986942],[134.607234,33.987012],[134.607329,33.987097],[134.607588,33.987329],[134.607646,33.987385],[134.607716,33.98746],[134.607773,33.987525],[134.607854,33.98763],[134.60793,33.987745],[134.607995,33.987853],[134.608079,33.988011],[134.608158,33.988164],[134.608231,33.988306],[134.608294,33.988427],[134.608349,33.988531],[134.608398,33.98862],[134.608551,33.98892],[134.608756,33.990269],[134.60888,33.991085],[134.6088,33.991097],[134.60889,33.991725],[134.608929,33.99172],[134.608935,33.991747],[134.608939,33.991787],[134.608986,33.99213],[134.608809,33.992152],[134.608788,33.992019],[134.608812,33.992015],[134.608759,33.991685],[134.608746,33.991684],[134.608737,33.991655],[134.608783,33.991641],[134.608782,33.991621],[134.605766,33.99245],[134.605868,33.993241],[134.605576,33.993316],[134.605571,33.993344],[134.605508,33.993343],[134.605254,33.99335],[134.605129,33.9935],[134.605098,33.993568],[134.60507,33.993804],[134.605106,33.993807],[134.605103,33.993824],[134.605811,33.993889],[134.605821,33.993901],[134.608304,33.993222],[134.608309,33.993221],[134.608319,33.993221],[134.60912,33.993268],[134.609163,33.993189],[134.609169,33.993176],[134.609218,33.993089],[134.609268,33.993013],[134.609369,33.992885]]]},"properties":{"S_NAME":"金磯町","HCODE":8101}},{"type":"Feature","geometry":{"type":"Polygon","coordinates":[[[134.609369,33.992885],[134.609268,33.993013],[134.609218,33.993089],[134.609169,33.993176],[134.609163,33.993189],[134.60912,33.993268],[134.608319,33.993221],[134.608309,33.993221],[134.608304,33.993222],[134.605821,33.993901],[134.605811,33.993889],[134.605103,33.993824],[134.605106,33.993807],[134.60507,33.993804],[134.605098,33.993568],[134.605129,33.9935],[134.605254,33.99335],[134.605508,33.993343],[134.605571,33.993344],[134.605576,33.993316],[134.605868,33.993241],[134.605766,33.99245],[134.608782,33.991621],[134.608783,33.991641],[134.608737,33.991655],[134.608746,33.991684],[134.608759,33.991685],[134.608812,33.992015],[134.608788,33.992019],[134.608809,33.992152],[134.608986,33.99213],[134.609369,33.992885]]]},"properties":{"S_NAME":"金磯町","HCODE":8154}},{"type":"Feature","geometry":{"type":"Polygon","coordinates":[[[134.576967,33.981673],[134.571848,33.984526],[134.575507,33.988065],[134.568719,33.986573],[134.568707,33.986543],[134.568356,33.986168],[134.568283,33.986139],[134.568049,33.986099],[134.567823,33.986039],[134.567594,33.985769],[134.567566,33.985602],[134.567762,33.985235],[134.568085,33.984982],[134.568333,33.984739],[134.568532,33.984571],[134.56873,33.984402],[134.568927,33.984076],[134.569186,33.983709],[134.569295,33.983426],[134.569305,33.983396],[134.569438,33.983225],[134.569517,33.983188],[134.569618,33.983139],[134.569842,33.983016],[134.570131,33.982923],[134.570443,33.982853],[134.570537,33.982828],[134.570623,33.982779],[134.570804,33.982735],[134.571007,33.982697],[134.571196,33.982696],[134.571377,33.98267],[134.571464,33.982639],[134.571599,33.982426],[134.57169,33.982111],[134.571751,33.98179],[134.571796,33.981571],[134.572023,33.981116],[134.57205,33.980941],[134.572,33.980795],[134.571963,33.980694],[134.572041,33.98064],[134.572164,33.98056],[134.572379,33.980359],[134.572463,33.980216],[134.572418,33.980068],[134.572489,33.979996],[134.572589,33.979907],[134.572728,33.979745],[134.572783,33.979596],[134.572735,33.979401],[134.572666,33.97937],[134.572601,33.979308],[134.572228,33.979109],[134.571985,33.979017],[134.571464,33.978909],[134.571157,33.978882],[134.570659,33.978892],[134.570388,33.978888],[134.570131,33.978849],[134.569946,33.978815],[134.569773,33.978674],[134.569572,33.978557],[134.569207,33.978412],[134.568844,33.97841],[134.568787,33.978386],[134.568765,33.978351],[134.568764,33.978274],[134.568763,33.97815],[134.568823,33.977859],[134.568848,33.977699],[134.568777,33.977563],[134.568629,33.977524],[134.568469,33.977475],[134.568333,33.977293],[134.568354,33.977089],[134.568363,33.976834],[134.568293,33.976616],[134.568229,33.976372],[134.568405,33.97578],[134.568339,33.975374],[134.568422,33.97519],[134.569331,33.974374],[134.569918,33.9738],[134.570135,33.973508],[134.570402,33.973348],[134.570511,33.973306],[134.570633,33.973305],[134.570921,33.973495],[134.571102,33.973637],[134.57136,33.973686],[134.571665,33.973659],[134.571757,33.973647],[134.57192,33.973528],[134.572052,33.973283],[134.572221,33.972676],[134.572229,33.972345],[134.572166,33.971901],[134.572147,33.971656],[134.57222,33.971517],[134.57231,33.971401],[134.572327,33.971296],[134.57228,33.971264],[134.572238,33.971192],[134.572004,33.970927],[134.571844,33.970514],[134.571837,33.970398],[134.571852,33.970331],[134.57199,33.970174],[134.572007,33.970082],[134.571923,33.969825],[134.571895,33.969484],[134.571883,33.969342],[134.571808,33.968293],[134.571801,33.968164],[134.571843,33.968083],[134.571901,33.968016],[134.572166,33.967871],[134.572733,33.967362],[134.573003,33.967155],[134.573233,33.966717],[134.573541,33.966063],[134.573621,33.96586],[134.573833,33.965667],[134.573882,33.965593],[134.574091,33.965127],[134.574066,33.964667],[134.574152,33.964407],[134.575548,33.96447],[134.576283,33.96452],[134.576708,33.964606],[134.577031,33.964659],[134.577463,33.964734],[134.577706,33.964749],[134.577951,33.964744],[134.578193,33.964725],[134.579062,33.964751],[134.579634,33.964791],[134.579965,33.964861],[134.580114,33.96491],[134.580262,33.964903],[134.580504,33.964918],[134.580892,33.964967],[134.581176,33.965055],[134.581311,33.965098],[134.581446,33.965159],[134.581629,33.965236],[134.581809,33.96536],[134.581958,33.965443],[134.582141,33.965498],[134.58233,33.965524],[134.582545,33.965539],[134.582929,33.965575],[134.580781,33.969239],[134.578848,33.972536],[134.57869,33.975022],[134.583053,33.979137],[134.580513,33.979696],[134.576967,33.981673]]]},"properties":{"S_NAME":"田野町字釿石","HCODE":8101}},{"type":"Feature","geometry":{"type":"Polygon","coordinates":[[[134.581992,33.989969],[134.581913,33.989953],[134.581823,33.989942],[134.581571,33.989961],[134.581366,33.990015],[134.581183,33.990089],[134.581043,33.990192],[134.580867,33.990317],[134.580733,33.990435],[134.580562,33.990571],[134.580334,33.990677],[134.580019,33.990778],[134.57965,33.990836],[134.579295,33.990856],[134.579062,33.990856],[134.578819,33.990843],[134.578561,33.990793],[134.578389,33.990752],[134.578221,33.990689],[134.578024,33.990563],[134.577822,33.990446],[134.577548,33.990318],[134.577388,33.990262],[134.577222,33.99021],[134.577064,33.990178],[134.576836,33.990127],[134.576746,33.990088],[134.576681,33.990064],[134.576621,33.990028],[134.576555,33.989955],[134.576493,33.989866],[134.576252,33.98954],[134.575507,33.988065],[134.571848,33.984526],[134.576967,33.981673],[134.580192,33.982989],[134.580126,33.983335],[134.580142,33.983777],[134.580203,33.984291],[134.580316,33.984687],[134.580476,33.98514],[134.580651,33.985507],[134.580809,33.985853],[134.580928,33.986098],[134.581134,33.986434],[134.583015,33.986527],[134.582784,33.986748],[134.582665,33.986872],[134.582613,33.986923],[134.582529,33.987045],[134.582428,33.987193],[134.582262,33.987423],[134.582126,33.987591],[134.582022,33.987738],[134.581998,33.987793],[134.581984,33.987877],[134.581959,33.988209],[134.58194,33.988549],[134.581963,33.988894],[134.581971,33.989093],[134.581954,33.98926],[134.581953,33.989373],[134.581983,33.989491],[134.582039,33.989603],[134.58207,33.9897],[134.582084,33.989763],[134.582066,33.989826],[134.582048,33.989883],[134.581992,33.989969]]]},"properties":{"S_NAME":"田野町字中須","HCODE":8101}},{"type":"Feature","geometry":{"type":"Polygon","coordinates":[[[134.583895,33.985742],[134.584193,33.985999],[134.584695,33.986455],[134.584972,33.986698],[134.585137,33.986828],[134.585313,33.986968],[134.585225,33.987097],[134.585134,33.98723],[134.585081,33.987304],[134.585059,33.987362],[134.585028,33.98749],[134.584741,33.987301],[134.584257,33.98702],[134.584131,33.987173],[134.583937,33.98738],[134.583881,33.987446],[134.58385,33.98749],[134.583833,33.987524],[134.583813,33.987567],[134.5838,33.98762],[134.583781,33.987695],[134.583758,33.987771],[134.583776,33.987811],[134.583783,33.987863],[134.583772,33.98797],[134.583745,33.988443],[134.58374,33.988525],[134.583743,33.988623],[134.583753,33.988775],[134.583746,33.988872],[134.583743,33.98897],[134.583718,33.989008],[134.583695,33.989066],[134.583666,33.989176],[134.583663,33.989216],[134.583663,33.989245],[134.583674,33.989294],[134.583686,33.989331],[134.583685,33.989357],[134.58364,33.989487],[134.583609,33.989592],[134.583593,33.989677],[134.583567,33.989777],[134.583546,33.989893],[134.583524,33.990033],[134.58351,33.990091],[134.583499,33.990146],[134.58348,33.990189],[134.583335,33.990407],[134.5832,33.990614],[134.583071,33.990608],[134.583013,33.990607],[134.58298,33.990587],[134.582964,33.990536],[134.582957,33.990468],[134.582927,33.990399],[134.58288,33.990327],[134.582801,33.990249],[134.582681,33.990194],[134.582448,33.99012],[134.582242,33.990052],[134.581992,33.989969],[134.582048,33.989883],[134.582066,33.989826],[134.582084,33.989763],[134.58207,33.9897],[134.582039,33.989603],[134.581983,33.989491],[134.581953,33.989373],[134.581954,33.98926],[134.581971,33.989093],[134.581963,33.988894],[134.58194,33.988549],[134.581959,33.988209],[134.581984,33.987877],[134.581998,33.987793],[134.582022,33.987738],[134.582126,33.987591],[134.582262,33.987423],[134.582428,33.987193],[134.582529,33.987045],[134.582613,33.986923],[134.582665,33.986872],[134.582784,33.986748],[134.583015,33.986527],[134.583171,33.986369],[134.583573,33.985989],[134.583895,33.985742]]]},"properties":{"S_NAME":"田野町字平田","HCODE":8101}},{"type":"Feature","geometry":{"type":"Polygon","coordinates":[[[134.588696,33.985394],[134.588694,33.985558],[134.588679,33.985854],[134.588679,33.986091],[134.588654,33.986436],[134.58865,33.986709],[134.588675,33.987],[134.588691,33.987249],[134.58868,33.987366],[134.588657,33.987483],[134.588597,33.987663],[134.58854,33.98791],[134.588513,33.988066],[134.588453,33.98837],[134.58835,33.988818],[134.588266,33.989278],[134.588213,33.989503],[134.588156,33.98993],[134.588088,33.990312],[134.588022,33.990548],[134.587911,33.990957],[134.587777,33.991394],[134.587687,33.99174],[134.5876,33.991728],[134.586934,33.99159],[134.586346,33.991473],[134.586239,33.991459],[134.585771,33.991238],[134.585288,33.991013],[134.584739,33.990753],[134.584514,33.990653],[134.584417,33.990619],[134.584065,33.99063],[134.583638,33.990607],[134.5832,33.990614],[134.583335,33.990407],[134.58348,33.990189],[134.583499,33.990146],[134.58351,33.990091],[134.583524,33.990033],[134.583546,33.989893],[134.583567,33.989777],[134.583593,33.989677],[134.583609,33.989592],[134.58364,33.989487],[134.583685,33.989357],[134.583686,33.989331],[134.583674,33.989294],[134.583663,33.989245],[134.583663,33.989216],[134.583666,33.989176],[134.583695,33.989066],[134.583718,33.989008],[134.583743,33.98897],[134.583746,33.988872],[134.583753,33.988775],[134.583743,33.988623],[134.58374,33.988525],[134.583745,33.988443],[134.583772,33.98797],[134.583783,33.987863],[134.583776,33.987811],[134.583758,33.987771],[134.583781,33.987695],[134.5838,33.98762],[134.583813,33.987567],[134.583833,33.987524],[134.58385,33.98749],[134.583881,33.987446],[134.583937,33.98738],[134.584131,33.987173],[134.584257,33.98702],[134.584741,33.987301],[134.585028,33.98749],[134.585059,33.987362],[134.585081,33.987304],[134.585134,33.98723],[134.585225,33.987097],[134.585313,33.986968],[134.585137,33.986828],[134.584972,33.986698],[134.584695,33.986455],[134.584193,33.985999],[134.583895,33.985742],[134.584287,33.985429],[134.584785,33.985081],[134.585161,33.984863],[134.585488,33.984681],[134.585741,33.984502],[134.586082,33.984301],[134.586439,33.984103],[134.586746,33.98396],[134.586939,33.983887],[134.587147,33.983818],[134.587249,33.983774],[134.587566,33.98365],[134.587733,33.983597],[134.587952,33.983543],[134.588173,33.9835],[134.588696,33.985394]]]},"properties":{"S_NAME":"田野町字月ノ輪","HCODE":8101}},{"type":"Feature","geometry":{"type":"Polygon","coordinates":[[[134.60473,33.984722],[134.60383,33.985758],[134.602186,33.987621],[134.601635,33.988242],[134.601114,33.98885],[134.600781,33.989239],[134.600449,33.98963],[134.600281,33.989827],[134.598694,33.991669],[134.596535,33.994155],[134.596346,33.994092],[134.592265,33.993045],[134.587676,33.991865],[134.587668,33.991863],[134.587687,33.99174],[134.587777,33.991394],[134.587911,33.990957],[134.588022,33.990548],[134.588088,33.990312],[134.588156,33.98993],[134.588213,33.989503],[134.588266,33.989278],[134.58835,33.988818],[134.588453,33.98837],[134.588513,33.988066],[134.58854,33.98791],[134.588597,33.987663],[134.588657,33.987483],[134.58868,33.987366],[134.588691,33.987249],[134.588675,33.987],[134.58865,33.986709],[134.588654,33.986436],[134.588679,33.986091],[134.588679,33.985854],[134.588694,33.985558],[134.588696,33.985394],[134.588851,33.985326],[134.58907,33.985223],[134.589473,33.985035],[134.589868,33.984837],[134.589962,33.984796],[134.590026,33.984775],[134.59013,33.984746],[134.590206,33.984733],[134.590359,33.984739],[134.590503,33.984745],[134.590639,33.984758],[134.59074,33.984762],[134.590835,33.984759],[134.590896,33.984746],[134.590969,33.98472],[134.591051,33.984678],[134.591139,33.984634],[134.591283,33.984547],[134.591398,33.984483],[134.591462,33.984449],[134.591563,33.98443],[134.591641,33.984416],[134.591706,33.984401],[134.591785,33.98438],[134.591871,33.984349],[134.591994,33.984334],[134.592174,33.984307],[134.592309,33.984303],[134.592529,33.984303],[134.592842,33.984312],[134.593038,33.984323],[134.593213,33.984321],[134.593344,33.984323],[134.593512,33.984316],[134.593659,33.984307],[134.593865,33.984286],[134.594018,33.984267],[134.594106,33.984264],[134.594195,33.984263],[134.59444,33.984284],[134.594633,33.984297],[134.594859,33.984311],[134.595261,33.984295],[134.596031,33.984247],[134.596972,33.98418],[134.597775,33.98412],[134.598156,33.984115],[134.598591,33.984133],[134.598993,33.984145],[134.599423,33.984115],[134.599848,33.98411],[134.600049,33.984127],[134.601433,33.984282],[134.602874,33.984462],[134.603926,33.984593],[134.604034,33.984621],[134.604118,33.984664],[134.604194,33.984715],[134.60436,33.984656],[134.604479,33.984614],[134.604549,33.98462],[134.604607,33.984641],[134.60467,33.984682],[134.60473,33.984722]]]},"properties":{"S_NAME":"田野町字赤石南","HCODE":8101}},{"type":"Feature","geometry":{"type":"Polygon","coordinates":[[[134.604488,33.98321],[134.604332,33.983205],[134.604147,33.9832],[134.603877,33.983185],[134.602915,33.983807],[134.602872,33.983843],[134.602839,33.983885],[134.602816,33.983928],[134.602807,33.983984],[134.602808,33.98406],[134.602811,33.984114],[134.602835,33.984209],[134.602868,33.984308],[134.602885,33.984333],[134.602889,33.984366],[134.602874,33.984462],[134.601433,33.984282],[134.600049,33.984127],[134.599848,33.98411],[134.599423,33.984115],[134.598993,33.984145],[134.598591,33.984133],[134.598156,33.984115],[134.597775,33.98412],[134.596972,33.98418],[134.596031,33.984247],[134.595261,33.984295],[134.594859,33.984311],[134.594674,33.984096],[134.594397,33.983803],[134.594297,33.983693],[134.594266,33.983655],[134.594235,33.983635],[134.594232,33.983618],[134.593866,33.983203],[134.593564,33.982754],[134.59334,33.982422],[134.59276,33.981544],[134.592657,33.981254],[134.592617,33.981148],[134.592613,33.981038],[134.59265,33.98091],[134.592742,33.980741],[134.59293,33.980493],[134.593094,33.980238],[134.593163,33.980131],[134.593267,33.979961],[134.592912,33.97955],[134.59236,33.979032],[134.591684,33.978468],[134.590809,33.977839],[134.590853,33.977812],[134.591151,33.977598],[134.591814,33.977091],[134.592261,33.97675],[134.592718,33.976391],[134.592883,33.976273],[134.593249,33.976243],[134.596114,33.976975],[134.596211,33.977045],[134.59629,33.977156],[134.596355,33.977291],[134.596335,33.97816],[134.59632,33.978755],[134.596317,33.979368],[134.596604,33.979434],[134.596627,33.979442],[134.596936,33.979511],[134.597104,33.979552],[134.597819,33.979723],[134.598173,33.979795],[134.59842,33.979844],[134.598704,33.979914],[134.598918,33.979982],[134.599009,33.98006],[134.599061,33.980158],[134.599097,33.980321],[134.599123,33.980615],[134.599124,33.981152],[134.599178,33.981328],[134.599254,33.981511],[134.599348,33.981611],[134.599478,33.981691],[134.599659,33.981738],[134.599802,33.981757],[134.600045,33.981789],[134.600245,33.98185],[134.600428,33.98194],[134.600725,33.982096],[134.600928,33.982199],[134.601137,33.982314],[134.601243,33.982347],[134.601307,33.982353],[134.601436,33.982357],[134.601582,33.982332],[134.601744,33.982303],[134.60194,33.982254],[134.60209,33.982206],[134.60223,33.982177],[134.602474,33.982149],[134.602912,33.982224],[134.603244,33.982305],[134.60361,33.982447],[134.603825,33.982557],[134.604,33.982677],[134.604176,33.982829],[134.604302,33.982992],[134.604488,33.98321]]]},"properties":{"S_NAME":"田野町字赤石南","HCODE":8101}},{"type":"Feature","geometry":{"type":"Polygon","coordinates":[[[134.594859,33.984311],[134.594633,33.984297],[134.59444,33.984284],[134.594195,33.984263],[134.594106,33.984264],[134.594018,33.984267],[134.593865,33.984286],[134.593659,33.984307],[134.593512,33.984316],[134.593344,33.984323],[134.593213,33.984321],[134.593038,33.984323],[134.592842,33.984312],[134.592529,33.984303],[134.592309,33.984303],[134.592174,33.984307],[134.591994,33.984334],[134.591871,33.984349],[134.591785,33.98438],[134.591706,33.984401],[134.591641,33.984416],[134.591563,33.98443],[134.591462,33.984449],[134.591398,33.984483],[134.591283,33.984547],[134.591139,33.984634],[134.591051,33.984678],[134.590969,33.98472],[134.590896,33.984746],[134.590835,33.984759],[134.59074,33.984762],[134.590639,33.984758],[134.590503,33.984745],[134.590359,33.984739],[134.590206,33.984733],[134.59013,33.984746],[134.590026,33.984775],[134.589962,33.984796],[134.589868,33.984837],[134.589473,33.985035],[134.58907,33.985223],[134.588851,33.985326],[134.588696,33.985394],[134.588173,33.9835],[134.587952,33.983543],[134.587733,33.983597],[134.587566,33.98365],[134.587249,33.983774],[134.587147,33.983818],[134.586939,33.983887],[134.586746,33.98396],[134.586439,33.984103],[134.586082,33.984301],[134.586056,33.984102],[134.586043,33.984029],[134.586081,33.983847],[134.586076,33.983767],[134.586043,33.983704],[134.585922,33.983481],[134.585872,33.983358],[134.585751,33.983096],[134.585661,33.982891],[134.585637,33.982733],[134.585644,33.982664],[134.585675,33.982584],[134.585734,33.982497],[134.585819,33.98235],[134.585901,33.982197],[134.586015,33.982037],[134.586176,33.981843],[134.586219,33.981766],[134.586246,33.981703],[134.58635,33.9815],[134.586421,33.981416],[134.586478,33.981364],[134.586536,33.981322],[134.586648,33.981256],[134.586765,33.981194],[134.586925,33.981111],[134.58706,33.981027],[134.587246,33.980905],[134.587443,33.980765],[134.587612,33.980631],[134.587936,33.980394],[134.588098,33.980268],[134.588404,33.980071],[134.589444,33.979478],[134.589508,33.979435],[134.589559,33.979388],[134.589598,33.979311],[134.589597,33.979251],[134.589538,33.97901],[134.589471,33.978778],[134.589421,33.978522],[134.589377,33.978377],[134.589707,33.978282],[134.589849,33.978242],[134.589961,33.97821],[134.590128,33.978151],[134.590311,33.978074],[134.590484,33.978005],[134.590624,33.97795],[134.590747,33.977878],[134.590809,33.977839],[134.591684,33.978468],[134.59236,33.979032],[134.592912,33.97955],[134.593267,33.979961],[134.593163,33.980131],[134.593094,33.980238],[134.59293,33.980493],[134.592742,33.980741],[134.59265,33.98091],[134.592613,33.981038],[134.592617,33.981148],[134.592657,33.981254],[134.59276,33.981544],[134.59334,33.982422],[134.593564,33.982754],[134.593866,33.983203],[134.594232,33.983618],[134.594235,33.983635],[134.594266,33.983655],[134.594297,33.983693],[134.594397,33.983803],[134.594674,33.984096],[134.594859,33.984311]]]},"properties":{"S_NAME":"田野町字本村","HCODE":8101}},{"type":"Feature","geometry":{"type":"Polygon","coordinates":[[[134.583895,33.985742],[134.583573,33.985989],[134.583171,33.986369],[134.583015,33.986527],[134.581134,33.986434],[134.580928,33.986098],[134.580809,33.985853],[134.580651,33.985507],[134.580476,33.98514],[134.580316,33.984687],[134.580203,33.984291],[134.580142,33.983777],[134.580126,33.983335],[134.580192,33.982989],[134.576967,33.981673],[134.580513,33.979696],[134.583053,33.979137],[134.584937,33.980913],[134.585137,33.981078],[134.585338,33.981263],[134.585375,33.981303],[134.585398,33.981347],[134.585405,33.98141],[134.585427,33.981449],[134.585462,33.981513],[134.585497,33.981572],[134.585535,33.981622],[134.585599,33.981688],[134.585677,33.981749],[134.58573,33.981788],[134.585836,33.981884],[134.585906,33.981953],[134.586015,33.982037],[134.585901,33.982197],[134.585819,33.98235],[134.585734,33.982497],[134.585675,33.982584],[134.585644,33.982664],[134.585637,33.982733],[134.585661,33.982891],[134.585751,33.983096],[134.585872,33.983358],[134.585922,33.983481],[134.586043,33.983704],[134.586076,33.983767],[134.586081,33.983847],[134.586043,33.984029],[134.586056,33.984102],[134.586082,33.984301],[134.585741,33.984502],[134.585488,33.984681],[134.585161,33.984863],[134.584785,33.985081],[134.584287,33.985429],[134.583895,33.985742]]]},"properties":{"S_NAME":"田野町字中須","HCODE":8101}},{"type":"Feature","geometry":{"type":"Polygon","coordinates":[[[134.589421,33.978522],[134.589471,33.978778],[134.589538,33.97901],[134.589597,33.979251],[134.589598,33.979311],[134.589559,33.979388],[134.589508,33.979435],[134.589444,33.979478],[134.588404,33.980071],[134.588098,33.980268],[134.587936,33.980394],[134.587612,33.980631],[134.587443,33.980765],[134.587246,33.980905],[134.58706,33.981027],[134.586925,33.981111],[134.586765,33.981194],[134.586648,33.981256],[134.586536,33.981322],[134.586478,33.981364],[134.586421,33.981416],[134.58635,33.9815],[134.586246,33.981703],[134.586219,33.981766],[134.586176,33.981843],[134.586015,33.982037],[134.585906,33.981953],[134.585836,33.981884],[134.58573,33.981788],[134.585677,33.981749],[134.585599,33.981688],[134.585535,33.981622],[134.585497,33.981572],[134.585462,33.981513],[134.585427,33.981449],[134.585405,33.98141],[134.585398,33.981347],[134.585375,33.981303],[134.585338,33.981263],[134.585137,33.981078],[134.584937,33.980913],[134.583053,33.979137],[134.585656,33.976268],[134.586233,33.976674],[134.586616,33.976955],[134.587013,33.977233],[134.587412,33.977555],[134.587686,33.977764],[134.587883,33.977907],[134.588058,33.978014],[134.588172,33.978053],[134.588278,33.978074],[134.588423,33.97865],[134.589421,33.978522]]]},"properties":{"S_NAME":"田野町字中須","HCODE":8101}},{"type":"Feature","geometry":{"type":"Polygon","coordinates":[[[134.589421,33.978522],[134.588423,33.97865],[134.588278,33.978074],[134.588172,33.978053],[134.588058,33.978014],[134.587883,33.977907],[134.587686,33.977764],[134.587412,33.977555],[134.587013,33.977233],[134.586616,33.976955],[134.586233,33.976674],[134.585656,33.976268],[134.583053,33.979137],[134.57869,33.975022],[134.578848,33.972536],[134.580781,33.969239],[134.581086,33.969205],[134.581113,33.969203],[134.581151,33.969219],[134.581179,33.969238],[134.581225,33.96935],[134.58131,33.969612],[134.581382,33.969857],[134.581439,33.970059],[134.58146,33.970094],[134.581523,33.970114],[134.581641,33.970108],[134.581749,33.970109],[134.58193,33.97013],[134.582008,33.970142],[134.582056,33.970159],[134.582123,33.970308],[134.582157,33.970375],[134.582221,33.970467],[134.582294,33.970524],[134.58237,33.970591],[134.58243,33.970664],[134.582497,33.970794],[134.582527,33.971009],[134.58254,33.971059],[134.582565,33.971101],[134.58263,33.971207],[134.582692,33.971344],[134.58289,33.971528],[134.582954,33.971575],[134.583018,33.971622],[134.583076,33.971684],[134.583074,33.971719],[134.583024,33.97185],[134.583015,33.971922],[134.58302,33.972007],[134.583038,33.97204],[134.58308,33.972072],[134.58316,33.972169],[134.583228,33.972296],[134.583281,33.972431],[134.583328,33.972588],[134.583374,33.97269],[134.583398,33.972743],[134.583553,33.97294],[134.583662,33.973066],[134.583841,33.973274],[134.584013,33.973472],[134.584093,33.973548],[134.584209,33.973656],[134.584471,33.973875],[134.584536,33.973934],[134.584638,33.974027],[134.584697,33.974064],[134.584856,33.974141],[134.584962,33.974196],[134.585092,33.974269],[134.58517,33.97433],[134.585249,33.9744],[134.585352,33.974518],[134.58544,33.974624],[134.585552,33.974786],[134.585646,33.974954],[134.585704,33.975055],[134.585753,33.975096],[134.585839,33.975156],[134.585991,33.975253],[134.586048,33.975277],[134.58612,33.975297],[134.586255,33.975315],[134.58633,33.97533],[134.586389,33.975346],[134.586484,33.975377],[134.586681,33.97548],[134.587044,33.975669],[134.58744,33.975872],[134.587645,33.975974],[134.587787,33.976027],[134.587934,33.976089],[134.588187,33.976226],[134.588382,33.976331],[134.588686,33.976561],[134.588742,33.976599],[134.588803,33.976623],[134.588931,33.976658],[134.589053,33.976692],[134.589142,33.976713],[134.589356,33.976487],[134.589394,33.976441],[134.58945,33.976393],[134.589504,33.976335],[134.589558,33.976284],[134.589594,33.976237],[134.589629,33.97618],[134.589652,33.976134],[134.589669,33.976078],[134.589682,33.976022],[134.589704,33.975978],[134.589764,33.975928],[134.589838,33.975874],[134.589916,33.97584],[134.590014,33.975805],[134.590088,33.975765],[134.590153,33.975712],[134.590173,33.975696],[134.589739,33.976855],[134.58954,33.977387],[134.589452,33.977634],[134.589397,33.977812],[134.589367,33.97796],[134.589353,33.978103],[134.589377,33.978377],[134.589421,33.978522]]]},"properties":{"S_NAME":"田野町字宮ノ下","HCODE":8101}},{"type":"Feature","geometry":{"type":"Polygon","coordinates":[[[134.596355,33.977291],[134.59629,33.977156],[134.596211,33.977045],[134.596114,33.976975],[134.593249,33.976243],[134.592883,33.976273],[134.592718,33.976391],[134.592261,33.97675],[134.591814,33.977091],[134.591151,33.977598],[134.590853,33.977812],[134.590809,33.977839],[134.590747,33.977878],[134.590624,33.97795],[134.590484,33.978005],[134.590311,33.978074],[134.590128,33.978151],[134.589961,33.97821],[134.589849,33.978242],[134.589707,33.978282],[134.589377,33.978377],[134.589353,33.978103],[134.589367,33.97796],[134.589397,33.977812],[134.589452,33.977634],[134.58954,33.977387],[134.589739,33.976855],[134.590173,33.975696],[134.590153,33.975712],[134.590088,33.975765],[134.590014,33.975805],[134.589916,33.97584],[134.589838,33.975874],[134.589764,33.975928],[134.589704,33.975978],[134.589682,33.976022],[134.589669,33.976078],[134.589652,33.976134],[134.589629,33.97618],[134.589594,33.976237],[134.589558,33.976284],[134.589504,33.976335],[134.58945,33.976393],[134.589394,33.976441],[134.589356,33.976487],[134.589142,33.976713],[134.589053,33.976692],[134.588931,33.976658],[134.588803,33.976623],[134.588742,33.976599],[134.588686,33.976561],[134.588382,33.976331],[134.588187,33.976226],[134.587934,33.976089],[134.587787,33.976027],[134.587645,33.975974],[134.58744,33.975872],[134.587044,33.975669],[134.586681,33.97548],[134.586484,33.975377],[134.586389,33.975346],[134.58633,33.97533],[134.586255,33.975315],[134.58612,33.975297],[134.586048,33.975277],[134.585991,33.975253],[134.585839,33.975156],[134.585753,33.975096],[134.585704,33.975055],[134.585646,33.974954],[134.585552,33.974786],[134.58544,33.974624],[134.585352,33.974518],[134.585249,33.9744],[134.58517,33.97433],[134.585092,33.974269],[134.584962,33.974196],[134.584856,33.974141],[134.584697,33.974064],[134.584638,33.974027],[134.584536,33.973934],[134.584471,33.973875],[134.584209,33.973656],[134.584093,33.973548],[134.584013,33.973472],[134.583841,33.973274],[134.583662,33.973066],[134.583553,33.97294],[134.583398,33.972743],[134.583374,33.97269],[134.583328,33.972588],[134.583281,33.972431],[134.583228,33.972296],[134.58316,33.972169],[134.58308,33.972072],[134.583038,33.97204],[134.58302,33.972007],[134.583015,33.971922],[134.583024,33.97185],[134.583074,33.971719],[134.583076,33.971684],[134.583018,33.971622],[134.582954,33.971575],[134.58289,33.971528],[134.582692,33.971344],[134.58263,33.971207],[134.582565,33.971101],[134.58254,33.971059],[134.582527,33.971009],[134.582497,33.970794],[134.58243,33.970664],[134.58237,33.970591],[134.582294,33.970524],[134.582221,33.970467],[134.582157,33.970375],[134.582123,33.970308],[134.582056,33.970159],[134.582008,33.970142],[134.58193,33.97013],[134.581749,33.970109],[134.581641,33.970108],[134.581523,33.970114],[134.58146,33.970094],[134.581439,33.970059],[134.581382,33.969857],[134.58131,33.969612],[134.581225,33.96935],[134.581179,33.969238],[134.581151,33.969219],[134.581113,33.969203],[134.581086,33.969205],[134.580781,33.969239],[134.582929,33.965575],[134.583084,33.965607],[134.58328,33.965628],[134.583456,33.965677],[134.583706,33.965814],[134.58394,33.965955],[134.584072,33.966007],[134.584217,33.966043],[134.584389,33.966055],[134.584581,33.96609],[134.584824,33.966138],[134.584983,33.96619],[134.585108,33.966242],[134.585207,33.966311],[134.585485,33.966494],[134.585668,33.966604],[134.586067,33.966758],[134.586466,33.966883],[134.586905,33.967003],[134.5873,33.967097],[134.587684,33.967144],[134.587804,33.967139],[134.587842,33.967223],[134.58791,33.967281],[134.587984,33.967308],[134.588739,33.967511],[134.58901,33.967598],[134.589071,33.967676],[134.589093,33.967799],[134.589097,33.967901],[134.5891,33.968144],[134.589104,33.968634],[134.589112,33.968802],[134.589123,33.968949],[134.589151,33.969008],[134.589202,33.969058],[134.589351,33.969135],[134.589375,33.969147],[134.589557,33.969237],[134.589733,33.969311],[134.589878,33.969338],[134.59003,33.96935],[134.590613,33.969379],[134.590912,33.969354],[134.591162,33.969339],[134.591438,33.969348],[134.591601,33.969391],[134.591797,33.969479],[134.591885,33.969551],[134.591981,33.969651],[134.592869,33.970303],[134.593004,33.97041],[134.593051,33.970513],[134.593085,33.970578],[134.593112,33.970614],[134.593152,33.970651],[134.593202,33.970672],[134.593277,33.970694],[134.593339,33.970727],[134.593421,33.970774],[134.593495,33.970828],[134.593556,33.970874],[134.593638,33.970931],[134.59416,33.971367],[134.594609,33.971744],[134.595059,33.972166],[134.595726,33.972743],[134.596135,33.973109],[134.596429,33.973349],[134.596568,33.973521],[134.596635,33.973666],[134.596666,33.973811],[134.596676,33.973975],[134.596645,33.974394],[134.596618,33.974707],[134.596567,33.974876],[134.596523,33.975117],[134.596535,33.975537],[134.596491,33.976322],[134.59643,33.977185],[134.596417,33.97721],[134.596355,33.977291]]]},"properties":{"S_NAME":"田野町字鳥居本","HCODE":8101}},{"type":"Feature","geometry":{"type":"Polygon","coordinates":[[[134.581872,33.998066],[134.582385,33.997887],[134.582888,33.997713],[134.583168,33.997621],[134.583423,33.997552],[134.584358,33.998782],[134.584514,33.998974],[134.584504,33.999041],[134.584488,33.999152],[134.584428,33.999161],[134.584361,33.999177],[134.584318,33.999196],[134.584282,33.999221],[134.584244,33.999271],[134.584218,33.999322],[134.584161,33.999422],[134.584097,33.999505],[134.584049,33.999567],[134.583976,33.999649],[134.583922,33.999707],[134.583865,33.999757],[134.583765,33.999833],[134.58367,33.999896],[134.583448,34.000055],[134.583368,34.000115],[134.583298,34.000181],[134.583226,34.00026],[134.583172,34.000319],[134.583093,34.000417],[134.582951,34.000608],[134.582846,34.000745],[134.582738,34.00085],[134.58265,34.000934],[134.582514,34.001056],[134.582415,34.001139],[134.582354,34.001203],[134.582313,34.001271],[134.582285,34.001331],[134.582264,34.001399],[134.582252,34.001449],[134.582234,34.00152],[134.582219,34.001594],[134.582197,34.001648],[134.582109,34.001846],[134.582036,34.001999],[134.581962,34.002099],[134.581892,34.00215],[134.581829,34.002183],[134.581749,34.002212],[134.58165,34.00225],[134.581565,34.002273],[134.581385,34.002327],[134.581074,34.00239],[134.580803,34.002435],[134.580715,34.002444],[134.580644,34.002443],[134.580492,34.002434],[134.580365,34.002426],[134.580172,34.002411],[134.58007,34.002391],[134.579933,34.002344],[134.579812,34.002288],[134.579679,34.002223],[134.579536,34.00214],[134.579375,34.002034],[134.579251,34.00193],[134.579027,34.001722],[134.578892,34.001589],[134.578798,34.001475],[134.57872,34.001365],[134.578651,34.001205],[134.578628,34.00108],[134.578613,34.000801],[134.578615,34.000472],[134.578614,34.000361],[134.578615,34.000269],[134.578611,34.00013],[134.578615,34.000015],[134.578624,33.999925],[134.578681,33.9998],[134.578732,33.999709],[134.578769,33.99963],[134.578852,33.999489],[134.578922,33.999327],[134.578983,33.99916],[134.579042,33.999024],[134.57907,33.998949],[134.579057,33.998863],[134.579008,33.99871],[134.578933,33.998505],[134.578874,33.998303],[134.579927,33.997417],[134.579937,33.997544],[134.580014,33.997555],[134.580148,33.997589],[134.580234,33.997616],[134.580301,33.99764],[134.580363,33.997686],[134.580411,33.997732],[134.580454,33.997789],[134.580521,33.997892],[134.580617,33.998075],[134.580722,33.99815],[134.580847,33.99825],[134.580907,33.998294],[134.580941,33.99831],[134.581006,33.998317],[134.581088,33.99831],[134.581154,33.9983],[134.581198,33.998283],[134.581254,33.998255],[134.581351,33.998228],[134.581872,33.998066]]]},"properties":{"S_NAME":"芝生町字網干","HCODE":8101}},{"type":"Feature","geometry":{"type":"Polygon","coordinates":[[[134.57998,33.992123],[134.578236,33.994843],[134.578515,33.994974],[134.578729,33.99508],[134.578888,33.995158],[134.578942,33.995173],[134.579017,33.995177],[134.57911,33.995184],[134.579215,33.995193],[134.579278,33.9952],[134.579402,33.995226],[134.579519,33.995245],[134.579633,33.995251],[134.579711,33.995258],[134.579982,33.995312],[134.580284,33.995379],[134.580435,33.995415],[134.580412,33.99548],[134.580394,33.995523],[134.580368,33.99562],[134.58025,33.996111],[134.580227,33.996192],[134.58016,33.996292],[134.579911,33.996388],[134.579756,33.996466],[134.579595,33.996567],[134.579465,33.996666],[134.579366,33.996773],[134.5792,33.996961],[134.579106,33.997072],[134.578899,33.997331],[134.578809,33.997319],[134.578701,33.997312],[134.578645,33.997323],[134.578576,33.997336],[134.57851,33.997366],[134.578445,33.997424],[134.578345,33.997348],[134.578286,33.997305],[134.578232,33.997288],[134.578108,33.997179],[134.577932,33.996999],[134.577917,33.996976],[134.577899,33.996905],[134.577877,33.996831],[134.577746,33.996622],[134.577664,33.996526],[134.577591,33.996442],[134.577425,33.99626],[134.577343,33.996141],[134.577297,33.996091],[134.577093,33.995907],[134.577023,33.995843],[134.576874,33.995703],[134.57669,33.995582],[134.576545,33.995523],[134.576464,33.995504],[134.575902,33.995351],[134.57523,33.995177],[134.575137,33.99516],[134.575059,33.99516],[134.5748,33.99523],[134.574579,33.995287],[134.574366,33.995324],[134.57427,33.995325],[134.574215,33.995351],[134.574109,33.995447],[134.573979,33.995595],[134.573715,33.995837],[134.573635,33.995905],[134.57359,33.995928],[134.573556,33.995841],[134.573526,33.995771],[134.573453,33.99571],[134.573364,33.995673],[134.573277,33.995654],[134.573199,33.995625],[134.573141,33.995578],[134.573099,33.995536],[134.572855,33.995221],[134.572668,33.994888],[134.572416,33.994466],[134.572408,33.994422],[134.572428,33.994384],[134.57248,33.994385],[134.572552,33.994397],[134.572621,33.994401],[134.572777,33.99441],[134.572849,33.994407],[134.572909,33.994391],[134.572981,33.994361],[134.573058,33.994315],[134.573145,33.994253],[134.573185,33.994187],[134.573243,33.994069],[134.573287,33.993986],[134.573346,33.993908],[134.573449,33.993824],[134.573508,33.993793],[134.573626,33.993764],[134.573696,33.993754],[134.573761,33.993763],[134.573772,33.993675],[134.573777,33.993578],[134.573767,33.993518],[134.573739,33.993453],[134.573669,33.993382],[134.573582,33.993315],[134.573361,33.993162],[134.573231,33.993076],[134.57316,33.993036],[134.573094,33.993011],[134.573022,33.992987],[134.572976,33.992957],[134.572943,33.99293],[134.572925,33.992901],[134.572897,33.992858],[134.572815,33.99281],[134.572739,33.992764],[134.572713,33.992733],[134.572723,33.992684],[134.572756,33.992614],[134.572802,33.992508],[134.572852,33.992456],[134.57289,33.99243],[134.572936,33.992409],[134.57302,33.992406],[134.573128,33.992399],[134.573255,33.992391],[134.573311,33.992387],[134.573385,33.99237],[134.573446,33.992349],[134.573508,33.992319],[134.573592,33.99227],[134.573658,33.992225],[134.573704,33.99218],[134.573772,33.992087],[134.573831,33.992013],[134.57392,33.991925],[134.574027,33.991812],[134.574088,33.991744],[134.574111,33.991714],[134.574129,33.99168],[134.574134,33.991623],[134.574151,33.99151],[134.57417,33.991446],[134.574194,33.991387],[134.574223,33.991344],[134.574257,33.9913],[134.574287,33.991247],[134.574313,33.991212],[134.57434,33.991179],[134.574372,33.991165],[134.574407,33.99116],[134.574449,33.991151],[134.574499,33.991139],[134.574565,33.991128],[134.5743,33.990952],[134.574133,33.990744],[134.574033,33.990537],[134.573982,33.990308],[134.574009,33.990083],[134.574096,33.989848],[134.574331,33.989466],[134.574626,33.989075],[134.575074,33.988522],[134.575507,33.988065],[134.576252,33.98954],[134.576493,33.989866],[134.576555,33.989955],[134.576621,33.990028],[134.576681,33.990064],[134.576746,33.990088],[134.576836,33.990127],[134.576871,33.990163],[134.57692,33.990205],[134.576991,33.990261],[134.57701,33.990283],[134.57703,33.990317],[134.577038,33.990356],[134.577046,33.990441],[134.577057,33.990556],[134.577069,33.990607],[134.577093,33.990661],[134.57713,33.990703],[134.577187,33.990762],[134.577241,33.990815],[134.577287,33.99087],[134.577323,33.990922],[134.577322,33.990961],[134.577331,33.99098],[134.577427,33.991094],[134.57752,33.991194],[134.577569,33.991235],[134.577615,33.991262],[134.577681,33.991291],[134.577751,33.991323],[134.577799,33.991363],[134.57784,33.991411],[134.577857,33.991447],[134.577878,33.991499],[134.577902,33.991561],[134.577955,33.991728],[134.57802,33.991952],[134.578088,33.992178],[134.578122,33.99226],[134.578153,33.992317],[134.578183,33.992352],[134.57822,33.992371],[134.578254,33.992375],[134.578291,33.992363],[134.578334,33.992337],[134.578376,33.992309],[134.578406,33.992272],[134.578446,33.99219],[134.578486,33.99212],[134.578528,33.992035],[134.578579,33.991976],[134.57864,33.991924],[134.578695,33.9919],[134.578759,33.991885],[134.57882,33.991886],[134.578928,33.991905],[134.57905,33.991933],[134.57914,33.991944],[134.579259,33.991956],[134.579369,33.991958],[134.579554,33.991966],[134.579605,33.991976],[134.579722,33.992044],[134.579777,33.992073],[134.579839,33.992101],[134.579903,33.992116],[134.57998,33.992123]]]},"properties":{"S_NAME":"芝生町字西居屋敷","HCODE":8101}},{"type":"Feature","geometry":{"type":"Polygon","coordinates":[[[134.579927,33.997417],[134.578874,33.998303],[134.578838,33.998146],[134.578787,33.997902],[134.578766,33.997801],[134.578747,33.997745],[134.578724,33.997705],[134.578445,33.997424],[134.57851,33.997366],[134.578576,33.997336],[134.578645,33.997323],[134.578701,33.997312],[134.578809,33.997319],[134.578899,33.997331],[134.579106,33.997072],[134.5792,33.996961],[134.579366,33.996773],[134.579465,33.996666],[134.579595,33.996567],[134.579756,33.996466],[134.579911,33.996388],[134.58016,33.996292],[134.580227,33.996192],[134.58025,33.996111],[134.580368,33.99562],[134.580394,33.995523],[134.580412,33.99548],[134.580435,33.995415],[134.580284,33.995379],[134.579982,33.995312],[134.579711,33.995258],[134.579633,33.995251],[134.579519,33.995245],[134.579402,33.995226],[134.579278,33.9952],[134.579215,33.995193],[134.57911,33.995184],[134.579017,33.995177],[134.578942,33.995173],[134.578888,33.995158],[134.578729,33.99508],[134.578515,33.994974],[134.578236,33.994843],[134.57998,33.992123],[134.58004,33.99212],[134.5801,33.992121],[134.580178,33.992128],[134.580228,33.992144],[134.580292,33.992161],[134.580324,33.99217],[134.580375,33.9922],[134.580437,33.99229],[134.580457,33.992317],[134.580462,33.992349],[134.580456,33.992382],[134.580437,33.992441],[134.580414,33.992503],[134.580401,33.992549],[134.5804,33.992602],[134.580411,33.992656],[134.580432,33.992696],[134.580461,33.992729],[134.580505,33.992762],[134.580553,33.992783],[134.58062,33.99281],[134.58064,33.992823],[134.580652,33.992847],[134.580654,33.99295],[134.580655,33.993112],[134.580669,33.993199],[134.580743,33.993238],[134.580841,33.993292],[134.580863,33.99336],[134.580907,33.993535],[134.580935,33.993651],[134.581149,33.993694],[134.581272,33.993725],[134.581392,33.993759],[134.581615,33.993842],[134.58156,33.994001],[134.581471,33.994194],[134.58136,33.994452],[134.581269,33.994693],[134.581731,33.995016],[134.581988,33.995188],[134.58219,33.995294],[134.582376,33.995371],[134.58076,33.996621],[134.579927,33.997417]]]},"properties":{"S_NAME":"芝生町字西浦","HCODE":8101}},{"type":"Feature","geometry":{"type":"Polygon","coordinates":[[[134.585046,33.992865],[134.583992,33.992496],[134.583948,33.992468],[134.583929,33.992431],[134.583921,33.99236],[134.583911,33.992305],[134.583895,33.992245],[134.583859,33.99216],[134.583792,33.992043],[134.583783,33.992008],[134.583767,33.991928],[134.583761,33.991889],[134.58373,33.991871],[134.583499,33.991784],[134.583405,33.991754],[134.583345,33.991725],[134.583288,33.991673],[134.583218,33.991616],[134.583179,33.991602],[134.583073,33.991568],[134.582802,33.991426],[134.582721,33.991411],[134.58267,33.991404],[134.582583,33.991418],[134.582509,33.991438],[134.582449,33.991466],[134.582381,33.991522],[134.582321,33.99157],[134.582232,33.99161],[134.582121,33.991634],[134.581953,33.991669],[134.581669,33.991704],[134.581681,33.991764],[134.581744,33.991949],[134.581755,33.992058],[134.581742,33.992173],[134.581722,33.992276],[134.581704,33.992367],[134.581699,33.992474],[134.581695,33.992646],[134.581661,33.99292],[134.581625,33.993105],[134.58162,33.993177],[134.58163,33.993249],[134.581653,33.993414],[134.581666,33.993526],[134.581664,33.993593],[134.581659,33.993858],[134.581615,33.993842],[134.581392,33.993759],[134.581272,33.993725],[134.581149,33.993694],[134.580935,33.993651],[134.580907,33.993535],[134.580863,33.99336],[134.580841,33.993292],[134.580743,33.993238],[134.580669,33.993199],[134.580655,33.993112],[134.580654,33.99295],[134.580652,33.992847],[134.58064,33.992823],[134.58062,33.99281],[134.580553,33.992783],[134.580505,33.992762],[134.580461,33.992729],[134.580432,33.992696],[134.580411,33.992656],[134.5804,33.992602],[134.580401,33.992549],[134.580414,33.992503],[134.580437,33.992441],[134.580456,33.992382],[134.580462,33.992349],[134.580457,33.992317],[134.580437,33.99229],[134.580375,33.9922],[134.580324,33.99217],[134.580292,33.992161],[134.580228,33.992144],[134.580178,33.992128],[134.5801,33.992121],[134.58004,33.99212],[134.57998,33.992123],[134.579903,33.992116],[134.579839,33.992101],[134.579777,33.992073],[134.579722,33.992044],[134.579605,33.991976],[134.579554,33.991966],[134.579369,33.991958],[134.579259,33.991956],[134.57914,33.991944],[134.57905,33.991933],[134.578928,33.991905],[134.57882,33.991886],[134.578759,33.991885],[134.578695,33.9919],[134.57864,33.991924],[134.578579,33.991976],[134.578528,33.992035],[134.578486,33.99212],[134.578446,33.99219],[134.578406,33.992272],[134.578376,33.992309],[134.578334,33.992337],[134.578291,33.992363],[134.578254,33.992375],[134.57822,33.992371],[134.578183,33.992352],[134.578153,33.992317],[134.578122,33.99226],[134.578088,33.992178],[134.57802,33.991952],[134.577955,33.991728],[134.577902,33.991561],[134.577878,33.991499],[134.577857,33.991447],[134.57784,33.991411],[134.577799,33.991363],[134.577751,33.991323],[134.577681,33.991291],[134.577615,33.991262],[134.577569,33.991235],[134.57752,33.991194],[134.577427,33.991094],[134.577331,33.99098],[134.577322,33.990961],[134.577323,33.990922],[134.577287,33.99087],[134.577241,33.990815],[134.577187,33.990762],[134.57713,33.990703],[134.577093,33.990661],[134.577069,33.990607],[134.577057,33.990556],[134.577046,33.990441],[134.577038,33.990356],[134.57703,33.990317],[134.57701,33.990283],[134.576991,33.990261],[134.57692,33.990205],[134.576871,33.990163],[134.576836,33.990127],[134.577064,33.990178],[134.577222,33.99021],[134.577388,33.990262],[134.577548,33.990318],[134.577822,33.990446],[134.578024,33.990563],[134.578221,33.990689],[134.578389,33.990752],[134.578561,33.990793],[134.578819,33.990843],[134.579062,33.990856],[134.579295,33.990856],[134.57965,33.990836],[134.580019,33.990778],[134.580334,33.990677],[134.580562,33.990571],[134.580733,33.990435],[134.580867,33.990317],[134.581043,33.990192],[134.581183,33.990089],[134.581366,33.990015],[134.581571,33.989961],[134.581823,33.989942],[134.581913,33.989953],[134.581992,33.989969],[134.582242,33.990052],[134.582448,33.99012],[134.582681,33.990194],[134.582801,33.990249],[134.58288,33.990327],[134.582927,33.990399],[134.582957,33.990468],[134.582964,33.990536],[134.58298,33.990587],[134.583013,33.990607],[134.583071,33.990608],[134.5832,33.990614],[134.583638,33.990607],[134.584065,33.99063],[134.584417,33.990619],[134.584514,33.990653],[134.584739,33.990753],[134.585288,33.991013],[134.585771,33.991238],[134.586239,33.991459],[134.586346,33.991473],[134.585353,33.992563],[134.585046,33.992865]]]},"properties":{"S_NAME":"芝生町字宮ノ前","HCODE":8101}},{"type":"Feature","geometry":{"type":"Polygon","coordinates":[[[134.585046,33.992865],[134.583913,33.993976],[134.582947,33.994871],[134.582376,33.995371],[134.58219,33.995294],[134.581988,33.995188],[134.581731,33.995016],[134.581269,33.994693],[134.58136,33.994452],[134.581471,33.994194],[134.58156,33.994001],[134.581615,33.993842],[134.581659,33.993858],[134.581664,33.993593],[134.581666,33.993526],[134.581653,33.993414],[134.58163,33.993249],[134.58162,33.993177],[134.581625,33.993105],[134.581661,33.99292],[134.581695,33.992646],[134.581699,33.992474],[134.581704,33.992367],[134.581722,33.992276],[134.581742,33.992173],[134.581755,33.992058],[134.581744,33.991949],[134.581681,33.991764],[134.581669,33.991704],[134.581953,33.991669],[134.582121,33.991634],[134.582232,33.99161],[134.582321,33.99157],[134.582381,33.991522],[134.582449,33.991466],[134.582509,33.991438],[134.582583,33.991418],[134.58267,33.991404],[134.582721,33.991411],[134.582802,33.991426],[134.583073,33.991568],[134.583179,33.991602],[134.583218,33.991616],[134.583288,33.991673],[134.583345,33.991725],[134.583405,33.991754],[134.583499,33.991784],[134.58373,33.991871],[134.583761,33.991889],[134.583767,33.991928],[134.583783,33.992008],[134.583792,33.992043],[134.583859,33.99216],[134.583895,33.992245],[134.583911,33.992305],[134.583921,33.99236],[134.583929,33.992431],[134.583948,33.992468],[134.583992,33.992496],[134.585046,33.992865]]]},"properties":{"S_NAME":"芝生町字西居屋敷","HCODE":8101}},{"type":"Feature","geometry":{"type":"Polygon","coordinates":[[[134.581872,33.998066],[134.581351,33.998228],[134.581254,33.998255],[134.581198,33.998283],[134.581154,33.9983],[134.581088,33.99831],[134.581006,33.998317],[134.580941,33.99831],[134.580907,33.998294],[134.580847,33.99825],[134.580722,33.99815],[134.580617,33.998075],[134.580521,33.997892],[134.580454,33.997789],[134.580411,33.997732],[134.580363,33.997686],[134.580301,33.99764],[134.580234,33.997616],[134.580148,33.997589],[134.580014,33.997555],[134.579937,33.997544],[134.579927,33.997417],[134.58076,33.996621],[134.582376,33.995371],[134.58249,33.995422],[134.582733,33.995563],[134.583183,33.995771],[134.582919,33.996206],[134.582727,33.996536],[134.582654,33.996638],[134.582559,33.996754],[134.582439,33.996908],[134.582402,33.996988],[134.582373,33.99705],[134.582182,33.997284],[134.582136,33.997369],[134.582056,33.997497],[134.581989,33.997604],[134.581945,33.997697],[134.5819,33.997846],[134.581878,33.997961],[134.581872,33.998066]]]},"properties":{"S_NAME":"芝生町字網干","HCODE":8101}},{"type":"Feature","geometry":{"type":"Polygon","coordinates":[[[134.585973,33.996399],[134.58578,33.996772],[134.58553,33.997238],[134.585201,33.997848],[134.585102,33.998024],[134.584852,33.998475],[134.584756,33.998628],[134.584639,33.998807],[134.584514,33.998974],[134.584358,33.998782],[134.583423,33.997552],[134.583168,33.997621],[134.582888,33.997713],[134.582385,33.997887],[134.581872,33.998066],[134.581878,33.997961],[134.5819,33.997846],[134.581945,33.997697],[134.581989,33.997604],[134.582056,33.997497],[134.582136,33.997369],[134.582182,33.997284],[134.582373,33.99705],[134.582402,33.996988],[134.582439,33.996908],[134.582559,33.996754],[134.582654,33.996638],[134.582727,33.996536],[134.582919,33.996206],[134.583183,33.995771],[134.583442,33.995893],[134.583678,33.996012],[134.584365,33.996171],[134.585064,33.996281],[134.585387,33.996331],[134.585973,33.996399]]]},"properties":{"S_NAME":"芝生町字東居屋敷","HCODE":8101}},{"type":"Feature","geometry":{"type":"Polygon","coordinates":[[[134.586346,33.991473],[134.586934,33.99159],[134.5876,33.991728],[134.587687,33.99174],[134.587668,33.991863],[134.587676,33.991865],[134.587671,33.991907],[134.58763,33.992137],[134.587595,33.992437],[134.587563,33.992698],[134.587536,33.992849],[134.587487,33.993109],[134.587437,33.993299],[134.587314,33.993699],[134.587208,33.993965],[134.587169,33.994047],[134.587036,33.994315],[134.586887,33.994609],[134.586537,33.995262],[134.585973,33.996399],[134.585387,33.996331],[134.585064,33.996281],[134.584365,33.996171],[134.583678,33.996012],[134.583442,33.995893],[134.583183,33.995771],[134.582733,33.995563],[134.58249,33.995422],[134.582376,33.995371],[134.582947,33.994871],[134.583913,33.993976],[134.585046,33.992865],[134.585353,33.992563],[134.586346,33.991473]]]},"properties":{"S_NAME":"芝生町字内開","HCODE":8101}},{"type":"Feature","geometry":{"type":"Polygon","coordinates":[[[134.587936,33.999295],[134.587244,33.999329],[134.587126,33.999342],[134.586738,33.999364],[134.586598,33.999363],[134.586478,33.999348],[134.586358,33.999326],[134.586213,33.999293],[134.586081,33.999267],[134.58602,33.999262],[134.585979,33.999259],[134.585902,33.999266],[134.585799,33.999281],[134.585716,33.999299],[134.585572,33.999336],[134.585289,33.999418],[134.584982,33.999504],[134.584431,33.999662],[134.58448,33.999182],[134.584488,33.999152],[134.584504,33.999041],[134.584514,33.998974],[134.584639,33.998807],[134.584756,33.998628],[134.584852,33.998475],[134.585102,33.998024],[134.585201,33.997848],[134.58553,33.997238],[134.58578,33.996772],[134.585973,33.996399],[134.586537,33.995262],[134.586887,33.994609],[134.587036,33.994315],[134.587169,33.994047],[134.587208,33.993965],[134.587314,33.993699],[134.587437,33.993299],[134.587487,33.993109],[134.587536,33.992849],[134.587563,33.992698],[134.587595,33.992437],[134.58763,33.992137],[134.587671,33.991907],[134.587676,33.991865],[134.592265,33.993045],[134.596346,33.994092],[134.596535,33.994155],[134.596557,33.99417],[134.596118,33.994678],[134.596117,33.994729],[134.595232,33.995743],[134.594205,33.996843],[134.593738,33.997383],[134.592932,33.998273],[134.592901,33.998299],[134.59286,33.998315],[134.592594,33.998646],[134.59243,33.998843],[134.592294,33.999049],[134.592187,33.999226],[134.592129,33.999247],[134.592041,33.999264],[134.590949,33.999292],[134.590939,33.999393],[134.590815,33.999422],[134.590431,33.999452],[134.590106,33.999486],[134.589886,33.999524],[134.589713,33.999527],[134.589587,33.999519],[134.589412,33.9995],[134.58919,33.99949],[134.589026,33.99948],[134.588898,33.999467],[134.588706,33.999425],[134.588582,33.999397],[134.588493,33.999362],[134.588409,33.999329],[134.588344,33.999309],[134.588266,33.999299],[134.588116,33.999294],[134.587936,33.999295]]]},"properties":{"S_NAME":"芝生町字横須","HCODE":8101}},{"type":"Feature","geometry":{"type":"Polygon","coordinates":[[[134.579886,34.006534],[134.579369,34.006641],[134.579132,34.006685],[134.578981,34.006708],[134.578885,34.006718],[134.57872,34.006721],[134.578609,34.00671],[134.578496,34.006694],[134.578385,34.00667],[134.578329,34.00666],[134.578259,34.006644],[134.578163,34.006618],[134.578176,34.006439],[134.578174,34.006272],[134.578165,34.006238],[134.578123,34.006208],[134.578064,34.006176],[134.577868,34.006121],[134.577508,34.00603],[134.577841,34.00599],[134.577945,34.005975],[134.578054,34.005949],[134.57821,34.005903],[134.57833,34.005863],[134.578417,34.005835],[134.578679,34.005755],[134.578895,34.005676],[134.579057,34.005611],[134.579222,34.005536],[134.579341,34.005481],[134.57957,34.005346],[134.579567,34.005365],[134.579583,34.005408],[134.579641,34.005509],[134.579674,34.005572],[134.579743,34.005705],[134.579859,34.005909],[134.579699,34.005984],[134.579911,34.006297],[134.579924,34.006326],[134.579922,34.006381],[134.579886,34.006534]]]},"properties":{"S_NAME":"日開野町字北開","HCODE":8101}},{"type":"Feature","geometry":{"type":"Polygon","coordinates":[[[134.584812,34.005728],[134.584428,34.005773],[134.584417,34.005775],[134.584352,34.005782],[134.584318,34.005787],[134.58428,34.005791],[134.583352,34.005882],[134.582239,34.006034],[134.581755,34.006154],[134.581243,34.006259],[134.580836,34.006141],[134.580617,34.006072],[134.580476,34.006011],[134.58036,34.005929],[134.580233,34.005846],[134.58012,34.005783],[134.580411,34.005633],[134.580469,34.005599],[134.580601,34.005535],[134.580676,34.005505],[134.580706,34.005506],[134.580809,34.00557],[134.58084,34.005592],[134.580957,34.005591],[134.581059,34.005588],[134.581133,34.005584],[134.581255,34.005574],[134.581295,34.005559],[134.581394,34.005429],[134.581404,34.005408],[134.581406,34.005389],[134.581407,34.005348],[134.581413,34.00531],[134.581429,34.005272],[134.581447,34.005243],[134.581469,34.005222],[134.581536,34.005184],[134.581586,34.005175],[134.581599,34.005192],[134.581629,34.005188],[134.5817,34.00515],[134.582165,34.004826],[134.582319,34.004733],[134.5825,34.00464],[134.582631,34.004579],[134.582715,34.004527],[134.582865,34.004425],[134.583042,34.004303],[134.583197,34.004446],[134.583142,34.00448],[134.583202,34.004556],[134.583288,34.004514],[134.583629,34.004945],[134.583711,34.004937],[134.583905,34.004919],[134.584225,34.0049],[134.584581,34.004877],[134.584583,34.004877],[134.584812,34.005728]]]},"properties":{"S_NAME":"日開野町字井理守","HCODE":8101}},{"type":"Feature","geometry":{"type":"Polygon","coordinates":[[[134.587968,34.004069],[134.587997,34.00457],[134.587579,34.004585],[134.58725,34.004586],[134.587177,34.004696],[134.587117,34.004705],[134.586505,34.004814],[134.586312,34.005055],[134.586171,34.005239],[134.586174,34.005267],[134.586225,34.005484],[134.586184,34.005498],[134.585426,34.00563],[134.584812,34.005728],[134.584583,34.004877],[134.584581,34.004877],[134.584225,34.0049],[134.583905,34.004919],[134.583711,34.004937],[134.583629,34.004945],[134.583288,34.004514],[134.583202,34.004556],[134.583142,34.00448],[134.583197,34.004446],[134.583042,34.004303],[134.58309,34.00427],[134.58327,34.00414],[134.58338,34.004063],[134.583621,34.003892],[134.583639,34.003879],[134.583753,34.003819],[134.583873,34.003775],[134.584057,34.003688],[134.584204,34.0035],[134.58421,34.003455],[134.584308,34.001794],[134.58431,34.001763],[134.584332,34.001033],[134.584366,34.000405],[134.584062,34.000519],[134.583947,34.000568],[134.583747,34.000678],[134.583615,34.000767],[134.583302,34.000981],[134.583063,34.001157],[134.582865,34.001307],[134.582767,34.001394],[134.582723,34.001454],[134.582628,34.001591],[134.582544,34.001667],[134.58251,34.001711],[134.582459,34.001783],[134.582431,34.001824],[134.582392,34.001859],[134.582335,34.001895],[134.582263,34.001938],[134.582089,34.002032],[134.581962,34.002099],[134.582036,34.001999],[134.582109,34.001846],[134.582197,34.001648],[134.582219,34.001594],[134.582234,34.00152],[134.582252,34.001449],[134.582264,34.001399],[134.582285,34.001331],[134.582313,34.001271],[134.582354,34.001203],[134.582415,34.001139],[134.582514,34.001056],[134.58265,34.000934],[134.582738,34.00085],[134.582846,34.000745],[134.582951,34.000608],[134.583093,34.000417],[134.583172,34.000319],[134.583226,34.00026],[134.583298,34.000181],[134.583368,34.000115],[134.583448,34.000055],[134.58367,33.999896],[134.583765,33.999833],[134.583865,33.999757],[134.583922,33.999707],[134.583976,33.999649],[134.584049,33.999567],[134.584097,33.999505],[134.584161,33.999422],[134.584218,33.999322],[134.584244,33.999271],[134.584282,33.999221],[134.584318,33.999196],[134.584361,33.999177],[134.584428,33.999161],[134.584488,33.999152],[134.58448,33.999182],[134.584431,33.999662],[134.584982,33.999504],[134.585289,33.999418],[134.585572,33.999336],[134.585716,33.999299],[134.585799,33.999281],[134.585902,33.999266],[134.585979,33.999259],[134.58602,33.999262],[134.586081,33.999267],[134.586213,33.999293],[134.586358,33.999326],[134.586478,33.999348],[134.586598,33.999363],[134.586738,33.999364],[134.587126,33.999342],[134.587244,33.999329],[134.587936,33.999295],[134.587925,33.99985],[134.587924,33.999872],[134.587891,34.000638],[134.58798,34.001385],[134.587828,34.001398],[134.586893,34.001492],[134.586463,34.001539],[134.586457,34.001626],[134.586421,34.001888],[134.586428,34.001967],[134.586481,34.002234],[134.586559,34.002606],[134.586588,34.002755],[134.586662,34.002966],[134.586728,34.003201],[134.586709,34.003347],[134.586677,34.003488],[134.586669,34.003643],[134.586679,34.003832],[134.587606,34.003668],[134.588005,34.003602],[134.587968,34.004069]]]},"properties":{"S_NAME":"日開野町字高須","HCODE":8101}},{"type":"Feature","geometry":{"type":"Polygon","coordinates":[[[134.591492,34.001425],[134.591438,34.001423],[134.591388,34.001404],[134.591356,34.001381],[134.59097,34.001306],[134.590484,34.001211],[134.590363,34.001195],[134.590131,34.001196],[134.58998,34.001202],[134.58798,34.001385],[134.587891,34.000638],[134.587924,33.999872],[134.587925,33.99985],[134.587936,33.999295],[134.588116,33.999294],[134.588266,33.999299],[134.588344,33.999309],[134.588409,33.999329],[134.588493,33.999362],[134.588582,33.999397],[134.588706,33.999425],[134.588898,33.999467],[134.589026,33.99948],[134.58919,33.99949],[134.589412,33.9995],[134.589587,33.999519],[134.589713,33.999527],[134.589886,33.999524],[134.590106,33.999486],[134.590431,33.999452],[134.590815,33.999422],[134.590939,33.999393],[134.590949,33.999292],[134.592041,33.999264],[134.592129,33.999247],[134.592187,33.999226],[134.592069,33.999444],[134.592014,33.999567],[134.591932,33.999812],[134.591817,34.000208],[134.591492,34.001425]]]},"properties":{"S_NAME":"日開野町字行地","HCODE":8101}},{"type":"Feature","geometry":{"type":"Polygon","coordinates":[[[134.570456,34.005472],[134.570142,34.00542],[134.569984,34.005418],[134.569826,34.005413],[134.5696,34.005415],[134.569316,34.005433],[134.569131,34.005475],[134.568611,34.005581],[134.568524,34.005598],[134.56816,34.005714],[134.567742,34.005755],[134.567428,34.005792],[134.567125,34.005837],[134.56686,34.005869],[134.566555,34.005912],[134.56617,34.005984],[134.56601,34.006005],[134.565876,34.006026],[134.565822,34.006034],[134.565753,34.006045],[134.565692,34.00606],[134.56557,34.006086],[134.565481,34.006112],[134.565424,34.006129],[134.565371,34.00613],[134.565302,34.006108],[134.565148,34.006066],[134.565085,34.006052],[134.565041,34.00605],[134.564972,34.00605],[134.564904,34.006056],[134.564796,34.006064],[134.564726,34.006064],[134.564658,34.006064],[134.564591,34.006064],[134.564546,34.006056],[134.564489,34.00603],[134.564432,34.006003],[134.564368,34.005961],[134.564322,34.005916],[134.564258,34.005847],[134.564203,34.005754],[134.564169,34.005663],[134.564141,34.005559],[134.564148,34.005452],[134.564175,34.005383],[134.564204,34.005312],[134.564248,34.005205],[134.564353,34.005025],[134.564433,34.004862],[134.564485,34.004718],[134.564525,34.004559],[134.564555,34.004483],[134.564605,34.004435],[134.564702,34.004358],[134.564779,34.004292],[134.56485,34.004247],[134.564903,34.004207],[134.56492,34.00416],[134.564925,34.004053],[134.564928,34.003953],[134.564928,34.003788],[134.564935,34.003755],[134.564965,34.003579],[134.565126,34.003746],[134.565169,34.003782],[134.565227,34.003816],[134.565276,34.003844],[134.565335,34.003877],[134.565397,34.003904],[134.565442,34.003919],[134.565633,34.003977],[134.565714,34.004003],[134.56598,34.00394],[134.566058,34.003928],[134.566111,34.003926],[134.566162,34.003931],[134.566441,34.003966],[134.566579,34.003981],[134.566656,34.003988],[134.566705,34.003983],[134.566887,34.003929],[134.567059,34.003881],[134.567236,34.003827],[134.56733,34.0038],[134.567378,34.003799],[134.567423,34.003809],[134.567501,34.003848],[134.567576,34.003835],[134.567654,34.003822],[134.567744,34.003816],[134.567816,34.003838],[134.568624,34.004025],[134.568902,34.003684],[134.571408,34.00451],[134.57123,34.004698],[134.570899,34.005005],[134.570658,34.005254],[134.570456,34.005472]]]},"properties":{"S_NAME":"日開野町字加々ミ松","HCODE":8101}},{"type":"Feature","geometry":{"type":"Polygon","coordinates":[[[134.575799,34.003056],[134.577105,34.00364],[134.577196,34.003686],[134.577257,34.003713],[134.577876,34.00373],[134.577958,34.003737],[134.577998,34.003759],[134.578051,34.003787],[134.578087,34.003822],[134.578094,34.003848],[134.578107,34.003914],[134.578163,34.004438],[134.578121,34.004468],[134.57808,34.004518],[134.578063,34.004562],[134.578056,34.004591],[134.578078,34.004638],[134.578113,34.004658],[134.578616,34.004837],[134.578779,34.004846],[134.578823,34.004985],[134.578877,34.005064],[134.578934,34.005136],[134.578818,34.005169],[134.578647,34.005238],[134.578895,34.005676],[134.578679,34.005755],[134.578417,34.005835],[134.57833,34.005863],[134.57821,34.005903],[134.578054,34.005949],[134.577945,34.005975],[134.577841,34.00599],[134.577508,34.00603],[134.577314,34.006044],[134.5771,34.006052],[134.577014,34.006055],[134.57694,34.00605],[134.576877,34.006039],[134.576752,34.005998],[134.576577,34.005928],[134.576435,34.005849],[134.576204,34.005704],[134.576008,34.005554],[134.575788,34.005362],[134.575678,34.005276],[134.575641,34.005241],[134.575939,34.004954],[134.575539,34.00466],[134.575511,34.004383],[134.57534,34.004434],[134.57536,34.004211],[134.575062,34.004178],[134.575268,34.00387],[134.575799,34.003056]]]},"properties":{"S_NAME":"日開野町字末次","HCODE":8101}},{"type":"Feature","geometry":{"type":"Polygon","coordinates":[[[134.57957,34.005346],[134.579341,34.005481],[134.579222,34.005536],[134.579057,34.005611],[134.578895,34.005676],[134.578647,34.005238],[134.578818,34.005169],[134.578934,34.005136],[134.578877,34.005064],[134.578823,34.004985],[134.578779,34.004846],[134.578616,34.004837],[134.578113,34.004658],[134.578078,34.004638],[134.578056,34.004591],[134.578063,34.004562],[134.57808,34.004518],[134.578121,34.004468],[134.578163,34.004438],[134.578107,34.003914],[134.578094,34.003848],[134.578087,34.003822],[134.578051,34.003787],[134.577998,34.003759],[134.577958,34.003737],[134.577876,34.00373],[134.577257,34.003713],[134.577196,34.003686],[134.577105,34.00364],[134.575799,34.003056],[134.576655,34.001756],[134.578254,34.002479],[134.578317,34.002502],[134.578352,34.00251],[134.578412,34.002518],[134.578464,34.002524],[134.57858,34.002508],[134.578636,34.002525],[134.578742,34.002588],[134.579145,34.002839],[134.579297,34.002922],[134.57933,34.00294],[134.579338,34.003047],[134.579347,34.003162],[134.579354,34.003286],[134.579353,34.003417],[134.579354,34.003716],[134.579484,34.003803],[134.579651,34.003921],[134.579866,34.004044],[134.580073,34.00419],[134.579994,34.004453],[134.579958,34.00457],[134.579948,34.004602],[134.57993,34.004634],[134.57991,34.004656],[134.57987,34.004704],[134.579791,34.004811],[134.579748,34.004869],[134.579705,34.004932],[134.57966,34.005005],[134.57964,34.005093],[134.579593,34.005245],[134.57957,34.005346]]]},"properties":{"S_NAME":"日開野町字川田","HCODE":8101}},{"type":"Feature","geometry":{"type":"Polygon","coordinates":[[[134.58012,34.005783],[134.579908,34.005886],[134.579859,34.005909],[134.579743,34.005705],[134.579674,34.005572],[134.579641,34.005509],[134.579583,34.005408],[134.579567,34.005365],[134.57957,34.005346],[134.579593,34.005245],[134.57964,34.005093],[134.57966,34.005005],[134.579705,34.004932],[134.579748,34.004869],[134.579791,34.004811],[134.57987,34.004704],[134.57991,34.004656],[134.57993,34.004634],[134.579948,34.004602],[134.579958,34.00457],[134.579994,34.004453],[134.580073,34.00419],[134.579866,34.004044],[134.579651,34.003921],[134.579484,34.003803],[134.579354,34.003716],[134.579353,34.003417],[134.579354,34.003286],[134.579347,34.003162],[134.579338,34.003047],[134.57933,34.00294],[134.580094,34.00343],[134.580356,34.00361],[134.58056,34.003733],[134.580726,34.003859],[134.580862,34.004],[134.581048,34.004302],[134.581114,34.004419],[134.581586,34.005175],[134.581536,34.005184],[134.581469,34.005222],[134.581447,34.005243],[134.581429,34.005272],[134.581413,34.00531],[134.581407,34.005348],[134.581406,34.005389],[134.581404,34.005408],[134.581394,34.005429],[134.581295,34.005559],[134.581255,34.005574],[134.581133,34.005584],[134.581059,34.005588],[134.580957,34.005591],[134.58084,34.005592],[134.580809,34.00557],[134.580706,34.005506],[134.580676,34.005505],[134.580601,34.005535],[134.580469,34.005599],[134.580411,34.005633],[134.58012,34.005783]]]},"properties":{"S_NAME":"日開野町字堤花","HCODE":8101}},{"type":"Feature","geometry":{"type":"Polygon","coordinates":[[[134.581962,34.002099],[134.582089,34.002032],[134.582263,34.001938],[134.582335,34.001895],[134.582392,34.001859],[134.582431,34.001824],[134.582459,34.001783],[134.58251,34.001711],[134.582544,34.001667],[134.582628,34.001591],[134.582723,34.001454],[134.582767,34.001394],[134.582865,34.001307],[134.583063,34.001157],[134.583302,34.000981],[134.583615,34.000767],[134.583747,34.000678],[134.583947,34.000568],[134.584062,34.000519],[134.584366,34.000405],[134.584332,34.001033],[134.58431,34.001763],[134.584308,34.001794],[134.58421,34.003455],[134.584204,34.0035],[134.584057,34.003688],[134.583873,34.003775],[134.583753,34.003819],[134.583639,34.003879],[134.583621,34.003892],[134.58338,34.004063],[134.58327,34.00414],[134.58309,34.00427],[134.583042,34.004303],[134.582865,34.004425],[134.582715,34.004527],[134.582631,34.004579],[134.5825,34.00464],[134.582319,34.004733],[134.582165,34.004826],[134.5817,34.00515],[134.581629,34.005188],[134.581599,34.005192],[134.581586,34.005175],[134.581114,34.004419],[134.581048,34.004302],[134.580862,34.004],[134.580726,34.003859],[134.58056,34.003733],[134.580356,34.00361],[134.580094,34.00343],[134.57933,34.00294],[134.579297,34.002922],[134.579304,34.002871],[134.579313,34.002816],[134.57932,34.002771],[134.579329,34.002728],[134.579348,34.002664],[134.579372,34.002578],[134.579417,34.002397],[134.579536,34.00214],[134.579679,34.002223],[134.579812,34.002288],[134.579933,34.002344],[134.58007,34.002391],[134.580172,34.002411],[134.580365,34.002426],[134.580492,34.002434],[134.580644,34.002443],[134.580715,34.002444],[134.580803,34.002435],[134.581074,34.00239],[134.581385,34.002327],[134.581565,34.002273],[134.58165,34.00225],[134.581749,34.002212],[134.581829,34.002183],[134.581892,34.00215],[134.581962,34.002099]]]},"properties":{"S_NAME":"日開野町字破閑道","HCODE":8101}},{"type":"Feature","geometry":{"type":"Polygon","coordinates":[[[134.579536,34.00214],[134.579417,34.002397],[134.579372,34.002578],[134.579348,34.002664],[134.579329,34.002728],[134.57932,34.002771],[134.579313,34.002816],[134.579304,34.002871],[134.579297,34.002922],[134.579145,34.002839],[134.578742,34.002588],[134.578636,34.002525],[134.57858,34.002508],[134.578464,34.002524],[134.578412,34.002518],[134.578352,34.00251],[134.578317,34.002502],[134.578254,34.002479],[134.576655,34.001756],[134.576838,34.001481],[134.577035,34.00118],[134.577169,34.000975],[134.577235,34.000869],[134.577272,34.000778],[134.577311,34.000689],[134.577331,34.00061],[134.577356,34.000506],[134.57736,34.000417],[134.577362,34.000271],[134.577373,34.000147],[134.577393,34.000054],[134.577413,33.999986],[134.577457,33.999893],[134.577526,33.999816],[134.577599,33.99976],[134.577731,33.999677],[134.577828,33.999595],[134.57801,33.999437],[134.578225,33.999205],[134.578447,33.998948],[134.578575,33.998795],[134.578758,33.998589],[134.578795,33.998561],[134.578838,33.998542],[134.578933,33.998505],[134.579008,33.99871],[134.579057,33.998863],[134.57907,33.998949],[134.579042,33.999024],[134.578983,33.99916],[134.578922,33.999327],[134.578852,33.999489],[134.578769,33.99963],[134.578732,33.999709],[134.578681,33.9998],[134.578624,33.999925],[134.578615,34.000015],[134.578611,34.00013],[134.578615,34.000269],[134.578614,34.000361],[134.578615,34.000472],[134.578613,34.000801],[134.578628,34.00108],[134.578651,34.001205],[134.57872,34.001365],[134.578798,34.001475],[134.578892,34.001589],[134.579027,34.001722],[134.579251,34.00193],[134.579375,34.002034],[134.579536,34.00214]]]},"properties":{"S_NAME":"日開野町字弥三次","HCODE":8101}},{"type":"Feature","geometry":{"type":"Polygon","coordinates":[[[134.574661,34.004805],[134.574454,34.004676],[134.574336,34.004601],[134.574201,34.004515],[134.574091,34.004444],[134.57397,34.004367],[134.573924,34.004342],[134.573814,34.004337],[134.57321,34.004302],[134.573189,34.004384],[134.573181,34.00448],[134.573179,34.004592],[134.573148,34.004707],[134.573047,34.005016],[134.572587,34.004836],[134.571997,34.004652],[134.571408,34.00451],[134.568902,34.003684],[134.569027,34.003551],[134.569115,34.003463],[134.569191,34.003377],[134.569239,34.003311],[134.569293,34.00323],[134.569313,34.003182],[134.569343,34.00312],[134.569363,34.003052],[134.569354,34.002924],[134.569338,34.002902],[134.569308,34.002889],[134.569135,34.002903],[134.569114,34.002888],[134.569113,34.002851],[134.569126,34.002666],[134.569105,34.002649],[134.568913,34.00263],[134.568784,34.002604],[134.568667,34.002575],[134.568554,34.002542],[134.568453,34.002495],[134.568359,34.002442],[134.568393,34.002417],[134.568435,34.002391],[134.56848,34.002376],[134.568567,34.002363],[134.568761,34.002357],[134.569101,34.002365],[134.569376,34.002369],[134.569479,34.002365],[134.569533,34.002359],[134.569596,34.002341],[134.569643,34.00232],[134.569716,34.002281],[134.569784,34.002234],[134.569834,34.002196],[134.569875,34.002177],[134.569925,34.002164],[134.569997,34.002157],[134.570048,34.002161],[134.570108,34.002161],[134.570149,34.00216],[134.57019,34.002146],[134.57024,34.002123],[134.570289,34.002094],[134.570341,34.002056],[134.570379,34.002024],[134.57045,34.001945],[134.570536,34.001812],[134.570583,34.001739],[134.5706,34.001684],[134.570573,34.001644],[134.570522,34.001617],[134.570467,34.00158],[134.570418,34.001501],[134.570413,34.001435],[134.570442,34.001403],[134.570508,34.001339],[134.570571,34.001286],[134.570722,34.001133],[134.570808,34.000998],[134.570898,34.000806],[134.570946,34.000667],[134.570968,34.000529],[134.570969,34.00036],[134.570955,34.000225],[134.570915,33.999997],[134.570889,33.99985],[134.570879,33.999786],[134.570885,33.999731],[134.570906,33.999654],[134.570929,33.999574],[134.571376,33.997942],[134.571412,33.997798],[134.571465,33.997612],[134.571505,33.997504],[134.57157,33.997384],[134.571664,33.997256],[134.571788,33.997127],[134.572062,33.996869],[134.572307,33.996644],[134.572656,33.996433],[134.573145,33.996138],[134.573494,33.995972],[134.57359,33.995928],[134.573635,33.995905],[134.573715,33.995837],[134.573979,33.995595],[134.574109,33.995447],[134.574215,33.995351],[134.57427,33.995325],[134.574366,33.995324],[134.574579,33.995287],[134.5748,33.99523],[134.575059,33.99516],[134.575137,33.99516],[134.57523,33.995177],[134.575902,33.995351],[134.576464,33.995504],[134.576545,33.995523],[134.57669,33.995582],[134.576874,33.995703],[134.577023,33.995843],[134.577093,33.995907],[134.577297,33.996091],[134.577343,33.996141],[134.577425,33.99626],[134.577591,33.996442],[134.577664,33.996526],[134.577746,33.996622],[134.577877,33.996831],[134.577899,33.996905],[134.577917,33.996976],[134.577932,33.996999],[134.578108,33.997179],[134.578232,33.997288],[134.578286,33.997305],[134.578345,33.997348],[134.578445,33.997424],[134.578724,33.997705],[134.578747,33.997745],[134.578766,33.997801],[134.578787,33.997902],[134.578838,33.998146],[134.578874,33.998303],[134.578933,33.998505],[134.578838,33.998542],[134.578795,33.998561],[134.578758,33.998589],[134.578575,33.998795],[134.578447,33.998948],[134.578225,33.999205],[134.57801,33.999437],[134.577828,33.999595],[134.577731,33.999677],[134.577599,33.99976],[134.577526,33.999816],[134.577457,33.999893],[134.577413,33.999986],[134.577393,34.000054],[134.577373,34.000147],[134.577362,34.000271],[134.57736,34.000417],[134.577356,34.000506],[134.577331,34.00061],[134.577311,34.000689],[134.577272,34.000778],[134.577235,34.000869],[134.577169,34.000975],[134.577035,34.00118],[134.576838,34.001481],[134.576655,34.001756],[134.575799,34.003056],[134.575268,34.00387],[134.575062,34.004178],[134.574661,34.004805]]]},"properties":{"S_NAME":"日開野町字宮免","HCODE":8101}},{"type":"Feature","geometry":{"type":"Polygon","coordinates":[[[134.570929,33.999574],[134.570906,33.999654],[134.570885,33.999731],[134.570879,33.999786],[134.570889,33.99985],[134.570915,33.999997],[134.570955,34.000225],[134.570969,34.00036],[134.570968,34.000529],[134.570946,34.000667],[134.570898,34.000806],[134.570808,34.000998],[134.570722,34.001133],[134.570571,34.001286],[134.570508,34.001339],[134.570442,34.001403],[134.570413,34.001435],[134.570418,34.001501],[134.570467,34.00158],[134.570522,34.001617],[134.570573,34.001644],[134.5706,34.001684],[134.570583,34.001739],[134.570536,34.001812],[134.57045,34.001945],[134.570379,34.002024],[134.570341,34.002056],[134.570289,34.002094],[134.57024,34.002123],[134.57019,34.002146],[134.570149,34.00216],[134.570108,34.002161],[134.570048,34.002161],[134.569997,34.002157],[134.569925,34.002164],[134.569875,34.002177],[134.569834,34.002196],[134.569784,34.002234],[134.569716,34.002281],[134.569643,34.00232],[134.569596,34.002341],[134.569533,34.002359],[134.569479,34.002365],[134.569376,34.002369],[134.569101,34.002365],[134.568761,34.002357],[134.568567,34.002363],[134.56848,34.002376],[134.568435,34.002391],[134.568393,34.002417],[134.568359,34.002442],[134.56809,34.002317],[134.567769,34.002209],[134.567395,34.002096],[134.567079,34.002026],[134.566992,34.001987],[134.566905,34.001938],[134.566812,34.001878],[134.566601,34.001735],[134.566324,34.001542],[134.566214,34.001459],[134.566219,34.001321],[134.566225,34.00118],[134.566238,34.001075],[134.566276,34.000985],[134.56637,34.000835],[134.56642,34.000774],[134.566477,34.000729],[134.566575,34.000671],[134.566676,34.000597],[134.566779,34.000497],[134.566841,34.000416],[134.566894,34.000289],[134.566974,34.000102],[134.56709,33.999852],[134.567169,33.999676],[134.567201,33.999609],[134.567198,33.999551],[134.567165,33.999446],[134.567127,33.999378],[134.567016,33.999199],[134.566964,33.999109],[134.56693,33.999022],[134.566905,33.998938],[134.56686,33.998686],[134.566853,33.998599],[134.566899,33.998533],[134.567046,33.998289],[134.567172,33.998081],[134.56723,33.997978],[134.567236,33.997936],[134.567241,33.997652],[134.567247,33.997614],[134.567286,33.997604],[134.567492,33.99757],[134.567794,33.99753],[134.567905,33.997511],[134.568065,33.997474],[134.568426,33.997408],[134.569045,33.997305],[134.569119,33.997306],[134.569197,33.997315],[134.56933,33.997338],[134.569484,33.997379],[134.569524,33.9974],[134.569552,33.997449],[134.569612,33.99758],[134.569699,33.997826],[134.569803,33.998128],[134.569828,33.99822],[134.569881,33.998505],[134.569939,33.998839],[134.570124,33.999086],[134.570425,33.999492],[134.570509,33.999504],[134.570708,33.999535],[134.570929,33.999574]]]},"properties":{"S_NAME":"新居見町字義方","HCODE":8101}},{"type":"Feature","geometry":{"type":"Polygon","coordinates":[[[134.57359,33.995928],[134.573494,33.995972],[134.573145,33.996138],[134.572656,33.996433],[134.572307,33.996644],[134.572062,33.996869],[134.571788,33.997127],[134.571664,33.997256],[134.57157,33.997384],[134.571505,33.997504],[134.571465,33.997612],[134.571412,33.997798],[134.571376,33.997942],[134.570929,33.999574],[134.570708,33.999535],[134.570509,33.999504],[134.570425,33.999492],[134.570124,33.999086],[134.569939,33.998839],[134.569881,33.998505],[134.569828,33.99822],[134.569803,33.998128],[134.569699,33.997826],[134.569612,33.99758],[134.569552,33.997449],[134.569524,33.9974],[134.569484,33.997379],[134.56933,33.997338],[134.569197,33.997315],[134.569119,33.997306],[134.569045,33.997305],[134.568426,33.997408],[134.568065,33.997474],[134.568051,33.996885],[134.567998,33.996459],[134.567944,33.996015],[134.567921,33.995831],[134.567704,33.995824],[134.567509,33.995818],[134.56734,33.995821],[134.567163,33.995835],[134.566924,33.995877],[134.56645,33.995965],[134.56628,33.995984],[134.566154,33.995972],[134.56592,33.995959],[134.565767,33.995943],[134.565596,33.995942],[134.565446,33.995956],[134.565239,33.995984],[134.565077,33.996],[134.56496,33.995991],[134.564816,33.995953],[134.564602,33.995907],[134.564282,33.995836],[134.564111,33.995803],[134.563982,33.995787],[134.563883,33.99577],[134.563802,33.995786],[134.563708,33.995805],[134.563674,33.995827],[134.563593,33.996044],[134.563574,33.996118],[134.563572,33.996166],[134.563588,33.996215],[134.563538,33.996323],[134.563523,33.996361],[134.563568,33.996671],[134.563598,33.996799],[134.563672,33.996998],[134.563702,33.997023],[134.562993,33.997684],[134.562925,33.997596],[134.562876,33.997536],[134.562694,33.997398],[134.562266,33.997152],[134.56178,33.99685],[134.561339,33.996599],[134.561019,33.996402],[134.560911,33.996343],[134.560835,33.996267],[134.56077,33.996145],[134.560721,33.996031],[134.560644,33.995829],[134.56063,33.9957],[134.560535,33.995558],[134.560375,33.995413],[134.560187,33.99523],[134.560065,33.995076],[134.568256,33.993374],[134.572756,33.992614],[134.572723,33.992684],[134.572713,33.992733],[134.572739,33.992764],[134.572815,33.99281],[134.572897,33.992858],[134.572925,33.992901],[134.572943,33.99293],[134.572976,33.992957],[134.573022,33.992987],[134.573094,33.993011],[134.57316,33.993036],[134.573231,33.993076],[134.573361,33.993162],[134.573582,33.993315],[134.573669,33.993382],[134.573739,33.993453],[134.573767,33.993518],[134.573777,33.993578],[134.573772,33.993675],[134.573761,33.993763],[134.573696,33.993754],[134.573626,33.993764],[134.573508,33.993793],[134.573449,33.993824],[134.573346,33.993908],[134.573287,33.993986],[134.573243,33.994069],[134.573185,33.994187],[134.573145,33.994253],[134.573058,33.994315],[134.572981,33.994361],[134.572909,33.994391],[134.572849,33.994407],[134.572777,33.99441],[134.572621,33.994401],[134.572552,33.994397],[134.57248,33.994385],[134.572428,33.994384],[134.572408,33.994422],[134.572416,33.994466],[134.572668,33.994888],[134.572855,33.995221],[134.573099,33.995536],[134.573141,33.995578],[134.573199,33.995625],[134.573277,33.995654],[134.573364,33.995673],[134.573453,33.99571],[134.573526,33.995771],[134.573556,33.995841],[134.57359,33.995928]]]},"properties":{"S_NAME":"新居見町字東山下","HCODE":8101}},{"type":"Feature","geometry":{"type":"Polygon","coordinates":[[[134.566853,33.998599],[134.56686,33.998686],[134.566905,33.998938],[134.56693,33.999022],[134.566964,33.999109],[134.567016,33.999199],[134.567127,33.999378],[134.567165,33.999446],[134.567198,33.999551],[134.567201,33.999609],[134.567169,33.999676],[134.56709,33.999852],[134.566974,34.000102],[134.566894,34.000289],[134.566841,34.000416],[134.566779,34.000497],[134.566676,34.000597],[134.566575,34.000671],[134.566477,34.000729],[134.56642,34.000774],[134.56637,34.000835],[134.566276,34.000985],[134.566238,34.001075],[134.566225,34.00118],[134.566219,34.001321],[134.566187,34.001187],[134.566165,34.001117],[134.56613,34.001061],[134.566089,34.001005],[134.565132,34.000082],[134.564822,33.999789],[134.564342,33.999322],[134.563949,33.998935],[134.563764,33.998754],[134.563635,33.998673],[134.563381,33.998541],[134.563264,33.998502],[134.563232,33.998469],[134.563207,33.998389],[134.563242,33.998195],[134.563198,33.998105],[134.563069,33.997846],[134.562993,33.997684],[134.563702,33.997023],[134.56385,33.997051],[134.564051,33.997067],[134.564174,33.997083],[134.564316,33.997113],[134.564473,33.997157],[134.564623,33.997215],[134.564726,33.997267],[134.56491,33.99738],[134.565338,33.997699],[134.565546,33.99785],[134.565621,33.997903],[134.565672,33.997952],[134.565712,33.997994],[134.565733,33.998031],[134.565746,33.998091],[134.56575,33.998203],[134.565765,33.998408],[134.56578,33.998448],[134.565798,33.998477],[134.565832,33.998495],[134.565904,33.998516],[134.566012,33.998533],[134.566177,33.998559],[134.566431,33.998633],[134.566561,33.998628],[134.566853,33.998599]]]},"properties":{"S_NAME":"新居見町字西川","HCODE":8101}},{"type":"Feature","geometry":{"type":"Polygon","coordinates":[[[134.566853,33.998599],[134.566561,33.998628],[134.566431,33.998633],[134.566177,33.998559],[134.566012,33.998533],[134.565904,33.998516],[134.565832,33.998495],[134.565798,33.998477],[134.56578,33.998448],[134.565765,33.998408],[134.56575,33.998203],[134.565746,33.998091],[134.565733,33.998031],[134.565712,33.997994],[134.565672,33.997952],[134.565621,33.997903],[134.565546,33.99785],[134.565338,33.997699],[134.56491,33.99738],[134.564726,33.997267],[134.564623,33.997215],[134.564473,33.997157],[134.564316,33.997113],[134.564174,33.997083],[134.564051,33.997067],[134.56385,33.997051],[134.563702,33.997023],[134.563672,33.996998],[134.563598,33.996799],[134.563568,33.996671],[134.563523,33.996361],[134.563538,33.996323],[134.563588,33.996215],[134.563572,33.996166],[134.563574,33.996118],[134.563593,33.996044],[134.563674,33.995827],[134.563708,33.995805],[134.563802,33.995786],[134.563883,33.99577],[134.563982,33.995787],[134.564111,33.995803],[134.564282,33.995836],[134.564602,33.995907],[134.564816,33.995953],[134.56496,33.995991],[134.565077,33.996],[134.565239,33.995984],[134.565446,33.995956],[134.565596,33.995942],[134.565767,33.995943],[134.56592,33.995959],[134.566154,33.995972],[134.56628,33.995984],[134.56645,33.995965],[134.566924,33.995877],[134.567163,33.995835],[134.56734,33.995821],[134.567509,33.995818],[134.567704,33.995824],[134.567921,33.995831],[134.567944,33.996015],[134.567998,33.996459],[134.568051,33.996885],[134.568065,33.997474],[134.567905,33.997511],[134.567794,33.99753],[134.567492,33.99757],[134.567286,33.997604],[134.567247,33.997614],[134.567241,33.997652],[134.567236,33.997936],[134.56723,33.997978],[134.567172,33.998081],[134.567046,33.998289],[134.566899,33.998533],[134.566853,33.998599]]]},"properties":{"S_NAME":"新居見町字高内","HCODE":8101}},{"type":"Feature","geometry":{"type":"Polygon","coordinates":[[[134.559024,34.004667],[134.559177,34.00483],[134.558914,34.005004],[134.558811,34.005073],[134.558754,34.005109],[134.558691,34.005141],[134.558596,34.005185],[134.558433,34.005266],[134.558267,34.005341],[134.558145,34.005399],[134.558077,34.005424],[134.558023,34.005439],[134.557957,34.005454],[134.557897,34.005453],[134.557858,34.005448],[134.557811,34.005434],[134.557713,34.00541],[134.55717,34.005317],[134.55707,34.005302],[134.556574,34.005308],[134.556299,34.00531],[134.556005,34.005306],[134.555504,34.005288],[134.555084,34.004975],[134.554996,34.004924],[134.554921,34.004934],[134.554863,34.004949],[134.554809,34.004978],[134.554467,34.005277],[134.554021,34.005658],[134.553908,34.005507],[134.553485,34.005086],[134.552903,34.004644],[134.552815,34.004583],[134.553829,34.003843],[134.553867,34.003611],[134.5539,34.003449],[134.553915,34.003384],[134.55395,34.003365],[134.554028,34.003324],[134.554104,34.003295],[134.554146,34.00328],[134.554182,34.003252],[134.554199,34.003205],[134.554212,34.003099],[134.554255,34.002928],[134.554309,34.002703],[134.554318,34.002505],[134.554386,34.002199],[134.554442,34.001962],[134.55455,34.001592],[134.554569,34.00155],[134.554724,34.001366],[134.554889,34.001199],[134.555054,34.001007],[134.55509,34.00095],[134.5552,34.000896],[134.555283,34.000838],[134.555349,34.000783],[134.555417,34.000682],[134.555558,34.000428],[134.55566,34.000255],[134.555732,34.000092],[134.555924,34.00037],[134.556155,34.00072],[134.556221,34.000859],[134.556245,34.000937],[134.556264,34.001237],[134.556292,34.001558],[134.556391,34.001979],[134.556428,34.002194],[134.556456,34.00228],[134.556472,34.002326],[134.556507,34.002377],[134.556532,34.002401],[134.556586,34.002517],[134.556609,34.002597],[134.556619,34.002654],[134.55664,34.002691],[134.556708,34.002754],[134.55678,34.00279],[134.556849,34.002801],[134.556934,34.002812],[134.557249,34.002959],[134.557316,34.002982],[134.557491,34.003],[134.557598,34.003017],[134.557686,34.003054],[134.557818,34.003186],[134.558025,34.003369],[134.558149,34.003464],[134.55837,34.003599],[134.558351,34.003677],[134.558333,34.003755],[134.558326,34.003802],[134.55833,34.003841],[134.558349,34.003875],[134.558418,34.004018],[134.558466,34.004128],[134.558457,34.004318],[134.558456,34.004413],[134.558457,34.004449],[134.558465,34.004472],[134.558503,34.004496],[134.558612,34.004539],[134.558708,34.004577],[134.558831,34.004611],[134.558906,34.004631],[134.559024,34.004667]]]},"properties":{"S_NAME":"田浦町字矢三","HCODE":8101}},{"type":"Feature","geometry":{"type":"Polygon","coordinates":[[[134.560853,34.003479],[134.560789,34.003533],[134.560709,34.003594],[134.560618,34.003654],[134.560565,34.003706],[134.560506,34.003762],[134.560456,34.003819],[134.560424,34.003865],[134.560382,34.00388],[134.560338,34.003878],[134.56025,34.003883],[134.560199,34.003889],[134.560152,34.003912],[134.560128,34.003947],[134.560095,34.004025],[134.560082,34.004073],[134.560057,34.004172],[134.560017,34.00421],[134.559965,34.004245],[134.559939,34.004271],[134.55986,34.004448],[134.559839,34.004481],[134.559805,34.004494],[134.559759,34.004509],[134.559695,34.004523],[134.559654,34.004542],[134.559581,34.004569],[134.559433,34.004647],[134.559355,34.004676],[134.559306,34.004681],[134.559223,34.004673],[134.559122,34.00467],[134.559024,34.004667],[134.558906,34.004631],[134.558831,34.004611],[134.558708,34.004577],[134.558612,34.004539],[134.558503,34.004496],[134.558465,34.004472],[134.558457,34.004449],[134.558456,34.004413],[134.558457,34.004318],[134.558466,34.004128],[134.558418,34.004018],[134.558349,34.003875],[134.55833,34.003841],[134.558326,34.003802],[134.558333,34.003755],[134.558351,34.003677],[134.55837,34.003599],[134.558149,34.003464],[134.558025,34.003369],[134.557818,34.003186],[134.557686,34.003054],[134.557598,34.003017],[134.557491,34.003],[134.557316,34.002982],[134.557249,34.002959],[134.556934,34.002812],[134.556849,34.002801],[134.55678,34.00279],[134.556708,34.002754],[134.55664,34.002691],[134.556619,34.002654],[134.556609,34.002597],[134.556586,34.002517],[134.556532,34.002401],[134.556507,34.002377],[134.556472,34.002326],[134.556456,34.00228],[134.556428,34.002194],[134.556391,34.001979],[134.556292,34.001558],[134.556264,34.001237],[134.556245,34.000937],[134.556221,34.000859],[134.556155,34.00072],[134.557259,34.000798],[134.5573,34.000826],[134.557398,34.000884],[134.557497,34.000939],[134.557604,34.000971],[134.557815,34.001019],[134.558324,34.001104],[134.558628,34.001152],[134.558762,34.001216],[134.55894,34.001281],[134.559184,34.001386],[134.559156,34.001424],[134.559114,34.001481],[134.559081,34.001542],[134.5591,34.00158],[134.559122,34.001611],[134.559089,34.00168],[134.559027,34.001836],[134.558955,34.001982],[134.558852,34.002191],[134.558796,34.002309],[134.558797,34.002517],[134.558784,34.002691],[134.558917,34.002675],[134.559002,34.002678],[134.559112,34.002688],[134.559195,34.002692],[134.559347,34.002702],[134.55942,34.002703],[134.559475,34.002714],[134.559564,34.002735],[134.559667,34.002767],[134.559749,34.002812],[134.55983,34.002852],[134.559912,34.002895],[134.56001,34.002947],[134.560041,34.002975],[134.560084,34.003051],[134.560124,34.003112],[134.560159,34.00314],[134.560212,34.00318],[134.560321,34.003279],[134.560394,34.003332],[134.56046,34.003379],[134.560508,34.003407],[134.560571,34.003419],[134.560676,34.003438],[134.560853,34.003479]]]},"properties":{"S_NAME":"田浦町字本村","HCODE":8101}},{"type":"Feature","geometry":{"type":"Polygon","coordinates":[[[134.56133,34.002963],[134.561295,34.003001],[134.561262,34.003049],[134.561238,34.003097],[134.561217,34.00314],[134.561183,34.003181],[134.561066,34.00328],[134.560982,34.003362],[134.560907,34.003433],[134.560853,34.003479],[134.560676,34.003438],[134.560571,34.003419],[134.560508,34.003407],[134.56046,34.003379],[134.560394,34.003332],[134.560321,34.003279],[134.560212,34.00318],[134.560159,34.00314],[134.560124,34.003112],[134.560084,34.003051],[134.560041,34.002975],[134.56001,34.002947],[134.559912,34.002895],[134.55983,34.002852],[134.559749,34.002812],[134.559667,34.002767],[134.559564,34.002735],[134.559475,34.002714],[134.55942,34.002703],[134.559347,34.002702],[134.559195,34.002692],[134.559112,34.002688],[134.559002,34.002678],[134.558917,34.002675],[134.558784,34.002691],[134.558797,34.002517],[134.558796,34.002309],[134.558852,34.002191],[134.558955,34.001982],[134.559027,34.001836],[134.559089,34.00168],[134.559122,34.001611],[134.5591,34.00158],[134.559081,34.001542],[134.559114,34.001481],[134.559156,34.001424],[134.559184,34.001386],[134.55894,34.001281],[134.558762,34.001216],[134.558628,34.001152],[134.558324,34.001104],[134.557815,34.001019],[134.55788,34.000711],[134.557978,34.000471],[134.558094,34.000233],[134.558173,34.000055],[134.558197,33.999945],[134.558223,33.999843],[134.558234,33.999731],[134.558237,33.999674],[134.558226,33.999503],[134.558228,33.999367],[134.558209,33.999327],[134.558122,33.999279],[134.558258,33.998976],[134.558315,33.998833],[134.558351,33.998786],[134.558441,33.998676],[134.558553,33.998573],[134.558717,33.998434],[134.558756,33.998418],[134.558808,33.998413],[134.558876,33.99842],[134.558968,33.998452],[134.559081,33.998289],[134.559238,33.998013],[134.560612,33.998517],[134.561298,33.998721],[134.561168,33.999032],[134.561151,33.999054],[134.56113,33.999074],[134.561097,33.999091],[134.56105,33.999097],[134.560969,33.999108],[134.560924,33.999121],[134.560884,33.999131],[134.560865,33.999136],[134.560839,33.99915],[134.560816,33.999168],[134.560796,33.999186],[134.560779,33.999204],[134.56077,33.999214],[134.560763,33.999226],[134.560757,33.999253],[134.560753,33.999288],[134.56075,33.999309],[134.560746,33.99933],[134.560744,33.999344],[134.560736,33.999375],[134.560728,33.999396],[134.560722,33.999408],[134.560713,33.999418],[134.560702,33.999427],[134.560687,33.999435],[134.560667,33.99944],[134.560645,33.999442],[134.560604,33.999442],[134.560554,33.999442],[134.560505,33.999441],[134.560462,33.999444],[134.560413,33.999449],[134.560365,33.999462],[134.560338,33.99947],[134.560313,33.999483],[134.560287,33.999503],[134.560273,33.99952],[134.560252,33.999555],[134.560228,33.9996],[134.560197,33.99965],[134.560162,33.999703],[134.560132,33.999743],[134.560088,33.999805],[134.560089,33.999833],[134.560132,33.999864],[134.560169,33.999886],[134.560991,34.000437],[134.561016,34.000479],[134.561026,34.00055],[134.561055,34.000594],[134.561088,34.000629],[134.561129,34.000657],[134.56123,34.000716],[134.561503,34.000896],[134.561907,34.001161],[134.562094,34.001295],[134.562403,34.001522],[134.562683,34.001739],[134.562811,34.001856],[134.562867,34.001908],[134.562895,34.00195],[134.562906,34.001978],[134.562931,34.002062],[134.562965,34.002156],[134.562972,34.002214],[134.562964,34.002307],[134.562935,34.002389],[134.56285,34.002356],[134.56273,34.002335],[134.562489,34.002312],[134.562366,34.002316],[134.562257,34.002331],[134.562152,34.00235],[134.562051,34.002375],[134.56196,34.002411],[134.561862,34.002471],[134.561799,34.002525],[134.561746,34.002598],[134.561702,34.002667],[134.56165,34.002779],[134.561577,34.002931],[134.561445,34.002936],[134.561378,34.002943],[134.56133,34.002963]]]},"properties":{"S_NAME":"田浦町字原田","HCODE":8101}},{"type":"Feature","geometry":{"type":"Polygon","coordinates":[[[134.564582,34.000953],[134.564311,34.001347],[134.56427,34.001392],[134.564223,34.001431],[134.564154,34.001488],[134.564119,34.00152],[134.564072,34.001584],[134.563958,34.001757],[134.563934,34.001792],[134.563904,34.00181],[134.563833,34.001844],[134.56381,34.001856],[134.563775,34.001891],[134.563731,34.001943],[134.563689,34.001993],[134.563619,34.002053],[134.563533,34.002108],[134.563486,34.002115],[134.56346,34.002138],[134.563221,34.002481],[134.563139,34.002476],[134.563052,34.002472],[134.563007,34.002453],[134.562935,34.002389],[134.562964,34.002307],[134.562972,34.002214],[134.562965,34.002156],[134.562931,34.002062],[134.562906,34.001978],[134.562895,34.00195],[134.562867,34.001908],[134.562811,34.001856],[134.562683,34.001739],[134.562403,34.001522],[134.562094,34.001295],[134.561907,34.001161],[134.561503,34.000896],[134.56123,34.000716],[134.561129,34.000657],[134.561088,34.000629],[134.561055,34.000594],[134.561026,34.00055],[134.561016,34.000479],[134.560991,34.000437],[134.560169,33.999886],[134.560132,33.999864],[134.560089,33.999833],[134.560088,33.999805],[134.560132,33.999743],[134.560162,33.999703],[134.560197,33.99965],[134.560228,33.9996],[134.560252,33.999555],[134.560273,33.99952],[134.560287,33.999503],[134.560313,33.999483],[134.560338,33.99947],[134.560365,33.999462],[134.560413,33.999449],[134.560462,33.999444],[134.560505,33.999441],[134.560554,33.999442],[134.560604,33.999442],[134.560645,33.999442],[134.560667,33.99944],[134.560687,33.999435],[134.560702,33.999427],[134.560713,33.999418],[134.560722,33.999408],[134.560728,33.999396],[134.560736,33.999375],[134.560744,33.999344],[134.560746,33.99933],[134.56075,33.999309],[134.560753,33.999288],[134.560757,33.999253],[134.560763,33.999226],[134.56077,33.999214],[134.560779,33.999204],[134.560796,33.999186],[134.560816,33.999168],[134.560839,33.99915],[134.560865,33.999136],[134.560884,33.999131],[134.560924,33.999121],[134.560969,33.999108],[134.56105,33.999097],[134.561097,33.999091],[134.56113,33.999074],[134.561151,33.999054],[134.561168,33.999032],[134.561298,33.998721],[134.561646,33.998854],[134.562227,33.999121],[134.562399,33.999207],[134.56278,33.999453],[134.563114,33.99971],[134.563528,34.00009],[134.563717,34.000269],[134.563966,34.000496],[134.564184,34.000679],[134.564414,34.000852],[134.564582,34.000953]]]},"properties":{"S_NAME":"田浦町字子安","HCODE":8101}},{"type":"Feature","geometry":{"type":"Polygon","coordinates":[[[134.568902,34.003684],[134.568624,34.004025],[134.567816,34.003838],[134.567744,34.003816],[134.567654,34.003822],[134.567576,34.003835],[134.567501,34.003848],[134.567423,34.003809],[134.567378,34.003799],[134.56733,34.0038],[134.567236,34.003827],[134.567059,34.003881],[134.566887,34.003929],[134.566705,34.003983],[134.566656,34.003988],[134.566579,34.003981],[134.566441,34.003966],[134.566162,34.003931],[134.566111,34.003926],[134.566058,34.003928],[134.56598,34.00394],[134.565714,34.004003],[134.565633,34.003977],[134.565442,34.003919],[134.565397,34.003904],[134.565335,34.003877],[134.565276,34.003844],[134.565227,34.003816],[134.565169,34.003782],[134.565126,34.003746],[134.564965,34.003579],[134.564814,34.00344],[134.564738,34.00335],[134.564616,34.0032],[134.564454,34.00307],[134.5643,34.00295],[134.564186,34.002867],[134.564054,34.002796],[134.563879,34.002719],[134.563509,34.002561],[134.563383,34.002497],[134.563295,34.002486],[134.563221,34.002481],[134.56346,34.002138],[134.563486,34.002115],[134.563533,34.002108],[134.563619,34.002053],[134.563689,34.001993],[134.563731,34.001943],[134.563775,34.001891],[134.56381,34.001856],[134.563833,34.001844],[134.563904,34.00181],[134.563934,34.001792],[134.563958,34.001757],[134.564072,34.001584],[134.564119,34.00152],[134.564154,34.001488],[134.564223,34.001431],[134.56427,34.001392],[134.564311,34.001347],[134.564582,34.000953],[134.564978,34.001144],[134.565165,34.001262],[134.565425,34.001459],[134.565859,34.001804],[134.566214,34.001459],[134.566324,34.001542],[134.566601,34.001735],[134.566812,34.001878],[134.566905,34.001938],[134.566992,34.001987],[134.567079,34.002026],[134.567395,34.002096],[134.567769,34.002209],[134.56809,34.002317],[134.568359,34.002442],[134.568453,34.002495],[134.568554,34.002542],[134.568667,34.002575],[134.568784,34.002604],[134.568913,34.00263],[134.569105,34.002649],[134.569126,34.002666],[134.569113,34.002851],[134.569114,34.002888],[134.569135,34.002903],[134.569308,34.002889],[134.569338,34.002902],[134.569354,34.002924],[134.569363,34.003052],[134.569343,34.00312],[134.569313,34.003182],[134.569293,34.00323],[134.569239,34.003311],[134.569191,34.003377],[134.569115,34.003463],[134.569027,34.003551],[134.568902,34.003684]]]},"properties":{"S_NAME":"田浦町字近里","HCODE":8101}},{"type":"Feature","geometry":{"type":"Polygon","coordinates":[[[134.566214,34.001459],[134.565859,34.001804],[134.565425,34.001459],[134.565165,34.001262],[134.564978,34.001144],[134.564582,34.000953],[134.564414,34.000852],[134.564184,34.000679],[134.563966,34.000496],[134.563717,34.000269],[134.563528,34.00009],[134.563114,33.99971],[134.56278,33.999453],[134.562399,33.999207],[134.562227,33.999121],[134.561646,33.998854],[134.561298,33.998721],[134.560612,33.998517],[134.560713,33.998337],[134.560757,33.998309],[134.560834,33.998284],[134.560897,33.998263],[134.561064,33.998212],[134.56116,33.998178],[134.561267,33.998128],[134.561232,33.998067],[134.561097,33.997886],[134.561042,33.997769],[134.56102,33.997709],[134.560996,33.997642],[134.561004,33.997597],[134.561121,33.997468],[134.561189,33.997377],[134.561227,33.997317],[134.561254,33.997201],[134.561239,33.997181],[134.561217,33.997171],[134.561145,33.997152],[134.56104,33.997118],[134.560947,33.997076],[134.560868,33.997027],[134.560771,33.996966],[134.560551,33.996865],[134.560023,33.996634],[134.560362,33.99617],[134.560394,33.996125],[134.560406,33.996095],[134.560402,33.996042],[134.560395,33.995982],[134.560404,33.99594],[134.560435,33.995906],[134.560644,33.995829],[134.560721,33.996031],[134.56077,33.996145],[134.560835,33.996267],[134.560911,33.996343],[134.561019,33.996402],[134.561339,33.996599],[134.56178,33.99685],[134.562266,33.997152],[134.562694,33.997398],[134.562876,33.997536],[134.562925,33.997596],[134.562993,33.997684],[134.563069,33.997846],[134.563198,33.998105],[134.563242,33.998195],[134.563207,33.998389],[134.563232,33.998469],[134.563264,33.998502],[134.563381,33.998541],[134.563635,33.998673],[134.563764,33.998754],[134.563949,33.998935],[134.564342,33.999322],[134.564822,33.999789],[134.565132,34.000082],[134.566089,34.001005],[134.56613,34.001061],[134.566165,34.001117],[134.566187,34.001187],[134.566219,34.001321],[134.566214,34.001459]]]},"properties":{"S_NAME":"田浦町字岩金","HCODE":8101}},{"type":"Feature","geometry":{"type":"Polygon","coordinates":[[[134.560644,33.995829],[134.560435,33.995906],[134.560404,33.99594],[134.560395,33.995982],[134.560402,33.996042],[134.560406,33.996095],[134.560394,33.996125],[134.560362,33.99617],[134.560023,33.996634],[134.560551,33.996865],[134.560771,33.996966],[134.560868,33.997027],[134.560947,33.997076],[134.56104,33.997118],[134.561145,33.997152],[134.561217,33.997171],[134.561239,33.997181],[134.561254,33.997201],[134.561227,33.997317],[134.561189,33.997377],[134.561121,33.997468],[134.561004,33.997597],[134.560996,33.997642],[134.56102,33.997709],[134.561042,33.997769],[134.561097,33.997886],[134.561232,33.998067],[134.561267,33.998128],[134.56116,33.998178],[134.561064,33.998212],[134.560897,33.998263],[134.560834,33.998284],[134.560757,33.998309],[134.560713,33.998337],[134.560612,33.998517],[134.559238,33.998013],[134.558904,33.997926],[134.558593,33.997867],[134.558307,33.997808],[134.558141,33.997777],[134.557875,33.997726],[134.557596,33.997682],[134.557405,33.997627],[134.557144,33.997552],[134.556681,33.99741],[134.556701,33.996988],[134.556717,33.996618],[134.556772,33.99618],[134.556801,33.995969],[134.556789,33.995912],[134.556675,33.995627],[134.556476,33.9952],[134.556389,33.99489],[134.556295,33.994542],[134.556135,33.993909],[134.556112,33.993721],[134.556212,33.993743],[134.556399,33.993767],[134.556666,33.993788],[134.55691,33.993818],[134.556991,33.993826],[134.557098,33.99382],[134.557213,33.993805],[134.557268,33.993803],[134.557303,33.993813],[134.557354,33.993843],[134.557382,33.993876],[134.557417,33.993938],[134.557433,33.994002],[134.557442,33.994055],[134.557562,33.994126],[134.55769,33.994177],[134.557757,33.994205],[134.557822,33.994246],[134.558005,33.994365],[134.558108,33.994412],[134.558218,33.99445],[134.558353,33.994506],[134.558465,33.994522],[134.558551,33.994525],[134.558619,33.99451],[134.558676,33.99449],[134.55877,33.994469],[134.558887,33.994461],[134.558868,33.994108],[134.558785,33.993982],[134.558772,33.993918],[134.55908,33.993928],[134.559306,33.993934],[134.559472,33.994114],[134.559504,33.994147],[134.559412,33.994276],[134.559261,33.994532],[134.559346,33.994574],[134.559471,33.99461],[134.55968,33.99466],[134.559739,33.994687],[134.559781,33.994727],[134.559902,33.994859],[134.560065,33.995076],[134.560187,33.99523],[134.560375,33.995413],[134.560535,33.995558],[134.56063,33.9957],[134.560644,33.995829]]]},"properties":{"S_NAME":"田浦町字神子ノ内","HCODE":8101}},{"type":"Feature","geometry":{"type":"Polygon","coordinates":[[[134.559238,33.998013],[134.559081,33.998289],[134.558968,33.998452],[134.558876,33.99842],[134.558808,33.998413],[134.558756,33.998418],[134.558717,33.998434],[134.558553,33.998573],[134.558441,33.998676],[134.558351,33.998786],[134.558315,33.998833],[134.558258,33.998976],[134.558122,33.999279],[134.558209,33.999327],[134.558228,33.999367],[134.558226,33.999503],[134.558237,33.999674],[134.558234,33.999731],[134.558223,33.999843],[134.558197,33.999945],[134.558173,34.000055],[134.558094,34.000233],[134.557978,34.000471],[134.55788,34.000711],[134.557815,34.001019],[134.557604,34.000971],[134.557497,34.000939],[134.557398,34.000884],[134.5573,34.000826],[134.557259,34.000798],[134.556155,34.00072],[134.555924,34.00037],[134.555732,34.000092],[134.55549,33.999783],[134.555515,33.99949],[134.555553,33.99925],[134.555579,33.999077],[134.555686,33.998841],[134.555769,33.998662],[134.555828,33.998545],[134.557118,33.99866],[134.557288,33.998536],[134.557353,33.998371],[134.557401,33.998216],[134.557436,33.998121],[134.557542,33.997978],[134.557589,33.997916],[134.557596,33.997682],[134.557875,33.997726],[134.558141,33.997777],[134.558307,33.997808],[134.558593,33.997867],[134.558904,33.997926],[134.559238,33.998013]]]},"properties":{"S_NAME":"田浦町字原田","HCODE":8101}},{"type":"Feature","geometry":{"type":"Polygon","coordinates":[[[134.557596,33.997682],[134.557589,33.997916],[134.557542,33.997978],[134.557436,33.998121],[134.557401,33.998216],[134.557353,33.998371],[134.557288,33.998536],[134.557118,33.99866],[134.555828,33.998545],[134.555335,33.99846],[134.554439,33.99833],[134.554321,33.998305],[134.554169,33.998169],[134.554008,33.998009],[134.553831,33.997845],[134.553802,33.997835],[134.553625,33.997826],[134.553417,33.997808],[134.553342,33.9978],[134.553322,33.997788],[134.553313,33.997768],[134.553268,33.997624],[134.55326,33.997596],[134.553257,33.997561],[134.553256,33.997515],[134.553254,33.99749],[134.553213,33.997466],[134.553005,33.9974],[134.553053,33.997122],[134.553067,33.996848],[134.553895,33.996932],[134.55447,33.997003],[134.555347,33.997111],[134.556007,33.997221],[134.556193,33.997256],[134.556396,33.997311],[134.556681,33.99741],[134.557144,33.997552],[134.557405,33.997627],[134.557596,33.997682]]]},"properties":{"S_NAME":"田浦町字中村","HCODE":8101}},{"type":"Feature","geometry":{"type":"Polygon","coordinates":[[[134.555732,34.000092],[134.55566,34.000255],[134.555558,34.000428],[134.555417,34.000682],[134.555349,34.000783],[134.555283,34.000838],[134.5552,34.000896],[134.55509,34.00095],[134.555054,34.001007],[134.554889,34.001199],[134.554724,34.001366],[134.554569,34.00155],[134.55455,34.001592],[134.554442,34.001962],[134.554386,34.002199],[134.554318,34.002505],[134.554309,34.002703],[134.554255,34.002928],[134.554212,34.003099],[134.554199,34.003205],[134.554182,34.003252],[134.554146,34.00328],[134.554104,34.003295],[134.554028,34.003324],[134.55395,34.003365],[134.553915,34.003384],[134.5539,34.003449],[134.553867,34.003611],[134.553829,34.003843],[134.553192,34.003394],[134.552782,34.003108],[134.552444,34.002803],[134.552151,34.002532],[134.552004,34.002379],[134.551889,34.002261],[134.551808,34.002175],[134.551695,34.002067],[134.551624,34.002001],[134.551603,34.001499],[134.551666,34.00148],[134.552093,34.001541],[134.552145,34.001534],[134.552207,34.001505],[134.552269,34.001446],[134.552514,34.001079],[134.552762,34.000751],[134.552781,34.000742],[134.552851,34.000743],[134.552876,34.000737],[134.552899,34.000722],[134.553001,34.000601],[134.553078,34.00052],[134.553167,34.000439],[134.55324,34.000375],[134.553288,34.000323],[134.55332,34.000263],[134.553347,34.000206],[134.553415,34.000052],[134.553624,33.999844],[134.553628,33.99983],[134.553624,33.999814],[134.553573,33.999794],[134.553558,33.999784],[134.553567,33.999761],[134.553648,33.999657],[134.553795,33.999508],[134.553926,33.999393],[134.554061,33.999244],[134.554086,33.999216],[134.554189,33.999089],[134.554274,33.998963],[134.554318,33.998866],[134.554384,33.998721],[134.554421,33.998595],[134.554443,33.998494],[134.554449,33.9984],[134.554439,33.99833],[134.555335,33.99846],[134.555828,33.998545],[134.555769,33.998662],[134.555686,33.998841],[134.555579,33.999077],[134.555553,33.99925],[134.555515,33.99949],[134.55549,33.999783],[134.555732,34.000092]]]},"properties":{"S_NAME":"田浦町字中西","HCODE":8101}},{"type":"Feature","geometry":{"type":"Polygon","coordinates":[[[134.552815,34.004583],[134.55256,34.004409],[134.552326,34.004269],[134.551143,34.003394],[134.550867,34.003261],[134.550198,34.002654],[134.550197,34.002577],[134.550175,34.001842],[134.550046,34.000998],[134.549838,33.999601],[134.549437,33.999209],[134.548952,33.997005],[134.548618,33.995407],[134.548546,33.994981],[134.548536,33.99492],[134.549954,33.994664],[134.550153,33.994637],[134.550232,33.994671],[134.55028,33.994749],[134.550288,33.995283],[134.550293,33.995514],[134.550398,33.996058],[134.550422,33.996125],[134.550465,33.996169],[134.550515,33.996199],[134.550633,33.996239],[134.550769,33.996283],[134.551068,33.996385],[134.551318,33.996481],[134.551505,33.996549],[134.551672,33.996616],[134.551817,33.996665],[134.552027,33.996733],[134.55219,33.996768],[134.552468,33.99679],[134.552689,33.996813],[134.552897,33.996833],[134.553067,33.996848],[134.553053,33.997122],[134.553005,33.9974],[134.553213,33.997466],[134.553254,33.99749],[134.553256,33.997515],[134.553257,33.997561],[134.55326,33.997596],[134.553268,33.997624],[134.553313,33.997768],[134.553322,33.997788],[134.553342,33.9978],[134.553417,33.997808],[134.553625,33.997826],[134.553802,33.997835],[134.553831,33.997845],[134.554008,33.998009],[134.554169,33.998169],[134.554321,33.998305],[134.554439,33.99833],[134.554449,33.9984],[134.554443,33.998494],[134.554421,33.998595],[134.554384,33.998721],[134.554318,33.998866],[134.554274,33.998963],[134.554189,33.999089],[134.554086,33.999216],[134.554061,33.999244],[134.553926,33.999393],[134.553795,33.999508],[134.553648,33.999657],[134.553567,33.999761],[134.553558,33.999784],[134.553573,33.999794],[134.553624,33.999814],[134.553628,33.99983],[134.553624,33.999844],[134.553415,34.000052],[134.553347,34.000206],[134.55332,34.000263],[134.553288,34.000323],[134.55324,34.000375],[134.553167,34.000439],[134.553078,34.00052],[134.553001,34.000601],[134.552899,34.000722],[134.552876,34.000737],[134.552851,34.000743],[134.552781,34.000742],[134.552762,34.000751],[134.552514,34.001079],[134.552269,34.001446],[134.552207,34.001505],[134.552145,34.001534],[134.552093,34.001541],[134.551666,34.00148],[134.551603,34.001499],[134.551624,34.002001],[134.551695,34.002067],[134.551808,34.002175],[134.551889,34.002261],[134.552004,34.002379],[134.552151,34.002532],[134.552444,34.002803],[134.552782,34.003108],[134.553192,34.003394],[134.553829,34.003843],[134.552815,34.004583]]]},"properties":{"S_NAME":"田浦町字北原","HCODE":8101}},{"type":"Feature","geometry":{"type":"Polygon","coordinates":[[[134.555176,33.989539],[134.554254,33.992315],[134.554085,33.9928],[134.55376,33.99271],[134.553443,33.99266],[134.553393,33.992774],[134.55324,33.993173],[134.553216,33.993255],[134.553194,33.993385],[134.553139,33.993773],[134.553104,33.994051],[134.553066,33.994259],[134.553022,33.994554],[134.55299,33.994729],[134.552958,33.994853],[134.552848,33.995112],[134.552828,33.99523],[134.552791,33.995692],[134.552768,33.995938],[134.552689,33.996813],[134.552468,33.99679],[134.55219,33.996768],[134.552027,33.996733],[134.551817,33.996665],[134.551672,33.996616],[134.551505,33.996549],[134.551318,33.996481],[134.551068,33.996385],[134.550769,33.996283],[134.550633,33.996239],[134.550515,33.996199],[134.550465,33.996169],[134.550422,33.996125],[134.550398,33.996058],[134.550293,33.995514],[134.550288,33.995283],[134.55028,33.994749],[134.550232,33.994671],[134.550153,33.994637],[134.549954,33.994664],[134.548536,33.99492],[134.548359,33.993836],[134.547854,33.991078],[134.547735,33.989688],[134.547082,33.987885],[134.547019,33.987709],[134.547689,33.98765],[134.550093,33.987332],[134.55113,33.98721],[134.551426,33.987223],[134.551668,33.987245],[134.551763,33.987259],[134.551861,33.98731],[134.552036,33.987603],[134.55212,33.987669],[134.552467,33.987847],[134.552647,33.987868],[134.552889,33.987851],[134.553071,33.987835],[134.553296,33.987863],[134.553515,33.987934],[134.553741,33.988065],[134.553947,33.988213],[134.554097,33.988384],[134.554164,33.98855],[134.554113,33.988787],[134.55408,33.988983],[134.554104,33.989216],[134.554053,33.989359],[134.553995,33.989507],[134.553951,33.989709],[134.553975,33.989792],[134.554077,33.989905],[134.554143,33.989983],[134.554273,33.990006],[134.554391,33.989995],[134.554502,33.989911],[134.554612,33.989762],[134.55467,33.989669],[134.554746,33.989594],[134.554811,33.989599],[134.554906,33.989642],[134.554965,33.989642],[134.555112,33.989566],[134.555176,33.989539]]]},"properties":{"S_NAME":"田浦町字西原","HCODE":8101}},{"type":"Feature","geometry":{"type":"Polygon","coordinates":[[[134.55691,33.993818],[134.556666,33.993788],[134.556399,33.993767],[134.556212,33.993743],[134.556112,33.993721],[134.556135,33.993909],[134.556295,33.994542],[134.556389,33.99489],[134.556476,33.9952],[134.556675,33.995627],[134.556789,33.995912],[134.556801,33.995969],[134.556772,33.99618],[134.556717,33.996618],[134.556701,33.996988],[134.556681,33.99741],[134.556396,33.997311],[134.556193,33.997256],[134.556007,33.997221],[134.555347,33.997111],[134.55447,33.997003],[134.553895,33.996932],[134.553067,33.996848],[134.552897,33.996833],[134.552689,33.996813],[134.552768,33.995938],[134.552791,33.995692],[134.552828,33.99523],[134.552848,33.995112],[134.552958,33.994853],[134.55299,33.994729],[134.553022,33.994554],[134.553066,33.994259],[134.553104,33.994051],[134.553139,33.993773],[134.553194,33.993385],[134.553216,33.993255],[134.55324,33.993173],[134.553393,33.992774],[134.553443,33.99266],[134.55376,33.99271],[134.554085,33.9928],[134.554254,33.992315],[134.555176,33.989539],[134.555194,33.989531],[134.5553,33.989535],[134.55539,33.989599],[134.5556,33.989753],[134.555773,33.989838],[134.555933,33.989871],[134.555987,33.989905],[134.556126,33.990174],[134.556354,33.990448],[134.55658,33.990578],[134.556752,33.99067],[134.556972,33.990676],[134.557168,33.990674],[134.556625,33.992249],[134.556556,33.9924],[134.556654,33.992375],[134.556773,33.992349],[134.556893,33.992344],[134.557012,33.992361],[134.557128,33.992392],[134.557172,33.992448],[134.557164,33.992523],[134.557101,33.99263],[134.557005,33.992766],[134.556917,33.99292],[134.556872,33.993041],[134.556848,33.99318],[134.556867,33.993336],[134.556916,33.993495],[134.556922,33.99367],[134.55691,33.993818]]]},"properties":{"S_NAME":"田浦町字中西","HCODE":8101}},{"type":"Feature","geometry":{"type":"Polygon","coordinates":[[[134.572756,33.992614],[134.568256,33.993374],[134.560065,33.995076],[134.559902,33.994859],[134.559781,33.994727],[134.559739,33.994687],[134.55968,33.99466],[134.559471,33.99461],[134.559346,33.994574],[134.559261,33.994532],[134.559412,33.994276],[134.559504,33.994147],[134.559472,33.994114],[134.559306,33.993934],[134.55908,33.993928],[134.558772,33.993918],[134.558785,33.993982],[134.558868,33.994108],[134.558887,33.994461],[134.55877,33.994469],[134.558676,33.99449],[134.558619,33.99451],[134.558551,33.994525],[134.558465,33.994522],[134.558353,33.994506],[134.558218,33.99445],[134.558108,33.994412],[134.558005,33.994365],[134.557822,33.994246],[134.557757,33.994205],[134.55769,33.994177],[134.557562,33.994126],[134.557442,33.994055],[134.557433,33.994002],[134.557417,33.993938],[134.557382,33.993876],[134.557354,33.993843],[134.557303,33.993813],[134.557268,33.993803],[134.557213,33.993805],[134.557098,33.99382],[134.556991,33.993826],[134.55691,33.993818],[134.556922,33.99367],[134.556916,33.993495],[134.556867,33.993336],[134.556848,33.99318],[134.556872,33.993041],[134.556917,33.99292],[134.557005,33.992766],[134.557101,33.99263],[134.557164,33.992523],[134.557172,33.992448],[134.557128,33.992392],[134.557012,33.992361],[134.556893,33.992344],[134.556773,33.992349],[134.556654,33.992375],[134.556556,33.9924],[134.556625,33.992249],[134.557168,33.990674],[134.557511,33.990623],[134.558222,33.990455],[134.558432,33.990577],[134.558618,33.990769],[134.558681,33.99081],[134.558763,33.990807],[134.558868,33.990749],[134.55899,33.990688],[134.559196,33.990555],[134.559215,33.990549],[134.559224,33.990547],[134.559299,33.99053],[134.559407,33.990563],[134.559561,33.990615],[134.559622,33.990667],[134.559702,33.990808],[134.55974,33.990912],[134.559779,33.990948],[134.559978,33.990928],[134.560496,33.990852],[134.5608,33.99103],[134.561106,33.991316],[134.561235,33.991426],[134.561431,33.991404],[134.561924,33.991337],[134.562237,33.991313],[134.562475,33.99129],[134.562601,33.99132],[134.56274,33.991434],[134.562957,33.991714],[134.563109,33.991848],[134.563449,33.991919],[134.563736,33.991791],[134.563904,33.991734],[134.56407,33.991579],[134.564109,33.991506],[134.564155,33.991171],[134.564107,33.990874],[134.564092,33.990707],[134.564314,33.99034],[134.564451,33.990265],[134.564747,33.99024],[134.565092,33.990201],[134.565437,33.99009],[134.565936,33.989689],[134.56634,33.989632],[134.566792,33.98943],[134.56722,33.98904],[134.567441,33.98859],[134.5677,33.988264],[134.567831,33.98773],[134.568262,33.987068],[134.568728,33.986598],[134.568719,33.986573],[134.575507,33.988065],[134.575074,33.988522],[134.574626,33.989075],[134.574331,33.989466],[134.574096,33.989848],[134.574009,33.990083],[134.573982,33.990308],[134.574033,33.990537],[134.574133,33.990744],[134.5743,33.990952],[134.574565,33.991128],[134.574499,33.991139],[134.574449,33.991151],[134.574407,33.99116],[134.574372,33.991165],[134.57434,33.991179],[134.574313,33.991212],[134.574287,33.991247],[134.574257,33.9913],[134.574223,33.991344],[134.574194,33.991387],[134.57417,33.991446],[134.574151,33.99151],[134.574134,33.991623],[134.574129,33.99168],[134.574111,33.991714],[134.574088,33.991744],[134.574027,33.991812],[134.57392,33.991925],[134.573831,33.992013],[134.573772,33.992087],[134.573704,33.99218],[134.573658,33.992225],[134.573592,33.99227],[134.573508,33.992319],[134.573446,33.992349],[134.573385,33.99237],[134.573311,33.992387],[134.573255,33.992391],[134.573128,33.992399],[134.57302,33.992406],[134.572936,33.992409],[134.57289,33.99243],[134.572852,33.992456],[134.572802,33.992508],[134.572756,33.992614]]]},"properties":{"S_NAME":"田浦町字前山","HCODE":8101}},{"type":"Feature","geometry":{"type":"Polygon","coordinates":[[[134.561362,34.015219],[134.561229,34.015308],[134.559312,34.016671],[134.558685,34.016059],[134.557818,34.015191],[134.558083,34.014748],[134.558325,34.014358],[134.558387,34.014176],[134.558412,34.014062],[134.558413,34.014058],[134.558417,34.01404],[134.558402,34.014007],[134.558313,34.013734],[134.558072,34.013036],[134.557759,34.012115],[134.558625,34.01181],[134.559631,34.011494],[134.559769,34.011557],[134.559853,34.011556],[134.559946,34.011572],[134.560289,34.011713],[134.560625,34.011857],[134.560968,34.011994],[134.56138,34.012174],[134.561426,34.012206],[134.561739,34.01255],[134.561795,34.01258],[134.561973,34.012674],[134.562251,34.012793],[134.562344,34.012837],[134.562367,34.012872],[134.562377,34.013016],[134.562403,34.01324],[134.562419,34.013513],[134.562408,34.013794],[134.562412,34.013871],[134.56263,34.014109],[134.562784,34.014294],[134.562452,34.014565],[134.562058,34.014832],[134.56164,34.015057],[134.561362,34.015219]]]},"properties":{"S_NAME":"前原町字宮","HCODE":8101}},{"type":"Feature","geometry":{"type":"Polygon","coordinates":[[[134.563777,34.013395],[134.562784,34.014294],[134.56263,34.014109],[134.562412,34.013871],[134.562408,34.013794],[134.562419,34.013513],[134.562403,34.01324],[134.562377,34.013016],[134.562367,34.012872],[134.562344,34.012837],[134.562251,34.012793],[134.561973,34.012674],[134.561795,34.01258],[134.561739,34.01255],[134.561426,34.012206],[134.56138,34.012174],[134.560968,34.011994],[134.560625,34.011857],[134.560289,34.011713],[134.559946,34.011572],[134.559853,34.011556],[134.559769,34.011557],[134.559631,34.011494],[134.561103,34.010987],[134.562202,34.010637],[134.562811,34.010472],[134.563243,34.010369],[134.563875,34.010249],[134.564537,34.010155],[134.565046,34.010096],[134.565697,34.010057],[134.566219,34.010043],[134.56662,34.01003],[134.565388,34.011521],[134.565012,34.011978],[134.564364,34.012736],[134.564094,34.013047],[134.563777,34.013395]]]},"properties":{"S_NAME":"前原町字中川原","HCODE":8101}},{"type":"Feature","geometry":{"type":"Polygon","coordinates":[[[134.566569,34.015048],[134.566487,34.01507],[134.566325,34.015135],[134.566276,34.015018],[134.566198,34.014933],[134.566152,34.014893],[134.565987,34.01474],[134.565923,34.01469],[134.56584,34.014648],[134.565746,34.014602],[134.565558,34.014528],[134.565477,34.014487],[134.565404,34.014442],[134.565325,34.01438],[134.565183,34.014243],[134.564894,34.014015],[134.564687,34.013852],[134.564491,34.013704],[134.564408,34.013651],[134.564325,34.013604],[134.564237,34.01356],[134.564165,34.013533],[134.563944,34.013454],[134.563777,34.013395],[134.564094,34.013047],[134.564364,34.012736],[134.565012,34.011978],[134.565123,34.011989],[134.565193,34.011986],[134.565284,34.01198],[134.565392,34.011977],[134.565491,34.011983],[134.565558,34.011996],[134.565587,34.011987],[134.565665,34.01188],[134.565745,34.011898],[134.565822,34.011926],[134.565936,34.011975],[134.566016,34.012009],[134.566084,34.012046],[134.566144,34.012088],[134.566108,34.012176],[134.566058,34.012273],[134.566073,34.012409],[134.566122,34.012467],[134.566117,34.012543],[134.56611,34.01267],[134.566077,34.012734],[134.566075,34.012765],[134.5661,34.012783],[134.56614,34.012792],[134.56633,34.012754],[134.566391,34.012761],[134.566432,34.012792],[134.566538,34.01289],[134.566631,34.012987],[134.566746,34.013116],[134.566893,34.013313],[134.567,34.013451],[134.567118,34.013597],[134.567193,34.013728],[134.567284,34.01377],[134.567384,34.013835],[134.567502,34.013923],[134.567708,34.014071],[134.567635,34.014155],[134.567593,34.014231],[134.567555,34.014304],[134.56748,34.014467],[134.567461,34.014505],[134.567399,34.014562],[134.567349,34.014591],[134.567253,34.014634],[134.567129,34.014702],[134.566971,34.014793],[134.566783,34.014922],[134.566569,34.015048]]]},"properties":{"S_NAME":"前原町西久保","HCODE":8101}},{"type":"Feature","geometry":{"type":"Polygon","coordinates":[[[134.561544,34.010176],[134.561384,34.010163],[134.561273,34.010158],[134.561154,34.010168],[134.560982,34.010196],[134.560981,34.010132],[134.560953,34.010087],[134.560895,34.010036],[134.56001,34.009448],[134.559906,34.009407],[134.559841,34.009382],[134.559825,34.009344],[134.559841,34.009291],[134.559963,34.008868],[134.559962,34.008798],[134.55994,34.008749],[134.5599,34.008722],[134.559753,34.00864],[134.559384,34.008475],[134.55933,34.008447],[134.559197,34.008279],[134.559181,34.008241],[134.559208,34.008183],[134.559251,34.008101],[134.559258,34.008043],[134.559226,34.007957],[134.559198,34.007887],[134.559162,34.007782],[134.559171,34.007749],[134.559185,34.007718],[134.559389,34.007407],[134.559473,34.007239],[134.559519,34.007133],[134.559561,34.00707],[134.559795,34.006756],[134.559864,34.006658],[134.55987,34.006626],[134.559864,34.006587],[134.559837,34.006487],[134.559815,34.006413],[134.559799,34.006366],[134.559772,34.006324],[134.559732,34.006273],[134.559708,34.006212],[134.559694,34.006148],[134.559687,34.006077],[134.559681,34.005974],[134.559687,34.005917],[134.559697,34.005866],[134.559745,34.005744],[134.559817,34.00555],[134.559839,34.005479],[134.559884,34.005313],[134.559897,34.005261],[134.560026,34.005036],[134.560097,34.004908],[134.560169,34.004777],[134.560241,34.004646],[134.560275,34.004552],[134.560278,34.004486],[134.560264,34.004342],[134.560257,34.004246],[134.560272,34.004216],[134.560366,34.004143],[134.560481,34.004051],[134.560558,34.003973],[134.560678,34.003828],[134.560855,34.003641],[134.561214,34.003207],[134.561261,34.003142],[134.561296,34.003063],[134.56133,34.002963],[134.561378,34.002943],[134.561445,34.002936],[134.561577,34.002931],[134.56165,34.002779],[134.561702,34.002667],[134.561746,34.002598],[134.561799,34.002525],[134.561862,34.002471],[134.56196,34.002411],[134.562051,34.002375],[134.562152,34.00235],[134.562257,34.002331],[134.562366,34.002316],[134.562489,34.002312],[134.56273,34.002335],[134.56285,34.002356],[134.562935,34.002389],[134.563007,34.002453],[134.563052,34.002472],[134.563139,34.002476],[134.563221,34.002481],[134.563295,34.002486],[134.563383,34.002497],[134.563509,34.002561],[134.563879,34.002719],[134.564054,34.002796],[134.564186,34.002867],[134.5643,34.00295],[134.564454,34.00307],[134.564616,34.0032],[134.564738,34.00335],[134.564814,34.00344],[134.564965,34.003579],[134.564935,34.003755],[134.564928,34.003788],[134.564928,34.003953],[134.564925,34.004053],[134.56492,34.00416],[134.564903,34.004207],[134.56485,34.004247],[134.564779,34.004292],[134.564702,34.004358],[134.564605,34.004435],[134.564555,34.004483],[134.564525,34.004559],[134.564485,34.004718],[134.564433,34.004862],[134.564353,34.005025],[134.564248,34.005205],[134.564204,34.005312],[134.564175,34.005383],[134.564148,34.005452],[134.564141,34.005559],[134.564169,34.005663],[134.564203,34.005754],[134.564258,34.005847],[134.564322,34.005916],[134.564368,34.005961],[134.564432,34.006003],[134.564489,34.00603],[134.564546,34.006056],[134.564509,34.006295],[134.564603,34.006334],[134.564589,34.006437],[134.564642,34.006647],[134.564158,34.006718],[134.563821,34.006772],[134.563714,34.006892],[134.563657,34.006969],[134.563595,34.007045],[134.563554,34.007147],[134.563493,34.007289],[134.563456,34.007398],[134.563384,34.007517],[134.563333,34.00758],[134.562925,34.008047],[134.56287,34.008103],[134.562733,34.00821],[134.562619,34.00832],[134.562515,34.008418],[134.562473,34.008479],[134.562455,34.008537],[134.562448,34.00862],[134.562464,34.008716],[134.562456,34.008826],[134.562417,34.009076],[134.562414,34.009143],[134.562446,34.009226],[134.562483,34.009316],[134.562488,34.009387],[134.562466,34.009451],[134.562368,34.00957],[134.562156,34.009831],[134.561976,34.010035],[134.56193,34.01008],[134.561846,34.010116],[134.561766,34.010136],[134.561651,34.010159],[134.561544,34.010176]]]},"properties":{"S_NAME":"前原町字福徳","HCODE":8101}},{"type":"Feature","geometry":{"type":"Polygon","coordinates":[[[134.559631,34.011494],[134.558625,34.01181],[134.557759,34.012115],[134.557756,34.012106],[134.557805,34.012004],[134.557781,34.01193],[134.557667,34.011664],[134.55756,34.01141],[134.557206,34.010575],[134.556818,34.009638],[134.556207,34.00877],[134.555954,34.008367],[134.555678,34.007932],[134.555272,34.007327],[134.554021,34.005658],[134.554467,34.005277],[134.554809,34.004978],[134.554863,34.004949],[134.554921,34.004934],[134.554996,34.004924],[134.555084,34.004975],[134.555504,34.005288],[134.556005,34.005306],[134.556299,34.00531],[134.556574,34.005308],[134.55707,34.005302],[134.55717,34.005317],[134.557713,34.00541],[134.557811,34.005434],[134.557858,34.005448],[134.557897,34.005453],[134.557957,34.005454],[134.558023,34.005439],[134.558077,34.005424],[134.558145,34.005399],[134.558267,34.005341],[134.558433,34.005266],[134.558596,34.005185],[134.558691,34.005141],[134.558754,34.005109],[134.558811,34.005073],[134.558914,34.005004],[134.559177,34.00483],[134.559024,34.004667],[134.559122,34.00467],[134.559223,34.004673],[134.559306,34.004681],[134.559355,34.004676],[134.559433,34.004647],[134.559581,34.004569],[134.559654,34.004542],[134.559695,34.004523],[134.559759,34.004509],[134.559805,34.004494],[134.559839,34.004481],[134.55986,34.004448],[134.559939,34.004271],[134.559965,34.004245],[134.560017,34.00421],[134.560057,34.004172],[134.560082,34.004073],[134.560095,34.004025],[134.560128,34.003947],[134.560152,34.003912],[134.560199,34.003889],[134.56025,34.003883],[134.560338,34.003878],[134.560382,34.00388],[134.560424,34.003865],[134.560456,34.003819],[134.560506,34.003762],[134.560565,34.003706],[134.560618,34.003654],[134.560709,34.003594],[134.560789,34.003533],[134.560853,34.003479],[134.560907,34.003433],[134.560982,34.003362],[134.561066,34.00328],[134.561183,34.003181],[134.561217,34.00314],[134.561238,34.003097],[134.561262,34.003049],[134.561295,34.003001],[134.56133,34.002963],[134.561296,34.003063],[134.561261,34.003142],[134.561214,34.003207],[134.560855,34.003641],[134.560678,34.003828],[134.560558,34.003973],[134.560481,34.004051],[134.560366,34.004143],[134.560272,34.004216],[134.560257,34.004246],[134.560264,34.004342],[134.560278,34.004486],[134.560275,34.004552],[134.560241,34.004646],[134.560169,34.004777],[134.560097,34.004908],[134.560026,34.005036],[134.559897,34.005261],[134.559884,34.005313],[134.559839,34.005479],[134.559817,34.00555],[134.559745,34.005744],[134.559697,34.005866],[134.559687,34.005917],[134.559681,34.005974],[134.559687,34.006077],[134.559694,34.006148],[134.559708,34.006212],[134.559732,34.006273],[134.559772,34.006324],[134.559799,34.006366],[134.559815,34.006413],[134.559837,34.006487],[134.559864,34.006587],[134.55987,34.006626],[134.559864,34.006658],[134.559795,34.006756],[134.559561,34.00707],[134.559519,34.007133],[134.559473,34.007239],[134.559389,34.007407],[134.559185,34.007718],[134.559171,34.007749],[134.559162,34.007782],[134.559198,34.007887],[134.559226,34.007957],[134.559258,34.008043],[134.559251,34.008101],[134.559208,34.008183],[134.559181,34.008241],[134.559197,34.008279],[134.55933,34.008447],[134.559384,34.008475],[134.559753,34.00864],[134.5599,34.008722],[134.55994,34.008749],[134.559962,34.008798],[134.559963,34.008868],[134.559841,34.009291],[134.559825,34.009344],[134.559841,34.009382],[134.559906,34.009407],[134.56001,34.009448],[134.560895,34.010036],[134.560953,34.010087],[134.560981,34.010132],[134.560982,34.010196],[134.561154,34.010168],[134.561273,34.010158],[134.561384,34.010163],[134.561544,34.010176],[134.561652,34.010246],[134.561753,34.010299],[134.562031,34.010463],[134.562202,34.010637],[134.561103,34.010987],[134.559631,34.011494]]]},"properties":{"S_NAME":"前原町字中川原","HCODE":8101}},{"type":"Feature","geometry":{"type":"Polygon","coordinates":[[[134.566317,34.020834],[134.566211,34.020806],[134.565945,34.020885],[134.565808,34.020951],[134.565693,34.020944],[134.565573,34.020899],[134.565448,34.020843],[134.565314,34.020772],[134.565204,34.020757],[134.565112,34.020754],[134.564965,34.020817],[134.564843,34.02094],[134.564662,34.021243],[134.564355,34.02178],[134.563999,34.022225],[134.563822,34.02241],[134.563692,34.022626],[134.563494,34.023116],[134.563406,34.023549],[134.563425,34.024367],[134.563513,34.024916],[134.563678,34.025643],[134.5639,34.026717],[134.563927,34.026819],[134.563874,34.026946],[134.563786,34.027301],[134.563671,34.027594],[134.563495,34.027866],[134.563375,34.028054],[134.563262,34.028175],[134.563015,34.028455],[134.562493,34.028992],[134.562371,34.029108],[134.561897,34.028817],[134.561694,34.028686],[134.561598,34.028639],[134.56156,34.028553],[134.561572,34.028423],[134.561525,34.028221],[134.561552,34.02817],[134.561669,34.028039],[134.561729,34.027913],[134.561704,34.027846],[134.561637,34.027589],[134.561626,34.027432],[134.56161,34.02729],[134.56148,34.027118],[134.561242,34.026979],[134.561103,34.026632],[134.561027,34.026243],[134.56087,34.025924],[134.560896,34.025798],[134.560875,34.025586],[134.560841,34.025356],[134.560855,34.025317],[134.561028,34.025205],[134.561056,34.025142],[134.561026,34.024981],[134.561049,34.024937],[134.561043,34.024839],[134.561049,34.02477],[134.561171,34.024667],[134.56117,34.024628],[134.561121,34.024439],[134.561122,34.02414],[134.561217,34.023611],[134.561237,34.023546],[134.56126,34.023459],[134.56122,34.023274],[134.561132,34.023059],[134.560924,34.022726],[134.560777,34.022649],[134.560694,34.022488],[134.56065,34.022327],[134.560628,34.022099],[134.560692,34.021942],[134.560709,34.021784],[134.560431,34.021599],[134.560484,34.021474],[134.560599,34.021354],[134.560402,34.021224],[134.560359,34.021224],[134.560307,34.021255],[134.560254,34.021295],[134.560118,34.021433],[134.559594,34.021265],[134.559605,34.021217],[134.559589,34.021144],[134.559512,34.021068],[134.559413,34.021019],[134.559304,34.021019],[134.559206,34.021061],[134.559127,34.021115],[134.559006,34.021076],[134.558502,34.020838],[134.55838,34.020999],[134.557559,34.02084],[134.557604,34.020743],[134.55676,34.020585],[134.556701,34.020574],[134.556701,34.020575],[134.556691,34.020573],[134.556706,34.020539],[134.557604,34.018493],[134.556553,34.018807],[134.556632,34.018477],[134.556907,34.01748],[134.557143,34.01674],[134.557334,34.016127],[134.557529,34.015719],[134.557778,34.015257],[134.557818,34.015191],[134.558685,34.016059],[134.559312,34.016671],[134.561229,34.015308],[134.561362,34.015219],[134.56144,34.015248],[134.561554,34.015345],[134.562083,34.015753],[134.562733,34.016266],[134.563539,34.016933],[134.563879,34.017201],[134.564138,34.017414],[134.564358,34.017654],[134.564675,34.017962],[134.564856,34.018184],[134.565089,34.018484],[134.566066,34.020328],[134.566215,34.020631],[134.566301,34.020801],[134.566317,34.020834]]]},"properties":{"S_NAME":"江田町字敷地前","HCODE":8101}},{"type":"Feature","geometry":{"type":"Polygon","coordinates":[[[134.568795,34.01773],[134.568747,34.01772],[134.568693,34.017728],[134.568665,34.017745],[134.568637,34.017786],[134.568619,34.017849],[134.568549,34.01818],[134.56849,34.018457],[134.568488,34.018504],[134.568503,34.018548],[134.568547,34.018619],[134.568604,34.018683],[134.568849,34.018968],[134.568772,34.019163],[134.568759,34.0192],[134.56874,34.019247],[134.568534,34.019335],[134.568314,34.019436],[134.568013,34.019549],[134.567986,34.019664],[134.567959,34.019774],[134.568009,34.019777],[134.567918,34.020028],[134.567751,34.020282],[134.567531,34.020425],[134.567405,34.020507],[134.567231,34.020623],[134.566985,34.020801],[134.56666,34.020861],[134.566469,34.020865],[134.566395,34.020854],[134.566317,34.020834],[134.566301,34.020801],[134.566215,34.020631],[134.566066,34.020328],[134.565089,34.018484],[134.565121,34.018443],[134.565182,34.018416],[134.565279,34.018374],[134.565367,34.01833],[134.565444,34.018272],[134.565752,34.017983],[134.565888,34.017863],[134.565943,34.01782],[134.565974,34.017788],[134.566001,34.01775],[134.566107,34.017596],[134.565937,34.017511],[134.565872,34.017475],[134.565762,34.01739],[134.565663,34.017294],[134.565594,34.017209],[134.565529,34.017133],[134.565454,34.017069],[134.565377,34.016996],[134.565236,34.016737],[134.565418,34.016557],[134.565498,34.016464],[134.565655,34.016331],[134.565872,34.016155],[134.565913,34.016095],[134.565958,34.016003],[134.56605,34.015827],[134.566133,34.015644],[134.566199,34.015484],[134.566251,34.015312],[134.566325,34.015135],[134.566487,34.01507],[134.566569,34.015048],[134.566621,34.015105],[134.566715,34.015153],[134.566872,34.015202],[134.567136,34.015272],[134.567198,34.015279],[134.567255,34.015269],[134.567354,34.015237],[134.567409,34.015217],[134.567433,34.015201],[134.567433,34.015208],[134.567476,34.015341],[134.567535,34.015459],[134.567525,34.015529],[134.567543,34.015586],[134.567587,34.015613],[134.567688,34.015629],[134.567771,34.015659],[134.567847,34.015704],[134.567926,34.015791],[134.567984,34.015871],[134.568039,34.015917],[134.56812,34.015977],[134.568197,34.016031],[134.568243,34.016089],[134.56824,34.016101],[134.568421,34.016327],[134.568503,34.016447],[134.568525,34.016484],[134.568418,34.016553],[134.568407,34.016562],[134.568407,34.016575],[134.568554,34.016747],[134.568587,34.016749],[134.568614,34.016767],[134.568631,34.016813],[134.568629,34.01685],[134.56864,34.016884],[134.568854,34.016838],[134.568902,34.016992],[134.568926,34.017067],[134.568955,34.017118],[134.569,34.017189],[134.569034,34.017264],[134.56905,34.017389],[134.569051,34.017613],[134.568931,34.0177],[134.568866,34.017738],[134.568795,34.01773]]]},"properties":{"S_NAME":"江田町字腰前","HCODE":8101}},{"type":"Feature","geometry":{"type":"Polygon","coordinates":[[[134.563777,34.013395],[134.563944,34.013454],[134.564165,34.013533],[134.564237,34.01356],[134.564325,34.013604],[134.564408,34.013651],[134.564491,34.013704],[134.564687,34.013852],[134.564894,34.014015],[134.565183,34.014243],[134.565325,34.01438],[134.565404,34.014442],[134.565477,34.014487],[134.565558,34.014528],[134.565746,34.014602],[134.56584,34.014648],[134.565923,34.01469],[134.565987,34.01474],[134.566152,34.014893],[134.566198,34.014933],[134.566276,34.015018],[134.566325,34.015135],[134.566251,34.015312],[134.566199,34.015484],[134.566133,34.015644],[134.56605,34.015827],[134.565958,34.016003],[134.565913,34.016095],[134.565872,34.016155],[134.565655,34.016331],[134.565498,34.016464],[134.565418,34.016557],[134.565236,34.016737],[134.565377,34.016996],[134.565454,34.017069],[134.565529,34.017133],[134.565594,34.017209],[134.565663,34.017294],[134.565762,34.01739],[134.565872,34.017475],[134.565937,34.017511],[134.566107,34.017596],[134.566001,34.01775],[134.565974,34.017788],[134.565943,34.01782],[134.565888,34.017863],[134.565752,34.017983],[134.565444,34.018272],[134.565367,34.01833],[134.565279,34.018374],[134.565182,34.018416],[134.565121,34.018443],[134.565089,34.018484],[134.564856,34.018184],[134.564675,34.017962],[134.564358,34.017654],[134.564138,34.017414],[134.563879,34.017201],[134.563539,34.016933],[134.562733,34.016266],[134.562083,34.015753],[134.561554,34.015345],[134.56144,34.015248],[134.561362,34.015219],[134.56164,34.015057],[134.562058,34.014832],[134.562452,34.014565],[134.562784,34.014294],[134.563777,34.013395]]]},"properties":{"S_NAME":"江田町字大江田","HCODE":8101}},{"type":"Feature","geometry":{"type":"Polygon","coordinates":[[[134.572515,34.017327],[134.572477,34.017354],[134.572246,34.017505],[134.572093,34.017607],[134.571948,34.017707],[134.5719,34.017742],[134.571882,34.017898],[134.571861,34.017986],[134.57183,34.018051],[134.5718,34.018092],[134.571754,34.018121],[134.571679,34.018156],[134.571597,34.018193],[134.571522,34.018213],[134.571419,34.018221],[134.571391,34.018233],[134.571375,34.018252],[134.57137,34.018278],[134.571377,34.018319],[134.57139,34.018388],[134.571385,34.01842],[134.571376,34.018593],[134.571374,34.018619],[134.571392,34.018648],[134.571471,34.018703],[134.5715,34.018738],[134.571525,34.018785],[134.571549,34.018903],[134.571744,34.019011],[134.571734,34.019463],[134.57165,34.019538],[134.571586,34.019592],[134.57155,34.01963],[134.571494,34.019732],[134.571426,34.019837],[134.571358,34.019912],[134.57129,34.019974],[134.571226,34.020032],[134.571125,34.0201],[134.571041,34.020182],[134.570997,34.020267],[134.570974,34.020365],[134.570984,34.02052],[134.571035,34.020648],[134.571107,34.020734],[134.570992,34.020761],[134.57066,34.020863],[134.570434,34.020902],[134.570217,34.020831],[134.569619,34.020511],[134.569056,34.020204],[134.569033,34.020192],[134.568467,34.019907],[134.568015,34.019768],[134.568012,34.019767],[134.568009,34.019777],[134.567959,34.019774],[134.567986,34.019664],[134.568013,34.019549],[134.568314,34.019436],[134.568534,34.019335],[134.56874,34.019247],[134.568759,34.0192],[134.568772,34.019163],[134.568849,34.018968],[134.568604,34.018683],[134.568547,34.018619],[134.568503,34.018548],[134.568488,34.018504],[134.56849,34.018457],[134.568549,34.01818],[134.568619,34.017849],[134.568637,34.017786],[134.568665,34.017745],[134.568693,34.017728],[134.568747,34.01772],[134.568795,34.01773],[134.56883,34.017771],[134.569064,34.017939],[134.569282,34.018076],[134.569513,34.018238],[134.569599,34.0183],[134.569694,34.018356],[134.569943,34.018106],[134.570249,34.017802],[134.570481,34.017665],[134.570678,34.017547],[134.570824,34.017462],[134.57078,34.01732],[134.570558,34.017285],[134.570542,34.016824],[134.570504,34.016584],[134.571196,34.016466],[134.571996,34.016342],[134.57203,34.016435],[134.572213,34.016795],[134.572515,34.017327]]]},"properties":{"S_NAME":"中田町字広見","HCODE":8101}},{"type":"Feature","geometry":{"type":"Polygon","coordinates":[[[134.570504,34.016584],[134.570542,34.016824],[134.570558,34.017285],[134.57078,34.01732],[134.570824,34.017462],[134.570678,34.017547],[134.570481,34.017665],[134.570249,34.017802],[134.569943,34.018106],[134.569694,34.018356],[134.569599,34.0183],[134.569513,34.018238],[134.569282,34.018076],[134.569064,34.017939],[134.56883,34.017771],[134.568795,34.01773],[134.568866,34.017738],[134.568931,34.0177],[134.569051,34.017613],[134.56905,34.017389],[134.569034,34.017264],[134.569,34.017189],[134.568955,34.017118],[134.568926,34.017067],[134.568902,34.016992],[134.568854,34.016838],[134.569839,34.016687],[134.570504,34.016584]]]},"properties":{"S_NAME":"中田町字土持","HCODE":8101}},{"type":"Feature","geometry":{"type":"Polygon","coordinates":[[[134.572594,34.01624],[134.572529,34.016261],[134.571996,34.016342],[134.571,34.014423],[134.57222,34.014254],[134.572336,34.014497],[134.572378,34.014593],[134.572352,34.014637],[134.572318,34.014695],[134.572318,34.014721],[134.572332,34.014737],[134.57238,34.014792],[134.572412,34.014856],[134.572461,34.014959],[134.5725,34.015045],[134.572581,34.015172],[134.572677,34.01538],[134.572737,34.015584],[134.572756,34.015647],[134.572743,34.015667],[134.572722,34.015688],[134.5727,34.015708],[134.572672,34.01574],[134.572654,34.015768],[134.572635,34.015797],[134.572622,34.015818],[134.572598,34.015846],[134.572572,34.015877],[134.572554,34.015901],[134.572532,34.015938],[134.572523,34.015963],[134.572507,34.016011],[134.572502,34.016039],[134.572501,34.016072],[134.572506,34.0161],[134.572519,34.016118],[134.572554,34.016159],[134.572569,34.016172],[134.572594,34.01624]]]},"properties":{"S_NAME":"中田町字狭間","HCODE":8101}},{"type":"Feature","geometry":{"type":"Polygon","coordinates":[[[134.571996,34.016342],[134.571196,34.016466],[134.571187,34.016405],[134.571157,34.016275],[134.571134,34.016218],[134.571099,34.016142],[134.571062,34.016085],[134.571012,34.016015],[134.570942,34.015936],[134.570866,34.015867],[134.570765,34.015795],[134.57068,34.015734],[134.570626,34.015699],[134.570592,34.015669],[134.570542,34.015618],[134.570488,34.015562],[134.570424,34.015485],[134.569986,34.014944],[134.569932,34.014889],[134.570148,34.014743],[134.570414,34.014604],[134.570665,34.014524],[134.571,34.014423],[134.571996,34.016342]]]},"properties":{"S_NAME":"中田町字狭間","HCODE":8101}},{"type":"Feature","geometry":{"type":"Polygon","coordinates":[[[134.569932,34.014889],[134.569986,34.014944],[134.570424,34.015485],[134.570488,34.015562],[134.570542,34.015618],[134.570592,34.015669],[134.570626,34.015699],[134.57068,34.015734],[134.570765,34.015795],[134.570866,34.015867],[134.570942,34.015936],[134.571012,34.016015],[134.571062,34.016085],[134.571099,34.016142],[134.571134,34.016218],[134.571157,34.016275],[134.571187,34.016405],[134.571196,34.016466],[134.570504,34.016584],[134.569839,34.016687],[134.568854,34.016838],[134.56864,34.016884],[134.568629,34.01685],[134.568631,34.016813],[134.568614,34.016767],[134.568587,34.016749],[134.568554,34.016747],[134.568407,34.016575],[134.568407,34.016562],[134.568418,34.016553],[134.568525,34.016484],[134.568503,34.016447],[134.568421,34.016327],[134.56824,34.016101],[134.568243,34.016089],[134.568197,34.016031],[134.56812,34.015977],[134.568039,34.015917],[134.567984,34.015871],[134.567926,34.015791],[134.567847,34.015704],[134.567771,34.015659],[134.567688,34.015629],[134.567587,34.015613],[134.567543,34.015586],[134.567525,34.015529],[134.567535,34.015459],[134.567476,34.015341],[134.567433,34.015208],[134.567433,34.015201],[134.567409,34.015217],[134.567354,34.015237],[134.567255,34.015269],[134.567198,34.015279],[134.567136,34.015272],[134.566872,34.015202],[134.566715,34.015153],[134.566621,34.015105],[134.566569,34.015048],[134.566783,34.014922],[134.566971,34.014793],[134.567129,34.014702],[134.567253,34.014634],[134.567349,34.014591],[134.567399,34.014562],[134.567461,34.014505],[134.56748,34.014467],[134.567555,34.014304],[134.567593,34.014231],[134.567635,34.014155],[134.567708,34.014071],[134.568175,34.013912],[134.568765,34.013739],[134.568954,34.013702],[134.569217,34.01365],[134.569267,34.013822],[134.569323,34.014001],[134.569396,34.01417],[134.569515,34.014446],[134.569546,34.014488],[134.569601,34.01454],[134.569717,34.014553],[134.569857,34.014772],[134.569932,34.014889]]]},"properties":{"S_NAME":"中田町字狭間","HCODE":8101}},{"type":"Feature","geometry":{"type":"Polygon","coordinates":[[[134.57492,34.021431],[134.57471,34.021377],[134.57457,34.021363],[134.574407,34.021415],[134.574312,34.021453],[134.574115,34.021471],[134.574043,34.021475],[134.573932,34.021469],[134.573824,34.021454],[134.573668,34.021383],[134.57364,34.021371],[134.57357,34.021361],[134.573462,34.021378],[134.573362,34.021415],[134.573244,34.021447],[134.573115,34.021432],[134.572995,34.021376],[134.572841,34.021304],[134.572708,34.021263],[134.572619,34.021259],[134.572227,34.021294],[134.572043,34.021295],[134.571961,34.02127],[134.571916,34.021217],[134.571807,34.021108],[134.571658,34.020893],[134.571568,34.020762],[134.571536,34.020726],[134.571478,34.020695],[134.571357,34.020676],[134.571107,34.020734],[134.571035,34.020648],[134.570984,34.02052],[134.570974,34.020365],[134.570997,34.020267],[134.571041,34.020182],[134.571125,34.0201],[134.571226,34.020032],[134.57129,34.019974],[134.571358,34.019912],[134.571426,34.019837],[134.571494,34.019732],[134.57155,34.01963],[134.571586,34.019592],[134.57165,34.019538],[134.571734,34.019463],[134.571744,34.019011],[134.571549,34.018903],[134.571525,34.018785],[134.5715,34.018738],[134.571471,34.018703],[134.571392,34.018648],[134.571374,34.018619],[134.571376,34.018593],[134.571385,34.01842],[134.57139,34.018388],[134.571377,34.018319],[134.57137,34.018278],[134.571375,34.018252],[134.571391,34.018233],[134.571419,34.018221],[134.571522,34.018213],[134.571597,34.018193],[134.571679,34.018156],[134.571754,34.018121],[134.5718,34.018092],[134.57183,34.018051],[134.571861,34.017986],[134.571882,34.017898],[134.5719,34.017742],[134.571948,34.017707],[134.572093,34.017607],[134.572246,34.017505],[134.572477,34.017354],[134.572515,34.017327],[134.57258,34.017395],[134.572653,34.017457],[134.572751,34.017544],[134.572877,34.017656],[134.57294,34.017693],[134.572995,34.017708],[134.573066,34.017712],[134.573156,34.017722],[134.573389,34.018138],[134.573353,34.018325],[134.573354,34.018329],[134.57337,34.018369],[134.573394,34.018418],[134.573441,34.018464],[134.57353,34.018534],[134.573598,34.0186],[134.573701,34.018745],[134.573763,34.018826],[134.573777,34.018851],[134.573884,34.018812],[134.574009,34.018778],[134.574167,34.018745],[134.574293,34.01873],[134.574551,34.018735],[134.574726,34.018748],[134.574956,34.018781],[134.57492,34.021431]]]},"properties":{"S_NAME":"中田町字池ノ内","HCODE":8101}},{"type":"Feature","geometry":{"type":"Polygon","coordinates":[[[134.594134,34.01877],[134.594101,34.018777],[134.593954,34.018844],[134.593698,34.018998],[134.593381,34.019278],[134.592745,34.019711],[134.592524,34.01993],[134.592487,34.020035],[134.592431,34.020087],[134.592166,34.020198],[134.592097,34.020253],[134.592042,34.020355],[134.591999,34.02041],[134.591925,34.020465],[134.59188,34.020523],[134.591891,34.020713],[134.591981,34.020898],[134.591986,34.020937],[134.591943,34.020981],[134.591765,34.021041],[134.59163,34.02106],[134.591547,34.021068],[134.591425,34.021051],[134.591316,34.021056],[134.590901,34.020991],[134.590801,34.020995],[134.59056,34.021115],[134.590347,34.021124],[134.590234,34.021136],[134.590151,34.021144],[134.590094,34.021152],[134.589895,34.021263],[134.589792,34.021354],[134.589749,34.021449],[134.58971,34.021611],[134.589633,34.021727],[134.589608,34.021825],[134.589567,34.022025],[134.589516,34.022098],[134.589412,34.022157],[134.589286,34.022209],[134.589252,34.022296],[134.589142,34.022357],[134.589003,34.022398],[134.58892,34.022403],[134.588808,34.022458],[134.588731,34.0226],[134.588684,34.022662],[134.588536,34.022729],[134.588275,34.02272],[134.588061,34.022715],[134.58784,34.022657],[134.587521,34.022566],[134.58746,34.022574],[134.587156,34.022645],[134.586999,34.022679],[134.586842,34.022688],[134.586554,34.022672],[134.585853,34.02251],[134.585747,34.022485],[134.585528,34.022364],[134.585441,34.022372],[134.585257,34.022457],[134.585099,34.022535],[134.584985,34.02255],[134.584732,34.022505],[134.584478,34.022449],[134.584169,34.022449],[134.584008,34.022495],[134.58389,34.022542],[134.58375,34.022588],[134.583602,34.022637],[134.583524,34.02263],[134.583308,34.022556],[134.583135,34.022512],[134.582897,34.022487],[134.582746,34.022489],[134.582579,34.022521],[134.582381,34.022573],[134.582156,34.022657],[134.581813,34.022787],[134.581656,34.022835],[134.581335,34.022925],[134.581083,34.023029],[134.580949,34.023052],[134.580853,34.023045],[134.580708,34.023014],[134.580664,34.022993],[134.580262,34.022683],[134.580108,34.022586],[134.579889,34.022504],[134.579735,34.022437],[134.579581,34.022333],[134.579551,34.022308],[134.579395,34.022063],[134.579267,34.021984],[134.579084,34.021942],[134.578894,34.021964],[134.578785,34.021932],[134.57868,34.021871],[134.578535,34.021829],[134.578239,34.02181],[134.578099,34.021808],[134.577947,34.021805],[134.577702,34.021771],[134.577379,34.021709],[134.57709,34.02165],[134.576783,34.021518],[134.576476,34.021383],[134.576283,34.021272],[134.576215,34.02126],[134.576166,34.021253],[134.576038,34.021281],[134.575817,34.021352],[134.575553,34.021491],[134.575313,34.02152],[134.575205,34.02152],[134.575104,34.021495],[134.57497,34.021443],[134.57492,34.021431],[134.574956,34.018781],[134.575095,34.018629],[134.576587,34.0189],[134.577951,34.019147],[134.580119,34.019536],[134.583229,34.020102],[134.586038,34.019962],[134.590563,34.019737],[134.591254,34.019492],[134.591719,34.019328],[134.592287,34.019126],[134.593613,34.018647],[134.593627,34.018651],[134.593684,34.018644],[134.593895,34.018621],[134.593954,34.018614],[134.594037,34.018598],[134.594062,34.01859],[134.594083,34.01858],[134.594102,34.018564],[134.594111,34.018548],[134.59413,34.018505],[134.594141,34.018453],[134.59415,34.018436],[134.594164,34.018442],[134.594176,34.018467],[134.594183,34.018488],[134.594185,34.018538],[134.594174,34.018583],[134.594155,34.018638],[134.594139,34.018704],[134.594134,34.01877]]]},"properties":{"S_NAME":"中田町字西山","HCODE":8101}},{"type":"Feature","geometry":{"type":"Polygon","coordinates":[[[134.590306,34.016058],[134.590258,34.016157],[134.590226,34.016239],[134.590301,34.016243],[134.590389,34.016254],[134.590448,34.016268],[134.590514,34.016307],[134.590568,34.016355],[134.590609,34.016409],[134.590671,34.016503],[134.590762,34.016646],[134.59105,34.016671],[134.591075,34.016691],[134.591124,34.016735],[134.591162,34.016776],[134.591197,34.016798],[134.591227,34.016808],[134.591296,34.016815],[134.591417,34.016827],[134.591584,34.016847],[134.591572,34.016877],[134.591567,34.016897],[134.591567,34.016923],[134.591572,34.016943],[134.591589,34.01697],[134.591601,34.01699],[134.591629,34.017017],[134.591662,34.01705],[134.591702,34.017087],[134.591727,34.017106],[134.591755,34.017123],[134.591779,34.017137],[134.591812,34.017154],[134.59186,34.017172],[134.591919,34.01719],[134.591975,34.017204],[134.592017,34.017215],[134.592076,34.017228],[134.592089,34.017231],[134.592007,34.017351],[134.591984,34.017383],[134.591948,34.0174],[134.591874,34.017414],[134.59179,34.017438],[134.591559,34.017524],[134.591408,34.017568],[134.591261,34.017594],[134.591132,34.017605],[134.591003,34.017624],[134.590909,34.017626],[134.590932,34.01769],[134.590967,34.017754],[134.591015,34.017815],[134.591276,34.018222],[134.591303,34.018288],[134.591304,34.018326],[134.591291,34.018447],[134.591285,34.018487],[134.591284,34.01857],[134.591289,34.018644],[134.591293,34.018738],[134.591312,34.018831],[134.591336,34.018875],[134.591399,34.018951],[134.59146,34.019018],[134.591489,34.019053],[134.591557,34.019104],[134.591622,34.019165],[134.591673,34.019223],[134.59169,34.019266],[134.591719,34.019328],[134.591254,34.019492],[134.590881,34.0188],[134.590826,34.018686],[134.590789,34.018619],[134.590738,34.018558],[134.590647,34.01844],[134.590566,34.018318],[134.590093,34.017911],[134.589784,34.017446],[134.58964,34.017355],[134.589581,34.017373],[134.589495,34.017366],[134.589404,34.017357],[134.589308,34.017336],[134.589232,34.017316],[134.589167,34.017297],[134.589119,34.017274],[134.58908,34.017232],[134.589039,34.017203],[134.588983,34.017171],[134.588926,34.017136],[134.588851,34.017101],[134.588757,34.017062],[134.588655,34.017029],[134.588468,34.016935],[134.588414,34.016897],[134.58833,34.016842],[134.588243,34.016798],[134.588121,34.016755],[134.588004,34.016726],[134.587898,34.01666],[134.587813,34.016622],[134.587668,34.016596],[134.587672,34.016544],[134.587708,34.016429],[134.587728,34.016297],[134.587738,34.016222],[134.587761,34.016007],[134.587765,34.015971],[134.587854,34.016003],[134.587944,34.01603],[134.588085,34.016052],[134.588166,34.016065],[134.588232,34.016072],[134.588454,34.01607],[134.588505,34.01623],[134.588882,34.016214],[134.588881,34.016227],[134.589586,34.016258],[134.589626,34.016269],[134.589663,34.01628],[134.589708,34.016287],[134.589738,34.016292],[134.589771,34.016291],[134.58981,34.016287],[134.589838,34.01628],[134.589869,34.016269],[134.589894,34.016252],[134.589952,34.016205],[134.589994,34.016175],[134.590042,34.016133],[134.59008,34.016108],[134.590107,34.016094],[134.590138,34.01608],[134.590177,34.01607],[134.590248,34.01606],[134.590306,34.016058]]]},"properties":{"S_NAME":"中田町字東山","HCODE":8101}},{"type":"Feature","geometry":{"type":"Polygon","coordinates":[[[134.586037,34.0183],[134.586035,34.018592],[134.586031,34.018678],[134.586063,34.018755],[134.586103,34.01885],[134.586123,34.018922],[134.586122,34.018957],[134.586116,34.019002],[134.586044,34.019189],[134.586035,34.019234],[134.586038,34.019962],[134.583229,34.020102],[134.580119,34.019536],[134.580283,34.017558],[134.580293,34.017438],[134.580303,34.017273],[134.580323,34.016959],[134.580681,34.017249],[134.580848,34.017387],[134.580994,34.01749],[134.581132,34.017583],[134.581218,34.017623],[134.581298,34.017639],[134.581417,34.017631],[134.581519,34.017623],[134.581613,34.017617],[134.58171,34.017623],[134.581795,34.017632],[134.5819,34.017658],[134.582011,34.017702],[134.582134,34.017765],[134.582237,34.017812],[134.582312,34.017837],[134.582386,34.017858],[134.582503,34.017878],[134.582591,34.017894],[134.582724,34.017891],[134.582796,34.017885],[134.582849,34.0179],[134.583333,34.018111],[134.583714,34.018264],[134.5837,34.018345],[134.583986,34.01835],[134.584,34.018352],[134.58402,34.018364],[134.584067,34.018396],[134.584117,34.018435],[134.584171,34.018472],[134.584234,34.018502],[134.584269,34.018515],[134.584313,34.018528],[134.584356,34.018539],[134.584406,34.018547],[134.584465,34.018557],[134.584495,34.018566],[134.584525,34.018577],[134.58455,34.018592],[134.584581,34.018609],[134.584732,34.018563],[134.584871,34.0186],[134.584982,34.018582],[134.585041,34.018579],[134.585305,34.018515],[134.585561,34.018508],[134.585616,34.018435],[134.58597,34.018479],[134.586037,34.0183]]]},"properties":{"S_NAME":"中田町字東山","HCODE":8101}},{"type":"Feature","geometry":{"type":"Polygon","coordinates":[[[134.594134,34.01877],[134.594139,34.018704],[134.594155,34.018638],[134.594174,34.018583],[134.594185,34.018538],[134.594183,34.018488],[134.594176,34.018467],[134.594164,34.018442],[134.59415,34.018436],[134.594141,34.018453],[134.59413,34.018505],[134.594111,34.018548],[134.594102,34.018564],[134.594083,34.01858],[134.594062,34.01859],[134.594037,34.018598],[134.593954,34.018614],[134.593895,34.018621],[134.593684,34.018644],[134.593627,34.018651],[134.593613,34.018647],[134.592287,34.019126],[134.591719,34.019328],[134.59169,34.019266],[134.591673,34.019223],[134.591622,34.019165],[134.591557,34.019104],[134.591489,34.019053],[134.59146,34.019018],[134.591399,34.018951],[134.591336,34.018875],[134.591312,34.018831],[134.591293,34.018738],[134.591289,34.018644],[134.591284,34.01857],[134.591285,34.018487],[134.591291,34.018447],[134.591304,34.018326],[134.591303,34.018288],[134.591276,34.018222],[134.591015,34.017815],[134.590967,34.017754],[134.590932,34.01769],[134.590909,34.017626],[134.591003,34.017624],[134.591132,34.017605],[134.591261,34.017594],[134.591408,34.017568],[134.591559,34.017524],[134.59179,34.017438],[134.591874,34.017414],[134.591948,34.0174],[134.591984,34.017383],[134.592007,34.017351],[134.592089,34.017231],[134.592076,34.017228],[134.592017,34.017215],[134.591975,34.017204],[134.591919,34.01719],[134.59186,34.017172],[134.591812,34.017154],[134.591779,34.017137],[134.591755,34.017123],[134.591727,34.017106],[134.591702,34.017087],[134.591662,34.01705],[134.591629,34.017017],[134.591601,34.01699],[134.591589,34.01697],[134.591572,34.016943],[134.591567,34.016923],[134.591567,34.016897],[134.591572,34.016877],[134.591584,34.016847],[134.591417,34.016827],[134.591296,34.016815],[134.591227,34.016808],[134.591197,34.016798],[134.591162,34.016776],[134.591124,34.016735],[134.591075,34.016691],[134.59105,34.016671],[134.590762,34.016646],[134.590671,34.016503],[134.590609,34.016409],[134.590568,34.016355],[134.590514,34.016307],[134.590448,34.016268],[134.590389,34.016254],[134.590301,34.016243],[134.590226,34.016239],[134.590258,34.016157],[134.590306,34.016058],[134.590534,34.016163],[134.590701,34.016243],[134.590825,34.016284],[134.590875,34.016296],[134.590966,34.016302],[134.59106,34.016302],[134.591163,34.016292],[134.591282,34.016268],[134.591356,34.016245],[134.59151,34.016129],[134.591577,34.016188],[134.591682,34.016114],[134.591772,34.016056],[134.591811,34.016071],[134.591814,34.016067],[134.591833,34.016038],[134.592745,34.016411],[134.592915,34.015791],[134.592877,34.015534],[134.592682,34.01546],[134.592709,34.015408],[134.592933,34.015492],[134.592985,34.015806],[134.592881,34.016188],[134.593215,34.016335],[134.593101,34.016547],[134.593221,34.016536],[134.593532,34.016509],[134.594178,34.016083],[134.594071,34.01571],[134.594156,34.015694],[134.594156,34.01569],[134.594179,34.01569],[134.594181,34.01569],[134.594181,34.015689],[134.594236,34.015602],[134.594226,34.015596],[134.594241,34.015573],[134.594269,34.015585],[134.594254,34.015609],[134.594251,34.015609],[134.594209,34.015684],[134.594337,34.016079],[134.594661,34.016009],[134.59587,34.015747],[134.597067,34.016018],[134.598387,34.016315],[134.598445,34.016331],[134.598229,34.01674],[134.598241,34.016744],[134.598252,34.016751],[134.598259,34.016762],[134.598262,34.016776],[134.598264,34.016784],[134.598267,34.016799],[134.598279,34.016808],[134.59834,34.016831],[134.598444,34.016871],[134.598579,34.01692],[134.598724,34.016968],[134.598858,34.017014],[134.598959,34.017054],[134.599023,34.017084],[134.599067,34.017103],[134.5991,34.017109],[134.599132,34.017108],[134.599164,34.01711],[134.5992,34.017115],[134.599242,34.017123],[134.599282,34.01713],[134.599326,34.017136],[134.599365,34.017143],[134.599396,34.017151],[134.599419,34.017161],[134.59943,34.017172],[134.59943,34.017182],[134.599428,34.017188],[134.599415,34.017196],[134.599397,34.017203],[134.599377,34.017208],[134.599357,34.017213],[134.599342,34.017217],[134.599336,34.01722],[134.599336,34.017225],[134.599348,34.01723],[134.599366,34.017238],[134.599384,34.017248],[134.599393,34.017257],[134.599397,34.017267],[134.599393,34.01728],[134.599386,34.017294],[134.599384,34.017307],[134.599392,34.017318],[134.599408,34.017326],[134.599429,34.017329],[134.599451,34.017333],[134.599462,34.017337],[134.59947,34.017346],[134.599476,34.017365],[134.599483,34.017398],[134.599491,34.017433],[134.599499,34.017447],[134.599524,34.01747],[134.599581,34.017505],[134.599588,34.017516],[134.599589,34.017528],[134.599571,34.01754],[134.599554,34.017554],[134.599561,34.017577],[134.599588,34.017624],[134.599609,34.017636],[134.599636,34.017649],[134.599643,34.017656],[134.599651,34.017668],[134.599639,34.017722],[134.599732,34.017749],[134.599764,34.017764],[134.59979,34.017785],[134.599823,34.017811],[134.599838,34.017806],[134.599855,34.017806],[134.599905,34.017806],[134.599945,34.017773],[134.599999,34.017737],[134.600095,34.01771],[134.600097,34.017698],[134.599997,34.017716],[134.599985,34.017705],[134.599974,34.017684],[134.599972,34.017665],[134.599985,34.017656],[134.600123,34.017656],[134.600195,34.017662],[134.600213,34.017692],[134.600218,34.017731],[134.600229,34.017745],[134.600375,34.01775],[134.600419,34.01776],[134.600464,34.017805],[134.600518,34.01785],[134.600557,34.017872],[134.600581,34.017891],[134.60063,34.017898],[134.600637,34.017892],[134.600638,34.017873],[134.600659,34.017852],[134.600709,34.017837],[134.600767,34.017812],[134.600817,34.01781],[134.60088,34.017812],[134.60099,34.017829],[134.60101,34.017844],[134.601014,34.017881],[134.60104,34.017902],[134.601065,34.017913],[134.601076,34.017925],[134.601031,34.017987],[134.601019,34.017995],[134.600918,34.018017],[134.600844,34.018022],[134.600815,34.01802],[134.600753,34.018006],[134.600717,34.018013],[134.600623,34.018044],[134.600586,34.018037],[134.600498,34.018004],[134.600477,34.018003],[134.600466,34.018014],[134.600452,34.01808],[134.60045,34.01812],[134.600481,34.018218],[134.600486,34.018226],[134.600496,34.018226],[134.600524,34.018213],[134.60057,34.018218],[134.600601,34.018201],[134.600623,34.018194],[134.600668,34.018187],[134.600676,34.018184],[134.600707,34.018183],[134.600732,34.018195],[134.600757,34.018195],[134.60082,34.018187],[134.600857,34.018194],[134.600864,34.018202],[134.600891,34.018284],[134.600894,34.018304],[134.600889,34.018312],[134.600902,34.018347],[134.600897,34.018364],[134.600898,34.018411],[134.600888,34.018416],[134.600872,34.018424],[134.600859,34.018428],[134.600847,34.018429],[134.600839,34.018428],[134.60083,34.018425],[134.60082,34.01842],[134.600781,34.018413],[134.600776,34.018414],[134.600773,34.018415],[134.600774,34.01842],[134.600777,34.018424],[134.600828,34.018452],[134.600876,34.018457],[134.60088,34.018458],[134.600885,34.01846],[134.600886,34.018462],[134.600887,34.018465],[134.600879,34.018491],[134.600872,34.018497],[134.600852,34.018503],[134.600795,34.018501],[134.600754,34.01848],[134.600646,34.018452],[134.600603,34.018423],[134.600582,34.018419],[134.600519,34.018414],[134.600524,34.018437],[134.60052,34.018444],[134.60052,34.018456],[134.600527,34.018463],[134.600529,34.018477],[134.600512,34.018491],[134.600514,34.018502],[134.600528,34.018519],[134.600538,34.018528],[134.600538,34.018538],[134.60052,34.018557],[134.600518,34.018566],[134.600536,34.018583],[134.600571,34.018591],[134.600581,34.018597],[134.600607,34.018604],[134.600649,34.018624],[134.600703,34.018641],[134.600739,34.018649],[134.600759,34.018654],[134.600794,34.018654],[134.600799,34.018655],[134.600803,34.018657],[134.600805,34.018659],[134.600806,34.018664],[134.600805,34.018667],[134.600803,34.018669],[134.600777,34.018684],[134.600775,34.018687],[134.600775,34.018691],[134.600776,34.018694],[134.600779,34.018696],[134.600787,34.018696],[134.600797,34.018696],[134.600802,34.018696],[134.600809,34.0187],[134.600814,34.018704],[134.600819,34.018712],[134.600819,34.018718],[134.600819,34.018724],[134.600816,34.01873],[134.600807,34.018736],[134.600798,34.01874],[134.600786,34.018744],[134.60078,34.018746],[134.600772,34.018747],[134.6007,34.018739],[134.600688,34.018734],[134.600677,34.018733],[134.600643,34.018734],[134.600613,34.018731],[134.600575,34.018731],[134.600561,34.018723],[134.600521,34.018723],[134.60048,34.018738],[134.600435,34.018737],[134.600415,34.018741],[134.600413,34.018763],[134.600386,34.018782],[134.60038,34.018794],[134.600382,34.018831],[134.600354,34.018859],[134.600326,34.018866],[134.600316,34.018866],[134.600285,34.018877],[134.600263,34.01888],[134.600248,34.018888],[134.600254,34.018895],[134.60028,34.018904],[134.600327,34.018904],[134.600335,34.018911],[134.600335,34.01893],[134.600325,34.018944],[134.60029,34.018953],[134.600262,34.018947],[134.600233,34.018949],[134.6002,34.01896],[134.600221,34.018975],[134.600303,34.018984],[134.600321,34.018988],[134.600337,34.018999],[134.600347,34.019015],[134.600316,34.019048],[134.600309,34.019072],[134.600303,34.019081],[134.600288,34.019094],[134.600277,34.019098],[134.600253,34.0191],[134.60023,34.019104],[134.60019,34.019104],[134.600156,34.019099],[134.600137,34.019101],[134.60005,34.01909],[134.60001,34.019096],[134.599907,34.018975],[134.59989,34.018948],[134.599886,34.018933],[134.599885,34.01891],[134.599937,34.018734],[134.599968,34.018647],[134.60004,34.018532],[134.6001,34.018451],[134.600116,34.018386],[134.599971,34.01826],[134.599708,34.018147],[134.599517,34.018034],[134.599297,34.01792],[134.599192,34.017856],[134.599138,34.017722],[134.599071,34.017657],[134.598913,34.017561],[134.59872,34.017479],[134.598516,34.017474],[134.598433,34.017474],[134.598104,34.017343],[134.598026,34.017347],[134.59792,34.017405],[134.597686,34.01753],[134.59759,34.017538],[134.597472,34.017532],[134.596433,34.017382],[134.596363,34.017393],[134.596285,34.017426],[134.596228,34.017416],[134.596031,34.017363],[134.595872,34.017338],[134.595597,34.017333],[134.59541,34.017342],[134.595327,34.017357],[134.595254,34.017427],[134.595197,34.017559],[134.595125,34.01776],[134.595124,34.017959],[134.595079,34.018048],[134.594746,34.01828],[134.594532,34.018385],[134.594485,34.018447],[134.594465,34.018618],[134.594462,34.018683],[134.594405,34.018709],[134.594134,34.01877]]]},"properties":{"S_NAME":"中田町字東山","HCODE":8101}},{"type":"Feature","geometry":{"type":"Polygon","coordinates":[[[134.588655,34.017029],[134.588757,34.017062],[134.588851,34.017101],[134.588926,34.017136],[134.588983,34.017171],[134.589039,34.017203],[134.58908,34.017232],[134.589119,34.017274],[134.589167,34.017297],[134.589232,34.017316],[134.589308,34.017336],[134.589404,34.017357],[134.589495,34.017366],[134.589581,34.017373],[134.58964,34.017355],[134.589784,34.017446],[134.590093,34.017911],[134.590566,34.018318],[134.590647,34.01844],[134.590738,34.018558],[134.590789,34.018619],[134.590826,34.018686],[134.590881,34.0188],[134.591254,34.019492],[134.590563,34.019737],[134.590584,34.019694],[134.590411,34.019455],[134.590387,34.019411],[134.59038,34.01938],[134.590387,34.019364],[134.590404,34.019358],[134.590463,34.019342],[134.590509,34.019314],[134.590535,34.019267],[134.590539,34.019234],[134.590526,34.019182],[134.590491,34.01913],[134.590457,34.019102],[134.590401,34.019061],[134.590329,34.01902],[134.590217,34.018918],[134.590103,34.018782],[134.589949,34.018565],[134.589818,34.018389],[134.589745,34.018276],[134.589689,34.018201],[134.589638,34.018157],[134.589563,34.01811],[134.589498,34.018081],[134.589431,34.018062],[134.589378,34.018048],[134.589311,34.018045],[134.589256,34.01808],[134.589211,34.018128],[134.589159,34.018199],[134.58913,34.018232],[134.589078,34.018256],[134.589018,34.01826],[134.588963,34.018247],[134.58891,34.018222],[134.588877,34.018181],[134.588831,34.01812],[134.588796,34.018053],[134.58875,34.017975],[134.588703,34.017903],[134.588648,34.017816],[134.588592,34.017737],[134.588524,34.017667],[134.588566,34.017593],[134.588617,34.017505],[134.588649,34.017448],[134.588694,34.017369],[134.588718,34.017315],[134.588727,34.017255],[134.588712,34.017185],[134.588683,34.017101],[134.588655,34.017029]]]},"properties":{"S_NAME":"中田町字脇谷","HCODE":8101}},{"type":"Feature","geometry":{"type":"Polygon","coordinates":[[[134.588655,34.017029],[134.588683,34.017101],[134.588712,34.017185],[134.588727,34.017255],[134.588718,34.017315],[134.588694,34.017369],[134.588649,34.017448],[134.588617,34.017505],[134.588566,34.017593],[134.588524,34.017667],[134.588592,34.017737],[134.588648,34.017816],[134.588703,34.017903],[134.58875,34.017975],[134.588796,34.018053],[134.588831,34.01812],[134.588877,34.018181],[134.58891,34.018222],[134.588963,34.018247],[134.589018,34.01826],[134.589078,34.018256],[134.58913,34.018232],[134.589159,34.018199],[134.589211,34.018128],[134.589256,34.01808],[134.589311,34.018045],[134.589378,34.018048],[134.589431,34.018062],[134.589498,34.018081],[134.589563,34.01811],[134.589638,34.018157],[134.589689,34.018201],[134.589745,34.018276],[134.589818,34.018389],[134.589949,34.018565],[134.590103,34.018782],[134.590217,34.018918],[134.590329,34.01902],[134.590401,34.019061],[134.590457,34.019102],[134.590491,34.01913],[134.590526,34.019182],[134.590539,34.019234],[134.590535,34.019267],[134.590509,34.019314],[134.590463,34.019342],[134.590404,34.019358],[134.590387,34.019364],[134.59038,34.01938],[134.590387,34.019411],[134.590411,34.019455],[134.590584,34.019694],[134.590563,34.019737],[134.586038,34.019962],[134.586035,34.019234],[134.586044,34.019189],[134.586116,34.019002],[134.586122,34.018957],[134.586123,34.018922],[134.586103,34.01885],[134.586063,34.018755],[134.586031,34.018678],[134.586035,34.018592],[134.586037,34.0183],[134.586079,34.017559],[134.586079,34.017341],[134.586108,34.016834],[134.58579,34.016868],[134.585716,34.016876],[134.58562,34.016893],[134.585553,34.016917],[134.585499,34.01694],[134.585446,34.016984],[134.58538,34.017037],[134.585309,34.017077],[134.585224,34.017091],[134.585156,34.017085],[134.585023,34.017065],[134.584917,34.017049],[134.584867,34.017054],[134.584763,34.017077],[134.584686,34.017088],[134.584571,34.017089],[134.584446,34.017087],[134.584108,34.017069],[134.583829,34.01706],[134.583916,34.016152],[134.583947,34.015901],[134.583949,34.015889],[134.583963,34.015662],[134.583996,34.015268],[134.583997,34.015257],[134.584066,34.014546],[134.5843,34.014565],[134.584405,34.01467],[134.584449,34.014707],[134.584498,34.014744],[134.58455,34.014772],[134.584598,34.014794],[134.584718,34.014838],[134.584802,34.014864],[134.584895,34.014888],[134.584955,34.014902],[134.585066,34.014925],[134.585135,34.014948],[134.585214,34.014979],[134.58529,34.015],[134.585366,34.01502],[134.585499,34.015052],[134.585537,34.015056],[134.585728,34.015053],[134.58588,34.015056],[134.585993,34.015048],[134.586234,34.01507],[134.586272,34.015082],[134.586234,34.01594],[134.587629,34.015976],[134.587761,34.016007],[134.587738,34.016222],[134.587728,34.016297],[134.587708,34.016429],[134.587672,34.016544],[134.587668,34.016596],[134.587813,34.016622],[134.587898,34.01666],[134.588004,34.016726],[134.588121,34.016755],[134.588243,34.016798],[134.58833,34.016842],[134.588414,34.016897],[134.588468,34.016935],[134.588655,34.017029]]]},"properties":{"S_NAME":"中田町字浜田","HCODE":8101}},{"type":"Feature","geometry":{"type":"Polygon","coordinates":[[[134.586037,34.0183],[134.58597,34.018479],[134.585616,34.018435],[134.585561,34.018508],[134.585305,34.018515],[134.585041,34.018579],[134.584982,34.018582],[134.584871,34.0186],[134.584732,34.018563],[134.584581,34.018609],[134.58455,34.018592],[134.584525,34.018577],[134.584495,34.018566],[134.584465,34.018557],[134.584406,34.018547],[134.584356,34.018539],[134.584313,34.018528],[134.584269,34.018515],[134.584234,34.018502],[134.584171,34.018472],[134.584117,34.018435],[134.584067,34.018396],[134.58402,34.018364],[134.584,34.018352],[134.583986,34.01835],[134.5837,34.018345],[134.583714,34.018264],[134.583333,34.018111],[134.582849,34.0179],[134.582796,34.017885],[134.582724,34.017891],[134.582591,34.017894],[134.582503,34.017878],[134.582386,34.017858],[134.582312,34.017837],[134.582237,34.017812],[134.582134,34.017765],[134.582011,34.017702],[134.5819,34.017658],[134.581795,34.017632],[134.58171,34.017623],[134.581613,34.017617],[134.581519,34.017623],[134.581417,34.017631],[134.581298,34.017639],[134.581218,34.017623],[134.581132,34.017583],[134.580994,34.01749],[134.580848,34.017387],[134.580681,34.017249],[134.580323,34.016959],[134.580403,34.015974],[134.580969,34.016183],[134.581467,34.016406],[134.58167,34.016494],[134.581995,34.016626],[134.582678,34.016878],[134.582787,34.016894],[134.58299,34.016532],[134.58305,34.01656],[134.583097,34.016575],[134.583229,34.01664],[134.583341,34.016647],[134.583537,34.016655],[134.583549,34.016656],[134.583609,34.016353],[134.583638,34.015932],[134.583638,34.01593],[134.583638,34.015928],[134.583639,34.015774],[134.58364,34.015651],[134.583963,34.015662],[134.583949,34.015889],[134.583947,34.015901],[134.583916,34.016152],[134.583829,34.01706],[134.584108,34.017069],[134.584446,34.017087],[134.584571,34.017089],[134.584686,34.017088],[134.584763,34.017077],[134.584867,34.017054],[134.584917,34.017049],[134.585023,34.017065],[134.585156,34.017085],[134.585224,34.017091],[134.585309,34.017077],[134.58538,34.017037],[134.585446,34.016984],[134.585499,34.01694],[134.585553,34.016917],[134.58562,34.016893],[134.585716,34.016876],[134.58579,34.016868],[134.586108,34.016834],[134.586079,34.017341],[134.586079,34.017559],[134.586037,34.0183]]]},"properties":{"S_NAME":"中田町字上浜田","HCODE":8101}},{"type":"Feature","geometry":{"type":"Polygon","coordinates":[[[134.577472,34.016175],[134.577609,34.016466],[134.577757,34.016764],[134.577809,34.016851],[134.577869,34.01694],[134.577913,34.016998],[134.578078,34.017209],[134.578274,34.017201],[134.578385,34.017193],[134.578851,34.017097],[134.578944,34.017081],[134.579063,34.017069],[134.579168,34.017073],[134.579357,34.017089],[134.579504,34.017119],[134.579635,34.017147],[134.579767,34.017205],[134.580001,34.017348],[134.580125,34.017435],[134.580283,34.017558],[134.580119,34.019536],[134.577951,34.019147],[134.576587,34.0189],[134.576664,34.017278],[134.576635,34.01728],[134.576594,34.017272],[134.576575,34.017259],[134.576574,34.017239],[134.576578,34.017224],[134.576598,34.017198],[134.576617,34.017179],[134.576562,34.017131],[134.576513,34.017088],[134.576462,34.017023],[134.576399,34.016918],[134.576333,34.016837],[134.576207,34.016693],[134.576152,34.016623],[134.57626,34.016586],[134.576366,34.016548],[134.576444,34.016523],[134.576616,34.016483],[134.576708,34.016466],[134.576827,34.016434],[134.576895,34.016403],[134.576956,34.016366],[134.576994,34.01634],[134.57706,34.016312],[134.577472,34.016175]]]},"properties":{"S_NAME":"中田町字西山","HCODE":8101}},{"type":"Feature","geometry":{"type":"Polygon","coordinates":[[[134.580323,34.016959],[134.580303,34.017273],[134.580293,34.017438],[134.580283,34.017558],[134.580125,34.017435],[134.580001,34.017348],[134.579767,34.017205],[134.579635,34.017147],[134.579504,34.017119],[134.579357,34.017089],[134.579168,34.017073],[134.579063,34.017069],[134.578944,34.017081],[134.578851,34.017097],[134.578385,34.017193],[134.578274,34.017201],[134.578078,34.017209],[134.577913,34.016998],[134.577869,34.01694],[134.577809,34.016851],[134.577757,34.016764],[134.577609,34.016466],[134.577472,34.016175],[134.577186,34.015594],[134.577103,34.015506],[134.576989,34.015378],[134.576948,34.015334],[134.576923,34.015295],[134.576897,34.015257],[134.576874,34.015208],[134.576851,34.015154],[134.576818,34.015091],[134.576724,34.014956],[134.577189,34.014689],[134.577504,34.014518],[134.577666,34.014433],[134.57777,34.014361],[134.578063,34.014384],[134.578712,34.014424],[134.578674,34.015011],[134.578663,34.015245],[134.578648,34.015385],[134.578574,34.015418],[134.578532,34.015438],[134.578508,34.015476],[134.578437,34.015621],[134.578596,34.015618],[134.578821,34.015621],[134.57907,34.015634],[134.579207,34.015646],[134.579324,34.015666],[134.579489,34.015705],[134.579727,34.015777],[134.580087,34.015882],[134.580403,34.015974],[134.580323,34.016959]]]},"properties":{"S_NAME":"中田町字内開","HCODE":8101}},{"type":"Feature","geometry":{"type":"Polygon","coordinates":[[[134.576587,34.0189],[134.575095,34.018629],[134.574866,34.018425],[134.574962,34.017691],[134.574982,34.017571],[134.574988,34.017508],[134.574984,34.017399],[134.57497,34.017216],[134.574954,34.017039],[134.574925,34.016434],[134.574814,34.016485],[134.574746,34.016505],[134.574683,34.016516],[134.574603,34.016526],[134.574538,34.016525],[134.574405,34.01653],[134.574284,34.016536],[134.574162,34.016545],[134.57393,34.016568],[134.573879,34.016582],[134.573831,34.016592],[134.573248,34.016415],[134.572646,34.016219],[134.572594,34.01624],[134.572569,34.016172],[134.572554,34.016159],[134.572519,34.016118],[134.572506,34.0161],[134.572501,34.016072],[134.572502,34.016039],[134.572507,34.016011],[134.572523,34.015963],[134.572532,34.015938],[134.572554,34.015901],[134.572572,34.015877],[134.572598,34.015846],[134.572622,34.015818],[134.572635,34.015797],[134.572654,34.015768],[134.572672,34.01574],[134.5727,34.015708],[134.572722,34.015688],[134.572743,34.015667],[134.572756,34.015647],[134.572737,34.015584],[134.572677,34.01538],[134.572581,34.015172],[134.5725,34.015045],[134.572461,34.014959],[134.572412,34.014856],[134.57238,34.014792],[134.572332,34.014737],[134.572318,34.014721],[134.572318,34.014695],[134.572352,34.014637],[134.572378,34.014593],[134.572336,34.014497],[134.57222,34.014254],[134.573772,34.013978],[134.575279,34.013741],[134.575349,34.013935],[134.575632,34.014706],[134.575884,34.015379],[134.576049,34.015847],[134.575992,34.015893],[134.575933,34.015941],[134.575882,34.015984],[134.575874,34.016009],[134.575879,34.016061],[134.575904,34.016134],[134.575939,34.016212],[134.575987,34.016309],[134.576049,34.016428],[134.576121,34.016569],[134.576152,34.016623],[134.576207,34.016693],[134.576333,34.016837],[134.576399,34.016918],[134.576462,34.017023],[134.576513,34.017088],[134.576562,34.017131],[134.576617,34.017179],[134.576598,34.017198],[134.576578,34.017224],[134.576574,34.017239],[134.576575,34.017259],[134.576594,34.017272],[134.576635,34.01728],[134.576664,34.017278],[134.576587,34.0189]]]},"properties":{"S_NAME":"中田町字奥林","HCODE":8101}},{"type":"Feature","geometry":{"type":"Polygon","coordinates":[[[134.575775,34.013674],[134.576104,34.013809],[134.576428,34.013921],[134.576908,34.014073],[134.577564,34.014275],[134.57777,34.014361],[134.577666,34.014433],[134.577504,34.014518],[134.577189,34.014689],[134.576724,34.014956],[134.576818,34.015091],[134.576851,34.015154],[134.576874,34.015208],[134.576897,34.015257],[134.576923,34.015295],[134.576948,34.015334],[134.576989,34.015378],[134.577103,34.015506],[134.577186,34.015594],[134.577472,34.016175],[134.57706,34.016312],[134.576994,34.01634],[134.576956,34.016366],[134.576895,34.016403],[134.576827,34.016434],[134.576708,34.016466],[134.576616,34.016483],[134.576444,34.016523],[134.576366,34.016548],[134.57626,34.016586],[134.576152,34.016623],[134.576121,34.016569],[134.576049,34.016428],[134.575987,34.016309],[134.575939,34.016212],[134.575904,34.016134],[134.575879,34.016061],[134.575874,34.016009],[134.575882,34.015984],[134.575933,34.015941],[134.575992,34.015893],[134.576049,34.015847],[134.575884,34.015379],[134.575632,34.014706],[134.575349,34.013935],[134.575279,34.013741],[134.575775,34.013674]]]},"properties":{"S_NAME":"中田町字千代ケ原","HCODE":8101}},{"type":"Feature","geometry":{"type":"Polygon","coordinates":[[[134.574956,34.018781],[134.574726,34.018748],[134.574551,34.018735],[134.574293,34.01873],[134.574167,34.018745],[134.574009,34.018778],[134.573884,34.018812],[134.573777,34.018851],[134.573763,34.018826],[134.573701,34.018745],[134.573598,34.0186],[134.57353,34.018534],[134.573441,34.018464],[134.573394,34.018418],[134.57337,34.018369],[134.573354,34.018329],[134.573353,34.018325],[134.573389,34.018138],[134.573156,34.017722],[134.573066,34.017712],[134.572995,34.017708],[134.57294,34.017693],[134.572877,34.017656],[134.572751,34.017544],[134.572653,34.017457],[134.57258,34.017395],[134.572515,34.017327],[134.572213,34.016795],[134.57203,34.016435],[134.571996,34.016342],[134.572529,34.016261],[134.572594,34.01624],[134.572646,34.016219],[134.573248,34.016415],[134.573831,34.016592],[134.573879,34.016582],[134.57393,34.016568],[134.574162,34.016545],[134.574284,34.016536],[134.574405,34.01653],[134.574538,34.016525],[134.574603,34.016526],[134.574683,34.016516],[134.574746,34.016505],[134.574814,34.016485],[134.574925,34.016434],[134.574954,34.017039],[134.57497,34.017216],[134.574984,34.017399],[134.574988,34.017508],[134.574982,34.017571],[134.574962,34.017691],[134.574866,34.018425],[134.575095,34.018629],[134.574956,34.018781]]]},"properties":{"S_NAME":"中田町字狭間","HCODE":8101}},{"type":"Feature","geometry":{"type":"Polygon","coordinates":[[[134.584136,34.014013],[134.58391,34.014063],[134.583302,34.014168],[134.583009,34.014217],[134.582489,34.014298],[134.582158,34.014345],[134.582276,34.014862],[134.582129,34.014895],[134.582122,34.014964],[134.58212,34.014989],[134.582074,34.015424],[134.58212,34.015928],[134.582196,34.01596],[134.582016,34.016273],[134.582166,34.01633],[134.581995,34.016626],[134.58167,34.016494],[134.581467,34.016406],[134.580969,34.016183],[134.580403,34.015974],[134.580087,34.015882],[134.579727,34.015777],[134.579489,34.015705],[134.579324,34.015666],[134.579207,34.015646],[134.57907,34.015634],[134.578821,34.015621],[134.578596,34.015618],[134.578437,34.015621],[134.578508,34.015476],[134.578532,34.015438],[134.578574,34.015418],[134.578648,34.015385],[134.578663,34.015245],[134.578674,34.015011],[134.578712,34.014424],[134.578063,34.014384],[134.57777,34.014361],[134.577564,34.014275],[134.576908,34.014073],[134.576428,34.013921],[134.576104,34.013809],[134.575775,34.013674],[134.576207,34.013605],[134.576667,34.01352],[134.577021,34.013436],[134.577187,34.013382],[134.577394,34.013314],[134.577521,34.013258],[134.577678,34.013167],[134.577842,34.013067],[134.578215,34.012852],[134.578251,34.012831],[134.578271,34.012849],[134.578463,34.013066],[134.5785,34.01308],[134.578545,34.013077],[134.578565,34.01309],[134.579004,34.013487],[134.579194,34.013647],[134.579285,34.013731],[134.579427,34.013777],[134.579546,34.013812],[134.579688,34.013847],[134.579843,34.013882],[134.580001,34.013903],[134.580202,34.013921],[134.58033,34.013928],[134.580316,34.013815],[134.580641,34.013818],[134.580809,34.013786],[134.580971,34.013748],[134.581048,34.013744],[134.581132,34.013749],[134.581176,34.013761],[134.58125,34.013908],[134.581299,34.013903],[134.58138,34.013892],[134.581495,34.013873],[134.581615,34.013851],[134.581756,34.013825],[134.581857,34.013807],[134.581959,34.013785],[134.582149,34.013735],[134.582264,34.013706],[134.582358,34.013957],[134.582381,34.013978],[134.582407,34.013989],[134.582501,34.013977],[134.582953,34.013961],[134.583132,34.013955],[134.583299,34.01399],[134.583504,34.013868],[134.583601,34.01381],[134.583647,34.013792],[134.584148,34.013845],[134.584136,34.014013]]]},"properties":{"S_NAME":"中田町字内開","HCODE":8101}},{"type":"Feature","geometry":{"type":"Polygon","coordinates":[[[134.584148,34.013845],[134.583647,34.013792],[134.583601,34.01381],[134.583504,34.013868],[134.583299,34.01399],[134.583132,34.013955],[134.582953,34.013961],[134.582501,34.013977],[134.582407,34.013989],[134.582381,34.013978],[134.582358,34.013957],[134.582264,34.013706],[134.582522,34.013619],[134.582727,34.01353],[134.582728,34.01353],[134.582943,34.013423],[134.583062,34.01335],[134.583132,34.013307],[134.583302,34.013209],[134.583392,34.013158],[134.583541,34.013064],[134.583731,34.01295],[134.583809,34.012904],[134.584025,34.012751],[134.584182,34.012629],[134.584215,34.012616],[134.584195,34.013088],[134.584181,34.013291],[134.584148,34.013845]]]},"properties":{"S_NAME":"中田町字新開","HCODE":8101}},{"type":"Feature","geometry":{"type":"Polygon","coordinates":[[[134.583963,34.015662],[134.58364,34.015651],[134.583639,34.015774],[134.583638,34.015928],[134.583638,34.01593],[134.583638,34.015932],[134.583609,34.016353],[134.583549,34.016656],[134.583537,34.016655],[134.583341,34.016647],[134.583229,34.01664],[134.583097,34.016575],[134.58305,34.01656],[134.58299,34.016532],[134.582787,34.016894],[134.582678,34.016878],[134.581995,34.016626],[134.582166,34.01633],[134.582016,34.016273],[134.582196,34.01596],[134.58212,34.015928],[134.582074,34.015424],[134.58212,34.014989],[134.582122,34.014964],[134.582129,34.014895],[134.582276,34.014862],[134.582158,34.014345],[134.582489,34.014298],[134.583009,34.014217],[134.583302,34.014168],[134.58391,34.014063],[134.584136,34.014013],[134.584066,34.014546],[134.583997,34.015257],[134.583996,34.015268],[134.583963,34.015662]]]},"properties":{"S_NAME":"中田町字新開","HCODE":8101}},{"type":"Feature","geometry":{"type":"Polygon","coordinates":[[[134.56698,34.012513],[134.567071,34.012815],[134.567094,34.012916],[134.567116,34.013029],[134.567129,34.01309],[134.567137,34.013117],[134.567155,34.013137],[134.567184,34.013154],[134.567372,34.013239],[134.567411,34.013266],[134.567437,34.013308],[134.567494,34.01342],[134.567561,34.013559],[134.567584,34.013603],[134.567596,34.013669],[134.567594,34.013745],[134.567575,34.013804],[134.567545,34.013875],[134.567502,34.013923],[134.567384,34.013835],[134.567284,34.01377],[134.567193,34.013728],[134.567118,34.013597],[134.567,34.013451],[134.566893,34.013313],[134.566746,34.013116],[134.566631,34.012987],[134.566538,34.01289],[134.566432,34.012792],[134.566391,34.012761],[134.56633,34.012754],[134.56614,34.012792],[134.5661,34.012783],[134.566075,34.012765],[134.566077,34.012734],[134.56611,34.01267],[134.566117,34.012543],[134.566122,34.012467],[134.566073,34.012409],[134.566058,34.012273],[134.566108,34.012176],[134.566144,34.012088],[134.566084,34.012046],[134.566016,34.012009],[134.565936,34.011975],[134.565822,34.011926],[134.565745,34.011898],[134.565665,34.01188],[134.565587,34.011987],[134.565558,34.011996],[134.565491,34.011983],[134.565392,34.011977],[134.565284,34.01198],[134.565193,34.011986],[134.565123,34.011989],[134.565012,34.011978],[134.565388,34.011521],[134.56567,34.011657],[134.565917,34.011795],[134.566113,34.011905],[134.566233,34.011981],[134.566296,34.012026],[134.566459,34.012147],[134.566531,34.012201],[134.56662,34.012287],[134.566716,34.012398],[134.566768,34.012438],[134.566847,34.012482],[134.566921,34.01251],[134.56698,34.012513]]]},"properties":{"S_NAME":"中郷町字西久保","HCODE":8101}},{"type":"Feature","geometry":{"type":"Polygon","coordinates":[[[134.569994,34.011258],[134.569518,34.011285],[134.56929,34.011298],[134.569027,34.011313],[134.568827,34.011323],[134.568343,34.011347],[134.568257,34.011352],[134.567564,34.011397],[134.566879,34.011441],[134.566898,34.011645],[134.566908,34.011759],[134.566916,34.01186],[134.566934,34.012075],[134.566945,34.012169],[134.566959,34.012295],[134.56698,34.012513],[134.566921,34.01251],[134.566847,34.012482],[134.566768,34.012438],[134.566716,34.012398],[134.56662,34.012287],[134.566531,34.012201],[134.566459,34.012147],[134.566296,34.012026],[134.566233,34.011981],[134.566113,34.011905],[134.565917,34.011795],[134.56567,34.011657],[134.565388,34.011521],[134.56662,34.01003],[134.567139,34.010046],[134.567444,34.010063],[134.567722,34.010076],[134.568049,34.010095],[134.568364,34.010111],[134.568673,34.010149],[134.569198,34.010229],[134.569556,34.0103],[134.569956,34.010401],[134.569963,34.010572],[134.569957,34.010613],[134.56993,34.010634],[134.569871,34.01064],[134.569994,34.011258]]]},"properties":{"S_NAME":"中郷町字露ノ本","HCODE":8101}},{"type":"Feature","geometry":{"type":"Polygon","coordinates":[[[134.570665,34.014524],[134.570414,34.014604],[134.570148,34.014743],[134.569932,34.014889],[134.569857,34.014772],[134.569717,34.014553],[134.569601,34.01454],[134.569546,34.014488],[134.569515,34.014446],[134.569396,34.01417],[134.569323,34.014001],[134.569267,34.013822],[134.569217,34.01365],[134.568954,34.013702],[134.568765,34.013739],[134.568175,34.013912],[134.567708,34.014071],[134.567502,34.013923],[134.567545,34.013875],[134.567575,34.013804],[134.567594,34.013745],[134.567596,34.013669],[134.567584,34.013603],[134.567561,34.013559],[134.567494,34.01342],[134.567437,34.013308],[134.567411,34.013266],[134.567372,34.013239],[134.567184,34.013154],[134.567155,34.013137],[134.567137,34.013117],[134.567129,34.01309],[134.567116,34.013029],[134.567094,34.012916],[134.567071,34.012815],[134.56698,34.012513],[134.566959,34.012295],[134.566945,34.012169],[134.566934,34.012075],[134.566916,34.01186],[134.566908,34.011759],[134.566898,34.011645],[134.566879,34.011441],[134.567564,34.011397],[134.568257,34.011352],[134.568343,34.011347],[134.568827,34.011323],[134.569027,34.011313],[134.56929,34.011298],[134.569518,34.011285],[134.569994,34.011258],[134.570057,34.011791],[134.570061,34.011833],[134.570066,34.01187],[134.570072,34.011965],[134.570102,34.012325],[134.570085,34.012476],[134.570108,34.012911],[134.570143,34.013049],[134.570172,34.01314],[134.570283,34.013434],[134.570665,34.014524]]]},"properties":{"S_NAME":"中郷町字西野","HCODE":8101}},{"type":"Feature","geometry":{"type":"Polygon","coordinates":[[[134.575609,34.0124],[134.576098,34.012591],[134.576103,34.012758],[134.576112,34.012975],[134.576128,34.013127],[134.576129,34.013217],[134.576099,34.013354],[134.576137,34.013389],[134.576155,34.013433],[134.576207,34.013605],[134.575775,34.013674],[134.575279,34.013741],[134.573772,34.013978],[134.57222,34.014254],[134.571,34.014423],[134.570665,34.014524],[134.570283,34.013434],[134.570565,34.013353],[134.570824,34.013286],[134.571022,34.013251],[134.571208,34.013222],[134.571466,34.013161],[134.571579,34.013136],[134.571721,34.013109],[134.571891,34.013085],[134.57222,34.013055],[134.572618,34.013024],[134.57309,34.012998],[134.573356,34.012962],[134.574032,34.012855],[134.574702,34.012771],[134.574872,34.012767],[134.575039,34.012768],[134.575154,34.012775],[134.57521,34.012795],[134.575275,34.012822],[134.575267,34.012724],[134.575343,34.012675],[134.575391,34.012641],[134.575434,34.012606],[134.575481,34.012562],[134.575511,34.012531],[134.575566,34.012457],[134.575609,34.0124]]]},"properties":{"S_NAME":"中郷町字桜馬場","HCODE":8101}},{"type":"Feature","geometry":{"type":"Polygon","coordinates":[[[134.569956,34.010401],[134.570141,34.010425],[134.57031,34.010448],[134.570478,34.010485],[134.570575,34.010514],[134.571073,34.010697],[134.571486,34.01084],[134.571729,34.010918],[134.571815,34.010943],[134.571798,34.011034],[134.572723,34.011358],[134.5735,34.011647],[134.573545,34.011665],[134.573541,34.01203],[134.573508,34.012034],[134.573244,34.012043],[134.573165,34.012046],[134.573117,34.012058],[134.573074,34.012074],[134.573027,34.012096],[134.572992,34.012128],[134.572956,34.012173],[134.572941,34.0122],[134.572929,34.012247],[134.572942,34.012346],[134.572959,34.012461],[134.572982,34.012579],[134.57309,34.012998],[134.572618,34.013024],[134.57222,34.013055],[134.571891,34.013085],[134.571721,34.013109],[134.571579,34.013136],[134.571466,34.013161],[134.571208,34.013222],[134.571022,34.013251],[134.570824,34.013286],[134.570565,34.013353],[134.570283,34.013434],[134.570172,34.01314],[134.570143,34.013049],[134.570108,34.012911],[134.570085,34.012476],[134.570102,34.012325],[134.570072,34.011965],[134.570066,34.01187],[134.570061,34.011833],[134.570057,34.011791],[134.569994,34.011258],[134.569871,34.01064],[134.56993,34.010634],[134.569957,34.010613],[134.569963,34.010572],[134.569956,34.010401]]]},"properties":{"S_NAME":"中郷町字長手","HCODE":8101}},{"type":"Feature","geometry":{"type":"Polygon","coordinates":[[[134.576623,34.010464],[134.576576,34.01048],[134.576854,34.010017],[134.576698,34.010056],[134.576622,34.010059],[134.576556,34.010045],[134.576484,34.010021],[134.576443,34.009982],[134.576416,34.009951],[134.576395,34.009889],[134.576378,34.009796],[134.576377,34.009713],[134.576384,34.009598],[134.576068,34.009713],[134.575785,34.009991],[134.575427,34.010076],[134.575283,34.010142],[134.575012,34.010398],[134.574693,34.010191],[134.574556,34.010079],[134.574528,34.01005],[134.57452,34.009992],[134.57451,34.009936],[134.574501,34.009889],[134.574489,34.009842],[134.574472,34.009799],[134.57438,34.009687],[134.574082,34.009939],[134.574095,34.00999],[134.574119,34.010042],[134.574146,34.010084],[134.573699,34.010005],[134.573607,34.010449],[134.573496,34.011029],[134.573421,34.011036],[134.573292,34.011046],[134.573104,34.011059],[134.572923,34.011064],[134.572728,34.011066],[134.572519,34.011054],[134.572308,34.011031],[134.572172,34.011013],[134.571986,34.010981],[134.571815,34.010943],[134.572014,34.010097],[134.572136,34.009538],[134.572276,34.008923],[134.572432,34.008315],[134.573198,34.00856],[134.574005,34.008569],[134.574093,34.008164],[134.572529,34.007817],[134.572552,34.007665],[134.572846,34.007308],[134.573119,34.007014],[134.573175,34.007],[134.573212,34.006994],[134.573248,34.006991],[134.573322,34.007001],[134.573375,34.007042],[134.573419,34.007107],[134.573476,34.0072],[134.573549,34.007316],[134.573612,34.007367],[134.573708,34.007397],[134.573787,34.0074],[134.573994,34.007391],[134.57405,34.007401],[134.574108,34.007435],[134.574185,34.007478],[134.574261,34.007517],[134.574331,34.007556],[134.574422,34.007597],[134.574677,34.007719],[134.574944,34.007838],[134.575359,34.008025],[134.575414,34.008049],[134.575466,34.008062],[134.575839,34.00814],[134.575995,34.008181],[134.576044,34.008188],[134.576092,34.00818],[134.576168,34.008161],[134.576218,34.008144],[134.5763,34.008108],[134.576462,34.00805],[134.576516,34.008038],[134.576554,34.008042],[134.576589,34.008052],[134.576633,34.008095],[134.57665,34.008136],[134.576708,34.008325],[134.576737,34.008442],[134.577533,34.008379],[134.577527,34.008572],[134.577505,34.008792],[134.577493,34.008908],[134.577482,34.009038],[134.57747,34.009144],[134.577469,34.009269],[134.577473,34.009397],[134.577513,34.009573],[134.577546,34.009698],[134.577568,34.009801],[134.577576,34.009898],[134.577579,34.009977],[134.577402,34.010083],[134.577311,34.010138],[134.577119,34.010242],[134.577007,34.010296],[134.576893,34.010351],[134.576794,34.010395],[134.576668,34.010446],[134.576623,34.010464]]]},"properties":{"S_NAME":"中郷町字県前","HCODE":8101}},{"type":"Feature","geometry":{"type":"Polygon","coordinates":[[[134.575609,34.0124],[134.575566,34.012457],[134.575511,34.012531],[134.575481,34.012562],[134.575434,34.012606],[134.575391,34.012641],[134.575343,34.012675],[134.575267,34.012724],[134.575275,34.012822],[134.57521,34.012795],[134.575154,34.012775],[134.575039,34.012768],[134.574872,34.012767],[134.574702,34.012771],[134.574032,34.012855],[134.573356,34.012962],[134.57309,34.012998],[134.572982,34.012579],[134.572959,34.012461],[134.572942,34.012346],[134.572929,34.012247],[134.572941,34.0122],[134.572956,34.012173],[134.572992,34.012128],[134.573027,34.012096],[134.573074,34.012074],[134.573117,34.012058],[134.573165,34.012046],[134.573244,34.012043],[134.573508,34.012034],[134.573541,34.01203],[134.573545,34.011665],[134.5735,34.011647],[134.572723,34.011358],[134.571798,34.011034],[134.571815,34.010943],[134.571986,34.010981],[134.572172,34.011013],[134.572308,34.011031],[134.572519,34.011054],[134.572728,34.011066],[134.572923,34.011064],[134.573104,34.011059],[134.573292,34.011046],[134.573421,34.011036],[134.573496,34.011029],[134.573607,34.010449],[134.573699,34.010005],[134.574146,34.010084],[134.574119,34.010042],[134.574095,34.00999],[134.574082,34.009939],[134.57438,34.009687],[134.574472,34.009799],[134.574489,34.009842],[134.574501,34.009889],[134.57451,34.009936],[134.57452,34.009992],[134.574528,34.01005],[134.574556,34.010079],[134.574693,34.010191],[134.575012,34.010398],[134.575283,34.010142],[134.575427,34.010076],[134.575785,34.009991],[134.576068,34.009713],[134.576384,34.009598],[134.576377,34.009713],[134.576378,34.009796],[134.576395,34.009889],[134.576416,34.009951],[134.576443,34.009982],[134.576484,34.010021],[134.576556,34.010045],[134.576622,34.010059],[134.576698,34.010056],[134.576854,34.010017],[134.576576,34.01048],[134.576623,34.010464],[134.576551,34.010606],[134.57639,34.010903],[134.576373,34.01095],[134.576366,34.011021],[134.576388,34.011376],[134.576384,34.011405],[134.576383,34.011436],[134.576467,34.011652],[134.576555,34.011881],[134.576516,34.011906],[134.576146,34.012038],[134.575884,34.012125],[134.575823,34.012154],[134.575609,34.0124]]]},"properties":{"S_NAME":"中郷町字豊ノ本","HCODE":8101}},{"type":"Feature","geometry":{"type":"Polygon","coordinates":[[[134.573689,34.006315],[134.573884,34.006329],[134.573993,34.006343],[134.574076,34.00636],[134.574146,34.006376],[134.574255,34.006407],[134.57433,34.006429],[134.574405,34.006453],[134.574504,34.006479],[134.57458,34.006506],[134.574662,34.006541],[134.574725,34.006571],[134.574796,34.006598],[134.574866,34.006623],[134.574948,34.006651],[134.575042,34.006683],[134.575147,34.006713],[134.575233,34.006741],[134.575313,34.006768],[134.575405,34.006794],[134.575505,34.006814],[134.575611,34.006837],[134.575685,34.006855],[134.575802,34.006877],[134.57589,34.006887],[134.575988,34.006909],[134.576094,34.006936],[134.57618,34.006969],[134.576272,34.007002],[134.576365,34.007031],[134.576449,34.00706],[134.576544,34.007102],[134.576615,34.007146],[134.576679,34.007202],[134.576768,34.007287],[134.576821,34.007342],[134.576874,34.007384],[134.576962,34.007427],[134.577003,34.00746],[134.577051,34.007508],[134.57711,34.007575],[134.577185,34.007679],[134.577215,34.007735],[134.577288,34.007828],[134.577363,34.007924],[134.577431,34.008016],[134.577505,34.008167],[134.577536,34.008273],[134.577533,34.008379],[134.576737,34.008442],[134.576708,34.008325],[134.57665,34.008136],[134.576633,34.008095],[134.576589,34.008052],[134.576554,34.008042],[134.576516,34.008038],[134.576462,34.00805],[134.5763,34.008108],[134.576218,34.008144],[134.576168,34.008161],[134.576092,34.00818],[134.576044,34.008188],[134.575995,34.008181],[134.575839,34.00814],[134.575466,34.008062],[134.575414,34.008049],[134.575359,34.008025],[134.574944,34.007838],[134.574677,34.007719],[134.574422,34.007597],[134.574331,34.007556],[134.574261,34.007517],[134.574185,34.007478],[134.574108,34.007435],[134.57405,34.007401],[134.573994,34.007391],[134.573787,34.0074],[134.573708,34.007397],[134.573612,34.007367],[134.573549,34.007316],[134.573476,34.0072],[134.573419,34.007107],[134.573375,34.007042],[134.573322,34.007001],[134.573248,34.006991],[134.573212,34.006994],[134.573175,34.007],[134.573119,34.007014],[134.573567,34.006521],[134.573605,34.006469],[134.573653,34.006371],[134.573682,34.006327],[134.573689,34.006315]]]},"properties":{"S_NAME":"中郷町字大瀬町","HCODE":8101}},{"type":"Feature","geometry":{"type":"Polygon","coordinates":[[[134.573119,34.007014],[134.572846,34.007308],[134.572552,34.007665],[134.572529,34.007817],[134.574093,34.008164],[134.574005,34.008569],[134.573198,34.00856],[134.572432,34.008315],[134.572276,34.008923],[134.572136,34.009538],[134.572014,34.010097],[134.571815,34.010943],[134.571729,34.010918],[134.571486,34.01084],[134.571073,34.010697],[134.570575,34.010514],[134.570478,34.010485],[134.57031,34.010448],[134.570141,34.010425],[134.569956,34.010401],[134.569556,34.0103],[134.569198,34.010229],[134.568673,34.010149],[134.568364,34.010111],[134.568049,34.010095],[134.567722,34.010076],[134.567444,34.010063],[134.567139,34.010046],[134.56662,34.01003],[134.56878,34.007473],[134.569771,34.006281],[134.570456,34.005472],[134.570635,34.005506],[134.570855,34.005559],[134.571099,34.005642],[134.571564,34.005813],[134.571854,34.005909],[134.571814,34.005984],[134.571754,34.006082],[134.57162,34.006353],[134.571765,34.006487],[134.571865,34.006577],[134.571972,34.00667],[134.572007,34.006691],[134.572277,34.006803],[134.572417,34.006849],[134.572507,34.00688],[134.572566,34.006885],[134.57261,34.006889],[134.572659,34.00689],[134.57272,34.006886],[134.572766,34.006886],[134.572798,34.006878],[134.572865,34.006839],[134.572941,34.006808],[134.572997,34.006782],[134.573035,34.00677],[134.573109,34.006756],[134.573158,34.006739],[134.573208,34.006716],[134.573245,34.006688],[134.573266,34.00666],[134.573283,34.006633],[134.573317,34.006581],[134.573366,34.006521],[134.573426,34.006462],[134.57347,34.006433],[134.57352,34.006413],[134.573586,34.006391],[134.573653,34.006371],[134.573605,34.006469],[134.573567,34.006521],[134.573119,34.007014]]]},"properties":{"S_NAME":"中郷町字加藤","HCODE":8101}},{"type":"Feature","geometry":{"type":"Polygon","coordinates":[[[134.56662,34.01003],[134.566219,34.010043],[134.565697,34.010057],[134.565046,34.010096],[134.564537,34.010155],[134.563875,34.010249],[134.563243,34.010369],[134.562811,34.010472],[134.562202,34.010637],[134.562031,34.010463],[134.561753,34.010299],[134.561652,34.010246],[134.561544,34.010176],[134.561651,34.010159],[134.561766,34.010136],[134.561846,34.010116],[134.56193,34.01008],[134.561976,34.010035],[134.562156,34.009831],[134.562368,34.00957],[134.562466,34.009451],[134.562488,34.009387],[134.562483,34.009316],[134.562446,34.009226],[134.562414,34.009143],[134.562417,34.009076],[134.562456,34.008826],[134.562464,34.008716],[134.562448,34.00862],[134.562455,34.008537],[134.562473,34.008479],[134.562515,34.008418],[134.562619,34.00832],[134.562733,34.00821],[134.56287,34.008103],[134.562925,34.008047],[134.563333,34.00758],[134.563384,34.007517],[134.563456,34.007398],[134.563493,34.007289],[134.563554,34.007147],[134.563595,34.007045],[134.563657,34.006969],[134.563714,34.006892],[134.563821,34.006772],[134.564158,34.006718],[134.564642,34.006647],[134.564589,34.006437],[134.564603,34.006334],[134.564509,34.006295],[134.564546,34.006056],[134.564591,34.006064],[134.564658,34.006064],[134.564726,34.006064],[134.564796,34.006064],[134.564904,34.006056],[134.564972,34.00605],[134.565041,34.00605],[134.565085,34.006052],[134.565148,34.006066],[134.565302,34.006108],[134.565371,34.00613],[134.565424,34.006129],[134.565481,34.006112],[134.56557,34.006086],[134.565692,34.00606],[134.565753,34.006045],[134.565822,34.006034],[134.565876,34.006026],[134.56601,34.006005],[134.56617,34.005984],[134.566555,34.005912],[134.56686,34.005869],[134.567125,34.005837],[134.567428,34.005792],[134.567742,34.005755],[134.56816,34.005714],[134.568524,34.005598],[134.568611,34.005581],[134.569131,34.005475],[134.569316,34.005433],[134.5696,34.005415],[134.569826,34.005413],[134.569984,34.005418],[134.570142,34.00542],[134.570456,34.005472],[134.569771,34.006281],[134.56878,34.007473],[134.56662,34.01003]]]},"properties":{"S_NAME":"中郷町字前田","HCODE":8101}},{"type":"Feature","geometry":{"type":"Polygon","coordinates":[[[134.606319,33.980544],[134.606074,33.981095],[134.605991,33.981282],[134.605892,33.981505],[134.605816,33.981718],[134.605784,33.981815],[134.605765,33.981908],[134.605743,33.982046],[134.605738,33.982148],[134.605732,33.982263],[134.605716,33.982501],[134.605696,33.982705],[134.605681,33.982906],[134.605653,33.983168],[134.605325,33.983183],[134.604931,33.983203],[134.604662,33.983205],[134.604488,33.98321],[134.604302,33.982992],[134.604176,33.982829],[134.604,33.982677],[134.603825,33.982557],[134.60361,33.982447],[134.603244,33.982305],[134.602912,33.982224],[134.602474,33.982149],[134.60223,33.982177],[134.60209,33.982206],[134.60194,33.982254],[134.601744,33.982303],[134.601582,33.982332],[134.601436,33.982357],[134.601307,33.982353],[134.601243,33.982347],[134.601137,33.982314],[134.600928,33.982199],[134.600725,33.982096],[134.600428,33.98194],[134.600245,33.98185],[134.600045,33.981789],[134.599802,33.981757],[134.599659,33.981738],[134.599478,33.981691],[134.599348,33.981611],[134.599254,33.981511],[134.599178,33.981328],[134.599124,33.981152],[134.599123,33.980615],[134.599097,33.980321],[134.599061,33.980158],[134.599009,33.98006],[134.598918,33.979982],[134.598704,33.979914],[134.59842,33.979844],[134.598173,33.979795],[134.597819,33.979723],[134.597104,33.979552],[134.596936,33.979511],[134.596627,33.979442],[134.596604,33.979434],[134.596317,33.979368],[134.59632,33.978755],[134.596335,33.97816],[134.596355,33.977291],[134.596417,33.97721],[134.59643,33.977185],[134.596491,33.976322],[134.596535,33.975537],[134.596523,33.975117],[134.596567,33.974876],[134.596618,33.974707],[134.596645,33.974394],[134.596676,33.973975],[134.596666,33.973811],[134.596635,33.973666],[134.596568,33.973521],[134.596429,33.973349],[134.596135,33.973109],[134.595726,33.972743],[134.595059,33.972166],[134.594609,33.971744],[134.59416,33.971367],[134.593638,33.970931],[134.593556,33.970874],[134.593495,33.970828],[134.593421,33.970774],[134.593339,33.970727],[134.593277,33.970694],[134.593202,33.970672],[134.593152,33.970651],[134.593112,33.970614],[134.593085,33.970578],[134.593051,33.970513],[134.593004,33.97041],[134.592869,33.970303],[134.591981,33.969651],[134.591885,33.969551],[134.591797,33.969479],[134.591601,33.969391],[134.591438,33.969348],[134.591162,33.969339],[134.590912,33.969354],[134.590613,33.969379],[134.59003,33.96935],[134.589878,33.969338],[134.589733,33.969311],[134.589557,33.969237],[134.589375,33.969147],[134.589351,33.969135],[134.589202,33.969058],[134.589151,33.969008],[134.589123,33.968949],[134.589112,33.968802],[134.589104,33.968634],[134.5891,33.968144],[134.589097,33.967901],[134.589093,33.967799],[134.589071,33.967676],[134.58901,33.967598],[134.596148,33.966775],[134.596335,33.967265],[134.596578,33.967787],[134.596804,33.968166],[134.597107,33.968491],[134.597598,33.968723],[134.598262,33.970532],[134.598438,33.970504],[134.59858,33.97047],[134.598686,33.970433],[134.598728,33.9704],[134.598889,33.970372],[134.599054,33.970318],[134.599227,33.970274],[134.599449,33.970396],[134.599639,33.970516],[134.599624,33.970575],[134.600054,33.97061],[134.600243,33.970628],[134.60024,33.970751],[134.6003,33.97096],[134.600357,33.971072],[134.60047,33.971284],[134.600587,33.97145],[134.600664,33.971551],[134.600806,33.971721],[134.600969,33.971882],[134.601154,33.972048],[134.601464,33.972328],[134.601747,33.972586],[134.60197,33.972773],[134.602057,33.972854],[134.602177,33.972954],[134.602283,33.973046],[134.602334,33.973074],[134.602519,33.973159],[134.602584,33.973182],[134.602577,33.973211],[134.602579,33.973253],[134.602595,33.973288],[134.602649,33.973365],[134.602702,33.973444],[134.602734,33.973492],[134.602913,33.973759],[134.603064,33.973987],[134.603155,33.97413],[134.603201,33.974199],[134.603216,33.97426],[134.603233,33.974326],[134.603257,33.974405],[134.603278,33.974453],[134.603292,33.974492],[134.603322,33.974533],[134.603361,33.974594],[134.603424,33.974675],[134.603466,33.974723],[134.603516,33.974764],[134.603588,33.974823],[134.603654,33.974873],[134.603724,33.974929],[134.603768,33.974968],[134.6038,33.975008],[134.603849,33.975074],[134.604085,33.975409],[134.60424,33.975615],[134.604358,33.975764],[134.604532,33.975989],[134.604626,33.976073],[134.604709,33.976147],[134.60479,33.976228],[134.604913,33.976369],[134.605576,33.977075],[134.605687,33.977194],[134.605847,33.977408],[134.606013,33.977631],[134.606126,33.977813],[134.606149,33.977898],[134.606139,33.977971],[134.606103,33.978138],[134.606042,33.978338],[134.605932,33.97871],[134.605876,33.978792],[134.605729,33.979047],[134.605628,33.979246],[134.605527,33.979439],[134.605479,33.979551],[134.605457,33.979634],[134.605445,33.979708],[134.605446,33.9798],[134.605466,33.979921],[134.605499,33.979999],[134.605563,33.980098],[134.605647,33.980188],[134.605705,33.980238],[134.605791,33.980292],[134.605915,33.980352],[134.606053,33.980422],[134.606251,33.98052],[134.606319,33.980544]]]},"properties":{"S_NAME":"立江町字小田ノ浦","HCODE":8101}},{"type":"Feature","geometry":{"type":"Polygon","coordinates":[[[134.610963,33.972162],[134.611295,33.972457],[134.611309,33.972475],[134.6113,33.9725],[134.611,33.97277],[134.610903,33.972867],[134.610742,33.973025],[134.61062,33.973156],[134.610534,33.973254],[134.610441,33.973365],[134.610344,33.973489],[134.610232,33.973629],[134.610178,33.97366],[134.610135,33.973681],[134.610089,33.973716],[134.61014,33.973751],[134.610229,33.973795],[134.610298,33.973851],[134.610416,33.973945],[134.610532,33.974054],[134.610559,33.974086],[134.610583,33.974135],[134.610581,33.974177],[134.610567,33.974214],[134.610537,33.974255],[134.610506,33.974307],[134.610472,33.974339],[134.610433,33.974371],[134.610374,33.9744],[134.61025,33.974453],[134.610216,33.974476],[134.610173,33.974503],[134.610143,33.97453],[134.61007,33.974605],[134.610016,33.974667],[134.609979,33.974711],[134.609973,33.974774],[134.609975,33.97495],[134.60997,33.975278],[134.610046,33.975305],[134.610112,33.975327],[134.610013,33.975643],[134.609973,33.975767],[134.609947,33.975853],[134.609957,33.975894],[134.609993,33.975929],[134.610031,33.975962],[134.610131,33.976011],[134.610181,33.976046],[134.61021,33.976087],[134.610227,33.976127],[134.610243,33.976193],[134.610273,33.97632],[134.610302,33.976452],[134.610316,33.976514],[134.610325,33.976563],[134.610314,33.976622],[134.610306,33.976685],[134.610287,33.976779],[134.610262,33.976871],[134.61024,33.976959],[134.60941,33.97702],[134.607277,33.977217],[134.607119,33.978222],[134.607056,33.978611],[134.606976,33.978909],[134.606896,33.979152],[134.606787,33.979469],[134.606654,33.979792],[134.606506,33.980135],[134.606328,33.980514],[134.606319,33.980544],[134.606251,33.98052],[134.606053,33.980422],[134.605915,33.980352],[134.605791,33.980292],[134.605705,33.980238],[134.605647,33.980188],[134.605563,33.980098],[134.605499,33.979999],[134.605466,33.979921],[134.605446,33.9798],[134.605445,33.979708],[134.605457,33.979634],[134.605479,33.979551],[134.605527,33.979439],[134.605628,33.979246],[134.605729,33.979047],[134.605876,33.978792],[134.605932,33.97871],[134.606042,33.978338],[134.606103,33.978138],[134.606139,33.977971],[134.606149,33.977898],[134.606126,33.977813],[134.606013,33.977631],[134.605847,33.977408],[134.605687,33.977194],[134.605576,33.977075],[134.604913,33.976369],[134.60479,33.976228],[134.604709,33.976147],[134.604626,33.976073],[134.604532,33.975989],[134.604358,33.975764],[134.60424,33.975615],[134.604085,33.975409],[134.603849,33.975074],[134.6038,33.975008],[134.603768,33.974968],[134.603724,33.974929],[134.603654,33.974873],[134.603588,33.974823],[134.603516,33.974764],[134.603466,33.974723],[134.603424,33.974675],[134.603361,33.974594],[134.603322,33.974533],[134.603292,33.974492],[134.603278,33.974453],[134.603257,33.974405],[134.603233,33.974326],[134.603216,33.97426],[134.603201,33.974199],[134.603155,33.97413],[134.603064,33.973987],[134.602913,33.973759],[134.602734,33.973492],[134.602702,33.973444],[134.602649,33.973365],[134.602595,33.973288],[134.602579,33.973253],[134.602577,33.973211],[134.602584,33.973182],[134.602519,33.973159],[134.602334,33.973074],[134.602283,33.973046],[134.602177,33.972954],[134.602057,33.972854],[134.60197,33.972773],[134.601747,33.972586],[134.601464,33.972328],[134.601154,33.972048],[134.600969,33.971882],[134.600806,33.971721],[134.600664,33.971551],[134.600587,33.97145],[134.60047,33.971284],[134.600357,33.971072],[134.6003,33.97096],[134.60024,33.970751],[134.600243,33.970628],[134.600371,33.970533],[134.600422,33.970498],[134.600958,33.970385],[134.601151,33.970333],[134.601377,33.970268],[134.601523,33.970232],[134.601641,33.970218],[134.601752,33.970204],[134.601819,33.970206],[134.601957,33.970229],[134.602361,33.970303],[134.602815,33.970387],[134.603166,33.970455],[134.603446,33.97051],[134.603673,33.970556],[134.603865,33.970583],[134.603943,33.970592],[134.60432,33.971006],[134.604461,33.971177],[134.604526,33.971277],[134.604556,33.97133],[134.604581,33.971356],[134.604614,33.97137],[134.604663,33.971373],[134.604667,33.97146],[134.604672,33.971522],[134.604682,33.971547],[134.604731,33.971645],[134.604803,33.971791],[134.60491,33.972004],[134.605048,33.972053],[134.605223,33.97213],[134.605487,33.97225],[134.605547,33.972286],[134.605671,33.972366],[134.605825,33.972479],[134.605995,33.972621],[134.606158,33.972778],[134.606363,33.972979],[134.606417,33.973033],[134.606566,33.97319],[134.606845,33.973544],[134.606852,33.973574],[134.606853,33.973612],[134.606883,33.973661],[134.606986,33.9738],[134.607097,33.973792],[134.607101,33.973841],[134.60712,33.973987],[134.607131,33.97406],[134.607146,33.97411],[134.607195,33.974101],[134.607894,33.973777],[134.608218,33.972484],[134.610963,33.972162]]]},"properties":{"S_NAME":"立江町字松塚","HCODE":8101}},{"type":"Feature","geometry":{"type":"Polygon","coordinates":[[[134.608218,33.972484],[134.607894,33.973777],[134.607195,33.974101],[134.607146,33.97411],[134.607131,33.97406],[134.60712,33.973987],[134.607101,33.973841],[134.607097,33.973792],[134.606986,33.9738],[134.606883,33.973661],[134.606853,33.973612],[134.606852,33.973574],[134.606845,33.973544],[134.606566,33.97319],[134.606417,33.973033],[134.606363,33.972979],[134.606158,33.972778],[134.605995,33.972621],[134.605825,33.972479],[134.605671,33.972366],[134.605547,33.972286],[134.605487,33.97225],[134.605223,33.97213],[134.605048,33.972053],[134.60491,33.972004],[134.604803,33.971791],[134.604731,33.971645],[134.604682,33.971547],[134.604672,33.971522],[134.604667,33.97146],[134.604663,33.971373],[134.604614,33.97137],[134.604581,33.971356],[134.604556,33.97133],[134.604526,33.971277],[134.604461,33.971177],[134.60432,33.971006],[134.603943,33.970592],[134.604205,33.970564],[134.604443,33.97055],[134.604631,33.97054],[134.604682,33.970548],[134.604797,33.970597],[134.604938,33.970644],[134.605023,33.97066],[134.60508,33.970657],[134.605407,33.970568],[134.605554,33.970538],[134.605633,33.970628],[134.605857,33.970549],[134.606009,33.970479],[134.606141,33.970445],[134.606334,33.970387],[134.606386,33.970429],[134.60645,33.970455],[134.606508,33.97046],[134.606568,33.970451],[134.606635,33.970435],[134.606721,33.970418],[134.606819,33.970407],[134.607001,33.970413],[134.607255,33.970442],[134.607429,33.970868],[134.607662,33.971429],[134.607904,33.971934],[134.607962,33.972073],[134.608046,33.972225],[134.608115,33.972325],[134.608218,33.972484]]]},"properties":{"S_NAME":"立江町字宮前","HCODE":8101}},{"type":"Feature","geometry":{"type":"Polygon","coordinates":[[[134.608586,33.979525],[134.608393,33.979573],[134.608217,33.979615],[134.608147,33.979642],[134.60811,33.979672],[134.608068,33.979732],[134.608001,33.979877],[134.607929,33.98007],[134.607889,33.980164],[134.607804,33.98032],[134.607751,33.980412],[134.607731,33.980437],[134.607705,33.980458],[134.607631,33.980486],[134.607542,33.98051],[134.607425,33.980525],[134.607305,33.980543],[134.607128,33.980557],[134.607022,33.980558],[134.606881,33.980559],[134.606745,33.980557],[134.606603,33.980554],[134.606527,33.98055],[134.606444,33.980542],[134.606328,33.980514],[134.606506,33.980135],[134.606654,33.979792],[134.606787,33.979469],[134.606896,33.979152],[134.606976,33.978909],[134.607056,33.978611],[134.607119,33.978222],[134.607277,33.977217],[134.60941,33.97702],[134.61024,33.976959],[134.610218,33.977048],[134.610186,33.977155],[134.610205,33.977173],[134.610597,33.977471],[134.610577,33.977581],[134.610563,33.977616],[134.610518,33.977667],[134.610486,33.977705],[134.610436,33.977753],[134.610398,33.977819],[134.610371,33.97787],[134.610354,33.977912],[134.610326,33.977988],[134.610295,33.97807],[134.610241,33.978074],[134.610173,33.978081],[134.608953,33.978144],[134.608747,33.978722],[134.608693,33.978995],[134.608628,33.979289],[134.608586,33.979525]]]},"properties":{"S_NAME":"立江町字青森","HCODE":8101}},{"type":"Feature","geometry":{"type":"Polygon","coordinates":[[[134.607763,33.968608],[134.60704,33.969032],[134.606936,33.969053],[134.606575,33.968965],[134.606283,33.969122],[134.605627,33.968409],[134.605515,33.968275],[134.605452,33.968206],[134.605382,33.968128],[134.605348,33.968068],[134.605326,33.967999],[134.605369,33.967922],[134.605463,33.967767],[134.605578,33.967478],[134.605646,33.967476],[134.605716,33.967464],[134.605812,33.967433],[134.605931,33.967379],[134.606051,33.96731],[134.60622,33.96721],[134.606497,33.967032],[134.607763,33.968608]]]},"properties":{"S_NAME":"立江町字若松","HCODE":8101}},{"type":"Feature","geometry":{"type":"Polygon","coordinates":[[[134.607763,33.968608],[134.608694,33.96951],[134.608739,33.96953],[134.608775,33.969529],[134.608807,33.969515],[134.608923,33.969432],[134.608958,33.969423],[134.60899,33.969432],[134.609038,33.969465],[134.609086,33.969515],[134.60913,33.969557],[134.60923,33.969644],[134.609305,33.969687],[134.609483,33.969771],[134.609572,33.969805],[134.609644,33.969823],[134.609715,33.969825],[134.610118,33.969838],[134.610143,33.969844],[134.610152,33.969871],[134.610224,33.970311],[134.610262,33.970511],[134.610266,33.970531],[134.610421,33.970783],[134.61076,33.971337],[134.610759,33.971373],[134.6109,33.971505],[134.611032,33.971619],[134.611183,33.971719],[134.611279,33.971806],[134.611252,33.971944],[134.6112,33.971986],[134.611143,33.972031],[134.611057,33.972101],[134.610963,33.972162],[134.608218,33.972484],[134.608115,33.972325],[134.608046,33.972225],[134.607962,33.972073],[134.607904,33.971934],[134.607662,33.971429],[134.607429,33.970868],[134.607255,33.970442],[134.607167,33.970255],[134.607067,33.970076],[134.606851,33.969784],[134.606283,33.969122],[134.606575,33.968965],[134.606936,33.969053],[134.60704,33.969032],[134.607763,33.968608]]]},"properties":{"S_NAME":"立江町字若松","HCODE":8101}},{"type":"Feature","geometry":{"type":"Polygon","coordinates":[[[134.605554,33.970538],[134.605407,33.970568],[134.60508,33.970657],[134.605023,33.97066],[134.604938,33.970644],[134.604797,33.970597],[134.604682,33.970548],[134.604631,33.97054],[134.604443,33.97055],[134.604205,33.970564],[134.603943,33.970592],[134.603865,33.970583],[134.603673,33.970556],[134.603446,33.97051],[134.603166,33.970455],[134.602815,33.970387],[134.602361,33.970303],[134.601957,33.970229],[134.601819,33.970206],[134.601752,33.970204],[134.601641,33.970218],[134.601523,33.970232],[134.601377,33.970268],[134.601151,33.970333],[134.600958,33.970385],[134.600422,33.970498],[134.600371,33.970533],[134.600243,33.970628],[134.600364,33.970466],[134.600556,33.970214],[134.600652,33.970096],[134.600745,33.970017],[134.600926,33.969867],[134.601042,33.969786],[134.601291,33.969582],[134.601476,33.969463],[134.601587,33.969434],[134.601667,33.96938],[134.601763,33.969258],[134.60187,33.969132],[134.601983,33.968939],[134.602112,33.968718],[134.602229,33.968565],[134.602333,33.968422],[134.60248,33.968258],[134.602705,33.968055],[134.602971,33.967865],[134.603199,33.967718],[134.603466,33.967584],[134.603715,33.967487],[134.60385,33.967417],[134.603914,33.967377],[134.604006,33.967318],[134.604317,33.967405],[134.605463,33.967767],[134.605369,33.967922],[134.605326,33.967999],[134.605292,33.968013],[134.605234,33.96805],[134.605204,33.968075],[134.605174,33.968144],[134.605148,33.968272],[134.605129,33.968434],[134.605125,33.968576],[134.605146,33.968706],[134.605172,33.968822],[134.605182,33.968869],[134.605178,33.968897],[134.605149,33.968942],[134.605099,33.969013],[134.605095,33.969039],[134.60512,33.969112],[134.605176,33.969217],[134.605233,33.969322],[134.605313,33.969482],[134.605344,33.969543],[134.605396,33.969648],[134.605441,33.969731],[134.605455,33.969774],[134.605453,33.969857],[134.605419,33.969986],[134.605401,33.970048],[134.605407,33.970116],[134.605435,33.970183],[134.605497,33.970295],[134.605542,33.970404],[134.605559,33.970506],[134.605554,33.970538]]]},"properties":{"S_NAME":"立江町字金岡","HCODE":8101}},{"type":"Feature","geometry":{"type":"Polygon","coordinates":[[[134.604006,33.967318],[134.603914,33.967377],[134.60385,33.967417],[134.603715,33.967487],[134.603466,33.967584],[134.603199,33.967718],[134.602971,33.967865],[134.602705,33.968055],[134.60248,33.968258],[134.602333,33.968422],[134.602229,33.968565],[134.602112,33.968718],[134.601983,33.968939],[134.60187,33.969132],[134.601763,33.969258],[134.601667,33.96938],[134.601587,33.969434],[134.601476,33.969463],[134.601291,33.969582],[134.601042,33.969786],[134.600926,33.969867],[134.600745,33.970017],[134.600652,33.970096],[134.600556,33.970214],[134.600364,33.970466],[134.600243,33.970628],[134.600054,33.97061],[134.599624,33.970575],[134.599639,33.970516],[134.599449,33.970396],[134.599227,33.970274],[134.599054,33.970318],[134.598889,33.970372],[134.598728,33.9704],[134.598686,33.970433],[134.59858,33.97047],[134.598438,33.970504],[134.598262,33.970532],[134.597598,33.968723],[134.597107,33.968491],[134.596804,33.968166],[134.596578,33.967787],[134.596335,33.967265],[134.596148,33.966775],[134.596498,33.966035],[134.596956,33.964965],[134.597542,33.963823],[134.597764,33.962935],[134.598217,33.961128],[134.598557,33.961167],[134.59864,33.961259],[134.598941,33.961483],[134.599232,33.96166],[134.59958,33.961859],[134.599799,33.962011],[134.600035,33.962198],[134.600214,33.962379],[134.600358,33.962464],[134.600532,33.962581],[134.600603,33.962692],[134.600647,33.962807],[134.600683,33.962914],[134.60076,33.963012],[134.600819,33.963077],[134.600887,33.963135],[134.601071,33.963269],[134.601154,33.963329],[134.601335,33.963442],[134.60156,33.963583],[134.601625,33.963624],[134.601725,33.963657],[134.601795,33.963674],[134.601912,33.9637],[134.602158,33.963757],[134.602439,33.963814],[134.602685,33.96387],[134.602906,33.963929],[134.603,33.963965],[134.603098,33.964009],[134.603185,33.964061],[134.603247,33.964098],[134.60331,33.964147],[134.603393,33.964284],[134.603418,33.964345],[134.60343,33.964403],[134.603444,33.964507],[134.603444,33.964599],[134.603454,33.964673],[134.603459,33.964756],[134.60348,33.964886],[134.603534,33.965076],[134.603561,33.965167],[134.603629,33.965379],[134.603654,33.965471],[134.603655,33.965514],[134.603641,33.965617],[134.603618,33.965696],[134.603598,33.965851],[134.603575,33.965968],[134.60356,33.966056],[134.603516,33.966261],[134.603503,33.966345],[134.60349,33.966459],[134.603492,33.966519],[134.603499,33.966585],[134.603493,33.966629],[134.603481,33.966688],[134.603453,33.966799],[134.603406,33.966958],[134.603351,33.967135],[134.603973,33.967309],[134.604006,33.967318]]]},"properties":{"S_NAME":"立江町字清水","HCODE":8101}},{"type":"Feature","geometry":{"type":"Polygon","coordinates":[[[134.605126,33.96303],[134.605376,33.963264],[134.605874,33.963776],[134.606155,33.964069],[134.606428,33.964369],[134.606647,33.964622],[134.60667,33.964675],[134.60677,33.964805],[134.606805,33.964871],[134.606838,33.964958],[134.606856,33.965031],[134.606835,33.965118],[134.606791,33.965311],[134.606769,33.965407],[134.60677,33.965471],[134.606766,33.965525],[134.606726,33.965743],[134.606712,33.965793],[134.606676,33.965842],[134.605679,33.966339],[134.605332,33.966528],[134.605078,33.966661],[134.60485,33.966778],[134.604645,33.966889],[134.604413,33.967011],[134.60422,33.967112],[134.604114,33.967161],[134.604043,33.967195],[134.603984,33.967218],[134.603971,33.967262],[134.603973,33.967309],[134.603351,33.967135],[134.603406,33.966958],[134.603453,33.966799],[134.603481,33.966688],[134.603493,33.966629],[134.603499,33.966585],[134.603492,33.966519],[134.60349,33.966459],[134.603503,33.966345],[134.603516,33.966261],[134.60356,33.966056],[134.603575,33.965968],[134.603598,33.965851],[134.603618,33.965696],[134.603641,33.965617],[134.603655,33.965514],[134.603654,33.965471],[134.603629,33.965379],[134.603561,33.965167],[134.603534,33.965076],[134.60348,33.964886],[134.603459,33.964756],[134.603454,33.964673],[134.603444,33.964599],[134.603444,33.964507],[134.60343,33.964403],[134.603418,33.964345],[134.603393,33.964284],[134.60331,33.964147],[134.603541,33.96405],[134.603636,33.964008],[134.603782,33.96392],[134.604052,33.963775],[134.604396,33.963568],[134.604722,33.963388],[134.604768,33.963374],[134.604796,33.963343],[134.604835,33.963308],[134.604897,33.963225],[134.604952,33.963166],[134.605004,33.963121],[134.605054,33.963081],[134.605126,33.96303]]]},"properties":{"S_NAME":"立江町字柳ノ内","HCODE":8101}},{"type":"Feature","geometry":{"type":"Polygon","coordinates":[[[134.605126,33.96303],[134.605054,33.963081],[134.605004,33.963121],[134.604952,33.963166],[134.604897,33.963225],[134.604835,33.963308],[134.604796,33.963343],[134.604768,33.963374],[134.604722,33.963388],[134.604396,33.963568],[134.604052,33.963775],[134.603782,33.96392],[134.603636,33.964008],[134.603541,33.96405],[134.60331,33.964147],[134.603247,33.964098],[134.603185,33.964061],[134.603098,33.964009],[134.603,33.963965],[134.602906,33.963929],[134.602685,33.96387],[134.602439,33.963814],[134.602158,33.963757],[134.601912,33.9637],[134.601795,33.963674],[134.601725,33.963657],[134.601625,33.963624],[134.60156,33.963583],[134.601335,33.963442],[134.601154,33.963329],[134.601071,33.963269],[134.600887,33.963135],[134.600819,33.963077],[134.60076,33.963012],[134.600683,33.962914],[134.600647,33.962807],[134.600603,33.962692],[134.600532,33.962581],[134.600358,33.962464],[134.600214,33.962379],[134.600035,33.962198],[134.599799,33.962011],[134.59958,33.961859],[134.599232,33.96166],[134.598941,33.961483],[134.59864,33.961259],[134.598557,33.961167],[134.598613,33.96101],[134.59868,33.960869],[134.599491,33.960005],[134.599728,33.959721],[134.599881,33.959528],[134.599997,33.959384],[134.60018,33.95914],[134.60039,33.958868],[134.600476,33.958741],[134.600549,33.9586],[134.600584,33.958522],[134.600626,33.958456],[134.600726,33.95834],[134.600809,33.958218],[134.600967,33.957919],[134.601078,33.957717],[134.601137,33.957605],[134.601208,33.95747],[134.601255,33.957355],[134.604751,33.957399],[134.604801,33.95741],[134.604807,33.95743],[134.604818,33.957494],[134.604879,33.957536],[134.60493,33.957537],[134.605098,33.957478],[134.609521,33.958484],[134.609691,33.957718],[134.611261,33.956982],[134.611524,33.957005],[134.611661,33.95699],[134.612019,33.95685],[134.612025,33.956862],[134.612092,33.956979],[134.612227,33.95711],[134.612341,33.957172],[134.612475,33.957256],[134.612544,33.957313],[134.612638,33.957386],[134.612696,33.957502],[134.612731,33.957603],[134.612748,33.957707],[134.612772,33.957836],[134.612806,33.957851],[134.612848,33.957842],[134.612912,33.957775],[134.613433,33.957491],[134.613489,33.957727],[134.61352,33.957796],[134.613566,33.957859],[134.61322,33.958026],[134.61296,33.958174],[134.613197,33.958563],[134.613396,33.958482],[134.613501,33.958115],[134.613527,33.958052],[134.613576,33.95801],[134.613636,33.957975],[134.613641,33.958238],[134.613597,33.958774],[134.613566,33.958969],[134.613547,33.959279],[134.613535,33.959381],[134.613483,33.959489],[134.613744,33.959981],[134.613798,33.960008],[134.613863,33.960026],[134.614029,33.96003],[134.614173,33.960015],[134.614207,33.960012],[134.614435,33.960315],[134.61434,33.960367],[134.614048,33.960489],[134.613914,33.960543],[134.613139,33.960854],[134.613278,33.961062],[134.613421,33.961262],[134.613546,33.961494],[134.613614,33.961635],[134.613706,33.961682],[134.613414,33.96183],[134.613289,33.961889],[134.613198,33.961933],[134.612919,33.962045],[134.612529,33.962216],[134.611964,33.962456],[134.61183,33.962221],[134.611757,33.962069],[134.611729,33.961996],[134.611702,33.961924],[134.611644,33.961807],[134.611548,33.961661],[134.611497,33.961592],[134.611433,33.96153],[134.611061,33.961708],[134.610476,33.961979],[134.610266,33.96208],[134.610044,33.962165],[134.609915,33.962208],[134.609768,33.962255],[134.609592,33.962309],[134.609543,33.96234],[134.609515,33.962377],[134.609499,33.962435],[134.609497,33.962492],[134.609458,33.96248],[134.609349,33.962455],[134.609143,33.962422],[134.608757,33.962373],[134.608679,33.962357],[134.608551,33.96234],[134.608403,33.962339],[134.608164,33.962343],[134.607922,33.962363],[134.607825,33.962366],[134.607721,33.962369],[134.60759,33.962404],[134.607444,33.962453],[134.607311,33.962489],[134.607203,33.962524],[134.607067,33.962553],[134.606985,33.962564],[134.606865,33.96257],[134.606778,33.962557],[134.606673,33.962524],[134.606566,33.962486],[134.606533,33.962483],[134.606456,33.96251],[134.606369,33.962539],[134.606277,33.962585],[134.60614,33.962642],[134.605866,33.962727],[134.605618,33.962803],[134.605454,33.962867],[134.605106,33.963008],[134.605126,33.96303]]]},"properties":{"S_NAME":"立江町字豊田","HCODE":8101}},{"type":"Feature","geometry":{"type":"Polygon","coordinates":[[[134.611964,33.962456],[134.611685,33.962587],[134.611399,33.962751],[134.611146,33.962893],[134.610946,33.963008],[134.610763,33.963117],[134.610353,33.963356],[134.610043,33.963546],[134.609811,33.963686],[134.609659,33.963763],[134.609577,33.963806],[134.609548,33.963834],[134.609481,33.963904],[134.609236,33.964159],[134.608985,33.964436],[134.608719,33.964732],[134.608577,33.964859],[134.608537,33.964893],[134.608196,33.965057],[134.607969,33.965162],[134.607708,33.965298],[134.607438,33.96544],[134.607017,33.965658],[134.606676,33.965842],[134.606712,33.965793],[134.606726,33.965743],[134.606766,33.965525],[134.60677,33.965471],[134.606769,33.965407],[134.606791,33.965311],[134.606835,33.965118],[134.606856,33.965031],[134.606838,33.964958],[134.606805,33.964871],[134.60677,33.964805],[134.60667,33.964675],[134.606647,33.964622],[134.606428,33.964369],[134.606155,33.964069],[134.605874,33.963776],[134.605376,33.963264],[134.605126,33.96303],[134.605106,33.963008],[134.605454,33.962867],[134.605618,33.962803],[134.605866,33.962727],[134.60614,33.962642],[134.606277,33.962585],[134.606369,33.962539],[134.606456,33.96251],[134.606533,33.962483],[134.606566,33.962486],[134.606673,33.962524],[134.606778,33.962557],[134.606865,33.96257],[134.606985,33.962564],[134.607067,33.962553],[134.607203,33.962524],[134.607311,33.962489],[134.607444,33.962453],[134.60759,33.962404],[134.607721,33.962369],[134.607825,33.962366],[134.607922,33.962363],[134.608164,33.962343],[134.608403,33.962339],[134.608551,33.96234],[134.608679,33.962357],[134.608757,33.962373],[134.609143,33.962422],[134.609349,33.962455],[134.609458,33.96248],[134.609497,33.962492],[134.609499,33.962435],[134.609515,33.962377],[134.609543,33.96234],[134.609592,33.962309],[134.609768,33.962255],[134.609915,33.962208],[134.610044,33.962165],[134.610266,33.96208],[134.610476,33.961979],[134.611061,33.961708],[134.611433,33.96153],[134.611497,33.961592],[134.611548,33.961661],[134.611644,33.961807],[134.611702,33.961924],[134.611729,33.961996],[134.611757,33.962069],[134.61183,33.962221],[134.611964,33.962456]]]},"properties":{"S_NAME":"立江町字豊田","HCODE":8101}},{"type":"Feature","geometry":{"type":"Polygon","coordinates":[[[134.611965,33.965365],[134.611729,33.965395],[134.611523,33.965438],[134.611354,33.965453],[134.611288,33.965448],[134.611196,33.965439],[134.61102,33.965415],[134.610955,33.96542],[134.610889,33.965432],[134.610817,33.965451],[134.610735,33.965482],[134.610658,33.965523],[134.61056,33.965605],[134.610488,33.965678],[134.610445,33.965755],[134.610381,33.965877],[134.610331,33.965938],[134.610178,33.966081],[134.610093,33.966155],[134.609975,33.966219],[134.60989,33.966248],[134.609779,33.966289],[134.609685,33.966316],[134.609608,33.966319],[134.609499,33.966322],[134.609409,33.966351],[134.609286,33.966399],[134.609179,33.966429],[134.609067,33.966446],[134.608611,33.966484],[134.608384,33.966497],[134.608155,33.966502],[134.608034,33.966503],[134.607925,33.966492],[134.607842,33.966476],[134.607772,33.966467],[134.607728,33.966471],[134.607653,33.966498],[134.607517,33.966561],[134.607266,33.966656],[134.607088,33.966739],[134.606876,33.966835],[134.606705,33.966914],[134.606497,33.967032],[134.606504,33.966966],[134.606491,33.966914],[134.60639,33.966773],[134.606356,33.966723],[134.606345,33.966677],[134.606356,33.966594],[134.606362,33.966526],[134.606383,33.966386],[134.606396,33.966342],[134.606405,33.96632],[134.606455,33.966267],[134.606497,33.966205],[134.606555,33.966121],[134.606612,33.966009],[134.606676,33.965842],[134.607017,33.965658],[134.607438,33.96544],[134.607708,33.965298],[134.607969,33.965162],[134.608196,33.965057],[134.608537,33.964893],[134.608577,33.964859],[134.608719,33.964732],[134.608985,33.964436],[134.609236,33.964159],[134.609481,33.963904],[134.609548,33.963834],[134.609577,33.963806],[134.609659,33.963763],[134.609811,33.963686],[134.610043,33.963546],[134.610353,33.963356],[134.610763,33.963117],[134.610946,33.963008],[134.611146,33.962893],[134.611399,33.962751],[134.611685,33.962587],[134.611964,33.962456],[134.612529,33.962216],[134.612919,33.962045],[134.613198,33.961933],[134.613289,33.961889],[134.613414,33.96183],[134.613706,33.961682],[134.613777,33.96167],[134.613976,33.961606],[134.614177,33.961546],[134.614343,33.96149],[134.614444,33.961457],[134.614519,33.961432],[134.614542,33.961432],[134.614595,33.961431],[134.614692,33.961449],[134.614794,33.961468],[134.614843,33.961469],[134.614909,33.96159],[134.614959,33.961659],[134.614985,33.961727],[134.615063,33.96177],[134.615127,33.961786],[134.615166,33.961814],[134.615136,33.961844],[134.615054,33.96189],[134.614827,33.961988],[134.614645,33.962083],[134.61449,33.962167],[134.614429,33.962232],[134.614603,33.962504],[134.614641,33.962565],[134.614367,33.962706],[134.614234,33.962745],[134.614341,33.96292],[134.614766,33.96362],[134.614898,33.963517],[134.61498,33.963451],[134.615016,33.963422],[134.615109,33.963366],[134.615157,33.963372],[134.615288,33.963497],[134.615301,33.963509],[134.615419,33.963619],[134.615495,33.963694],[134.615556,33.963732],[134.615563,33.963734],[134.616172,33.964017],[134.616241,33.964052],[134.615886,33.964199],[134.615672,33.964288],[134.615512,33.964367],[134.615448,33.964397],[134.615296,33.964411],[134.615116,33.964451],[134.61503,33.964466],[134.614963,33.964494],[134.614842,33.964545],[134.614735,33.964588],[134.614597,33.964649],[134.614485,33.964693],[134.614339,33.964748],[134.614277,33.964756],[134.614152,33.964784],[134.614099,33.964802],[134.61407,33.96482],[134.613993,33.96488],[134.613947,33.964925],[134.613893,33.964944],[134.613758,33.964975],[134.613687,33.964987],[134.613623,33.964997],[134.613533,33.964978],[134.613479,33.964968],[134.613374,33.964964],[134.61326,33.964973],[134.61312,33.965008],[134.612916,33.965051],[134.612822,33.965079],[134.612645,33.965117],[134.612592,33.965137],[134.612533,33.965155],[134.61242,33.965196],[134.61235,33.96523],[134.61226,33.965284],[134.612141,33.965334],[134.612041,33.965349],[134.611965,33.965365]]]},"properties":{"S_NAME":"立江町字北田頭","HCODE":8101}},{"type":"Feature","geometry":{"type":"Polygon","coordinates":[[[134.607255,33.970442],[134.607001,33.970413],[134.606819,33.970407],[134.606721,33.970418],[134.606635,33.970435],[134.606568,33.970451],[134.606508,33.97046],[134.60645,33.970455],[134.606386,33.970429],[134.606334,33.970387],[134.606141,33.970445],[134.606009,33.970479],[134.605857,33.970549],[134.605633,33.970628],[134.605554,33.970538],[134.605559,33.970506],[134.605542,33.970404],[134.605497,33.970295],[134.605435,33.970183],[134.605407,33.970116],[134.605401,33.970048],[134.605419,33.969986],[134.605453,33.969857],[134.605455,33.969774],[134.605441,33.969731],[134.605396,33.969648],[134.605344,33.969543],[134.605313,33.969482],[134.605233,33.969322],[134.605176,33.969217],[134.60512,33.969112],[134.605095,33.969039],[134.605099,33.969013],[134.605149,33.968942],[134.605178,33.968897],[134.605182,33.968869],[134.605172,33.968822],[134.605146,33.968706],[134.605125,33.968576],[134.605129,33.968434],[134.605148,33.968272],[134.605174,33.968144],[134.605204,33.968075],[134.605234,33.96805],[134.605292,33.968013],[134.605326,33.967999],[134.605348,33.968068],[134.605382,33.968128],[134.605452,33.968206],[134.605515,33.968275],[134.605627,33.968409],[134.606283,33.969122],[134.606851,33.969784],[134.607067,33.970076],[134.607167,33.970255],[134.607255,33.970442]]]},"properties":{"S_NAME":"立江町字東金岡","HCODE":8101}},{"type":"Feature","geometry":{"type":"Polygon","coordinates":[[[134.611261,33.956982],[134.609691,33.957718],[134.609521,33.958484],[134.605098,33.957478],[134.60493,33.957537],[134.604879,33.957536],[134.604818,33.957494],[134.604807,33.95743],[134.604801,33.95741],[134.604751,33.957399],[134.601255,33.957355],[134.601208,33.95747],[134.601137,33.957605],[134.601078,33.957717],[134.600967,33.957919],[134.600809,33.958218],[134.600726,33.95834],[134.600626,33.958456],[134.600584,33.958522],[134.600549,33.9586],[134.600476,33.958741],[134.60039,33.958868],[134.60018,33.95914],[134.599997,33.959384],[134.599881,33.959528],[134.599728,33.959721],[134.599491,33.960005],[134.59868,33.960869],[134.598812,33.95403],[134.598731,33.952478],[134.598191,33.950957],[134.598283,33.950904],[134.598386,33.950874],[134.598503,33.950862],[134.598593,33.950865],[134.598662,33.950872],[134.598719,33.9509],[134.598767,33.950939],[134.598813,33.950867],[134.598873,33.950827],[134.598982,33.950778],[134.599132,33.950744],[134.599253,33.950761],[134.59934,33.950796],[134.599474,33.95082],[134.599571,33.950814],[134.599945,33.950663],[134.60009,33.950572],[134.600248,33.95047],[134.600304,33.950444],[134.600352,33.950473],[134.600423,33.950609],[134.600502,33.95077],[134.600599,33.950898],[134.600674,33.950977],[134.600799,33.951008],[134.600872,33.951011],[134.600962,33.951073],[134.60102,33.951114],[134.601133,33.951138],[134.601196,33.951193],[134.601248,33.951211],[134.60126,33.951273],[134.601322,33.951402],[134.60137,33.951467],[134.601433,33.951507],[134.601531,33.95153],[134.601608,33.951522],[134.601729,33.951485],[134.60181,33.951445],[134.601943,33.951397],[134.602098,33.951334],[134.602201,33.951308],[134.602348,33.951318],[134.602447,33.951338],[134.602495,33.951338],[134.602538,33.95132],[134.602758,33.951154],[134.602869,33.951074],[134.60298,33.951012],[134.603092,33.950971],[134.603122,33.950978],[134.603153,33.95101],[134.603172,33.951129],[134.603271,33.951807],[134.603295,33.951883],[134.603338,33.951915],[134.603381,33.951926],[134.603516,33.951946],[134.603658,33.95193],[134.603731,33.95189],[134.603899,33.951768],[134.608479,33.949961],[134.608684,33.949997],[134.60892,33.950058],[134.609064,33.950063],[134.609185,33.950049],[134.609343,33.950059],[134.609385,33.950112],[134.609453,33.950127],[134.60953,33.950136],[134.60959,33.950142],[134.6097,33.950163],[134.609837,33.950216],[134.609909,33.950221],[134.610003,33.950186],[134.610146,33.950118],[134.610241,33.950101],[134.610332,33.950101],[134.610446,33.950125],[134.610613,33.95013],[134.610734,33.950141],[134.610879,33.950197],[134.611019,33.950255],[134.611168,33.950355],[134.611304,33.950475],[134.611392,33.950512],[134.611598,33.950596],[134.611731,33.950661],[134.611854,33.950748],[134.612043,33.950928],[134.612175,33.951125],[134.612207,33.951248],[134.612242,33.951457],[134.612317,33.951641],[134.612336,33.951687],[134.612325,33.951741],[134.612285,33.95187],[134.612169,33.952135],[134.612056,33.952455],[134.611971,33.952597],[134.611882,33.952769],[134.611832,33.95305],[134.611767,33.953221],[134.611702,33.953337],[134.611501,33.9538],[134.611492,33.953821],[134.611451,33.954013],[134.611409,33.954109],[134.611329,33.95426],[134.611243,33.954583],[134.611158,33.954894],[134.61119,33.955061],[134.611238,33.955222],[134.611289,33.955372],[134.611369,33.955563],[134.611383,33.95578],[134.611457,33.955893],[134.611501,33.956147],[134.611514,33.956224],[134.611535,33.956382],[134.611532,33.956451],[134.611456,33.95657],[134.611352,33.956729],[134.611261,33.956982]]]},"properties":{"S_NAME":"立江町字南山","HCODE":8101}},{"type":"Feature","geometry":{"type":"Polygon","coordinates":[[[134.606497,33.967032],[134.60622,33.96721],[134.606051,33.96731],[134.605931,33.967379],[134.605812,33.967433],[134.605716,33.967464],[134.605646,33.967476],[134.605578,33.967478],[134.605463,33.967767],[134.604317,33.967405],[134.604006,33.967318],[134.603973,33.967309],[134.603971,33.967262],[134.603984,33.967218],[134.604043,33.967195],[134.604114,33.967161],[134.60422,33.967112],[134.604413,33.967011],[134.604645,33.966889],[134.60485,33.966778],[134.605078,33.966661],[134.605332,33.966528],[134.605679,33.966339],[134.606676,33.965842],[134.606612,33.966009],[134.606555,33.966121],[134.606497,33.966205],[134.606455,33.966267],[134.606405,33.96632],[134.606396,33.966342],[134.606383,33.966386],[134.606362,33.966526],[134.606356,33.966594],[134.606345,33.966677],[134.606356,33.966723],[134.60639,33.966773],[134.606491,33.966914],[134.606504,33.966966],[134.606497,33.967032]]]},"properties":{"S_NAME":"立江町字万代","HCODE":8101}},{"type":"Feature","geometry":{"type":"Polygon","coordinates":[[[134.611965,33.965365],[134.611964,33.965564],[134.611993,33.965711],[134.612036,33.965867],[134.612314,33.966152],[134.61265,33.966476],[134.612578,33.966506],[134.612523,33.966536],[134.612439,33.966574],[134.612371,33.966619],[134.612329,33.966664],[134.612281,33.966726],[134.612234,33.966797],[134.612206,33.966839],[134.612165,33.96688],[134.612133,33.966905],[134.612096,33.966923],[134.611886,33.967065],[134.611791,33.96713],[134.611695,33.967197],[134.611562,33.967304],[134.611488,33.967374],[134.611343,33.967481],[134.611192,33.967651],[134.611063,33.967823],[134.611018,33.967888],[134.610962,33.967972],[134.610938,33.968018],[134.610886,33.968096],[134.61144,33.968425],[134.612067,33.96763],[134.612092,33.967594],[134.612311,33.967698],[134.612463,33.967813],[134.612532,33.967914],[134.612414,33.968224],[134.612348,33.968331],[134.612225,33.968429],[134.612047,33.968551],[134.611763,33.968746],[134.61129,33.969071],[134.610996,33.969273],[134.611234,33.969767],[134.611268,33.969849],[134.611295,33.969919],[134.611307,33.969969],[134.611297,33.969997],[134.611252,33.970072],[134.611232,33.970098],[134.610421,33.970783],[134.610266,33.970531],[134.610262,33.970511],[134.610224,33.970311],[134.610152,33.969871],[134.610143,33.969844],[134.610118,33.969838],[134.609715,33.969825],[134.609644,33.969823],[134.609572,33.969805],[134.609483,33.969771],[134.609305,33.969687],[134.60923,33.969644],[134.60913,33.969557],[134.609086,33.969515],[134.609038,33.969465],[134.60899,33.969432],[134.608958,33.969423],[134.608923,33.969432],[134.608807,33.969515],[134.608775,33.969529],[134.608739,33.96953],[134.608694,33.96951],[134.607763,33.968608],[134.606497,33.967032],[134.606705,33.966914],[134.606876,33.966835],[134.607088,33.966739],[134.607266,33.966656],[134.607517,33.966561],[134.607653,33.966498],[134.607728,33.966471],[134.607772,33.966467],[134.607842,33.966476],[134.607925,33.966492],[134.608034,33.966503],[134.608155,33.966502],[134.608384,33.966497],[134.608611,33.966484],[134.609067,33.966446],[134.609179,33.966429],[134.609286,33.966399],[134.609409,33.966351],[134.609499,33.966322],[134.609608,33.966319],[134.609685,33.966316],[134.609779,33.966289],[134.60989,33.966248],[134.609975,33.966219],[134.610093,33.966155],[134.610178,33.966081],[134.610331,33.965938],[134.610381,33.965877],[134.610445,33.965755],[134.610488,33.965678],[134.61056,33.965605],[134.610658,33.965523],[134.610735,33.965482],[134.610817,33.965451],[134.610889,33.965432],[134.610955,33.96542],[134.61102,33.965415],[134.611196,33.965439],[134.611288,33.965448],[134.611354,33.965453],[134.611523,33.965438],[134.611729,33.965395],[134.611965,33.965365]]]},"properties":{"S_NAME":"立江町字南田頭","HCODE":8101}},{"type":"Feature","geometry":{"type":"Polygon","coordinates":[[[134.591811,33.957733],[134.591762,33.957833],[134.591658,33.958074],[134.591665,33.958092],[134.591675,33.958103],[134.591843,33.958179],[134.591863,33.958193],[134.591865,33.958206],[134.591866,33.958228],[134.591862,33.958243],[134.591844,33.958261],[134.591817,33.958269],[134.591793,33.958273],[134.591765,33.958271],[134.591728,33.958272],[134.5917,33.958279],[134.591672,33.958294],[134.591658,33.958308],[134.591638,33.958337],[134.591478,33.958811],[134.591487,33.958856],[134.591489,33.958909],[134.591482,33.958954],[134.591454,33.958992],[134.591393,33.959016],[134.591313,33.959037],[134.591229,33.959036],[134.590716,33.959805],[134.590691,33.959883],[134.590677,33.959936],[134.59066,33.960002],[134.590651,33.960075],[134.590647,33.960148],[134.590642,33.96028],[134.590642,33.960434],[134.590633,33.960662],[134.59062,33.960807],[134.590967,33.960842],[134.591016,33.960844],[134.591052,33.960843],[134.591113,33.960828],[134.59121,33.960793],[134.591333,33.960758],[134.591441,33.960811],[134.591498,33.960831],[134.591557,33.960851],[134.591657,33.960877],[134.591747,33.960913],[134.591808,33.960943],[134.591868,33.960983],[134.591909,33.96102],[134.591933,33.96105],[134.59195,33.961092],[134.591955,33.961128],[134.591972,33.961195],[134.591984,33.961259],[134.592015,33.961299],[134.592118,33.961481],[134.592175,33.961513],[134.592242,33.961547],[134.592303,33.961587],[134.592351,33.961636],[134.592419,33.961711],[134.592519,33.961814],[134.592612,33.961916],[134.59269,33.96203],[134.592881,33.962284],[134.593001,33.962307],[134.593105,33.962319],[134.593198,33.962319],[134.593356,33.962295],[134.593394,33.962354],[134.593435,33.962406],[134.593486,33.962455],[134.593554,33.9625],[134.593624,33.962532],[134.593669,33.962553],[134.59373,33.962582],[134.593763,33.962602],[134.593859,33.962474],[134.593889,33.962445],[134.593921,33.962421],[134.593969,33.9624],[134.594048,33.962366],[134.594122,33.962337],[134.594155,33.96233],[134.594281,33.962339],[134.594336,33.962341],[134.594403,33.962349],[134.594451,33.962342],[134.59452,33.962333],[134.594561,33.962331],[134.594589,33.962341],[134.594622,33.962366],[134.594675,33.962403],[134.594732,33.962446],[134.594794,33.962488],[134.594839,33.962509],[134.59489,33.962533],[134.594933,33.962549],[134.595035,33.96257],[134.595076,33.962572],[134.595153,33.96257],[134.595247,33.962562],[134.59531,33.962561],[134.595374,33.962574],[134.595455,33.962592],[134.595498,33.962589],[134.595575,33.962575],[134.59571,33.962548],[134.595786,33.962541],[134.59599,33.962537],[134.596107,33.962526],[134.59621,33.962518],[134.596303,33.962521],[134.596422,33.962533],[134.596482,33.96252],[134.596584,33.962559],[134.596831,33.962643],[134.596896,33.962708],[134.596949,33.962746],[134.597021,33.962781],[134.597104,33.962802],[134.597218,33.962823],[134.597328,33.962827],[134.597393,33.962826],[134.597437,33.962816],[134.597488,33.962785],[134.597518,33.962773],[134.597558,33.962766],[134.597594,33.962766],[134.597631,33.962774],[134.597661,33.962796],[134.597692,33.962833],[134.597723,33.962883],[134.597764,33.962935],[134.597542,33.963823],[134.596956,33.964965],[134.596498,33.966035],[134.596148,33.966775],[134.589738,33.965089],[134.58839,33.96082],[134.589217,33.959419],[134.589314,33.959267],[134.589357,33.959232],[134.589448,33.959185],[134.589507,33.959167],[134.589574,33.959158],[134.589653,33.959144],[134.589729,33.959127],[134.589814,33.959103],[134.589892,33.959077],[134.589957,33.95904],[134.590003,33.959003],[134.590031,33.958695],[134.590049,33.958544],[134.590101,33.958376],[134.590156,33.958158],[134.590173,33.957997],[134.5902,33.957911],[134.590277,33.957786],[134.590366,33.957638],[134.590415,33.957519],[134.590422,33.957441],[134.590398,33.957362],[134.59045,33.957269],[134.590646,33.956962],[134.590785,33.957022],[134.590942,33.957099],[134.591057,33.957147],[134.591137,33.957188],[134.59122,33.957252],[134.591374,33.957356],[134.591754,33.957694],[134.591811,33.957733]]]},"properties":{"S_NAME":"櫛渕町字小松","HCODE":8101}},{"type":"Feature","geometry":{"type":"Polygon","coordinates":[[[134.597764,33.962935],[134.597723,33.962883],[134.597692,33.962833],[134.597661,33.962796],[134.597631,33.962774],[134.597594,33.962766],[134.597558,33.962766],[134.597518,33.962773],[134.597488,33.962785],[134.597437,33.962816],[134.597393,33.962826],[134.597328,33.962827],[134.597218,33.962823],[134.597104,33.962802],[134.597021,33.962781],[134.596949,33.962746],[134.596896,33.962708],[134.596831,33.962643],[134.596584,33.962559],[134.596482,33.96252],[134.596422,33.962533],[134.596303,33.962521],[134.59621,33.962518],[134.596107,33.962526],[134.59599,33.962537],[134.595786,33.962541],[134.59571,33.962548],[134.595575,33.962575],[134.595498,33.962589],[134.595455,33.962592],[134.595374,33.962574],[134.59531,33.962561],[134.595247,33.962562],[134.595153,33.96257],[134.595076,33.962572],[134.595035,33.96257],[134.594933,33.962549],[134.59489,33.962533],[134.594839,33.962509],[134.594794,33.962488],[134.594732,33.962446],[134.594675,33.962403],[134.594622,33.962366],[134.594589,33.962341],[134.594561,33.962331],[134.59452,33.962333],[134.594451,33.962342],[134.594403,33.962349],[134.594336,33.962341],[134.594281,33.962339],[134.594155,33.96233],[134.594122,33.962337],[134.594048,33.962366],[134.593969,33.9624],[134.593921,33.962421],[134.593889,33.962445],[134.593859,33.962474],[134.593763,33.962602],[134.59373,33.962582],[134.593669,33.962553],[134.593624,33.962532],[134.593554,33.9625],[134.593486,33.962455],[134.593435,33.962406],[134.593394,33.962354],[134.593356,33.962295],[134.593198,33.962319],[134.593105,33.962319],[134.593001,33.962307],[134.592881,33.962284],[134.59269,33.96203],[134.592612,33.961916],[134.592519,33.961814],[134.592419,33.961711],[134.592351,33.961636],[134.592303,33.961587],[134.592242,33.961547],[134.592175,33.961513],[134.592118,33.961481],[134.592015,33.961299],[134.591984,33.961259],[134.591972,33.961195],[134.591955,33.961128],[134.59195,33.961092],[134.591933,33.96105],[134.591909,33.96102],[134.591868,33.960983],[134.591808,33.960943],[134.591747,33.960913],[134.591657,33.960877],[134.591557,33.960851],[134.591498,33.960831],[134.591441,33.960811],[134.591333,33.960758],[134.59121,33.960793],[134.591113,33.960828],[134.591052,33.960843],[134.591016,33.960844],[134.590967,33.960842],[134.59062,33.960807],[134.590633,33.960662],[134.590642,33.960434],[134.590642,33.96028],[134.590647,33.960148],[134.590651,33.960075],[134.59066,33.960002],[134.590677,33.959936],[134.590691,33.959883],[134.590716,33.959805],[134.591229,33.959036],[134.591313,33.959037],[134.591393,33.959016],[134.591454,33.958992],[134.591482,33.958954],[134.591489,33.958909],[134.591487,33.958856],[134.591478,33.958811],[134.591638,33.958337],[134.591658,33.958308],[134.591672,33.958294],[134.5917,33.958279],[134.591728,33.958272],[134.591765,33.958271],[134.591793,33.958273],[134.591817,33.958269],[134.591844,33.958261],[134.591862,33.958243],[134.591866,33.958228],[134.591865,33.958206],[134.591863,33.958193],[134.591843,33.958179],[134.591675,33.958103],[134.591665,33.958092],[134.591658,33.958074],[134.591762,33.957833],[134.591811,33.957733],[134.591993,33.957854],[134.592098,33.957911],[134.592276,33.957999],[134.592553,33.958104],[134.592779,33.958206],[134.593083,33.958365],[134.593162,33.958411],[134.593349,33.958404],[134.593483,33.958407],[134.593615,33.958415],[134.5938,33.95842],[134.594008,33.958451],[134.594375,33.958519],[134.594748,33.958599],[134.594934,33.958669],[134.595071,33.958727],[134.595311,33.958915],[134.595511,33.959086],[134.595732,33.959276],[134.59584,33.959351],[134.595904,33.959463],[134.595932,33.959553],[134.595943,33.959787],[134.595962,33.95993],[134.595968,33.96006],[134.596026,33.960221],[134.596088,33.960339],[134.596159,33.960453],[134.59622,33.960539],[134.596278,33.960625],[134.596339,33.960682],[134.59643,33.960702],[134.596546,33.960712],[134.596756,33.960719],[134.597008,33.960719],[134.597142,33.960736],[134.597302,33.960738],[134.597445,33.960762],[134.59767,33.960839],[134.597857,33.96093],[134.598026,33.96104],[134.598139,33.961104],[134.598217,33.961128],[134.597764,33.962935]]]},"properties":{"S_NAME":"櫛渕町字油免","HCODE":8101}},{"type":"Feature","geometry":{"type":"Polygon","coordinates":[[[134.590646,33.956962],[134.59045,33.957269],[134.590398,33.957362],[134.590422,33.957441],[134.590415,33.957519],[134.590366,33.957638],[134.590277,33.957786],[134.5902,33.957911],[134.590173,33.957997],[134.590156,33.958158],[134.590101,33.958376],[134.590049,33.958544],[134.590031,33.958695],[134.590003,33.959003],[134.589957,33.95904],[134.589892,33.959077],[134.589814,33.959103],[134.589729,33.959127],[134.589653,33.959144],[134.589574,33.959158],[134.589507,33.959167],[134.589448,33.959185],[134.589357,33.959232],[134.589314,33.959267],[134.589217,33.959419],[134.58839,33.96082],[134.589738,33.965089],[134.583367,33.963949],[134.583799,33.960623],[134.584746,33.96068],[134.586386,33.959015],[134.586385,33.958692],[134.586364,33.958422],[134.586332,33.958103],[134.58626,33.957751],[134.586649,33.957587],[134.587045,33.957376],[134.587544,33.95711],[134.587633,33.957038],[134.587819,33.956888],[134.587923,33.956825],[134.587969,33.956787],[134.588013,33.956756],[134.588071,33.956724],[134.58814,33.956703],[134.588215,33.956676],[134.588295,33.956647],[134.588387,33.956605],[134.588477,33.956562],[134.588514,33.956538],[134.58854,33.95652],[134.588423,33.956252],[134.588395,33.956176],[134.588384,33.956116],[134.588383,33.956062],[134.588413,33.95601],[134.588665,33.956083],[134.588882,33.956142],[134.589498,33.956392],[134.589802,33.956536],[134.589932,33.956611],[134.590065,33.956694],[134.590646,33.956962]]]},"properties":{"S_NAME":"櫛渕町字久友","HCODE":8101}},{"type":"Feature","geometry":{"type":"Polygon","coordinates":[[[134.588413,33.95601],[134.588383,33.956062],[134.588384,33.956116],[134.588395,33.956176],[134.588423,33.956252],[134.58854,33.95652],[134.588514,33.956538],[134.588477,33.956562],[134.588387,33.956605],[134.588295,33.956647],[134.588215,33.956676],[134.58814,33.956703],[134.588071,33.956724],[134.588013,33.956756],[134.587969,33.956787],[134.587923,33.956825],[134.587819,33.956888],[134.587633,33.957038],[134.587544,33.95711],[134.587045,33.957376],[134.586649,33.957587],[134.58626,33.957751],[134.586332,33.958103],[134.586364,33.958422],[134.586385,33.958692],[134.586386,33.959015],[134.584746,33.96068],[134.583799,33.960623],[134.583367,33.963949],[134.57901,33.963639],[134.579532,33.962943],[134.579616,33.962895],[134.579729,33.962787],[134.579764,33.962719],[134.579803,33.96269],[134.579854,33.962598],[134.579955,33.962395],[134.580246,33.962006],[134.580371,33.961826],[134.580519,33.961588],[134.580629,33.961348],[134.580708,33.961135],[134.580763,33.960932],[134.580821,33.960643],[134.581217,33.95967],[134.581312,33.959354],[134.581401,33.958817],[134.581503,33.958497],[134.581592,33.958158],[134.581652,33.957807],[134.581687,33.957565],[134.581725,33.957355],[134.58175,33.95731],[134.581802,33.957237],[134.581867,33.957144],[134.581904,33.957085],[134.581939,33.956977],[134.582778,33.955394],[134.58282,33.955376],[134.582852,33.955364],[134.582913,33.955353],[134.58298,33.955358],[134.58305,33.955368],[134.583099,33.955369],[134.583147,33.955362],[134.583203,33.955347],[134.583254,33.955329],[134.583318,33.955307],[134.583422,33.955279],[134.583521,33.955257],[134.583736,33.955221],[134.584156,33.955159],[134.584286,33.955153],[134.584399,33.955163],[134.584557,33.955173],[134.584648,33.955182],[134.584743,33.955052],[134.5848,33.95499],[134.584868,33.954939],[134.584945,33.954883],[134.585046,33.954828],[134.584901,33.954429],[134.585088,33.954542],[134.586199,33.955053],[134.586757,33.955318],[134.587021,33.95544],[134.587187,33.955548],[134.587545,33.955706],[134.587718,33.955777],[134.587895,33.955855],[134.588065,33.955914],[134.588413,33.95601]]]},"properties":{"S_NAME":"櫛渕町字藤ケ崎","HCODE":8101}},{"type":"Feature","geometry":{"type":"Polygon","coordinates":[[[134.584901,33.954429],[134.585046,33.954828],[134.584945,33.954883],[134.584868,33.954939],[134.5848,33.95499],[134.584743,33.955052],[134.584648,33.955182],[134.584557,33.955173],[134.584399,33.955163],[134.584286,33.955153],[134.584156,33.955159],[134.583736,33.955221],[134.583521,33.955257],[134.583422,33.955279],[134.583318,33.955307],[134.583254,33.955329],[134.583203,33.955347],[134.583147,33.955362],[134.583099,33.955369],[134.58305,33.955368],[134.58298,33.955358],[134.582913,33.955353],[134.582852,33.955364],[134.58282,33.955376],[134.582778,33.955394],[134.581939,33.956977],[134.581904,33.957085],[134.581867,33.957144],[134.581802,33.957237],[134.58175,33.95731],[134.581725,33.957355],[134.581687,33.957565],[134.581652,33.957807],[134.581592,33.958158],[134.581503,33.958497],[134.581401,33.958817],[134.581312,33.959354],[134.581217,33.95967],[134.580821,33.960643],[134.580763,33.960932],[134.580708,33.961135],[134.580629,33.961348],[134.580519,33.961588],[134.580371,33.961826],[134.580246,33.962006],[134.579955,33.962395],[134.579854,33.962598],[134.579803,33.96269],[134.579764,33.962719],[134.579729,33.962787],[134.579616,33.962895],[134.579532,33.962943],[134.57901,33.963639],[134.579644,33.958888],[134.576719,33.958713],[134.5767,33.958669],[134.5767,33.958627],[134.576707,33.958572],[134.576712,33.958503],[134.576714,33.958429],[134.57671,33.958354],[134.576709,33.958266],[134.576708,33.958181],[134.576718,33.95813],[134.576731,33.958087],[134.576739,33.958041],[134.576766,33.957978],[134.576804,33.957916],[134.576815,33.957886],[134.576841,33.957805],[134.57685,33.957712],[134.576835,33.957636],[134.576815,33.957572],[134.576769,33.957494],[134.576719,33.957428],[134.57665,33.95732],[134.576624,33.957258],[134.576613,33.957198],[134.576595,33.957131],[134.576613,33.956805],[134.576679,33.956344],[134.576773,33.955907],[134.576931,33.955349],[134.577207,33.954682],[134.577332,33.954511],[134.577386,33.954437],[134.577532,33.954174],[134.577629,33.953952],[134.577709,33.953804],[134.577744,33.953753],[134.57782,33.95364],[134.577957,33.953765],[134.57802,33.953837],[134.578053,33.95387],[134.578104,33.953909],[134.578244,33.953971],[134.578322,33.953989],[134.578412,33.954001],[134.578542,33.95402],[134.578605,33.954042],[134.578787,33.9541],[134.578836,33.954113],[134.578987,33.95414],[134.579137,33.954172],[134.579168,33.954202],[134.579201,33.954301],[134.57923,33.954354],[134.579297,33.954398],[134.579499,33.954509],[134.579693,33.954573],[134.580135,33.954513],[134.580249,33.954449],[134.580304,33.954368],[134.584901,33.954429]]]},"properties":{"S_NAME":"櫛渕町字北佃","HCODE":8101}},{"type":"Feature","geometry":{"type":"Polygon","coordinates":[[[134.576719,33.958713],[134.573926,33.958728],[134.571886,33.960305],[134.56923,33.959553],[134.572395,33.955309],[134.572523,33.954345],[134.572631,33.954151],[134.572718,33.954063],[134.574018,33.951888],[134.577145,33.951306],[134.577334,33.951451],[134.577273,33.951153],[134.577253,33.951025],[134.577228,33.95081],[134.578179,33.951651],[134.578726,33.95211],[134.578798,33.952149],[134.578892,33.952178],[134.578961,33.952187],[134.578834,33.952565],[134.578813,33.952614],[134.578779,33.952658],[134.578716,33.952715],[134.57867,33.952757],[134.578582,33.952827],[134.578539,33.952864],[134.578436,33.952988],[134.578343,33.953076],[134.578085,33.953314],[134.577843,33.953552],[134.577829,33.953572],[134.577819,33.953602],[134.57782,33.95364],[134.577744,33.953753],[134.577709,33.953804],[134.577629,33.953952],[134.577532,33.954174],[134.577386,33.954437],[134.577332,33.954511],[134.577207,33.954682],[134.576931,33.955349],[134.576773,33.955907],[134.576679,33.956344],[134.576613,33.956805],[134.576595,33.957131],[134.576613,33.957198],[134.576624,33.957258],[134.57665,33.95732],[134.576719,33.957428],[134.576769,33.957494],[134.576815,33.957572],[134.576835,33.957636],[134.57685,33.957712],[134.576841,33.957805],[134.576815,33.957886],[134.576804,33.957916],[134.576766,33.957978],[134.576739,33.958041],[134.576731,33.958087],[134.576718,33.95813],[134.576708,33.958181],[134.576709,33.958266],[134.57671,33.958354],[134.576714,33.958429],[134.576712,33.958503],[134.576707,33.958572],[134.5767,33.958627],[134.5767,33.958669],[134.576719,33.958713]]]},"properties":{"S_NAME":"櫛渕町字中田","HCODE":8101}},{"type":"Feature","geometry":{"type":"Polygon","coordinates":[[[134.574018,33.951888],[134.570166,33.952605],[134.570035,33.952379],[134.569918,33.952178],[134.569779,33.951939],[134.569648,33.951732],[134.569555,33.9516],[134.569516,33.9515],[134.569503,33.951358],[134.569473,33.951191],[134.569462,33.951131],[134.569415,33.950973],[134.569383,33.950885],[134.569275,33.950697],[134.569151,33.950496],[134.569035,33.950314],[134.568958,33.950207],[134.568927,33.950138],[134.568912,33.949908],[134.568941,33.949756],[134.568978,33.949661],[134.569074,33.949522],[134.569049,33.949314],[134.569053,33.94903],[134.569057,33.948796],[134.569063,33.948626],[134.569129,33.948448],[134.569202,33.948221],[134.569291,33.948068],[134.569365,33.947929],[134.569394,33.947853],[134.569443,33.947805],[134.5695,33.947766],[134.569586,33.947753],[134.569608,33.94769],[134.569608,33.947403],[134.5696,33.947034],[134.569623,33.946778],[134.569666,33.946576],[134.569668,33.946409],[134.569573,33.946113],[134.56945,33.945956],[134.569396,33.945874],[134.569387,33.945854],[134.569364,33.945799],[134.569378,33.945691],[134.569414,33.945552],[134.569481,33.9454],[134.569554,33.945248],[134.569655,33.945093],[134.569895,33.94492],[134.569579,33.9445],[134.569441,33.944375],[134.569212,33.944194],[134.569044,33.94412],[134.568914,33.94402],[134.568837,33.943945],[134.568786,33.943803],[134.568631,33.943477],[134.568415,33.943163],[134.568275,33.942918],[134.568114,33.942793],[134.56771,33.942576],[134.567611,33.942513],[134.567527,33.942426],[134.567404,33.942307],[134.567221,33.942189],[134.567098,33.94212],[134.566939,33.942059],[134.566748,33.941934],[134.566549,33.941841],[134.56645,33.941766],[134.566328,33.941729],[134.566207,33.941705],[134.566055,33.941687],[134.565934,33.941682],[134.565851,33.941702],[134.565768,33.941747],[134.565663,33.941811],[134.565573,33.941875],[134.56549,33.941919],[134.565403,33.941942],[134.565312,33.941968],[134.565237,33.941956],[134.565145,33.941919],[134.565056,33.941871],[134.564992,33.941807],[134.564916,33.941732],[134.5648,33.94169],[134.564657,33.941684],[134.564514,33.941704],[134.564423,33.941717],[134.564332,33.941718],[134.564277,33.94172],[134.564224,33.941705],[134.564148,33.941668],[134.564079,33.941633],[134.564018,33.941609],[134.563886,33.941613],[134.563774,33.941628],[134.563638,33.941623],[134.563524,33.941624],[134.563321,33.941436],[134.563191,33.941346],[134.562917,33.941235],[134.562668,33.941122],[134.562293,33.940998],[134.562188,33.940965],[134.562029,33.940916],[134.56177,33.940855],[134.561668,33.94084],[134.561603,33.940815],[134.56158,33.940771],[134.561541,33.940677],[134.56151,33.940595],[134.561361,33.940406],[134.561258,33.94029],[134.56112,33.940165],[134.561016,33.94009],[134.56083,33.939978],[134.560723,33.939931],[134.560498,33.939845],[134.560568,33.939646],[134.560598,33.93955],[134.56062,33.939488],[134.560649,33.939437],[134.560707,33.939383],[134.560803,33.939322],[134.560866,33.939305],[134.560926,33.939296],[134.561015,33.939294],[134.561093,33.939285],[134.561189,33.939273],[134.561249,33.939256],[134.561306,33.939241],[134.561378,33.939212],[134.561442,33.939178],[134.56146,33.939161],[134.561515,33.939143],[134.561542,33.939136],[134.5617,33.939137],[134.562111,33.939164],[134.562327,33.939171],[134.562529,33.939157],[134.562669,33.939138],[134.562763,33.939118],[134.562938,33.939063],[134.563164,33.938947],[134.563275,33.938893],[134.563466,33.938855],[134.563998,33.938805],[134.564331,33.938769],[134.564543,33.938733],[134.564581,33.938727],[134.564646,33.938696],[134.564694,33.938655],[134.564761,33.938556],[134.564793,33.938499],[134.564826,33.938466],[134.564896,33.938405],[134.564987,33.938312],[134.56517,33.938086],[134.565183,33.938065],[134.565204,33.938067],[134.565238,33.938087],[134.56529,33.938142],[134.565358,33.938266],[134.565445,33.938396],[134.565495,33.938468],[134.56556,33.938531],[134.565601,33.938572],[134.565723,33.938609],[134.565825,33.938624],[134.566106,33.93865],[134.56619,33.938662],[134.56645,33.938708],[134.56684,33.93877],[134.566939,33.938788],[134.567346,33.938882],[134.567528,33.938937],[134.567638,33.938977],[134.56779,33.939001],[134.567995,33.939009],[134.568037,33.939062],[134.568149,33.939235],[134.568238,33.939335],[134.568356,33.93941],[134.568547,33.939553],[134.569,33.939898],[134.569184,33.940054],[134.569286,33.940181],[134.569363,33.940297],[134.569471,33.940394],[134.569619,33.940484],[134.569824,33.940648],[134.569921,33.940799],[134.570079,33.941003],[134.570209,33.941125],[134.570346,33.941193],[134.570506,33.941226],[134.570862,33.941283],[134.570999,33.94132],[134.571194,33.941432],[134.57139,33.941526],[134.57166,33.941606],[134.571945,33.94166],[134.57222,33.941726],[134.57241,33.941793],[134.572564,33.941873],[134.572601,33.941893],[134.572762,33.942068],[134.57278,33.942276],[134.572783,33.942466],[134.572875,33.942578],[134.572998,33.942697],[134.573165,33.942778],[134.57337,33.942814],[134.573552,33.942787],[134.573786,33.942773],[134.573961,33.942828],[134.574122,33.94294],[134.574307,33.943166],[134.574482,33.943284],[134.574719,33.943402],[134.575,33.943513],[134.575297,33.943611],[134.575711,33.943709],[134.575717,33.94371],[134.57574,33.943723],[134.575736,33.943757],[134.575695,33.943786],[134.575556,33.943841],[134.575384,33.943933],[134.575298,33.943996],[134.575261,33.944057],[134.575205,33.944127],[134.575172,33.94419],[134.575087,33.944233],[134.575019,33.944256],[134.574955,33.944256],[134.574868,33.944276],[134.574823,33.944302],[134.57471,33.944394],[134.574594,33.944474],[134.574541,33.944522],[134.574519,33.94456],[134.574531,33.944576],[134.574565,33.944598],[134.574618,33.94461],[134.574721,33.944634],[134.574915,33.94473],[134.575071,33.944789],[134.575227,33.944816],[134.575349,33.94485],[134.575482,33.944893],[134.575619,33.944929],[134.575717,33.944954],[134.575831,33.944962],[134.575968,33.944958],[134.576058,33.944954],[134.576111,33.944944],[134.576121,33.944856],[134.576128,33.944796],[134.576131,33.944729],[134.576161,33.944675],[134.577941,33.945109],[134.5781,33.945045],[134.578506,33.944996],[134.578679,33.945018],[134.578934,33.945042],[134.579097,33.945061],[134.579251,33.945075],[134.579451,33.945113],[134.579735,33.945168],[134.579971,33.945191],[134.580175,33.945208],[134.580524,33.945212],[134.580736,33.945223],[134.580906,33.945222],[134.580234,33.946531],[134.578949,33.949035],[134.579067,33.949557],[134.5791,33.949721],[134.579104,33.949813],[134.579012,33.950066],[134.578929,33.950044],[134.578799,33.95002],[134.578674,33.950003],[134.578575,33.949991],[134.578526,33.949995],[134.578499,33.950001],[134.578465,33.950021],[134.578425,33.950061],[134.578393,33.950093],[134.578382,33.950133],[134.57836,33.950219],[134.578314,33.950271],[134.578275,33.950299],[134.578244,33.950323],[134.578227,33.950372],[134.578212,33.95047],[134.578198,33.950582],[134.578193,33.950649],[134.578213,33.950752],[134.578242,33.950869],[134.578282,33.951036],[134.578282,33.951098],[134.578286,33.951143],[134.578292,33.951168],[134.578329,33.95119],[134.578391,33.951226],[134.578433,33.95126],[134.578463,33.951305],[134.578466,33.951338],[134.578457,33.951376],[134.57843,33.95141],[134.57839,33.951458],[134.578179,33.951651],[134.577228,33.95081],[134.577253,33.951025],[134.577273,33.951153],[134.577334,33.951451],[134.577145,33.951306],[134.574018,33.951888]]]},"properties":{"S_NAME":"櫛渕町字左近田","HCODE":8101}},{"type":"Feature","geometry":{"type":"Polygon","coordinates":[[[134.584901,33.954429],[134.580304,33.954368],[134.580249,33.954449],[134.580135,33.954513],[134.579693,33.954573],[134.579499,33.954509],[134.579297,33.954398],[134.57923,33.954354],[134.579201,33.954301],[134.579168,33.954202],[134.579137,33.954172],[134.578987,33.95414],[134.578836,33.954113],[134.578787,33.9541],[134.578605,33.954042],[134.578542,33.95402],[134.578412,33.954001],[134.578322,33.953989],[134.578244,33.953971],[134.578104,33.953909],[134.578053,33.95387],[134.57802,33.953837],[134.577957,33.953765],[134.57782,33.95364],[134.577819,33.953602],[134.577829,33.953572],[134.577843,33.953552],[134.578085,33.953314],[134.578343,33.953076],[134.578436,33.952988],[134.578539,33.952864],[134.578582,33.952827],[134.57867,33.952757],[134.578716,33.952715],[134.578779,33.952658],[134.578813,33.952614],[134.578834,33.952565],[134.578961,33.952187],[134.578892,33.952178],[134.578798,33.952149],[134.578726,33.95211],[134.578179,33.951651],[134.57839,33.951458],[134.57843,33.95141],[134.578457,33.951376],[134.578466,33.951338],[134.578463,33.951305],[134.578433,33.95126],[134.578391,33.951226],[134.578329,33.95119],[134.578292,33.951168],[134.578286,33.951143],[134.578282,33.951098],[134.578282,33.951036],[134.578242,33.950869],[134.578213,33.950752],[134.578193,33.950649],[134.578198,33.950582],[134.578212,33.95047],[134.578227,33.950372],[134.578244,33.950323],[134.578275,33.950299],[134.578314,33.950271],[134.57836,33.950219],[134.578382,33.950133],[134.578393,33.950093],[134.578425,33.950061],[134.578465,33.950021],[134.578499,33.950001],[134.578526,33.949995],[134.578575,33.949991],[134.578674,33.950003],[134.578799,33.95002],[134.578929,33.950044],[134.579012,33.950066],[134.579104,33.949813],[134.5791,33.949721],[134.579067,33.949557],[134.578949,33.949035],[134.580234,33.946531],[134.582489,33.947464],[134.584321,33.94844],[134.584908,33.948541],[134.585238,33.948616],[134.587436,33.94925],[134.59281,33.949905],[134.592921,33.950178],[134.593023,33.95044],[134.593181,33.950846],[134.593354,33.951251],[134.59345,33.951429],[134.593501,33.951534],[134.59353,33.951644],[134.593544,33.951836],[134.593554,33.95189],[134.593549,33.951937],[134.59348,33.951956],[134.593406,33.952],[134.59334,33.952053],[134.593301,33.952085],[134.59318,33.952178],[134.593133,33.952229],[134.593067,33.952302],[134.593005,33.952402],[134.592922,33.952521],[134.592854,33.952601],[134.592794,33.952652],[134.592725,33.952686],[134.592573,33.95272],[134.592521,33.952628],[134.592481,33.952569],[134.592415,33.95248],[134.592378,33.952438],[134.592322,33.952393],[134.592241,33.952343],[134.592167,33.95231],[134.59207,33.952278],[134.591947,33.952221],[134.591762,33.952199],[134.591478,33.95218],[134.591431,33.952176],[134.591378,33.952174],[134.591342,33.952181],[134.591311,33.952193],[134.591279,33.95222],[134.591239,33.952258],[134.5912,33.952295],[134.591074,33.952393],[134.591025,33.952431],[134.590918,33.952513],[134.590844,33.952569],[134.590799,33.9526],[134.590739,33.952635],[134.590657,33.952673],[134.590584,33.952695],[134.590532,33.952705],[134.590457,33.952707],[134.590327,33.952699],[134.590294,33.952688],[134.590273,33.952666],[134.590234,33.952627],[134.590176,33.952558],[134.590101,33.952478],[134.590072,33.952441],[134.590052,33.952421],[134.590004,33.952409],[134.58969,33.952363],[134.589475,33.952326],[134.58931,33.952306],[134.589176,33.952282],[134.588956,33.952226],[134.58857,33.952118],[134.588358,33.952084],[134.58811,33.952045],[134.588011,33.952053],[134.587894,33.952047],[134.587725,33.952023],[134.587565,33.951989],[134.587362,33.951939],[134.587119,33.951845],[134.587007,33.951825],[134.586888,33.951803],[134.586719,33.951772],[134.586392,33.951676],[134.585801,33.951499],[134.585497,33.951387],[134.585181,33.951271],[134.585016,33.951212],[134.584834,33.951177],[134.584678,33.951158],[134.584605,33.951151],[134.58448,33.951134],[134.584285,33.951092],[134.584169,33.951083],[134.583599,33.952962],[134.584132,33.953133],[134.584406,33.95325],[134.58451,33.953328],[134.584574,33.953408],[134.584614,33.953505],[134.584668,33.953698],[134.584817,33.954118],[134.584901,33.954429]]]},"properties":{"S_NAME":"櫛渕町字太田","HCODE":8101}},{"type":"Feature","geometry":{"type":"Polygon","coordinates":[[[134.59868,33.960869],[134.598613,33.96101],[134.598557,33.961167],[134.598217,33.961128],[134.598139,33.961104],[134.598026,33.96104],[134.597857,33.96093],[134.59767,33.960839],[134.597445,33.960762],[134.597302,33.960738],[134.597142,33.960736],[134.597008,33.960719],[134.596756,33.960719],[134.596546,33.960712],[134.59643,33.960702],[134.596339,33.960682],[134.596278,33.960625],[134.59622,33.960539],[134.596159,33.960453],[134.596088,33.960339],[134.596026,33.960221],[134.595968,33.96006],[134.595962,33.95993],[134.595943,33.959787],[134.595932,33.959553],[134.595904,33.959463],[134.59584,33.959351],[134.595732,33.959276],[134.595511,33.959086],[134.595311,33.958915],[134.595071,33.958727],[134.594934,33.958669],[134.594748,33.958599],[134.594375,33.958519],[134.594008,33.958451],[134.5938,33.95842],[134.593615,33.958415],[134.593483,33.958407],[134.593349,33.958404],[134.593162,33.958411],[134.593083,33.958365],[134.592779,33.958206],[134.592553,33.958104],[134.592276,33.957999],[134.592098,33.957911],[134.591993,33.957854],[134.591811,33.957733],[134.591754,33.957694],[134.591374,33.957356],[134.59122,33.957252],[134.591137,33.957188],[134.591057,33.957147],[134.590942,33.957099],[134.590785,33.957022],[134.590646,33.956962],[134.590065,33.956694],[134.589932,33.956611],[134.589802,33.956536],[134.589498,33.956392],[134.588882,33.956142],[134.588665,33.956083],[134.588413,33.95601],[134.588065,33.955914],[134.587895,33.955855],[134.587718,33.955777],[134.587545,33.955706],[134.587187,33.955548],[134.587021,33.95544],[134.586757,33.955318],[134.586199,33.955053],[134.585088,33.954542],[134.584901,33.954429],[134.584817,33.954118],[134.584668,33.953698],[134.584614,33.953505],[134.584574,33.953408],[134.58451,33.953328],[134.584406,33.95325],[134.584132,33.953133],[134.583599,33.952962],[134.584169,33.951083],[134.584285,33.951092],[134.58448,33.951134],[134.584605,33.951151],[134.584678,33.951158],[134.584834,33.951177],[134.585016,33.951212],[134.585181,33.951271],[134.585497,33.951387],[134.585801,33.951499],[134.586392,33.951676],[134.586719,33.951772],[134.586888,33.951803],[134.587007,33.951825],[134.587119,33.951845],[134.587362,33.951939],[134.587565,33.951989],[134.587725,33.952023],[134.587894,33.952047],[134.588011,33.952053],[134.58811,33.952045],[134.588358,33.952084],[134.58857,33.952118],[134.588956,33.952226],[134.589176,33.952282],[134.58931,33.952306],[134.589475,33.952326],[134.58969,33.952363],[134.590004,33.952409],[134.590052,33.952421],[134.590072,33.952441],[134.590101,33.952478],[134.590176,33.952558],[134.590234,33.952627],[134.590273,33.952666],[134.590294,33.952688],[134.590327,33.952699],[134.590457,33.952707],[134.590532,33.952705],[134.590584,33.952695],[134.590657,33.952673],[134.590739,33.952635],[134.590799,33.9526],[134.590844,33.952569],[134.590918,33.952513],[134.591025,33.952431],[134.591074,33.952393],[134.5912,33.952295],[134.591239,33.952258],[134.591279,33.95222],[134.591311,33.952193],[134.591342,33.952181],[134.591378,33.952174],[134.591431,33.952176],[134.591478,33.95218],[134.591762,33.952199],[134.591947,33.952221],[134.59207,33.952278],[134.592167,33.95231],[134.592241,33.952343],[134.592322,33.952393],[134.592378,33.952438],[134.592415,33.95248],[134.592481,33.952569],[134.592521,33.952628],[134.592573,33.95272],[134.592725,33.952686],[134.592794,33.952652],[134.592854,33.952601],[134.592922,33.952521],[134.593005,33.952402],[134.593067,33.952302],[134.593133,33.952229],[134.59318,33.952178],[134.593301,33.952085],[134.59334,33.952053],[134.593406,33.952],[134.59348,33.951956],[134.593549,33.951937],[134.593554,33.95189],[134.59382,33.951943],[134.593919,33.95202],[134.594056,33.952114],[134.594115,33.952186],[134.594153,33.952243],[134.594192,33.952298],[134.594267,33.952443],[134.594298,33.95247],[134.594335,33.952498],[134.594437,33.952533],[134.594543,33.952563],[134.594666,33.952589],[134.594766,33.952633],[134.594848,33.952687],[134.594915,33.952745],[134.594953,33.952786],[134.595002,33.952808],[134.595095,33.952821],[134.595199,33.952809],[134.595298,33.952792],[134.595407,33.952755],[134.595455,33.952746],[134.595455,33.952631],[134.595459,33.952595],[134.595463,33.952545],[134.595478,33.952507],[134.595487,33.952429],[134.59549,33.95232],[134.595482,33.952235],[134.595481,33.9522],[134.595505,33.952088],[134.595606,33.951932],[134.59565,33.951815],[134.595684,33.951488],[134.595756,33.951031],[134.595784,33.950822],[134.595822,33.950757],[134.595852,33.950739],[134.595912,33.950749],[134.595948,33.950817],[134.595948,33.95114],[134.595943,33.951424],[134.595945,33.951633],[134.595947,33.951737],[134.595969,33.95178],[134.596064,33.951804],[134.596159,33.951836],[134.596199,33.951864],[134.596199,33.951936],[134.596148,33.952104],[134.596137,33.952258],[134.596143,33.952377],[134.596183,33.952509],[134.596227,33.952592],[134.59631,33.952666],[134.596414,33.952712],[134.596527,33.952729],[134.596674,33.952737],[134.596833,33.95273],[134.596941,33.952704],[134.596986,33.952673],[134.597026,33.952595],[134.597059,33.952509],[134.597078,33.952297],[134.597099,33.952242],[134.597215,33.952067],[134.59729,33.951872],[134.597336,33.951764],[134.597369,33.951642],[134.597382,33.951425],[134.597326,33.951283],[134.59733,33.951243],[134.59736,33.951228],[134.59758,33.951219],[134.597711,33.951198],[134.597909,33.951135],[134.598029,33.951077],[134.598102,33.951037],[134.598191,33.950957],[134.598731,33.952478],[134.598812,33.95403],[134.59868,33.960869]]]},"properties":{"S_NAME":"櫛渕町字北佃","HCODE":8101}},{"type":"Feature","geometry":{"type":"Polygon","coordinates":[[[134.598191,33.950957],[134.598102,33.951037],[134.598029,33.951077],[134.597909,33.951135],[134.597711,33.951198],[134.59758,33.951219],[134.59736,33.951228],[134.59733,33.951243],[134.597326,33.951283],[134.597382,33.951425],[134.597369,33.951642],[134.597336,33.951764],[134.59729,33.951872],[134.597215,33.952067],[134.597099,33.952242],[134.597078,33.952297],[134.597059,33.952509],[134.597026,33.952595],[134.596986,33.952673],[134.596941,33.952704],[134.596833,33.95273],[134.596674,33.952737],[134.596527,33.952729],[134.596414,33.952712],[134.59631,33.952666],[134.596227,33.952592],[134.596183,33.952509],[134.596143,33.952377],[134.596137,33.952258],[134.596148,33.952104],[134.596199,33.951936],[134.596199,33.951864],[134.596159,33.951836],[134.596064,33.951804],[134.595969,33.95178],[134.595947,33.951737],[134.595945,33.951633],[134.595943,33.951424],[134.595948,33.95114],[134.595948,33.950817],[134.595912,33.950749],[134.595852,33.950739],[134.595822,33.950757],[134.595784,33.950822],[134.595756,33.951031],[134.595684,33.951488],[134.59565,33.951815],[134.595606,33.951932],[134.595505,33.952088],[134.595481,33.9522],[134.595482,33.952235],[134.59549,33.95232],[134.595487,33.952429],[134.595478,33.952507],[134.595463,33.952545],[134.595459,33.952595],[134.595455,33.952631],[134.595455,33.952746],[134.595407,33.952755],[134.595298,33.952792],[134.595199,33.952809],[134.595095,33.952821],[134.595002,33.952808],[134.594953,33.952786],[134.594915,33.952745],[134.594848,33.952687],[134.594766,33.952633],[134.594666,33.952589],[134.594543,33.952563],[134.594437,33.952533],[134.594335,33.952498],[134.594298,33.95247],[134.594267,33.952443],[134.594192,33.952298],[134.594153,33.952243],[134.594115,33.952186],[134.594056,33.952114],[134.593919,33.95202],[134.59382,33.951943],[134.593554,33.95189],[134.593544,33.951836],[134.59353,33.951644],[134.593501,33.951534],[134.59345,33.951429],[134.593354,33.951251],[134.593181,33.950846],[134.593023,33.95044],[134.592921,33.950178],[134.59281,33.949905],[134.587436,33.94925],[134.585238,33.948616],[134.584908,33.948541],[134.584321,33.94844],[134.582489,33.947464],[134.580234,33.946531],[134.580906,33.945222],[134.581129,33.945249],[134.581301,33.94529],[134.581591,33.945414],[134.581789,33.94552],[134.581995,33.945593],[134.582207,33.945642],[134.582473,33.945697],[134.582625,33.945746],[134.582799,33.945732],[134.582951,33.945737],[134.583073,33.945799],[134.583165,33.945905],[134.583288,33.945986],[134.583455,33.94606],[134.58365,33.946101],[134.583827,33.946101],[134.584068,33.94603],[134.584185,33.946269],[134.584279,33.946533],[134.584507,33.946556],[134.584715,33.94657],[134.584867,33.946588],[134.585048,33.946535],[134.585214,33.946496],[134.585396,33.946457],[134.585759,33.946422],[134.585979,33.946414],[134.58613,33.946374],[134.586242,33.946298],[134.586407,33.946176],[134.586528,33.946144],[134.586741,33.946167],[134.58719,33.946254],[134.587412,33.946313],[134.587672,33.946339],[134.587837,33.946306],[134.588003,33.946241],[134.588202,33.946391],[134.58837,33.946478],[134.588628,33.946513],[134.58875,33.946632],[134.588942,33.946801],[134.589049,33.946844],[134.589162,33.946856],[134.589383,33.946955],[134.58959,33.946987],[134.589884,33.947104],[134.590177,33.947293],[134.590287,33.947423],[134.590304,33.947555],[134.590306,33.947707],[134.590383,33.94782],[134.590505,33.947888],[134.590695,33.947918],[134.590939,33.947917],[134.591317,33.947976],[134.591643,33.947979],[134.591839,33.947939],[134.59196,33.947938],[134.592065,33.948],[134.592175,33.948094],[134.592221,33.948169],[134.592289,33.948181],[134.592402,33.948124],[134.5925,33.948041],[134.592681,33.948001],[134.592916,33.948012],[134.593075,33.948036],[134.593081,33.948036],[134.593301,33.948055],[134.593496,33.948073],[134.593686,33.948071],[134.59389,33.948025],[134.594101,33.947985],[134.5942,33.948029],[134.594323,33.948141],[134.594331,33.948147],[134.594461,33.948291],[134.594585,33.948473],[134.594631,33.948568],[134.594855,33.948594],[134.595151,33.948604],[134.595295,33.948603],[134.595438,33.94857],[134.595527,33.948361],[134.595597,33.948275],[134.5957,33.948271],[134.595928,33.948395],[134.596203,33.948525],[134.596446,33.948605],[134.596534,33.948671],[134.59653,33.948892],[134.596555,33.949074],[134.596579,33.949194],[134.596708,33.949243],[134.596914,33.949305],[134.597141,33.949334],[134.597528,33.949362],[134.597719,33.949468],[134.597818,33.949543],[134.597971,33.949617],[134.59807,33.949654],[134.598161,33.949685],[134.598298,33.949696],[134.598509,33.949663],[134.598637,33.949573],[134.598718,33.949383],[134.59879,33.949136],[134.598858,33.949066],[134.598956,33.949015],[134.599121,33.94895],[134.59928,33.948898],[134.599401,33.948891],[134.599552,33.948877],[134.599704,33.948926],[134.599788,33.948951],[134.599864,33.948931],[134.600077,33.948768],[134.60019,33.948673],[134.60028,33.948659],[134.600493,33.948714],[134.600684,33.948788],[134.600881,33.948824],[134.600973,33.948899],[134.60102,33.949037],[134.601105,33.949157],[134.601221,33.949313],[134.601344,33.949489],[134.60143,33.94964],[134.601559,33.949683],[134.601771,33.949693],[134.60199,33.949653],[134.602088,33.949602],[134.60217,33.949488],[134.60229,33.949392],[134.602494,33.949327],[134.602577,33.949282],[134.602928,33.949377],[134.603321,33.949428],[134.603605,33.949507],[134.603724,33.949531],[134.604026,33.949465],[134.604166,33.949473],[134.604356,33.949516],[134.604508,33.949508],[134.604658,33.949418],[134.604847,33.949185],[134.604926,33.949088],[134.605039,33.948986],[134.605137,33.948953],[134.605236,33.948984],[134.605436,33.949222],[134.60562,33.949378],[134.605825,33.949445],[134.605999,33.949463],[134.606266,33.949561],[134.606517,33.949616],[134.606835,33.949607],[134.606955,33.949574],[134.607077,33.949567],[134.607349,33.949577],[134.607587,33.949515],[134.607723,33.949495],[134.608027,33.949511],[134.608254,33.949521],[134.60833,33.949565],[134.608392,33.949659],[134.608479,33.949961],[134.603899,33.951768],[134.603731,33.95189],[134.603658,33.95193],[134.603516,33.951946],[134.603381,33.951926],[134.603338,33.951915],[134.603295,33.951883],[134.603271,33.951807],[134.603172,33.951129],[134.603153,33.95101],[134.603122,33.950978],[134.603092,33.950971],[134.60298,33.951012],[134.602869,33.951074],[134.602758,33.951154],[134.602538,33.95132],[134.602495,33.951338],[134.602447,33.951338],[134.602348,33.951318],[134.602201,33.951308],[134.602098,33.951334],[134.601943,33.951397],[134.60181,33.951445],[134.601729,33.951485],[134.601608,33.951522],[134.601531,33.95153],[134.601433,33.951507],[134.60137,33.951467],[134.601322,33.951402],[134.60126,33.951273],[134.601248,33.951211],[134.601196,33.951193],[134.601133,33.951138],[134.60102,33.951114],[134.600962,33.951073],[134.600872,33.951011],[134.600799,33.951008],[134.600674,33.950977],[134.600599,33.950898],[134.600502,33.95077],[134.600423,33.950609],[134.600352,33.950473],[134.600304,33.950444],[134.600248,33.95047],[134.60009,33.950572],[134.599945,33.950663],[134.599571,33.950814],[134.599474,33.95082],[134.59934,33.950796],[134.599253,33.950761],[134.599132,33.950744],[134.598982,33.950778],[134.598873,33.950827],[134.598813,33.950867],[134.598767,33.950939],[134.598719,33.9509],[134.598662,33.950872],[134.598593,33.950865],[134.598503,33.950862],[134.598386,33.950874],[134.598283,33.950904],[134.598191,33.950957]]]},"properties":{"S_NAME":"櫛渕町字佐山","HCODE":8101}},{"type":"Feature","geometry":{"type":"Polygon","coordinates":[[[134.596148,33.966775],[134.58901,33.967598],[134.588739,33.967511],[134.587984,33.967308],[134.58791,33.967281],[134.587842,33.967223],[134.587804,33.967139],[134.587684,33.967144],[134.5873,33.967097],[134.586905,33.967003],[134.586466,33.966883],[134.586067,33.966758],[134.585668,33.966604],[134.585485,33.966494],[134.585207,33.966311],[134.585108,33.966242],[134.584983,33.96619],[134.584824,33.966138],[134.584581,33.96609],[134.584389,33.966055],[134.584217,33.966043],[134.584072,33.966007],[134.58394,33.965955],[134.583706,33.965814],[134.583456,33.965677],[134.58328,33.965628],[134.583084,33.965607],[134.582929,33.965575],[134.582545,33.965539],[134.58233,33.965524],[134.582141,33.965498],[134.581958,33.965443],[134.581809,33.96536],[134.581629,33.965236],[134.581446,33.965159],[134.581311,33.965098],[134.581176,33.965055],[134.580892,33.964967],[134.580504,33.964918],[134.580262,33.964903],[134.580114,33.96491],[134.579965,33.964861],[134.579634,33.964791],[134.579062,33.964751],[134.578193,33.964725],[134.577951,33.964744],[134.577706,33.964749],[134.577463,33.964734],[134.577031,33.964659],[134.576708,33.964606],[134.576283,33.96452],[134.575548,33.96447],[134.574152,33.964407],[134.574154,33.964403],[134.574174,33.964309],[134.57412,33.964179],[134.574055,33.964105],[134.573949,33.964043],[134.573787,33.963978],[134.573575,33.9639],[134.573408,33.963818],[134.573337,33.963748],[134.573275,33.963614],[134.573192,33.963426],[134.573073,33.963151],[134.572992,33.963098],[134.572839,33.963033],[134.572747,33.962991],[134.5726,33.962988],[134.572501,33.963036],[134.572376,33.963086],[134.572222,33.963199],[134.572024,33.963318],[134.571897,33.963422],[134.571793,33.963559],[134.57169,33.963736],[134.571517,33.964001],[134.571316,33.964093],[134.570996,33.964247],[134.570856,33.964321],[134.570728,33.964371],[134.570634,33.964372],[134.570298,33.964267],[134.570021,33.964158],[134.569956,33.964095],[134.569671,33.963813],[134.569582,33.963698],[134.56934,33.963573],[134.569157,33.963463],[134.569015,33.963327],[134.568885,33.963294],[134.568698,33.963305],[134.56844,33.963318],[134.568228,33.963256],[134.567981,33.963056],[134.567883,33.962965],[134.567807,33.962895],[134.567744,33.962842],[134.567682,33.962806],[134.567563,33.962656],[134.567493,33.962574],[134.567368,33.962501],[134.567228,33.962503],[134.567076,33.962485],[134.566882,33.962496],[134.566769,33.96233],[134.566696,33.962202],[134.566633,33.962044],[134.566616,33.961912],[134.566684,33.961836],[134.566841,33.96167],[134.567079,33.961328],[134.567297,33.960931],[134.567355,33.96071],[134.567421,33.960552],[134.567466,33.960463],[134.567555,33.960367],[134.567726,33.960094],[134.567889,33.959803],[134.568028,33.95966],[134.568193,33.959551],[134.568372,33.959335],[134.568382,33.959199],[134.568364,33.959016],[134.568438,33.958839],[134.568512,33.958687],[134.568623,33.958515],[134.568642,33.958212],[134.568671,33.958105],[134.568728,33.957845],[134.568786,33.95758],[134.56876,33.957359],[134.568683,33.957215],[134.568507,33.957122],[134.568327,33.95697],[134.568257,33.956893],[134.568216,33.956809],[134.56818,33.956692],[134.568147,33.956522],[134.568138,33.956409],[134.568099,33.956308],[134.568052,33.956201],[134.567983,33.956101],[134.567958,33.955975],[134.567975,33.955797],[134.567946,33.955615],[134.567968,33.955508],[134.568154,33.95526],[134.568296,33.955114],[134.568339,33.954886],[134.568436,33.954791],[134.568643,33.954665],[134.568861,33.954531],[134.568943,33.954455],[134.568987,33.954316],[134.569075,33.954119],[134.569179,33.953948],[134.569381,33.953744],[134.569591,33.953566],[134.569699,33.953442],[134.569795,33.953207],[134.569845,33.952955],[134.569919,33.95279],[134.570046,33.952707],[134.570166,33.952605],[134.574018,33.951888],[134.572718,33.954063],[134.572631,33.954151],[134.572523,33.954345],[134.572395,33.955309],[134.56923,33.959553],[134.571886,33.960305],[134.573926,33.958728],[134.576719,33.958713],[134.579644,33.958888],[134.57901,33.963639],[134.583367,33.963949],[134.589738,33.965089],[134.596148,33.966775]]]},"properties":{"S_NAME":"櫛渕町","HCODE":8101}},{"type":"Feature","geometry":{"type":"Polygon","coordinates":[[[134.626854,33.991014],[134.626622,33.99147],[134.626285,33.99212],[134.626286,33.992121],[134.626269,33.992154],[134.626322,33.992176],[134.626326,33.992179],[134.626312,33.992197],[134.626303,33.992207],[134.62629,33.992218],[134.626275,33.992226],[134.626261,33.992235],[134.626251,33.992238],[134.626236,33.992241],[134.626222,33.992245],[134.626208,33.992246],[134.626193,33.992247],[134.626171,33.992245],[134.626153,33.992241],[134.626152,33.992241],[134.625977,33.992569],[134.625949,33.992623],[134.625953,33.992638],[134.625965,33.992645],[134.625985,33.99266],[134.626001,33.992676],[134.626001,33.992677],[134.626006,33.992682],[134.626011,33.992693],[134.626017,33.992707],[134.626022,33.992719],[134.626024,33.99273],[134.626024,33.992744],[134.626024,33.992754],[134.626023,33.992764],[134.62602,33.992774],[134.626018,33.99278],[134.626014,33.992785],[134.62601,33.992785],[134.625956,33.992764],[134.625845,33.992982],[134.6258,33.993072],[134.625793,33.993087],[134.625226,33.994204],[134.625216,33.994222],[134.625209,33.994229],[134.625197,33.994236],[134.625173,33.99424],[134.625155,33.994236],[134.623578,33.993473],[134.622373,33.995159],[134.617195,33.992612],[134.617267,33.992518],[134.617836,33.992794],[134.617864,33.992754],[134.617843,33.992743],[134.617905,33.99266],[134.618382,33.992886],[134.618501,33.992871],[134.618935,33.992242],[134.618877,33.99223],[134.618817,33.992212],[134.618768,33.99219],[134.618761,33.992186],[134.618724,33.992165],[134.618687,33.992139],[134.61867,33.992127],[134.618648,33.992111],[134.618629,33.992095],[134.618603,33.992076],[134.618557,33.992044],[134.618462,33.991989],[134.618319,33.991918],[134.618016,33.991772],[134.617687,33.991617],[134.617453,33.991506],[134.61735,33.991457],[134.617245,33.991405],[134.617188,33.991376],[134.617072,33.991313],[134.617017,33.991282],[134.617006,33.991278],[134.616983,33.991272],[134.616969,33.991273],[134.616961,33.991273],[134.616946,33.991277],[134.616941,33.99128],[134.61693,33.991288],[134.616925,33.991293],[134.61692,33.9913],[134.616912,33.991311],[134.616904,33.99132],[134.616898,33.991325],[134.61689,33.991327],[134.616961,33.991746],[134.613593,33.991708],[134.613588,33.992138],[134.612952,33.992135],[134.612953,33.992007],[134.612968,33.992004],[134.612969,33.9917],[134.611909,33.991684],[134.610614,33.9909],[134.610496,33.990253],[134.610448,33.990015],[134.610377,33.989634],[134.610287,33.989169],[134.610197,33.988719],[134.610083,33.988116],[134.60994,33.987333],[134.609727,33.987348],[134.609693,33.98733],[134.609643,33.987297],[134.609626,33.987288],[134.60949,33.987206],[134.609426,33.987162],[134.609388,33.987137],[134.609199,33.987019],[134.608915,33.986325],[134.608844,33.986342],[134.608708,33.985971],[134.60863,33.985762],[134.608592,33.98566],[134.608651,33.985636],[134.608702,33.9856],[134.608733,33.98557],[134.60876,33.985528],[134.608771,33.985488],[134.608778,33.985429],[134.608761,33.985348],[134.608741,33.985299],[134.608717,33.985244],[134.608677,33.985162],[134.608656,33.985104],[134.608643,33.985022],[134.608639,33.984957],[134.608646,33.984895],[134.608669,33.984859],[134.608707,33.984826],[134.608745,33.984806],[134.608807,33.984783],[134.608867,33.984761],[134.608887,33.984743],[134.608887,33.984718],[134.608862,33.984632],[134.608799,33.984477],[134.608745,33.984338],[134.608672,33.984172],[134.608656,33.984115],[134.608656,33.984091],[134.608673,33.984079],[134.608767,33.984037],[134.608796,33.984018],[134.608819,33.984006],[134.608807,33.983975],[134.608491,33.983199],[134.608475,33.98316],[134.608486,33.983134],[134.608528,33.983108],[134.608635,33.98306],[134.608743,33.983015],[134.608821,33.982994],[134.608905,33.982977],[134.609022,33.982958],[134.609134,33.982947],[134.60926,33.982937],[134.609326,33.982938],[134.609388,33.982943],[134.609516,33.982974],[134.609567,33.982979],[134.6096,33.98298],[134.609639,33.982973],[134.609861,33.982956],[134.610057,33.982948],[134.610093,33.982939],[134.610148,33.98292],[134.610243,33.98287],[134.610309,33.982831],[134.610477,33.98294],[134.610574,33.983006],[134.610667,33.983079],[134.61076,33.983147],[134.610863,33.983196],[134.611004,33.983229],[134.611141,33.983242],[134.612097,33.983365],[134.612217,33.98339],[134.612392,33.983424],[134.612651,33.983494],[134.612916,33.983567],[134.613019,33.983594],[134.613142,33.983624],[134.613235,33.983643],[134.613337,33.983655],[134.613506,33.983658],[134.613609,33.983655],[134.613726,33.983659],[134.613842,33.983664],[134.614039,33.983684],[134.61418,33.983692],[134.614272,33.98369],[134.614374,33.983669],[134.61442,33.983652],[134.614474,33.98363],[134.614523,33.983595],[134.614577,33.983564],[134.614626,33.983542],[134.614673,33.983527],[134.614756,33.983502],[134.615159,33.983437],[134.615335,33.983407],[134.615435,33.98339],[134.615837,33.983304],[134.615945,33.983311],[134.616281,33.983335],[134.61655,33.983355],[134.616803,33.983374],[134.616937,33.983385],[134.617206,33.983376],[134.617353,33.983369],[134.617552,33.983359],[134.617841,33.983417],[134.617978,33.983448],[134.61816,33.983486],[134.618235,33.983508],[134.618334,33.983552],[134.618424,33.983588],[134.618499,33.983607],[134.618595,33.983623],[134.618853,33.983659],[134.619089,33.983694],[134.619219,33.983714],[134.619502,33.98378],[134.619747,33.983844],[134.619862,33.983875],[134.619973,33.9839],[134.620104,33.983922],[134.620289,33.983967],[134.62049,33.984018],[134.620693,33.984073],[134.620878,33.984115],[134.621131,33.984175],[134.621412,33.984239],[134.621611,33.984293],[134.621894,33.984367],[134.622147,33.984456],[134.622285,33.984507],[134.622723,33.984719],[134.622965,33.98483],[134.623141,33.984913],[134.623314,33.984977],[134.623557,33.985072],[134.624061,33.985285],[134.624371,33.98541],[134.624902,33.985619],[134.625146,33.985715],[134.625748,33.985931],[134.626153,33.986086],[134.626419,33.986192],[134.626509,33.986226],[134.626712,33.986279],[134.626856,33.986327],[134.626942,33.986379],[134.627093,33.98647],[134.627155,33.986506],[134.6272,33.986529],[134.627251,33.986542],[134.627311,33.986554],[134.627356,33.986557],[134.627404,33.986548],[134.627454,33.986574],[134.627545,33.986619],[134.627629,33.986641],[134.627891,33.986719],[134.627943,33.986789],[134.627969,33.986845],[134.628006,33.986952],[134.628037,33.987068],[134.628055,33.987162],[134.628079,33.987272],[134.628097,33.98736],[134.628098,33.98747],[134.628093,33.987562],[134.628084,33.987663],[134.628071,33.987733],[134.628051,33.987797],[134.628022,33.987866],[134.627954,33.988056],[134.627735,33.988636],[134.627537,33.989178],[134.627506,33.989269],[134.62749,33.989343],[134.627486,33.989472],[134.627483,33.989523],[134.627477,33.989591],[134.627414,33.989776],[134.627392,33.989829],[134.627345,33.989937],[134.627313,33.989931],[134.627286,33.989994],[134.627314,33.990005],[134.627272,33.9901],[134.627117,33.990467],[134.626975,33.990777],[134.626921,33.990881],[134.626854,33.991014]]]},"properties":{"S_NAME":"豊浦町","HCODE":8101}},{"type":"Feature","geometry":{"type":"Polygon","coordinates":[[[134.629338,33.986604],[134.629335,33.986641],[134.629381,33.986657],[134.629446,33.986692],[134.630005,33.987307],[134.630075,33.987382],[134.629627,33.987714],[134.62839,33.987487],[134.627634,33.989316],[134.627806,33.989399],[134.627822,33.989412],[134.62782,33.989419],[134.627938,33.989438],[134.627169,33.991151],[134.627147,33.991195],[134.626825,33.991071],[134.626854,33.991014],[134.626921,33.990881],[134.626975,33.990777],[134.627117,33.990467],[134.627272,33.9901],[134.627314,33.990005],[134.627286,33.989994],[134.627313,33.989931],[134.627345,33.989937],[134.627392,33.989829],[134.627414,33.989776],[134.627477,33.989591],[134.627483,33.989523],[134.627486,33.989472],[134.62749,33.989343],[134.627506,33.989269],[134.627537,33.989178],[134.627735,33.988636],[134.627954,33.988056],[134.628022,33.987866],[134.628051,33.987797],[134.628071,33.987733],[134.628084,33.987663],[134.628093,33.987562],[134.628098,33.98747],[134.628097,33.98736],[134.628079,33.987272],[134.628055,33.987162],[134.628037,33.987068],[134.628006,33.986952],[134.627969,33.986845],[134.627943,33.986789],[134.627891,33.986719],[134.627629,33.986641],[134.627545,33.986619],[134.627454,33.986574],[134.627404,33.986548],[134.627387,33.986508],[134.627378,33.986463],[134.627375,33.986409],[134.627382,33.986269],[134.627407,33.98601],[134.627428,33.985589],[134.627441,33.985485],[134.627595,33.985544],[134.627727,33.985607],[134.627753,33.985616],[134.627869,33.985733],[134.628024,33.985877],[134.628267,33.986099],[134.628348,33.986138],[134.628414,33.986158],[134.628477,33.986179],[134.628626,33.986223],[134.629017,33.986319],[134.629338,33.986604]]]},"properties":{"S_NAME":"和田津開町字ヒガシ","HCODE":8101}},{"type":"Feature","geometry":{"type":"Polygon","coordinates":[[[134.627404,33.986548],[134.627356,33.986557],[134.627311,33.986554],[134.627251,33.986542],[134.6272,33.986529],[134.627155,33.986506],[134.627093,33.98647],[134.626942,33.986379],[134.626856,33.986327],[134.626712,33.986279],[134.626509,33.986226],[134.626419,33.986192],[134.626153,33.986086],[134.625748,33.985931],[134.625146,33.985715],[134.624902,33.985619],[134.624371,33.98541],[134.624061,33.985285],[134.623557,33.985072],[134.623314,33.984977],[134.623141,33.984913],[134.622965,33.98483],[134.622723,33.984719],[134.622285,33.984507],[134.622147,33.984456],[134.621894,33.984367],[134.621611,33.984293],[134.621412,33.984239],[134.621131,33.984175],[134.620878,33.984115],[134.620693,33.984073],[134.62049,33.984018],[134.620289,33.983967],[134.620104,33.983922],[134.619973,33.9839],[134.619862,33.983875],[134.619747,33.983844],[134.619502,33.98378],[134.619219,33.983714],[134.619089,33.983694],[134.618853,33.983659],[134.618595,33.983623],[134.618499,33.983607],[134.618424,33.983588],[134.618334,33.983552],[134.618235,33.983508],[134.61816,33.983486],[134.617978,33.983448],[134.617841,33.983417],[134.617552,33.983359],[134.617353,33.983369],[134.617386,33.983193],[134.61791,33.983266],[134.618462,33.983334],[134.618913,33.983412],[134.61901,33.98343],[134.619088,33.983446],[134.619218,33.983487],[134.619532,33.983587],[134.619944,33.983719],[134.620099,33.983759],[134.620336,33.983838],[134.620432,33.98386],[134.620516,33.983873],[134.620702,33.983905],[134.620879,33.983935],[134.621038,33.983953],[134.621216,33.983975],[134.621441,33.984004],[134.621491,33.983918],[134.621562,33.983831],[134.621598,33.983787],[134.621672,33.983705],[134.621783,33.983599],[134.621887,33.983485],[134.622374,33.983757],[134.622678,33.983922],[134.62281,33.983976],[134.622939,33.98401],[134.623189,33.984072],[134.623508,33.984145],[134.623711,33.984215],[134.623789,33.98424],[134.62389,33.984256],[134.623954,33.984251],[134.624017,33.984238],[134.624066,33.984226],[134.624121,33.984206],[134.624184,33.984185],[134.624224,33.98418],[134.624308,33.984182],[134.62454,33.98419],[134.624719,33.984196],[134.624774,33.984207],[134.624825,33.984226],[134.624891,33.984268],[134.624981,33.98435],[134.625252,33.984629],[134.625332,33.984715],[134.6254,33.984779],[134.625473,33.98483],[134.625552,33.984888],[134.625678,33.984966],[134.625834,33.98506],[134.625931,33.985119],[134.626009,33.985154],[134.626086,33.98518],[134.626229,33.985205],[134.626333,33.985214],[134.626596,33.985245],[134.626818,33.985283],[134.62696,33.985317],[134.627172,33.985383],[134.627287,33.985425],[134.627441,33.985485],[134.627428,33.985589],[134.627407,33.98601],[134.627382,33.986269],[134.627375,33.986409],[134.627378,33.986463],[134.627387,33.986508],[134.627404,33.986548]]]},"properties":{"S_NAME":"和田津開町字屋敷ノ西","HCODE":8101}},{"type":"Feature","geometry":{"type":"Polygon","coordinates":[[[134.608929,33.99172],[134.60889,33.991725],[134.6088,33.991097],[134.60888,33.991085],[134.608756,33.990269],[134.608551,33.98892],[134.608398,33.98862],[134.608349,33.988531],[134.608294,33.988427],[134.608231,33.988306],[134.608158,33.988164],[134.608079,33.988011],[134.607995,33.987853],[134.60793,33.987745],[134.607854,33.98763],[134.607773,33.987525],[134.607716,33.98746],[134.607646,33.987385],[134.607588,33.987329],[134.607329,33.987097],[134.607234,33.987012],[134.607324,33.986942],[134.607171,33.986745],[134.607019,33.98664],[134.607002,33.986627],[134.606938,33.98658],[134.60666,33.986347],[134.606493,33.98644],[134.606409,33.986357],[134.606357,33.986308],[134.606295,33.986259],[134.606261,33.986238],[134.606225,33.98622],[134.606152,33.986194],[134.606078,33.986176],[134.606061,33.986216],[134.605993,33.986198],[134.606005,33.986161],[134.605927,33.986137],[134.605915,33.986163],[134.605885,33.986154],[134.605896,33.986128],[134.605409,33.985977],[134.605453,33.985791],[134.605514,33.985526],[134.605405,33.985516],[134.605405,33.985504],[134.605189,33.985527],[134.605173,33.985501],[134.605082,33.985528],[134.605007,33.985304],[134.604943,33.985151],[134.604915,33.985064],[134.604858,33.984918],[134.604859,33.984892],[134.604862,33.984867],[134.604867,33.98484],[134.604875,33.984813],[134.604888,33.984785],[134.60492,33.984726],[134.604991,33.984631],[134.605159,33.984426],[134.606336,33.984314],[134.606312,33.983711],[134.606451,33.983675],[134.606415,33.983284],[134.606368,33.983227],[134.60671,33.983042],[134.607192,33.982813],[134.607236,33.98279],[134.607283,33.982769],[134.607331,33.982749],[134.607381,33.982732],[134.607429,33.982722],[134.607473,33.982717],[134.6075,33.982717],[134.607502,33.982717],[134.607538,33.982717],[134.607562,33.982778],[134.607584,33.982769],[134.607596,33.982798],[134.607572,33.982806],[134.607618,33.982926],[134.607574,33.982943],[134.607586,33.982975],[134.607631,33.982961],[134.607671,33.983065],[134.607627,33.983079],[134.60764,33.983111],[134.607684,33.983099],[134.607877,33.983606],[134.60787,33.983635],[134.608229,33.984561],[134.608182,33.984572],[134.608283,33.984868],[134.60834,33.984855],[134.608505,33.985304],[134.608464,33.985316],[134.608489,33.985382],[134.608592,33.98566],[134.60863,33.985762],[134.608708,33.985971],[134.608844,33.986342],[134.608915,33.986325],[134.609199,33.987019],[134.609388,33.987137],[134.609426,33.987162],[134.60949,33.987206],[134.609626,33.987288],[134.609643,33.987297],[134.609693,33.98733],[134.609727,33.987348],[134.60994,33.987333],[134.610083,33.988116],[134.610197,33.988719],[134.610287,33.989169],[134.610377,33.989634],[134.610448,33.990015],[134.610496,33.990253],[134.610614,33.9909],[134.610717,33.991525],[134.608929,33.99172]]]},"properties":{"S_NAME":"赤石町","HCODE":8154}},{"type":"Feature","geometry":{"type":"Polygon","coordinates":[[[134.615837,33.983304],[134.615435,33.98339],[134.615335,33.983407],[134.615159,33.983437],[134.614756,33.983502],[134.614673,33.983527],[134.614626,33.983542],[134.614577,33.983564],[134.614523,33.983595],[134.614474,33.98363],[134.61442,33.983652],[134.614374,33.983669],[134.614272,33.98369],[134.61418,33.983692],[134.614039,33.983684],[134.613842,33.983664],[134.613726,33.983659],[134.613609,33.983655],[134.613506,33.983658],[134.613337,33.983655],[134.613235,33.983643],[134.613142,33.983624],[134.613019,33.983594],[134.612916,33.983567],[134.612651,33.983494],[134.612392,33.983424],[134.612217,33.98339],[134.612097,33.983365],[134.611141,33.983242],[134.611004,33.983229],[134.610863,33.983196],[134.61076,33.983147],[134.610667,33.983079],[134.610574,33.983006],[134.610477,33.98294],[134.610309,33.982831],[134.610243,33.98287],[134.610148,33.98292],[134.610093,33.982939],[134.610057,33.982948],[134.609861,33.982956],[134.609639,33.982973],[134.6096,33.98298],[134.609567,33.982979],[134.609516,33.982974],[134.609388,33.982943],[134.609326,33.982938],[134.60926,33.982937],[134.609134,33.982947],[134.609022,33.982958],[134.608905,33.982977],[134.608821,33.982994],[134.608743,33.983015],[134.608635,33.98306],[134.608528,33.983108],[134.608486,33.983134],[134.608475,33.98316],[134.608491,33.983199],[134.608807,33.983975],[134.608819,33.984006],[134.608796,33.984018],[134.608767,33.984037],[134.608673,33.984079],[134.608656,33.984091],[134.608656,33.984115],[134.608672,33.984172],[134.608745,33.984338],[134.608799,33.984477],[134.608862,33.984632],[134.608887,33.984718],[134.608887,33.984743],[134.608867,33.984761],[134.608807,33.984783],[134.608745,33.984806],[134.608707,33.984826],[134.608669,33.984859],[134.608646,33.984895],[134.608639,33.984957],[134.608643,33.985022],[134.608656,33.985104],[134.608677,33.985162],[134.608717,33.985244],[134.608741,33.985299],[134.608761,33.985348],[134.608778,33.985429],[134.608771,33.985488],[134.60876,33.985528],[134.608733,33.98557],[134.608702,33.9856],[134.608651,33.985636],[134.608592,33.98566],[134.608489,33.985382],[134.608464,33.985316],[134.608505,33.985304],[134.60834,33.984855],[134.608283,33.984868],[134.608182,33.984572],[134.608229,33.984561],[134.60787,33.983635],[134.607877,33.983606],[134.607684,33.983099],[134.60764,33.983111],[134.607627,33.983079],[134.607671,33.983065],[134.607631,33.982961],[134.607586,33.982975],[134.607574,33.982943],[134.607618,33.982926],[134.607572,33.982806],[134.607596,33.982798],[134.607584,33.982769],[134.607562,33.982778],[134.607538,33.982717],[134.607502,33.982717],[134.6075,33.982717],[134.607473,33.982717],[134.607429,33.982722],[134.607381,33.982732],[134.607331,33.982749],[134.607283,33.982769],[134.607236,33.98279],[134.607192,33.982813],[134.60671,33.983042],[134.606368,33.983227],[134.606415,33.983284],[134.606451,33.983675],[134.606312,33.983711],[134.606336,33.984314],[134.605159,33.984426],[134.604991,33.984631],[134.60492,33.984726],[134.604888,33.984785],[134.604875,33.984813],[134.604867,33.98484],[134.604862,33.984867],[134.604859,33.984892],[134.604858,33.984918],[134.604825,33.984825],[134.60478,33.98476],[134.60473,33.984722],[134.60467,33.984682],[134.604607,33.984641],[134.604549,33.98462],[134.604479,33.984614],[134.60436,33.984656],[134.604194,33.984715],[134.604118,33.984664],[134.604034,33.984621],[134.603926,33.984593],[134.602874,33.984462],[134.602889,33.984366],[134.602885,33.984333],[134.602868,33.984308],[134.602835,33.984209],[134.602811,33.984114],[134.602808,33.98406],[134.602807,33.983984],[134.602816,33.983928],[134.602839,33.983885],[134.602872,33.983843],[134.602915,33.983807],[134.603877,33.983185],[134.604147,33.9832],[134.604332,33.983205],[134.604488,33.98321],[134.604662,33.983205],[134.604931,33.983203],[134.605325,33.983183],[134.605653,33.983168],[134.605681,33.982906],[134.605696,33.982705],[134.605716,33.982501],[134.605732,33.982263],[134.605738,33.982148],[134.605743,33.982046],[134.605765,33.981908],[134.605784,33.981815],[134.605816,33.981718],[134.605892,33.981505],[134.605991,33.981282],[134.606074,33.981095],[134.606319,33.980544],[134.606328,33.980514],[134.606444,33.980542],[134.606527,33.98055],[134.606603,33.980554],[134.606745,33.980557],[134.606881,33.980559],[134.607022,33.980558],[134.607128,33.980557],[134.607305,33.980543],[134.607425,33.980525],[134.607542,33.98051],[134.607631,33.980486],[134.607705,33.980458],[134.607731,33.980437],[134.607751,33.980412],[134.607804,33.98032],[134.607889,33.980164],[134.607929,33.98007],[134.608001,33.979877],[134.608068,33.979732],[134.60811,33.979672],[134.608147,33.979642],[134.608217,33.979615],[134.608393,33.979573],[134.608586,33.979525],[134.608589,33.979649],[134.610044,33.979439],[134.610379,33.979286],[134.610941,33.979019],[134.611299,33.978673],[134.61188,33.978134],[134.612396,33.977949],[134.612747,33.977803],[134.612692,33.977913],[134.612626,33.978024],[134.612555,33.978139],[134.612461,33.978279],[134.612351,33.978425],[134.612347,33.97843],[134.612268,33.978537],[134.612193,33.978631],[134.612011,33.978906],[134.61201,33.978907],[134.611905,33.979044],[134.611759,33.97933],[134.611627,33.979588],[134.61152,33.979835],[134.611425,33.980066],[134.611411,33.980099],[134.611372,33.980241],[134.611309,33.980468],[134.611382,33.980496],[134.611435,33.980492],[134.611491,33.980487],[134.611575,33.980426],[134.611643,33.980376],[134.611684,33.980365],[134.611753,33.980359],[134.611828,33.980372],[134.611878,33.9804],[134.611945,33.980472],[134.611981,33.980576],[134.611992,33.980722],[134.612011,33.980944],[134.612016,33.981097],[134.612029,33.981131],[134.612073,33.981146],[134.612498,33.981114],[134.612786,33.981096],[134.613052,33.981104],[134.613323,33.981123],[134.613521,33.981158],[134.613713,33.981214],[134.613824,33.981258],[134.613836,33.981262],[134.614148,33.98136],[134.614372,33.981425],[134.614475,33.981461],[134.614683,33.981524],[134.614805,33.98156],[134.614925,33.981582],[134.61506,33.981602],[134.615395,33.981648],[134.615307,33.981747],[134.615221,33.981875],[134.615194,33.981917],[134.615109,33.982121],[134.615181,33.982147],[134.615668,33.982273],[134.615743,33.982285],[134.61591,33.982325],[134.616039,33.982361],[134.616164,33.982399],[134.616333,33.982412],[134.616514,33.982443],[134.616696,33.982499],[134.616936,33.982572],[134.617107,33.982628],[134.617281,33.982686],[134.617039,33.982704],[134.616754,33.982733],[134.616201,33.982786],[134.615782,33.982835],[134.615837,33.983304]]]},"properties":{"S_NAME":"赤石町","HCODE":8101}},{"type":"Feature","geometry":{"type":"Polygon","coordinates":[[[134.622433,33.982828],[134.622386,33.982959],[134.622353,33.98303],[134.62229,33.983096],[134.621965,33.983406],[134.621887,33.983485],[134.621783,33.983599],[134.621672,33.983705],[134.621598,33.983787],[134.621562,33.983831],[134.621491,33.983918],[134.621441,33.984004],[134.621216,33.983975],[134.621038,33.983953],[134.620879,33.983935],[134.620702,33.983905],[134.620516,33.983873],[134.620432,33.98386],[134.620336,33.983838],[134.620099,33.983759],[134.619944,33.983719],[134.619532,33.983587],[134.619218,33.983487],[134.619088,33.983446],[134.61901,33.98343],[134.618913,33.983412],[134.618462,33.983334],[134.61791,33.983266],[134.617386,33.983193],[134.617353,33.983369],[134.617206,33.983376],[134.616937,33.983385],[134.616803,33.983374],[134.61655,33.983355],[134.616281,33.983335],[134.615945,33.983311],[134.615837,33.983304],[134.615782,33.982835],[134.616201,33.982786],[134.616754,33.982733],[134.617039,33.982704],[134.617281,33.982686],[134.617451,33.982664],[134.617752,33.982685],[134.617962,33.982716],[134.618288,33.982752],[134.618487,33.982766],[134.618711,33.98277],[134.619379,33.982747],[134.619871,33.982782],[134.620215,33.982809],[134.620531,33.982863],[134.620774,33.982918],[134.620962,33.982944],[134.621172,33.982951],[134.621371,33.982925],[134.621666,33.982878],[134.621892,33.982832],[134.621999,33.982805],[134.622132,33.98274],[134.622433,33.982828]]]},"properties":{"S_NAME":"赤石町字緑松","HCODE":8101}},{"type":"Feature","geometry":{"type":"Polygon","coordinates":[[[134.622132,33.98274],[134.621999,33.982805],[134.621892,33.982832],[134.621666,33.982878],[134.621371,33.982925],[134.621172,33.982951],[134.620962,33.982944],[134.620774,33.982918],[134.620531,33.982863],[134.620215,33.982809],[134.619871,33.982782],[134.619379,33.982747],[134.618711,33.98277],[134.618487,33.982766],[134.618288,33.982752],[134.617962,33.982716],[134.617752,33.982685],[134.617993,33.982623],[134.618667,33.982543],[134.618905,33.98251],[134.619147,33.982478],[134.619303,33.982456],[134.619311,33.982404],[134.619339,33.982336],[134.619397,33.982265],[134.619496,33.982147],[134.619621,33.982003],[134.619695,33.981951],[134.619738,33.981903],[134.619788,33.981843],[134.619847,33.981793],[134.619918,33.981722],[134.619967,33.981643],[134.619994,33.981586],[134.62006,33.981451],[134.619944,33.98075],[134.619892,33.980507],[134.619918,33.980198],[134.619907,33.98006],[134.619874,33.979814],[134.619803,33.979405],[134.619717,33.979069],[134.619688,33.978991],[134.619675,33.978736],[134.619658,33.978521],[134.619586,33.978092],[134.619522,33.977809],[134.619478,33.977614],[134.619402,33.977373],[134.619367,33.977237],[134.619316,33.97707],[134.619474,33.976189],[134.622472,33.975917],[134.622476,33.975917],[134.622463,33.976118],[134.622467,33.976284],[134.623367,33.976465],[134.624218,33.97656],[134.624208,33.976786],[134.622584,33.976808],[134.622588,33.976962],[134.622559,33.977902],[134.622588,33.977991],[134.622589,33.977993],[134.622463,33.980433],[134.622552,33.980948],[134.622659,33.981924],[134.622647,33.981977],[134.622672,33.982009],[134.622929,33.982365],[134.622859,33.982395],[134.622527,33.982556],[134.622132,33.98274]]]},"properties":{"S_NAME":"大林町字蛭子免","HCODE":8101}},{"type":"Feature","geometry":{"type":"Polygon","coordinates":[[[134.617752,33.982685],[134.617451,33.982664],[134.617281,33.982686],[134.617107,33.982628],[134.616936,33.982572],[134.616696,33.982499],[134.616514,33.982443],[134.616333,33.982412],[134.616164,33.982399],[134.616039,33.982361],[134.61591,33.982325],[134.615743,33.982285],[134.615668,33.982273],[134.615181,33.982147],[134.615109,33.982121],[134.615194,33.981917],[134.615221,33.981875],[134.615307,33.981747],[134.615395,33.981648],[134.615408,33.981635],[134.615837,33.981193],[134.61601,33.981009],[134.616265,33.980745],[134.616377,33.980596],[134.616398,33.980541],[134.616438,33.980447],[134.616557,33.98014],[134.616654,33.97987],[134.616715,33.979724],[134.616752,33.979656],[134.616789,33.979619],[134.616838,33.979587],[134.616985,33.979547],[134.617328,33.979439],[134.617518,33.979362],[134.617452,33.979107],[134.617449,33.979095],[134.617401,33.978895],[134.617355,33.978731],[134.617289,33.978526],[134.617157,33.978209],[134.617118,33.97802],[134.616996,33.977621],[134.616906,33.977381],[134.616716,33.976736],[134.616631,33.976457],[134.619474,33.976189],[134.619316,33.97707],[134.619367,33.977237],[134.619402,33.977373],[134.619478,33.977614],[134.619522,33.977809],[134.619586,33.978092],[134.619658,33.978521],[134.619675,33.978736],[134.619688,33.978991],[134.619717,33.979069],[134.619803,33.979405],[134.619874,33.979814],[134.619907,33.98006],[134.619918,33.980198],[134.619892,33.980507],[134.619944,33.98075],[134.62006,33.981451],[134.619994,33.981586],[134.619967,33.981643],[134.619918,33.981722],[134.619847,33.981793],[134.619788,33.981843],[134.619738,33.981903],[134.619695,33.981951],[134.619621,33.982003],[134.619496,33.982147],[134.619397,33.982265],[134.619339,33.982336],[134.619311,33.982404],[134.619303,33.982456],[134.619147,33.982478],[134.618905,33.98251],[134.618667,33.982543],[134.617993,33.982623],[134.617752,33.982685]]]},"properties":{"S_NAME":"大林町字金島","HCODE":8101}},{"type":"Feature","geometry":{"type":"Polygon","coordinates":[[[134.614043,33.974369],[134.614008,33.97448],[134.613939,33.97473],[134.613902,33.974849],[134.613883,33.974911],[134.613837,33.975066],[134.61376,33.975325],[134.613752,33.975362],[134.613718,33.975499],[134.613685,33.975676],[134.613617,33.975879],[134.613554,33.976094],[134.61346,33.976382],[134.613349,33.9767],[134.613348,33.976704],[134.613231,33.977071],[134.613125,33.977073],[134.613124,33.977073],[134.613123,33.977073],[134.613117,33.977085],[134.612747,33.977803],[134.612396,33.977949],[134.61188,33.978134],[134.611299,33.978673],[134.610941,33.979019],[134.610379,33.979286],[134.610044,33.979439],[134.608589,33.979649],[134.608586,33.979525],[134.608628,33.979289],[134.608693,33.978995],[134.608747,33.978722],[134.608953,33.978144],[134.610173,33.978081],[134.610241,33.978074],[134.610295,33.97807],[134.610326,33.977988],[134.610354,33.977912],[134.610371,33.97787],[134.610398,33.977819],[134.610436,33.977753],[134.610486,33.977705],[134.610518,33.977667],[134.610563,33.977616],[134.610577,33.977581],[134.610597,33.977471],[134.611351,33.977368],[134.611342,33.977311],[134.611517,33.977285],[134.61178,33.97725],[134.611766,33.977005],[134.611791,33.976988],[134.61183,33.976978],[134.611977,33.976967],[134.612053,33.976963],[134.61219,33.976968],[134.612195,33.976955],[134.612266,33.976769],[134.61231,33.976656],[134.612967,33.974427],[134.613361,33.973121],[134.613413,33.973011],[134.613559,33.972915],[134.614492,33.972667],[134.61473,33.972606],[134.61465,33.972778],[134.61454,33.973002],[134.614409,33.97327],[134.614333,33.973428],[134.614291,33.973543],[134.614206,33.973828],[134.61414,33.97404],[134.614043,33.974369]]]},"properties":{"S_NAME":"大林町字森ノ本","HCODE":8101}},{"type":"Feature","geometry":{"type":"Polygon","coordinates":[[[134.619474,33.976189],[134.616631,33.976457],[134.616716,33.976736],[134.616906,33.977381],[134.616996,33.977621],[134.617118,33.97802],[134.617157,33.978209],[134.617289,33.978526],[134.617355,33.978731],[134.617401,33.978895],[134.617449,33.979095],[134.617452,33.979107],[134.617518,33.979362],[134.617328,33.979439],[134.616985,33.979547],[134.616838,33.979587],[134.616789,33.979619],[134.616752,33.979656],[134.616715,33.979724],[134.616654,33.97987],[134.616557,33.98014],[134.616438,33.980447],[134.616398,33.980541],[134.616377,33.980596],[134.616265,33.980745],[134.61601,33.981009],[134.615837,33.981193],[134.615408,33.981635],[134.615395,33.981648],[134.61506,33.981602],[134.614925,33.981582],[134.614805,33.98156],[134.614683,33.981524],[134.614475,33.981461],[134.614372,33.981425],[134.614148,33.98136],[134.613836,33.981262],[134.613824,33.981258],[134.613713,33.981214],[134.613521,33.981158],[134.613323,33.981123],[134.613052,33.981104],[134.612786,33.981096],[134.612498,33.981114],[134.612073,33.981146],[134.612029,33.981131],[134.612016,33.981097],[134.612011,33.980944],[134.611992,33.980722],[134.611981,33.980576],[134.611945,33.980472],[134.611878,33.9804],[134.611828,33.980372],[134.611753,33.980359],[134.611684,33.980365],[134.611643,33.980376],[134.611575,33.980426],[134.611491,33.980487],[134.611435,33.980492],[134.611382,33.980496],[134.611309,33.980468],[134.611372,33.980241],[134.611411,33.980099],[134.611425,33.980066],[134.61152,33.979835],[134.611627,33.979588],[134.611759,33.97933],[134.611905,33.979044],[134.61201,33.978907],[134.612011,33.978906],[134.612193,33.978631],[134.612268,33.978537],[134.612347,33.97843],[134.612351,33.978425],[134.612461,33.978279],[134.612555,33.978139],[134.612626,33.978024],[134.612692,33.977913],[134.612747,33.977803],[134.613117,33.977085],[134.613123,33.977073],[134.613124,33.977073],[134.613125,33.977073],[134.613231,33.977071],[134.613348,33.976704],[134.613349,33.9767],[134.61346,33.976382],[134.613554,33.976094],[134.613617,33.975879],[134.613685,33.975676],[134.613718,33.975499],[134.613752,33.975362],[134.61376,33.975325],[134.613837,33.975066],[134.613883,33.974911],[134.613902,33.974849],[134.613939,33.97473],[134.614008,33.97448],[134.614043,33.974369],[134.614594,33.974345],[134.614887,33.974321],[134.615194,33.974301],[134.615299,33.974296],[134.615367,33.974283],[134.615438,33.974249],[134.61567,33.974155],[134.615732,33.974138],[134.615806,33.974137],[134.616293,33.97412],[134.616609,33.974105],[134.616839,33.974101],[134.617092,33.974091],[134.617256,33.974098],[134.617458,33.97412],[134.617746,33.97415],[134.617916,33.974165],[134.618316,33.974194],[134.618644,33.974214],[134.618866,33.974229],[134.61898,33.974244],[134.619802,33.974409],[134.619845,33.974406],[134.620423,33.974235],[134.62048,33.974256],[134.62064,33.974325],[134.620823,33.974392],[134.621049,33.974457],[134.621601,33.974614],[134.621888,33.974693],[134.622014,33.974739],[134.622699,33.975108],[134.622713,33.975115],[134.622472,33.975917],[134.619474,33.976189]]]},"properties":{"S_NAME":"大林町字金岡","HCODE":8101}},{"type":"Feature","geometry":{"type":"Polygon","coordinates":[[[134.623751,33.968426],[134.62359,33.969091],[134.623424,33.969667],[134.623535,33.969705],[134.623128,33.971479],[134.622872,33.972987],[134.622766,33.97323],[134.623006,33.973366],[134.622956,33.97343],[134.622842,33.973586],[134.622934,33.973668],[134.622984,33.973719],[134.623021,33.973775],[134.623051,33.973839],[134.623114,33.973972],[134.623154,33.97405],[134.623248,33.97418],[134.623022,33.974262],[134.623025,33.974267],[134.622983,33.974282],[134.622768,33.974558],[134.622876,33.974625],[134.622872,33.974627],[134.622843,33.974659],[134.622824,33.974767],[134.622828,33.974907],[134.622819,33.974955],[134.622699,33.975108],[134.622014,33.974739],[134.621888,33.974693],[134.621601,33.974614],[134.621049,33.974457],[134.620823,33.974392],[134.62064,33.974325],[134.62048,33.974256],[134.620423,33.974235],[134.619845,33.974406],[134.619802,33.974409],[134.61898,33.974244],[134.618866,33.974229],[134.618644,33.974214],[134.618316,33.974194],[134.617916,33.974165],[134.617746,33.97415],[134.617458,33.97412],[134.617256,33.974098],[134.617092,33.974091],[134.616839,33.974101],[134.616609,33.974105],[134.616293,33.97412],[134.615806,33.974137],[134.615732,33.974138],[134.61567,33.974155],[134.615438,33.974249],[134.615367,33.974283],[134.615299,33.974296],[134.615194,33.974301],[134.614887,33.974321],[134.614594,33.974345],[134.614043,33.974369],[134.61414,33.97404],[134.614206,33.973828],[134.614291,33.973543],[134.614333,33.973428],[134.614409,33.97327],[134.61454,33.973002],[134.61465,33.972778],[134.61473,33.972606],[134.614492,33.972667],[134.613559,33.972915],[134.613413,33.973011],[134.612782,33.972192],[134.612723,33.972144],[134.612657,33.972113],[134.612545,33.971675],[134.613259,33.97159],[134.61356,33.971543],[134.61373,33.971512],[134.613874,33.971495],[134.614104,33.971462],[134.614242,33.971444],[134.614428,33.971408],[134.614646,33.971362],[134.614855,33.971311],[134.614984,33.971283],[134.61508,33.971492],[134.615004,33.971553],[134.614952,33.971642],[134.614946,33.97168],[134.614944,33.971715],[134.614961,33.971744],[134.615021,33.971816],[134.615114,33.97188],[134.615298,33.97165],[134.615489,33.971398],[134.615799,33.971074],[134.616028,33.970849],[134.616948,33.969917],[134.617337,33.969519],[134.617699,33.969143],[134.618031,33.968793],[134.618394,33.968418],[134.618542,33.968217],[134.618689,33.967987],[134.61881,33.967706],[134.618924,33.967355],[134.61907,33.966977],[134.619223,33.966504],[134.619368,33.966097],[134.61946,33.965867],[134.619683,33.965202],[134.619961,33.965252],[134.62002,33.965477],[134.620092,33.965657],[134.620209,33.965632],[134.620278,33.965901],[134.620348,33.965922],[134.62038,33.96595],[134.620403,33.965998],[134.620412,33.966035],[134.620241,33.966043],[134.620274,33.966238],[134.620294,33.966341],[134.620332,33.966494],[134.620728,33.96656],[134.620727,33.966568],[134.620721,33.966601],[134.620723,33.966633],[134.620755,33.966718],[134.620757,33.966766],[134.62074,33.966805],[134.6207,33.966841],[134.620667,33.966878],[134.620745,33.967012],[134.620942,33.967324],[134.620803,33.967416],[134.620879,33.96749],[134.620897,33.967528],[134.620919,33.967571],[134.62095,33.967601],[134.621024,33.967649],[134.621094,33.967691],[134.621151,33.967711],[134.621199,33.967722],[134.621267,33.967731],[134.621328,33.96774],[134.621396,33.967749],[134.621455,33.967778],[134.621514,33.967826],[134.621573,33.967855],[134.621638,33.967876],[134.621682,33.96792],[134.621763,33.968046],[134.621835,33.968226],[134.621882,33.968343],[134.621924,33.968367],[134.622028,33.968424],[134.622089,33.968455],[134.622118,33.968449],[134.622195,33.968395],[134.622309,33.968316],[134.622459,33.968224],[134.622514,33.968206],[134.622565,33.9682],[134.622865,33.96838],[134.623164,33.968535],[134.623326,33.968372],[134.623492,33.968396],[134.623751,33.968426]]]},"properties":{"S_NAME":"大林町字岩戸","HCODE":8101}},{"type":"Feature","geometry":{"type":"Polygon","coordinates":[[[134.613413,33.973011],[134.613361,33.973121],[134.612967,33.974427],[134.61231,33.976656],[134.612266,33.976769],[134.612195,33.976955],[134.61219,33.976968],[134.612053,33.976963],[134.611977,33.976967],[134.61183,33.976978],[134.611791,33.976988],[134.611766,33.977005],[134.61178,33.97725],[134.611517,33.977285],[134.611342,33.977311],[134.611351,33.977368],[134.610597,33.977471],[134.610205,33.977173],[134.610186,33.977155],[134.610218,33.977048],[134.61024,33.976959],[134.610262,33.976871],[134.610287,33.976779],[134.610306,33.976685],[134.610314,33.976622],[134.610325,33.976563],[134.610316,33.976514],[134.610302,33.976452],[134.610273,33.97632],[134.610243,33.976193],[134.610227,33.976127],[134.61021,33.976087],[134.610181,33.976046],[134.610131,33.976011],[134.610031,33.975962],[134.609993,33.975929],[134.609957,33.975894],[134.609947,33.975853],[134.609973,33.975767],[134.610013,33.975643],[134.610112,33.975327],[134.610046,33.975305],[134.60997,33.975278],[134.609975,33.97495],[134.609973,33.974774],[134.609979,33.974711],[134.610016,33.974667],[134.61007,33.974605],[134.610143,33.97453],[134.610173,33.974503],[134.610216,33.974476],[134.61025,33.974453],[134.610374,33.9744],[134.610433,33.974371],[134.610472,33.974339],[134.610506,33.974307],[134.610537,33.974255],[134.610567,33.974214],[134.610581,33.974177],[134.610583,33.974135],[134.610559,33.974086],[134.610532,33.974054],[134.610416,33.973945],[134.610298,33.973851],[134.610229,33.973795],[134.61014,33.973751],[134.610089,33.973716],[134.610135,33.973681],[134.610178,33.97366],[134.610232,33.973629],[134.610344,33.973489],[134.610441,33.973365],[134.610534,33.973254],[134.61062,33.973156],[134.610742,33.973025],[134.610903,33.972867],[134.611,33.97277],[134.6113,33.9725],[134.611309,33.972475],[134.611295,33.972457],[134.610963,33.972162],[134.611057,33.972101],[134.611143,33.972031],[134.6112,33.971986],[134.611252,33.971944],[134.611279,33.971806],[134.611183,33.971719],[134.611032,33.971619],[134.6109,33.971505],[134.610759,33.971373],[134.61076,33.971337],[134.610421,33.970783],[134.611232,33.970098],[134.611252,33.970072],[134.611297,33.969997],[134.611307,33.969969],[134.611295,33.969919],[134.611268,33.969849],[134.611234,33.969767],[134.610996,33.969273],[134.61129,33.969071],[134.611763,33.968746],[134.612047,33.968551],[134.612225,33.968429],[134.612348,33.968331],[134.612414,33.968224],[134.612532,33.967914],[134.612463,33.967813],[134.612311,33.967698],[134.612092,33.967594],[134.612067,33.96763],[134.61144,33.968425],[134.610886,33.968096],[134.610938,33.968018],[134.610962,33.967972],[134.611018,33.967888],[134.611063,33.967823],[134.611192,33.967651],[134.611343,33.967481],[134.611488,33.967374],[134.611562,33.967304],[134.611695,33.967197],[134.611791,33.96713],[134.611886,33.967065],[134.612096,33.966923],[134.612133,33.966905],[134.612165,33.96688],[134.612206,33.966839],[134.612234,33.966797],[134.612281,33.966726],[134.612329,33.966664],[134.612371,33.966619],[134.612439,33.966574],[134.612523,33.966536],[134.612578,33.966506],[134.61265,33.966476],[134.612314,33.966152],[134.612036,33.965867],[134.611993,33.965711],[134.611964,33.965564],[134.611965,33.965365],[134.612041,33.965349],[134.612141,33.965334],[134.61226,33.965284],[134.61235,33.96523],[134.61242,33.965196],[134.612533,33.965155],[134.612592,33.965137],[134.612645,33.965117],[134.612822,33.965079],[134.612916,33.965051],[134.61312,33.965008],[134.61326,33.964973],[134.613374,33.964964],[134.613479,33.964968],[134.613533,33.964978],[134.613623,33.964997],[134.613687,33.964987],[134.613758,33.964975],[134.613893,33.964944],[134.613947,33.964925],[134.613993,33.96488],[134.61407,33.96482],[134.614099,33.964802],[134.614152,33.964784],[134.614277,33.964756],[134.614339,33.964748],[134.614485,33.964693],[134.614597,33.964649],[134.614735,33.964588],[134.614842,33.964545],[134.614963,33.964494],[134.61503,33.964466],[134.615116,33.964451],[134.615296,33.964411],[134.615448,33.964397],[134.615512,33.964367],[134.615672,33.964288],[134.615886,33.964199],[134.616241,33.964052],[134.616753,33.963973],[134.616757,33.964022],[134.616851,33.964038],[134.617,33.96402],[134.617076,33.964021],[134.61717,33.964028],[134.617289,33.964069],[134.617769,33.964275],[134.617828,33.964294],[134.618019,33.964336],[134.618128,33.964374],[134.618286,33.964421],[134.618436,33.964479],[134.618473,33.964494],[134.618667,33.96478],[134.618821,33.964989],[134.618876,33.965049],[134.61915,33.964957],[134.619264,33.964926],[134.61947,33.96488],[134.619552,33.96517],[134.619683,33.965202],[134.61946,33.965867],[134.619368,33.966097],[134.619223,33.966504],[134.61907,33.966977],[134.618924,33.967355],[134.61881,33.967706],[134.618689,33.967987],[134.618542,33.968217],[134.618394,33.968418],[134.618031,33.968793],[134.617699,33.969143],[134.617337,33.969519],[134.616948,33.969917],[134.616028,33.970849],[134.615799,33.971074],[134.615489,33.971398],[134.615298,33.97165],[134.615114,33.97188],[134.615021,33.971816],[134.614961,33.971744],[134.614944,33.971715],[134.614946,33.97168],[134.614952,33.971642],[134.615004,33.971553],[134.61508,33.971492],[134.614984,33.971283],[134.614855,33.971311],[134.614646,33.971362],[134.614428,33.971408],[134.614242,33.971444],[134.614104,33.971462],[134.613874,33.971495],[134.61373,33.971512],[134.61356,33.971543],[134.613259,33.97159],[134.612545,33.971675],[134.612657,33.972113],[134.612723,33.972144],[134.612782,33.972192],[134.613413,33.973011]]]},"properties":{"S_NAME":"大林町字宮免","HCODE":8101}},{"type":"Feature","geometry":{"type":"Polygon","coordinates":[[[134.627506,33.984974],[134.627441,33.985485],[134.627287,33.985425],[134.627172,33.985383],[134.62696,33.985317],[134.626818,33.985283],[134.626596,33.985245],[134.626333,33.985214],[134.626229,33.985205],[134.626086,33.98518],[134.626009,33.985154],[134.625931,33.985119],[134.625834,33.98506],[134.625678,33.984966],[134.625552,33.984888],[134.625473,33.98483],[134.6254,33.984779],[134.625332,33.984715],[134.625252,33.984629],[134.624981,33.98435],[134.624891,33.984268],[134.624825,33.984226],[134.624774,33.984207],[134.624719,33.984196],[134.62454,33.98419],[134.624308,33.984182],[134.624224,33.98418],[134.624184,33.984185],[134.624121,33.984206],[134.624066,33.984226],[134.624017,33.984238],[134.623954,33.984251],[134.62389,33.984256],[134.623789,33.98424],[134.623711,33.984215],[134.623508,33.984145],[134.623189,33.984072],[134.622939,33.98401],[134.62281,33.983976],[134.622678,33.983922],[134.622374,33.983757],[134.621887,33.983485],[134.621965,33.983406],[134.62229,33.983096],[134.622353,33.98303],[134.622386,33.982959],[134.622433,33.982828],[134.622813,33.982952],[134.623118,33.983046],[134.623514,33.983178],[134.62382,33.983274],[134.624159,33.983384],[134.624541,33.983504],[134.625057,33.983689],[134.62567,33.983941],[134.626493,33.984337],[134.627506,33.984974]]]},"properties":{"S_NAME":"坂野町字鸛の巣","HCODE":8101}},{"type":"Feature","geometry":{"type":"Polygon","coordinates":[[[134.628117,33.982109],[134.628094,33.9823],[134.628068,33.982554],[134.628046,33.98263],[134.628011,33.982665],[134.627881,33.982875],[134.627813,33.982968],[134.627781,33.983023],[134.627767,33.983144],[134.627723,33.983337],[134.627718,33.983397],[134.62773,33.983582],[134.627705,33.983663],[134.627674,33.983748],[134.627653,33.98383],[134.627631,33.983924],[134.627628,33.984011],[134.627629,33.984107],[134.627615,33.984205],[134.627588,33.984395],[134.627542,33.984721],[134.627506,33.984974],[134.626493,33.984337],[134.62567,33.983941],[134.625057,33.983689],[134.624541,33.983504],[134.624159,33.983384],[134.62382,33.983274],[134.623514,33.983178],[134.623118,33.983046],[134.622813,33.982952],[134.622433,33.982828],[134.622132,33.98274],[134.622527,33.982556],[134.622859,33.982395],[134.622929,33.982365],[134.623128,33.982275],[134.62325,33.982225],[134.623347,33.982187],[134.623522,33.982148],[134.623788,33.982106],[134.624172,33.982066],[134.624571,33.982031],[134.624891,33.982014],[134.62514,33.981994],[134.625433,33.982031],[134.625673,33.982068],[134.625875,33.982116],[134.62606,33.982168],[134.62625,33.982208],[134.626361,33.982223],[134.626634,33.982237],[134.626969,33.982247],[134.627219,33.982252],[134.627441,33.982235],[134.627899,33.982147],[134.628117,33.982109]]]},"properties":{"S_NAME":"坂野町字大原","HCODE":8101}},{"type":"Feature","geometry":{"type":"Polygon","coordinates":[[[134.63263,33.987807],[134.632585,33.987809],[134.632511,33.987803],[134.632416,33.987795],[134.632293,33.987783],[134.632191,33.987779],[134.632042,33.987784],[134.63187,33.987796],[134.631697,33.987808],[134.631593,33.987821],[134.631532,33.987821],[134.631482,33.987811],[134.631427,33.987792],[134.631369,33.987764],[134.631243,33.98769],[134.630867,33.98747],[134.630617,33.987323],[134.630502,33.98726],[134.630415,33.987209],[134.63035,33.987175],[134.630263,33.987117],[134.630173,33.987056],[134.630098,33.986991],[134.629899,33.98683],[134.629735,33.98674],[134.629566,33.986663],[134.629443,33.986617],[134.629338,33.986604],[134.629017,33.986319],[134.628626,33.986223],[134.628477,33.986179],[134.628414,33.986158],[134.628348,33.986138],[134.628267,33.986099],[134.628024,33.985877],[134.627869,33.985733],[134.627753,33.985616],[134.627727,33.985607],[134.627595,33.985544],[134.627441,33.985485],[134.627506,33.984974],[134.627542,33.984721],[134.627588,33.984395],[134.627615,33.984205],[134.627629,33.984107],[134.627628,33.984011],[134.627631,33.983924],[134.627653,33.98383],[134.627674,33.983748],[134.627705,33.983663],[134.62773,33.983582],[134.627718,33.983397],[134.627723,33.983337],[134.627767,33.983144],[134.627781,33.983023],[134.627813,33.982968],[134.627881,33.982875],[134.628011,33.982665],[134.628046,33.98263],[134.628068,33.982554],[134.628094,33.9823],[134.628117,33.982109],[134.628556,33.982029],[134.628739,33.981985],[134.628857,33.982137],[134.628979,33.982303],[134.629085,33.982444],[134.629346,33.982589],[134.629534,33.982702],[134.629782,33.982864],[134.630015,33.98293],[134.630309,33.983008],[134.630545,33.98308],[134.630682,33.983129],[134.630977,33.98323],[134.631117,33.983287],[134.631236,33.983371],[134.631378,33.983469],[134.631504,33.983539],[134.631622,33.983586],[134.631812,33.983633],[134.632096,33.983682],[134.632358,33.983732],[134.632556,33.983875],[134.632783,33.984035],[134.633014,33.984189],[134.633029,33.984629],[134.633056,33.9851],[134.633095,33.985744],[134.63311,33.986239],[134.633269,33.987308],[134.63323,33.987335],[134.633176,33.987409],[134.632736,33.987738],[134.63263,33.987807]]]},"properties":{"S_NAME":"坂野町字島ノ内","HCODE":8101}},{"type":"Feature","geometry":{"type":"Polygon","coordinates":[[[134.639873,33.987298],[134.639451,33.98729],[134.638883,33.987266],[134.638322,33.987253],[134.637966,33.987213],[134.637859,33.987202],[134.637836,33.987183],[134.637782,33.987186],[134.637704,33.987148],[134.637556,33.987136],[134.637371,33.98712],[134.637234,33.987105],[134.637171,33.987093],[134.636991,33.987034],[134.636227,33.986861],[134.636155,33.98685],[134.636083,33.986835],[134.635958,33.986791],[134.635806,33.986749],[134.635566,33.986694],[134.635398,33.986678],[134.635192,33.986657],[134.635151,33.986758],[134.635134,33.986781],[134.635105,33.986791],[134.634975,33.986819],[134.634782,33.986872],[134.634624,33.986934],[134.634228,33.98714],[134.634078,33.987217],[134.633804,33.987371],[134.633756,33.987389],[134.633705,33.987399],[134.633663,33.987399],[134.633605,33.987397],[134.633523,33.987376],[134.633334,33.98732],[134.633269,33.987308],[134.63311,33.986239],[134.633095,33.985744],[134.633056,33.9851],[134.633029,33.984629],[134.633014,33.984189],[134.63302,33.983925],[134.633027,33.983798],[134.633045,33.983698],[134.633081,33.98364],[134.633196,33.983526],[134.633343,33.98337],[134.633461,33.983254],[134.633651,33.983069],[134.633742,33.98298],[134.63379,33.982931],[134.633896,33.982767],[134.633914,33.98269],[134.634232,33.982691],[134.634514,33.982688],[134.634593,33.98268],[134.6347,33.982672],[134.634792,33.982648],[134.634893,33.982613],[134.635098,33.982528],[134.635272,33.982453],[134.636407,33.981943],[134.636655,33.982225],[134.636771,33.982304],[134.636924,33.982381],[134.637047,33.982445],[134.637169,33.982504],[134.637447,33.982596],[134.637525,33.982632],[134.637623,33.982701],[134.637728,33.982792],[134.637842,33.982845],[134.637977,33.982907],[134.638124,33.982984],[134.638178,33.983043],[134.638258,33.983138],[134.638376,33.983287],[134.638432,33.983381],[134.638478,33.983454],[134.638561,33.983598],[134.638651,33.983765],[134.638723,33.983884],[134.63877,33.983955],[134.638841,33.984058],[134.638923,33.984142],[134.639063,33.984287],[134.639151,33.984381],[134.639222,33.984444],[134.639377,33.984747],[134.639477,33.984943],[134.639557,33.985111],[134.639657,33.985326],[134.639759,33.985527],[134.639826,33.985653],[134.63991,33.98576],[134.640014,33.985894],[134.640026,33.985976],[134.640024,33.986123],[134.640011,33.986375],[134.639988,33.98652],[134.639951,33.986698],[134.639916,33.986853],[134.639881,33.987007],[134.639869,33.987134],[134.639871,33.987284],[134.639871,33.987288],[134.639873,33.987298]]]},"properties":{"S_NAME":"坂野町字野神","HCODE":8101}},{"type":"Feature","geometry":{"type":"Polygon","coordinates":[[[134.650596,33.985428],[134.650489,33.985633],[134.650387,33.98583],[134.650349,33.985929],[134.650297,33.986076],[134.650258,33.986133],[134.650141,33.986298],[134.649916,33.986654],[134.649843,33.986784],[134.649706,33.987021],[134.649545,33.987317],[134.649345,33.987649],[134.649241,33.987788],[134.64915,33.987889],[134.64884,33.988214],[134.648571,33.988496],[134.647985,33.98912],[134.647654,33.98946],[134.64754,33.989589],[134.647384,33.989746],[134.647196,33.989952],[134.647032,33.990133],[134.646851,33.990324],[134.64667,33.990496],[134.646555,33.990573],[134.646469,33.990617],[134.646387,33.990656],[134.646313,33.990681],[134.646212,33.990705],[134.646056,33.99073],[134.645898,33.990756],[134.645694,33.990783],[134.645462,33.990487],[134.645115,33.990156],[134.64482,33.989916],[134.644639,33.989716],[134.644544,33.989646],[134.644499,33.989604],[134.644464,33.989551],[134.644423,33.989511],[134.644296,33.989413],[134.644162,33.989285],[134.643977,33.989136],[134.643938,33.98909],[134.643909,33.989043],[134.643898,33.988999],[134.643893,33.988918],[134.643867,33.988839],[134.643838,33.98875],[134.643748,33.988794],[134.643672,33.988813],[134.643605,33.988804],[134.643539,33.988786],[134.642975,33.988619],[134.642846,33.98858],[134.642653,33.988534],[134.64255,33.98852],[134.64245,33.988509],[134.642389,33.988506],[134.642292,33.988495],[134.642179,33.988473],[134.642048,33.988446],[134.64196,33.988433],[134.641917,33.988423],[134.641877,33.988407],[134.64184,33.988379],[134.641631,33.988171],[134.641429,33.987941],[134.641261,33.987731],[134.641245,33.98771],[134.641216,33.987677],[134.641178,33.987652],[134.641161,33.987646],[134.641127,33.987599],[134.640759,33.987468],[134.640247,33.987365],[134.639978,33.987299],[134.639875,33.987306],[134.639873,33.987298],[134.639871,33.987288],[134.639871,33.987284],[134.639869,33.987134],[134.639881,33.987007],[134.639916,33.986853],[134.639951,33.986698],[134.639988,33.98652],[134.640011,33.986375],[134.640024,33.986123],[134.640026,33.985976],[134.640014,33.985894],[134.63991,33.98576],[134.639826,33.985653],[134.639759,33.985527],[134.639657,33.985326],[134.639557,33.985111],[134.639477,33.984943],[134.639377,33.984747],[134.639222,33.984444],[134.639281,33.984438],[134.639492,33.98449],[134.639678,33.984551],[134.639765,33.984578],[134.639989,33.984639],[134.640187,33.984686],[134.640345,33.984725],[134.640475,33.984797],[134.640594,33.984861],[134.64069,33.984911],[134.640837,33.985008],[134.640928,33.985044],[134.641082,33.985097],[134.641196,33.985129],[134.64133,33.985158],[134.641427,33.985167],[134.641508,33.985176],[134.64153,33.98511],[134.641555,33.984974],[134.641584,33.984874],[134.6416,33.98481],[134.641637,33.984773],[134.641689,33.984749],[134.641791,33.984734],[134.64192,33.984701],[134.641959,33.98467],[134.642004,33.984619],[134.642101,33.984477],[134.642157,33.984405],[134.642214,33.98437],[134.642304,33.984315],[134.642394,33.984282],[134.642428,33.984256],[134.642478,33.984212],[134.642805,33.983836],[134.642739,33.983764],[134.64268,33.983711],[134.642731,33.983708],[134.642791,33.983667],[134.642897,33.983546],[134.643015,33.983395],[134.643138,33.983201],[134.643214,33.983076],[134.643263,33.982981],[134.643371,33.982698],[134.643445,33.982513],[134.64352,33.982389],[134.643625,33.982244],[134.643695,33.982153],[134.643808,33.982001],[134.64388,33.981906],[134.644014,33.981731],[134.644058,33.981653],[134.644065,33.981609],[134.644045,33.981418],[134.644032,33.981299],[134.644037,33.981249],[134.644052,33.981167],[134.644055,33.98113],[134.644074,33.981216],[134.644082,33.981301],[134.644095,33.981418],[134.644109,33.981564],[134.64416,33.981778],[134.644229,33.981909],[134.644396,33.982103],[134.644556,33.982269],[134.644723,33.982371],[134.64497,33.982449],[134.645049,33.982471],[134.645183,33.982586],[134.645357,33.982699],[134.645836,33.98292],[134.646263,33.983104],[134.6466,33.98328],[134.646791,33.98349],[134.64688,33.983584],[134.646979,33.983653],[134.647047,33.98369],[134.647189,33.983694],[134.647317,33.983698],[134.647383,33.983721],[134.647414,33.983752],[134.647503,33.98381],[134.647611,33.983825],[134.647704,33.983856],[134.647764,33.98387],[134.64836,33.983347],[134.64853,33.983494],[134.648701,33.983665],[134.648835,33.983815],[134.649105,33.984106],[134.649199,33.984179],[134.649271,33.984214],[134.649371,33.984237],[134.649185,33.984513],[134.649004,33.984822],[134.649061,33.98485],[134.650055,33.985232],[134.650311,33.985328],[134.650445,33.985375],[134.650596,33.985428]]]},"properties":{"S_NAME":"坂野町字神長","HCODE":8101}},{"type":"Feature","geometry":{"type":"Polygon","coordinates":[[[134.643371,33.982698],[134.643263,33.982981],[134.643214,33.983076],[134.643138,33.983201],[134.643015,33.983395],[134.642897,33.983546],[134.642791,33.983667],[134.642731,33.983708],[134.64268,33.983711],[134.642739,33.983764],[134.642805,33.983836],[134.642478,33.984212],[134.642428,33.984256],[134.642394,33.984282],[134.642304,33.984315],[134.642214,33.98437],[134.642157,33.984405],[134.642101,33.984477],[134.642004,33.984619],[134.641959,33.98467],[134.64192,33.984701],[134.641791,33.984734],[134.641689,33.984749],[134.641637,33.984773],[134.6416,33.98481],[134.641584,33.984874],[134.641555,33.984974],[134.64153,33.98511],[134.641508,33.985176],[134.641427,33.985167],[134.64133,33.985158],[134.641196,33.985129],[134.641082,33.985097],[134.640928,33.985044],[134.640837,33.985008],[134.64069,33.984911],[134.640594,33.984861],[134.640475,33.984797],[134.640345,33.984725],[134.640187,33.984686],[134.639989,33.984639],[134.639765,33.984578],[134.639678,33.984551],[134.639492,33.98449],[134.639281,33.984438],[134.639222,33.984444],[134.639151,33.984381],[134.639063,33.984287],[134.638923,33.984142],[134.638841,33.984058],[134.63877,33.983955],[134.638723,33.983884],[134.638651,33.983765],[134.638561,33.983598],[134.638478,33.983454],[134.638432,33.983381],[134.638376,33.983287],[134.638258,33.983138],[134.638178,33.983043],[134.638124,33.982984],[134.637977,33.982907],[134.637842,33.982845],[134.637728,33.982792],[134.637623,33.982701],[134.637525,33.982632],[134.637447,33.982596],[134.637169,33.982504],[134.637047,33.982445],[134.636924,33.982381],[134.636771,33.982304],[134.636655,33.982225],[134.636407,33.981943],[134.636884,33.981732],[134.63722,33.981583],[134.637526,33.98145],[134.637735,33.981368],[134.638017,33.981249],[134.638212,33.981164],[134.638332,33.981123],[134.638593,33.981073],[134.638819,33.981046],[134.639149,33.981022],[134.639391,33.98102],[134.639626,33.981037],[134.639786,33.981069],[134.639944,33.981119],[134.640069,33.981172],[134.640389,33.981324],[134.641496,33.98184],[134.643371,33.982698]]]},"properties":{"S_NAME":"坂野町字楠塚","HCODE":8101}},{"type":"Feature","geometry":{"type":"Polygon","coordinates":[[[134.644055,33.98113],[134.644052,33.981167],[134.644037,33.981249],[134.644032,33.981299],[134.644045,33.981418],[134.644065,33.981609],[134.644058,33.981653],[134.644014,33.981731],[134.64388,33.981906],[134.643808,33.982001],[134.643695,33.982153],[134.643625,33.982244],[134.64352,33.982389],[134.643445,33.982513],[134.643371,33.982698],[134.641496,33.98184],[134.640389,33.981324],[134.640069,33.981172],[134.639944,33.981119],[134.639786,33.981069],[134.639626,33.981037],[134.639391,33.98102],[134.639257,33.980794],[134.639104,33.980555],[134.638969,33.98034],[134.638742,33.980008],[134.638648,33.97986],[134.638731,33.979893],[134.638901,33.979892],[134.63902,33.979874],[134.639162,33.979831],[134.639334,33.979762],[134.639502,33.979675],[134.639652,33.979611],[134.63979,33.979549],[134.639901,33.979504],[134.640177,33.979406],[134.641016,33.979162],[134.641324,33.979076],[134.641607,33.979004],[134.641795,33.978951],[134.642161,33.978829],[134.642358,33.979004],[134.642487,33.979145],[134.642813,33.979606],[134.643017,33.979538],[134.643142,33.979512],[134.643309,33.979626],[134.643395,33.979872],[134.643454,33.980014],[134.643577,33.980264],[134.643719,33.980517],[134.643842,33.980714],[134.64392,33.980818],[134.643955,33.980847],[134.644058,33.981075],[134.644055,33.98113]]]},"properties":{"S_NAME":"坂野町字境野","HCODE":8101}},{"type":"Feature","geometry":{"type":"Polygon","coordinates":[[[134.639391,33.98102],[134.639149,33.981022],[134.638819,33.981046],[134.638593,33.981073],[134.638332,33.981123],[134.638212,33.981164],[134.638017,33.981249],[134.637735,33.981368],[134.637526,33.98145],[134.63722,33.981583],[134.636884,33.981732],[134.636407,33.981943],[134.63638,33.981765],[134.636346,33.981625],[134.636326,33.981531],[134.636291,33.981422],[134.636262,33.98133],[134.636181,33.981173],[134.636115,33.981024],[134.636046,33.980899],[134.63596,33.980749],[134.635906,33.980626],[134.635831,33.980487],[134.636125,33.980358],[134.636416,33.980239],[134.636546,33.980182],[134.636808,33.980004],[134.636911,33.97994],[134.6371,33.979808],[134.637447,33.979512],[134.637624,33.979363],[134.637701,33.979298],[134.637792,33.979232],[134.63785,33.979199],[134.637892,33.979173],[134.638044,33.979127],[134.638074,33.979296],[134.638109,33.979405],[134.638161,33.979497],[134.6382,33.97955],[134.638301,33.979605],[134.638405,33.979667],[134.638535,33.979772],[134.638648,33.97986],[134.638742,33.980008],[134.638969,33.98034],[134.639104,33.980555],[134.639257,33.980794],[134.639391,33.98102]]]},"properties":{"S_NAME":"坂野町字経塚","HCODE":8101}},{"type":"Feature","geometry":{"type":"Polygon","coordinates":[[[134.634484,33.981007],[134.634552,33.981358],[134.634597,33.981527],[134.634637,33.981753],[134.634672,33.981941],[134.634705,33.981999],[134.635041,33.982409],[134.635098,33.982528],[134.634893,33.982613],[134.634792,33.982648],[134.6347,33.982672],[134.634593,33.98268],[134.634514,33.982688],[134.634232,33.982691],[134.633914,33.98269],[134.633151,33.982685],[134.633184,33.982575],[134.633235,33.982529],[134.633289,33.982482],[134.633325,33.982409],[134.633352,33.98232],[134.633392,33.98222],[134.633442,33.982142],[134.633093,33.981965],[134.633088,33.981943],[134.633097,33.981905],[134.63312,33.981864],[134.633181,33.981833],[134.633315,33.981793],[134.633484,33.981758],[134.633667,33.981734],[134.633698,33.981732],[134.633707,33.981753],[134.633724,33.981919],[134.633765,33.981886],[134.633841,33.981832],[134.633958,33.981758],[134.634058,33.981708],[134.634104,33.98131],[134.634075,33.98121],[134.634014,33.981044],[134.634415,33.981003],[134.634484,33.981007]]]},"properties":{"S_NAME":"坂野町字野神","HCODE":8101}},{"type":"Feature","geometry":{"type":"Polygon","coordinates":[[[134.636407,33.981943],[134.635272,33.982453],[134.635098,33.982528],[134.635041,33.982409],[134.634705,33.981999],[134.634672,33.981941],[134.634637,33.981753],[134.634597,33.981527],[134.634552,33.981358],[134.634484,33.981007],[134.634598,33.98099],[134.634942,33.980908],[134.635103,33.980853],[134.635228,33.980806],[134.635399,33.980714],[134.635831,33.980487],[134.635906,33.980626],[134.63596,33.980749],[134.636046,33.980899],[134.636115,33.981024],[134.636181,33.981173],[134.636262,33.98133],[134.636291,33.981422],[134.636326,33.981531],[134.636346,33.981625],[134.63638,33.981765],[134.636407,33.981943]]]},"properties":{"S_NAME":"坂野町字大久保","HCODE":8101}},{"type":"Feature","geometry":{"type":"Polygon","coordinates":[[[134.633914,33.98269],[134.633896,33.982767],[134.63379,33.982931],[134.633742,33.98298],[134.633651,33.983069],[134.633461,33.983254],[134.633343,33.98337],[134.633196,33.983526],[134.633081,33.98364],[134.633045,33.983698],[134.633027,33.983798],[134.63302,33.983925],[134.633014,33.984189],[134.632783,33.984035],[134.632556,33.983875],[134.632358,33.983732],[134.632096,33.983682],[134.631812,33.983633],[134.631622,33.983586],[134.631504,33.983539],[134.631378,33.983469],[134.631236,33.983371],[134.631117,33.983287],[134.630977,33.98323],[134.630682,33.983129],[134.630545,33.98308],[134.630309,33.983008],[134.630015,33.98293],[134.629782,33.982864],[134.629534,33.982702],[134.630601,33.98269],[134.633151,33.982685],[134.633914,33.98269]]]},"properties":{"S_NAME":"坂野町字松の","HCODE":8101}},{"type":"Feature","geometry":{"type":"Polygon","coordinates":[[[134.634014,33.981044],[134.634075,33.98121],[134.634104,33.98131],[134.634058,33.981708],[134.633958,33.981758],[134.633841,33.981832],[134.633765,33.981886],[134.633724,33.981919],[134.633707,33.981753],[134.633698,33.981732],[134.633667,33.981734],[134.633484,33.981758],[134.633315,33.981793],[134.633181,33.981833],[134.63312,33.981864],[134.633097,33.981905],[134.633088,33.981943],[134.633093,33.981965],[134.633442,33.982142],[134.633392,33.98222],[134.633352,33.98232],[134.633325,33.982409],[134.633289,33.982482],[134.633235,33.982529],[134.633184,33.982575],[134.633151,33.982685],[134.630601,33.98269],[134.629534,33.982702],[134.629346,33.982589],[134.629085,33.982444],[134.628979,33.982303],[134.628857,33.982137],[134.628739,33.981985],[134.629025,33.981831],[134.629311,33.981726],[134.629524,33.98165],[134.629896,33.981432],[134.630053,33.981357],[134.630267,33.981299],[134.630625,33.981207],[134.630884,33.981148],[134.631135,33.981162],[134.631569,33.981197],[134.6319,33.981233],[134.632133,33.98126],[134.632343,33.981286],[134.632485,33.981289],[134.632721,33.98125],[134.632921,33.981215],[134.633267,33.981162],[134.63357,33.981109],[134.633772,33.981069],[134.634014,33.981044]]]},"properties":{"S_NAME":"坂野町字根上り","HCODE":8101}},{"type":"Feature","geometry":{"type":"Polygon","coordinates":[[[134.628117,33.982109],[134.627899,33.982147],[134.627441,33.982235],[134.627219,33.982252],[134.626969,33.982247],[134.626634,33.982237],[134.626361,33.982223],[134.62625,33.982208],[134.62606,33.982168],[134.625875,33.982116],[134.625673,33.982068],[134.625433,33.982031],[134.62514,33.981994],[134.624891,33.982014],[134.624571,33.982031],[134.624172,33.982066],[134.623788,33.982106],[134.623522,33.982148],[134.623347,33.982187],[134.62325,33.982225],[134.623128,33.982275],[134.622929,33.982365],[134.622672,33.982009],[134.622647,33.981977],[134.622659,33.981924],[134.622552,33.980948],[134.622463,33.980433],[134.622589,33.977993],[134.622588,33.977991],[134.622559,33.977902],[134.622588,33.976962],[134.622584,33.976808],[134.624208,33.976786],[134.624218,33.97656],[134.623367,33.976465],[134.622467,33.976284],[134.622463,33.976118],[134.622476,33.975917],[134.622472,33.975917],[134.622713,33.975115],[134.623023,33.975287],[134.623579,33.975451],[134.623836,33.975532],[134.623983,33.975575],[134.624338,33.975644],[134.624665,33.975702],[134.625447,33.975587],[134.626452,33.975405],[134.626615,33.975573],[134.626765,33.975764],[134.626769,33.975827],[134.626754,33.975887],[134.626726,33.975931],[134.626824,33.976101],[134.627,33.976376],[134.627111,33.976608],[134.627156,33.976696],[134.627192,33.976842],[134.627242,33.977006],[134.627273,33.977145],[134.62733,33.977387],[134.627349,33.977439],[134.627403,33.977519],[134.627454,33.977576],[134.627567,33.977715],[134.62766,33.977836],[134.627783,33.978014],[134.627869,33.978149],[134.627978,33.978328],[134.628066,33.978497],[134.628169,33.97871],[134.628223,33.978865],[134.628301,33.979135],[134.628354,33.979289],[134.628398,33.979446],[134.628425,33.979589],[134.628451,33.979654],[134.628525,33.979792],[134.628586,33.979893],[134.628702,33.980057],[134.628765,33.980127],[134.628981,33.980354],[134.629129,33.980534],[134.629243,33.980624],[134.629385,33.980681],[134.629511,33.980732],[134.62961,33.980799],[134.629641,33.980832],[134.629796,33.981016],[134.630053,33.981357],[134.629896,33.981432],[134.629524,33.98165],[134.629311,33.981726],[134.629025,33.981831],[134.628739,33.981985],[134.628556,33.982029],[134.628117,33.982109]]]},"properties":{"S_NAME":"坂野町字苅屋","HCODE":8101}},{"type":"Feature","geometry":{"type":"Polygon","coordinates":[[[134.634014,33.981044],[134.633772,33.981069],[134.63357,33.981109],[134.633267,33.981162],[134.632921,33.981215],[134.632721,33.98125],[134.632485,33.981289],[134.632343,33.981286],[134.632133,33.98126],[134.6319,33.981233],[134.631569,33.981197],[134.631135,33.981162],[134.630884,33.981148],[134.630625,33.981207],[134.630267,33.981299],[134.630053,33.981357],[134.629796,33.981016],[134.629641,33.980832],[134.62961,33.980799],[134.629511,33.980732],[134.629385,33.980681],[134.629243,33.980624],[134.629129,33.980534],[134.628981,33.980354],[134.628765,33.980127],[134.628702,33.980057],[134.628586,33.979893],[134.628525,33.979792],[134.628451,33.979654],[134.628425,33.979589],[134.628398,33.979446],[134.628904,33.979389],[134.629593,33.979318],[134.630349,33.979238],[134.631265,33.979143],[134.633596,33.978846],[134.633664,33.979007],[134.633802,33.979296],[134.633859,33.979416],[134.633996,33.979681],[134.633989,33.979758],[134.633998,33.979827],[134.634167,33.980086],[134.634294,33.98037],[134.6344,33.980672],[134.634484,33.981007],[134.634415,33.981003],[134.634014,33.981044]]]},"properties":{"S_NAME":"坂野町字種井","HCODE":8101}},{"type":"Feature","geometry":{"type":"Polygon","coordinates":[[[134.633596,33.978846],[134.631265,33.979143],[134.630349,33.979238],[134.629593,33.979318],[134.628904,33.979389],[134.628398,33.979446],[134.628354,33.979289],[134.628301,33.979135],[134.628223,33.978865],[134.628169,33.97871],[134.628066,33.978497],[134.627978,33.978328],[134.627869,33.978149],[134.627783,33.978014],[134.62766,33.977836],[134.627567,33.977715],[134.627454,33.977576],[134.627403,33.977519],[134.627349,33.977439],[134.62733,33.977387],[134.627273,33.977145],[134.627242,33.977006],[134.627192,33.976842],[134.627156,33.976696],[134.627111,33.976608],[134.627,33.976376],[134.626824,33.976101],[134.626726,33.975931],[134.626754,33.975887],[134.626769,33.975827],[134.626765,33.975764],[134.626615,33.975573],[134.626452,33.975405],[134.627841,33.975041],[134.629319,33.974582],[134.630911,33.974099],[134.63132,33.974445],[134.631337,33.974472],[134.631341,33.974517],[134.631333,33.974579],[134.631325,33.974621],[134.631338,33.974666],[134.631364,33.974719],[134.631469,33.974883],[134.631609,33.975093],[134.631729,33.975267],[134.631866,33.975462],[134.631919,33.975508],[134.631976,33.97557],[134.632036,33.97565],[134.632068,33.975707],[134.632099,33.97576],[134.632122,33.975816],[134.632158,33.975909],[134.632217,33.976026],[134.632264,33.976092],[134.632331,33.976142],[134.632404,33.976174],[134.632474,33.97621],[134.632536,33.976256],[134.632578,33.976302],[134.632603,33.976345],[134.63266,33.976465],[134.632677,33.976532],[134.632706,33.976585],[134.632808,33.976716],[134.632903,33.976823],[134.632959,33.976885],[134.633058,33.977052],[134.633131,33.977163],[134.633218,33.977295],[134.633306,33.977429],[134.633332,33.977478],[134.63339,33.977625],[134.633438,33.977786],[134.633458,33.977855],[134.633488,33.97799],[134.633515,33.978236],[134.633534,33.978445],[134.633551,33.978663],[134.633554,33.978727],[134.633572,33.978799],[134.633596,33.978846]]]},"properties":{"S_NAME":"坂野町字原京","HCODE":8101}},{"type":"Feature","geometry":{"type":"Polygon","coordinates":[[[134.634088,33.979448],[134.633996,33.979681],[134.633859,33.979416],[134.633802,33.979296],[134.633664,33.979007],[134.633596,33.978846],[134.633572,33.978799],[134.633554,33.978727],[134.633551,33.978663],[134.633534,33.978445],[134.633515,33.978236],[134.633488,33.97799],[134.633458,33.977855],[134.633438,33.977786],[134.63339,33.977625],[134.633332,33.977478],[134.633306,33.977429],[134.633218,33.977295],[134.633131,33.977163],[134.633058,33.977052],[134.632959,33.976885],[134.632903,33.976823],[134.632808,33.976716],[134.632706,33.976585],[134.632677,33.976532],[134.63266,33.976465],[134.632603,33.976345],[134.632578,33.976302],[134.632536,33.976256],[134.632474,33.97621],[134.632404,33.976174],[134.632331,33.976142],[134.632264,33.976092],[134.632217,33.976026],[134.632158,33.975909],[134.632122,33.975816],[134.632099,33.97576],[134.632068,33.975707],[134.632036,33.97565],[134.631976,33.97557],[134.631919,33.975508],[134.631866,33.975462],[134.631729,33.975267],[134.631609,33.975093],[134.631469,33.974883],[134.631364,33.974719],[134.631338,33.974666],[134.631325,33.974621],[134.631333,33.974579],[134.631341,33.974517],[134.631337,33.974472],[134.63132,33.974445],[134.630911,33.974099],[134.634149,33.973127],[134.634787,33.972938],[134.635528,33.972717],[134.635829,33.973189],[134.635989,33.973475],[134.636038,33.973607],[134.63605,33.973841],[134.636006,33.974141],[134.635924,33.974619],[134.635834,33.975244],[134.635783,33.975794],[134.635658,33.976437],[134.635922,33.976874],[134.635965,33.976966],[134.635977,33.977043],[134.635958,33.977089],[134.635895,33.977145],[134.635787,33.977218],[134.63504,33.977678],[134.634677,33.97791],[134.634553,33.977997],[134.634462,33.978084],[134.634416,33.978168],[134.634386,33.978244],[134.634354,33.978349],[134.634264,33.978712],[134.634088,33.979448]]]},"properties":{"S_NAME":"坂野町字立花","HCODE":8101}},{"type":"Feature","geometry":{"type":"Polygon","coordinates":[[[134.635831,33.980487],[134.635399,33.980714],[134.635228,33.980806],[134.635103,33.980853],[134.634942,33.980908],[134.634598,33.98099],[134.634484,33.981007],[134.6344,33.980672],[134.634294,33.98037],[134.634167,33.980086],[134.633998,33.979827],[134.633989,33.979758],[134.633996,33.979681],[134.634088,33.979448],[134.634267,33.979363],[134.634495,33.979273],[134.634731,33.979179],[134.635151,33.979021],[134.635378,33.978947],[134.635674,33.978843],[134.635897,33.978766],[134.63599,33.97875],[134.636179,33.978718],[134.636372,33.978694],[134.636692,33.97867],[134.637168,33.978645],[134.637447,33.978632],[134.637876,33.978614],[134.637959,33.978609],[134.637981,33.978755],[134.638014,33.978933],[134.638044,33.979127],[134.637892,33.979173],[134.63785,33.979199],[134.637792,33.979232],[134.637701,33.979298],[134.637624,33.979363],[134.637447,33.979512],[134.6371,33.979808],[134.636911,33.97994],[134.636808,33.980004],[134.636546,33.980182],[134.636416,33.980239],[134.636125,33.980358],[134.635831,33.980487]]]},"properties":{"S_NAME":"坂野町字細野","HCODE":8101}},{"type":"Feature","geometry":{"type":"Polygon","coordinates":[[[134.642161,33.978829],[134.641795,33.978951],[134.641607,33.979004],[134.641324,33.979076],[134.641016,33.979162],[134.640177,33.979406],[134.639901,33.979504],[134.63979,33.979549],[134.639652,33.979611],[134.639502,33.979675],[134.639334,33.979762],[134.639162,33.979831],[134.63902,33.979874],[134.638901,33.979892],[134.638731,33.979893],[134.638648,33.97986],[134.638535,33.979772],[134.638405,33.979667],[134.638301,33.979605],[134.6382,33.97955],[134.638161,33.979497],[134.638109,33.979405],[134.638074,33.979296],[134.638044,33.979127],[134.638014,33.978933],[134.637981,33.978755],[134.637959,33.978609],[134.637876,33.978614],[134.637447,33.978632],[134.637168,33.978645],[134.636692,33.97867],[134.636372,33.978694],[134.636179,33.978718],[134.63599,33.97875],[134.635897,33.978766],[134.635674,33.978843],[134.635378,33.978947],[134.635151,33.979021],[134.634731,33.979179],[134.634495,33.979273],[134.634267,33.979363],[134.634088,33.979448],[134.634264,33.978712],[134.634354,33.978349],[134.634386,33.978244],[134.634416,33.978168],[134.634462,33.978084],[134.634553,33.977997],[134.634677,33.97791],[134.63504,33.977678],[134.635787,33.977218],[134.635895,33.977145],[134.635958,33.977089],[134.635977,33.977043],[134.635965,33.976966],[134.635922,33.976874],[134.635658,33.976437],[134.635783,33.975794],[134.635834,33.975244],[134.635924,33.974619],[134.636006,33.974141],[134.63605,33.973841],[134.636038,33.973607],[134.635989,33.973475],[134.635829,33.973189],[134.635528,33.972717],[134.639514,33.971466],[134.639589,33.971617],[134.63882,33.971862],[134.638888,33.97236],[134.63939,33.972335],[134.639506,33.972522],[134.639552,33.972575],[134.639622,33.972641],[134.63968,33.972697],[134.639709,33.972728],[134.639657,33.972809],[134.639605,33.972899],[134.639552,33.972993],[134.639514,33.973084],[134.639496,33.973147],[134.639487,33.973247],[134.639484,33.973335],[134.639499,33.973351],[134.639535,33.973386],[134.639611,33.973457],[134.639656,33.973507],[134.639701,33.973547],[134.639665,33.973676],[134.639646,33.973784],[134.639656,33.973867],[134.639693,33.973924],[134.640138,33.974314],[134.640414,33.974596],[134.640439,33.974611],[134.640504,33.974567],[134.640524,33.974558],[134.640555,33.974583],[134.640732,33.974721],[134.640827,33.97479],[134.640908,33.97484],[134.640991,33.974875],[134.641082,33.974894],[134.641182,33.974905],[134.641283,33.974915],[134.641372,33.97493],[134.641424,33.97584],[134.641501,33.976864],[134.641529,33.977275],[134.641581,33.978019],[134.641811,33.978023],[134.641813,33.978027],[134.641962,33.978387],[134.642161,33.978829]]]},"properties":{"S_NAME":"坂野町字松コロ","HCODE":8101}},{"type":"Feature","geometry":{"type":"Polygon","coordinates":[[[134.630911,33.974099],[134.629319,33.974582],[134.627841,33.975041],[134.626452,33.975405],[134.626403,33.975339],[134.626349,33.975244],[134.626316,33.975145],[134.6263,33.975043],[134.626288,33.974955],[134.62626,33.974905],[134.626188,33.974853],[134.626108,33.974819],[134.62604,33.974784],[134.626011,33.97476],[134.625976,33.974701],[134.625831,33.974452],[134.625626,33.97407],[134.625279,33.97348],[134.627416,33.972616],[134.629618,33.971747],[134.630687,33.971301],[134.631652,33.97087],[134.633433,33.970122],[134.633748,33.970692],[134.634008,33.971214],[134.634099,33.971407],[134.634152,33.971515],[134.634177,33.971611],[134.634194,33.971736],[134.634181,33.971974],[134.634171,33.972274],[134.634164,33.972607],[134.634149,33.973127],[134.630911,33.974099]]]},"properties":{"S_NAME":"坂野町字太郎丸","HCODE":8101}},{"type":"Feature","geometry":{"type":"Polygon","coordinates":[[[134.635528,33.972717],[134.634787,33.972938],[134.634149,33.973127],[134.634164,33.972607],[134.634171,33.972274],[134.634181,33.971974],[134.634194,33.971736],[134.634177,33.971611],[134.634152,33.971515],[134.634099,33.971407],[134.634008,33.971214],[134.633748,33.970692],[134.633433,33.970122],[134.631652,33.97087],[134.631589,33.970776],[134.631448,33.970557],[134.631398,33.970494],[134.631335,33.97045],[134.631296,33.970415],[134.631264,33.970378],[134.631227,33.970298],[134.63117,33.970222],[134.631107,33.970145],[134.63107,33.970092],[134.631059,33.970022],[134.631069,33.96998],[134.631237,33.96989],[134.631371,33.96983],[134.631704,33.969676],[134.632165,33.969458],[134.632354,33.969362],[134.632491,33.969304],[134.632743,33.969219],[134.632804,33.969192],[134.632852,33.969158],[134.633605,33.968766],[134.633792,33.968674],[134.633928,33.968627],[134.634058,33.968595],[134.634283,33.968568],[134.634693,33.968538],[134.634789,33.968548],[134.635077,33.968408],[134.635263,33.968303],[134.635469,33.968186],[134.635707,33.968102],[134.635731,33.968115],[134.63598,33.968245],[134.6361,33.968314],[134.636136,33.968335],[134.636142,33.968338],[134.636328,33.968446],[134.636449,33.968511],[134.636801,33.968715],[134.637167,33.968914],[134.637504,33.96885],[134.638297,33.969116],[134.638355,33.969139],[134.638545,33.96895],[134.638598,33.968902],[134.638697,33.968989],[134.638784,33.969074],[134.63886,33.96916],[134.638904,33.969225],[134.638966,33.969343],[134.639002,33.969433],[134.63923,33.970199],[134.638739,33.970328],[134.638695,33.970345],[134.638734,33.970871],[134.63878,33.971307],[134.638823,33.971486],[134.638869,33.97151],[134.639452,33.97133],[134.639514,33.971466],[134.635528,33.972717]]]},"properties":{"S_NAME":"坂野町字大場","HCODE":8101}},{"type":"Feature","geometry":{"type":"Polygon","coordinates":[[[134.635469,33.968186],[134.635263,33.968303],[134.635077,33.968408],[134.634789,33.968548],[134.634693,33.968538],[134.634283,33.968568],[134.634058,33.968595],[134.633928,33.968627],[134.633792,33.968674],[134.633605,33.968766],[134.632852,33.969158],[134.632799,33.969065],[134.632664,33.968797],[134.632659,33.968741],[134.632673,33.968646],[134.632654,33.968561],[134.63261,33.968455],[134.632562,33.968356],[134.632504,33.968186],[134.632493,33.968124],[134.632489,33.968014],[134.632481,33.967911],[134.632458,33.967733],[134.632434,33.967545],[134.632428,33.967403],[134.632403,33.967179],[134.632395,33.967046],[134.632376,33.966897],[134.632366,33.966734],[134.632328,33.966485],[134.632305,33.966322],[134.632268,33.96592],[134.632181,33.965807],[134.632164,33.965764],[134.632175,33.965672],[134.632195,33.965574],[134.632242,33.965552],[134.632161,33.965393],[134.632005,33.965206],[134.631871,33.965083],[134.631776,33.96502],[134.631673,33.964946],[134.631586,33.964861],[134.631601,33.964838],[134.631752,33.964589],[134.632114,33.964809],[134.632379,33.964966],[134.632676,33.965145],[134.632896,33.965274],[134.633123,33.965372],[134.633328,33.965434],[134.633661,33.965539],[134.634094,33.965688],[134.634214,33.96574],[134.634365,33.965849],[134.634456,33.96594],[134.634517,33.966036],[134.634616,33.966282],[134.634761,33.966639],[134.635011,33.967293],[134.63508,33.967461],[134.63517,33.967643],[134.635469,33.968186]]]},"properties":{"S_NAME":"坂野町字目佐","HCODE":8101}},{"type":"Feature","geometry":{"type":"Polygon","coordinates":[[[134.635707,33.968102],[134.635469,33.968186],[134.63517,33.967643],[134.63508,33.967461],[134.635011,33.967293],[134.634761,33.966639],[134.634616,33.966282],[134.634517,33.966036],[134.634456,33.96594],[134.634365,33.965849],[134.634214,33.96574],[134.634094,33.965688],[134.633661,33.965539],[134.633328,33.965434],[134.633123,33.965372],[134.632896,33.965274],[134.632676,33.965145],[134.632379,33.964966],[134.632114,33.964809],[134.631752,33.964589],[134.631841,33.964565],[134.631923,33.964555],[134.632027,33.964545],[134.632103,33.964552],[134.632235,33.964575],[134.632382,33.964601],[134.632458,33.964629],[134.63264,33.964724],[134.632685,33.964742],[134.632749,33.964736],[134.633074,33.964598],[134.633185,33.96455],[134.633272,33.964491],[134.633382,33.964427],[134.633414,33.964397],[134.633454,33.96437],[134.633539,33.964328],[134.634001,33.964116],[134.634207,33.964025],[134.634392,33.963946],[134.634459,33.963901],[134.634535,33.963852],[134.634567,33.963832],[134.634773,33.963701],[134.634895,33.963648],[134.635041,33.963591],[134.635238,33.963534],[134.635311,33.963519],[134.635401,33.963511],[134.635545,33.963507],[134.635612,33.963511],[134.635656,33.963518],[134.635706,33.96353],[134.63575,33.963547],[134.635809,33.963578],[134.63586,33.963624],[134.635881,33.963704],[134.635903,33.963777],[134.635907,33.963852],[134.635913,33.963911],[134.635935,33.963996],[134.63597,33.964087],[134.636032,33.964255],[134.636044,33.964333],[134.636048,33.964493],[134.636043,33.964732],[134.636038,33.964832],[134.636024,33.964896],[134.635945,33.965094],[134.635757,33.965501],[134.635723,33.965557],[134.635671,33.965609],[134.635619,33.965687],[134.635594,33.965734],[134.635557,33.96581],[134.635534,33.965902],[134.635515,33.965993],[134.635492,33.966032],[134.635432,33.966123],[134.635285,33.966331],[134.635186,33.966482],[134.635118,33.966629],[134.635082,33.966768],[134.635083,33.966866],[134.635137,33.967169],[134.635167,33.967305],[134.635203,33.967371],[134.635258,33.967486],[134.635392,33.96772],[134.635576,33.968015],[134.635619,33.968049],[134.635707,33.968102]]]},"properties":{"S_NAME":"坂野町字黒地","HCODE":8101}},{"type":"Feature","geometry":{"type":"Polygon","coordinates":[[[134.632852,33.969158],[134.632804,33.969192],[134.632743,33.969219],[134.632491,33.969304],[134.632354,33.969362],[134.632165,33.969458],[134.631704,33.969676],[134.631371,33.96983],[134.631237,33.96989],[134.631069,33.96998],[134.631059,33.970022],[134.63107,33.970092],[134.631107,33.970145],[134.63117,33.970222],[134.631227,33.970298],[134.631264,33.970378],[134.631296,33.970415],[134.631335,33.97045],[134.631398,33.970494],[134.631448,33.970557],[134.631589,33.970776],[134.631652,33.97087],[134.630687,33.971301],[134.629618,33.971747],[134.627416,33.972616],[134.626795,33.971567],[134.626455,33.971025],[134.626259,33.970708],[134.626241,33.970654],[134.625888,33.96991],[134.625879,33.969915],[134.625875,33.96986],[134.625847,33.969763],[134.626241,33.969585],[134.62633,33.96953],[134.62648,33.969206],[134.62656,33.969158],[134.62657,33.969157],[134.626675,33.968682],[134.626664,33.968394],[134.626633,33.968224],[134.626589,33.9681],[134.626534,33.968026],[134.626432,33.967967],[134.626399,33.96786],[134.626367,33.967756],[134.626318,33.967748],[134.62625,33.96774],[134.626187,33.96772],[134.626074,33.967706],[134.625944,33.967689],[134.625906,33.967675],[134.625881,33.96765],[134.625862,33.967607],[134.625837,33.967551],[134.6258,33.967509],[134.625759,33.967477],[134.625691,33.967434],[134.625591,33.967393],[134.625577,33.967191],[134.625572,33.967111],[134.625564,33.967012],[134.625528,33.966978],[134.62531,33.966865],[134.625257,33.966834],[134.625195,33.96679],[134.625168,33.966757],[134.625009,33.966562],[134.625438,33.966241],[134.625752,33.966449],[134.626537,33.966069],[134.626614,33.966034],[134.626696,33.96601],[134.62673,33.966005],[134.626776,33.966009],[134.626853,33.966028],[134.626877,33.966041],[134.626922,33.966063],[134.62712,33.965987],[134.627147,33.965914],[134.627188,33.965866],[134.627227,33.96582],[134.627402,33.966119],[134.627434,33.966182],[134.627431,33.966237],[134.627412,33.966283],[134.627256,33.966536],[134.627201,33.966637],[134.627142,33.966764],[134.627677,33.967071],[134.627915,33.966987],[134.627967,33.966958],[134.627995,33.966925],[134.628035,33.966871],[134.628069,33.966822],[134.628098,33.966764],[134.628178,33.966696],[134.628255,33.96664],[134.628337,33.966571],[134.628447,33.966501],[134.628605,33.966416],[134.628691,33.966382],[134.628713,33.966323],[134.628726,33.966281],[134.62873,33.966226],[134.628772,33.96615],[134.628829,33.966107],[134.628894,33.966062],[134.629045,33.965972],[134.629318,33.965794],[134.629357,33.9659],[134.629389,33.966066],[134.629423,33.966263],[134.629497,33.966499],[134.629598,33.966747],[134.629681,33.966943],[134.6297,33.966987],[134.629748,33.967238],[134.6298,33.967308],[134.629839,33.967354],[134.629916,33.9674],[134.630062,33.96742],[134.630155,33.967422],[134.630249,33.967396],[134.630317,33.96736],[134.630389,33.96731],[134.630461,33.967295],[134.630547,33.967298],[134.63062,33.967336],[134.63077,33.967464],[134.630898,33.967563],[134.63098,33.967605],[134.631082,33.967614],[134.631167,33.96761],[134.631278,33.967563],[134.631367,33.967505],[134.631475,33.967453],[134.631547,33.967427],[134.631689,33.967396],[134.631824,33.967378],[134.631926,33.967356],[134.632066,33.967319],[134.632253,33.967239],[134.632403,33.967179],[134.632428,33.967403],[134.632434,33.967545],[134.632458,33.967733],[134.632481,33.967911],[134.632489,33.968014],[134.632493,33.968124],[134.632504,33.968186],[134.632562,33.968356],[134.63261,33.968455],[134.632654,33.968561],[134.632673,33.968646],[134.632659,33.968741],[134.632664,33.968797],[134.632799,33.969065],[134.632852,33.969158]]]},"properties":{"S_NAME":"坂野町字相久","HCODE":8101}},{"type":"Feature","geometry":{"type":"Polygon","coordinates":[[[134.626452,33.975405],[134.625447,33.975587],[134.624665,33.975702],[134.624338,33.975644],[134.623983,33.975575],[134.623836,33.975532],[134.623579,33.975451],[134.623023,33.975287],[134.622713,33.975115],[134.622699,33.975108],[134.622819,33.974955],[134.622828,33.974907],[134.622824,33.974767],[134.622843,33.974659],[134.622872,33.974627],[134.622876,33.974625],[134.622768,33.974558],[134.622983,33.974282],[134.623025,33.974267],[134.623022,33.974262],[134.623248,33.97418],[134.623154,33.97405],[134.623114,33.973972],[134.623051,33.973839],[134.623021,33.973775],[134.622984,33.973719],[134.622934,33.973668],[134.622842,33.973586],[134.622956,33.97343],[134.623006,33.973366],[134.622766,33.97323],[134.622872,33.972987],[134.623128,33.971479],[134.623535,33.969705],[134.623424,33.969667],[134.62359,33.969091],[134.623751,33.968426],[134.623929,33.96845],[134.623945,33.968456],[134.624106,33.968746],[134.624172,33.96893],[134.624232,33.969135],[134.624274,33.969224],[134.624322,33.969323],[134.624344,33.969391],[134.624354,33.969493],[134.624364,33.969586],[134.624378,33.96965],[134.624414,33.969711],[134.624454,33.969748],[134.624554,33.96981],[134.624608,33.969836],[134.624694,33.969859],[134.624765,33.969873],[134.624866,33.969878],[134.62498,33.969885],[134.625069,33.969862],[134.625172,33.969826],[134.625275,33.969765],[134.625571,33.970082],[134.625879,33.969915],[134.625888,33.96991],[134.626241,33.970654],[134.626259,33.970708],[134.626455,33.971025],[134.626795,33.971567],[134.627416,33.972616],[134.625279,33.97348],[134.625626,33.97407],[134.625831,33.974452],[134.625976,33.974701],[134.626011,33.97476],[134.62604,33.974784],[134.626108,33.974819],[134.626188,33.974853],[134.62626,33.974905],[134.626288,33.974955],[134.6263,33.975043],[134.626316,33.975145],[134.626349,33.975244],[134.626403,33.975339],[134.626452,33.975405]]]},"properties":{"S_NAME":"坂野町字砥鼻","HCODE":8101}},{"type":"Feature","geometry":{"type":"Polygon","coordinates":[[[134.632403,33.967179],[134.632253,33.967239],[134.632066,33.967319],[134.631926,33.967356],[134.631824,33.967378],[134.631689,33.967396],[134.631547,33.967427],[134.631475,33.967453],[134.631367,33.967505],[134.631278,33.967563],[134.631167,33.96761],[134.631082,33.967614],[134.63098,33.967605],[134.630898,33.967563],[134.63077,33.967464],[134.63062,33.967336],[134.630547,33.967298],[134.630461,33.967295],[134.630389,33.96731],[134.630317,33.96736],[134.630249,33.967396],[134.630155,33.967422],[134.630062,33.96742],[134.629916,33.9674],[134.629839,33.967354],[134.6298,33.967308],[134.629748,33.967238],[134.6297,33.966987],[134.629681,33.966943],[134.629598,33.966747],[134.629497,33.966499],[134.629423,33.966263],[134.629389,33.966066],[134.629357,33.9659],[134.629318,33.965794],[134.629388,33.965755],[134.629475,33.965715],[134.629841,33.965536],[134.630005,33.965471],[134.630115,33.965426],[134.630197,33.965416],[134.630297,33.96541],[134.630484,33.965428],[134.630633,33.965432],[134.630771,33.965449],[134.63095,33.96544],[134.631037,33.965435],[134.631125,33.965414],[134.631177,33.96538],[134.631223,33.965335],[134.631276,33.965286],[134.631391,33.965139],[134.631452,33.965047],[134.631586,33.964861],[134.631673,33.964946],[134.631776,33.96502],[134.631871,33.965083],[134.632005,33.965206],[134.632161,33.965393],[134.632242,33.965552],[134.632195,33.965574],[134.632175,33.965672],[134.632164,33.965764],[134.632181,33.965807],[134.632268,33.96592],[134.632305,33.966322],[134.632328,33.966485],[134.632366,33.966734],[134.632376,33.966897],[134.632395,33.967046],[134.632403,33.967179]]]},"properties":{"S_NAME":"坂野町字ミゾ口","HCODE":8101}},{"type":"Feature","geometry":{"type":"Polygon","coordinates":[[[134.625879,33.969915],[134.625571,33.970082],[134.625275,33.969765],[134.625333,33.96971],[134.625354,33.969661],[134.625351,33.969621],[134.62532,33.969554],[134.625295,33.969507],[134.625292,33.969439],[134.625319,33.969343],[134.62534,33.96925],[134.625342,33.969217],[134.625332,33.969159],[134.625324,33.969106],[134.625338,33.969049],[134.625361,33.968993],[134.625375,33.968953],[134.625352,33.968917],[134.62535,33.968871],[134.625362,33.968821],[134.625409,33.96871],[134.625427,33.968656],[134.625433,33.968566],[134.62545,33.96852],[134.625482,33.968457],[134.625527,33.968411],[134.625563,33.968379],[134.625632,33.968337],[134.625696,33.968311],[134.625785,33.968285],[134.626217,33.968194],[134.626486,33.968135],[134.626432,33.967967],[134.626534,33.968026],[134.626589,33.9681],[134.626633,33.968224],[134.626664,33.968394],[134.626675,33.968682],[134.62657,33.969157],[134.62656,33.969158],[134.62648,33.969206],[134.62633,33.96953],[134.626241,33.969585],[134.625847,33.969763],[134.625875,33.96986],[134.625879,33.969915]]]},"properties":{"S_NAME":"坂野町字樫のべ","HCODE":8101}},{"type":"Feature","geometry":{"type":"Polygon","coordinates":[[[134.639873,33.987298],[134.639875,33.987306],[134.639978,33.987299],[134.640247,33.987365],[134.640759,33.987468],[134.641127,33.987599],[134.641161,33.987646],[134.641178,33.987652],[134.641216,33.987677],[134.641245,33.98771],[134.641261,33.987731],[134.641429,33.987941],[134.641631,33.988171],[134.64184,33.988379],[134.641877,33.988407],[134.641917,33.988423],[134.64196,33.988433],[134.642048,33.988446],[134.642179,33.988473],[134.642292,33.988495],[134.642389,33.988506],[134.64245,33.988509],[134.64255,33.98852],[134.642653,33.988534],[134.642846,33.98858],[134.642975,33.988619],[134.643539,33.988786],[134.643605,33.988804],[134.643672,33.988813],[134.643748,33.988794],[134.643838,33.98875],[134.643867,33.988839],[134.643893,33.988918],[134.643898,33.988999],[134.643909,33.989043],[134.643938,33.98909],[134.643977,33.989136],[134.644162,33.989285],[134.644296,33.989413],[134.644423,33.989511],[134.644464,33.989551],[134.644499,33.989604],[134.644544,33.989646],[134.644639,33.989716],[134.64482,33.989916],[134.645115,33.990156],[134.645462,33.990487],[134.645694,33.990783],[134.645494,33.990824],[134.645402,33.990844],[134.645146,33.990916],[134.644897,33.990989],[134.644645,33.99105],[134.644275,33.991159],[134.643909,33.991261],[134.643771,33.991303],[134.643432,33.991404],[134.643323,33.991446],[134.643229,33.991499],[134.643165,33.991541],[134.643082,33.99161],[134.642952,33.991724],[134.642756,33.991951],[134.64259,33.992126],[134.642189,33.992417],[134.641818,33.992682],[134.64156,33.992877],[134.641433,33.992956],[134.641307,33.993013],[134.641132,33.993057],[134.641031,33.993072],[134.640793,33.991811],[134.640599,33.990889],[134.640427,33.99003],[134.640205,33.989021],[134.637948,33.989336],[134.637513,33.989397],[134.637056,33.98946],[134.635644,33.989654],[134.634949,33.989793],[134.634539,33.98988],[134.634051,33.989976],[134.633913,33.99],[134.633829,33.990008],[134.63377,33.99],[134.633711,33.989979],[134.633659,33.98994],[134.633602,33.989888],[134.633558,33.989822],[134.633508,33.989746],[134.633474,33.989678],[134.63345,33.989602],[134.633418,33.989486],[134.633383,33.98935],[134.633355,33.989241],[134.633334,33.989203],[134.633303,33.989169],[134.63323,33.989126],[134.633166,33.989083],[134.633205,33.988969],[134.633249,33.988783],[134.633269,33.988652],[134.633269,33.988547],[134.633265,33.988431],[134.633258,33.98828],[134.633252,33.988105],[134.633143,33.988025],[134.633056,33.987977],[134.632959,33.987929],[134.632841,33.987877],[134.632723,33.98784],[134.63263,33.987807],[134.632736,33.987738],[134.633176,33.987409],[134.63323,33.987335],[134.633269,33.987308],[134.633334,33.98732],[134.633523,33.987376],[134.633605,33.987397],[134.633663,33.987399],[134.633705,33.987399],[134.633756,33.987389],[134.633804,33.987371],[134.634078,33.987217],[134.634228,33.98714],[134.634624,33.986934],[134.634782,33.986872],[134.634975,33.986819],[134.635105,33.986791],[134.635134,33.986781],[134.635151,33.986758],[134.635192,33.986657],[134.635398,33.986678],[134.635566,33.986694],[134.635806,33.986749],[134.635958,33.986791],[134.636083,33.986835],[134.636155,33.98685],[134.636227,33.986861],[134.636991,33.987034],[134.637171,33.987093],[134.637234,33.987105],[134.637371,33.98712],[134.637556,33.987136],[134.637704,33.987148],[134.637782,33.987186],[134.637836,33.987183],[134.637859,33.987202],[134.637966,33.987213],[134.638322,33.987253],[134.638883,33.987266],[134.639451,33.98729],[134.639873,33.987298]]]},"properties":{"S_NAME":"間新田町","HCODE":8101}},{"type":"Feature","geometry":{"type":"Polygon","coordinates":[[[134.632007,34.005409],[134.631988,34.005418],[134.63192,34.005485],[134.631885,34.005505],[134.631831,34.005515],[134.631726,34.005535],[134.631559,34.005549],[134.631352,34.00557],[134.631322,34.005579],[134.629567,34.005776],[134.629408,34.005899],[134.628906,34.006385],[134.627724,34.007583],[134.6277,34.007607],[134.626723,34.00865],[134.626241,34.008964],[134.626211,34.008925],[134.626011,34.00905],[134.625989,34.009026],[134.626011,34.009012],[134.626218,34.008882],[134.626218,34.00887],[134.626221,34.00886],[134.626231,34.008849],[134.626245,34.008838],[134.626289,34.008813],[134.6263,34.008806],[134.62631,34.008798],[134.626317,34.008789],[134.626325,34.00878],[134.62633,34.00877],[134.626332,34.008763],[134.626331,34.008754],[134.626326,34.008743],[134.626293,34.008687],[134.62627,34.008642],[134.626215,34.00853],[134.626182,34.008468],[134.626143,34.008404],[134.626094,34.008337],[134.62603,34.008266],[134.626,34.008237],[134.625879,34.008143],[134.625807,34.008069],[134.62573,34.007989],[134.625664,34.007913],[134.62561,34.007846],[134.625568,34.007789],[134.625502,34.007687],[134.625396,34.007707],[134.625389,34.007689],[134.625536,34.007662],[134.625533,34.007605],[134.62552,34.007541],[134.625509,34.007504],[134.625469,34.007417],[134.625421,34.007325],[134.625378,34.007238],[134.625341,34.007155],[134.625303,34.007061],[134.625256,34.006944],[134.625212,34.006832],[134.625183,34.006754],[134.625166,34.006703],[134.625147,34.006703],[134.625129,34.0067],[134.625116,34.006689],[134.625107,34.006673],[134.625104,34.006658],[134.625103,34.006651],[134.625112,34.006641],[134.625146,34.006632],[134.625343,34.00659],[134.625352,34.006474],[134.625361,34.006345],[134.625366,34.006237],[134.625368,34.006188],[134.625373,34.00602],[134.625373,34.005889],[134.625367,34.005825],[134.625355,34.005797],[134.625339,34.005758],[134.625321,34.005698],[134.62531,34.005642],[134.625309,34.005623],[134.625311,34.00561],[134.625326,34.005584],[134.625313,34.005549],[134.625302,34.005511],[134.625289,34.005464],[134.625277,34.005406],[134.625264,34.005337],[134.625252,34.005265],[134.625244,34.005198],[134.625236,34.005138],[134.625228,34.005018],[134.62524,34.005011],[134.625238,34.004946],[134.625236,34.004886],[134.625233,34.004834],[134.625232,34.004795],[134.625227,34.004767],[134.625216,34.004744],[134.625196,34.004718],[134.625163,34.004684],[134.625123,34.004642],[134.62508,34.004593],[134.625039,34.004541],[134.625003,34.004484],[134.62497,34.004421],[134.624942,34.004352],[134.624915,34.004274],[134.624894,34.00419],[134.624878,34.004106],[134.62487,34.004025],[134.62487,34.003947],[134.624875,34.003871],[134.624885,34.003797],[134.624897,34.003721],[134.624914,34.003645],[134.624934,34.003562],[134.624961,34.003476],[134.624995,34.003384],[134.625019,34.003319],[134.625028,34.003296],[134.625062,34.003213],[134.62509,34.003143],[134.625115,34.003079],[134.625141,34.00302],[134.625169,34.00296],[134.625267,34.00277],[134.625314,34.002784],[134.625376,34.002654],[134.625419,34.002665],[134.625343,34.002822],[134.625369,34.002849],[134.625377,34.002861],[134.625382,34.002874],[134.625385,34.002888],[134.625385,34.002904],[134.625383,34.002921],[134.625381,34.002938],[134.625374,34.002953],[134.625365,34.002968],[134.625353,34.002976],[134.625407,34.002994],[134.625414,34.002995],[134.625422,34.002978],[134.625438,34.002981],[134.625498,34.002868],[134.625512,34.002821],[134.625551,34.002831],[134.625538,34.002877],[134.625516,34.002873],[134.625512,34.00288],[134.625456,34.002987],[134.625475,34.002997],[134.625453,34.003043],[134.625433,34.003037],[134.625426,34.003045],[134.625412,34.003043],[134.625421,34.003011],[134.625338,34.002984],[134.625335,34.002986],[134.625317,34.002993],[134.625299,34.002999],[134.625282,34.003005],[134.625265,34.003011],[134.625248,34.003018],[134.625223,34.00307],[134.625218,34.00308],[134.625215,34.003088],[134.625209,34.003115],[134.625208,34.003124],[134.625208,34.003142],[134.625211,34.003169],[134.625214,34.003177],[134.625217,34.003186],[134.625224,34.003203],[134.625228,34.003211],[134.625233,34.003217],[134.625299,34.003319],[134.625508,34.003639],[134.625627,34.003821],[134.625666,34.003813],[134.625711,34.003805],[134.625766,34.003798],[134.625837,34.003791],[134.625924,34.003786],[134.625942,34.003785],[134.626029,34.003781],[134.62615,34.003779],[134.626287,34.003779],[134.626442,34.00378],[134.626616,34.003781],[134.626813,34.003782],[134.627501,34.003777],[134.627558,34.00382],[134.6277,34.003807],[134.627844,34.003795],[134.627993,34.003779],[134.628149,34.003758],[134.62831,34.003733],[134.62847,34.003708],[134.628624,34.003685],[134.628762,34.003666],[134.628886,34.00365],[134.628995,34.003634],[134.629044,34.003626],[134.629127,34.003606],[134.629197,34.003585],[134.629255,34.003566],[134.629306,34.003549],[134.629429,34.003519],[134.629467,34.003494],[134.629504,34.003468],[134.629536,34.003442],[134.629563,34.003413],[134.629585,34.00338],[134.629604,34.003335],[134.629608,34.00332],[134.629624,34.00327],[134.629645,34.003182],[134.629671,34.003077],[134.629697,34.002962],[134.629725,34.002847],[134.629891,34.002198],[134.630132,34.001868],[134.630767,34.001837],[134.630809,34.002261],[134.631446,34.002204],[134.632071,34.002139],[134.632254,34.003525],[134.63245,34.004997],[134.632007,34.005409]]]},"properties":{"S_NAME":"和田島町字洲端","HCODE":8101}},{"type":"Feature","geometry":{"type":"Polygon","coordinates":[[[134.637848,34.008487],[134.637803,34.0085],[134.637762,34.008517],[134.637719,34.008544],[134.637599,34.008633],[134.637428,34.008774],[134.637299,34.008626],[134.637079,34.008753],[134.63709,34.008777],[134.636919,34.008869],[134.636918,34.008919],[134.636722,34.008952],[134.636651,34.008994],[134.636649,34.009],[134.636621,34.009061],[134.636595,34.009114],[134.63658,34.009161],[134.636564,34.009194],[134.636543,34.009229],[134.636531,34.009244],[134.636517,34.009258],[134.636506,34.009264],[134.636486,34.009274],[134.636471,34.009277],[134.636453,34.009279],[134.636389,34.00928],[134.636351,34.009276],[134.636306,34.009269],[134.636284,34.009263],[134.636272,34.009264],[134.63626,34.009266],[134.636243,34.009271],[134.636223,34.009281],[134.636132,34.009336],[134.636125,34.009272],[134.635864,34.009403],[134.63565,34.009502],[134.635531,34.009549],[134.635294,34.009636],[134.635292,34.009637],[134.635287,34.009639],[134.635234,34.009699],[134.635228,34.009699],[134.635108,34.0097],[134.635079,34.0097],[134.635076,34.009701],[134.634669,34.009844],[134.634692,34.009873],[134.634545,34.009991],[134.634502,34.010021],[134.63444,34.010055],[134.634348,34.010094],[134.634145,34.01017],[134.633989,34.010251],[134.633878,34.010309],[134.633774,34.010368],[134.633709,34.010397],[134.633639,34.010424],[134.633614,34.010433],[134.63357,34.010445],[134.633503,34.010455],[134.633381,34.010469],[134.633348,34.010476],[134.633323,34.010482],[134.633263,34.010501],[134.633119,34.010548],[134.632949,34.010599],[134.633018,34.010767],[134.63297,34.010781],[134.632915,34.010645],[134.63285,34.010629],[134.632817,34.010631],[134.632769,34.010639],[134.632706,34.010654],[134.632549,34.010704],[134.632455,34.010739],[134.632239,34.010834],[134.63213,34.010887],[134.632044,34.010934],[134.631989,34.010968],[134.631972,34.010981],[134.631961,34.010992],[134.631945,34.011012],[134.631969,34.011411],[134.631908,34.011415],[134.631852,34.010723],[134.631829,34.010724],[134.631819,34.010701],[134.631811,34.010689],[134.631802,34.010676],[134.631793,34.010666],[134.631783,34.010658],[134.631766,34.010651],[134.631756,34.010648],[134.631741,34.010645],[134.631727,34.010645],[134.63172,34.010647],[134.631722,34.010669],[134.631686,34.010671],[134.631676,34.010632],[134.631671,34.010619],[134.631617,34.010618],[134.631619,34.010659],[134.631578,34.01066],[134.63139,34.010667],[134.631205,34.010672],[134.631014,34.010675],[134.630834,34.010675],[134.630662,34.010676],[134.630496,34.010675],[134.630404,34.01067],[134.630351,34.010667],[134.630296,34.010661],[134.630234,34.010653],[134.630189,34.010646],[134.630125,34.010635],[134.630063,34.010623],[134.629997,34.010609],[134.629939,34.010594],[134.629847,34.010567],[134.629764,34.010538],[134.629605,34.010478],[134.629438,34.010415],[134.62928,34.010357],[134.628949,34.010334],[134.628932,34.010336],[134.628923,34.01034],[134.628919,34.010366],[134.628858,34.010334],[134.628837,34.01037],[134.628787,34.010453],[134.628749,34.010438],[134.628739,34.010429],[134.628732,34.010416],[134.628723,34.010375],[134.62872,34.01036],[134.628714,34.010348],[134.628702,34.010333],[134.62869,34.010324],[134.628675,34.010316],[134.628644,34.010303],[134.628613,34.010295],[134.628524,34.010273],[134.628412,34.010253],[134.628325,34.010243],[134.628233,34.010236],[134.628118,34.010232],[134.627969,34.010236],[134.628133,34.010027],[134.628086,34.010004],[134.627938,34.010186],[134.627936,34.010099],[134.627925,34.010003],[134.627913,34.009944],[134.627902,34.009898],[134.627885,34.009854],[134.627864,34.009814],[134.627837,34.009773],[134.627802,34.009728],[134.627722,34.009638],[134.627682,34.0096],[134.627641,34.009566],[134.62759,34.009532],[134.627456,34.009455],[134.627325,34.009392],[134.6272,34.009347],[134.62704,34.009295],[134.626904,34.009256],[134.626777,34.009225],[134.626583,34.009175],[134.626416,34.00913],[134.626308,34.009094],[134.626255,34.00907],[134.626153,34.00902],[134.626241,34.008964],[134.626723,34.00865],[134.6277,34.007607],[134.627724,34.007583],[134.628906,34.006385],[134.629408,34.005899],[134.629567,34.005776],[134.631322,34.005579],[134.631352,34.00557],[134.631559,34.005549],[134.631726,34.005535],[134.631831,34.005515],[134.631885,34.005505],[134.63192,34.005485],[134.631988,34.005418],[134.632007,34.005409],[134.632025,34.005411],[134.632243,34.005541],[134.632386,34.0056],[134.632519,34.005657],[134.632631,34.00569],[134.632749,34.00571],[134.63285,34.005724],[134.632939,34.005743],[134.633021,34.005779],[134.633134,34.005835],[134.633244,34.005893],[134.633307,34.005928],[134.63335,34.005949],[134.633462,34.006008],[134.633564,34.006062],[134.633669,34.006107],[134.633784,34.00615],[134.633983,34.006214],[134.634147,34.006261],[134.634426,34.006334],[134.634565,34.006366],[134.634849,34.006426],[134.635057,34.006473],[134.63517,34.00649],[134.635254,34.006502],[134.636355,34.008105],[134.636486,34.008058],[134.636664,34.008009],[134.636742,34.008096],[134.636888,34.008117],[134.636919,34.008129],[134.637137,34.008387],[134.63717,34.00841],[134.637251,34.008408],[134.637346,34.00841],[134.637434,34.008417],[134.637481,34.008416],[134.637848,34.008487]]]},"properties":{"S_NAME":"和田島町字遠見","HCODE":8101}},{"type":"Feature","geometry":{"type":"Polygon","coordinates":[[[134.640623,34.006501],[134.640568,34.006546],[134.640517,34.006599],[134.640462,34.006657],[134.640412,34.006707],[134.640368,34.006749],[134.64033,34.006796],[134.640305,34.006836],[134.640294,34.006867],[134.640198,34.006813],[134.640162,34.006842],[134.640251,34.006908],[134.64021,34.006914],[134.640178,34.006923],[134.64015,34.00694],[134.640109,34.006968],[134.640067,34.007005],[134.64003,34.007046],[134.639989,34.007089],[134.639964,34.007125],[134.639953,34.007154],[134.639939,34.007186],[134.63991,34.007233],[134.639878,34.007286],[134.639871,34.007304],[134.639871,34.007329],[134.639776,34.007242],[134.63973,34.007282],[134.639752,34.007301],[134.639761,34.007321],[134.639759,34.007337],[134.639752,34.007347],[134.639727,34.007367],[134.639688,34.007392],[134.639646,34.007411],[134.639593,34.007435],[134.639539,34.007465],[134.639496,34.007488],[134.639466,34.00751],[134.639435,34.00754],[134.639412,34.007567],[134.639397,34.007586],[134.639233,34.007751],[134.639166,34.007679],[134.639114,34.007706],[134.639175,34.007799],[134.639132,34.007815],[134.639084,34.007842],[134.639032,34.007876],[134.63898,34.007898],[134.638936,34.007917],[134.638745,34.008025],[134.638669,34.00807],[134.638625,34.008033],[134.638564,34.008072],[134.638596,34.008119],[134.638372,34.008231],[134.63821,34.008302],[134.638144,34.008336],[134.638097,34.008367],[134.638065,34.008398],[134.638038,34.008433],[134.63796,34.008364],[134.637904,34.008401],[134.637954,34.008472],[134.637848,34.008487],[134.637481,34.008416],[134.637434,34.008417],[134.637346,34.00841],[134.637251,34.008408],[134.63717,34.00841],[134.637137,34.008387],[134.636919,34.008129],[134.636888,34.008117],[134.636742,34.008096],[134.636664,34.008009],[134.636486,34.008058],[134.636355,34.008105],[134.635254,34.006502],[134.63517,34.00649],[134.635057,34.006473],[134.634849,34.006426],[134.634565,34.006366],[134.634426,34.006334],[134.634147,34.006261],[134.633983,34.006214],[134.633784,34.00615],[134.633669,34.006107],[134.633564,34.006062],[134.633462,34.006008],[134.63335,34.005949],[134.633479,34.00571],[134.633498,34.005658],[134.633514,34.005452],[134.633513,34.005353],[134.633514,34.005309],[134.633516,34.005246],[134.633545,34.005142],[134.633664,34.004898],[134.633685,34.004852],[134.633716,34.004761],[134.633752,34.004661],[134.633771,34.00461],[134.633608,34.004484],[134.633538,34.004429],[134.633424,34.004325],[134.633303,34.004189],[134.633281,34.004149],[134.63348,34.003992],[134.633693,34.003833],[134.634344,34.003446],[134.634387,34.003411],[134.634411,34.003372],[134.634415,34.003326],[134.634394,34.003246],[134.634369,34.003167],[134.634348,34.003081],[134.634336,34.003021],[134.634346,34.002964],[134.634366,34.002935],[134.634585,34.002673],[134.634804,34.002848],[134.63504,34.003021],[134.635238,34.003145],[134.635581,34.003358],[134.636093,34.003671],[134.637436,34.00449],[134.638557,34.0032],[134.638619,34.003253],[134.638809,34.003458],[134.638863,34.003533],[134.638893,34.00357],[134.638933,34.003606],[134.639015,34.003657],[134.639089,34.003696],[134.639177,34.003738],[134.639283,34.003772],[134.639345,34.003808],[134.63939,34.003851],[134.639424,34.003904],[134.639422,34.003963],[134.639401,34.004022],[134.639358,34.00411],[134.639338,34.004159],[134.639332,34.004197],[134.639333,34.00424],[134.639333,34.004289],[134.639356,34.004351],[134.639401,34.004431],[134.639436,34.004514],[134.639448,34.004589],[134.639457,34.004751],[134.639465,34.004824],[134.639495,34.004919],[134.639584,34.004998],[134.6397,34.0051],[134.639792,34.00522],[134.639837,34.005301],[134.639944,34.005515],[134.64003,34.005687],[134.640054,34.00575],[134.640064,34.005804],[134.640086,34.005852],[134.640182,34.005955],[134.640256,34.006034],[134.640293,34.006085],[134.640366,34.006201],[134.64047,34.006321],[134.640623,34.006501]]]},"properties":{"S_NAME":"和田島町字西林","HCODE":8101}},{"type":"Feature","geometry":{"type":"Polygon","coordinates":[[[134.632117,34.000247],[134.632255,34.000462],[134.632371,34.000657],[134.632409,34.000715],[134.632452,34.00074],[134.63251,34.000752],[134.632618,34.000822],[134.632754,34.000919],[134.632838,34.001006],[134.633017,34.001124],[134.63337,34.001389],[134.633537,34.001549],[134.633716,34.001765],[134.633884,34.001975],[134.634093,34.002215],[134.634223,34.002347],[134.634585,34.002673],[134.634366,34.002935],[134.634346,34.002964],[134.634336,34.003021],[134.634348,34.003081],[134.634369,34.003167],[134.634394,34.003246],[134.634415,34.003326],[134.634411,34.003372],[134.634387,34.003411],[134.634344,34.003446],[134.633693,34.003833],[134.63348,34.003992],[134.633281,34.004149],[134.633303,34.004189],[134.633424,34.004325],[134.633538,34.004429],[134.633608,34.004484],[134.633771,34.00461],[134.633752,34.004661],[134.633716,34.004761],[134.633685,34.004852],[134.633664,34.004898],[134.633545,34.005142],[134.633516,34.005246],[134.633514,34.005309],[134.633513,34.005353],[134.633514,34.005452],[134.633498,34.005658],[134.633479,34.00571],[134.63335,34.005949],[134.633307,34.005928],[134.633244,34.005893],[134.633134,34.005835],[134.633021,34.005779],[134.632939,34.005743],[134.63285,34.005724],[134.632749,34.00571],[134.632631,34.00569],[134.632519,34.005657],[134.632386,34.0056],[134.632243,34.005541],[134.632025,34.005411],[134.632007,34.005409],[134.63245,34.004997],[134.632254,34.003525],[134.632071,34.002139],[134.631446,34.002204],[134.630809,34.002261],[134.630767,34.001837],[134.630132,34.001868],[134.630643,34.001165],[134.631022,34.000644],[134.630599,34.000431],[134.629534,33.999895],[134.629512,33.999884],[134.629489,33.999875],[134.629465,33.999866],[134.629417,33.999852],[134.629392,33.999847],[134.629366,33.999842],[134.629341,33.99984],[134.629315,33.999838],[134.629289,33.999837],[134.629263,33.999837],[134.629238,33.999838],[134.629212,33.999841],[134.629187,33.999845],[134.629161,33.99985],[134.629137,33.999855],[134.629089,33.99987],[134.629066,33.99988],[134.629043,33.99989],[134.62902,33.999901],[134.628999,33.999913],[134.62898,33.999926],[134.628626,34.000163],[134.628396,34.000039],[134.628403,34.000029],[134.628625,34.000149],[134.628971,33.999917],[134.628992,33.999902],[134.629013,33.999891],[134.629036,33.999879],[134.629059,33.999869],[134.629084,33.99986],[134.62914,33.999842],[134.629158,33.999838],[134.629184,33.999833],[134.62921,33.99983],[134.629236,33.999827],[134.629262,33.999825],[134.62929,33.999825],[134.629317,33.999826],[134.629343,33.999828],[134.629369,33.999831],[134.629395,33.999835],[134.629412,33.999838],[134.62947,33.999855],[134.629489,33.999862],[134.629542,33.999885],[134.630609,34.000422],[134.630764,34.000197],[134.630889,34.000256],[134.631297,33.999714],[134.631332,33.999711],[134.631634,33.999861],[134.631631,33.999878],[134.631962,34.000026],[134.631971,34.00003],[134.631978,34.000035],[134.631983,34.000037],[134.63199,34.000043],[134.631993,34.000046],[134.632002,34.000056],[134.632004,34.000059],[134.632102,34.000186],[134.632105,34.000189],[134.632117,34.000247]]]},"properties":{"S_NAME":"和田島町字西林","HCODE":8101}},{"type":"Feature","geometry":{"type":"Polygon","coordinates":[[[134.635735,33.996626],[134.635627,33.996779],[134.635581,33.996831],[134.635312,33.997144],[134.634893,33.997566],[134.634671,33.997766],[134.633929,33.998479],[134.633255,33.999149],[134.632247,34.000122],[134.632117,34.000247],[134.632105,34.000189],[134.63215,34.000148],[134.632146,34.000142],[134.632091,34.000042],[134.632086,34.000032],[134.632084,34.000027],[134.632081,34.000016],[134.632079,34.000004],[134.632079,33.999993],[134.63208,33.999982],[134.632081,33.999977],[134.63209,33.999955],[134.632103,33.999937],[134.632144,33.999891],[134.632063,33.999845],[134.6322,33.999656],[134.631417,33.99911],[134.631449,33.999077],[134.631498,33.999027],[134.631477,33.999013],[134.631486,33.999004],[134.63151,33.998983],[134.631572,33.999026],[134.631589,33.999011],[134.631683,33.999075],[134.632003,33.999294],[134.632156,33.99907],[134.632561,33.998538],[134.632789,33.998505],[134.632807,33.998443],[134.632613,33.998454],[134.631867,33.998052],[134.631873,33.998041],[134.631765,33.997989],[134.631325,33.998603],[134.631225,33.998551],[134.631183,33.99861],[134.631113,33.998643],[134.630899,33.998964],[134.630859,33.998962],[134.630762,33.999083],[134.630336,33.999681],[134.63035,33.999703],[134.63035,33.999717],[134.630343,33.999732],[134.63033,33.999744],[134.630311,33.999752],[134.6303,33.999753],[134.630282,33.999751],[134.630267,33.999742],[134.630261,33.999731],[134.630258,33.999721],[134.630259,33.999713],[134.630264,33.999708],[134.630194,33.999664],[134.630615,33.999085],[134.630819,33.998813],[134.630653,33.998517],[134.630494,33.998228],[134.630331,33.998324],[134.629618,33.998738],[134.629575,33.998763],[134.629482,33.998824],[134.62944,33.998853],[134.6294,33.998883],[134.629104,33.999098],[134.628933,33.999216],[134.62888,33.999175],[134.628807,33.999311],[134.628977,33.999376],[134.628977,33.999382],[134.62923,33.999478],[134.629225,33.99949],[134.628968,33.999389],[134.628963,33.999399],[134.628793,33.999331],[134.628544,33.999773],[134.62852,33.999764],[134.628859,33.999173],[134.628956,33.9991],[134.629331,33.99882],[134.629375,33.998789],[134.62942,33.998757],[134.629512,33.998696],[134.629559,33.998668],[134.630272,33.998254],[134.630694,33.998009],[134.630563,33.997751],[134.629901,33.998132],[134.629869,33.998092],[134.63054,33.997705],[134.630442,33.997513],[134.630138,33.99698],[134.629856,33.996484],[134.629854,33.996481],[134.629851,33.996468],[134.62985,33.996456],[134.629851,33.996447],[134.629854,33.99644],[134.629857,33.996436],[134.629861,33.996428],[134.629869,33.996418],[134.629877,33.996414],[134.629992,33.99634],[134.629996,33.996337],[134.630005,33.996333],[134.630014,33.99633],[134.630028,33.996327],[134.630034,33.996326],[134.630053,33.996326],[134.630059,33.996326],[134.63008,33.996331],[134.630827,33.995782],[134.631939,33.994962],[134.632491,33.99456],[134.632823,33.994317],[134.632848,33.994319],[134.632843,33.994348],[134.63288,33.994352],[134.632901,33.994309],[134.632995,33.994314],[134.63306,33.9942],[134.633067,33.994187],[134.63307,33.994184],[134.633079,33.994176],[134.633092,33.994168],[134.633097,33.994165],[134.633108,33.994161],[134.633119,33.994158],[134.633129,33.994156],[134.633153,33.994156],[134.633164,33.994158],[134.633186,33.994165],[134.633196,33.99417],[134.6332,33.994173],[134.633209,33.99418],[134.633219,33.99419],[134.633222,33.994195],[134.63324,33.99419],[134.633245,33.994197],[134.633251,33.994215],[134.633253,33.994218],[134.633253,33.994245],[134.633252,33.99425],[134.633251,33.994256],[134.633161,33.99449],[134.633154,33.994506],[134.633141,33.994528],[134.633129,33.994543],[134.633118,33.994554],[134.633106,33.994566],[134.632956,33.994665],[134.632941,33.994655],[134.632886,33.994693],[134.63289,33.994753],[134.633181,33.995],[134.633219,33.995003],[134.633602,33.994712],[134.633811,33.994547],[134.633935,33.994454],[134.634269,33.994198],[134.634146,33.993871],[134.634069,33.993864],[134.633929,33.993967],[134.633636,33.994182],[134.633481,33.994034],[134.633925,33.99371],[134.634019,33.993641],[134.634068,33.993686],[134.634094,33.993668],[134.634472,33.993398],[134.634533,33.993364],[134.63466,33.993284],[134.634804,33.993111],[134.634967,33.992943],[134.63504,33.992897],[134.634981,33.992821],[134.635013,33.992784],[134.635183,33.992544],[134.635211,33.9925],[134.635238,33.992459],[134.635265,33.992416],[134.635295,33.992375],[134.635327,33.992337],[134.635359,33.992303],[134.635392,33.992273],[134.635422,33.992245],[134.635455,33.992219],[134.635497,33.992189],[134.635544,33.992156],[134.635593,33.992124],[134.635636,33.992095],[134.635684,33.992065],[134.635746,33.992028],[134.635821,33.991983],[134.635898,33.991936],[134.635962,33.991892],[134.636023,33.991854],[134.636094,33.99182],[134.636136,33.991805],[134.636173,33.991791],[134.636244,33.991768],[134.636296,33.99175],[134.636335,33.991736],[134.636376,33.991727],[134.636424,33.991722],[134.636476,33.991722],[134.63653,33.991725],[134.636589,33.991731],[134.636651,33.991743],[134.636716,33.991757],[134.63678,33.991772],[134.636903,33.991799],[134.636976,33.99182],[134.637059,33.991848],[134.637145,33.99188],[134.637227,33.991914],[134.637304,33.991947],[134.637367,33.991977],[134.637426,33.992007],[134.637499,33.992041],[134.637598,33.992082],[134.637704,33.992125],[134.637797,33.992167],[134.637864,33.992205],[134.637921,33.992238],[134.637973,33.992268],[134.638025,33.992295],[134.638078,33.992323],[134.638132,33.992351],[134.638183,33.99238],[134.638231,33.992409],[134.638282,33.99244],[134.638343,33.992476],[134.638414,33.992518],[134.638486,33.99256],[134.63855,33.992599],[134.638602,33.992632],[134.638635,33.99266],[134.638651,33.992681],[134.638659,33.992699],[134.638788,33.992798],[134.638841,33.992836],[134.638898,33.992875],[134.638959,33.992916],[134.639025,33.992957],[134.639093,33.992995],[134.639159,33.993021],[134.639224,33.99304],[134.639287,33.993058],[134.639348,33.993074],[134.639406,33.993089],[134.639462,33.9931],[134.639516,33.993108],[134.639561,33.993115],[134.639605,33.993122],[134.639676,33.993138],[134.639615,33.993328],[134.63958,33.993438],[134.639602,33.993542],[134.63963,33.993744],[134.639628,33.993836],[134.639615,33.993918],[134.639605,33.994003],[134.63962,33.994059],[134.639701,33.994195],[134.639741,33.99425],[134.639738,33.994315],[134.639711,33.99438],[134.639655,33.994469],[134.639597,33.99456],[134.639507,33.994714],[134.639445,33.994835],[134.63939,33.994956],[134.639332,33.995109],[134.638718,33.994872],[134.637506,33.99439],[134.636201,33.993883],[134.635729,33.993691],[134.635958,33.994178],[134.63608,33.99448],[134.636149,33.994851],[134.636167,33.995117],[134.636164,33.995416],[134.636123,33.995666],[134.636026,33.996021],[134.635913,33.996305],[134.635793,33.996542],[134.635735,33.996626]]]},"properties":{"S_NAME":"和田島町字浜塚","HCODE":8101}},{"type":"Feature","geometry":{"type":"Polygon","coordinates":[[[134.63892,33.998793],[134.638841,33.998841],[134.638736,33.998933],[134.638608,33.999049],[134.638455,33.999227],[134.638379,33.999359],[134.638282,33.999547],[134.638203,33.999745],[134.638128,33.999844],[134.638038,33.999927],[134.63788,34.000024],[134.637721,34.000101],[134.637487,34.000198],[134.637239,34.000284],[134.637045,34.000524],[134.636934,34.000643],[134.636773,34.000797],[134.636637,34.00089],[134.636456,34.001012],[134.636264,34.001134],[134.636176,34.001212],[134.635787,34.001584],[134.635553,34.001794],[134.6353,34.001973],[134.635026,34.002181],[134.634845,34.00231],[134.634757,34.002423],[134.634585,34.002673],[134.634223,34.002347],[134.634093,34.002215],[134.633884,34.001975],[134.633716,34.001765],[134.633537,34.001549],[134.63337,34.001389],[134.633017,34.001124],[134.632838,34.001006],[134.632754,34.000919],[134.632618,34.000822],[134.63251,34.000752],[134.632452,34.00074],[134.632409,34.000715],[134.632371,34.000657],[134.632255,34.000462],[134.632117,34.000247],[134.632247,34.000122],[134.633255,33.999149],[134.633929,33.998479],[134.634671,33.997766],[134.634893,33.997566],[134.635312,33.997144],[134.635581,33.996831],[134.635627,33.996779],[134.635735,33.996626],[134.636062,33.996904],[134.63641,33.997263],[134.636671,33.997469],[134.6369,33.997711],[134.637052,33.997972],[134.637237,33.998151],[134.637509,33.998322],[134.637846,33.998438],[134.638182,33.998518],[134.638519,33.998608],[134.638747,33.998715],[134.63892,33.998793]]]},"properties":{"S_NAME":"和田島町字西浜手","HCODE":8101}},{"type":"Feature","geometry":{"type":"Polygon","coordinates":[[[134.638557,34.0032],[134.637436,34.00449],[134.636093,34.003671],[134.635581,34.003358],[134.635238,34.003145],[134.63504,34.003021],[134.634804,34.002848],[134.634585,34.002673],[134.634757,34.002423],[134.634845,34.00231],[134.635026,34.002181],[134.6353,34.001973],[134.635553,34.001794],[134.635787,34.001584],[134.636176,34.001212],[134.636264,34.001134],[134.636456,34.001012],[134.636637,34.00089],[134.636773,34.000797],[134.636934,34.000643],[134.637045,34.000524],[134.637239,34.000284],[134.637487,34.000198],[134.637721,34.000101],[134.63788,34.000024],[134.638038,33.999927],[134.638128,33.999844],[134.638203,33.999745],[134.638282,33.999547],[134.638379,33.999359],[134.638455,33.999227],[134.638608,33.999049],[134.638736,33.998933],[134.638841,33.998841],[134.63892,33.998793],[134.639025,33.998812],[134.639104,33.99887],[134.639254,33.999043],[134.639334,33.999151],[134.639437,33.999373],[134.639596,33.999437],[134.640098,33.999736],[134.640701,33.999043],[134.640766,33.998991],[134.640864,33.99893],[134.640947,33.998875],[134.640988,33.998796],[134.640982,33.998734],[134.641129,33.998791],[134.641309,33.998891],[134.641378,33.998944],[134.641419,33.998899],[134.641479,33.998867],[134.641559,33.998876],[134.641785,33.998972],[134.642171,33.999117],[134.642324,33.999182],[134.642362,33.999216],[134.642378,33.99926],[134.642371,33.999311],[134.64236,33.999378],[134.64238,33.999441],[134.642418,33.999488],[134.642368,33.999476],[134.642334,33.999492],[134.641862,33.999797],[134.641527,34.000038],[134.641374,33.999972],[134.641068,34.000317],[134.640239,34.001275],[134.638557,34.0032]]]},"properties":{"S_NAME":"和田島町字勢以元","HCODE":8101}},{"type":"Feature","geometry":{"type":"Polygon","coordinates":[[[134.643621,34.003089],[134.643593,34.003134],[134.643562,34.003174],[134.643528,34.003214],[134.643497,34.003257],[134.643472,34.003304],[134.643382,34.003274],[134.643346,34.00331],[134.643369,34.003322],[134.643429,34.003354],[134.643351,34.003451],[134.643332,34.003474],[134.643316,34.003495],[134.643254,34.003566],[134.643205,34.00362],[134.643168,34.00366],[134.643142,34.003686],[134.643116,34.003724],[134.643104,34.003746],[134.643094,34.003771],[134.643091,34.003787],[134.643092,34.003838],[134.643048,34.003821],[134.643011,34.003807],[134.642997,34.003804],[134.642987,34.003804],[134.642978,34.003807],[134.642967,34.00382],[134.642956,34.003833],[134.642956,34.00384],[134.642969,34.003853],[134.643023,34.003892],[134.64298,34.003927],[134.642934,34.003963],[134.642889,34.004003],[134.642853,34.004041],[134.642824,34.004071],[134.6428,34.004097],[134.64278,34.004127],[134.642762,34.004156],[134.642749,34.004182],[134.642736,34.004218],[134.642674,34.004378],[134.642625,34.00435],[134.642592,34.004335],[134.642584,34.004333],[134.642568,34.004341],[134.642553,34.004356],[134.642547,34.004362],[134.642546,34.004368],[134.642553,34.004377],[134.642613,34.004416],[134.642584,34.004449],[134.642549,34.004485],[134.64251,34.004523],[134.642471,34.004558],[134.642441,34.004585],[134.64242,34.004607],[134.642399,34.004633],[134.642384,34.004661],[134.642372,34.004692],[134.642354,34.004732],[134.642344,34.004754],[134.642313,34.004797],[134.642274,34.004847],[134.642255,34.004873],[134.642249,34.004893],[134.642253,34.004909],[134.642258,34.004921],[134.64223,34.004901],[134.642212,34.004891],[134.642193,34.004885],[134.642152,34.004876],[134.642128,34.004901],[134.642194,34.004953],[134.642207,34.004963],[134.642194,34.004971],[134.642163,34.00499],[134.642108,34.005025],[134.642048,34.005066],[134.641999,34.0051],[134.641958,34.005134],[134.641918,34.005173],[134.641882,34.005211],[134.641858,34.005243],[134.641839,34.005274],[134.641807,34.005321],[134.641772,34.00538],[134.641746,34.005429],[134.641931,34.005555],[134.641922,34.005564],[134.64174,34.00544],[134.641733,34.005456],[134.641731,34.005464],[134.641745,34.005485],[134.641691,34.005505],[134.641649,34.005525],[134.641609,34.005552],[134.641545,34.005593],[134.641487,34.00563],[134.641467,34.005645],[134.64145,34.005661],[134.641421,34.005701],[134.641411,34.005721],[134.641388,34.00575],[134.641356,34.005788],[134.641327,34.005834],[134.64132,34.005848],[134.641325,34.005866],[134.641292,34.005845],[134.641264,34.005829],[134.641251,34.005824],[134.641239,34.005825],[134.641215,34.005836],[134.641202,34.005847],[134.641207,34.005854],[134.641269,34.005913],[134.641218,34.005942],[134.641169,34.005973],[134.641123,34.006008],[134.641075,34.006047],[134.641032,34.006087],[134.640996,34.00613],[134.640959,34.00619],[134.640916,34.006262],[134.640865,34.006339],[134.64076,34.006269],[134.640731,34.006304],[134.640823,34.006375],[134.640768,34.006394],[134.640723,34.006423],[134.64068,34.006462],[134.640623,34.006501],[134.64047,34.006321],[134.640366,34.006201],[134.640293,34.006085],[134.640256,34.006034],[134.640182,34.005955],[134.640086,34.005852],[134.640064,34.005804],[134.640054,34.00575],[134.64003,34.005687],[134.639944,34.005515],[134.639837,34.005301],[134.639792,34.00522],[134.6397,34.0051],[134.639584,34.004998],[134.639495,34.004919],[134.639465,34.004824],[134.639457,34.004751],[134.639448,34.004589],[134.639436,34.004514],[134.639401,34.004431],[134.639356,34.004351],[134.639333,34.004289],[134.639333,34.00424],[134.639332,34.004197],[134.639338,34.004159],[134.639358,34.00411],[134.639401,34.004022],[134.639422,34.003963],[134.639424,34.003904],[134.63939,34.003851],[134.639345,34.003808],[134.639283,34.003772],[134.639177,34.003738],[134.639089,34.003696],[134.639015,34.003657],[134.638933,34.003606],[134.638893,34.00357],[134.638863,34.003533],[134.638809,34.003458],[134.638619,34.003253],[134.638557,34.0032],[134.640239,34.001275],[134.641349,34.001935],[134.641539,34.002061],[134.6434,34.002974],[134.643621,34.003089]]]},"properties":{"S_NAME":"和田島町字外開","HCODE":8101}},{"type":"Feature","geometry":{"type":"Polygon","coordinates":[[[134.646644,33.998193],[134.646618,33.998252],[134.646597,33.998301],[134.64658,33.998345],[134.646535,33.998333],[134.646528,33.998352],[134.646514,33.998388],[134.646507,33.998413],[134.646499,33.998446],[134.64649,33.99849],[134.646483,33.998535],[134.646477,33.99858],[134.646319,33.998523],[134.646283,33.998585],[134.646459,33.998649],[134.646426,33.998676],[134.646394,33.998703],[134.646366,33.998729],[134.646343,33.998756],[134.646327,33.998784],[134.646316,33.998812],[134.646308,33.998842],[134.646301,33.998875],[134.646293,33.998917],[134.646284,33.998939],[134.646271,33.998967],[134.646251,33.99899],[134.646244,33.998997],[134.646232,33.999003],[134.646223,33.999005],[134.646208,33.999002],[134.646182,33.998988],[134.646165,33.998975],[134.646152,33.998964],[134.646143,33.998953],[134.646136,33.998941],[134.646132,33.998931],[134.646114,33.998885],[134.646112,33.99888],[134.646105,33.998878],[134.6461,33.99888],[134.646095,33.998884],[134.646093,33.99889],[134.646093,33.998897],[134.646105,33.998941],[134.646113,33.998965],[134.646119,33.998978],[134.64613,33.998988],[134.646162,33.999005],[134.646192,33.999024],[134.646211,33.999042],[134.646219,33.999054],[134.646217,33.999058],[134.646204,33.999072],[134.646177,33.999102],[134.646144,33.999143],[134.646113,33.999187],[134.646084,33.999233],[134.646063,33.999277],[134.646049,33.999316],[134.64604,33.999351],[134.646036,33.999388],[134.646038,33.999427],[134.645987,33.999409],[134.645949,33.9994],[134.645936,33.9994],[134.645922,33.999407],[134.645915,33.999417],[134.645916,33.999424],[134.64593,33.999438],[134.645955,33.999451],[134.646013,33.999479],[134.645959,33.999517],[134.645914,33.999551],[134.645879,33.99958],[134.645842,33.999616],[134.645812,33.999649],[134.64579,33.999686],[134.645762,33.999729],[134.645723,33.999788],[134.645682,33.999853],[134.645653,33.999899],[134.645624,33.99997],[134.645524,33.999934],[134.645502,33.999981],[134.645604,34.000017],[134.645564,34.000057],[134.645526,34.0001],[134.645493,34.000147],[134.645464,34.000186],[134.645437,34.000228],[134.645412,34.000275],[134.645389,34.000324],[134.645365,34.000378],[134.645341,34.000438],[134.645308,34.000534],[134.64521,34.000503],[134.645195,34.000523],[134.645189,34.000541],[134.64519,34.000549],[134.645202,34.00056],[134.645258,34.000582],[134.645218,34.000618],[134.645187,34.000658],[134.645164,34.000701],[134.645141,34.000745],[134.645116,34.000796],[134.645088,34.000856],[134.64506,34.000921],[134.645041,34.000977],[134.64501,34.001081],[134.644999,34.001082],[134.644971,34.001095],[134.644899,34.001072],[134.644873,34.001124],[134.644922,34.001146],[134.64481,34.001283],[134.644773,34.001339],[134.644759,34.001367],[134.644728,34.001424],[134.644696,34.001486],[134.644665,34.001549],[134.644645,34.001602],[134.644639,34.001646],[134.644598,34.001639],[134.644574,34.001644],[134.644565,34.001652],[134.644558,34.001661],[134.644553,34.001668],[134.644553,34.001684],[134.644562,34.0017],[134.644416,34.001906],[134.644365,34.001971],[134.644335,34.002011],[134.64431,34.002052],[134.644287,34.002091],[134.644273,34.002129],[134.644271,34.002147],[134.64427,34.002182],[134.644274,34.002216],[134.644204,34.002196],[134.64416,34.002253],[134.644234,34.002298],[134.64418,34.002335],[134.644132,34.002373],[134.644096,34.00241],[134.644044,34.002471],[134.644,34.002525],[134.643953,34.002582],[134.643917,34.002631],[134.643888,34.002681],[134.643858,34.002746],[134.643795,34.002719],[134.643766,34.002767],[134.64382,34.002796],[134.643793,34.002827],[134.643768,34.002872],[134.643743,34.002924],[134.643712,34.00297],[134.643681,34.003007],[134.64365,34.003043],[134.643621,34.003089],[134.6434,34.002974],[134.641539,34.002061],[134.641349,34.001935],[134.640239,34.001275],[134.641068,34.000317],[134.641374,33.999972],[134.641527,34.000038],[134.641862,33.999797],[134.642334,33.999492],[134.642368,33.999476],[134.642418,33.999488],[134.64238,33.999441],[134.64236,33.999378],[134.642371,33.999311],[134.642378,33.99926],[134.642362,33.999216],[134.642324,33.999182],[134.642171,33.999117],[134.641785,33.998972],[134.641559,33.998876],[134.641479,33.998867],[134.641419,33.998899],[134.641378,33.998944],[134.641309,33.998891],[134.641129,33.998791],[134.640982,33.998734],[134.641936,33.997621],[134.642694,33.996642],[134.642885,33.9967],[134.643296,33.99686],[134.64371,33.997037],[134.643777,33.997069],[134.643877,33.997135],[134.643955,33.997207],[134.644048,33.997285],[134.644191,33.997405],[134.644219,33.997428],[134.644294,33.997491],[134.644395,33.99757],[134.644557,33.997687],[134.644723,33.997787],[134.644944,33.997921],[134.645125,33.997997],[134.645244,33.99804],[134.645332,33.998071],[134.645462,33.99812],[134.645534,33.998157],[134.645626,33.998195],[134.64574,33.998225],[134.645834,33.998248],[134.64591,33.99825],[134.646255,33.998225],[134.646644,33.998193]]]},"properties":{"S_NAME":"和田島町字明神東","HCODE":8101}},{"type":"Feature","geometry":{"type":"Polygon","coordinates":[[[134.649428,33.993018],[134.649404,33.993088],[134.649387,33.993145],[134.64938,33.993182],[134.649382,33.993201],[134.649387,33.993211],[134.649359,33.993204],[134.649335,33.993263],[134.649472,33.993311],[134.649362,33.993391],[134.649254,33.993427],[134.649268,33.993336],[134.649137,33.993309],[134.648819,33.993938],[134.648781,33.994007],[134.648839,33.994028],[134.648873,33.994061],[134.648845,33.994131],[134.648731,33.994102],[134.648575,33.99441],[134.648557,33.994445],[134.648569,33.994484],[134.648583,33.994514],[134.648606,33.994539],[134.648638,33.994558],[134.648674,33.994577],[134.648653,33.994652],[134.648477,33.994599],[134.648454,33.994592],[134.648449,33.994602],[134.648427,33.994647],[134.648625,33.994738],[134.648535,33.994832],[134.648357,33.994799],[134.648146,33.995252],[134.64825,33.995289],[134.648337,33.995257],[134.648318,33.995347],[134.648315,33.995383],[134.648314,33.995411],[134.648315,33.995436],[134.648221,33.995411],[134.648183,33.995404],[134.648154,33.995406],[134.648134,33.995419],[134.648123,33.995438],[134.648113,33.995458],[134.64811,33.995476],[134.648114,33.995489],[134.648124,33.995497],[134.648138,33.995503],[134.648094,33.995575],[134.648061,33.99564],[134.648015,33.995728],[134.647966,33.995823],[134.647936,33.995876],[134.647916,33.995913],[134.647875,33.995991],[134.647849,33.996051],[134.647842,33.996076],[134.647836,33.996112],[134.647837,33.99614],[134.647838,33.996161],[134.647841,33.996181],[134.64783,33.996178],[134.647701,33.996131],[134.64769,33.996154],[134.647813,33.996211],[134.647794,33.996257],[134.647773,33.996293],[134.64774,33.996335],[134.647703,33.996383],[134.64767,33.996431],[134.647644,33.996478],[134.64763,33.99652],[134.647623,33.996551],[134.647624,33.996575],[134.647629,33.99659],[134.647634,33.996599],[134.647642,33.996605],[134.647622,33.996649],[134.648924,33.997097],[134.649078,33.996785],[134.649153,33.99681],[134.648951,33.99722],[134.648876,33.997195],[134.648903,33.997139],[134.647597,33.99669],[134.647575,33.996682],[134.647272,33.997003],[134.646871,33.997754],[134.646889,33.99784],[134.646804,33.99792],[134.646768,33.997962],[134.646736,33.998008],[134.646706,33.998063],[134.646674,33.998127],[134.646644,33.998193],[134.646255,33.998225],[134.64591,33.99825],[134.645834,33.998248],[134.64574,33.998225],[134.645626,33.998195],[134.645534,33.998157],[134.645462,33.99812],[134.645332,33.998071],[134.645244,33.99804],[134.645125,33.997997],[134.644944,33.997921],[134.644723,33.997787],[134.644557,33.997687],[134.644395,33.99757],[134.644294,33.997491],[134.644219,33.997428],[134.644191,33.997405],[134.644048,33.997285],[134.643955,33.997207],[134.643877,33.997135],[134.643777,33.997069],[134.644003,33.996901],[134.644611,33.996402],[134.64511,33.995977],[134.644626,33.995602],[134.64457,33.995569],[134.644518,33.995542],[134.644472,33.995511],[134.644283,33.99535],[134.644373,33.995301],[134.644436,33.995255],[134.644483,33.995219],[134.644535,33.995184],[134.644642,33.995124],[134.644723,33.995083],[134.64487,33.995009],[134.644973,33.994963],[134.645069,33.994921],[134.645164,33.994867],[134.645235,33.994833],[134.645296,33.9948],[134.64538,33.994776],[134.645482,33.994752],[134.645562,33.994742],[134.645629,33.994724],[134.64569,33.994701],[134.645765,33.994661],[134.645865,33.994603],[134.645921,33.99457],[134.645979,33.994557],[134.646053,33.994543],[134.646217,33.994511],[134.646446,33.994475],[134.646725,33.994431],[134.646887,33.994388],[134.647015,33.994354],[134.647107,33.994333],[134.647179,33.994319],[134.647269,33.99431],[134.647407,33.994302],[134.647515,33.994298],[134.647627,33.994294],[134.647732,33.99429],[134.647814,33.994271],[134.64788,33.99425],[134.647934,33.994217],[134.648038,33.994116],[134.648138,33.994005],[134.648211,33.993908],[134.648296,33.993789],[134.648366,33.993665],[134.648414,33.993587],[134.648519,33.993389],[134.648606,33.993214],[134.648651,33.99314],[134.648681,33.993119],[134.648744,33.9931],[134.648832,33.993078],[134.64893,33.99306],[134.648998,33.993055],[134.649125,33.993044],[134.649169,33.993044],[134.649428,33.993018]]]},"properties":{"S_NAME":"和田島町字東新開","HCODE":8101}},{"type":"Feature","geometry":{"type":"Polygon","coordinates":[[[134.645482,33.994752],[134.645218,33.994516],[134.645111,33.994568],[134.644983,33.994624],[134.644869,33.994663],[134.644816,33.99457],[134.644766,33.994491],[134.644735,33.994444],[134.644714,33.994397],[134.644699,33.994347],[134.644687,33.994297],[134.644458,33.994365],[134.644343,33.994395],[134.644137,33.994438],[134.643921,33.994481],[134.64373,33.994511],[134.643595,33.994528],[134.64355,33.994554],[134.643467,33.994607],[134.643393,33.994675],[134.643252,33.994813],[134.643034,33.99505],[134.64302,33.995101],[134.642991,33.995215],[134.642913,33.995352],[134.642648,33.995728],[134.642491,33.995926],[134.642427,33.995961],[134.642351,33.995981],[134.642203,33.995995],[134.642089,33.996008],[134.641949,33.996026],[134.641877,33.996042],[134.641767,33.996046],[134.641271,33.996087],[134.641076,33.996023],[134.640839,33.995917],[134.640505,33.99576],[134.639994,33.99551],[134.63963,33.995292],[134.639332,33.995109],[134.63939,33.994956],[134.639445,33.994835],[134.639507,33.994714],[134.639597,33.99456],[134.639655,33.994469],[134.639711,33.99438],[134.639738,33.994315],[134.639741,33.99425],[134.639701,33.994195],[134.63962,33.994059],[134.639605,33.994003],[134.639615,33.993918],[134.639628,33.993836],[134.63963,33.993744],[134.639602,33.993542],[134.63958,33.993438],[134.639615,33.993328],[134.639676,33.993138],[134.640936,33.993085],[134.641031,33.993072],[134.641132,33.993057],[134.641307,33.993013],[134.641433,33.992956],[134.64156,33.992877],[134.641818,33.992682],[134.642189,33.992417],[134.64259,33.992126],[134.642756,33.991951],[134.642952,33.991724],[134.643082,33.99161],[134.643165,33.991541],[134.643229,33.991499],[134.643323,33.991446],[134.643432,33.991404],[134.643771,33.991303],[134.643909,33.991261],[134.644275,33.991159],[134.644645,33.99105],[134.644897,33.990989],[134.645146,33.990916],[134.645402,33.990844],[134.645494,33.990824],[134.645694,33.990783],[134.645898,33.990756],[134.646056,33.99073],[134.646212,33.990705],[134.646313,33.990681],[134.646387,33.990656],[134.646469,33.990617],[134.646555,33.990573],[134.64667,33.990496],[134.646851,33.990324],[134.647032,33.990133],[134.647196,33.989952],[134.647384,33.989746],[134.64754,33.989589],[134.647654,33.98946],[134.647985,33.98912],[134.648571,33.988496],[134.64884,33.988214],[134.64915,33.987889],[134.649241,33.987788],[134.649345,33.987649],[134.649545,33.987317],[134.649706,33.987021],[134.649843,33.986784],[134.649916,33.986654],[134.650141,33.986298],[134.650258,33.986133],[134.650297,33.986076],[134.650349,33.985929],[134.650387,33.98583],[134.650489,33.985633],[134.650596,33.985428],[134.650644,33.985441],[134.651326,33.985681],[134.651401,33.985707],[134.651521,33.985749],[134.651461,33.985898],[134.651374,33.986057],[134.651729,33.986163],[134.651963,33.986211],[134.651936,33.986276],[134.651915,33.986359],[134.6519,33.986446],[134.651892,33.986521],[134.651892,33.986529],[134.651893,33.986579],[134.651896,33.986604],[134.651913,33.986655],[134.65197,33.986757],[134.651961,33.986781],[134.651827,33.986752],[134.651805,33.986798],[134.651915,33.986829],[134.651847,33.986884],[134.651793,33.986932],[134.651741,33.986978],[134.651695,33.987027],[134.651674,33.987052],[134.651636,33.987106],[134.651601,33.987168],[134.65157,33.987242],[134.651553,33.987284],[134.651525,33.987377],[134.651514,33.987426],[134.6515,33.987528],[134.651499,33.987629],[134.651501,33.987676],[134.651509,33.987757],[134.651521,33.987823],[134.651536,33.987878],[134.651574,33.987987],[134.651552,33.98798],[134.651548,33.987978],[134.651544,33.987977],[134.651534,33.987976],[134.651525,33.987977],[134.65152,33.987978],[134.651516,33.987979],[134.651511,33.987981],[134.651508,33.987983],[134.651504,33.987985],[134.651494,33.987994],[134.651489,33.988003],[134.651474,33.98804],[134.651473,33.988043],[134.651473,33.988052],[134.651475,33.988055],[134.651479,33.988061],[134.651481,33.988062],[134.651488,33.988066],[134.651491,33.988067],[134.651529,33.988075],[134.651481,33.988104],[134.65144,33.988135],[134.651399,33.988176],[134.65136,33.988229],[134.651342,33.988261],[134.65131,33.988332],[134.651287,33.988409],[134.65127,33.988483],[134.651261,33.988547],[134.651258,33.988603],[134.651252,33.988659],[134.651242,33.988717],[134.651223,33.988781],[134.651193,33.98885],[134.651159,33.98892],[134.651131,33.988987],[134.651113,33.98905],[134.651107,33.989084],[134.651103,33.989156],[134.651106,33.989232],[134.651111,33.98927],[134.651128,33.989338],[134.651151,33.989394],[134.651176,33.989444],[134.65116,33.98946],[134.651155,33.989465],[134.651004,33.989427],[134.650988,33.989467],[134.651178,33.989524],[134.651114,33.989606],[134.65107,33.989669],[134.651039,33.989721],[134.651019,33.989763],[134.650974,33.98988],[134.650941,33.989967],[134.650928,33.989996],[134.650915,33.990024],[134.6509,33.990051],[134.650884,33.990081],[134.650865,33.990112],[134.650846,33.990144],[134.650828,33.990177],[134.650811,33.99021],[134.650797,33.990241],[134.650788,33.990272],[134.650781,33.990301],[134.650776,33.990328],[134.650775,33.990353],[134.650775,33.990377],[134.650779,33.990398],[134.650784,33.990416],[134.65079,33.990433],[134.650797,33.990449],[134.650723,33.990425],[134.650691,33.990486],[134.650776,33.990513],[134.650822,33.990522],[134.650796,33.990542],[134.650784,33.990555],[134.650773,33.990571],[134.650761,33.99059],[134.650748,33.990611],[134.650737,33.990635],[134.650723,33.99066],[134.650712,33.990686],[134.650707,33.990708],[134.650711,33.990724],[134.650722,33.990733],[134.650747,33.990742],[134.650751,33.990747],[134.65075,33.990758],[134.650741,33.990777],[134.650725,33.990813],[134.650703,33.990861],[134.650677,33.990914],[134.650652,33.990966],[134.650629,33.991008],[134.650591,33.991072],[134.650575,33.991095],[134.65056,33.991116],[134.650546,33.991137],[134.650535,33.991162],[134.650523,33.99119],[134.650506,33.99125],[134.650502,33.991276],[134.650499,33.991299],[134.650499,33.99131],[134.650499,33.991313],[134.650498,33.991317],[134.650497,33.99132],[134.650495,33.991322],[134.650488,33.991328],[134.650482,33.991332],[134.650478,33.991333],[134.650473,33.991333],[134.650464,33.991331],[134.650291,33.991283],[134.65027,33.991334],[134.650434,33.991385],[134.650437,33.991386],[134.650441,33.991388],[134.650443,33.99139],[134.650445,33.991392],[134.650446,33.991394],[134.650448,33.9914],[134.650448,33.991403],[134.650447,33.991406],[134.65043,33.991462],[134.650425,33.991483],[134.65042,33.991505],[134.650419,33.991527],[134.650418,33.991547],[134.65042,33.991565],[134.650423,33.991581],[134.650426,33.991597],[134.650352,33.99157],[134.650338,33.991562],[134.650327,33.991553],[134.65032,33.991543],[134.650312,33.991512],[134.650308,33.991503],[134.650302,33.991496],[134.650292,33.991494],[134.65028,33.991496],[134.650267,33.9915],[134.650257,33.991507],[134.65025,33.991515],[134.650199,33.991571],[134.65018,33.991593],[134.650162,33.99162],[134.650144,33.99165],[134.650133,33.991674],[134.650081,33.991792],[134.650069,33.991825],[134.650056,33.991861],[134.650047,33.991901],[134.65004,33.99194],[134.650037,33.991978],[134.650038,33.992011],[134.650042,33.992038],[134.65005,33.992062],[134.65006,33.992086],[134.650073,33.992113],[134.650085,33.99214],[134.650057,33.992153],[134.64989,33.992111],[134.649866,33.99216],[134.650078,33.992239],[134.650115,33.992253],[134.650063,33.992255],[134.650041,33.992263],[134.650023,33.99228],[134.650005,33.992302],[134.649985,33.992326],[134.649963,33.992351],[134.649942,33.992369],[134.64992,33.992379],[134.649902,33.992379],[134.649885,33.992369],[134.64987,33.992354],[134.649859,33.992339],[134.649851,33.992324],[134.649845,33.99231],[134.649804,33.992318],[134.649783,33.992325],[134.649762,33.992337],[134.649737,33.992357],[134.649705,33.992385],[134.649671,33.992421],[134.64964,33.992464],[134.649615,33.99251],[134.649594,33.992557],[134.649576,33.9926],[134.649563,33.992637],[134.649558,33.992665],[134.64956,33.992684],[134.649564,33.992701],[134.649514,33.992802],[134.649485,33.992866],[134.649455,33.992941],[134.649428,33.993018],[134.649169,33.993044],[134.649125,33.993044],[134.648998,33.993055],[134.64893,33.99306],[134.648832,33.993078],[134.648744,33.9931],[134.648681,33.993119],[134.648651,33.99314],[134.648606,33.993214],[134.648519,33.993389],[134.648414,33.993587],[134.648366,33.993665],[134.648296,33.993789],[134.648211,33.993908],[134.648138,33.994005],[134.648038,33.994116],[134.647934,33.994217],[134.64788,33.99425],[134.647814,33.994271],[134.647732,33.99429],[134.647627,33.994294],[134.647515,33.994298],[134.647407,33.994302],[134.647269,33.99431],[134.647179,33.994319],[134.647107,33.994333],[134.647015,33.994354],[134.646887,33.994388],[134.646725,33.994431],[134.646446,33.994475],[134.646217,33.994511],[134.646053,33.994543],[134.645979,33.994557],[134.645921,33.99457],[134.645865,33.994603],[134.645765,33.994661],[134.64569,33.994701],[134.645629,33.994724],[134.645562,33.994742],[134.645482,33.994752]]]},"properties":{"S_NAME":"和田島町字東新開","HCODE":8101}},{"type":"Feature","geometry":{"type":"Polygon","coordinates":[[[134.643777,33.997069],[134.64371,33.997037],[134.643296,33.99686],[134.642885,33.9967],[134.642694,33.996642],[134.641936,33.997621],[134.640982,33.998734],[134.640988,33.998796],[134.640947,33.998875],[134.640864,33.99893],[134.640766,33.998991],[134.640701,33.999043],[134.640098,33.999736],[134.639596,33.999437],[134.639437,33.999373],[134.639334,33.999151],[134.639254,33.999043],[134.639104,33.99887],[134.639025,33.998812],[134.639101,33.998777],[134.639409,33.998502],[134.639675,33.998249],[134.639866,33.998058],[134.639927,33.998006],[134.640045,33.997939],[134.640369,33.997806],[134.640454,33.997778],[134.640552,33.997698],[134.640615,33.997603],[134.640771,33.997217],[134.640841,33.997036],[134.641015,33.996721],[134.641121,33.996554],[134.641233,33.996353],[134.641272,33.996163],[134.641271,33.996087],[134.641767,33.996046],[134.641877,33.996042],[134.641949,33.996026],[134.642089,33.996008],[134.642203,33.995995],[134.642351,33.995981],[134.642427,33.995961],[134.642491,33.995926],[134.642648,33.995728],[134.642913,33.995352],[134.642991,33.995215],[134.64302,33.995101],[134.643034,33.99505],[134.643252,33.994813],[134.643393,33.994675],[134.643467,33.994607],[134.64355,33.994554],[134.643595,33.994528],[134.64373,33.994511],[134.643921,33.994481],[134.644137,33.994438],[134.644343,33.994395],[134.644458,33.994365],[134.644687,33.994297],[134.644699,33.994347],[134.644714,33.994397],[134.644735,33.994444],[134.644766,33.994491],[134.644816,33.99457],[134.644869,33.994663],[134.644983,33.994624],[134.645111,33.994568],[134.645218,33.994516],[134.645482,33.994752],[134.64538,33.994776],[134.645296,33.9948],[134.645235,33.994833],[134.645164,33.994867],[134.645069,33.994921],[134.644973,33.994963],[134.64487,33.995009],[134.644723,33.995083],[134.644642,33.995124],[134.644535,33.995184],[134.644483,33.995219],[134.644436,33.995255],[134.644373,33.995301],[134.644283,33.99535],[134.644472,33.995511],[134.644518,33.995542],[134.64457,33.995569],[134.644626,33.995602],[134.64511,33.995977],[134.644611,33.996402],[134.644003,33.996901],[134.643777,33.997069]]]},"properties":{"S_NAME":"和田島町字明神北","HCODE":8101}},{"type":"Feature","geometry":{"type":"Polygon","coordinates":[[[134.641271,33.996087],[134.641272,33.996163],[134.641233,33.996353],[134.641121,33.996554],[134.641015,33.996721],[134.640841,33.997036],[134.640771,33.997217],[134.640615,33.997603],[134.640552,33.997698],[134.640454,33.997778],[134.640369,33.997806],[134.640045,33.997939],[134.639927,33.998006],[134.639866,33.998058],[134.639675,33.998249],[134.639409,33.998502],[134.639101,33.998777],[134.639025,33.998812],[134.63892,33.998793],[134.638747,33.998715],[134.638519,33.998608],[134.638182,33.998518],[134.637846,33.998438],[134.637509,33.998322],[134.637237,33.998151],[134.637052,33.997972],[134.6369,33.997711],[134.636671,33.997469],[134.63641,33.997263],[134.636062,33.996904],[134.635735,33.996626],[134.635793,33.996542],[134.635913,33.996305],[134.636026,33.996021],[134.636123,33.995666],[134.636164,33.995416],[134.636167,33.995117],[134.636149,33.994851],[134.63608,33.99448],[134.635958,33.994178],[134.635729,33.993691],[134.636201,33.993883],[134.637506,33.99439],[134.638718,33.994872],[134.639332,33.995109],[134.63963,33.995292],[134.639994,33.99551],[134.640505,33.99576],[134.640839,33.995917],[134.641076,33.996023],[134.641271,33.996087]]]},"properties":{"S_NAME":"和田島町字塚の間","HCODE":8101}},{"type":"Feature","geometry":{"type":"Polygon","coordinates":[[[134.634533,33.993364],[134.634198,33.993129],[134.634174,33.99314],[134.633919,33.993246],[134.633789,33.993301],[134.633535,33.993385],[134.633536,33.99339],[134.633544,33.993411],[134.633375,33.993466],[134.633331,33.993482],[134.633291,33.9935],[134.633271,33.99351],[134.633233,33.993532],[134.633215,33.993545],[134.633176,33.993572],[134.633251,33.993634],[134.633235,33.993648],[134.633161,33.993583],[134.633151,33.99359],[134.633083,33.993527],[134.633036,33.993562],[134.633103,33.993626],[134.633098,33.993631],[134.633171,33.993701],[134.633155,33.993713],[134.63308,33.993644],[134.632633,33.99402],[134.632141,33.994401],[134.631887,33.994565],[134.63127,33.994961],[134.62977,33.995939],[134.629772,33.995943],[134.629457,33.996008],[134.629453,33.995995],[134.626291,33.996652],[134.626295,33.996646],[134.625691,33.996781],[134.625284,33.996579],[134.624507,33.996192],[134.625572,33.994662],[134.62553,33.99464],[134.625595,33.994542],[134.625649,33.994462],[134.625691,33.994379],[134.62575,33.994262],[134.627039,33.991726],[134.6276,33.99137],[134.627147,33.991195],[134.627169,33.991151],[134.627938,33.989438],[134.62782,33.989419],[134.627822,33.989412],[134.627806,33.989399],[134.627634,33.989316],[134.62839,33.987487],[134.629627,33.987714],[134.630075,33.987382],[134.630005,33.987307],[134.629446,33.986692],[134.629381,33.986657],[134.629335,33.986641],[134.629338,33.986604],[134.629443,33.986617],[134.629566,33.986663],[134.629735,33.98674],[134.629899,33.98683],[134.630098,33.986991],[134.630173,33.987056],[134.630263,33.987117],[134.63035,33.987175],[134.630415,33.987209],[134.630502,33.98726],[134.630617,33.987323],[134.630867,33.98747],[134.631243,33.98769],[134.631369,33.987764],[134.631427,33.987792],[134.631482,33.987811],[134.631532,33.987821],[134.631593,33.987821],[134.631697,33.987808],[134.63187,33.987796],[134.632042,33.987784],[134.632191,33.987779],[134.632293,33.987783],[134.632416,33.987795],[134.632511,33.987803],[134.632585,33.987809],[134.63263,33.987807],[134.632723,33.98784],[134.632841,33.987877],[134.632959,33.987929],[134.633056,33.987977],[134.633143,33.988025],[134.633252,33.988105],[134.633258,33.98828],[134.633265,33.988431],[134.633269,33.988547],[134.633269,33.988652],[134.633249,33.988783],[134.633205,33.988969],[134.633166,33.989083],[134.63323,33.989126],[134.633303,33.989169],[134.633334,33.989203],[134.633355,33.989241],[134.633383,33.98935],[134.633418,33.989486],[134.63345,33.989602],[134.633474,33.989678],[134.633508,33.989746],[134.633558,33.989822],[134.633602,33.989888],[134.633659,33.98994],[134.633711,33.989979],[134.63377,33.99],[134.633829,33.990008],[134.633913,33.99],[134.634051,33.989976],[134.634539,33.98988],[134.634949,33.989793],[134.635644,33.989654],[134.637056,33.98946],[134.637513,33.989397],[134.637948,33.989336],[134.640205,33.989021],[134.640427,33.99003],[134.640599,33.990889],[134.640793,33.991811],[134.641031,33.993072],[134.640936,33.993085],[134.639676,33.993138],[134.639605,33.993122],[134.639561,33.993115],[134.639516,33.993108],[134.639462,33.9931],[134.639406,33.993089],[134.639348,33.993074],[134.639287,33.993058],[134.639224,33.99304],[134.639159,33.993021],[134.639093,33.992995],[134.639025,33.992957],[134.638959,33.992916],[134.638898,33.992875],[134.638841,33.992836],[134.638788,33.992798],[134.638659,33.992699],[134.638651,33.992681],[134.638635,33.99266],[134.638602,33.992632],[134.63855,33.992599],[134.638486,33.99256],[134.638414,33.992518],[134.638343,33.992476],[134.638282,33.99244],[134.638231,33.992409],[134.638183,33.99238],[134.638132,33.992351],[134.638078,33.992323],[134.638025,33.992295],[134.637973,33.992268],[134.637921,33.992238],[134.637864,33.992205],[134.637797,33.992167],[134.637704,33.992125],[134.637598,33.992082],[134.637499,33.992041],[134.637426,33.992007],[134.637367,33.991977],[134.637304,33.991947],[134.637227,33.991914],[134.637145,33.99188],[134.637059,33.991848],[134.636976,33.99182],[134.636903,33.991799],[134.63678,33.991772],[134.636716,33.991757],[134.636651,33.991743],[134.636589,33.991731],[134.63653,33.991725],[134.636476,33.991722],[134.636424,33.991722],[134.636376,33.991727],[134.636335,33.991736],[134.636296,33.99175],[134.636244,33.991768],[134.636173,33.991791],[134.636136,33.991805],[134.636094,33.99182],[134.636023,33.991854],[134.635962,33.991892],[134.635898,33.991936],[134.635821,33.991983],[134.635746,33.992028],[134.635684,33.992065],[134.635636,33.992095],[134.635593,33.992124],[134.635544,33.992156],[134.635497,33.992189],[134.635455,33.992219],[134.635422,33.992245],[134.635392,33.992273],[134.635359,33.992303],[134.635327,33.992337],[134.635295,33.992375],[134.635265,33.992416],[134.635238,33.992459],[134.635211,33.9925],[134.635183,33.992544],[134.635013,33.992784],[134.634981,33.992821],[134.63504,33.992897],[134.634967,33.992943],[134.634804,33.993111],[134.63466,33.993284],[134.634533,33.993364]]]},"properties":{"S_NAME":"和田島町字松田新田","HCODE":8101}}]}