{"type":"FeatureCollection","features":[{"type":"Feature","geometry":{"type":"Polygon","coordinates":[[[134.554548,34.072042],[134.553192,34.072633],[134.552695,34.071902],[134.552611,34.071727],[134.552989,34.071589],[134.55322,34.071532],[134.553465,34.071492],[134.55387,34.07148],[134.55389,34.071947],[134.554083,34.071965],[134.554548,34.072042]]]},"properties":{"S_NAME":"一番町","HCODE":8101}},{"type":"Feature","geometry":{"type":"Polygon","coordinates":[[[134.548165,34.078366],[134.54766,34.078635],[134.547343,34.078027],[134.547867,34.077822],[134.548165,34.078366]]]},"properties":{"S_NAME":"北出来島町一丁目","HCODE":8101}},{"type":"Feature","geometry":{"type":"Polygon","coordinates":[[[134.547968,34.078951],[134.547729,34.079056],[134.547299,34.079257],[134.546867,34.07947],[134.546631,34.079597],[134.546295,34.079751],[134.545959,34.079929],[134.545629,34.080084],[134.545409,34.080183],[134.545216,34.080249],[134.544902,34.080371],[134.544786,34.080418],[134.544471,34.08049],[134.544422,34.080486],[134.544476,34.080251],[134.544526,34.08003],[134.544611,34.079756],[134.544983,34.079924],[134.545138,34.079625],[134.54556,34.079123],[134.545627,34.079174],[134.545665,34.079174],[134.546129,34.078764],[134.546164,34.078734],[134.54652,34.078424],[134.547228,34.077873],[134.547254,34.07787],[134.547343,34.078027],[134.54766,34.078635],[134.548165,34.078366],[134.548172,34.078377],[134.548612,34.078157],[134.548634,34.078136],[134.548641,34.078151],[134.548885,34.078521],[134.548709,34.078601],[134.548461,34.078709],[134.547968,34.078951]]]},"properties":{"S_NAME":"北出来島町二丁目","HCODE":8101}},{"type":"Feature","geometry":{"type":"Polygon","coordinates":[[[134.555419,34.071538],[134.555334,34.071683],[134.555272,34.071861],[134.555221,34.071982],[134.55509,34.072154],[134.554548,34.072042],[134.554083,34.071965],[134.55389,34.071947],[134.55387,34.07148],[134.553898,34.070803],[134.554593,34.070762],[134.554595,34.071493],[134.555419,34.071538]]]},"properties":{"S_NAME":"幸町一丁目","HCODE":8101}},{"type":"Feature","geometry":{"type":"Polygon","coordinates":[[[134.555953,34.06967],[134.555743,34.070347],[134.555419,34.071538],[134.554595,34.071493],[134.554593,34.070762],[134.553898,34.070803],[134.553871,34.070006],[134.55385,34.06957],[134.554191,34.069527],[134.55475,34.069472],[134.555953,34.06967]]]},"properties":{"S_NAME":"幸町二丁目","HCODE":8101}},{"type":"Feature","geometry":{"type":"Polygon","coordinates":[[[134.555953,34.06967],[134.55475,34.069472],[134.554191,34.069527],[134.55385,34.06957],[134.553835,34.06888],[134.553804,34.068392],[134.552586,34.068525],[134.552554,34.068239],[134.552319,34.067874],[134.552421,34.067806],[134.553355,34.067519],[134.553782,34.067392],[134.554328,34.067337],[134.554594,34.067299],[134.555131,34.06723],[134.555286,34.067215],[134.55549,34.067197],[134.555593,34.06718],[134.556092,34.067134],[134.556405,34.067104],[134.556406,34.067223],[134.556381,34.067586],[134.556341,34.068026],[134.556266,34.068434],[134.55615,34.068884],[134.555953,34.06967]]]},"properties":{"S_NAME":"幸町三丁目","HCODE":8101}},{"type":"Feature","geometry":{"type":"Polygon","coordinates":[[[134.55385,34.06957],[134.553871,34.070006],[134.552927,34.070299],[134.552854,34.070018],[134.552759,34.069719],[134.552711,34.069491],[134.552692,34.069403],[134.552652,34.069111],[134.552649,34.069094],[134.552645,34.069056],[134.553835,34.06888],[134.55385,34.06957]]]},"properties":{"S_NAME":"新内町","HCODE":8101}},{"type":"Feature","geometry":{"type":"Polygon","coordinates":[[[134.559439,34.071535],[134.558889,34.07157],[134.558075,34.071614],[134.557921,34.070415],[134.557587,34.070437],[134.557327,34.070454],[134.557325,34.070454],[134.55658,34.070465],[134.556721,34.071604],[134.555419,34.071538],[134.555743,34.070347],[134.555953,34.06967],[134.55615,34.068884],[134.556266,34.068434],[134.556341,34.068026],[134.556381,34.067586],[134.556406,34.067223],[134.556405,34.067104],[134.557129,34.067034],[134.55721,34.067497],[134.557314,34.067986],[134.557397,34.068338],[134.557494,34.068737],[134.55762,34.069257],[134.559046,34.069063],[134.559335,34.070373],[134.559439,34.071535]]]},"properties":{"S_NAME":"新蔵町一丁目","HCODE":8101}},{"type":"Feature","geometry":{"type":"Polygon","coordinates":[[[134.560374,34.06886],[134.560381,34.069625],[134.560368,34.070339],[134.560347,34.070959],[134.560332,34.071479],[134.559439,34.071535],[134.559335,34.070373],[134.559046,34.069063],[134.559042,34.069048],[134.560374,34.06886]]]},"properties":{"S_NAME":"新蔵町二丁目","HCODE":8101}},{"type":"Feature","geometry":{"type":"Polygon","coordinates":[[[134.562869,34.068475],[134.562828,34.06875],[134.562673,34.069916],[134.562606,34.070289],[134.562516,34.070875],[134.562483,34.07131],[134.561834,34.071424],[134.561276,34.071434],[134.561314,34.070966],[134.560347,34.070959],[134.560368,34.070339],[134.560381,34.069625],[134.560374,34.06886],[134.560863,34.068814],[134.56143,34.068742],[134.56189,34.068698],[134.562397,34.068649],[134.562434,34.068635],[134.562869,34.068475]]]},"properties":{"S_NAME":"新蔵町三丁目","HCODE":8101}},{"type":"Feature","geometry":{"type":"Polygon","coordinates":[[[134.54853,34.071566],[134.548748,34.071696],[134.548989,34.071827],[134.549129,34.071986],[134.549317,34.072217],[134.549712,34.072676],[134.550511,34.073649],[134.549777,34.073977],[134.549874,34.074134],[134.550482,34.075057],[134.550507,34.075095],[134.550211,34.075233],[134.550073,34.075276],[134.54981,34.075366],[134.54967,34.075405],[134.548654,34.07586],[134.548132,34.07494],[134.547764,34.074329],[134.547715,34.074229],[134.547676,34.074142],[134.547675,34.074066],[134.547693,34.074014],[134.547427,34.073876],[134.547063,34.073682],[134.546893,34.073602],[134.546917,34.073578],[134.547086,34.073374],[134.5473,34.073096],[134.547638,34.072694],[134.548182,34.072029],[134.54853,34.071566]]]},"properties":{"S_NAME":"寺島本町西一丁目","HCODE":8101}},{"type":"Feature","geometry":{"type":"Polygon","coordinates":[[[134.548654,34.07586],[134.547586,34.07638],[134.547561,34.076341],[134.546502,34.075485],[134.546255,34.07575],[134.546104,34.075923],[134.54574,34.076236],[134.54468,34.0755],[134.54494,34.075323],[134.54539,34.074994],[134.546026,34.074491],[134.546091,34.074437],[134.546429,34.074124],[134.546646,34.073872],[134.54677,34.073722],[134.546893,34.073602],[134.547063,34.073682],[134.547427,34.073876],[134.547693,34.074014],[134.547675,34.074066],[134.547676,34.074142],[134.547715,34.074229],[134.547764,34.074329],[134.548132,34.07494],[134.548654,34.07586]]]},"properties":{"S_NAME":"寺島本町西二丁目","HCODE":8101}},{"type":"Feature","geometry":{"type":"Polygon","coordinates":[[[134.55509,34.072154],[134.554991,34.072323],[134.554793,34.072583],[134.554648,34.072769],[134.554487,34.072954],[134.554269,34.073178],[134.55395,34.073388],[134.553774,34.073495],[134.553704,34.073388],[134.553192,34.072633],[134.554548,34.072042],[134.55509,34.072154]]]},"properties":{"S_NAME":"寺島本町東一丁目","HCODE":8101}},{"type":"Feature","geometry":{"type":"Polygon","coordinates":[[[134.553774,34.073495],[134.553521,34.073649],[134.55346,34.073679],[134.553361,34.073545],[134.553318,34.073486],[134.552659,34.073683],[134.552227,34.073128],[134.55179,34.072709],[134.551768,34.072682],[134.552323,34.072037],[134.552611,34.071727],[134.552695,34.071902],[134.553192,34.072633],[134.553704,34.073388],[134.553774,34.073495]]]},"properties":{"S_NAME":"寺島本町東二丁目","HCODE":8101}},{"type":"Feature","geometry":{"type":"Polygon","coordinates":[[[134.55346,34.073679],[134.55327,34.073771],[134.551983,34.074385],[134.551293,34.074718],[134.550683,34.075014],[134.550507,34.075095],[134.550482,34.075057],[134.549874,34.074134],[134.549777,34.073977],[134.550511,34.073649],[134.551288,34.073243],[134.55179,34.072709],[134.552227,34.073128],[134.552659,34.073683],[134.553318,34.073486],[134.553361,34.073545],[134.55346,34.073679]]]},"properties":{"S_NAME":"寺島本町東三丁目","HCODE":8101}},{"type":"Feature","geometry":{"type":"Polygon","coordinates":[[[134.547343,34.078027],[134.547254,34.07787],[134.547228,34.077873],[134.54652,34.078424],[134.545999,34.078021],[134.545305,34.07748],[134.545451,34.077406],[134.54644,34.076936],[134.547181,34.076549],[134.547288,34.076747],[134.547422,34.076996],[134.547546,34.077225],[134.547867,34.077822],[134.547343,34.078027]]]},"properties":{"S_NAME":"出来島本町一丁目","HCODE":8101}},{"type":"Feature","geometry":{"type":"Polygon","coordinates":[[[134.545305,34.07748],[134.545999,34.078021],[134.54652,34.078424],[134.546164,34.078734],[134.546129,34.078764],[134.545665,34.079174],[134.545627,34.079174],[134.54556,34.079123],[134.545228,34.078877],[134.544827,34.0787],[134.545185,34.078233],[134.54447,34.077858],[134.545305,34.07748]]]},"properties":{"S_NAME":"出来島本町二丁目","HCODE":8101}},{"type":"Feature","geometry":{"type":"Polygon","coordinates":[[[134.54556,34.079123],[134.545138,34.079625],[134.544983,34.079924],[134.544611,34.079756],[134.544526,34.08003],[134.544476,34.080251],[134.543437,34.079923],[134.543538,34.079877],[134.54365,34.079447],[134.543883,34.07883],[134.543956,34.078522],[134.544397,34.078596],[134.544827,34.0787],[134.545228,34.078877],[134.54556,34.079123]]]},"properties":{"S_NAME":"出来島本町三丁目","HCODE":8101}},{"type":"Feature","geometry":{"type":"Polygon","coordinates":[[[134.544827,34.0787],[134.544397,34.078596],[134.543956,34.078522],[134.543883,34.07883],[134.54365,34.079447],[134.543538,34.079877],[134.543437,34.079923],[134.543301,34.079853],[134.543228,34.079807],[134.543113,34.079693],[134.543016,34.079534],[134.542967,34.079371],[134.542924,34.07927],[134.542898,34.079179],[134.54287,34.0791],[134.542839,34.079045],[134.54277,34.078827],[134.542742,34.078597],[134.544173,34.078007],[134.54447,34.077858],[134.545185,34.078233],[134.544827,34.0787]]]},"properties":{"S_NAME":"出来島本町四丁目","HCODE":8101}},{"type":"Feature","geometry":{"type":"Polygon","coordinates":[[[134.558261,34.073125],[134.557053,34.073224],[134.556851,34.071606],[134.556721,34.071604],[134.55658,34.070465],[134.557325,34.070454],[134.557327,34.070454],[134.557587,34.070437],[134.557921,34.070415],[134.558075,34.071614],[134.558123,34.071914],[134.558261,34.073125]]]},"properties":{"S_NAME":"徳島本町一丁目","HCODE":8101}},{"type":"Feature","geometry":{"type":"Polygon","coordinates":[[[134.560346,34.07295],[134.55897,34.073071],[134.558261,34.073125],[134.558123,34.071914],[134.558075,34.071614],[134.558889,34.07157],[134.559439,34.071535],[134.560332,34.071479],[134.560336,34.071821],[134.560348,34.072488],[134.560346,34.07295]]]},"properties":{"S_NAME":"徳島本町二丁目","HCODE":8101}},{"type":"Feature","geometry":{"type":"Polygon","coordinates":[[[134.561276,34.071434],[134.560332,34.071479],[134.560347,34.070959],[134.561314,34.070966],[134.561276,34.071434]]]},"properties":{"S_NAME":"徳島本町三丁目","HCODE":8101}},{"type":"Feature","geometry":{"type":"Polygon","coordinates":[[[134.553898,34.070803],[134.55387,34.07148],[134.553465,34.071492],[134.55322,34.071532],[134.552989,34.071589],[134.552611,34.071727],[134.552322,34.071114],[134.551998,34.070579],[134.552129,34.070538],[134.552152,34.070578],[134.552234,34.070739],[134.552453,34.070666],[134.552458,34.070677],[134.552493,34.070749],[134.552568,34.070733],[134.552449,34.070486],[134.552432,34.070442],[134.552472,34.070429],[134.552927,34.070299],[134.553871,34.070006],[134.553898,34.070803]]]},"properties":{"S_NAME":"通町一丁目","HCODE":8101}},{"type":"Feature","geometry":{"type":"Polygon","coordinates":[[[134.552611,34.071727],[134.551337,34.072142],[134.551159,34.071915],[134.550906,34.071557],[134.551084,34.071511],[134.55118,34.07148],[134.552322,34.071114],[134.552611,34.071727]]]},"properties":{"S_NAME":"通町二丁目","HCODE":8101}},{"type":"Feature","geometry":{"type":"Polygon","coordinates":[[[134.550906,34.071557],[134.551159,34.071915],[134.551337,34.072142],[134.549712,34.072676],[134.549317,34.072217],[134.549129,34.071986],[134.549434,34.071761],[134.549593,34.071878],[134.550297,34.071458],[134.550696,34.071272],[134.550906,34.071557]]]},"properties":{"S_NAME":"通町三丁目","HCODE":8101}},{"type":"Feature","geometry":{"type":"Polygon","coordinates":[[[134.555417,34.076586],[134.555065,34.076589],[134.554884,34.076599],[134.554537,34.076622],[134.554145,34.076663],[134.55397,34.076692],[134.553712,34.076763],[134.553583,34.076803],[134.553075,34.076973],[134.552065,34.077356],[134.551635,34.077507],[134.551132,34.077674],[134.550342,34.07795],[134.550015,34.078078],[134.549507,34.078235],[134.549449,34.078256],[134.548885,34.078521],[134.548641,34.078151],[134.548634,34.078136],[134.548573,34.077942],[134.548461,34.077616],[134.548119,34.07676],[134.548051,34.076522],[134.547886,34.076602],[134.547571,34.076386],[134.547586,34.07638],[134.548654,34.07586],[134.54967,34.075405],[134.54981,34.075366],[134.550073,34.075276],[134.550211,34.075233],[134.550507,34.075095],[134.550683,34.075014],[134.551293,34.074718],[134.551983,34.074385],[134.55327,34.073771],[134.55346,34.073679],[134.553521,34.073649],[134.553774,34.073495],[134.55395,34.073388],[134.554269,34.073178],[134.554487,34.072954],[134.554648,34.072769],[134.554793,34.072583],[134.554991,34.072323],[134.55509,34.072154],[134.555221,34.071982],[134.555272,34.071861],[134.555334,34.071683],[134.555419,34.071538],[134.556721,34.071604],[134.556851,34.071606],[134.557053,34.073224],[134.557128,34.073869],[134.557166,34.074207],[134.557187,34.074386],[134.557381,34.076003],[134.557458,34.076301],[134.557599,34.07677],[134.557365,34.076768],[134.55712,34.07674],[134.55687,34.076717],[134.55646,34.07667],[134.556188,34.076639],[134.555998,34.076632],[134.55572,34.076619],[134.555526,34.076605],[134.555417,34.076586]]]},"properties":{"S_NAME":"徳島町城内","HCODE":8101}},{"type":"Feature","geometry":{"type":"Polygon","coordinates":[[[134.558261,34.073125],[134.558565,34.075269],[134.558661,34.075931],[134.558728,34.076398],[134.558432,34.076482],[134.558236,34.076549],[134.558044,34.076615],[134.557713,34.076722],[134.557599,34.07677],[134.557458,34.076301],[134.557381,34.076003],[134.557187,34.074386],[134.557166,34.074207],[134.557128,34.073869],[134.557053,34.073224],[134.558261,34.073125]]]},"properties":{"S_NAME":"徳島町三丁目","HCODE":8101}},{"type":"Feature","geometry":{"type":"Polygon","coordinates":[[[134.557314,34.067986],[134.558757,34.067807],[134.55884,34.068169],[134.558924,34.068517],[134.559042,34.069048],[134.559046,34.069063],[134.55762,34.069257],[134.557494,34.068737],[134.557397,34.068338],[134.557314,34.067986]]]},"properties":{"S_NAME":"中洲町一丁目","HCODE":8101}},{"type":"Feature","geometry":{"type":"Polygon","coordinates":[[[134.560072,34.066593],[134.56019,34.067209],[134.560262,34.068004],[134.560306,34.06834],[134.560374,34.06886],[134.559042,34.069048],[134.558924,34.068517],[134.55884,34.068169],[134.558757,34.067807],[134.557314,34.067986],[134.55721,34.067497],[134.557129,34.067034],[134.557747,34.06694],[134.558923,34.066758],[134.560072,34.066593]]]},"properties":{"S_NAME":"中洲町二丁目","HCODE":8101}},{"type":"Feature","geometry":{"type":"Polygon","coordinates":[[[134.560072,34.066593],[134.561083,34.066415],[134.562515,34.066532],[134.562833,34.066575],[134.562986,34.066596],[134.563548,34.066679],[134.563112,34.067666],[134.562869,34.068475],[134.562434,34.068635],[134.562397,34.068649],[134.56189,34.068698],[134.56143,34.068742],[134.560863,34.068814],[134.560374,34.06886],[134.560306,34.06834],[134.560262,34.068004],[134.56019,34.067209],[134.560072,34.066593]]]},"properties":{"S_NAME":"中洲町三丁目","HCODE":8101}},{"type":"Feature","geometry":{"type":"Polygon","coordinates":[[[134.552322,34.071114],[134.55118,34.07148],[134.551084,34.071511],[134.550906,34.071557],[134.550696,34.071272],[134.550539,34.071018],[134.550589,34.071019],[134.551998,34.070579],[134.552322,34.071114]]]},"properties":{"S_NAME":"中通町一丁目","HCODE":8101}},{"type":"Feature","geometry":{"type":"Polygon","coordinates":[[[134.551998,34.070579],[134.550589,34.071019],[134.550539,34.071018],[134.550197,34.070542],[134.551106,34.070237],[134.551683,34.070029],[134.551998,34.070579]]]},"properties":{"S_NAME":"中通町二丁目","HCODE":8101}},{"type":"Feature","geometry":{"type":"Polygon","coordinates":[[[134.550696,34.071272],[134.550297,34.071458],[134.549593,34.071878],[134.549434,34.071761],[134.549987,34.071295],[134.550213,34.071182],[134.549632,34.070433],[134.549896,34.070154],[134.550197,34.070542],[134.550539,34.071018],[134.550696,34.071272]]]},"properties":{"S_NAME":"中通町三丁目","HCODE":8101}},{"type":"Feature","geometry":{"type":"Polygon","coordinates":[[[134.56246,34.072969],[134.561263,34.07288],[134.560346,34.07295],[134.560348,34.072488],[134.560336,34.071821],[134.560332,34.071479],[134.561276,34.071434],[134.561834,34.071424],[134.562483,34.07131],[134.562445,34.071691],[134.562454,34.072462],[134.56246,34.072969]]]},"properties":{"S_NAME":"中徳島町一丁目","HCODE":8101}},{"type":"Feature","geometry":{"type":"Polygon","coordinates":[[[134.56246,34.072969],[134.562463,34.073232],[134.561732,34.074033],[134.561501,34.074318],[134.561033,34.074994],[134.560944,34.075146],[134.560825,34.075279],[134.560541,34.07552],[134.560143,34.075756],[134.559793,34.075909],[134.559379,34.076111],[134.559074,34.076261],[134.558728,34.076398],[134.558661,34.075931],[134.558565,34.075269],[134.558261,34.073125],[134.55897,34.073071],[134.560346,34.07295],[134.561263,34.07288],[134.56246,34.072969]]]},"properties":{"S_NAME":"中徳島町二丁目","HCODE":8101}},{"type":"Feature","geometry":{"type":"Polygon","coordinates":[[[134.547571,34.076386],[134.547886,34.076602],[134.548051,34.076522],[134.548119,34.07676],[134.548461,34.077616],[134.548573,34.077942],[134.548634,34.078136],[134.548612,34.078157],[134.548172,34.078377],[134.548165,34.078366],[134.547867,34.077822],[134.547546,34.077225],[134.547422,34.076996],[134.547288,34.076747],[134.547181,34.076549],[134.547571,34.076386]]]},"properties":{"S_NAME":"東出来島町","HCODE":8101}},{"type":"Feature","geometry":{"type":"Polygon","coordinates":[[[134.553835,34.06888],[134.552645,34.069056],[134.552649,34.069094],[134.552652,34.069111],[134.552692,34.069403],[134.552711,34.069491],[134.552759,34.069719],[134.552253,34.069799],[134.551683,34.070029],[134.551216,34.069271],[134.55099,34.069025],[134.550874,34.068914],[134.550802,34.068841],[134.551766,34.068234],[134.552319,34.067874],[134.552554,34.068239],[134.552586,34.068525],[134.553804,34.068392],[134.553835,34.06888]]]},"properties":{"S_NAME":"南内町一丁目","HCODE":8101}},{"type":"Feature","geometry":{"type":"Polygon","coordinates":[[[134.550802,34.068841],[134.550874,34.068914],[134.55099,34.069025],[134.551216,34.069271],[134.551683,34.070029],[134.551106,34.070237],[134.550197,34.070542],[134.549896,34.070154],[134.549721,34.069925],[134.550342,34.069259],[134.550802,34.068841]]]},"properties":{"S_NAME":"南内町二丁目","HCODE":8101}},{"type":"Feature","geometry":{"type":"Polygon","coordinates":[[[134.549434,34.071761],[134.549129,34.071986],[134.548989,34.071827],[134.548748,34.071696],[134.54853,34.071566],[134.548842,34.071176],[134.549205,34.070629],[134.549492,34.070246],[134.549721,34.069925],[134.549896,34.070154],[134.549632,34.070433],[134.550213,34.071182],[134.549987,34.071295],[134.549434,34.071761]]]},"properties":{"S_NAME":"南内町三丁目","HCODE":8101}},{"type":"Feature","geometry":{"type":"Polygon","coordinates":[[[134.54468,34.0755],[134.54574,34.076236],[134.546104,34.075923],[134.546255,34.07575],[134.546502,34.075485],[134.547561,34.076341],[134.547586,34.07638],[134.547571,34.076386],[134.547181,34.076549],[134.54644,34.076936],[134.545451,34.077406],[134.545305,34.07748],[134.54447,34.077858],[134.544173,34.078007],[134.542742,34.078597],[134.542814,34.078298],[134.542856,34.078087],[134.542889,34.078004],[134.543036,34.077739],[134.543141,34.077552],[134.543243,34.077361],[134.543387,34.077079],[134.543601,34.0767],[134.543748,34.076408],[134.543853,34.076199],[134.543935,34.076071],[134.544025,34.075935],[134.544079,34.075867],[134.544288,34.075734],[134.544469,34.07562],[134.54468,34.0755]]]},"properties":{"S_NAME":"南出来島町","HCODE":8101}},{"type":"Feature","geometry":{"type":"Polygon","coordinates":[[[134.55179,34.072709],[134.551288,34.073243],[134.550511,34.073649],[134.549712,34.072676],[134.551337,34.072142],[134.552611,34.071727],[134.552323,34.072037],[134.551768,34.072682],[134.55179,34.072709]]]},"properties":{"S_NAME":"八百屋町","HCODE":8101}},{"type":"Feature","geometry":{"type":"Polygon","coordinates":[[[134.552927,34.070299],[134.552472,34.070429],[134.552432,34.070442],[134.552449,34.070486],[134.552568,34.070733],[134.552493,34.070749],[134.552458,34.070677],[134.552453,34.070666],[134.552234,34.070739],[134.552152,34.070578],[134.552129,34.070538],[134.551998,34.070579],[134.551683,34.070029],[134.552253,34.069799],[134.552759,34.069719],[134.552854,34.070018],[134.552927,34.070299]]]},"properties":{"S_NAME":"両国本町","HCODE":8101}},{"type":"Feature","geometry":{"type":"Polygon","coordinates":[[[134.5564,34.063899],[134.556651,34.064873],[134.55672,34.065141],[134.556829,34.065563],[134.557072,34.066526],[134.557129,34.067034],[134.556405,34.067104],[134.556409,34.066836],[134.5564,34.066114],[134.55637,34.065764],[134.556309,34.065481],[134.556244,34.065233],[134.556137,34.064958],[134.556015,34.064747],[134.555844,34.064438],[134.555637,34.064063],[134.555578,34.063956],[134.555463,34.063748],[134.555958,34.063656],[134.556324,34.063588],[134.5564,34.063899]]]},"properties":{"S_NAME":"かちどき橋一丁目","HCODE":8101}},{"type":"Feature","geometry":{"type":"Polygon","coordinates":[[[134.555854,34.061822],[134.556012,34.062393],[134.556772,34.062173],[134.556879,34.062799],[134.556448,34.062918],[134.556173,34.06301],[134.556216,34.063141],[134.556324,34.063588],[134.555958,34.063656],[134.555463,34.063748],[134.554596,34.062183],[134.555325,34.061961],[134.555854,34.061822]]]},"properties":{"S_NAME":"かちどき橋二丁目","HCODE":8101}},{"type":"Feature","geometry":{"type":"Polygon","coordinates":[[[134.555386,34.060124],[134.555584,34.060799],[134.555638,34.060982],[134.555729,34.061345],[134.555854,34.061822],[134.555325,34.061961],[134.554596,34.062183],[134.554406,34.061869],[134.554235,34.061599],[134.554034,34.061292],[134.553754,34.060933],[134.55361,34.060752],[134.553574,34.060608],[134.553466,34.060332],[134.553895,34.060219],[134.554373,34.06007],[134.554516,34.060427],[134.555123,34.060262],[134.555159,34.06024],[134.555143,34.060181],[134.555386,34.060124]]]},"properties":{"S_NAME":"かちどき橋三丁目","HCODE":8101}},{"type":"Feature","geometry":{"type":"Polygon","coordinates":[[[134.555386,34.060124],[134.555143,34.060181],[134.555159,34.06024],[134.555123,34.060262],[134.554516,34.060427],[134.554373,34.06007],[134.553895,34.060219],[134.553466,34.060332],[134.553574,34.060608],[134.55361,34.060752],[134.553252,34.060407],[134.553057,34.06018],[134.55282,34.059928],[134.552561,34.05967],[134.553166,34.05953],[134.55348,34.059447],[134.553735,34.059378],[134.554142,34.059223],[134.554982,34.05893],[134.555033,34.058921],[134.555185,34.059429],[134.555353,34.060011],[134.555386,34.060124]],[[134.55459,34.059146],[134.554756,34.059493],[134.554756,34.059659],[134.555084,34.059638],[134.55491,34.059096],[134.554834,34.059057],[134.55459,34.059146]]]},"properties":{"S_NAME":"かちどき橋四丁目","HCODE":8101}},{"type":"Feature","geometry":{"type":"Polygon","coordinates":[[[134.555033,34.058921],[134.554982,34.05893],[134.554142,34.059223],[134.553983,34.058674],[134.553844,34.05812],[134.553513,34.058166],[134.553409,34.058188],[134.553357,34.058199],[134.552895,34.05833],[134.552797,34.057962],[134.552764,34.057838],[134.552758,34.057743],[134.55274,34.057634],[134.552688,34.057478],[134.552667,34.057423],[134.552613,34.057345],[134.552574,34.057264],[134.552552,34.057189],[134.5515,34.057494],[134.550674,34.057727],[134.550005,34.057913],[134.549682,34.058028],[134.549581,34.058073],[134.549522,34.05805],[134.549072,34.05786],[134.548876,34.057741],[134.549225,34.057651],[134.549478,34.057591],[134.549518,34.057597],[134.549611,34.057664],[134.549637,34.057725],[134.549706,34.057774],[134.549731,34.057778],[134.549747,34.057775],[134.550172,34.05764],[134.55026,34.057614],[134.550455,34.057566],[134.550798,34.057486],[134.551061,34.057377],[134.551198,34.057322],[134.551325,34.057278],[134.551529,34.057192],[134.551982,34.056975],[134.552354,34.056794],[134.55303,34.056488],[134.55314,34.056435],[134.553187,34.056557],[134.553301,34.056853],[134.55334,34.056956],[134.55335,34.056969],[134.553486,34.056932],[134.5543,34.056713],[134.555033,34.058921]]]},"properties":{"S_NAME":"かちどき橋六丁目","HCODE":8101}},{"type":"Feature","geometry":{"type":"Polygon","coordinates":[[[134.558156,34.06341],[134.558328,34.063881],[134.55852,34.064528],[134.558674,34.065111],[134.558449,34.065202],[134.55833,34.065228],[134.558077,34.065272],[134.557453,34.065422],[134.556977,34.065512],[134.556829,34.065563],[134.55672,34.065141],[134.556651,34.064873],[134.5564,34.063899],[134.557087,34.06375],[134.558156,34.06341]]]},"properties":{"S_NAME":"昭和町一丁目","HCODE":8101}},{"type":"Feature","geometry":{"type":"Polygon","coordinates":[[[134.559641,34.062878],[134.559681,34.063193],[134.559692,34.063246],[134.559903,34.064252],[134.559924,34.064351],[134.559979,34.064412],[134.56002,34.064445],[134.559601,34.064767],[134.559493,34.064838],[134.559354,34.06488],[134.559227,34.064922],[134.559092,34.064965],[134.558945,34.06502],[134.558944,34.06502],[134.558674,34.065111],[134.55852,34.064528],[134.558328,34.063881],[134.558156,34.06341],[134.559089,34.063106],[134.559641,34.062878]]]},"properties":{"S_NAME":"昭和町二丁目","HCODE":8101}},{"type":"Feature","geometry":{"type":"Polygon","coordinates":[[[134.560072,34.066593],[134.558923,34.066758],[134.557747,34.06694],[134.557129,34.067034],[134.557072,34.066526],[134.556829,34.065563],[134.556977,34.065512],[134.557453,34.065422],[134.558077,34.065272],[134.55833,34.065228],[134.558449,34.065202],[134.558674,34.065111],[134.558944,34.06502],[134.558945,34.06502],[134.559092,34.064965],[134.559227,34.064922],[134.559354,34.06488],[134.559493,34.064838],[134.559601,34.064767],[134.56002,34.064445],[134.559979,34.064412],[134.559924,34.064351],[134.559903,34.064252],[134.559692,34.063246],[134.559681,34.063193],[134.559641,34.062878],[134.559904,34.062764],[134.56005,34.0627],[134.560675,34.062389],[134.560772,34.062341],[134.560893,34.062651],[134.561072,34.063002],[134.561211,34.063221],[134.561334,34.063451],[134.561511,34.063818],[134.561596,34.063995],[134.561832,34.064483],[134.562229,34.06531],[134.562365,34.065269],[134.562429,34.065393],[134.562718,34.065952],[134.562725,34.065993],[134.562833,34.066575],[134.562515,34.066532],[134.561083,34.066415],[134.560072,34.066593]]]},"properties":{"S_NAME":"昭和町三丁目","HCODE":8101}},{"type":"Feature","geometry":{"type":"Polygon","coordinates":[[[134.562604,34.061822],[134.562008,34.062406],[134.561445,34.062982],[134.561211,34.063221],[134.561072,34.063002],[134.560893,34.062651],[134.560772,34.062341],[134.560854,34.062286],[134.560912,34.06226],[134.56112,34.062234],[134.561245,34.062231],[134.561341,34.06223],[134.561413,34.062218],[134.56193,34.061987],[134.561929,34.061983],[134.561659,34.061463],[134.561469,34.06121],[134.561593,34.061161],[134.561991,34.060984],[134.562155,34.060916],[134.562604,34.061822]]]},"properties":{"S_NAME":"昭和町四丁目","HCODE":8101}},{"type":"Feature","geometry":{"type":"Polygon","coordinates":[[[134.562965,34.062415],[134.562992,34.062461],[134.563044,34.062601],[134.563116,34.062811],[134.563444,34.062781],[134.563648,34.063212],[134.563645,34.063217],[134.563387,34.063351],[134.563371,34.06335],[134.563263,34.06328],[134.563255,34.063282],[134.563221,34.063326],[134.563138,34.063491],[134.562794,34.063686],[134.562086,34.064088],[134.562086,34.0641],[134.562159,34.064177],[134.562195,34.064223],[134.562202,34.064231],[134.562193,34.064253],[134.562167,34.064273],[134.561832,34.064483],[134.561596,34.063995],[134.561511,34.063818],[134.561334,34.063451],[134.561448,34.063396],[134.561733,34.063234],[134.561766,34.063209],[134.56178,34.063172],[134.561759,34.06312],[134.561743,34.063081],[134.561773,34.063054],[134.56286,34.062367],[134.562886,34.062359],[134.562923,34.062363],[134.562965,34.062415]]]},"properties":{"S_NAME":"昭和町四丁目","HCODE":8101}},{"type":"Feature","geometry":{"type":"Polygon","coordinates":[[[134.564007,34.060699],[134.563925,34.060759],[134.563752,34.060871],[134.563715,34.060625],[134.563628,34.060636],[134.563591,34.060426],[134.563945,34.060363],[134.564007,34.060699]]]},"properties":{"S_NAME":"昭和町五丁目","HCODE":8101}},{"type":"Feature","geometry":{"type":"Polygon","coordinates":[[[134.563111,34.061851],[134.562951,34.062006],[134.562794,34.062062],[134.562671,34.061857],[134.562756,34.061791],[134.562791,34.061848],[134.562995,34.0617],[134.563111,34.061851]]]},"properties":{"S_NAME":"昭和町五丁目","HCODE":8101}},{"type":"Feature","geometry":{"type":"Polygon","coordinates":[[[134.562965,34.062415],[134.562923,34.062363],[134.562886,34.062359],[134.56286,34.062367],[134.561773,34.063054],[134.561743,34.063081],[134.561759,34.06312],[134.56178,34.063172],[134.561766,34.063209],[134.561733,34.063234],[134.561448,34.063396],[134.561334,34.063451],[134.561211,34.063221],[134.561445,34.062982],[134.562008,34.062406],[134.562604,34.061822],[134.562683,34.061749],[134.562968,34.061469],[134.563169,34.061308],[134.563553,34.061005],[134.563752,34.060871],[134.563925,34.060759],[134.564007,34.060699],[134.564342,34.060501],[134.564547,34.060388],[134.564497,34.060088],[134.564474,34.060016],[134.564458,34.059867],[134.56446,34.059776],[134.564484,34.059691],[134.564506,34.059634],[134.56452,34.059585],[134.564581,34.059359],[134.564583,34.059295],[134.564572,34.059225],[134.564497,34.059087],[134.564369,34.058926],[134.564222,34.058785],[134.564181,34.058736],[134.564173,34.058664],[134.564135,34.058528],[134.564108,34.058437],[134.56411,34.058325],[134.564145,34.058212],[134.564209,34.058081],[134.564277,34.057954],[134.564449,34.057666],[134.564435,34.057667],[134.564576,34.057633],[134.564718,34.057914],[134.564942,34.05778],[134.565076,34.057737],[134.565459,34.05762],[134.565912,34.057482],[134.566236,34.057957],[134.566337,34.058046],[134.566357,34.058062],[134.566706,34.058341],[134.566555,34.058443],[134.566426,34.058553],[134.566233,34.05862],[134.566071,34.058655],[134.565925,34.058692],[134.56551,34.058771],[134.565471,34.058795],[134.565326,34.058928],[134.565529,34.059316],[134.565716,34.059704],[134.566276,34.059392],[134.56645,34.059654],[134.566639,34.059927],[134.5667,34.060023],[134.566911,34.060336],[134.566537,34.060491],[134.566458,34.060504],[134.566186,34.060602],[134.566115,34.060609],[134.566054,34.060498],[134.565974,34.060384],[134.565804,34.060395],[134.565732,34.060369],[134.565672,34.060278],[134.565603,34.06013],[134.565465,34.060194],[134.565367,34.060257],[134.565217,34.060331],[134.565119,34.060365],[134.564949,34.060406],[134.565028,34.060698],[134.565028,34.06076],[134.565017,34.0608],[134.565048,34.06106],[134.564686,34.06117],[134.56464,34.061184],[134.563983,34.061374],[134.563936,34.061448],[134.563833,34.061576],[134.563623,34.061797],[134.563498,34.061907],[134.563063,34.062262],[134.562965,34.062415]],[[134.563111,34.061851],[134.562995,34.0617],[134.562791,34.061848],[134.562756,34.061791],[134.562671,34.061857],[134.562794,34.062062],[134.562951,34.062006],[134.563111,34.061851]]]},"properties":{"S_NAME":"昭和町六丁目","HCODE":8101}},{"type":"Feature","geometry":{"type":"Polygon","coordinates":[[[134.568742,34.057823],[134.569232,34.058321],[134.56933,34.058425],[134.569341,34.058534],[134.569473,34.058827],[134.569696,34.059157],[134.569833,34.059379],[134.570426,34.060347],[134.570065,34.060671],[134.569468,34.061205],[134.569035,34.06162],[134.568405,34.062291],[134.567822,34.061957],[134.567244,34.060913],[134.566972,34.060441],[134.566911,34.060336],[134.5667,34.060023],[134.566639,34.059927],[134.56645,34.059654],[134.566276,34.059392],[134.565716,34.059704],[134.565529,34.059316],[134.565326,34.058928],[134.565471,34.058795],[134.56551,34.058771],[134.565925,34.058692],[134.566071,34.058655],[134.566233,34.05862],[134.566426,34.058553],[134.566555,34.058443],[134.566706,34.058341],[134.566357,34.058062],[134.566543,34.057954],[134.566568,34.057946],[134.566575,34.057944],[134.566717,34.057959],[134.566769,34.057939],[134.566917,34.05791],[134.566958,34.057901],[134.567021,34.057871],[134.567423,34.057756],[134.567586,34.05798],[134.567625,34.058042],[134.567679,34.05811],[134.567767,34.058166],[134.567934,34.058377],[134.568177,34.058203],[134.568742,34.057823]]]},"properties":{"S_NAME":"昭和町七丁目","HCODE":8101}},{"type":"Feature","geometry":{"type":"Polygon","coordinates":[[[134.573457,34.054008],[134.573361,34.054206],[134.573281,34.054357],[134.573317,34.054379],[134.573341,34.054403],[134.573353,34.054423],[134.573362,34.054439],[134.573378,34.054478],[134.573395,34.054542],[134.574808,34.054768],[134.574848,34.054758],[134.574894,34.05476],[134.575236,34.054812],[134.575246,34.054816],[134.575258,34.054827],[134.575264,34.054841],[134.575341,34.05485],[134.57536,34.05484],[134.575401,34.054841],[134.575472,34.054852],[134.575497,34.054855],[134.575566,34.054859],[134.575614,34.054876],[134.575675,34.054887],[134.575691,34.054822],[134.575853,34.054849],[134.57584,34.054932],[134.576361,34.055011],[134.576395,34.05502],[134.576435,34.055036],[134.576487,34.055069],[134.576506,34.055087],[134.576533,34.055122],[134.576543,34.05514],[134.576547,34.055156],[134.576541,34.055236],[134.576527,34.055394],[134.57653,34.05542],[134.576582,34.055551],[134.576803,34.055547],[134.576803,34.05556],[134.576569,34.055568],[134.576558,34.055578],[134.576546,34.0556],[134.576539,34.055623],[134.576536,34.055755],[134.576548,34.055857],[134.576546,34.055866],[134.576539,34.055877],[134.576496,34.055911],[134.576718,34.055909],[134.576726,34.055902],[134.57679,34.055901],[134.576801,34.05591],[134.576829,34.055911],[134.576828,34.055921],[134.576799,34.05592],[134.576789,34.055929],[134.576728,34.055928],[134.576719,34.055921],[134.576492,34.055922],[134.576466,34.055993],[134.57645,34.056013],[134.576424,34.056035],[134.57625,34.056109],[134.575895,34.056257],[134.57592,34.056308],[134.575637,34.056418],[134.575605,34.056367],[134.575334,34.056475],[134.575364,34.056536],[134.575334,34.056547],[134.575369,34.056614],[134.575233,34.056664],[134.575201,34.056597],[134.57488,34.056715],[134.574847,34.056661],[134.574697,34.05671],[134.574728,34.056777],[134.574721,34.056782],[134.574745,34.056841],[134.574381,34.056966],[134.574355,34.056911],[134.574171,34.056998],[134.574058,34.05704],[134.573984,34.057062],[134.574008,34.057118],[134.573919,34.057139],[134.573899,34.057087],[134.57382,34.057108],[134.573831,34.057166],[134.573731,34.057172],[134.573728,34.057135],[134.573708,34.057143],[134.573691,34.057076],[134.573666,34.057071],[134.573588,34.057141],[134.573487,34.057233],[134.573399,34.057303],[134.573247,34.057407],[134.573155,34.057461],[134.572818,34.057629],[134.572416,34.057824],[134.572309,34.057886],[134.572321,34.059109],[134.571694,34.059428],[134.57158,34.059486],[134.571226,34.059729],[134.570975,34.05992],[134.570595,34.060214],[134.570426,34.060347],[134.569833,34.059379],[134.569696,34.059157],[134.569473,34.058827],[134.569341,34.058534],[134.56933,34.058425],[134.569232,34.058321],[134.568742,34.057823],[134.568852,34.057746],[134.568624,34.057561],[134.568504,34.057466],[134.568472,34.05744],[134.568361,34.057318],[134.568209,34.057124],[134.567996,34.056857],[134.567626,34.056416],[134.567397,34.056058],[134.567304,34.055988],[134.567188,34.055914],[134.567047,34.055833],[134.567382,34.055682],[134.567388,34.055669],[134.567291,34.054586],[134.567299,34.054577],[134.56797,34.054469],[134.567903,34.053838],[134.568681,34.053816],[134.569052,34.053805],[134.569364,34.053801],[134.570167,34.053795],[134.570899,34.0538],[134.571578,34.053794],[134.571683,34.053799],[134.572647,34.053846],[134.573457,34.054008]]]},"properties":{"S_NAME":"昭和町八丁目","HCODE":8101}},{"type":"Feature","geometry":{"type":"Polygon","coordinates":[[[134.549312,34.066146],[134.549409,34.06701],[134.549412,34.067029],[134.548978,34.067087],[134.548696,34.067124],[134.548529,34.0662],[134.548139,34.066227],[134.548062,34.064978],[134.54907,34.064941],[134.549124,34.065787],[134.549312,34.066146]]]},"properties":{"S_NAME":"栄町一丁目","HCODE":8101}},{"type":"Feature","geometry":{"type":"Polygon","coordinates":[[[134.54907,34.064941],[134.548062,34.064978],[134.547999,34.063732],[134.548364,34.063719],[134.548715,34.063706],[134.549034,34.063704],[134.54907,34.064941]]]},"properties":{"S_NAME":"栄町二丁目","HCODE":8101}},{"type":"Feature","geometry":{"type":"Polygon","coordinates":[[[134.549034,34.063704],[134.548715,34.063706],[134.548364,34.063719],[134.547999,34.063732],[134.547989,34.063566],[134.547937,34.062674],[134.54792,34.062381],[134.548639,34.062355],[134.548809,34.062346],[134.548967,34.06235],[134.549034,34.063704]]]},"properties":{"S_NAME":"栄町三丁目","HCODE":8101}},{"type":"Feature","geometry":{"type":"Polygon","coordinates":[[[134.548639,34.062355],[134.548605,34.061785],[134.548197,34.061806],[134.548162,34.060972],[134.54857,34.060948],[134.548892,34.060941],[134.548967,34.06235],[134.548809,34.062346],[134.548639,34.062355]]]},"properties":{"S_NAME":"栄町四丁目","HCODE":8101}},{"type":"Feature","geometry":{"type":"Polygon","coordinates":[[[134.548491,34.059119],[134.54853,34.059996],[134.54857,34.060948],[134.548162,34.060972],[134.547873,34.06098],[134.547863,34.060791],[134.548335,34.060759],[134.548316,34.06001],[134.547889,34.060002],[134.547899,34.059178],[134.548491,34.059119]]]},"properties":{"S_NAME":"栄町五丁目","HCODE":8101}},{"type":"Feature","geometry":{"type":"Polygon","coordinates":[[[134.556648,34.061587],[134.557305,34.061382],[134.55754,34.06193],[134.557795,34.06251],[134.557995,34.063017],[134.558156,34.06341],[134.557087,34.06375],[134.5564,34.063899],[134.556324,34.063588],[134.556216,34.063141],[134.556173,34.06301],[134.556448,34.062918],[134.556879,34.062799],[134.556772,34.062173],[134.556012,34.062393],[134.555854,34.061822],[134.556648,34.061587]]]},"properties":{"S_NAME":"中昭和町一丁目","HCODE":8101}},{"type":"Feature","geometry":{"type":"Polygon","coordinates":[[[134.557362,34.05967],[134.557672,34.060114],[134.558007,34.060585],[134.558339,34.061068],[134.558558,34.061379],[134.558628,34.061478],[134.558687,34.061583],[134.559094,34.062147],[134.559641,34.062878],[134.559089,34.063106],[134.558156,34.06341],[134.557995,34.063017],[134.557795,34.06251],[134.55754,34.06193],[134.557305,34.061382],[134.556648,34.061587],[134.556544,34.06119],[134.556473,34.060835],[134.556457,34.060699],[134.556427,34.060512],[134.556398,34.060328],[134.556395,34.06024],[134.556774,34.060078],[134.557067,34.059948],[134.556996,34.05984],[134.556995,34.059839],[134.557362,34.05967]]]},"properties":{"S_NAME":"中昭和町二丁目","HCODE":8101}},{"type":"Feature","geometry":{"type":"Polygon","coordinates":[[[134.560538,34.059631],[134.560331,34.059696],[134.560326,34.059712],[134.56043,34.059955],[134.560411,34.060005],[134.560354,34.060044],[134.559941,34.060213],[134.559908,34.060232],[134.559906,34.060261],[134.559901,34.06033],[134.55988,34.060362],[134.559638,34.060572],[134.5595,34.060712],[134.56007,34.06058],[134.560142,34.060822],[134.560136,34.060833],[134.560084,34.060886],[134.560085,34.060895],[134.560162,34.060974],[134.560173,34.061],[134.560211,34.061136],[134.560295,34.061435],[134.560241,34.061524],[134.560212,34.061627],[134.560167,34.061819],[134.560181,34.061862],[134.560202,34.061919],[134.56025,34.062008],[134.560426,34.062234],[134.560675,34.062389],[134.56005,34.0627],[134.559904,34.062764],[134.559641,34.062878],[134.559094,34.062147],[134.558687,34.061583],[134.558628,34.061478],[134.558558,34.061379],[134.558339,34.061068],[134.558007,34.060585],[134.557672,34.060114],[134.557362,34.05967],[134.556996,34.059134],[134.557369,34.058959],[134.557742,34.058813],[134.557806,34.058787],[134.558195,34.058511],[134.558788,34.058229],[134.558831,34.058228],[134.559141,34.058211],[134.559197,34.058229],[134.559253,34.05825],[134.559451,34.058198],[134.5597,34.058135],[134.559695,34.058179],[134.559697,34.058186],[134.559713,34.058273],[134.559709,34.058331],[134.559718,34.058385],[134.559717,34.058391],[134.559714,34.058415],[134.559735,34.058459],[134.559776,34.058509],[134.559858,34.058559],[134.559924,34.058656],[134.559994,34.05874],[134.560066,34.058851],[134.560179,34.05895],[134.560236,34.05896],[134.560301,34.058949],[134.560337,34.058969],[134.560354,34.058996],[134.560538,34.059631]]]},"properties":{"S_NAME":"中昭和町三丁目","HCODE":8101}},{"type":"Feature","geometry":{"type":"Polygon","coordinates":[[[134.561991,34.060984],[134.561593,34.061161],[134.561469,34.06121],[134.561659,34.061463],[134.561929,34.061983],[134.56193,34.061987],[134.561413,34.062218],[134.561341,34.06223],[134.561245,34.062231],[134.56112,34.062234],[134.560912,34.06226],[134.560854,34.062286],[134.560772,34.062341],[134.560675,34.062389],[134.560426,34.062234],[134.56025,34.062008],[134.560202,34.061919],[134.560181,34.061862],[134.560167,34.061819],[134.560212,34.061627],[134.560241,34.061524],[134.560295,34.061435],[134.560211,34.061136],[134.560173,34.061],[134.560162,34.060974],[134.560085,34.060895],[134.560084,34.060886],[134.560136,34.060833],[134.560142,34.060822],[134.56007,34.06058],[134.5595,34.060712],[134.559638,34.060572],[134.55988,34.060362],[134.559901,34.06033],[134.559906,34.060261],[134.559908,34.060232],[134.559941,34.060213],[134.560354,34.060044],[134.560411,34.060005],[134.56043,34.059955],[134.560326,34.059712],[134.560331,34.059696],[134.560538,34.059631],[134.560552,34.059658],[134.560583,34.059694],[134.560608,34.059714],[134.560659,34.059714],[134.56076,34.059681],[134.562146,34.059346],[134.562422,34.059283],[134.562587,34.059989],[134.561489,34.060248],[134.561622,34.060532],[134.561636,34.060536],[134.561652,34.060532],[134.561688,34.060605],[134.561762,34.060576],[134.561991,34.060984]]]},"properties":{"S_NAME":"中昭和町四丁目","HCODE":8101}},{"type":"Feature","geometry":{"type":"Polygon","coordinates":[[[134.563752,34.060871],[134.563553,34.061005],[134.563169,34.061308],[134.562968,34.061469],[134.562683,34.061749],[134.562604,34.061822],[134.562155,34.060916],[134.561991,34.060984],[134.561762,34.060576],[134.561688,34.060605],[134.561652,34.060532],[134.561636,34.060536],[134.561622,34.060532],[134.561489,34.060248],[134.562587,34.059989],[134.56307,34.059883],[134.563056,34.059768],[134.563072,34.059695],[134.563092,34.059597],[134.563132,34.059478],[134.563108,34.059344],[134.563106,34.059268],[134.563096,34.059152],[134.563092,34.059048],[134.563111,34.059018],[134.563196,34.058927],[134.56317,34.058661],[134.563225,34.058634],[134.563259,34.058587],[134.563282,34.058505],[134.563288,34.058257],[134.563318,34.057939],[134.56334,34.057768],[134.563336,34.057731],[134.564435,34.057667],[134.564449,34.057666],[134.564277,34.057954],[134.564209,34.058081],[134.564145,34.058212],[134.56411,34.058325],[134.564108,34.058437],[134.564135,34.058528],[134.564173,34.058664],[134.564181,34.058736],[134.564222,34.058785],[134.564369,34.058926],[134.564497,34.059087],[134.564572,34.059225],[134.564583,34.059295],[134.564581,34.059359],[134.56452,34.059585],[134.564506,34.059634],[134.564484,34.059691],[134.56446,34.059776],[134.564458,34.059867],[134.564474,34.060016],[134.564497,34.060088],[134.564547,34.060388],[134.564342,34.060501],[134.564007,34.060699],[134.563945,34.060363],[134.563591,34.060426],[134.563628,34.060636],[134.563715,34.060625],[134.563752,34.060871]]]},"properties":{"S_NAME":"中昭和町五丁目","HCODE":8101}},{"type":"Feature","geometry":{"type":"Polygon","coordinates":[[[134.564633,34.064334],[134.564593,34.064366],[134.564172,34.064622],[134.563124,34.064997],[134.563147,34.065049],[134.563768,34.065329],[134.563816,34.065415],[134.563959,34.065474],[134.563972,34.065601],[134.56451,34.065795],[134.564321,34.066092],[134.563929,34.066195],[134.563409,34.066255],[134.563229,34.066249],[134.562834,34.066201],[134.562725,34.065993],[134.562718,34.065952],[134.562429,34.065393],[134.562365,34.065269],[134.562229,34.06531],[134.561832,34.064483],[134.562167,34.064273],[134.562193,34.064253],[134.562202,34.064231],[134.562195,34.064223],[134.562159,34.064177],[134.562086,34.0641],[134.562086,34.064088],[134.562794,34.063686],[134.563138,34.063491],[134.563132,34.063535],[134.563133,34.063595],[134.563163,34.063651],[134.563236,34.063759],[134.563308,34.063854],[134.563335,34.063898],[134.563331,34.063925],[134.56345,34.06395],[134.563647,34.06369],[134.563838,34.063437],[134.564008,34.063543],[134.564173,34.063752],[134.564374,34.064006],[134.564588,34.064276],[134.564633,34.064334]]]},"properties":{"S_NAME":"万代町四丁目","HCODE":8101}},{"type":"Feature","geometry":{"type":"Polygon","coordinates":[[[134.564686,34.06117],[134.5648,34.06166],[134.564847,34.061862],[134.564939,34.062241],[134.565008,34.062591],[134.565051,34.06287],[134.56546,34.063427],[134.565457,34.063456],[134.565216,34.063786],[134.564935,34.064092],[134.564633,34.064334],[134.564588,34.064276],[134.564374,34.064006],[134.564173,34.063752],[134.564008,34.063543],[134.563838,34.063437],[134.563647,34.06369],[134.56345,34.06395],[134.563331,34.063925],[134.563335,34.063898],[134.563308,34.063854],[134.563236,34.063759],[134.563163,34.063651],[134.563133,34.063595],[134.563132,34.063535],[134.563138,34.063491],[134.563221,34.063326],[134.563255,34.063282],[134.563263,34.06328],[134.563371,34.06335],[134.563387,34.063351],[134.563645,34.063217],[134.563648,34.063212],[134.563444,34.062781],[134.563116,34.062811],[134.563044,34.062601],[134.562992,34.062461],[134.562965,34.062415],[134.563063,34.062262],[134.563498,34.061907],[134.563623,34.061797],[134.563833,34.061576],[134.563936,34.061448],[134.563983,34.061374],[134.56464,34.061184],[134.564686,34.06117]]]},"properties":{"S_NAME":"万代町五丁目","HCODE":8101}},{"type":"Feature","geometry":{"type":"Polygon","coordinates":[[[134.566335,34.065202],[134.565974,34.065469],[134.565614,34.065757],[134.565247,34.066013],[134.564441,34.066585],[134.564319,34.06663],[134.564265,34.066635],[134.56393,34.066666],[134.563548,34.066679],[134.562986,34.066596],[134.562833,34.066575],[134.562725,34.065993],[134.562834,34.066201],[134.563229,34.066249],[134.563409,34.066255],[134.563929,34.066195],[134.564321,34.066092],[134.56451,34.065795],[134.563972,34.065601],[134.563959,34.065474],[134.563816,34.065415],[134.563768,34.065329],[134.563147,34.065049],[134.563124,34.064997],[134.564172,34.064622],[134.564593,34.064366],[134.564633,34.064334],[134.564935,34.064092],[134.565216,34.063786],[134.565457,34.063456],[134.56546,34.063427],[134.565051,34.06287],[134.565008,34.062591],[134.564939,34.062241],[134.564847,34.061862],[134.5648,34.06166],[134.564686,34.06117],[134.565048,34.06106],[134.565017,34.0608],[134.565028,34.06076],[134.565028,34.060698],[134.564949,34.060406],[134.565119,34.060365],[134.565217,34.060331],[134.565367,34.060257],[134.565465,34.060194],[134.565603,34.06013],[134.565672,34.060278],[134.565732,34.060369],[134.565804,34.060395],[134.565974,34.060384],[134.566054,34.060498],[134.566115,34.060609],[134.566186,34.060602],[134.566458,34.060504],[134.566537,34.060491],[134.566911,34.060336],[134.566972,34.060441],[134.567244,34.060913],[134.567822,34.061957],[134.568405,34.062291],[134.56829,34.062409],[134.567955,34.062873],[134.567912,34.062932],[134.567441,34.063598],[134.567094,34.064182],[134.566785,34.064694],[134.566335,34.065202]]]},"properties":{"S_NAME":"万代町六丁目","HCODE":8101}},{"type":"Feature","geometry":{"type":"Polygon","coordinates":[[[134.55459,34.059146],[134.554834,34.059057],[134.55491,34.059096],[134.555084,34.059638],[134.554756,34.059659],[134.554756,34.059493],[134.55459,34.059146]]]},"properties":{"S_NAME":"南昭和町一丁目","HCODE":8101}},{"type":"Feature","geometry":{"type":"Polygon","coordinates":[[[134.55664,34.058646],[134.556202,34.05875],[134.55591,34.058863],[134.556095,34.059245],[134.556161,34.059405],[134.556177,34.059442],[134.556252,34.059554],[134.556299,34.059647],[134.556349,34.059841],[134.556395,34.06024],[134.556398,34.060328],[134.556427,34.060512],[134.556457,34.060699],[134.556473,34.060835],[134.556544,34.06119],[134.556648,34.061587],[134.555854,34.061822],[134.555729,34.061345],[134.555638,34.060982],[134.555584,34.060799],[134.555386,34.060124],[134.555353,34.060011],[134.555185,34.059429],[134.555033,34.058921],[134.555231,34.058825],[134.555557,34.058604],[134.556254,34.05813],[134.55664,34.058646]]]},"properties":{"S_NAME":"南昭和町一丁目","HCODE":8101}},{"type":"Feature","geometry":{"type":"Polygon","coordinates":[[[134.556996,34.059134],[134.557362,34.05967],[134.556995,34.059839],[134.556996,34.05984],[134.557067,34.059948],[134.556774,34.060078],[134.556395,34.06024],[134.556349,34.059841],[134.556299,34.059647],[134.556252,34.059554],[134.556177,34.059442],[134.556161,34.059405],[134.556095,34.059245],[134.55591,34.058863],[134.556202,34.05875],[134.55664,34.058646],[134.556996,34.059134]]]},"properties":{"S_NAME":"南昭和町二丁目","HCODE":8101}},{"type":"Feature","geometry":{"type":"Polygon","coordinates":[[[134.5543,34.056713],[134.555106,34.056459],[134.555125,34.056461],[134.556254,34.05813],[134.555557,34.058604],[134.555231,34.058825],[134.555033,34.058921],[134.5543,34.056713]]]},"properties":{"S_NAME":"南昭和町二丁目","HCODE":8101}},{"type":"Feature","geometry":{"type":"Polygon","coordinates":[[[134.5597,34.058135],[134.559451,34.058198],[134.559253,34.05825],[134.559197,34.058229],[134.559141,34.058211],[134.558831,34.058228],[134.558788,34.058229],[134.558195,34.058511],[134.557806,34.058787],[134.557742,34.058813],[134.557369,34.058959],[134.556996,34.059134],[134.55664,34.058646],[134.556254,34.05813],[134.555125,34.056461],[134.555106,34.056459],[134.5543,34.056713],[134.553486,34.056932],[134.55335,34.056969],[134.55334,34.056956],[134.553301,34.056853],[134.553187,34.056557],[134.55314,34.056435],[134.554044,34.056052],[134.554075,34.056039],[134.55523,34.055526],[134.556331,34.055059],[134.556596,34.054921],[134.557424,34.054599],[134.557525,34.054533],[134.557647,34.055384],[134.557718,34.055748],[134.557947,34.056306],[134.557998,34.056593],[134.557827,34.05688],[134.55756,34.057274],[134.557529,34.057322],[134.557534,34.057349],[134.557655,34.057551],[134.557792,34.057503],[134.558763,34.057102],[134.558877,34.057288],[134.558953,34.057495],[134.559021,34.057723],[134.559523,34.057633],[134.559543,34.057685],[134.5597,34.058135]]]},"properties":{"S_NAME":"南昭和町三丁目","HCODE":8101}},{"type":"Feature","geometry":{"type":"Polygon","coordinates":[[[134.560168,34.053936],[134.560304,34.054233],[134.560376,34.054576],[134.560397,34.054734],[134.560489,34.054911],[134.560663,34.055253],[134.560734,34.055441],[134.560752,34.055495],[134.560798,34.055596],[134.56084,34.055697],[134.560889,34.055801],[134.560965,34.055923],[134.560997,34.056017],[134.561029,34.056135],[134.561039,34.056295],[134.561024,34.056377],[134.56102,34.056399],[134.561034,34.056477],[134.561057,34.056606],[134.561462,34.05662],[134.56152,34.056676],[134.561574,34.056786],[134.56161,34.056896],[134.561631,34.056983],[134.561656,34.057055],[134.56164,34.057126],[134.561601,34.057259],[134.561591,34.057336],[134.561607,34.057415],[134.561679,34.057547],[134.561912,34.05754],[134.561895,34.057667],[134.561879,34.057934],[134.561831,34.057991],[134.561787,34.05803],[134.56181,34.058091],[134.561826,34.058404],[134.561885,34.0586],[134.56209,34.059179],[134.562146,34.059346],[134.56076,34.059681],[134.560659,34.059714],[134.560608,34.059714],[134.560583,34.059694],[134.560552,34.059658],[134.560538,34.059631],[134.560354,34.058996],[134.560337,34.058969],[134.560301,34.058949],[134.560236,34.05896],[134.560179,34.05895],[134.560066,34.058851],[134.559994,34.05874],[134.559924,34.058656],[134.559858,34.058559],[134.559776,34.058509],[134.559735,34.058459],[134.559714,34.058415],[134.559717,34.058391],[134.559718,34.058385],[134.559709,34.058331],[134.559713,34.058273],[134.559697,34.058186],[134.559695,34.058179],[134.5597,34.058135],[134.559543,34.057685],[134.559523,34.057633],[134.559021,34.057723],[134.558953,34.057495],[134.558877,34.057288],[134.558763,34.057102],[134.557792,34.057503],[134.557655,34.057551],[134.557534,34.057349],[134.557529,34.057322],[134.55756,34.057274],[134.557827,34.05688],[134.557998,34.056593],[134.557947,34.056306],[134.557718,34.055748],[134.557647,34.055384],[134.557525,34.054533],[134.557645,34.054487],[134.557824,34.054425],[134.557964,34.05436],[134.558402,34.054263],[134.558686,34.054189],[134.558969,34.054118],[134.560168,34.053936]]]},"properties":{"S_NAME":"南昭和町四丁目","HCODE":8101}},{"type":"Feature","geometry":{"type":"Polygon","coordinates":[[[134.563336,34.057731],[134.56334,34.057768],[134.563318,34.057939],[134.563288,34.058257],[134.563282,34.058505],[134.563259,34.058587],[134.563225,34.058634],[134.56317,34.058661],[134.563196,34.058927],[134.563111,34.059018],[134.563092,34.059048],[134.563096,34.059152],[134.563106,34.059268],[134.563108,34.059344],[134.563132,34.059478],[134.563092,34.059597],[134.563072,34.059695],[134.563056,34.059768],[134.56307,34.059883],[134.562587,34.059989],[134.562422,34.059283],[134.562146,34.059346],[134.56209,34.059179],[134.561885,34.0586],[134.561826,34.058404],[134.56181,34.058091],[134.561787,34.05803],[134.561831,34.057991],[134.561879,34.057934],[134.561895,34.057667],[134.561912,34.05754],[134.561679,34.057547],[134.561607,34.057415],[134.561591,34.057336],[134.561601,34.057259],[134.56164,34.057126],[134.561656,34.057055],[134.561631,34.056983],[134.56161,34.056896],[134.561574,34.056786],[134.56152,34.056676],[134.561462,34.05662],[134.561057,34.056606],[134.561034,34.056477],[134.56102,34.056399],[134.561024,34.056377],[134.561039,34.056295],[134.561029,34.056135],[134.560997,34.056017],[134.560965,34.055923],[134.560889,34.055801],[134.56084,34.055697],[134.560798,34.055596],[134.560752,34.055495],[134.560734,34.055441],[134.560663,34.055253],[134.560489,34.054911],[134.560397,34.054734],[134.560376,34.054576],[134.560304,34.054233],[134.560168,34.053936],[134.560757,34.053913],[134.561031,34.053903],[134.561154,34.053901],[134.561396,34.053896],[134.561694,34.053885],[134.562025,34.053882],[134.562059,34.053882],[134.562778,34.053865],[134.562927,34.053867],[134.56292,34.054204],[134.563113,34.054198],[134.563193,34.054196],[134.563937,34.054135],[134.564158,34.054118],[134.564162,34.054138],[134.564185,34.054265],[134.564241,34.054607],[134.564277,34.054945],[134.564228,34.055075],[134.564124,34.055034],[134.564084,34.055021],[134.56401,34.055005],[134.563812,34.055017],[134.563678,34.055027],[134.563604,34.055014],[134.56351,34.054981],[134.563436,34.054976],[134.563298,34.054991],[134.563348,34.055332],[134.563362,34.055428],[134.563371,34.055496],[134.563361,34.055563],[134.563354,34.055614],[134.563368,34.055651],[134.563458,34.05583],[134.563513,34.056128],[134.563507,34.056153],[134.563475,34.056169],[134.563297,34.056192],[134.563326,34.056845],[134.563283,34.056889],[134.563294,34.057128],[134.563302,34.057299],[134.563336,34.057731]]]},"properties":{"S_NAME":"南昭和町五丁目","HCODE":8101}},{"type":"Feature","geometry":{"type":"Polygon","coordinates":[[[134.562927,34.053867],[134.563046,34.053868],[134.563267,34.05387],[134.563436,34.053869],[134.56411,34.053877],[134.564158,34.054118],[134.563937,34.054135],[134.563193,34.054196],[134.563113,34.054198],[134.56292,34.054204],[134.562927,34.053867]]]},"properties":{"S_NAME":"南昭和町六丁目","HCODE":8101}},{"type":"Feature","geometry":{"type":"Polygon","coordinates":[[[134.565912,34.057482],[134.565459,34.05762],[134.565076,34.057737],[134.564942,34.05778],[134.564718,34.057914],[134.564576,34.057633],[134.564435,34.057667],[134.563336,34.057731],[134.563302,34.057299],[134.563294,34.057128],[134.563283,34.056889],[134.563326,34.056845],[134.563297,34.056192],[134.563475,34.056169],[134.563507,34.056153],[134.563513,34.056128],[134.563458,34.05583],[134.563368,34.055651],[134.563354,34.055614],[134.563361,34.055563],[134.563371,34.055496],[134.563362,34.055428],[134.563348,34.055332],[134.563298,34.054991],[134.563436,34.054976],[134.56351,34.054981],[134.563604,34.055014],[134.563678,34.055027],[134.563812,34.055017],[134.56401,34.055005],[134.564084,34.055021],[134.564124,34.055034],[134.564228,34.055075],[134.564376,34.055085],[134.564564,34.055125],[134.564712,34.055177],[134.564685,34.055358],[134.564716,34.055472],[134.565098,34.055425],[134.565093,34.055542],[134.564999,34.055556],[134.565113,34.055789],[134.564964,34.055735],[134.565037,34.055891],[134.565112,34.056052],[134.565143,34.056116],[134.565148,34.056205],[134.565164,34.056391],[134.565479,34.056831],[134.565573,34.056802],[134.565632,34.056795],[134.565727,34.056811],[134.565962,34.056805],[134.566029,34.056793],[134.56604,34.056801],[134.566057,34.056877],[134.566064,34.056911],[134.566096,34.057058],[134.566099,34.057071],[134.566202,34.057409],[134.565912,34.057482]]]},"properties":{"S_NAME":"南昭和町六丁目","HCODE":8101}},{"type":"Feature","geometry":{"type":"Polygon","coordinates":[[[134.567903,34.053838],[134.56797,34.054469],[134.567299,34.054577],[134.567291,34.054586],[134.567388,34.055669],[134.567382,34.055682],[134.567047,34.055833],[134.567188,34.055914],[134.567304,34.055988],[134.567397,34.056058],[134.567626,34.056416],[134.567996,34.056857],[134.568209,34.057124],[134.568361,34.057318],[134.568472,34.05744],[134.568504,34.057466],[134.568624,34.057561],[134.568852,34.057746],[134.568742,34.057823],[134.568177,34.058203],[134.567934,34.058377],[134.567767,34.058166],[134.567679,34.05811],[134.567625,34.058042],[134.567586,34.05798],[134.567423,34.057756],[134.567021,34.057871],[134.566958,34.057901],[134.566917,34.05791],[134.566769,34.057939],[134.566717,34.057959],[134.566575,34.057944],[134.566568,34.057946],[134.566543,34.057954],[134.566357,34.058062],[134.566337,34.058046],[134.566236,34.057957],[134.565912,34.057482],[134.566202,34.057409],[134.566099,34.057071],[134.566096,34.057058],[134.566064,34.056911],[134.566057,34.056877],[134.56604,34.056801],[134.566029,34.056793],[134.565962,34.056805],[134.565727,34.056811],[134.565632,34.056795],[134.565573,34.056802],[134.565479,34.056831],[134.565164,34.056391],[134.565148,34.056205],[134.565143,34.056116],[134.565112,34.056052],[134.565037,34.055891],[134.564964,34.055735],[134.565113,34.055789],[134.564999,34.055556],[134.565093,34.055542],[134.565098,34.055425],[134.564716,34.055472],[134.564685,34.055358],[134.564712,34.055177],[134.564564,34.055125],[134.564376,34.055085],[134.564228,34.055075],[134.564277,34.054945],[134.564241,34.054607],[134.564185,34.054265],[134.564162,34.054138],[134.564158,34.054118],[134.56411,34.053877],[134.564464,34.053881],[134.564968,34.053895],[134.565716,34.05389],[134.566367,34.053878],[134.566687,34.053873],[134.567019,34.053863],[134.567903,34.053838]]]},"properties":{"S_NAME":"南昭和町七丁目","HCODE":8101}},{"type":"Feature","geometry":{"type":"Polygon","coordinates":[[[134.549543,34.065829],[134.549548,34.066136],[134.549312,34.066146],[134.549124,34.065787],[134.54907,34.064941],[134.549487,34.064926],[134.549543,34.065829]]]},"properties":{"S_NAME":"秋田町一丁目","HCODE":8101}},{"type":"Feature","geometry":{"type":"Polygon","coordinates":[[[134.551341,34.065098],[134.550119,34.065324],[134.550088,34.064919],[134.551212,34.064742],[134.551341,34.065098]]]},"properties":{"S_NAME":"秋田町一丁目","HCODE":8101}},{"type":"Feature","geometry":{"type":"Polygon","coordinates":[[[134.550119,34.065324],[134.550144,34.065753],[134.549543,34.065829],[134.549487,34.064926],[134.54907,34.064941],[134.549034,34.063704],[134.549447,34.063677],[134.549983,34.063525],[134.550027,34.064007],[134.550088,34.064919],[134.550119,34.065324]]]},"properties":{"S_NAME":"秋田町二丁目","HCODE":8101}},{"type":"Feature","geometry":{"type":"Polygon","coordinates":[[[134.549447,34.063677],[134.549034,34.063704],[134.548967,34.06235],[134.549383,34.062326],[134.549447,34.063677]]]},"properties":{"S_NAME":"秋田町三丁目","HCODE":8101}},{"type":"Feature","geometry":{"type":"Polygon","coordinates":[[[134.549983,34.063525],[134.549447,34.063677],[134.549383,34.062326],[134.548967,34.06235],[134.548892,34.060941],[134.548973,34.060933],[134.549114,34.060908],[134.549148,34.060904],[134.549307,34.060854],[134.549814,34.060652],[134.549878,34.061512],[134.549653,34.061523],[134.549617,34.061983],[134.549602,34.062181],[134.549917,34.062173],[134.549983,34.063525]]]},"properties":{"S_NAME":"秋田町四丁目","HCODE":8101}},{"type":"Feature","geometry":{"type":"Polygon","coordinates":[[[134.549772,34.059299],[134.549726,34.059884],[134.5492,34.059938],[134.549307,34.060854],[134.549148,34.060904],[134.549114,34.060908],[134.548973,34.060933],[134.548892,34.060941],[134.54857,34.060948],[134.54853,34.059996],[134.548491,34.059119],[134.549152,34.059054],[134.549132,34.058687],[134.549769,34.058657],[134.549772,34.059299]]]},"properties":{"S_NAME":"秋田町五丁目","HCODE":8101}},{"type":"Feature","geometry":{"type":"Polygon","coordinates":[[[134.549769,34.058657],[134.549132,34.058687],[134.549152,34.059054],[134.548491,34.059119],[134.548501,34.058475],[134.548518,34.058422],[134.548456,34.058197],[134.548453,34.058171],[134.548571,34.057543],[134.54858,34.057548],[134.548582,34.057549],[134.548701,34.057625],[134.548876,34.057741],[134.549072,34.05786],[134.549522,34.05805],[134.549581,34.058073],[134.549526,34.058096],[134.549424,34.058149],[134.549772,34.058335],[134.549769,34.058657]],[[134.549443,34.058343],[134.549454,34.058439],[134.549705,34.058421],[134.549707,34.05838],[134.549561,34.058299],[134.549437,34.058241],[134.549443,34.058343]]]},"properties":{"S_NAME":"秋田町六丁目","HCODE":8101}},{"type":"Feature","geometry":{"type":"Polygon","coordinates":[[[134.551496,34.065531],[134.550144,34.065753],[134.550119,34.065324],[134.551341,34.065098],[134.551496,34.065531]]]},"properties":{"S_NAME":"伊月町一丁目","HCODE":8101}},{"type":"Feature","geometry":{"type":"Polygon","coordinates":[[[134.551722,34.063532],[134.551912,34.064057],[134.551897,34.064062],[134.552066,34.064521],[134.551833,34.064568],[134.551212,34.064742],[134.550088,34.064919],[134.550027,34.064007],[134.549983,34.063525],[134.550692,34.063349],[134.550859,34.063779],[134.551722,34.063532]]]},"properties":{"S_NAME":"伊月町二丁目","HCODE":8101}},{"type":"Feature","geometry":{"type":"Polygon","coordinates":[[[134.550692,34.063349],[134.549983,34.063525],[134.549917,34.062173],[134.549913,34.062127],[134.549901,34.061977],[134.549882,34.06157],[134.54999,34.061564],[134.550434,34.062653],[134.550692,34.063349]]]},"properties":{"S_NAME":"伊月町三丁目","HCODE":8101}},{"type":"Feature","geometry":{"type":"Polygon","coordinates":[[[134.550978,34.062482],[134.550434,34.062653],[134.54999,34.061564],[134.549882,34.06157],[134.549901,34.061977],[134.549913,34.062127],[134.549917,34.062173],[134.549602,34.062181],[134.549617,34.061983],[134.549653,34.061523],[134.549878,34.061512],[134.549814,34.060652],[134.55008,34.060549],[134.550696,34.060324],[134.550702,34.060821],[134.550706,34.061087],[134.550697,34.061354],[134.550695,34.061447],[134.550693,34.061579],[134.550723,34.062179],[134.550813,34.062166],[134.550978,34.062482]]]},"properties":{"S_NAME":"伊月町四丁目","HCODE":8101}},{"type":"Feature","geometry":{"type":"Polygon","coordinates":[[[134.549814,34.060652],[134.549307,34.060854],[134.5492,34.059938],[134.549726,34.059884],[134.549772,34.059299],[134.550003,34.059303],[134.55001,34.059628],[134.55008,34.060549],[134.549814,34.060652]]]},"properties":{"S_NAME":"伊月町五丁目","HCODE":8101}},{"type":"Feature","geometry":{"type":"Polygon","coordinates":[[[134.549443,34.058343],[134.549437,34.058241],[134.549561,34.058299],[134.549707,34.05838],[134.549705,34.058421],[134.549454,34.058439],[134.549443,34.058343]]]},"properties":{"S_NAME":"伊月町六丁目","HCODE":8101}},{"type":"Feature","geometry":{"type":"Polygon","coordinates":[[[134.548639,34.062355],[134.54792,34.062381],[134.547525,34.062395],[134.54752,34.062244],[134.547716,34.062242],[134.547713,34.061995],[134.547645,34.061996],[134.547638,34.061746],[134.547672,34.061744],[134.547657,34.061189],[134.547609,34.061189],[134.547596,34.060994],[134.547873,34.06098],[134.548162,34.060972],[134.548197,34.061806],[134.548605,34.061785],[134.548639,34.062355]]]},"properties":{"S_NAME":"鷹匠町四丁目","HCODE":8101}},{"type":"Feature","geometry":{"type":"Polygon","coordinates":[[[134.547889,34.060002],[134.548316,34.06001],[134.548335,34.060759],[134.547863,34.060791],[134.547889,34.060002]]]},"properties":{"S_NAME":"鷹匠町五丁目","HCODE":8101}},{"type":"Feature","geometry":{"type":"Polygon","coordinates":[[[134.552624,34.06323],[134.552074,34.063381],[134.552094,34.063434],[134.55179,34.063514],[134.551722,34.063532],[134.550859,34.063779],[134.550692,34.063349],[134.550434,34.062653],[134.550978,34.062482],[134.551176,34.062876],[134.551348,34.063194],[134.551573,34.063118],[134.552496,34.062835],[134.552624,34.06323]]]},"properties":{"S_NAME":"中央通二丁目","HCODE":8101}},{"type":"Feature","geometry":{"type":"Polygon","coordinates":[[[134.554541,34.062624],[134.552913,34.063161],[134.552628,34.063251],[134.552624,34.06323],[134.552496,34.062835],[134.552826,34.062741],[134.554358,34.062258],[134.554475,34.062469],[134.554541,34.062624]]]},"properties":{"S_NAME":"中央通三丁目","HCODE":8101}},{"type":"Feature","geometry":{"type":"Polygon","coordinates":[[[134.553355,34.067519],[134.552421,34.067806],[134.552319,34.067874],[134.551766,34.068234],[134.550802,34.068841],[134.550345,34.068412],[134.550243,34.068317],[134.550725,34.067978],[134.5504,34.066888],[134.551865,34.066598],[134.551985,34.066922],[134.552016,34.067006],[134.552151,34.06737],[134.553278,34.067157],[134.553355,34.067519]]]},"properties":{"S_NAME":"富田浜一丁目","HCODE":8101}},{"type":"Feature","geometry":{"type":"Polygon","coordinates":[[[134.553278,34.067157],[134.552151,34.06737],[134.552016,34.067006],[134.552399,34.066931],[134.553199,34.066775],[134.553278,34.067157]]]},"properties":{"S_NAME":"富田浜二丁目","HCODE":8101}},{"type":"Feature","geometry":{"type":"Polygon","coordinates":[[[134.555593,34.06718],[134.55549,34.067197],[134.555286,34.067215],[134.555131,34.06723],[134.554594,34.067299],[134.554328,34.067337],[134.553782,34.067392],[134.553765,34.067074],[134.554369,34.066975],[134.554278,34.066553],[134.555369,34.06634],[134.555593,34.06718]]]},"properties":{"S_NAME":"富田浜三丁目","HCODE":8101}},{"type":"Feature","geometry":{"type":"Polygon","coordinates":[[[134.555004,34.064929],[134.553942,34.065121],[134.554178,34.06613],[134.553591,34.06624],[134.553765,34.067074],[134.553782,34.067392],[134.553355,34.067519],[134.553278,34.067157],[134.553199,34.066775],[134.55308,34.066364],[134.552947,34.06587],[134.552843,34.065585],[134.552752,34.065312],[134.551864,34.065461],[134.551496,34.065531],[134.551341,34.065098],[134.551212,34.064742],[134.551833,34.064568],[134.552066,34.064521],[134.552436,34.064419],[134.553293,34.064225],[134.554053,34.064062],[134.554569,34.06395],[134.554647,34.063933],[134.555004,34.064929]]]},"properties":{"S_NAME":"富田橋一丁目","HCODE":8101}},{"type":"Feature","geometry":{"type":"Polygon","coordinates":[[[134.554569,34.06395],[134.554053,34.064062],[134.553293,34.064225],[134.552436,34.064419],[134.552066,34.064521],[134.551897,34.064062],[134.551912,34.064057],[134.551722,34.063532],[134.55179,34.063514],[134.552094,34.063434],[134.552074,34.063381],[134.552624,34.06323],[134.552628,34.063251],[134.552913,34.063161],[134.554541,34.062624],[134.554601,34.062801],[134.553884,34.063024],[134.553986,34.063238],[134.553716,34.063346],[134.553862,34.063848],[134.553985,34.06385],[134.554186,34.06377],[134.554204,34.063737],[134.554496,34.06365],[134.554536,34.063731],[134.554514,34.063792],[134.554569,34.06395]]]},"properties":{"S_NAME":"富田橋二丁目","HCODE":8101}},{"type":"Feature","geometry":{"type":"Polygon","coordinates":[[[134.552396,34.061253],[134.552431,34.061356],[134.552467,34.061463],[134.552583,34.061664],[134.552319,34.06177],[134.552495,34.062092],[134.552591,34.062292],[134.552826,34.062741],[134.552496,34.062835],[134.551573,34.063118],[134.551348,34.063194],[134.551176,34.062876],[134.550978,34.062482],[134.550813,34.062166],[134.550723,34.062179],[134.550693,34.061579],[134.551524,34.061447],[134.551828,34.061386],[134.552011,34.061324],[134.552396,34.061253]]]},"properties":{"S_NAME":"富田橋三丁目","HCODE":8101}},{"type":"Feature","geometry":{"type":"Polygon","coordinates":[[[134.552111,34.060334],[134.552149,34.060524],[134.552396,34.061253],[134.552011,34.061324],[134.551828,34.061386],[134.551524,34.061447],[134.550693,34.061579],[134.550695,34.061447],[134.550697,34.061354],[134.550706,34.061087],[134.550702,34.060821],[134.550696,34.060324],[134.551253,34.060116],[134.551395,34.060441],[134.551664,34.060388],[134.551907,34.060348],[134.552111,34.060334]]]},"properties":{"S_NAME":"富田橋四丁目","HCODE":8101}},{"type":"Feature","geometry":{"type":"Polygon","coordinates":[[[134.552229,34.059435],[134.55236,34.059524],[134.552518,34.059642],[134.552561,34.05967],[134.552252,34.059754],[134.552011,34.059841],[134.551253,34.060116],[134.550696,34.060324],[134.55008,34.060549],[134.55001,34.059628],[134.550003,34.059303],[134.550391,34.059392],[134.550625,34.059422],[134.55066,34.059549],[134.550945,34.059511],[134.550939,34.059501],[134.550819,34.059286],[134.550697,34.059107],[134.550508,34.058889],[134.550297,34.05869],[134.550121,34.058546],[134.550023,34.05848],[134.549856,34.058383],[134.549772,34.058335],[134.549424,34.058149],[134.549526,34.058096],[134.549581,34.058073],[134.550155,34.058304],[134.551082,34.058723],[134.551111,34.058739],[134.55113,34.058868],[134.55073,34.058962],[134.550748,34.059085],[134.550835,34.059211],[134.55117,34.059159],[134.551355,34.059125],[134.551666,34.059067],[134.551957,34.059251],[134.552066,34.059348],[134.552229,34.059435]]]},"properties":{"S_NAME":"富田橋五丁目","HCODE":8101}},{"type":"Feature","geometry":{"type":"Polygon","coordinates":[[[134.551666,34.059067],[134.551355,34.059125],[134.55117,34.059159],[134.550835,34.059211],[134.550748,34.059085],[134.55073,34.058962],[134.55113,34.058868],[134.551111,34.058739],[134.551666,34.059067]]]},"properties":{"S_NAME":"富田橋六丁目","HCODE":8101}},{"type":"Feature","geometry":{"type":"Polygon","coordinates":[[[134.549772,34.058335],[134.549856,34.058383],[134.550023,34.05848],[134.550121,34.058546],[134.550297,34.05869],[134.550508,34.058889],[134.550697,34.059107],[134.550819,34.059286],[134.550939,34.059501],[134.550945,34.059511],[134.55066,34.059549],[134.550625,34.059422],[134.550391,34.059392],[134.550003,34.059303],[134.549772,34.059299],[134.549769,34.058657],[134.549772,34.058335]]]},"properties":{"S_NAME":"富田橋六丁目","HCODE":8101}},{"type":"Feature","geometry":{"type":"Polygon","coordinates":[[[134.548491,34.059119],[134.547899,34.059178],[134.547905,34.058549],[134.547585,34.05855],[134.547184,34.058547],[134.546908,34.058034],[134.54686,34.05796],[134.547075,34.057874],[134.547264,34.057796],[134.547305,34.057862],[134.547488,34.05778],[134.547734,34.057669],[134.548101,34.057505],[134.548347,34.057404],[134.548571,34.057543],[134.548453,34.058171],[134.548456,34.058197],[134.548518,34.058422],[134.548501,34.058475],[134.548491,34.059119]]]},"properties":{"S_NAME":"富田橋七丁目","HCODE":8101}},{"type":"Feature","geometry":{"type":"Polygon","coordinates":[[[134.548191,34.055061],[134.54825,34.055261],[134.548343,34.055523],[134.548413,34.055712],[134.548474,34.055851],[134.548613,34.05615],[134.548693,34.056303],[134.548793,34.056495],[134.548697,34.056982],[134.548626,34.057331],[134.548582,34.057549],[134.54858,34.057548],[134.548571,34.057543],[134.548347,34.057404],[134.54814,34.057222],[134.548101,34.057188],[134.54806,34.057153],[134.547797,34.056911],[134.54767,34.056767],[134.547573,34.056637],[134.547477,34.056498],[134.547269,34.056147],[134.547166,34.055966],[134.547019,34.055668],[134.547189,34.05557],[134.547631,34.055296],[134.547772,34.055205],[134.547919,34.055147],[134.548191,34.055061]]]},"properties":{"S_NAME":"富田橋八丁目","HCODE":8101}},{"type":"Feature","geometry":{"type":"Polygon","coordinates":[[[134.5504,34.066888],[134.550393,34.066857],[134.550281,34.066372],[134.5517,34.066111],[134.551865,34.066598],[134.5504,34.066888]]]},"properties":{"S_NAME":"仲之町一丁目","HCODE":8101}},{"type":"Feature","geometry":{"type":"Polygon","coordinates":[[[134.552947,34.06587],[134.55308,34.066364],[134.553199,34.066775],[134.552399,34.066931],[134.552016,34.067006],[134.551985,34.066922],[134.551865,34.066598],[134.5517,34.066111],[134.552947,34.06587]]]},"properties":{"S_NAME":"仲之町二丁目","HCODE":8101}},{"type":"Feature","geometry":{"type":"Polygon","coordinates":[[[134.555133,34.06543],[134.555271,34.065948],[134.555369,34.06634],[134.554278,34.066553],[134.554369,34.066975],[134.553765,34.067074],[134.553591,34.06624],[134.554178,34.06613],[134.553942,34.065121],[134.555004,34.064929],[134.555133,34.06543]]]},"properties":{"S_NAME":"仲之町三丁目","HCODE":8101}},{"type":"Feature","geometry":{"type":"Polygon","coordinates":[[[134.556244,34.065233],[134.556309,34.065481],[134.55637,34.065764],[134.5564,34.066114],[134.556409,34.066836],[134.556405,34.067104],[134.556092,34.067134],[134.555593,34.06718],[134.555369,34.06634],[134.555271,34.065948],[134.555133,34.06543],[134.556244,34.065233]]]},"properties":{"S_NAME":"仲之町四丁目","HCODE":8101}},{"type":"Feature","geometry":{"type":"Polygon","coordinates":[[[134.547863,34.060791],[134.547873,34.06098],[134.547596,34.060994],[134.547243,34.061012],[134.546247,34.061081],[134.546094,34.061104],[134.54605,34.060891],[134.546027,34.060639],[134.546024,34.060567],[134.546036,34.060413],[134.545696,34.060398],[134.545509,34.060389],[134.545252,34.060376],[134.545255,34.060307],[134.545175,34.060313],[134.54495,34.06032],[134.544816,34.060314],[134.54468,34.060301],[134.544582,34.060287],[134.544502,34.06028],[134.54434,34.060287],[134.544128,34.060289],[134.544085,34.060268],[134.544056,34.060232],[134.544051,34.06018],[134.544056,34.060146],[134.544078,34.060105],[134.544097,34.060064],[134.54413,34.060028],[134.544181,34.059967],[134.544247,34.059907],[134.544269,34.059855],[134.544261,34.059818],[134.544243,34.059777],[134.544216,34.05975],[134.544158,34.059717],[134.544053,34.059688],[134.543973,34.059663],[134.544831,34.059062],[134.544862,34.059041],[134.546324,34.058103],[134.546649,34.057862],[134.546748,34.057787],[134.54686,34.05796],[134.546908,34.058034],[134.547184,34.058547],[134.547227,34.05861],[134.547237,34.05922],[134.547899,34.059178],[134.547889,34.060002],[134.547863,34.060791]]]},"properties":{"S_NAME":"二軒屋町一丁目","HCODE":8101}},{"type":"Feature","geometry":{"type":"Polygon","coordinates":[[[134.547899,34.059178],[134.547237,34.05922],[134.547227,34.05861],[134.547184,34.058547],[134.547585,34.05855],[134.547905,34.058549],[134.547899,34.059178]]]},"properties":{"S_NAME":"二軒屋町二丁目","HCODE":8101}},{"type":"Feature","geometry":{"type":"Polygon","coordinates":[[[134.546324,34.058103],[134.546244,34.058008],[134.546203,34.057974],[134.54617,34.05796],[134.546107,34.05794],[134.546062,34.057931],[134.546029,34.057927],[134.545972,34.057948],[134.545971,34.057928],[134.546079,34.057618],[134.546067,34.057525],[134.546054,34.057485],[134.546032,34.057442],[134.545962,34.057326],[134.545549,34.056617],[134.545601,34.056574],[134.545918,34.056426],[134.54601,34.056359],[134.546078,34.056267],[134.546112,34.056209],[134.546335,34.056129],[134.546384,34.05612],[134.546411,34.056248],[134.546527,34.056258],[134.546686,34.056271],[134.546754,34.056501],[134.546977,34.056455],[134.547041,34.056611],[134.547477,34.056498],[134.547573,34.056637],[134.54767,34.056767],[134.547797,34.056911],[134.54806,34.057153],[134.548101,34.057188],[134.54814,34.057222],[134.548347,34.057404],[134.548101,34.057505],[134.547734,34.057669],[134.547488,34.05778],[134.547305,34.057862],[134.547264,34.057796],[134.547075,34.057874],[134.54686,34.05796],[134.546748,34.057787],[134.546649,34.057862],[134.546324,34.058103]]]},"properties":{"S_NAME":"二軒屋町三丁目","HCODE":8101}},{"type":"Feature","geometry":{"type":"Polygon","coordinates":[[[134.546324,34.058103],[134.544862,34.059041],[134.544831,34.059062],[134.544414,34.057522],[134.545095,34.056966],[134.545356,34.056774],[134.545549,34.056617],[134.545962,34.057326],[134.546032,34.057442],[134.546054,34.057485],[134.546067,34.057525],[134.546079,34.057618],[134.545971,34.057928],[134.545972,34.057948],[134.546029,34.057927],[134.546062,34.057931],[134.546107,34.05794],[134.54617,34.05796],[134.546203,34.057974],[134.546244,34.058008],[134.546324,34.058103]]]},"properties":{"S_NAME":"西二軒屋町一丁目","HCODE":8101}},{"type":"Feature","geometry":{"type":"Polygon","coordinates":[[[134.543973,34.059663],[134.543839,34.059632],[134.543801,34.059623],[134.543626,34.059625],[134.543451,34.05964],[134.543117,34.05962],[134.542941,34.059608],[134.542766,34.059609],[134.542504,34.059621],[134.542438,34.059635],[134.542275,34.059714],[134.542204,34.059782],[134.541974,34.059838],[134.541802,34.059876],[134.541731,34.059879],[134.54158,34.059839],[134.541357,34.059745],[134.5407,34.059649],[134.540675,34.059553],[134.540521,34.059423],[134.540434,34.059317],[134.540383,34.059155],[134.54034,34.05911],[134.54012,34.058985],[134.539904,34.058754],[134.539652,34.058584],[134.539738,34.057447],[134.539849,34.057386],[134.54091,34.057751],[134.540975,34.057793],[134.541018,34.057828],[134.541323,34.058135],[134.541851,34.058619],[134.541916,34.058648],[134.541973,34.058642],[134.542051,34.058605],[134.542455,34.058471],[134.542949,34.058258],[134.543006,34.058198],[134.543079,34.058],[134.543136,34.057785],[134.54338,34.056857],[134.54346,34.056556],[134.543605,34.056027],[134.543732,34.05604],[134.544034,34.05607],[134.54407,34.056103],[134.544142,34.056174],[134.544231,34.056243],[134.544277,34.056225],[134.544304,34.056214],[134.544373,34.056208],[134.54443,34.056216],[134.544575,34.056252],[134.54491,34.056339],[134.545269,34.056462],[134.545549,34.056617],[134.545356,34.056774],[134.545095,34.056966],[134.544414,34.057522],[134.544831,34.059062],[134.543973,34.059663]]]},"properties":{"S_NAME":"西二軒屋町二丁目","HCODE":8101}},{"type":"Feature","geometry":{"type":"Polygon","coordinates":[[[134.551496,34.065531],[134.551595,34.065821],[134.5517,34.066111],[134.550281,34.066372],[134.550393,34.066857],[134.549771,34.066953],[134.549776,34.066974],[134.549412,34.067029],[134.549409,34.06701],[134.549312,34.066146],[134.549548,34.066136],[134.549543,34.065829],[134.550144,34.065753],[134.551496,34.065531]]]},"properties":{"S_NAME":"南仲之町一丁目","HCODE":8101}},{"type":"Feature","geometry":{"type":"Polygon","coordinates":[[[134.551496,34.065531],[134.551864,34.065461],[134.552752,34.065312],[134.552843,34.065585],[134.552947,34.06587],[134.5517,34.066111],[134.551595,34.065821],[134.551496,34.065531]]]},"properties":{"S_NAME":"南仲之町二丁目","HCODE":8101}},{"type":"Feature","geometry":{"type":"Polygon","coordinates":[[[134.556244,34.065233],[134.555133,34.06543],[134.555004,34.064929],[134.556015,34.064747],[134.556137,34.064958],[134.556244,34.065233]]]},"properties":{"S_NAME":"南仲之町四丁目","HCODE":8101}},{"type":"Feature","geometry":{"type":"Polygon","coordinates":[[[134.547477,34.056498],[134.547041,34.056611],[134.546977,34.056455],[134.546754,34.056501],[134.546686,34.056271],[134.546527,34.056258],[134.546411,34.056248],[134.546384,34.05612],[134.546335,34.056129],[134.546112,34.056209],[134.546082,34.056178],[134.545724,34.056152],[134.544771,34.056101],[134.544674,34.055696],[134.544675,34.055634],[134.544572,34.055346],[134.544554,34.055277],[134.544455,34.05484],[134.544429,34.054786],[134.544284,34.054655],[134.544023,34.054339],[134.543901,34.054251],[134.543755,34.054232],[134.543761,34.0542],[134.543809,34.054207],[134.54407,34.054242],[134.544261,34.054268],[134.544549,34.054308],[134.544717,34.054331],[134.545128,34.054387],[134.545208,34.054396],[134.545199,34.054417],[134.545789,34.054275],[134.545777,34.054245],[134.545786,34.054246],[134.546598,34.054054],[134.5466,34.054057],[134.546815,34.054666],[134.547189,34.05557],[134.547019,34.055668],[134.547166,34.055966],[134.547269,34.056147],[134.547477,34.056498]]]},"properties":{"S_NAME":"南二軒屋町一丁目","HCODE":8101}},{"type":"Feature","geometry":{"type":"Polygon","coordinates":[[[134.546598,34.054054],[134.545786,34.054246],[134.545777,34.054245],[134.545789,34.054275],[134.545199,34.054417],[134.545208,34.054396],[134.545128,34.054387],[134.544717,34.054331],[134.544549,34.054308],[134.544261,34.054268],[134.54407,34.054242],[134.543809,34.054207],[134.543761,34.0542],[134.54386,34.05374],[134.543177,34.052961],[134.543426,34.052875],[134.543527,34.052839],[134.543767,34.052767],[134.54423,34.052622],[134.544327,34.0526],[134.544989,34.052359],[134.545414,34.052226],[134.545829,34.052084],[134.546165,34.053006],[134.546284,34.053333],[134.546598,34.054054]]]},"properties":{"S_NAME":"南二軒屋町二丁目","HCODE":8101}},{"type":"Feature","geometry":{"type":"Polygon","coordinates":[[[134.545849,34.052075],[134.545829,34.052084],[134.545414,34.052226],[134.544989,34.052359],[134.544327,34.0526],[134.54423,34.052622],[134.543767,34.052767],[134.543527,34.052839],[134.543426,34.052875],[134.543177,34.052961],[134.543128,34.052971],[134.542987,34.052998],[134.542852,34.053013],[134.542572,34.05259],[134.541832,34.051549],[134.541824,34.051533],[134.541806,34.051496],[134.541888,34.051469],[134.542441,34.051384],[134.542913,34.051239],[134.543235,34.051136],[134.543593,34.051031],[134.54368,34.050875],[134.543788,34.050727],[134.543863,34.050631],[134.543943,34.050585],[134.544031,34.050542],[134.544166,34.050492],[134.545188,34.050092],[134.545849,34.052075]]]},"properties":{"S_NAME":"南二軒屋町三丁目","HCODE":8101}},{"type":"Feature","geometry":{"type":"Polygon","coordinates":[[[134.547752,34.053788],[134.547964,34.054362],[134.547996,34.05445],[134.548191,34.055061],[134.547919,34.055147],[134.547772,34.055205],[134.547631,34.055296],[134.547189,34.05557],[134.546815,34.054666],[134.5466,34.054057],[134.547752,34.053788]]]},"properties":{"S_NAME":"南二軒屋町神成","HCODE":8101}},{"type":"Feature","geometry":{"type":"Polygon","coordinates":[[[134.539652,34.058584],[134.538175,34.058233],[134.538217,34.058231],[134.538434,34.058255],[134.538687,34.058283],[134.538706,34.058281],[134.5388,34.058198],[134.538954,34.058031],[134.53911,34.057831],[134.539191,34.057694],[134.539278,34.057526],[134.539467,34.057507],[134.53955,34.057502],[134.539675,34.057468],[134.539723,34.057455],[134.539738,34.057447],[134.539652,34.058584]]]},"properties":{"S_NAME":"南二軒屋町西山","HCODE":8101}},{"type":"Feature","geometry":{"type":"Polygon","coordinates":[[[134.54338,34.056857],[134.543136,34.057785],[134.543079,34.058],[134.543006,34.058198],[134.542949,34.058258],[134.542455,34.058471],[134.542051,34.058605],[134.541973,34.058642],[134.541916,34.058648],[134.541851,34.058619],[134.541323,34.058135],[134.541018,34.057828],[134.540975,34.057793],[134.54091,34.057751],[134.539849,34.057386],[134.539871,34.057374],[134.540094,34.057193],[134.540262,34.057028],[134.540351,34.056942],[134.540409,34.056928],[134.540463,34.056942],[134.540503,34.056959],[134.540624,34.057034],[134.540668,34.057057],[134.54071,34.057079],[134.540807,34.057103],[134.540869,34.057122],[134.541007,34.057135],[134.54115,34.057134],[134.541325,34.057129],[134.541409,34.057116],[134.5415,34.057098],[134.541551,34.057076],[134.541617,34.057022],[134.541692,34.056945],[134.541774,34.056905],[134.541829,34.056888],[134.541927,34.056863],[134.542102,34.056821],[134.542167,34.056811],[134.542208,34.056788],[134.542233,34.056757],[134.542342,34.05646],[134.542542,34.056421],[134.542611,34.056409],[134.542654,34.056399],[134.54268,34.056393],[134.542722,34.056391],[134.54276,34.056402],[134.542863,34.056468],[134.542999,34.056617],[134.543125,34.05675],[134.543202,34.056815],[134.543263,34.056846],[134.543325,34.056857],[134.54338,34.056857]]]},"properties":{"S_NAME":"南二軒屋町西山","HCODE":8101}},{"type":"Feature","geometry":{"type":"Polygon","coordinates":[[[134.546552,34.051877],[134.546743,34.052135],[134.547252,34.052927],[134.547284,34.053043],[134.547322,34.053121],[134.547493,34.053256],[134.547561,34.053346],[134.547698,34.053664],[134.547752,34.053788],[134.5466,34.054057],[134.546598,34.054054],[134.546284,34.053333],[134.546165,34.053006],[134.545829,34.052084],[134.545849,34.052075],[134.546047,34.05202],[134.546552,34.051877]]]},"properties":{"S_NAME":"南二軒屋町新開","HCODE":8101}},{"type":"Feature","geometry":{"type":"Polygon","coordinates":[[[134.536821,34.052626],[134.53687,34.052774],[134.536947,34.052913],[134.537099,34.053205],[134.536552,34.053194],[134.535616,34.053189],[134.535537,34.053212],[134.535312,34.053058],[134.535211,34.052989],[134.535084,34.052875],[134.535598,34.052598],[134.535617,34.052598],[134.535748,34.052774],[134.535783,34.052783],[134.535891,34.052672],[134.53605,34.052591],[134.536103,34.052588],[134.53629,34.052618],[134.536732,34.052434],[134.536821,34.052626]]]},"properties":{"S_NAME":"南二軒屋町石井利","HCODE":8101}},{"type":"Feature","geometry":{"type":"Polygon","coordinates":[[[134.555463,34.063748],[134.555578,34.063956],[134.555637,34.064063],[134.555844,34.064438],[134.556015,34.064747],[134.555004,34.064929],[134.554647,34.063933],[134.554952,34.063862],[134.554994,34.063854],[134.555463,34.063748]]]},"properties":{"S_NAME":"明神町一丁目","HCODE":8101}},{"type":"Feature","geometry":{"type":"Polygon","coordinates":[[[134.555463,34.063748],[134.554994,34.063854],[134.554952,34.063862],[134.554647,34.063933],[134.554569,34.06395],[134.554514,34.063792],[134.554536,34.063731],[134.554496,34.06365],[134.554204,34.063737],[134.554186,34.06377],[134.553985,34.06385],[134.553862,34.063848],[134.553716,34.063346],[134.553986,34.063238],[134.553884,34.063024],[134.554601,34.062801],[134.554541,34.062624],[134.554475,34.062469],[134.554358,34.062258],[134.554596,34.062183],[134.555463,34.063748]]]},"properties":{"S_NAME":"明神町二丁目","HCODE":8101}},{"type":"Feature","geometry":{"type":"Polygon","coordinates":[[[134.553057,34.06018],[134.553252,34.060407],[134.55361,34.060752],[134.553754,34.060933],[134.554034,34.061292],[134.554235,34.061599],[134.554406,34.061869],[134.554596,34.062183],[134.554358,34.062258],[134.552826,34.062741],[134.552591,34.062292],[134.552495,34.062092],[134.552319,34.06177],[134.552583,34.061664],[134.552467,34.061463],[134.552431,34.061356],[134.552396,34.061253],[134.552149,34.060524],[134.552111,34.060334],[134.552509,34.060286],[134.552535,34.060366],[134.553057,34.06018]]]},"properties":{"S_NAME":"明神町三丁目","HCODE":8101}},{"type":"Feature","geometry":{"type":"Polygon","coordinates":[[[134.552111,34.060334],[134.551907,34.060348],[134.551664,34.060388],[134.551395,34.060441],[134.551253,34.060116],[134.552011,34.059841],[134.552252,34.059754],[134.552561,34.05967],[134.55282,34.059928],[134.553057,34.06018],[134.552535,34.060366],[134.552509,34.060286],[134.552111,34.060334]]]},"properties":{"S_NAME":"明神町四丁目","HCODE":8101}},{"type":"Feature","geometry":{"type":"Polygon","coordinates":[[[134.552895,34.05833],[134.553357,34.058199],[134.553409,34.058188],[134.553513,34.058166],[134.553844,34.05812],[134.553983,34.058674],[134.554142,34.059223],[134.553735,34.059378],[134.55348,34.059447],[134.553166,34.05953],[134.552561,34.05967],[134.552518,34.059642],[134.55236,34.059524],[134.552229,34.059435],[134.552132,34.059188],[134.55204,34.05891],[134.552548,34.058806],[134.552963,34.058683],[134.552895,34.05833]]]},"properties":{"S_NAME":"明神町五丁目","HCODE":8101}},{"type":"Feature","geometry":{"type":"Polygon","coordinates":[[[134.549581,34.058073],[134.549682,34.058028],[134.550005,34.057913],[134.550674,34.057727],[134.5515,34.057494],[134.552552,34.057189],[134.552574,34.057264],[134.552613,34.057345],[134.552667,34.057423],[134.552688,34.057478],[134.55274,34.057634],[134.552758,34.057743],[134.552764,34.057838],[134.552797,34.057962],[134.552895,34.05833],[134.552963,34.058683],[134.552548,34.058806],[134.55204,34.05891],[134.552132,34.059188],[134.552229,34.059435],[134.552066,34.059348],[134.551957,34.059251],[134.551666,34.059067],[134.551111,34.058739],[134.551082,34.058723],[134.550155,34.058304],[134.549581,34.058073]]]},"properties":{"S_NAME":"明神町六丁目","HCODE":8101}},{"type":"Feature","geometry":{"type":"Polygon","coordinates":[[[134.5504,34.066888],[134.550725,34.067978],[134.550243,34.068317],[134.550124,34.067961],[134.549968,34.067487],[134.549776,34.066974],[134.549771,34.066953],[134.550393,34.066857],[134.5504,34.066888]]]},"properties":{"S_NAME":"両国橋","HCODE":8101}},{"type":"Feature","geometry":{"type":"Polygon","coordinates":[[[134.545115,34.06752],[134.54477,34.067548],[134.544746,34.067512],[134.544653,34.067472],[134.544593,34.067463],[134.544489,34.067457],[134.544361,34.067492],[134.544249,34.067496],[134.544196,34.067508],[134.544104,34.067529],[134.544109,34.067493],[134.544123,34.067397],[134.542711,34.067259],[134.542723,34.067216],[134.542741,34.067104],[134.542753,34.066993],[134.542743,34.066888],[134.542741,34.066737],[134.542731,34.066562],[134.542715,34.066316],[134.542689,34.066272],[134.542658,34.06624],[134.542546,34.066172],[134.542496,34.066135],[134.542447,34.066098],[134.542433,34.066073],[134.542419,34.06604],[134.542406,34.065931],[134.542384,34.065731],[134.542409,34.065514],[134.542445,34.06545],[134.542481,34.06539],[134.542517,34.065366],[134.542525,34.065331],[134.542525,34.065301],[134.542476,34.065263],[134.542422,34.065192],[134.542352,34.065141],[134.542223,34.065029],[134.542152,34.064979],[134.542099,34.064965],[134.541969,34.064922],[134.541837,34.064876],[134.541682,34.064805],[134.541648,34.064785],[134.541622,34.064722],[134.541627,34.064649],[134.54163,34.06458],[134.54164,34.064515],[134.541652,34.064451],[134.541661,34.064395],[134.541693,34.06433],[134.541718,34.06429],[134.541749,34.064263],[134.541808,34.064214],[134.541902,34.064124],[134.541964,34.064054],[134.541975,34.063998],[134.541947,34.063963],[134.541906,34.063916],[134.541825,34.063861],[134.544959,34.063809],[134.544961,34.063844],[134.545042,34.065506],[134.545085,34.066676],[134.54502,34.066721],[134.545115,34.06752]]]},"properties":{"S_NAME":"伊賀町二丁目","HCODE":8101}},{"type":"Feature","geometry":{"type":"Polygon","coordinates":[[[134.545689,34.063797],[134.545519,34.0638],[134.544959,34.063809],[134.544905,34.062486],[134.545618,34.062451],[134.545635,34.062774],[134.545642,34.062896],[134.545689,34.063797]]]},"properties":{"S_NAME":"伊賀町三丁目","HCODE":8101}},{"type":"Feature","geometry":{"type":"Polygon","coordinates":[[[134.542189,34.061401],[134.543945,34.061472],[134.544415,34.061718],[134.544876,34.061746],[134.545573,34.061791],[134.545618,34.062451],[134.544905,34.062486],[134.544959,34.063809],[134.541825,34.063861],[134.541793,34.063839],[134.541701,34.063778],[134.541673,34.06376],[134.541653,34.063732],[134.54163,34.063644],[134.541628,34.063527],[134.541589,34.063431],[134.541573,34.063388],[134.541525,34.063349],[134.541477,34.063328],[134.541398,34.063299],[134.541251,34.063254],[134.541124,34.063221],[134.54102,34.063175],[134.540983,34.063149],[134.54092,34.063059],[134.540869,34.062983],[134.540818,34.062918],[134.540786,34.062853],[134.54078,34.06279],[134.540781,34.062756],[134.540797,34.062705],[134.540805,34.062679],[134.540838,34.062658],[134.540877,34.062636],[134.540908,34.062615],[134.541011,34.062568],[134.541138,34.062519],[134.541191,34.062516],[134.541233,34.062485],[134.541271,34.062413],[134.541301,34.062324],[134.541328,34.062226],[134.541414,34.062072],[134.541413,34.061977],[134.541384,34.061877],[134.541373,34.061822],[134.541373,34.061701],[134.541403,34.061622],[134.541425,34.061585],[134.541473,34.061516],[134.54156,34.061475],[134.541713,34.061437],[134.54185,34.061427],[134.542057,34.061416],[134.542146,34.061411],[134.542189,34.061401]]]},"properties":{"S_NAME":"伊賀町四丁目","HCODE":8101}},{"type":"Feature","geometry":{"type":"Polygon","coordinates":[[[134.548696,34.067124],[134.547626,34.067253],[134.547354,34.067281],[134.547357,34.067165],[134.547331,34.066282],[134.546575,34.066285],[134.546558,34.066269],[134.546542,34.065463],[134.547323,34.06544],[134.547309,34.065001],[134.547325,34.064996],[134.548062,34.064978],[134.548139,34.066227],[134.548529,34.0662],[134.548696,34.067124]]]},"properties":{"S_NAME":"大道一丁目","HCODE":8101}},{"type":"Feature","geometry":{"type":"Polygon","coordinates":[[[134.548062,34.064978],[134.547325,34.064996],[134.547309,34.065001],[134.547323,34.06544],[134.546542,34.065463],[134.546493,34.064589],[134.546491,34.064551],[134.546483,34.064417],[134.546482,34.064391],[134.546479,34.06433],[134.546477,34.064297],[134.546472,34.064244],[134.546424,34.063786],[134.547294,34.063759],[134.547999,34.063732],[134.548062,34.064978]]]},"properties":{"S_NAME":"大道二丁目","HCODE":8101}},{"type":"Feature","geometry":{"type":"Polygon","coordinates":[[[134.547999,34.063732],[134.547294,34.063759],[134.547278,34.063008],[134.547275,34.062877],[134.547275,34.062873],[134.547265,34.062404],[134.547525,34.062395],[134.54792,34.062381],[134.547937,34.062674],[134.547989,34.063566],[134.547999,34.063732]]]},"properties":{"S_NAME":"大道三丁目","HCODE":8101}},{"type":"Feature","geometry":{"type":"Polygon","coordinates":[[[134.547525,34.062395],[134.547265,34.062404],[134.547243,34.061012],[134.547596,34.060994],[134.547609,34.061189],[134.547657,34.061189],[134.547672,34.061744],[134.547638,34.061746],[134.547645,34.061996],[134.547713,34.061995],[134.547716,34.062242],[134.54752,34.062244],[134.547525,34.062395]]]},"properties":{"S_NAME":"大道四丁目","HCODE":8101}},{"type":"Feature","geometry":{"type":"Polygon","coordinates":[[[134.546549,34.067378],[134.54606,34.067443],[134.545876,34.067458],[134.545762,34.06548],[134.546542,34.065463],[134.546558,34.066269],[134.546575,34.066285],[134.547331,34.066282],[134.547357,34.067165],[134.547354,34.067281],[134.546566,34.067376],[134.546549,34.067378]]]},"properties":{"S_NAME":"幟町一丁目","HCODE":8101}},{"type":"Feature","geometry":{"type":"Polygon","coordinates":[[[134.546542,34.065463],[134.545762,34.06548],[134.54569,34.063823],[134.545689,34.063797],[134.546424,34.063786],[134.546472,34.064244],[134.546477,34.064297],[134.546479,34.06433],[134.546482,34.064391],[134.546483,34.064417],[134.546491,34.064551],[134.546493,34.064589],[134.546542,34.065463]]]},"properties":{"S_NAME":"幟町二丁目","HCODE":8101}},{"type":"Feature","geometry":{"type":"Polygon","coordinates":[[[134.547265,34.062404],[134.547275,34.062873],[134.547275,34.062877],[134.547278,34.063008],[134.547294,34.063759],[134.546424,34.063786],[134.545689,34.063797],[134.545642,34.062896],[134.545995,34.062888],[134.546003,34.062952],[134.546361,34.062936],[134.54635,34.062794],[134.546344,34.062433],[134.547265,34.062404]]]},"properties":{"S_NAME":"幟町三丁目","HCODE":8101}},{"type":"Feature","geometry":{"type":"Polygon","coordinates":[[[134.547265,34.062404],[134.546344,34.062433],[134.546247,34.061081],[134.547243,34.061012],[134.547265,34.062404]]]},"properties":{"S_NAME":"幟町四丁目","HCODE":8101}},{"type":"Feature","geometry":{"type":"Polygon","coordinates":[[[134.545876,34.067458],[134.545115,34.06752],[134.54502,34.066721],[134.545085,34.066676],[134.545042,34.065506],[134.545762,34.06548],[134.545876,34.067458]]]},"properties":{"S_NAME":"弓町一丁目","HCODE":8101}},{"type":"Feature","geometry":{"type":"Polygon","coordinates":[[[134.545762,34.06548],[134.545042,34.065506],[134.544961,34.063844],[134.544959,34.063809],[134.545519,34.0638],[134.545689,34.063797],[134.54569,34.063823],[134.545762,34.06548]]]},"properties":{"S_NAME":"弓町二丁目","HCODE":8101}},{"type":"Feature","geometry":{"type":"Polygon","coordinates":[[[134.546344,34.062433],[134.54635,34.062794],[134.546361,34.062936],[134.546003,34.062952],[134.545995,34.062888],[134.545642,34.062896],[134.545635,34.062774],[134.545618,34.062451],[134.546344,34.062433]]]},"properties":{"S_NAME":"弓町三丁目","HCODE":8101}},{"type":"Feature","geometry":{"type":"Polygon","coordinates":[[[134.546344,34.062433],[134.545618,34.062451],[134.545573,34.061791],[134.544876,34.061746],[134.544415,34.061718],[134.543945,34.061472],[134.542189,34.061401],[134.54223,34.061265],[134.542271,34.061209],[134.542318,34.061176],[134.542416,34.061107],[134.542468,34.061053],[134.54256,34.060957],[134.542601,34.060872],[134.542653,34.060783],[134.54268,34.060706],[134.542665,34.060637],[134.542639,34.060589],[134.542574,34.060553],[134.542517,34.060475],[134.542489,34.060401],[134.542499,34.060338],[134.542498,34.060283],[134.542487,34.060251],[134.542354,34.060116],[134.542287,34.06006],[134.542226,34.059971],[134.5422,34.059901],[134.5422,34.059833],[134.542204,34.059782],[134.542275,34.059714],[134.542438,34.059635],[134.542504,34.059621],[134.542766,34.059609],[134.542941,34.059608],[134.543117,34.05962],[134.543451,34.05964],[134.543626,34.059625],[134.543801,34.059623],[134.543839,34.059632],[134.543973,34.059663],[134.544053,34.059688],[134.544158,34.059717],[134.544216,34.05975],[134.544243,34.059777],[134.544261,34.059818],[134.544269,34.059855],[134.544247,34.059907],[134.544181,34.059967],[134.54413,34.060028],[134.544097,34.060064],[134.544078,34.060105],[134.544056,34.060146],[134.544051,34.06018],[134.544056,34.060232],[134.544085,34.060268],[134.544128,34.060289],[134.54434,34.060287],[134.544502,34.06028],[134.544582,34.060287],[134.54468,34.060301],[134.544816,34.060314],[134.54495,34.06032],[134.545175,34.060313],[134.545255,34.060307],[134.545252,34.060376],[134.545509,34.060389],[134.545696,34.060398],[134.546036,34.060413],[134.546024,34.060567],[134.546027,34.060639],[134.54605,34.060891],[134.546094,34.061104],[134.546247,34.061081],[134.546344,34.062433]]]},"properties":{"S_NAME":"弓町四丁目","HCODE":8101}},{"type":"Feature","geometry":{"type":"Polygon","coordinates":[[[134.548261,34.068987],[134.547854,34.069051],[134.54784,34.06899],[134.547839,34.068984],[134.547887,34.068977],[134.547879,34.068941],[134.548046,34.068916],[134.54803,34.068847],[134.548223,34.068817],[134.548261,34.068987]]]},"properties":{"S_NAME":"籠屋町一丁目","HCODE":8101}},{"type":"Feature","geometry":{"type":"Polygon","coordinates":[[[134.549776,34.066974],[134.549968,34.067487],[134.550124,34.067961],[134.548171,34.06821],[134.547657,34.068263],[134.547674,34.067991],[134.547672,34.06781],[134.547666,34.067631],[134.547618,34.067343],[134.547626,34.067253],[134.548696,34.067124],[134.548978,34.067087],[134.549412,34.067029],[134.549776,34.066974]]]},"properties":{"S_NAME":"籠屋町二丁目","HCODE":8101}},{"type":"Feature","geometry":{"type":"Polygon","coordinates":[[[134.544889,34.072665],[134.544174,34.073448],[134.542873,34.073012],[134.54261,34.073522],[134.54144,34.073467],[134.541252,34.073258],[134.541206,34.073207],[134.540937,34.073011],[134.540802,34.072925],[134.540457,34.07274],[134.53994,34.072515],[134.539424,34.072243],[134.539023,34.072037],[134.538885,34.071954],[134.53872,34.071819],[134.538534,34.071698],[134.538405,34.071575],[134.538288,34.07148],[134.538172,34.07138],[134.538124,34.071324],[134.537967,34.071199],[134.537893,34.071129],[134.537589,34.070771],[134.537329,34.070511],[134.537237,34.070429],[134.537179,34.070381],[134.53712,34.070321],[134.537034,34.070246],[134.537007,34.070239],[134.53696,34.070285],[134.536936,34.070316],[134.536891,34.070327],[134.536834,34.070323],[134.536759,34.070269],[134.536695,34.070283],[134.536644,34.070303],[134.536574,34.070359],[134.536519,34.070461],[134.536486,34.070512],[134.536455,34.070618],[134.53643,34.070692],[134.536414,34.070724],[134.536379,34.070738],[134.536342,34.070737],[134.536298,34.070726],[134.536258,34.07069],[134.536181,34.070558],[134.536102,34.070466],[134.536064,34.070412],[134.536035,34.070342],[134.535986,34.07024],[134.535976,34.070123],[134.535984,34.070037],[134.535973,34.069943],[134.535906,34.06985],[134.535849,34.069787],[134.53578,34.069736],[134.535759,34.069651],[134.535778,34.069562],[134.535822,34.069408],[134.535842,34.06931],[134.535889,34.069171],[134.535873,34.069162],[134.535741,34.069219],[134.535649,34.069254],[134.535537,34.069306],[134.535419,34.069336],[134.535322,34.069329],[134.535075,34.069284],[134.535003,34.069293],[134.534901,34.069328],[134.534845,34.069329],[134.534768,34.069342],[134.534625,34.069369],[134.534522,34.069374],[134.534471,34.069366],[134.534399,34.069337],[134.534285,34.069244],[134.53415,34.069126],[134.534083,34.069066],[134.53401,34.068994],[134.533947,34.068914],[134.533947,34.068859],[134.533935,34.068731],[134.533939,34.068663],[134.533924,34.068654],[134.533842,34.068659],[134.533801,34.068651],[134.53376,34.068647],[134.533714,34.06869],[134.533679,34.068801],[134.53365,34.068912],[134.533646,34.068998],[134.533683,34.069117],[134.533645,34.069334],[134.53357,34.06948],[134.53353,34.069566],[134.533438,34.069605],[134.533315,34.069623],[134.533248,34.069629],[134.53316,34.069607],[134.533063,34.069565],[134.53297,34.069511],[134.532882,34.069401],[134.532756,34.069214],[134.532657,34.069087],[134.532589,34.068951],[134.532516,34.068841],[134.53237,34.068534],[134.532128,34.068106],[134.531832,34.067747],[134.531628,34.067634],[134.531574,34.067332],[134.531562,34.067155],[134.531505,34.066908],[134.531465,34.066553],[134.5315,34.066523],[134.531564,34.066427],[134.531632,34.06631],[134.531746,34.066168],[134.531844,34.066072],[134.531926,34.066046],[134.532009,34.066037],[134.532128,34.066081],[134.532236,34.066129],[134.532324,34.06614],[134.532388,34.066107],[134.532533,34.065959],[134.532577,34.065918],[134.532655,34.065926],[134.532753,34.065953],[134.532857,34.065981],[134.532911,34.065985],[134.532993,34.065947],[134.533066,34.065841],[134.533138,34.065726],[134.533201,34.06566],[134.533254,34.065631],[134.533473,34.065507],[134.533546,34.065486],[134.533718,34.06546],[134.533832,34.065397],[134.533926,34.065338],[134.534026,34.06532],[134.534086,34.065307],[134.534126,34.065307],[134.534276,34.065351],[134.534417,34.065421],[134.534467,34.065454],[134.534569,34.065569],[134.534793,34.06574],[134.534884,34.065809],[134.534954,34.065834],[134.535029,34.065833],[134.535263,34.06579],[134.535368,34.065797],[134.535398,34.065813],[134.535464,34.065825],[134.535589,34.065895],[134.535704,34.065911],[134.535804,34.065897],[134.535899,34.065851],[134.535982,34.065767],[134.536007,34.065725],[134.536031,34.065646],[134.53606,34.065583],[134.536089,34.065471],[134.536113,34.065379],[134.536137,34.065346],[134.536247,34.065299],[134.536326,34.06527],[134.536423,34.065196],[134.536477,34.065108],[134.536526,34.065046],[134.536575,34.065025],[134.53666,34.065036],[134.536731,34.065044],[134.536811,34.065097],[134.536886,34.065093],[134.536966,34.065075],[134.537055,34.065041],[134.537194,34.064953],[134.537279,34.064906],[134.537378,34.064889],[134.537533,34.0649],[134.537633,34.064899],[134.537698,34.064874],[134.537772,34.064798],[134.537831,34.064706],[134.53791,34.064656],[134.538094,34.06458],[134.53835,34.064492],[134.538445,34.064479],[134.538545,34.064491],[134.538751,34.064597],[134.538882,34.064662],[134.538972,34.064649],[134.539011,34.064624],[134.539066,34.064574],[134.539144,34.064481],[134.539228,34.064398],[134.539323,34.064384],[134.539403,34.064384],[134.539483,34.06442],[134.539594,34.064469],[134.539765,34.064601],[134.539881,34.064641],[134.540011,34.064636],[134.540115,34.06459],[134.540214,34.064518],[134.540293,34.064434],[134.540332,34.064339],[134.540354,34.064295],[134.540365,34.064259],[134.541749,34.064263],[134.541718,34.06429],[134.541693,34.06433],[134.541661,34.064395],[134.541652,34.064451],[134.54164,34.064515],[134.54163,34.06458],[134.541627,34.064649],[134.541622,34.064722],[134.541648,34.064785],[134.541682,34.064805],[134.541837,34.064876],[134.541969,34.064922],[134.542099,34.064965],[134.542152,34.064979],[134.542223,34.065029],[134.542352,34.065141],[134.542422,34.065192],[134.542476,34.065263],[134.542525,34.065301],[134.542525,34.065331],[134.542517,34.065366],[134.542481,34.06539],[134.542445,34.06545],[134.542409,34.065514],[134.542384,34.065731],[134.542406,34.065931],[134.542419,34.06604],[134.542433,34.066073],[134.542447,34.066098],[134.542496,34.066135],[134.542546,34.066172],[134.542658,34.06624],[134.542689,34.066272],[134.542715,34.066316],[134.542731,34.066562],[134.542741,34.066737],[134.542743,34.066888],[134.542753,34.066993],[134.542741,34.067104],[134.542723,34.067216],[134.542711,34.067259],[134.544123,34.067397],[134.544109,34.067493],[134.544104,34.067529],[134.544067,34.067617],[134.54404,34.067691],[134.543975,34.067811],[134.543948,34.067876],[134.543943,34.06794],[134.543934,34.068083],[134.544013,34.068188],[134.544074,34.068243],[134.544258,34.068297],[134.544313,34.068347],[134.544348,34.068429],[134.544443,34.068575],[134.5446,34.068731],[134.544643,34.068815],[134.544677,34.068879],[134.544713,34.068937],[134.544755,34.068975],[134.544803,34.069037],[134.544837,34.069115],[134.544833,34.069175],[134.5448,34.06923],[134.544768,34.069295],[134.544714,34.069396],[134.544698,34.069507],[134.544693,34.069558],[134.544661,34.069608],[134.544598,34.069703],[134.544539,34.069782],[134.544473,34.069852],[134.544344,34.070038],[134.544179,34.070318],[134.544123,34.070604],[134.544753,34.070799],[134.544596,34.071131],[134.545738,34.07146],[134.545329,34.07205],[134.544889,34.072665]]]},"properties":{"S_NAME":"寺町","HCODE":8101}},{"type":"Feature","geometry":{"type":"Polygon","coordinates":[[[134.550243,34.068317],[134.550345,34.068412],[134.548222,34.068662],[134.547767,34.068737],[134.547526,34.068721],[134.547657,34.068263],[134.548171,34.06821],[134.550124,34.067961],[134.550243,34.068317]]]},"properties":{"S_NAME":"銀座","HCODE":8101}},{"type":"Feature","geometry":{"type":"Polygon","coordinates":[[[134.547636,34.071112],[134.547042,34.071922],[134.546708,34.071764],[134.546217,34.071599],[134.546717,34.070637],[134.54726,34.070894],[134.547636,34.071112]]]},"properties":{"S_NAME":"西新町一丁目","HCODE":8101}},{"type":"Feature","geometry":{"type":"Polygon","coordinates":[[[134.5473,34.073096],[134.547101,34.072976],[134.546646,34.073493],[134.545726,34.073071],[134.545397,34.072931],[134.544889,34.072665],[134.545329,34.07205],[134.545738,34.07146],[134.545769,34.071469],[134.546217,34.071599],[134.546708,34.071764],[134.547042,34.071922],[134.547636,34.071112],[134.54853,34.071566],[134.548182,34.072029],[134.547638,34.072694],[134.5473,34.073096]]]},"properties":{"S_NAME":"西新町二丁目","HCODE":8101}},{"type":"Feature","geometry":{"type":"Polygon","coordinates":[[[134.545726,34.073071],[134.545021,34.073768],[134.545264,34.073927],[134.54528,34.073937],[134.54548,34.074063],[134.545498,34.074074],[134.546091,34.074437],[134.546026,34.074491],[134.54539,34.074994],[134.54494,34.075323],[134.54468,34.0755],[134.54387,34.074902],[134.543578,34.074672],[134.544156,34.074123],[134.544527,34.07375],[134.544745,34.07357],[134.545397,34.072931],[134.545726,34.073071]]]},"properties":{"S_NAME":"西新町四丁目","HCODE":8101}},{"type":"Feature","geometry":{"type":"Polygon","coordinates":[[[134.5473,34.073096],[134.547086,34.073374],[134.546917,34.073578],[134.546893,34.073602],[134.54677,34.073722],[134.546646,34.073872],[134.546429,34.074124],[134.546091,34.074437],[134.545498,34.074074],[134.54548,34.074063],[134.54528,34.073937],[134.545264,34.073927],[134.545021,34.073768],[134.545726,34.073071],[134.546646,34.073493],[134.547101,34.072976],[134.5473,34.073096]]]},"properties":{"S_NAME":"西船場町三丁目","HCODE":8101}},{"type":"Feature","geometry":{"type":"Polygon","coordinates":[[[134.544025,34.075935],[134.543856,34.075939],[134.542412,34.075846],[134.541979,34.075808],[134.541964,34.07556],[134.543369,34.075349],[134.54342,34.075334],[134.543461,34.075299],[134.543549,34.075216],[134.54387,34.074902],[134.54468,34.0755],[134.544469,34.07562],[134.544288,34.075734],[134.544079,34.075867],[134.544025,34.075935]]]},"properties":{"S_NAME":"西船場町五丁目","HCODE":8101}},{"type":"Feature","geometry":{"type":"Polygon","coordinates":[[[134.54616,34.070466],[134.546717,34.070637],[134.546217,34.071599],[134.545769,34.071469],[134.545738,34.07146],[134.544596,34.071131],[134.544753,34.070799],[134.544123,34.070604],[134.544179,34.070318],[134.544344,34.070038],[134.545212,34.070338],[134.545285,34.070181],[134.54616,34.070466]]]},"properties":{"S_NAME":"西大工町一丁目","HCODE":8101}},{"type":"Feature","geometry":{"type":"Polygon","coordinates":[[[134.543578,34.074672],[134.543272,34.074436],[134.543197,34.074525],[134.543105,34.074586],[134.543013,34.074635],[134.542876,34.074679],[134.542259,34.075024],[134.542205,34.07507],[134.542168,34.075142],[134.542105,34.075274],[134.542023,34.075309],[134.541965,34.075319],[134.54197,34.075288],[134.541985,34.075192],[134.541987,34.075179],[134.541982,34.075116],[134.541976,34.07503],[134.541945,34.074886],[134.541914,34.074794],[134.541873,34.074675],[134.541842,34.074583],[134.541807,34.074481],[134.541784,34.074415],[134.54176,34.074367],[134.541714,34.074272],[134.541649,34.074139],[134.541581,34.073813],[134.541525,34.073631],[134.54144,34.073467],[134.54261,34.073522],[134.542873,34.073012],[134.544174,34.073448],[134.544889,34.072665],[134.545397,34.072931],[134.544745,34.07357],[134.544527,34.07375],[134.544156,34.074123],[134.543578,34.074672]]]},"properties":{"S_NAME":"西大工町四丁目","HCODE":8101}},{"type":"Feature","geometry":{"type":"Polygon","coordinates":[[[134.54387,34.074902],[134.543549,34.075216],[134.543461,34.075299],[134.54342,34.075334],[134.543369,34.075349],[134.541964,34.07556],[134.541963,34.075554],[134.54196,34.075514],[134.541955,34.075464],[134.541954,34.07545],[134.541961,34.075367],[134.541964,34.075322],[134.541965,34.075319],[134.542023,34.075309],[134.542105,34.075274],[134.542168,34.075142],[134.542205,34.07507],[134.542259,34.075024],[134.542876,34.074679],[134.543013,34.074635],[134.543105,34.074586],[134.543197,34.074525],[134.543272,34.074436],[134.543578,34.074672],[134.54387,34.074902]]]},"properties":{"S_NAME":"西大工町五丁目","HCODE":8101}},{"type":"Feature","geometry":{"type":"Polygon","coordinates":[[[134.548222,34.068662],[134.548395,34.06927],[134.548438,34.069279],[134.548235,34.069692],[134.547622,34.070438],[134.547564,34.070511],[134.547152,34.070271],[134.547195,34.070219],[134.547732,34.069543],[134.547786,34.069211],[134.547767,34.068737],[134.548222,34.068662]],[[134.548261,34.068987],[134.548223,34.068817],[134.54803,34.068847],[134.548046,34.068916],[134.547879,34.068941],[134.547887,34.068977],[134.547839,34.068984],[134.54784,34.06899],[134.547854,34.069051],[134.548261,34.068987]]]},"properties":{"S_NAME":"東新町一丁目","HCODE":8101}},{"type":"Feature","geometry":{"type":"Polygon","coordinates":[[[134.548438,34.069279],[134.548469,34.069281],[134.548957,34.068788],[134.549376,34.068988],[134.54958,34.069096],[134.548942,34.070012],[134.548235,34.069692],[134.548438,34.069279]]]},"properties":{"S_NAME":"東新町二丁目","HCODE":8101}},{"type":"Feature","geometry":{"type":"Polygon","coordinates":[[[134.549492,34.070246],[134.549205,34.070629],[134.548842,34.071176],[134.54853,34.071566],[134.547636,34.071112],[134.54726,34.070894],[134.547564,34.070511],[134.547622,34.070438],[134.548235,34.069692],[134.548942,34.070012],[134.549492,34.070246]]]},"properties":{"S_NAME":"東船場町一丁目","HCODE":8101}},{"type":"Feature","geometry":{"type":"Polygon","coordinates":[[[134.550802,34.068841],[134.550342,34.069259],[134.549721,34.069925],[134.549492,34.070246],[134.548942,34.070012],[134.54958,34.069096],[134.549376,34.068988],[134.548957,34.068788],[134.548469,34.069281],[134.548438,34.069279],[134.548395,34.06927],[134.548222,34.068662],[134.550345,34.068412],[134.550802,34.068841]]]},"properties":{"S_NAME":"東船場町二丁目","HCODE":8101}},{"type":"Feature","geometry":{"type":"Polygon","coordinates":[[[134.547564,34.070511],[134.54726,34.070894],[134.546717,34.070637],[134.54616,34.070466],[134.546657,34.069211],[134.547266,34.069384],[134.546969,34.070096],[134.547195,34.070219],[134.547152,34.070271],[134.547564,34.070511]]]},"properties":{"S_NAME":"東大工町一丁目","HCODE":8101}},{"type":"Feature","geometry":{"type":"Polygon","coordinates":[[[134.547526,34.068721],[134.547266,34.069384],[134.546657,34.069211],[134.547063,34.068145],[134.547657,34.068263],[134.547526,34.068721]]]},"properties":{"S_NAME":"東大工町二丁目","HCODE":8101}},{"type":"Feature","geometry":{"type":"Polygon","coordinates":[[[134.547626,34.067253],[134.547618,34.067343],[134.547666,34.067631],[134.547672,34.06781],[134.547674,34.067991],[134.547657,34.068263],[134.547063,34.068145],[134.54729,34.067479],[134.547354,34.067281],[134.547626,34.067253]]]},"properties":{"S_NAME":"東大工町三丁目","HCODE":8101}},{"type":"Feature","geometry":{"type":"Polygon","coordinates":[[[134.54616,34.070466],[134.545285,34.070181],[134.545212,34.070338],[134.544344,34.070038],[134.544473,34.069852],[134.544539,34.069782],[134.544598,34.069703],[134.544661,34.069608],[134.544693,34.069558],[134.544698,34.069507],[134.544714,34.069396],[134.544768,34.069295],[134.5448,34.06923],[134.544833,34.069175],[134.544837,34.069115],[134.544803,34.069037],[134.544755,34.068975],[134.544713,34.068937],[134.544677,34.068879],[134.544643,34.068815],[134.5446,34.068731],[134.544688,34.068698],[134.544805,34.068682],[134.544875,34.068668],[134.544944,34.068668],[134.545054,34.068698],[134.545878,34.068953],[134.545936,34.068972],[134.546218,34.069061],[134.546304,34.069088],[134.546343,34.0691],[134.546657,34.069211],[134.54616,34.070466]]]},"properties":{"S_NAME":"東山手町一丁目","HCODE":8101}},{"type":"Feature","geometry":{"type":"Polygon","coordinates":[[[134.547063,34.068145],[134.546657,34.069211],[134.546343,34.0691],[134.546304,34.069088],[134.546218,34.069061],[134.545936,34.068972],[134.545878,34.068953],[134.545054,34.068698],[134.544944,34.068668],[134.544875,34.068668],[134.544805,34.068682],[134.544688,34.068698],[134.5446,34.068731],[134.544443,34.068575],[134.544348,34.068429],[134.544313,34.068347],[134.544258,34.068297],[134.544074,34.068243],[134.544013,34.068188],[134.543934,34.068083],[134.543943,34.06794],[134.543948,34.067876],[134.543975,34.067811],[134.54404,34.067691],[134.544067,34.067617],[134.544104,34.067529],[134.544196,34.067508],[134.544249,34.067496],[134.544361,34.067492],[134.544489,34.067457],[134.544593,34.067463],[134.544653,34.067472],[134.544746,34.067512],[134.54477,34.067548],[134.545115,34.06752],[134.545876,34.067458],[134.54606,34.067443],[134.546549,34.067378],[134.546331,34.067982],[134.547063,34.068145]]]},"properties":{"S_NAME":"東山手町二丁目","HCODE":8101}},{"type":"Feature","geometry":{"type":"Polygon","coordinates":[[[134.547354,34.067281],[134.54729,34.067479],[134.547063,34.068145],[134.546331,34.067982],[134.546549,34.067378],[134.546566,34.067376],[134.547354,34.067281]]]},"properties":{"S_NAME":"東山手町三丁目","HCODE":8101}},{"type":"Feature","geometry":{"type":"Polygon","coordinates":[[[134.547732,34.069543],[134.547195,34.070219],[134.546969,34.070096],[134.547266,34.069384],[134.547732,34.069543]]]},"properties":{"S_NAME":"南新町一丁目","HCODE":8101}},{"type":"Feature","geometry":{"type":"Polygon","coordinates":[[[134.547767,34.068737],[134.547786,34.069211],[134.547732,34.069543],[134.547266,34.069384],[134.547526,34.068721],[134.547767,34.068737]]]},"properties":{"S_NAME":"南新町二丁目","HCODE":8101}},{"type":"Feature","geometry":{"type":"Polygon","coordinates":[[[134.542742,34.078597],[134.542701,34.078695],[134.542524,34.078943],[134.542341,34.079152],[134.542184,34.079376],[134.542061,34.079569],[134.541958,34.079728],[134.541914,34.079796],[134.5418,34.079923],[134.54169,34.080123],[134.541683,34.080156],[134.541657,34.080272],[134.541623,34.080444],[134.54159,34.080651],[134.54159,34.081047],[134.541593,34.081059],[134.541608,34.081344],[134.541567,34.081619],[134.541552,34.081756],[134.541512,34.081976],[134.541476,34.082046],[134.541433,34.082158],[134.541304,34.082417],[134.541144,34.082603],[134.541066,34.082702],[134.540908,34.082903],[134.540787,34.083103],[134.540634,34.083432],[134.540486,34.083866],[134.540425,34.084015],[134.540394,34.084146],[134.540365,34.084269],[134.540197,34.084453],[134.540083,34.084559],[134.539947,34.084633],[134.539761,34.084698],[134.539543,34.084755],[134.539307,34.084793],[134.539171,34.084814],[134.538912,34.084857],[134.538581,34.0849],[134.538431,34.084915],[134.538434,34.084852],[134.538412,34.084662],[134.538381,34.084503],[134.53833,34.084344],[134.538212,34.08415],[134.53809,34.083927],[134.537807,34.083571],[134.537626,34.083079],[134.537622,34.083066],[134.537454,34.082489],[134.537293,34.08194],[134.537267,34.081732],[134.537254,34.081713],[134.537227,34.081369],[134.537201,34.081029],[134.537472,34.081],[134.53757,34.08099],[134.537636,34.08097],[134.537818,34.080918],[134.538133,34.080852],[134.538784,34.080646],[134.539031,34.080531],[134.539567,34.080287],[134.539593,34.080276],[134.539765,34.080158],[134.539852,34.080099],[134.539915,34.080056],[134.540033,34.079983],[134.540355,34.079784],[134.540397,34.079823],[134.541149,34.079424],[134.541155,34.079426],[134.541232,34.079389],[134.541336,34.079339],[134.54136,34.079327],[134.541616,34.07922],[134.54162,34.079042],[134.54205,34.078877],[134.542298,34.078784],[134.542742,34.078597]]]},"properties":{"S_NAME":"北佐古一番町","HCODE":8101}},{"type":"Feature","geometry":{"type":"Polygon","coordinates":[[[134.537201,34.081029],[134.537227,34.081369],[134.537254,34.081713],[134.537267,34.081732],[134.537293,34.08194],[134.537454,34.082489],[134.537622,34.083066],[134.537626,34.083079],[134.537807,34.083571],[134.53809,34.083927],[134.538212,34.08415],[134.53833,34.084344],[134.538381,34.084503],[134.538412,34.084662],[134.538434,34.084852],[134.538431,34.084915],[134.537882,34.084971],[134.537628,34.084968],[134.537229,34.084931],[134.536855,34.084884],[134.536691,34.084851],[134.536534,34.084812],[134.536334,34.084773],[134.536189,34.084709],[134.53597,34.084571],[134.535811,34.084454],[134.535746,34.084427],[134.535728,34.084417],[134.535286,34.084179],[134.535253,34.084146],[134.535299,34.08399],[134.535128,34.083857],[134.5349,34.083602],[134.534789,34.083456],[134.534614,34.083169],[134.534374,34.082772],[134.534038,34.082232],[134.533848,34.08192],[134.533781,34.081753],[134.533786,34.081698],[134.533763,34.08169],[134.533665,34.081652],[134.533488,34.081486],[134.533305,34.081325],[134.533097,34.081177],[134.532892,34.081082],[134.532752,34.081027],[134.532714,34.080992],[134.532691,34.080933],[134.53266,34.080846],[134.53261,34.080774],[134.533652,34.080846],[134.534326,34.080894],[134.534597,34.080914],[134.5352,34.080953],[134.5352,34.080952],[134.536056,34.080997],[134.536152,34.081006],[134.536183,34.081009],[134.536377,34.081016],[134.536733,34.081013],[134.53689,34.081024],[134.537126,34.081037],[134.537201,34.081029]]]},"properties":{"S_NAME":"北佐古二番町","HCODE":8101}},{"type":"Feature","geometry":{"type":"Polygon","coordinates":[[[134.541232,34.079389],[134.541155,34.079426],[134.541149,34.079424],[134.540397,34.079823],[134.540355,34.079784],[134.540033,34.079983],[134.539915,34.080056],[134.539852,34.080099],[134.539765,34.080158],[134.539593,34.080276],[134.539567,34.080287],[134.539583,34.079896],[134.539608,34.079781],[134.539633,34.079618],[134.539653,34.07957],[134.539673,34.079539],[134.539741,34.079305],[134.539752,34.079195],[134.539871,34.079153],[134.539941,34.079146],[134.539982,34.079142],[134.53996,34.079131],[134.539946,34.079114],[134.539813,34.078534],[134.539725,34.078088],[134.539616,34.077575],[134.539494,34.076933],[134.539506,34.076931],[134.539515,34.076929],[134.539396,34.076295],[134.539338,34.076008],[134.539363,34.075951],[134.540571,34.07588],[134.54097,34.075841],[134.541098,34.075829],[134.541653,34.075797],[134.541979,34.075808],[134.542412,34.075846],[134.543856,34.075939],[134.544025,34.075935],[134.543935,34.076071],[134.543853,34.076199],[134.543748,34.076408],[134.543601,34.0767],[134.543387,34.077079],[134.543243,34.077361],[134.543141,34.077552],[134.543036,34.077739],[134.542889,34.078004],[134.542856,34.078087],[134.542814,34.078298],[134.542742,34.078597],[134.542298,34.078784],[134.54205,34.078877],[134.54162,34.079042],[134.541616,34.07922],[134.54136,34.079327],[134.541336,34.079339],[134.541232,34.079389]]]},"properties":{"S_NAME":"佐古一番町","HCODE":8101}},{"type":"Feature","geometry":{"type":"Polygon","coordinates":[[[134.539363,34.075951],[134.539338,34.076008],[134.539396,34.076295],[134.539515,34.076929],[134.539506,34.076931],[134.539494,34.076933],[134.539616,34.077575],[134.539725,34.078088],[134.539813,34.078534],[134.539946,34.079114],[134.53996,34.079131],[134.539982,34.079142],[134.539941,34.079146],[134.539871,34.079153],[134.539752,34.079195],[134.539741,34.079305],[134.539673,34.079539],[134.539653,34.07957],[134.539633,34.079618],[134.539608,34.079781],[134.539583,34.079896],[134.539567,34.080287],[134.539031,34.080531],[134.538784,34.080646],[134.538133,34.080852],[134.537818,34.080918],[134.537636,34.08097],[134.537634,34.080885],[134.537631,34.080746],[134.537627,34.08054],[134.537518,34.080013],[134.537451,34.079637],[134.537362,34.079211],[134.53729,34.078894],[134.537214,34.078473],[134.53721,34.078452],[134.537125,34.077918],[134.537005,34.077268],[134.537001,34.07725],[134.536933,34.076626],[134.536866,34.076356],[134.536861,34.076336],[134.537665,34.076213],[134.538102,34.076146],[134.539363,34.075951]]]},"properties":{"S_NAME":"佐古二番町","HCODE":8101}},{"type":"Feature","geometry":{"type":"Polygon","coordinates":[[[134.536866,34.076356],[134.536933,34.076626],[134.537001,34.07725],[134.537005,34.077268],[134.537125,34.077918],[134.53721,34.078452],[134.537214,34.078473],[134.53729,34.078894],[134.537362,34.079211],[134.537451,34.079637],[134.537518,34.080013],[134.537627,34.08054],[134.537631,34.080746],[134.537634,34.080885],[134.537636,34.08097],[134.53757,34.08099],[134.537472,34.081],[134.537201,34.081029],[134.537126,34.081037],[134.53689,34.081024],[134.536733,34.081013],[134.536377,34.081016],[134.536183,34.081009],[134.536152,34.081006],[134.536056,34.080997],[134.5352,34.080952],[134.535179,34.080747],[134.535055,34.080735],[134.534873,34.080361],[134.534831,34.080249],[134.534834,34.080163],[134.534898,34.080157],[134.53482,34.079829],[134.534779,34.079657],[134.534657,34.079153],[134.534764,34.079107],[134.534714,34.078785],[134.534628,34.078263],[134.534516,34.077569],[134.534422,34.076959],[134.534368,34.076612],[134.534391,34.076608],[134.534885,34.076588],[134.535648,34.076561],[134.535984,34.076514],[134.536866,34.076356]]]},"properties":{"S_NAME":"佐古三番町","HCODE":8101}},{"type":"Feature","geometry":{"type":"Polygon","coordinates":[[[134.534368,34.076612],[134.534422,34.076959],[134.534516,34.077569],[134.534628,34.078263],[134.534714,34.078785],[134.534764,34.079107],[134.534657,34.079153],[134.534779,34.079657],[134.53482,34.079829],[134.534898,34.080157],[134.534834,34.080163],[134.534831,34.080249],[134.534873,34.080361],[134.535055,34.080735],[134.535179,34.080747],[134.5352,34.080952],[134.5352,34.080953],[134.534597,34.080914],[134.534326,34.080894],[134.533652,34.080846],[134.53261,34.080774],[134.532486,34.08067],[134.532261,34.080549],[134.532005,34.080478],[134.531966,34.080467],[134.531951,34.080032],[134.531987,34.08004],[134.532106,34.080045],[134.532296,34.080009],[134.532245,34.079574],[134.532186,34.079115],[134.532146,34.07857],[134.532029,34.077904],[134.531922,34.077281],[134.531869,34.077003],[134.532521,34.076857],[134.532872,34.076758],[134.533103,34.076688],[134.533496,34.076652],[134.534063,34.076616],[134.534368,34.076612]]]},"properties":{"S_NAME":"佐古四番町","HCODE":8101}},{"type":"Feature","geometry":{"type":"Polygon","coordinates":[[[134.531869,34.077003],[134.531922,34.077281],[134.532029,34.077904],[134.532146,34.07857],[134.532186,34.079115],[134.532245,34.079574],[134.532296,34.080009],[134.532106,34.080045],[134.531987,34.08004],[134.531951,34.080032],[134.531966,34.080467],[134.532005,34.080478],[134.532261,34.080549],[134.532486,34.08067],[134.53261,34.080774],[134.53266,34.080846],[134.532691,34.080933],[134.532714,34.080992],[134.532752,34.081027],[134.532892,34.081082],[134.533097,34.081177],[134.533305,34.081325],[134.533488,34.081486],[134.533665,34.081652],[134.533763,34.08169],[134.533786,34.081698],[134.533781,34.081753],[134.533848,34.08192],[134.534038,34.082232],[134.534374,34.082772],[134.534614,34.083169],[134.534789,34.083456],[134.5349,34.083602],[134.535128,34.083857],[134.535299,34.08399],[134.535253,34.084146],[134.534923,34.083906],[134.53473,34.083708],[134.53442,34.083191],[134.534158,34.082767],[134.533973,34.082414],[134.533729,34.082003],[134.5337,34.081961],[134.533573,34.081776],[134.533462,34.081656],[134.533361,34.08155],[134.533182,34.081418],[134.533023,34.081318],[134.532864,34.081246],[134.532715,34.081168],[134.532603,34.081105],[134.532138,34.080978],[134.53194,34.080909],[134.531772,34.080851],[134.531515,34.080713],[134.531242,34.08053],[134.531042,34.080425],[134.530883,34.080343],[134.530838,34.080318],[134.530729,34.080269],[134.530679,34.080248],[134.530493,34.080169],[134.530254,34.08011],[134.530038,34.08007],[134.529848,34.08004],[134.529876,34.07992],[134.52988,34.07983],[134.52985,34.079684],[134.529833,34.079449],[134.529776,34.078894],[134.529639,34.078633],[134.529555,34.078524],[134.529459,34.07856],[134.529347,34.078364],[134.529275,34.078231],[134.529272,34.077974],[134.529274,34.077782],[134.529492,34.077742],[134.529805,34.077705],[134.530086,34.077673],[134.5301,34.076997],[134.530588,34.077009],[134.530924,34.077045],[134.531178,34.077085],[134.531346,34.077092],[134.5316,34.077047],[134.531869,34.077003]]]},"properties":{"S_NAME":"佐古五番町","HCODE":8101}},{"type":"Feature","geometry":{"type":"Polygon","coordinates":[[[134.529848,34.08004],[134.529673,34.08002],[134.529565,34.080016],[134.529402,34.080007],[134.529216,34.080029],[134.529037,34.080065],[134.528891,34.080088],[134.528719,34.080097],[134.528522,34.080127],[134.528391,34.080133],[134.528315,34.080136],[134.528253,34.080127],[134.528117,34.080109],[134.527858,34.080047],[134.527737,34.080012],[134.527539,34.079971],[134.527237,34.079902],[134.526935,34.079883],[134.526539,34.079893],[134.526032,34.079912],[134.525765,34.079921],[134.525378,34.079946],[134.525343,34.079261],[134.525361,34.079015],[134.525489,34.078481],[134.525324,34.078446],[134.525586,34.077356],[134.525797,34.076424],[134.526852,34.076559],[134.526989,34.076579],[134.527134,34.076601],[134.527637,34.07666],[134.527995,34.076706],[134.528097,34.07671],[134.528141,34.076701],[134.528308,34.076699],[134.528563,34.076737],[134.529129,34.076825],[134.529806,34.076941],[134.5301,34.076997],[134.530086,34.077673],[134.529805,34.077705],[134.529492,34.077742],[134.529274,34.077782],[134.529272,34.077974],[134.529275,34.078231],[134.529347,34.078364],[134.529459,34.07856],[134.529555,34.078524],[134.529639,34.078633],[134.529776,34.078894],[134.529833,34.079449],[134.52985,34.079684],[134.52988,34.07983],[134.529876,34.07992],[134.529848,34.08004]]]},"properties":{"S_NAME":"佐古六番町","HCODE":8101}},{"type":"Feature","geometry":{"type":"Polygon","coordinates":[[[134.525378,34.079946],[134.524883,34.079946],[134.524799,34.079949],[134.524608,34.079956],[134.524393,34.079951],[134.523962,34.079903],[134.52385,34.079891],[134.523901,34.079256],[134.523904,34.079217],[134.523876,34.079226],[134.523856,34.07923],[134.523308,34.079154],[134.523032,34.079116],[134.522821,34.079087],[134.523043,34.078047],[134.523261,34.077031],[134.523434,34.076037],[134.52425,34.076187],[134.5246,34.076249],[134.525797,34.076424],[134.525586,34.077356],[134.525324,34.078446],[134.525489,34.078481],[134.525361,34.079015],[134.525343,34.079261],[134.525378,34.079946]]]},"properties":{"S_NAME":"佐古七番町","HCODE":8101}},{"type":"Feature","geometry":{"type":"Polygon","coordinates":[[[134.52385,34.079891],[134.523591,34.079857],[134.523298,34.079795],[134.522884,34.079727],[134.522254,34.079618],[134.52174,34.079567],[134.521449,34.07954],[134.521323,34.079563],[134.52125,34.079589],[134.521103,34.07964],[134.52102,34.079699],[134.520964,34.079742],[134.520935,34.079763],[134.520921,34.079777],[134.520782,34.079756],[134.520185,34.079681],[134.520198,34.07963],[134.520325,34.079117],[134.520428,34.078708],[134.520524,34.078369],[134.520541,34.078311],[134.520574,34.078206],[134.520705,34.077637],[134.520875,34.076649],[134.520944,34.07624],[134.520981,34.076059],[134.521032,34.075812],[134.521074,34.075655],[134.521434,34.075718],[134.522282,34.075846],[134.523434,34.076037],[134.523261,34.077031],[134.523043,34.078047],[134.522821,34.079087],[134.523032,34.079116],[134.523308,34.079154],[134.523856,34.07923],[134.523876,34.079226],[134.523904,34.079217],[134.523901,34.079256],[134.52385,34.079891]]]},"properties":{"S_NAME":"佐古八番町","HCODE":8101}},{"type":"Feature","geometry":{"type":"Polygon","coordinates":[[[134.541979,34.075808],[134.541653,34.075797],[134.541098,34.075829],[134.54097,34.075841],[134.540571,34.07588],[134.539363,34.075951],[134.539429,34.075759],[134.539209,34.075725],[134.539187,34.075724],[134.539189,34.075705],[134.5392,34.075547],[134.539433,34.075549],[134.539476,34.075168],[134.53952,34.074775],[134.539784,34.074737],[134.540003,34.074701],[134.540121,34.074698],[134.540227,34.074698],[134.540289,34.074698],[134.540387,34.074709],[134.540609,34.07477],[134.540712,34.074792],[134.540947,34.074841],[134.541248,34.074877],[134.541395,34.07488],[134.541936,34.074886],[134.541945,34.074886],[134.541976,34.07503],[134.541982,34.075116],[134.541987,34.075179],[134.541985,34.075192],[134.54197,34.075288],[134.541965,34.075319],[134.541964,34.075322],[134.541961,34.075367],[134.541954,34.07545],[134.541955,34.075464],[134.54196,34.075514],[134.541963,34.075554],[134.541964,34.07556],[134.541979,34.075808]]]},"properties":{"S_NAME":"南佐古一番町","HCODE":8101}},{"type":"Feature","geometry":{"type":"Polygon","coordinates":[[[134.53952,34.074775],[134.539476,34.075168],[134.539433,34.075549],[134.5392,34.075547],[134.539189,34.075705],[134.539187,34.075724],[134.539209,34.075725],[134.539429,34.075759],[134.539363,34.075951],[134.538102,34.076146],[134.537665,34.076213],[134.536861,34.076336],[134.536866,34.076356],[134.535984,34.076514],[134.535648,34.076561],[134.53564,34.076507],[134.535621,34.076408],[134.53562,34.076395],[134.536215,34.076381],[134.536144,34.076096],[134.536207,34.07598],[134.536116,34.075959],[134.536124,34.075869],[134.536173,34.075358],[134.536362,34.075338],[134.536559,34.075286],[134.536714,34.075177],[134.536825,34.075072],[134.536945,34.074859],[134.536954,34.074841],[134.537123,34.074539],[134.537369,34.074119],[134.537432,34.074041],[134.537593,34.07386],[134.537757,34.07363],[134.537758,34.073635],[134.537775,34.073598],[134.537792,34.073661],[134.537804,34.073745],[134.537833,34.073796],[134.537912,34.073852],[134.537973,34.07389],[134.53809,34.073874],[134.538173,34.073884],[134.538273,34.073954],[134.538359,34.074087],[134.538427,34.074224],[134.538433,34.074358],[134.53845,34.074462],[134.538533,34.074718],[134.538653,34.074776],[134.538692,34.074778],[134.538972,34.074781],[134.539222,34.074798],[134.539337,34.074797],[134.539519,34.074775],[134.53952,34.074775]]]},"properties":{"S_NAME":"南佐古二番町","HCODE":8101}},{"type":"Feature","geometry":{"type":"Polygon","coordinates":[[[134.536124,34.075869],[134.536116,34.075959],[134.536207,34.07598],[134.536144,34.076096],[134.536215,34.076381],[134.53562,34.076395],[134.535621,34.076408],[134.53564,34.076507],[134.535648,34.076561],[134.534885,34.076588],[134.534391,34.076608],[134.534368,34.076612],[134.534063,34.076616],[134.533496,34.076652],[134.533103,34.076688],[134.532872,34.076758],[134.532521,34.076857],[134.532566,34.076236],[134.532617,34.075843],[134.532679,34.075513],[134.532045,34.075406],[134.532236,34.074792],[134.532533,34.074825],[134.532666,34.0744],[134.532668,34.074395],[134.532757,34.0742],[134.532759,34.0742],[134.532777,34.0742],[134.532797,34.074187],[134.532903,34.074132],[134.53304,34.074061],[134.533161,34.073997],[134.533271,34.073933],[134.533323,34.073889],[134.533415,34.073785],[134.53346,34.073735],[134.533516,34.073674],[134.533597,34.073762],[134.533713,34.073947],[134.533722,34.073981],[134.533783,34.074156],[134.533912,34.074363],[134.534141,34.074498],[134.534419,34.074508],[134.534668,34.074419],[134.534785,34.074365],[134.534882,34.074318],[134.534932,34.074284],[134.534978,34.074254],[134.535018,34.074246],[134.535086,34.074299],[134.535102,34.07433],[134.535152,34.074436],[134.535266,34.074656],[134.535323,34.07475],[134.535353,34.074796],[134.535396,34.074984],[134.535442,34.075534],[134.535414,34.075601],[134.535434,34.07591],[134.535472,34.075923],[134.535574,34.075922],[134.535881,34.075926],[134.536031,34.075867],[134.536124,34.075869]]]},"properties":{"S_NAME":"南佐古三番町","HCODE":8101}},{"type":"Feature","geometry":{"type":"Polygon","coordinates":[[[134.532759,34.0742],[134.532757,34.0742],[134.532668,34.074395],[134.532666,34.0744],[134.532533,34.074825],[134.532236,34.074792],[134.532045,34.075406],[134.532679,34.075513],[134.532617,34.075843],[134.532566,34.076236],[134.532521,34.076857],[134.531869,34.077003],[134.5316,34.077047],[134.531346,34.077092],[134.531178,34.077085],[134.530924,34.077045],[134.530588,34.077009],[134.5301,34.076997],[134.530042,34.075953],[134.530014,34.075621],[134.530009,34.075563],[134.529991,34.074707],[134.529992,34.074502],[134.529992,34.074399],[134.529975,34.074086],[134.529966,34.074061],[134.529966,34.074057],[134.529966,34.07374],[134.529955,34.073513],[134.529985,34.073341],[134.529985,34.07334],[134.529992,34.073344],[134.53004,34.073376],[134.530178,34.073529],[134.53026,34.073586],[134.530365,34.073652],[134.530441,34.073705],[134.53051,34.073747],[134.530556,34.073757],[134.530603,34.073753],[134.530641,34.073736],[134.530672,34.073674],[134.530717,34.073578],[134.530747,34.073522],[134.53077,34.073492],[134.530793,34.073477],[134.530837,34.073463],[134.530899,34.073458],[134.530945,34.073485],[134.530977,34.073519],[134.531033,34.07357],[134.531082,34.073618],[134.531136,34.073669],[134.531167,34.073687],[134.5312,34.073695],[134.531284,34.073691],[134.531373,34.073684],[134.531447,34.073663],[134.531545,34.073633],[134.531624,34.073603],[134.531652,34.073584],[134.531689,34.07354],[134.531723,34.073517],[134.531759,34.073504],[134.531834,34.073507],[134.531835,34.073512],[134.531841,34.073535],[134.531695,34.07387],[134.531937,34.073961],[134.532251,34.074065],[134.532432,34.07412],[134.532757,34.074198],[134.532759,34.0742]]]},"properties":{"S_NAME":"南佐古四番町","HCODE":8101}},{"type":"Feature","geometry":{"type":"Polygon","coordinates":[[[134.529985,34.073341],[134.529955,34.073513],[134.529966,34.07374],[134.529966,34.074057],[134.529966,34.074061],[134.529975,34.074086],[134.529992,34.074399],[134.529992,34.074502],[134.529991,34.074707],[134.530009,34.075563],[134.530014,34.075621],[134.530042,34.075953],[134.5301,34.076997],[134.529806,34.076941],[134.529129,34.076825],[134.528563,34.076737],[134.528308,34.076699],[134.528141,34.076701],[134.528341,34.075815],[134.528499,34.075272],[134.528612,34.074911],[134.528888,34.074041],[134.529002,34.074048],[134.529028,34.073855],[134.52923,34.073857],[134.52947,34.073741],[134.529534,34.073649],[134.529563,34.073595],[134.529598,34.07353],[134.529709,34.073306],[134.529753,34.073249],[134.529765,34.073249],[134.529779,34.073248],[134.529885,34.073292],[134.529984,34.073339],[134.529985,34.073341]]]},"properties":{"S_NAME":"南佐古五番町","HCODE":8101}},{"type":"Feature","geometry":{"type":"Polygon","coordinates":[[[134.529765,34.073249],[134.529753,34.073249],[134.529709,34.073306],[134.529598,34.07353],[134.529563,34.073595],[134.529534,34.073649],[134.52947,34.073741],[134.52923,34.073857],[134.529028,34.073855],[134.529002,34.074048],[134.528888,34.074041],[134.528612,34.074911],[134.528499,34.075272],[134.528341,34.075815],[134.528141,34.076701],[134.528097,34.07671],[134.527995,34.076706],[134.527637,34.07666],[134.527134,34.076601],[134.526989,34.076579],[134.526852,34.076559],[134.525797,34.076424],[134.526,34.07547],[134.526203,34.07451],[134.526314,34.074096],[134.526371,34.073696],[134.526416,34.073649],[134.526476,34.073607],[134.526552,34.073572],[134.526516,34.073234],[134.526516,34.072919],[134.526524,34.072841],[134.526585,34.072714],[134.526664,34.072591],[134.526779,34.072434],[134.526787,34.072374],[134.526776,34.072189],[134.52675,34.072083],[134.526761,34.071938],[134.526795,34.071793],[134.526843,34.071692],[134.526931,34.071595],[134.527001,34.071461],[134.527081,34.071292],[134.527082,34.07129],[134.527114,34.071299],[134.527158,34.071303],[134.527178,34.071304],[134.527234,34.071297],[134.527277,34.071289],[134.527376,34.071254],[134.527413,34.071246],[134.527473,34.071238],[134.527605,34.071243],[134.527624,34.071246],[134.52767,34.071259],[134.527739,34.071293],[134.527951,34.0714],[134.527979,34.071419],[134.528042,34.071465],[134.528096,34.071528],[134.528112,34.071567],[134.528136,34.071621],[134.528156,34.071692],[134.528172,34.071748],[134.528174,34.071905],[134.528167,34.071952],[134.528156,34.072059],[134.528124,34.072318],[134.528205,34.072547],[134.52828,34.072703],[134.528362,34.072846],[134.528474,34.072928],[134.528605,34.072952],[134.528624,34.072954],[134.528698,34.072952],[134.528717,34.072948],[134.528785,34.072936],[134.528844,34.072926],[134.529008,34.072965],[134.529096,34.072979],[134.529148,34.072976],[134.529214,34.072973],[134.529269,34.072961],[134.529326,34.072949],[134.529393,34.072919],[134.529442,34.072892],[134.529522,34.072846],[134.529553,34.07282],[134.529609,34.072773],[134.529657,34.072728],[134.529726,34.072669],[134.529765,34.073245],[134.529765,34.073249]]]},"properties":{"S_NAME":"南佐古六番町","HCODE":8101}},{"type":"Feature","geometry":{"type":"Polygon","coordinates":[[[134.527081,34.071292],[134.527001,34.071461],[134.526931,34.071595],[134.526843,34.071692],[134.526795,34.071793],[134.526761,34.071938],[134.52675,34.072083],[134.526776,34.072189],[134.526787,34.072374],[134.526779,34.072434],[134.526664,34.072591],[134.526585,34.072714],[134.526524,34.072841],[134.526516,34.072919],[134.526516,34.073234],[134.526552,34.073572],[134.526476,34.073607],[134.526416,34.073649],[134.526371,34.073696],[134.526314,34.074096],[134.526203,34.07451],[134.526,34.07547],[134.525797,34.076424],[134.5246,34.076249],[134.52425,34.076187],[134.523434,34.076037],[134.523622,34.075082],[134.523699,34.07459],[134.523673,34.074564],[134.523627,34.07446],[134.523601,34.074353],[134.523562,34.074181],[134.523576,34.074166],[134.523767,34.074177],[134.524036,34.074186],[134.524028,34.073981],[134.524027,34.073821],[134.523599,34.073784],[134.523482,34.073769],[134.523656,34.073366],[134.523695,34.07337],[134.523692,34.073276],[134.52372,34.073126],[134.523729,34.072971],[134.523738,34.072691],[134.52374,34.072536],[134.523741,34.072419],[134.523734,34.072323],[134.523727,34.072237],[134.523722,34.072152],[134.523726,34.072153],[134.523972,34.072186],[134.523968,34.072366],[134.524141,34.072471],[134.524172,34.07249],[134.524197,34.072515],[134.524207,34.072494],[134.524235,34.072457],[134.524289,34.072404],[134.524315,34.072381],[134.524447,34.072216],[134.524452,34.072311],[134.524459,34.072389],[134.524468,34.072432],[134.524479,34.072457],[134.524502,34.072489],[134.524543,34.072522],[134.524593,34.072552],[134.524619,34.072564],[134.524648,34.072602],[134.524696,34.072654],[134.524716,34.072684],[134.524722,34.0727],[134.524724,34.072723],[134.524683,34.072878],[134.524688,34.072899],[134.524695,34.072914],[134.524791,34.073035],[134.52488,34.073162],[134.524917,34.073224],[134.524936,34.073257],[134.524943,34.073287],[134.524951,34.073338],[134.524947,34.073407],[134.524962,34.073417],[134.525003,34.073514],[134.525038,34.073626],[134.525133,34.073624],[134.525134,34.073622],[134.525217,34.073161],[134.52536,34.073171],[134.525461,34.073102],[134.525537,34.073039],[134.525606,34.072981],[134.525713,34.072928],[134.525757,34.073014],[134.525957,34.073006],[134.525957,34.073005],[134.525937,34.072834],[134.525926,34.072764],[134.525928,34.07274],[134.525907,34.07271],[134.525884,34.072691],[134.525865,34.072663],[134.525849,34.072639],[134.525843,34.07262],[134.525831,34.072601],[134.525762,34.072423],[134.525732,34.072426],[134.525682,34.072433],[134.52549,34.072486],[134.525437,34.072501],[134.525419,34.0725],[134.525404,34.072494],[134.525393,34.072486],[134.525391,34.072481],[134.525392,34.072473],[134.525401,34.072449],[134.525412,34.072412],[134.525438,34.07233],[134.525444,34.072308],[134.525446,34.072296],[134.525444,34.072278],[134.525443,34.072265],[134.525438,34.072251],[134.525424,34.072233],[134.52539,34.072209],[134.525369,34.072186],[134.525356,34.072169],[134.52532,34.07211],[134.525279,34.072027],[134.525258,34.071989],[134.525235,34.071952],[134.525216,34.071923],[134.525197,34.071899],[134.525192,34.071888],[134.52519,34.071886],[134.525191,34.071878],[134.525196,34.071872],[134.525211,34.071857],[134.525237,34.07184],[134.525246,34.071833],[134.525259,34.071822],[134.525273,34.071808],[134.525287,34.071791],[134.525292,34.071784],[134.525294,34.07178],[134.525299,34.071775],[134.525324,34.071776],[134.525358,34.071779],[134.525421,34.071784],[134.52547,34.071788],[134.525531,34.071794],[134.525599,34.071799],[134.525653,34.071804],[134.525732,34.07181],[134.525794,34.071815],[134.525825,34.071817],[134.525869,34.07182],[134.52589,34.071822],[134.525929,34.071824],[134.52599,34.071828],[134.526029,34.071831],[134.526074,34.071835],[134.526121,34.071838],[134.526188,34.071848],[134.526195,34.071844],[134.526211,34.071829],[134.526212,34.071827],[134.526231,34.071804],[134.526241,34.07179],[134.526253,34.071774],[134.526273,34.071745],[134.5263,34.071711],[134.526324,34.071678],[134.526345,34.07165],[134.52638,34.071602],[134.526413,34.071554],[134.526436,34.071521],[134.526477,34.071464],[134.526537,34.071382],[134.526568,34.071337],[134.526578,34.07132],[134.52658,34.071306],[134.526583,34.071291],[134.52658,34.07127],[134.526565,34.071225],[134.526529,34.07116],[134.526572,34.071157],[134.526712,34.071177],[134.527081,34.071292]]]},"properties":{"S_NAME":"南佐古七番町","HCODE":8101}},{"type":"Feature","geometry":{"type":"Polygon","coordinates":[[[134.523722,34.072152],[134.523727,34.072237],[134.523734,34.072323],[134.523741,34.072419],[134.52374,34.072536],[134.523738,34.072691],[134.523729,34.072971],[134.52372,34.073126],[134.523692,34.073276],[134.523695,34.07337],[134.523656,34.073366],[134.523482,34.073769],[134.523599,34.073784],[134.524027,34.073821],[134.524028,34.073981],[134.524036,34.074186],[134.523767,34.074177],[134.523576,34.074166],[134.523562,34.074181],[134.523601,34.074353],[134.523627,34.07446],[134.523673,34.074564],[134.523699,34.07459],[134.523622,34.075082],[134.523434,34.076037],[134.522282,34.075846],[134.521434,34.075718],[134.521074,34.075655],[134.521124,34.075207],[134.521194,34.074714],[134.521196,34.074699],[134.521246,34.074327],[134.521229,34.073841],[134.521228,34.073518],[134.521144,34.073247],[134.520988,34.072849],[134.521037,34.072843],[134.521035,34.07258],[134.521101,34.072459],[134.521105,34.072449],[134.521214,34.072358],[134.521559,34.072056],[134.521741,34.071895],[134.521813,34.071814],[134.522753,34.072165],[134.522789,34.072139],[134.522875,34.072051],[134.523775,34.071191],[134.523769,34.071307],[134.523756,34.071534],[134.523745,34.071727],[134.523733,34.071925],[134.523721,34.072135],[134.523722,34.072152]]]},"properties":{"S_NAME":"南佐古八番町","HCODE":8101}},{"type":"Feature","geometry":{"type":"Polygon","coordinates":[[[134.528248,34.089194],[134.527588,34.089132],[134.527331,34.089116],[134.527302,34.089114],[134.526978,34.089159],[134.526913,34.089168],[134.526883,34.089168],[134.526495,34.089262],[134.525954,34.089404],[134.525598,34.089502],[134.52547,34.089545],[134.525359,34.089591],[134.525308,34.08958],[134.525372,34.089344],[134.525422,34.088755],[134.5254,34.088497],[134.525414,34.088217],[134.525465,34.08797],[134.525518,34.087843],[134.525633,34.087678],[134.525758,34.087535],[134.525779,34.087508],[134.526252,34.086965],[134.526416,34.086567],[134.526576,34.086219],[134.526851,34.085677],[134.52795,34.085901],[134.528548,34.086023],[134.529067,34.086105],[134.530198,34.086252],[134.530296,34.086282],[134.530149,34.086498],[134.530121,34.086538],[134.529712,34.08712],[134.529687,34.087153],[134.529455,34.087449],[134.52943,34.087482],[134.529224,34.08775],[134.529,34.088081],[134.528644,34.088572],[134.528515,34.088761],[134.528248,34.089194]]]},"properties":{"S_NAME":"北矢三町一丁目","HCODE":8101}},{"type":"Feature","geometry":{"type":"Polygon","coordinates":[[[134.523729,34.091741],[134.523468,34.091728],[134.523328,34.091729],[134.523097,34.091751],[134.522659,34.091766],[134.522343,34.09178],[134.521934,34.09179],[134.521603,34.091783],[134.521123,34.091745],[134.52104,34.091732],[134.521001,34.091716],[134.520964,34.091622],[134.520979,34.091556],[134.521066,34.091403],[134.52118,34.091066],[134.521211,34.091023],[134.521485,34.090767],[134.52137,34.090696],[134.521282,34.090625],[134.52159,34.090227],[134.521676,34.090117],[134.521737,34.089969],[134.521757,34.089914],[134.521862,34.089618],[134.521926,34.089403],[134.521997,34.089164],[134.522061,34.088928],[134.522288,34.088074],[134.52242,34.087587],[134.522504,34.087317],[134.522556,34.087075],[134.522576,34.086865],[134.52256,34.086586],[134.522543,34.086332],[134.522508,34.08589],[134.52246,34.085501],[134.522343,34.085108],[134.522236,34.084898],[134.522154,34.084748],[134.522774,34.084855],[134.52423,34.085146],[134.524267,34.085152],[134.526851,34.085677],[134.526576,34.086219],[134.526416,34.086567],[134.526252,34.086965],[134.525779,34.087508],[134.525758,34.087535],[134.525633,34.087678],[134.525518,34.087843],[134.525465,34.08797],[134.525414,34.088217],[134.5254,34.088497],[134.525422,34.088755],[134.525372,34.089344],[134.525308,34.08958],[134.525359,34.089591],[134.525164,34.089722],[134.524934,34.0899],[134.524618,34.090128],[134.524448,34.090259],[134.524252,34.090636],[134.524057,34.091036],[134.523886,34.091387],[134.523729,34.091741]]]},"properties":{"S_NAME":"北矢三町二丁目","HCODE":8101}},{"type":"Feature","geometry":{"type":"Polygon","coordinates":[[[134.522601,34.093478],[134.522036,34.09344],[134.521768,34.093382],[134.521458,34.093248],[134.520617,34.09299],[134.519206,34.092707],[134.518836,34.092642],[134.518414,34.092611],[134.517117,34.092513],[134.516029,34.092221],[134.516003,34.091339],[134.515964,34.090365],[134.515952,34.090098],[134.51595,34.089991],[134.516081,34.090038],[134.516195,34.090025],[134.516255,34.090018],[134.517024,34.089928],[134.517855,34.089843],[134.518351,34.089752],[134.519401,34.089526],[134.519492,34.089128],[134.519574,34.088754],[134.519598,34.088421],[134.519588,34.088244],[134.519582,34.088077],[134.519574,34.087876],[134.519607,34.087722],[134.519612,34.087451],[134.519613,34.087363],[134.519613,34.087322],[134.519597,34.087094],[134.519576,34.086785],[134.519485,34.08614],[134.519433,34.085957],[134.518973,34.084898],[134.51893,34.084736],[134.518911,34.084581],[134.519182,34.084387],[134.519267,34.084311],[134.519341,34.084217],[134.519371,34.084118],[134.519612,34.084227],[134.519741,34.084253],[134.519962,34.084314],[134.520341,34.084408],[134.520686,34.084472],[134.52098,34.084527],[134.521317,34.084592],[134.521532,34.084633],[134.522113,34.084739],[134.522154,34.084748],[134.522236,34.084898],[134.522343,34.085108],[134.52246,34.085501],[134.522508,34.08589],[134.522543,34.086332],[134.52256,34.086586],[134.522576,34.086865],[134.522556,34.087075],[134.522504,34.087317],[134.52242,34.087587],[134.522288,34.088074],[134.522061,34.088928],[134.521997,34.089164],[134.521926,34.089403],[134.521862,34.089618],[134.521757,34.089914],[134.521737,34.089969],[134.521676,34.090117],[134.52159,34.090227],[134.521282,34.090625],[134.52137,34.090696],[134.521485,34.090767],[134.521211,34.091023],[134.52118,34.091066],[134.521066,34.091403],[134.520979,34.091556],[134.520964,34.091622],[134.521001,34.091716],[134.52104,34.091732],[134.521123,34.091745],[134.521603,34.091783],[134.521934,34.09179],[134.522343,34.09178],[134.522659,34.091766],[134.523097,34.091751],[134.523328,34.091729],[134.523468,34.091728],[134.523729,34.091741],[134.522601,34.093478]]]},"properties":{"S_NAME":"北矢三町三丁目","HCODE":8101}},{"type":"Feature","geometry":{"type":"Polygon","coordinates":[[[134.518911,34.084581],[134.51893,34.084736],[134.518973,34.084898],[134.519433,34.085957],[134.519485,34.08614],[134.519576,34.086785],[134.519597,34.087094],[134.519613,34.087322],[134.519613,34.087363],[134.519612,34.087451],[134.519607,34.087722],[134.519574,34.087876],[134.519582,34.088077],[134.519588,34.088244],[134.519598,34.088421],[134.519574,34.088754],[134.519492,34.089128],[134.519401,34.089526],[134.518351,34.089752],[134.517855,34.089843],[134.517024,34.089928],[134.516255,34.090018],[134.516396,34.089574],[134.516508,34.089347],[134.516601,34.089158],[134.516846,34.088665],[134.516865,34.088621],[134.517051,34.088548],[134.517131,34.087874],[134.517131,34.087872],[134.517092,34.087855],[134.517042,34.087794],[134.516992,34.087715],[134.516856,34.087393],[134.51685,34.087378],[134.516679,34.087021],[134.516493,34.086654],[134.516492,34.086655],[134.516312,34.086152],[134.51625,34.08598],[134.516172,34.085582],[134.516089,34.085447],[134.516656,34.085267],[134.516805,34.085219],[134.516799,34.085063],[134.516788,34.085017],[134.51686,34.08487],[134.51686,34.084866],[134.516873,34.084727],[134.516902,34.084583],[134.516973,34.084527],[134.517144,34.084411],[134.51724,34.084398],[134.517637,34.084382],[134.518033,34.0844],[134.518057,34.0849],[134.518147,34.085221],[134.518275,34.085108],[134.51846,34.08496],[134.518911,34.084581]]]},"properties":{"S_NAME":"北矢三町四丁目","HCODE":8101}},{"type":"Feature","geometry":{"type":"Polygon","coordinates":[[[134.529848,34.08004],[134.530038,34.08007],[134.530254,34.08011],[134.530493,34.080169],[134.530679,34.080248],[134.530729,34.080269],[134.530838,34.080318],[134.530883,34.080343],[134.531042,34.080425],[134.531242,34.08053],[134.531515,34.080713],[134.531772,34.080851],[134.53194,34.080909],[134.532138,34.080978],[134.532603,34.081105],[134.532715,34.081168],[134.532864,34.081246],[134.533023,34.081318],[134.533182,34.081418],[134.533361,34.08155],[134.533462,34.081656],[134.533573,34.081776],[134.5337,34.081961],[134.533577,34.082059],[134.533363,34.08227],[134.533047,34.082666],[134.532677,34.08313],[134.532534,34.083323],[134.532008,34.084029],[134.531361,34.084882],[134.531285,34.084962],[134.530962,34.085391],[134.530296,34.086282],[134.530198,34.086252],[134.529067,34.086105],[134.528548,34.086023],[134.52795,34.085901],[134.526851,34.085677],[134.526982,34.085268],[134.52703,34.085049],[134.527053,34.084739],[134.52707,34.084508],[134.52707,34.084507],[134.527077,34.084239],[134.527165,34.083451],[134.527292,34.083187],[134.527496,34.082862],[134.528033,34.081979],[134.52805,34.081954],[134.528352,34.081548],[134.52848,34.081421],[134.52853,34.081371],[134.528564,34.08134],[134.528604,34.081302],[134.528913,34.081092],[134.528951,34.081068],[134.52933,34.080824],[134.529439,34.080705],[134.529522,34.080616],[134.529571,34.080566],[134.529658,34.080479],[134.529754,34.080364],[134.529814,34.080194],[134.529848,34.08004]]]},"properties":{"S_NAME":"南矢三町一丁目","HCODE":8101}},{"type":"Feature","geometry":{"type":"Polygon","coordinates":[[[134.529848,34.08004],[134.529814,34.080194],[134.529754,34.080364],[134.529658,34.080479],[134.529571,34.080566],[134.529522,34.080616],[134.529439,34.080705],[134.52933,34.080824],[134.528951,34.081068],[134.528913,34.081092],[134.528604,34.081302],[134.528564,34.08134],[134.52853,34.081371],[134.52848,34.081421],[134.528352,34.081548],[134.52805,34.081954],[134.528033,34.081979],[134.527496,34.082862],[134.527292,34.083187],[134.527165,34.083451],[134.527077,34.084239],[134.52707,34.084507],[134.52707,34.084508],[134.527053,34.084739],[134.52703,34.085049],[134.526982,34.085268],[134.526851,34.085677],[134.524267,34.085152],[134.52423,34.085146],[134.524168,34.084862],[134.524101,34.084395],[134.524055,34.08401],[134.524042,34.08386],[134.523976,34.08306],[134.523958,34.082996],[134.523856,34.082604],[134.523818,34.082451],[134.523722,34.082019],[134.523686,34.081864],[134.523597,34.08157],[134.523483,34.081254],[134.523463,34.081198],[134.523415,34.081092],[134.523235,34.080697],[134.523207,34.080639],[134.523241,34.080619],[134.524656,34.080305],[134.523908,34.080239],[134.523962,34.079903],[134.524393,34.079951],[134.524608,34.079956],[134.524799,34.079949],[134.524883,34.079946],[134.525378,34.079946],[134.525765,34.079921],[134.526032,34.079912],[134.526539,34.079893],[134.526935,34.079883],[134.527237,34.079902],[134.527539,34.079971],[134.527737,34.080012],[134.527858,34.080047],[134.528117,34.080109],[134.528253,34.080127],[134.528315,34.080136],[134.528391,34.080133],[134.528522,34.080127],[134.528719,34.080097],[134.528891,34.080088],[134.529037,34.080065],[134.529216,34.080029],[134.529402,34.080007],[134.529565,34.080016],[134.529673,34.08002],[134.529848,34.08004]]]},"properties":{"S_NAME":"南矢三町二丁目","HCODE":8101}},{"type":"Feature","geometry":{"type":"Polygon","coordinates":[[[134.520921,34.079777],[134.520935,34.079763],[134.520964,34.079742],[134.52102,34.079699],[134.521103,34.07964],[134.52125,34.079589],[134.521323,34.079563],[134.521449,34.07954],[134.52174,34.079567],[134.522254,34.079618],[134.522884,34.079727],[134.523298,34.079795],[134.523591,34.079857],[134.52385,34.079891],[134.523962,34.079903],[134.523908,34.080239],[134.524656,34.080305],[134.523241,34.080619],[134.523207,34.080639],[134.523235,34.080697],[134.523415,34.081092],[134.523463,34.081198],[134.523483,34.081254],[134.523597,34.08157],[134.523686,34.081864],[134.523722,34.082019],[134.523818,34.082451],[134.523856,34.082604],[134.523958,34.082996],[134.523976,34.08306],[134.524042,34.08386],[134.524055,34.08401],[134.524101,34.084395],[134.524168,34.084862],[134.52423,34.085146],[134.522774,34.084855],[134.522154,34.084748],[134.522113,34.084739],[134.521532,34.084633],[134.521317,34.084592],[134.52098,34.084527],[134.520686,34.084472],[134.520341,34.084408],[134.519962,34.084314],[134.519741,34.084253],[134.519612,34.084227],[134.519371,34.084118],[134.519144,34.083887],[134.519037,34.083762],[134.518925,34.083643],[134.519046,34.083562],[134.518991,34.083457],[134.518942,34.083341],[134.518927,34.083254],[134.518931,34.083162],[134.518939,34.083079],[134.518951,34.083021],[134.51898,34.082703],[134.518989,34.082615],[134.519001,34.082428],[134.519019,34.082376],[134.51906,34.082346],[134.519273,34.082209],[134.519525,34.082064],[134.519563,34.082048],[134.519566,34.082046],[134.519805,34.081878],[134.520113,34.081673],[134.520217,34.081573],[134.520312,34.081445],[134.520357,34.08138],[134.520467,34.081213],[134.520543,34.081015],[134.520537,34.080534],[134.520559,34.080367],[134.520624,34.080176],[134.520689,34.080048],[134.520821,34.079872],[134.520921,34.079777]]]},"properties":{"S_NAME":"南矢三町三丁目","HCODE":8101}},{"type":"Feature","geometry":{"type":"Polygon","coordinates":[[[134.53866,34.091717],[134.538874,34.09176],[134.539067,34.091804],[134.53915,34.09184],[134.539177,34.091876],[134.539024,34.091923],[134.538834,34.092002],[134.538605,34.092123],[134.538463,34.09222],[134.539594,34.095217],[134.539194,34.095261],[134.538647,34.095351],[134.538076,34.095485],[134.53766,34.095603],[134.536939,34.0958],[134.536537,34.095931],[134.535868,34.096096],[134.535438,34.096199],[134.534796,34.096305],[134.534109,34.096365],[134.533449,34.096381],[134.532591,34.096433],[134.531647,34.094372],[134.531556,34.094173],[134.531095,34.093292],[134.530615,34.092274],[134.530468,34.092027],[134.530409,34.09193],[134.530375,34.091833],[134.53038,34.091726],[134.53041,34.091634],[134.530428,34.091558],[134.530436,34.091446],[134.530442,34.091378],[134.530438,34.091332],[134.530524,34.091253],[134.530592,34.091183],[134.530615,34.091102],[134.530856,34.091114],[134.531418,34.091179],[134.532575,34.091311],[134.532723,34.091322],[134.534503,34.091467],[134.535117,34.091484],[134.53576,34.09157],[134.535899,34.09165],[134.536044,34.091792],[134.536239,34.092071],[134.53627,34.092063],[134.537071,34.091816],[134.537115,34.091803],[134.537475,34.09169],[134.537694,34.091634],[134.537902,34.091618],[134.538177,34.091643],[134.53866,34.091717]]]},"properties":{"S_NAME":"春日一丁目","HCODE":8101}},{"type":"Feature","geometry":{"type":"Polygon","coordinates":[[[134.530856,34.091114],[134.530615,34.091102],[134.530592,34.091183],[134.530524,34.091253],[134.530438,34.091332],[134.530442,34.091378],[134.530436,34.091446],[134.530428,34.091558],[134.53041,34.091634],[134.53038,34.091726],[134.530375,34.091833],[134.530409,34.09193],[134.530468,34.092027],[134.530615,34.092274],[134.531095,34.093292],[134.531556,34.094173],[134.531647,34.094372],[134.532591,34.096433],[134.531887,34.096439],[134.531536,34.096415],[134.531108,34.096382],[134.530657,34.096322],[134.530261,34.096244],[134.529474,34.096013],[134.529161,34.095909],[134.528872,34.09582],[134.528561,34.095714],[134.528181,34.095582],[134.527887,34.095455],[134.527361,34.095178],[134.526891,34.094949],[134.52638,34.094755],[134.525861,34.094668],[134.525745,34.094612],[134.526447,34.093051],[134.526844,34.092217],[134.527226,34.091328],[134.527365,34.091048],[134.527453,34.090857],[134.527507,34.090738],[134.527692,34.090335],[134.527928,34.08984],[134.528042,34.089602],[134.528248,34.089194],[134.528442,34.089238],[134.528669,34.089282],[134.528977,34.089356],[134.529515,34.089598],[134.529268,34.090647],[134.529299,34.090651],[134.529466,34.090674],[134.530908,34.090892],[134.530856,34.091114]]]},"properties":{"S_NAME":"春日二丁目","HCODE":8101}},{"type":"Feature","geometry":{"type":"Polygon","coordinates":[[[134.528248,34.089194],[134.528042,34.089602],[134.527928,34.08984],[134.527692,34.090335],[134.527507,34.090738],[134.527453,34.090857],[134.527365,34.091048],[134.527226,34.091328],[134.526844,34.092217],[134.526447,34.093051],[134.525745,34.094612],[134.525363,34.094452],[134.525177,34.094379],[134.524743,34.094146],[134.52431,34.093975],[134.524034,34.093855],[134.523703,34.093751],[134.523372,34.09367],[134.523013,34.093574],[134.522601,34.093478],[134.523729,34.091741],[134.523886,34.091387],[134.524057,34.091036],[134.524252,34.090636],[134.524448,34.090259],[134.524618,34.090128],[134.524934,34.0899],[134.525164,34.089722],[134.525359,34.089591],[134.52547,34.089545],[134.525598,34.089502],[134.525954,34.089404],[134.526495,34.089262],[134.526883,34.089168],[134.526913,34.089168],[134.526978,34.089159],[134.527302,34.089114],[134.527331,34.089116],[134.527588,34.089132],[134.528248,34.089194]]]},"properties":{"S_NAME":"春日三丁目","HCODE":8101}},{"type":"Feature","geometry":{"type":"Polygon","coordinates":[[[134.548711,34.086484],[134.548758,34.086613],[134.548815,34.086776],[134.548805,34.087024],[134.548756,34.087154],[134.548727,34.087414],[134.548691,34.087495],[134.548629,34.087674],[134.548609,34.087758],[134.548533,34.088068],[134.548426,34.088302],[134.548386,34.088421],[134.548249,34.088721],[134.54825,34.088775],[134.548218,34.088859],[134.548157,34.089021],[134.548107,34.089116],[134.548003,34.089224],[134.547876,34.089339],[134.547799,34.089431],[134.547695,34.089547],[134.547568,34.089662],[134.547623,34.089681],[134.547832,34.089716],[134.547862,34.089721],[134.54805,34.089685],[134.54827,34.089645],[134.548581,34.089586],[134.549159,34.089599],[134.549024,34.089991],[134.549004,34.090225],[134.549051,34.09027],[134.54923,34.090415],[134.549068,34.090673],[134.548925,34.09086],[134.548858,34.090974],[134.548761,34.091206],[134.548733,34.091265],[134.54863,34.091522],[134.548624,34.091538],[134.548598,34.091646],[134.548603,34.091714],[134.548661,34.091969],[134.548714,34.092156],[134.548717,34.092412],[134.548919,34.09416],[134.545848,34.094712],[134.54517,34.094834],[134.545041,34.094857],[134.545049,34.092319],[134.545049,34.092311],[134.545024,34.091582],[134.545017,34.091158],[134.545009,34.090797],[134.545008,34.090749],[134.544995,34.090336],[134.545017,34.089741],[134.545024,34.089019],[134.545005,34.088622],[134.544997,34.08837],[134.544987,34.088259],[134.544955,34.087358],[134.54493,34.086637],[134.546186,34.086632],[134.54648,34.086622],[134.546574,34.086617],[134.547477,34.086564],[134.547487,34.086564],[134.548711,34.086484]]]},"properties":{"S_NAME":"北田宮一丁目","HCODE":8101}},{"type":"Feature","geometry":{"type":"Polygon","coordinates":[[[134.54493,34.086637],[134.544955,34.087358],[134.544987,34.088259],[134.544997,34.08837],[134.545005,34.088622],[134.545024,34.089019],[134.545017,34.089741],[134.544995,34.090336],[134.545008,34.090749],[134.545009,34.090797],[134.545017,34.091158],[134.545024,34.091582],[134.545049,34.092311],[134.545049,34.092319],[134.545041,34.094857],[134.544287,34.094992],[134.542013,34.095161],[134.541115,34.095182],[134.539594,34.095217],[134.538463,34.09222],[134.538605,34.092123],[134.538834,34.092002],[134.539024,34.091923],[134.539177,34.091876],[134.53915,34.09184],[134.539067,34.091804],[134.538874,34.09176],[134.53866,34.091717],[134.538785,34.090915],[134.539026,34.089131],[134.539253,34.087753],[134.539253,34.08775],[134.539403,34.086762],[134.539405,34.08668],[134.541456,34.086712],[134.5415,34.086626],[134.543128,34.086631],[134.543497,34.086633],[134.54493,34.086637]]]},"properties":{"S_NAME":"北田宮二丁目","HCODE":8101}},{"type":"Feature","geometry":{"type":"Polygon","coordinates":[[[134.53866,34.091717],[134.538177,34.091643],[134.537902,34.091618],[134.537694,34.091634],[134.537475,34.09169],[134.537115,34.091803],[134.537071,34.091816],[134.53627,34.092063],[134.536239,34.092071],[134.536044,34.091792],[134.535899,34.09165],[134.53576,34.09157],[134.535117,34.091484],[134.534503,34.091467],[134.534844,34.089533],[134.534952,34.088191],[134.534986,34.087732],[134.535038,34.086573],[134.535526,34.086583],[134.536497,34.086597],[134.537503,34.086596],[134.537693,34.086605],[134.538688,34.086617],[134.539406,34.086598],[134.539405,34.08668],[134.539403,34.086762],[134.539253,34.08775],[134.539253,34.087753],[134.539026,34.089131],[134.538785,34.090915],[134.53866,34.091717]]]},"properties":{"S_NAME":"北田宮三丁目","HCODE":8101}},{"type":"Feature","geometry":{"type":"Polygon","coordinates":[[[134.530296,34.086282],[134.531115,34.086392],[134.531205,34.086395],[134.531647,34.086407],[134.532004,34.08641],[134.532432,34.086414],[134.532441,34.086414],[134.532462,34.086414],[134.533511,34.086486],[134.53354,34.086487],[134.534122,34.086526],[134.535038,34.086573],[134.534986,34.087732],[134.534952,34.088191],[134.534844,34.089533],[134.534503,34.091467],[134.532723,34.091322],[134.532575,34.091311],[134.531418,34.091179],[134.530856,34.091114],[134.530908,34.090892],[134.529466,34.090674],[134.529299,34.090651],[134.529268,34.090647],[134.529515,34.089598],[134.528977,34.089356],[134.528669,34.089282],[134.528442,34.089238],[134.528248,34.089194],[134.528515,34.088761],[134.528644,34.088572],[134.529,34.088081],[134.529224,34.08775],[134.52943,34.087482],[134.529455,34.087449],[134.529687,34.087153],[134.529712,34.08712],[134.530121,34.086538],[134.530149,34.086498],[134.530296,34.086282]]]},"properties":{"S_NAME":"北田宮四丁目","HCODE":8101}},{"type":"Feature","geometry":{"type":"Polygon","coordinates":[[[134.548874,34.08648],[134.548711,34.086484],[134.547487,34.086564],[134.547477,34.086564],[134.546574,34.086617],[134.54648,34.086622],[134.546186,34.086632],[134.54493,34.086637],[134.5447,34.085633],[134.544435,34.084582],[134.54431,34.083995],[134.544088,34.082828],[134.544124,34.082408],[134.544132,34.082172],[134.544091,34.081845],[134.544035,34.081526],[134.544304,34.081447],[134.544319,34.081533],[134.544348,34.081812],[134.544425,34.082034],[134.544474,34.0822],[134.544517,34.082309],[134.544656,34.082483],[134.544731,34.082578],[134.544928,34.082742],[134.544978,34.082774],[134.545036,34.082811],[134.545159,34.082874],[134.545314,34.082941],[134.545703,34.083098],[134.545796,34.083125],[134.546015,34.083188],[134.546112,34.083216],[134.546252,34.083246],[134.54675,34.08335],[134.5472,34.083431],[134.547402,34.08346],[134.547379,34.08377],[134.547351,34.083958],[134.547371,34.083983],[134.547377,34.083991],[134.547413,34.084041],[134.547423,34.084161],[134.547441,34.084277],[134.547495,34.084523],[134.54762,34.08456],[134.547661,34.08457],[134.547754,34.0847],[134.547901,34.084905],[134.547985,34.085018],[134.548062,34.085106],[134.54829,34.085365],[134.548334,34.085474],[134.548494,34.085739],[134.548682,34.086048],[134.548687,34.086048],[134.548874,34.08648]]]},"properties":{"S_NAME":"南田宮一丁目","HCODE":8101}},{"type":"Feature","geometry":{"type":"Polygon","coordinates":[[[134.54493,34.086637],[134.543497,34.086633],[134.543128,34.086631],[134.5415,34.086626],[134.541456,34.086712],[134.539405,34.08668],[134.539406,34.086598],[134.539454,34.086429],[134.539542,34.086257],[134.53972,34.086],[134.540038,34.085578],[134.540261,34.085173],[134.540378,34.084912],[134.540384,34.08452],[134.540365,34.084269],[134.540394,34.084146],[134.540425,34.084015],[134.540486,34.083866],[134.540634,34.083432],[134.540787,34.083103],[134.540908,34.082903],[134.541066,34.082702],[134.541144,34.082603],[134.541304,34.082417],[134.541433,34.082158],[134.541476,34.082046],[134.541512,34.081976],[134.541552,34.081756],[134.541567,34.081619],[134.541608,34.081344],[134.541593,34.081059],[134.54159,34.081047],[134.54159,34.080651],[134.541623,34.080444],[134.541657,34.080272],[134.541683,34.080156],[134.54169,34.080123],[134.5418,34.079923],[134.541914,34.079796],[134.541958,34.079728],[134.542061,34.079569],[134.542184,34.079376],[134.542341,34.079152],[134.542524,34.078943],[134.542701,34.078695],[134.542742,34.078597],[134.54277,34.078827],[134.542839,34.079045],[134.54287,34.0791],[134.542898,34.079179],[134.542924,34.07927],[134.542967,34.079371],[134.543016,34.079534],[134.543113,34.079693],[134.543228,34.079807],[134.543301,34.079853],[134.543437,34.079923],[134.544476,34.080251],[134.544422,34.080486],[134.54444,34.080594],[134.544417,34.080727],[134.544332,34.081085],[134.544312,34.081191],[134.544306,34.081262],[134.544304,34.081447],[134.544035,34.081526],[134.544091,34.081845],[134.544132,34.082172],[134.544124,34.082408],[134.544088,34.082828],[134.54431,34.083995],[134.544435,34.084582],[134.5447,34.085633],[134.54493,34.086637]]]},"properties":{"S_NAME":"南田宮二丁目","HCODE":8101}},{"type":"Feature","geometry":{"type":"Polygon","coordinates":[[[134.540365,34.084269],[134.540384,34.08452],[134.540378,34.084912],[134.540261,34.085173],[134.540038,34.085578],[134.53972,34.086],[134.539542,34.086257],[134.539454,34.086429],[134.539406,34.086598],[134.538688,34.086617],[134.537693,34.086605],[134.537503,34.086596],[134.536497,34.086597],[134.535526,34.086583],[134.535038,34.086573],[134.535087,34.085852],[134.535161,34.084745],[134.535198,34.084329],[134.535253,34.084146],[134.535286,34.084179],[134.535728,34.084417],[134.535746,34.084427],[134.535811,34.084454],[134.53597,34.084571],[134.536189,34.084709],[134.536334,34.084773],[134.536534,34.084812],[134.536691,34.084851],[134.536855,34.084884],[134.537229,34.084931],[134.537628,34.084968],[134.537882,34.084971],[134.538431,34.084915],[134.538581,34.0849],[134.538912,34.084857],[134.539171,34.084814],[134.539307,34.084793],[134.539543,34.084755],[134.539761,34.084698],[134.539947,34.084633],[134.540083,34.084559],[134.540197,34.084453],[134.540365,34.084269]]]},"properties":{"S_NAME":"南田宮三丁目","HCODE":8101}},{"type":"Feature","geometry":{"type":"Polygon","coordinates":[[[134.5337,34.081961],[134.533729,34.082003],[134.533973,34.082414],[134.534158,34.082767],[134.53442,34.083191],[134.53473,34.083708],[134.534923,34.083906],[134.535253,34.084146],[134.535198,34.084329],[134.535161,34.084745],[134.535087,34.085852],[134.535038,34.086573],[134.534122,34.086526],[134.53354,34.086487],[134.533511,34.086486],[134.532462,34.086414],[134.532441,34.086414],[134.532432,34.086414],[134.532004,34.08641],[134.531647,34.086407],[134.531205,34.086395],[134.531115,34.086392],[134.530296,34.086282],[134.530962,34.085391],[134.531285,34.084962],[134.531361,34.084882],[134.532008,34.084029],[134.532534,34.083323],[134.532677,34.08313],[134.533047,34.082666],[134.533363,34.08227],[134.533577,34.082059],[134.5337,34.081961]]]},"properties":{"S_NAME":"南田宮四丁目","HCODE":8101}},{"type":"Feature","geometry":{"type":"Polygon","coordinates":[[[134.550386,34.088721],[134.551293,34.089015],[134.551367,34.089039],[134.551182,34.089328],[134.550955,34.089653],[134.550639,34.090029],[134.551147,34.090032],[134.551367,34.090078],[134.551259,34.090378],[134.552139,34.090378],[134.553558,34.093467],[134.551359,34.093822],[134.549799,34.094018],[134.548919,34.09416],[134.548717,34.092412],[134.548714,34.092156],[134.548661,34.091969],[134.548603,34.091714],[134.548598,34.091646],[134.548624,34.091538],[134.54863,34.091522],[134.548733,34.091265],[134.548761,34.091206],[134.548858,34.090974],[134.548925,34.09086],[134.549068,34.090673],[134.54923,34.090415],[134.549471,34.090069],[134.549717,34.089711],[134.550137,34.089069],[134.550386,34.088721]]]},"properties":{"S_NAME":"上助任町蛭子","HCODE":8101}},{"type":"Feature","geometry":{"type":"Polygon","coordinates":[[[134.552719,34.089374],[134.55273,34.090422],[134.553159,34.09042],[134.553319,34.090365],[134.553095,34.090675],[134.554231,34.093342],[134.553558,34.093467],[134.552139,34.090378],[134.551259,34.090378],[134.551367,34.090078],[134.551383,34.090033],[134.551497,34.089726],[134.551663,34.089259],[134.55171,34.08905],[134.55182,34.088779],[134.551947,34.089324],[134.552719,34.089374]]]},"properties":{"S_NAME":"上助任町大坪","HCODE":8101}},{"type":"Feature","geometry":{"type":"Polygon","coordinates":[[[134.550386,34.088721],[134.550137,34.089069],[134.549717,34.089711],[134.549471,34.090069],[134.54923,34.090415],[134.549051,34.09027],[134.549004,34.090225],[134.549024,34.089991],[134.549159,34.089599],[134.548581,34.089586],[134.54827,34.089645],[134.54805,34.089685],[134.547862,34.089721],[134.547832,34.089716],[134.547623,34.089681],[134.547568,34.089662],[134.547695,34.089547],[134.547799,34.089431],[134.547876,34.089339],[134.548003,34.089224],[134.548107,34.089116],[134.548157,34.089021],[134.548218,34.088859],[134.54825,34.088775],[134.548249,34.088721],[134.548386,34.088421],[134.548426,34.088302],[134.548533,34.088068],[134.548609,34.087758],[134.548629,34.087674],[134.548691,34.087495],[134.548727,34.087414],[134.548756,34.087154],[134.548805,34.087024],[134.548815,34.086776],[134.548758,34.086613],[134.548711,34.086484],[134.548874,34.08648],[134.549037,34.086475],[134.54915,34.087117],[134.549158,34.087343],[134.549132,34.08761],[134.549169,34.087631],[134.549373,34.087651],[134.549544,34.087684],[134.549682,34.087705],[134.549933,34.087742],[134.550148,34.087774],[134.550378,34.087803],[134.550467,34.087868],[134.551117,34.088001],[134.550908,34.088199],[134.550771,34.08833],[134.550386,34.088721]]]},"properties":{"S_NAME":"上助任町三本松","HCODE":8101}},{"type":"Feature","geometry":{"type":"Polygon","coordinates":[[[134.555051,34.093152],[134.554231,34.093342],[134.553095,34.090675],[134.553319,34.090365],[134.553159,34.09042],[134.55273,34.090422],[134.552719,34.089374],[134.553473,34.089458],[134.55359,34.089468],[134.553601,34.089469],[134.553603,34.090219],[134.555051,34.093152]]]},"properties":{"S_NAME":"上助任町天神","HCODE":8101}},{"type":"Feature","geometry":{"type":"Polygon","coordinates":[[[134.560876,34.08534],[134.561112,34.08573],[134.561286,34.086039],[134.561517,34.086414],[134.561189,34.086598],[134.561047,34.086482],[134.560891,34.086359],[134.560654,34.086188],[134.560566,34.086076],[134.560044,34.086378],[134.560152,34.08652],[134.560233,34.08664],[134.560274,34.086677],[134.56079,34.086925],[134.563364,34.090874],[134.562249,34.091217],[134.561875,34.090613],[134.561436,34.09001],[134.560755,34.089047],[134.559472,34.087152],[134.558866,34.08623],[134.559028,34.086225],[134.559215,34.08614],[134.559611,34.085897],[134.560204,34.085602],[134.560876,34.08534]]]},"properties":{"S_NAME":"上吉野町一丁目","HCODE":8101}},{"type":"Feature","geometry":{"type":"Polygon","coordinates":[[[134.561667,34.091384],[134.560707,34.091714],[134.558553,34.088071],[134.558042,34.087352],[134.557754,34.087427],[134.557739,34.087365],[134.557134,34.08753],[134.556956,34.08705],[134.55693,34.086991],[134.557247,34.086905],[134.557347,34.08687],[134.557453,34.086819],[134.557729,34.086783],[134.557891,34.086765],[134.558017,34.086746],[134.558111,34.086654],[134.558643,34.086371],[134.558866,34.08623],[134.559472,34.087152],[134.560755,34.089047],[134.561436,34.09001],[134.561875,34.090613],[134.562249,34.091217],[134.561667,34.091384]]]},"properties":{"S_NAME":"上吉野町二丁目","HCODE":8101}},{"type":"Feature","geometry":{"type":"Polygon","coordinates":[[[134.556956,34.08705],[134.557134,34.08753],[134.557739,34.087365],[134.557754,34.087427],[134.558042,34.087352],[134.558553,34.088071],[134.560707,34.091714],[134.559371,34.092141],[134.558204,34.092458],[134.557128,34.092702],[134.556554,34.09282],[134.555051,34.093152],[134.553603,34.090219],[134.553601,34.089469],[134.55359,34.089468],[134.553596,34.089465],[134.553719,34.089442],[134.553958,34.089378],[134.554033,34.089375],[134.554102,34.089315],[134.554204,34.089182],[134.554548,34.08906],[134.554955,34.088955],[134.554916,34.088828],[134.554871,34.088684],[134.555007,34.08867],[134.55478,34.087875],[134.554937,34.087847],[134.555185,34.087803],[134.555291,34.087785],[134.555447,34.087733],[134.555557,34.087657],[134.555582,34.08764],[134.555776,34.087429],[134.555925,34.08731],[134.556504,34.087167],[134.556956,34.08705]]]},"properties":{"S_NAME":"上吉野町三丁目","HCODE":8101}},{"type":"Feature","geometry":{"type":"Polygon","coordinates":[[[134.556045,34.081292],[134.555597,34.081396],[134.555439,34.080863],[134.555465,34.080854],[134.555414,34.080524],[134.555633,34.080497],[134.555542,34.080068],[134.555892,34.079945],[134.556542,34.08119],[134.556045,34.081292]]]},"properties":{"S_NAME":"北前川町一丁目","HCODE":8101}},{"type":"Feature","geometry":{"type":"Polygon","coordinates":[[[134.554647,34.080626],[134.554585,34.080631],[134.554698,34.080066],[134.556209,34.079634],[134.556298,34.079813],[134.555892,34.079945],[134.555542,34.080068],[134.555633,34.080497],[134.555414,34.080524],[134.554647,34.080626]]]},"properties":{"S_NAME":"北前川町二丁目","HCODE":8101}},{"type":"Feature","geometry":{"type":"Polygon","coordinates":[[[134.552514,34.080899],[134.552524,34.080996],[134.552604,34.081578],[134.552159,34.081603],[134.55211,34.081223],[134.552091,34.081068],[134.552254,34.081059],[134.552303,34.0811],[134.552398,34.081094],[134.552374,34.080917],[134.552514,34.080899]]]},"properties":{"S_NAME":"北前川町三丁目","HCODE":8101}},{"type":"Feature","geometry":{"type":"Polygon","coordinates":[[[134.554468,34.081796],[134.55441,34.081666],[134.553706,34.081824],[134.55342,34.081879],[134.55294,34.081961],[134.552796,34.080864],[134.553552,34.080775],[134.554585,34.080631],[134.554647,34.080626],[134.554633,34.080761],[134.554615,34.080948],[134.554482,34.081644],[134.554468,34.081796]]]},"properties":{"S_NAME":"北前川町三丁目","HCODE":8101}},{"type":"Feature","geometry":{"type":"Polygon","coordinates":[[[134.551933,34.082039],[134.551369,34.082035],[134.551322,34.082001],[134.550685,34.082037],[134.550318,34.082112],[134.54999,34.082193],[134.549542,34.082327],[134.549233,34.082414],[134.548942,34.081537],[134.548881,34.081204],[134.549147,34.081158],[134.549081,34.080898],[134.549341,34.080822],[134.550386,34.080457],[134.550622,34.081165],[134.55149,34.081003],[134.551933,34.082039]]]},"properties":{"S_NAME":"北前川町四丁目","HCODE":8101}},{"type":"Feature","geometry":{"type":"Polygon","coordinates":[[[134.548966,34.083276],[134.548841,34.083286],[134.548788,34.083664],[134.547878,34.08352],[134.547598,34.083485],[134.547544,34.083308],[134.547706,34.083341],[134.547763,34.083349],[134.54779,34.083349],[134.547695,34.082863],[134.547653,34.082851],[134.547425,34.081939],[134.547567,34.08184],[134.548942,34.081537],[134.549233,34.082414],[134.549292,34.082618],[134.549363,34.082825],[134.548988,34.082902],[134.54902,34.082989],[134.548765,34.08303],[134.548809,34.083182],[134.548939,34.083163],[134.548966,34.083276]]]},"properties":{"S_NAME":"北前川町五丁目","HCODE":8101}},{"type":"Feature","geometry":{"type":"Polygon","coordinates":[[[134.557752,34.082771],[134.557448,34.082906],[134.557244,34.083032],[134.557178,34.082829],[134.556696,34.082937],[134.556528,34.082616],[134.556139,34.082741],[134.556015,34.082742],[134.555985,34.082723],[134.555879,34.082532],[134.556598,34.082296],[134.556651,34.082383],[134.557375,34.082251],[134.557208,34.081568],[134.557104,34.081235],[134.55611,34.081474],[134.556045,34.081292],[134.556542,34.08119],[134.55768,34.080956],[134.557822,34.081446],[134.55799,34.082133],[134.558251,34.082087],[134.558278,34.082165],[134.558886,34.081969],[134.559031,34.082223],[134.557752,34.082771]]]},"properties":{"S_NAME":"下助任町一丁目","HCODE":8101}},{"type":"Feature","geometry":{"type":"Polygon","coordinates":[[[134.555879,34.082532],[134.555812,34.082551],[134.555371,34.081663],[134.554505,34.081877],[134.554468,34.081796],[134.554482,34.081644],[134.554615,34.080948],[134.554633,34.080761],[134.554647,34.080626],[134.555414,34.080524],[134.555465,34.080854],[134.555439,34.080863],[134.555597,34.081396],[134.556045,34.081292],[134.55611,34.081474],[134.557104,34.081235],[134.557208,34.081568],[134.557375,34.082251],[134.556651,34.082383],[134.556598,34.082296],[134.555879,34.082532]]]},"properties":{"S_NAME":"下助任町二丁目","HCODE":8101}},{"type":"Feature","geometry":{"type":"Polygon","coordinates":[[[134.554505,34.081877],[134.554849,34.082563],[134.554831,34.082572],[134.554858,34.082676],[134.554834,34.082807],[134.554783,34.082976],[134.554728,34.08312],[134.554718,34.083159],[134.554788,34.083354],[134.553977,34.083669],[134.553838,34.083354],[134.553448,34.083706],[134.553422,34.083707],[134.552927,34.083416],[134.552758,34.083296],[134.552542,34.083085],[134.552156,34.083127],[134.552128,34.08301],[134.551961,34.08213],[134.55294,34.081961],[134.55342,34.081879],[134.553706,34.081824],[134.55441,34.081666],[134.554468,34.081796],[134.554505,34.081877]],[[134.55301,34.082981],[134.55313,34.082915],[134.552969,34.082573],[134.55291,34.082487],[134.552547,34.082677],[134.552754,34.082979],[134.552858,34.082926],[134.552944,34.082888],[134.552995,34.082975],[134.55301,34.082981]]]},"properties":{"S_NAME":"下助任町三丁目","HCODE":8101}},{"type":"Feature","geometry":{"type":"Polygon","coordinates":[[[134.551123,34.084688],[134.550771,34.084363],[134.550424,34.084175],[134.550225,34.084108],[134.549501,34.083879],[134.549092,34.083735],[134.548788,34.083664],[134.548841,34.083286],[134.548966,34.083276],[134.549504,34.08325],[134.549443,34.082925],[134.549437,34.08286],[134.549457,34.082829],[134.549478,34.082811],[134.5499,34.082738],[134.549777,34.082479],[134.549292,34.082618],[134.549233,34.082414],[134.549542,34.082327],[134.54999,34.082193],[134.550318,34.082112],[134.550685,34.082037],[134.551322,34.082001],[134.551369,34.082035],[134.551933,34.082039],[134.551961,34.08213],[134.552128,34.08301],[134.552156,34.083127],[134.552151,34.08339],[134.552166,34.083776],[134.552165,34.084273],[134.552112,34.084625],[134.551452,34.084505],[134.551384,34.084484],[134.551123,34.084688]]]},"properties":{"S_NAME":"下助任町四丁目","HCODE":8101}},{"type":"Feature","geometry":{"type":"Polygon","coordinates":[[[134.549292,34.082618],[134.549777,34.082479],[134.5499,34.082738],[134.549478,34.082811],[134.549457,34.082829],[134.549437,34.08286],[134.549443,34.082925],[134.549504,34.08325],[134.548966,34.083276],[134.548939,34.083163],[134.548809,34.083182],[134.548765,34.08303],[134.54902,34.082989],[134.548988,34.082902],[134.549363,34.082825],[134.549292,34.082618]]]},"properties":{"S_NAME":"下助任町五丁目","HCODE":8101}},{"type":"Feature","geometry":{"type":"Polygon","coordinates":[[[134.555417,34.076586],[134.555526,34.076605],[134.55572,34.076619],[134.555998,34.076632],[134.556188,34.076639],[134.55646,34.07667],[134.55687,34.076717],[134.55712,34.07674],[134.557365,34.076768],[134.557599,34.07677],[134.557906,34.077642],[134.557896,34.077707],[134.557881,34.077737],[134.557825,34.077761],[134.557418,34.077937],[134.557403,34.077942],[134.557356,34.077959],[134.557234,34.078019],[134.557059,34.078094],[134.556709,34.078245],[134.556678,34.078254],[134.55634,34.078404],[134.55621,34.078449],[134.555855,34.077829],[134.555824,34.077807],[134.555784,34.077732],[134.555417,34.076586]]]},"properties":{"S_NAME":"助任本町一丁目","HCODE":8101}},{"type":"Feature","geometry":{"type":"Polygon","coordinates":[[[134.558059,34.079666],[134.557679,34.07983],[134.557599,34.079859],[134.557623,34.079895],[134.557036,34.080139],[134.556726,34.079646],[134.557008,34.07953],[134.557055,34.079605],[134.55737,34.079471],[134.557369,34.079471],[134.557124,34.079033],[134.55698,34.078809],[134.556678,34.078254],[134.556709,34.078245],[134.557059,34.078094],[134.557234,34.078019],[134.557356,34.077959],[134.557403,34.077942],[134.557418,34.077937],[134.557921,34.078723],[134.557591,34.078855],[134.558059,34.079666]]]},"properties":{"S_NAME":"助任本町二丁目","HCODE":8101}},{"type":"Feature","geometry":{"type":"Polygon","coordinates":[[[134.55768,34.080956],[134.556542,34.08119],[134.555892,34.079945],[134.556298,34.079813],[134.556726,34.079646],[134.557036,34.080139],[134.557623,34.079895],[134.557599,34.079859],[134.557679,34.07983],[134.558059,34.079666],[134.558766,34.080882],[134.558656,34.080896],[134.558432,34.080928],[134.558271,34.08096],[134.558196,34.08083],[134.55768,34.080956]]]},"properties":{"S_NAME":"助任本町三丁目","HCODE":8101}},{"type":"Feature","geometry":{"type":"Polygon","coordinates":[[[134.559031,34.082223],[134.558886,34.081969],[134.558278,34.082165],[134.558251,34.082087],[134.55799,34.082133],[134.557822,34.081446],[134.55768,34.080956],[134.558196,34.08083],[134.558271,34.08096],[134.558432,34.080928],[134.558656,34.080896],[134.558766,34.080882],[134.558921,34.080884],[134.559133,34.080898],[134.559246,34.080976],[134.55989,34.081837],[134.559031,34.082223]]]},"properties":{"S_NAME":"助任本町四丁目","HCODE":8101}},{"type":"Feature","geometry":{"type":"Polygon","coordinates":[[[134.559955,34.083788],[134.559634,34.083842],[134.559493,34.08389],[134.559419,34.083911],[134.559185,34.083969],[134.559032,34.083693],[134.559292,34.083595],[134.559135,34.083277],[134.558934,34.082964],[134.55862,34.083147],[134.558557,34.083166],[134.558295,34.083239],[134.55807,34.083357],[134.557952,34.083097],[134.557752,34.082771],[134.559031,34.082223],[134.55989,34.081837],[134.559974,34.081799],[134.560172,34.08171],[134.560404,34.081592],[134.56071,34.081435],[134.560808,34.08154],[134.561074,34.081724],[134.561558,34.082074],[134.561828,34.082267],[134.562079,34.082423],[134.563248,34.083129],[134.562941,34.083177],[134.562719,34.083224],[134.562584,34.083255],[134.562353,34.083287],[134.562068,34.083312],[134.561655,34.083305],[134.561446,34.083242],[134.56132,34.083196],[134.561147,34.083306],[134.560983,34.083412],[134.560901,34.083466],[134.561212,34.083506],[134.561186,34.083623],[134.561138,34.083821],[134.56068,34.083756],[134.560497,34.083731],[134.560421,34.083726],[134.560235,34.083714],[134.559955,34.083788]]]},"properties":{"S_NAME":"助任本町五丁目","HCODE":8101}},{"type":"Feature","geometry":{"type":"Polygon","coordinates":[[[134.561314,34.085188],[134.560876,34.08534],[134.560344,34.084459],[134.559955,34.083788],[134.560235,34.083714],[134.560421,34.083726],[134.560497,34.083731],[134.56068,34.083756],[134.561138,34.083821],[134.561166,34.083827],[134.561149,34.08397],[134.561153,34.084063],[134.561174,34.084155],[134.561202,34.084185],[134.561314,34.084238],[134.561192,34.084326],[134.561098,34.08441],[134.561296,34.084607],[134.561063,34.084779],[134.561249,34.085084],[134.561314,34.085188]]]},"properties":{"S_NAME":"助任本町六丁目","HCODE":8101}},{"type":"Feature","geometry":{"type":"Polygon","coordinates":[[[134.564751,34.09037],[134.563364,34.090874],[134.56079,34.086925],[134.560274,34.086677],[134.560233,34.08664],[134.560152,34.08652],[134.560044,34.086378],[134.560566,34.086076],[134.560654,34.086188],[134.560891,34.086359],[134.561047,34.086482],[134.561189,34.086598],[134.561517,34.086414],[134.561286,34.086039],[134.561112,34.08573],[134.560876,34.08534],[134.561314,34.085188],[134.561379,34.08518],[134.561432,34.085188],[134.562342,34.085467],[134.562557,34.085616],[134.562552,34.085646],[134.56203,34.086295],[134.564751,34.09037]]]},"properties":{"S_NAME":"助任本町七丁目","HCODE":8101}},{"type":"Feature","geometry":{"type":"Polygon","coordinates":[[[134.558724,34.079382],[134.558059,34.079666],[134.557591,34.078855],[134.557921,34.078723],[134.557935,34.078744],[134.558267,34.078594],[134.558724,34.079382]]]},"properties":{"S_NAME":"助任橋二丁目","HCODE":8101}},{"type":"Feature","geometry":{"type":"Polygon","coordinates":[[[134.559275,34.079326],[134.559449,34.079674],[134.559455,34.079686],[134.559477,34.079729],[134.559796,34.080286],[134.560102,34.080698],[134.560204,34.080818],[134.560424,34.081083],[134.56071,34.081435],[134.560404,34.081592],[134.560172,34.08171],[134.559974,34.081799],[134.55989,34.081837],[134.559246,34.080976],[134.559133,34.080898],[134.558921,34.080884],[134.558766,34.080882],[134.558059,34.079666],[134.558724,34.079382],[134.559275,34.079326]]]},"properties":{"S_NAME":"助任橋三丁目","HCODE":8101}},{"type":"Feature","geometry":{"type":"Polygon","coordinates":[[[134.554698,34.080066],[134.554732,34.079866],[134.554694,34.079354],[134.554667,34.079074],[134.554911,34.078981],[134.555644,34.078684],[134.55621,34.078449],[134.55634,34.078404],[134.556678,34.078254],[134.55698,34.078809],[134.557124,34.079033],[134.557369,34.079471],[134.55737,34.079471],[134.557055,34.079605],[134.557008,34.07953],[134.556726,34.079646],[134.556298,34.079813],[134.556209,34.079634],[134.554698,34.080066]]]},"properties":{"S_NAME":"中前川町一丁目","HCODE":8101}},{"type":"Feature","geometry":{"type":"Polygon","coordinates":[[[134.554694,34.079354],[134.554732,34.079866],[134.554698,34.080066],[134.554585,34.080631],[134.553552,34.080775],[134.552796,34.080864],[134.552514,34.080899],[134.552374,34.080917],[134.552246,34.080933],[134.551758,34.080994],[134.55149,34.081003],[134.551273,34.080546],[134.550886,34.07973],[134.550944,34.079742],[134.551619,34.079678],[134.551776,34.079668],[134.551789,34.079667],[134.552379,34.079639],[134.552854,34.079617],[134.552734,34.079197],[134.552984,34.079208],[134.553063,34.07922],[134.553137,34.079277],[134.553142,34.07928],[134.553216,34.079341],[134.553242,34.079358],[134.55331,34.079366],[134.554694,34.079354]]]},"properties":{"S_NAME":"中前川町二丁目","HCODE":8101}},{"type":"Feature","geometry":{"type":"Polygon","coordinates":[[[134.552734,34.079197],[134.552854,34.079617],[134.552379,34.079639],[134.551789,34.079667],[134.551776,34.079668],[134.551619,34.079678],[134.550944,34.079742],[134.550886,34.07973],[134.550817,34.079585],[134.550758,34.079462],[134.550953,34.079406],[134.551562,34.079257],[134.551817,34.07919],[134.55202,34.079171],[134.552423,34.079185],[134.552734,34.079197]]]},"properties":{"S_NAME":"中前川町三丁目","HCODE":8101}},{"type":"Feature","geometry":{"type":"Polygon","coordinates":[[[134.550758,34.079462],[134.550817,34.079585],[134.55043,34.079729],[134.550504,34.079882],[134.550182,34.080016],[134.550375,34.080405],[134.550386,34.080457],[134.549341,34.080822],[134.549081,34.080898],[134.549147,34.081158],[134.548881,34.081204],[134.548709,34.080595],[134.548719,34.080556],[134.54876,34.080529],[134.548604,34.080192],[134.549618,34.079819],[134.54948,34.079598],[134.549422,34.079573],[134.549385,34.079538],[134.549315,34.0794],[134.549373,34.079382],[134.550578,34.079066],[134.550758,34.079462]]]},"properties":{"S_NAME":"中前川町四丁目","HCODE":8101}},{"type":"Feature","geometry":{"type":"Polygon","coordinates":[[[134.547598,34.083485],[134.547402,34.08346],[134.5472,34.083431],[134.54675,34.08335],[134.546252,34.083246],[134.546112,34.083216],[134.546015,34.083188],[134.545796,34.083125],[134.545703,34.083098],[134.545314,34.082941],[134.545159,34.082874],[134.545036,34.082811],[134.544978,34.082774],[134.544928,34.082742],[134.544731,34.082578],[134.544656,34.082483],[134.544517,34.082309],[134.544474,34.0822],[134.544425,34.082034],[134.544348,34.081812],[134.544319,34.081533],[134.544304,34.081447],[134.544306,34.081262],[134.544312,34.081191],[134.544332,34.081085],[134.544417,34.080727],[134.54444,34.080594],[134.544422,34.080486],[134.544471,34.08049],[134.545301,34.080776],[134.545804,34.080507],[134.546015,34.080388],[134.546094,34.080344],[134.546401,34.08022],[134.546776,34.080116],[134.547135,34.080009],[134.547567,34.08184],[134.547425,34.081939],[134.547653,34.082851],[134.547695,34.082863],[134.54779,34.083349],[134.547763,34.083349],[134.547706,34.083341],[134.547544,34.083308],[134.547598,34.083485]]]},"properties":{"S_NAME":"中前川町五丁目","HCODE":8101}},{"type":"Feature","geometry":{"type":"Polygon","coordinates":[[[134.560876,34.08534],[134.560204,34.085602],[134.559611,34.085897],[134.559215,34.08614],[134.559028,34.086225],[134.558866,34.08623],[134.558643,34.086371],[134.558111,34.086654],[134.558017,34.086746],[134.557891,34.086765],[134.557698,34.086475],[134.557444,34.086136],[134.557254,34.086246],[134.557099,34.086348],[134.557005,34.086085],[134.556968,34.085951],[134.557223,34.085832],[134.557305,34.08535],[134.557388,34.085254],[134.557429,34.0852],[134.557417,34.08513],[134.557511,34.085091],[134.557553,34.085078],[134.557627,34.085041],[134.556959,34.085002],[134.556869,34.084848],[134.55671,34.084916],[134.556457,34.084496],[134.556589,34.084352],[134.556519,34.084176],[134.556809,34.084031],[134.556743,34.083899],[134.556481,34.083954],[134.556428,34.08397],[134.556185,34.084118],[134.556086,34.084157],[134.555904,34.084174],[134.55599,34.084097],[134.556145,34.083998],[134.556585,34.083592],[134.556885,34.083328],[134.556948,34.083253],[134.557244,34.083032],[134.557448,34.082906],[134.557752,34.082771],[134.557952,34.083097],[134.55807,34.083357],[134.558295,34.083239],[134.558557,34.083166],[134.55862,34.083147],[134.558934,34.082964],[134.559135,34.083277],[134.559292,34.083595],[134.559032,34.083693],[134.559185,34.083969],[134.559419,34.083911],[134.559493,34.08389],[134.559634,34.083842],[134.559955,34.083788],[134.560344,34.084459],[134.560876,34.08534]]]},"properties":{"S_NAME":"中吉野町一丁目","HCODE":8101}},{"type":"Feature","geometry":{"type":"Polygon","coordinates":[[[134.555904,34.084174],[134.556086,34.084157],[134.556185,34.084118],[134.556428,34.08397],[134.556481,34.083954],[134.556743,34.083899],[134.556809,34.084031],[134.556519,34.084176],[134.556589,34.084352],[134.556457,34.084496],[134.55671,34.084916],[134.556869,34.084848],[134.556959,34.085002],[134.557627,34.085041],[134.557553,34.085078],[134.557511,34.085091],[134.557417,34.08513],[134.557429,34.0852],[134.557388,34.085254],[134.557305,34.08535],[134.557223,34.085832],[134.556968,34.085951],[134.557005,34.086085],[134.557099,34.086348],[134.557254,34.086246],[134.557444,34.086136],[134.557698,34.086475],[134.557891,34.086765],[134.557729,34.086783],[134.557453,34.086819],[134.557347,34.08687],[134.557247,34.086905],[134.55693,34.086991],[134.556577,34.086388],[134.556521,34.086343],[134.556466,34.086331],[134.556325,34.086374],[134.556249,34.086383],[134.556209,34.086366],[134.556188,34.086337],[134.55609,34.086137],[134.555791,34.085555],[134.555402,34.084654],[134.555904,34.084174]]]},"properties":{"S_NAME":"中吉野町二丁目","HCODE":8101}},{"type":"Feature","geometry":{"type":"Polygon","coordinates":[[[134.555904,34.084174],[134.555402,34.084654],[134.555791,34.085555],[134.55609,34.086137],[134.556188,34.086337],[134.556209,34.086366],[134.556249,34.086383],[134.556325,34.086374],[134.556466,34.086331],[134.556521,34.086343],[134.556577,34.086388],[134.55693,34.086991],[134.556956,34.08705],[134.556504,34.087167],[134.555925,34.08731],[134.555776,34.087429],[134.555582,34.08764],[134.555557,34.087657],[134.555447,34.087733],[134.555291,34.087785],[134.555185,34.087803],[134.554937,34.087847],[134.55478,34.087875],[134.55433,34.087936],[134.55373,34.087587],[134.553711,34.087585],[134.553395,34.087552],[134.553375,34.08752],[134.553423,34.08721],[134.55307,34.086836],[134.553025,34.086442],[134.552964,34.086396],[134.552932,34.086168],[134.552939,34.086018],[134.552948,34.08582],[134.552959,34.085573],[134.552469,34.085612],[134.552286,34.085644],[134.552203,34.085667],[134.552057,34.085668],[134.552035,34.085603],[134.552018,34.085534],[134.552006,34.085377],[134.552112,34.084625],[134.553073,34.084687],[134.553087,34.084346],[134.553106,34.084154],[134.553167,34.084037],[134.553422,34.083707],[134.553448,34.083706],[134.553838,34.083354],[134.553977,34.083669],[134.554788,34.083354],[134.554718,34.083159],[134.554728,34.08312],[134.554783,34.082976],[134.554834,34.082807],[134.554858,34.082676],[134.554831,34.082572],[134.554849,34.082563],[134.554505,34.081877],[134.555371,34.081663],[134.555812,34.082551],[134.555879,34.082532],[134.555985,34.082723],[134.556015,34.082742],[134.556139,34.082741],[134.556528,34.082616],[134.556696,34.082937],[134.557178,34.082829],[134.557244,34.083032],[134.556948,34.083253],[134.556885,34.083328],[134.556585,34.083592],[134.556145,34.083998],[134.55599,34.084097],[134.555904,34.084174]]]},"properties":{"S_NAME":"中吉野町三丁目","HCODE":8101}},{"type":"Feature","geometry":{"type":"Polygon","coordinates":[[[134.551659,34.086259],[134.551638,34.086466],[134.551582,34.086773],[134.551543,34.087029],[134.551474,34.087338],[134.551379,34.087651],[134.551117,34.088001],[134.550467,34.087868],[134.550378,34.087803],[134.550148,34.087774],[134.549933,34.087742],[134.549682,34.087705],[134.549544,34.087684],[134.549373,34.087651],[134.549169,34.087631],[134.549132,34.08761],[134.549158,34.087343],[134.54915,34.087117],[134.549037,34.086475],[134.548874,34.08648],[134.548687,34.086048],[134.548682,34.086048],[134.548494,34.085739],[134.548334,34.085474],[134.54829,34.085365],[134.548062,34.085106],[134.547985,34.085018],[134.547901,34.084905],[134.547754,34.0847],[134.547661,34.08457],[134.54762,34.08456],[134.547495,34.084523],[134.547441,34.084277],[134.547423,34.084161],[134.547413,34.084041],[134.547377,34.083991],[134.547371,34.083983],[134.547351,34.083958],[134.547379,34.08377],[134.547402,34.08346],[134.547598,34.083485],[134.547878,34.08352],[134.548788,34.083664],[134.549092,34.083735],[134.549501,34.083879],[134.550225,34.084108],[134.550424,34.084175],[134.550771,34.084363],[134.551123,34.084688],[134.551202,34.084813],[134.55141,34.085159],[134.551546,34.085553],[134.551659,34.086259]]]},"properties":{"S_NAME":"中吉野町四丁目","HCODE":8101}},{"type":"Feature","geometry":{"type":"Polygon","coordinates":[[[134.555417,34.076586],[134.555784,34.077732],[134.555824,34.077807],[134.555855,34.077829],[134.55621,34.078449],[134.555644,34.078684],[134.554911,34.078981],[134.554667,34.079074],[134.554694,34.079354],[134.55331,34.079366],[134.553242,34.079358],[134.553216,34.079341],[134.553142,34.07928],[134.553137,34.079277],[134.553063,34.07922],[134.552984,34.079208],[134.552734,34.079197],[134.552606,34.078762],[134.552551,34.078576],[134.552535,34.078536],[134.552065,34.077356],[134.553075,34.076973],[134.553583,34.076803],[134.553712,34.076763],[134.55397,34.076692],[134.554145,34.076663],[134.554537,34.076622],[134.554884,34.076599],[134.555065,34.076589],[134.555417,34.076586]]]},"properties":{"S_NAME":"南前川町二丁目","HCODE":8101}},{"type":"Feature","geometry":{"type":"Polygon","coordinates":[[[134.552734,34.079197],[134.552423,34.079185],[134.55202,34.079171],[134.551817,34.07919],[134.551562,34.079257],[134.550953,34.079406],[134.550758,34.079462],[134.550578,34.079066],[134.551515,34.078845],[134.551132,34.077674],[134.551635,34.077507],[134.552065,34.077356],[134.552535,34.078536],[134.552551,34.078576],[134.552606,34.078762],[134.552734,34.079197]]]},"properties":{"S_NAME":"南前川町三丁目","HCODE":8101}},{"type":"Feature","geometry":{"type":"Polygon","coordinates":[[[134.551132,34.077674],[134.551515,34.078845],[134.550578,34.079066],[134.549373,34.079382],[134.549315,34.0794],[134.549385,34.079538],[134.549422,34.079573],[134.54948,34.079598],[134.549618,34.079819],[134.548604,34.080192],[134.548343,34.079704],[134.547968,34.078951],[134.548461,34.078709],[134.548709,34.078601],[134.548885,34.078521],[134.549449,34.078256],[134.549507,34.078235],[134.550015,34.078078],[134.550342,34.07795],[134.551132,34.077674]]]},"properties":{"S_NAME":"南前川町四丁目","HCODE":8101}},{"type":"Feature","geometry":{"type":"Polygon","coordinates":[[[134.548942,34.081537],[134.547567,34.08184],[134.547135,34.080009],[134.546776,34.080116],[134.546401,34.08022],[134.546094,34.080344],[134.546015,34.080388],[134.545804,34.080507],[134.545301,34.080776],[134.544471,34.08049],[134.544786,34.080418],[134.544902,34.080371],[134.545216,34.080249],[134.545409,34.080183],[134.545629,34.080084],[134.545959,34.079929],[134.546295,34.079751],[134.546631,34.079597],[134.546867,34.07947],[134.547299,34.079257],[134.547729,34.079056],[134.547968,34.078951],[134.548343,34.079704],[134.548604,34.080192],[134.54876,34.080529],[134.548719,34.080556],[134.548709,34.080595],[134.548881,34.081204],[134.548942,34.081537]]]},"properties":{"S_NAME":"南前川町五丁目","HCODE":8101}},{"type":"Feature","geometry":{"type":"Polygon","coordinates":[[[134.55149,34.081003],[134.550622,34.081165],[134.550386,34.080457],[134.550375,34.080405],[134.550182,34.080016],[134.550504,34.079882],[134.55043,34.079729],[134.550817,34.079585],[134.550886,34.07973],[134.551273,34.080546],[134.55149,34.081003]]]},"properties":{"S_NAME":"吉野本町二丁目","HCODE":8101}},{"type":"Feature","geometry":{"type":"Polygon","coordinates":[[[134.55294,34.081961],[134.551961,34.08213],[134.551933,34.082039],[134.55149,34.081003],[134.551758,34.080994],[134.552246,34.080933],[134.552374,34.080917],[134.552398,34.081094],[134.552303,34.0811],[134.552254,34.081059],[134.552091,34.081068],[134.55211,34.081223],[134.552159,34.081603],[134.552604,34.081578],[134.552524,34.080996],[134.552514,34.080899],[134.552796,34.080864],[134.55294,34.081961]]]},"properties":{"S_NAME":"吉野本町三丁目","HCODE":8101}},{"type":"Feature","geometry":{"type":"Polygon","coordinates":[[[134.55301,34.082981],[134.552995,34.082975],[134.552944,34.082888],[134.552858,34.082926],[134.552754,34.082979],[134.552547,34.082677],[134.55291,34.082487],[134.552969,34.082573],[134.55313,34.082915],[134.55301,34.082981]]]},"properties":{"S_NAME":"吉野本町四丁目","HCODE":8101}},{"type":"Feature","geometry":{"type":"Polygon","coordinates":[[[134.552156,34.083127],[134.552542,34.083085],[134.552758,34.083296],[134.552927,34.083416],[134.553422,34.083707],[134.553167,34.084037],[134.553106,34.084154],[134.553087,34.084346],[134.553073,34.084687],[134.552112,34.084625],[134.552165,34.084273],[134.552166,34.083776],[134.552151,34.08339],[134.552156,34.083127]]]},"properties":{"S_NAME":"吉野本町四丁目","HCODE":8101}},{"type":"Feature","geometry":{"type":"Polygon","coordinates":[[[134.552112,34.084625],[134.552006,34.085377],[134.552018,34.085534],[134.552035,34.085603],[134.552057,34.085668],[134.552203,34.085667],[134.552286,34.085644],[134.552469,34.085612],[134.552959,34.085573],[134.552948,34.08582],[134.552939,34.086018],[134.552932,34.086168],[134.552062,34.086247],[134.551659,34.086259],[134.551546,34.085553],[134.55141,34.085159],[134.551202,34.084813],[134.551123,34.084688],[134.551384,34.084484],[134.551452,34.084505],[134.552112,34.084625]]]},"properties":{"S_NAME":"吉野本町五丁目","HCODE":8101}},{"type":"Feature","geometry":{"type":"Polygon","coordinates":[[[134.552719,34.089374],[134.551947,34.089324],[134.55182,34.088779],[134.55171,34.08905],[134.551663,34.089259],[134.551497,34.089726],[134.551383,34.090033],[134.551367,34.090078],[134.551147,34.090032],[134.550639,34.090029],[134.550955,34.089653],[134.551182,34.089328],[134.551367,34.089039],[134.551293,34.089015],[134.550386,34.088721],[134.550771,34.08833],[134.550908,34.088199],[134.551117,34.088001],[134.551379,34.087651],[134.551474,34.087338],[134.551543,34.087029],[134.551582,34.086773],[134.551638,34.086466],[134.551659,34.086259],[134.552062,34.086247],[134.552932,34.086168],[134.552964,34.086396],[134.553025,34.086442],[134.55307,34.086836],[134.553423,34.08721],[134.553375,34.08752],[134.553395,34.087552],[134.553711,34.087585],[134.55373,34.087587],[134.55433,34.087936],[134.55478,34.087875],[134.555007,34.08867],[134.554871,34.088684],[134.554916,34.088828],[134.554955,34.088955],[134.554548,34.08906],[134.554204,34.089182],[134.554102,34.089315],[134.554033,34.089375],[134.553958,34.089378],[134.553719,34.089442],[134.553596,34.089465],[134.55359,34.089468],[134.553473,34.089458],[134.552719,34.089374]]]},"properties":{"S_NAME":"吉野本町六丁目","HCODE":8101}},{"type":"Feature","geometry":{"type":"Polygon","coordinates":[[[134.562342,34.080601],[134.560908,34.081354],[134.560777,34.081393],[134.56071,34.081435],[134.560424,34.081083],[134.560204,34.080818],[134.560102,34.080698],[134.560469,34.080672],[134.560418,34.080426],[134.560749,34.080389],[134.560729,34.080269],[134.560974,34.080251],[134.561241,34.080234],[134.561261,34.080407],[134.560994,34.080428],[134.561013,34.080641],[134.561556,34.08061],[134.562342,34.080601]]]},"properties":{"S_NAME":"北常三島町一丁目","HCODE":8101}},{"type":"Feature","geometry":{"type":"Polygon","coordinates":[[[134.563895,34.080494],[134.563958,34.080981],[134.563178,34.080984],[134.562891,34.080988],[134.56284,34.080943],[134.562392,34.08097],[134.562331,34.081155],[134.562298,34.081389],[134.563064,34.08142],[134.563023,34.08182],[134.563576,34.081815],[134.563568,34.08189],[134.563496,34.082309],[134.563483,34.082324],[134.563436,34.08259],[134.563439,34.082884],[134.563216,34.082948],[134.56264,34.082602],[134.562862,34.0823],[134.562429,34.082092],[134.562079,34.082423],[134.561828,34.082267],[134.561558,34.082074],[134.561074,34.081724],[134.560808,34.08154],[134.56071,34.081435],[134.560777,34.081393],[134.560908,34.081354],[134.562342,34.080601],[134.562649,34.080421],[134.563782,34.079756],[134.563807,34.079859],[134.563895,34.080494]]]},"properties":{"S_NAME":"北常三島町二丁目","HCODE":8101}},{"type":"Feature","geometry":{"type":"Polygon","coordinates":[[[134.563248,34.083129],[134.562079,34.082423],[134.562429,34.082092],[134.562862,34.0823],[134.56264,34.082602],[134.563216,34.082948],[134.563439,34.082884],[134.563436,34.08259],[134.563483,34.082324],[134.563496,34.082309],[134.563568,34.08189],[134.563576,34.081815],[134.563023,34.08182],[134.563064,34.08142],[134.562298,34.081389],[134.562331,34.081155],[134.562392,34.08097],[134.56284,34.080943],[134.562891,34.080988],[134.563178,34.080984],[134.563958,34.080981],[134.563895,34.080494],[134.564937,34.080421],[134.564961,34.080419],[134.564983,34.080401],[134.565356,34.079721],[134.565454,34.079726],[134.565891,34.079736],[134.566042,34.079737],[134.566914,34.079748],[134.56706,34.079937],[134.567403,34.080327],[134.567501,34.080441],[134.567654,34.08063],[134.567799,34.080906],[134.567855,34.081071],[134.56804,34.081596],[134.567795,34.081653],[134.567538,34.0817],[134.567159,34.081788],[134.566749,34.081843],[134.566567,34.081897],[134.566239,34.081998],[134.565682,34.082228],[134.564825,34.08259],[134.564169,34.082809],[134.563248,34.083129]]]},"properties":{"S_NAME":"北常三島町三丁目","HCODE":8101}},{"type":"Feature","geometry":{"type":"Polygon","coordinates":[[[134.561556,34.08061],[134.561013,34.080641],[134.560994,34.080428],[134.561261,34.080407],[134.561241,34.080234],[134.560974,34.080251],[134.560729,34.080269],[134.560749,34.080389],[134.560418,34.080426],[134.560469,34.080672],[134.560102,34.080698],[134.559796,34.080286],[134.559477,34.079729],[134.559455,34.079686],[134.559449,34.079674],[134.559275,34.079326],[134.559168,34.078974],[134.559088,34.078711],[134.55897,34.078183],[134.558862,34.077388],[134.558728,34.076398],[134.559074,34.076261],[134.559379,34.076111],[134.559793,34.075909],[134.560143,34.075756],[134.560541,34.07552],[134.560602,34.075517],[134.560678,34.075539],[134.560798,34.075583],[134.561003,34.075668],[134.561468,34.075838],[134.561698,34.075908],[134.561901,34.075959],[134.561998,34.075983],[134.562131,34.076014],[134.562479,34.07665],[134.562928,34.076765],[134.563433,34.0769],[134.563521,34.077541],[134.563575,34.078119],[134.563665,34.07893],[134.562465,34.079031],[134.562234,34.079053],[134.56139,34.079133],[134.561459,34.079744],[134.561512,34.080221],[134.561556,34.08061]]]},"properties":{"S_NAME":"中常三島町一丁目","HCODE":8101}},{"type":"Feature","geometry":{"type":"Polygon","coordinates":[[[134.563665,34.07893],[134.563735,34.079457],[134.563782,34.079756],[134.562649,34.080421],[134.562342,34.080601],[134.561556,34.08061],[134.561512,34.080221],[134.561459,34.079744],[134.56139,34.079133],[134.562234,34.079053],[134.562465,34.079031],[134.563665,34.07893]]]},"properties":{"S_NAME":"中常三島町二丁目","HCODE":8101}},{"type":"Feature","geometry":{"type":"Polygon","coordinates":[[[134.566914,34.079748],[134.566042,34.079737],[134.565891,34.079736],[134.565454,34.079726],[134.565356,34.079721],[134.564983,34.080401],[134.564961,34.080419],[134.564937,34.080421],[134.563895,34.080494],[134.563807,34.079859],[134.563782,34.079756],[134.563735,34.079457],[134.563665,34.07893],[134.563575,34.078119],[134.564693,34.077989],[134.564737,34.078252],[134.564762,34.078501],[134.564805,34.0788],[134.565732,34.07866],[134.56582,34.078441],[134.565828,34.078331],[134.565788,34.078183],[134.565657,34.077867],[134.565459,34.077613],[134.565363,34.077535],[134.565129,34.077348],[134.564978,34.077198],[134.564837,34.077147],[134.564582,34.077108],[134.564178,34.077029],[134.564361,34.076643],[134.564397,34.076584],[134.564494,34.076425],[134.564539,34.076376],[134.564725,34.076436],[134.565098,34.076606],[134.565429,34.076763],[134.565791,34.07708],[134.566055,34.077401],[134.566091,34.077463],[134.566186,34.077563],[134.566322,34.077811],[134.566432,34.078083],[134.566451,34.078215],[134.566476,34.078292],[134.566532,34.078533],[134.566657,34.07899],[134.566688,34.079194],[134.566715,34.07935],[134.566753,34.079482],[134.566858,34.079674],[134.566914,34.079748]]]},"properties":{"S_NAME":"中常三島町三丁目","HCODE":8101}},{"type":"Feature","geometry":{"type":"Polygon","coordinates":[[[134.563681,34.083468],[134.564089,34.083875],[134.56424,34.084021],[134.564314,34.084093],[134.564628,34.084451],[134.564871,34.084804],[134.564449,34.084725],[134.563873,34.084555],[134.563534,34.085315],[134.564094,34.085576],[134.566798,34.089611],[134.565342,34.090165],[134.564751,34.09037],[134.56203,34.086295],[134.562552,34.085646],[134.562557,34.085616],[134.562342,34.085467],[134.561432,34.085188],[134.561379,34.08518],[134.561314,34.085188],[134.561249,34.085084],[134.561063,34.084779],[134.561296,34.084607],[134.561098,34.08441],[134.561192,34.084326],[134.561314,34.084238],[134.561202,34.084185],[134.561174,34.084155],[134.561153,34.084063],[134.561149,34.08397],[134.561166,34.083827],[134.561138,34.083821],[134.561186,34.083623],[134.561212,34.083506],[134.560901,34.083466],[134.560983,34.083412],[134.561147,34.083306],[134.56132,34.083196],[134.561446,34.083242],[134.561655,34.083305],[134.562068,34.083312],[134.562353,34.083287],[134.562584,34.083255],[134.562719,34.083224],[134.562941,34.083177],[134.563248,34.083129],[134.563681,34.083468]]]},"properties":{"S_NAME":"東吉野町一丁目","HCODE":8101}},{"type":"Feature","geometry":{"type":"Polygon","coordinates":[[[134.563681,34.083468],[134.564185,34.083213],[134.564566,34.08307],[134.565007,34.082915],[134.565112,34.08316],[134.56582,34.082946],[134.565846,34.082958],[134.565845,34.083092],[134.565899,34.083313],[134.565982,34.083457],[134.565989,34.083476],[134.566215,34.084097],[134.566217,34.084099],[134.567537,34.086143],[134.56934,34.088665],[134.568005,34.089146],[134.567808,34.089217],[134.56761,34.089288],[134.566798,34.089611],[134.564094,34.085576],[134.563534,34.085315],[134.563873,34.084555],[134.564449,34.084725],[134.564871,34.084804],[134.564628,34.084451],[134.564314,34.084093],[134.56424,34.084021],[134.564089,34.083875],[134.563681,34.083468]]]},"properties":{"S_NAME":"東吉野町二丁目","HCODE":8101}},{"type":"Feature","geometry":{"type":"Polygon","coordinates":[[[134.567795,34.081653],[134.56787,34.081958],[134.56804,34.081962],[134.568061,34.082123],[134.568064,34.082134],[134.568144,34.082137],[134.568213,34.082348],[134.568309,34.082597],[134.568383,34.082819],[134.56851,34.083154],[134.568514,34.083166],[134.568603,34.083415],[134.569468,34.084728],[134.571763,34.087792],[134.56934,34.088665],[134.567537,34.086143],[134.566217,34.084099],[134.566215,34.084097],[134.565989,34.083476],[134.565982,34.083457],[134.565899,34.083313],[134.565845,34.083092],[134.565846,34.082958],[134.56582,34.082946],[134.565112,34.08316],[134.565007,34.082915],[134.564566,34.08307],[134.564185,34.083213],[134.563681,34.083468],[134.563248,34.083129],[134.564169,34.082809],[134.564825,34.08259],[134.565682,34.082228],[134.566239,34.081998],[134.566567,34.081897],[134.566749,34.081843],[134.567159,34.081788],[134.567538,34.0817],[134.567795,34.081653]]]},"properties":{"S_NAME":"東吉野町三丁目","HCODE":8101}},{"type":"Feature","geometry":{"type":"Polygon","coordinates":[[[134.558728,34.076398],[134.558862,34.077388],[134.55897,34.078183],[134.559088,34.078711],[134.559168,34.078974],[134.559275,34.079326],[134.558724,34.079382],[134.558267,34.078594],[134.557935,34.078744],[134.557921,34.078723],[134.557418,34.077937],[134.557825,34.077761],[134.557881,34.077737],[134.557896,34.077707],[134.557906,34.077642],[134.557599,34.07677],[134.557713,34.076722],[134.558044,34.076615],[134.558236,34.076549],[134.558432,34.076482],[134.558728,34.076398]]]},"properties":{"S_NAME":"南常三島町一丁目","HCODE":8101}},{"type":"Feature","geometry":{"type":"Polygon","coordinates":[[[134.564539,34.076376],[134.564494,34.076425],[134.564397,34.076584],[134.564361,34.076643],[134.564178,34.077029],[134.564582,34.077108],[134.564837,34.077147],[134.564978,34.077198],[134.565129,34.077348],[134.565363,34.077535],[134.565459,34.077613],[134.565657,34.077867],[134.565788,34.078183],[134.565828,34.078331],[134.56582,34.078441],[134.565732,34.07866],[134.564805,34.0788],[134.564762,34.078501],[134.564737,34.078252],[134.564693,34.077989],[134.563575,34.078119],[134.563521,34.077541],[134.563433,34.0769],[134.562928,34.076765],[134.562479,34.07665],[134.562131,34.076014],[134.562154,34.076019],[134.562238,34.076027],[134.562367,34.076042],[134.562523,34.076063],[134.562687,34.076068],[134.562873,34.076101],[134.563113,34.076111],[134.563255,34.076102],[134.563304,34.076102],[134.563669,34.076115],[134.563738,34.076117],[134.563829,34.076126],[134.564157,34.076218],[134.564329,34.076276],[134.564539,34.076376]]]},"properties":{"S_NAME":"南常三島町三丁目","HCODE":8101}},{"type":"Feature","geometry":{"type":"Polygon","coordinates":[[[134.567871,34.074459],[134.567661,34.074645],[134.567593,34.074683],[134.567405,34.074757],[134.567044,34.074908],[134.566732,34.075035],[134.5661,34.075311],[134.565812,34.075445],[134.565195,34.075845],[134.565092,34.0759],[134.564847,34.076052],[134.564672,34.07616],[134.564539,34.076376],[134.564329,34.076276],[134.564157,34.076218],[134.563829,34.076126],[134.563738,34.076117],[134.563669,34.076115],[134.563304,34.076102],[134.563255,34.076102],[134.563113,34.076111],[134.562873,34.076101],[134.562687,34.076068],[134.562523,34.076063],[134.562367,34.076042],[134.562238,34.076027],[134.562154,34.076019],[134.562131,34.076014],[134.561998,34.075983],[134.561901,34.075959],[134.561698,34.075908],[134.561468,34.075838],[134.561003,34.075668],[134.560798,34.075583],[134.560678,34.075539],[134.560602,34.075517],[134.560541,34.07552],[134.560825,34.075279],[134.560944,34.075146],[134.561033,34.074994],[134.561501,34.074318],[134.561732,34.074033],[134.562463,34.073232],[134.563565,34.072573],[134.563778,34.072472],[134.564017,34.072385],[134.564247,34.072339],[134.564586,34.072313],[134.565136,34.072302],[134.565483,34.072323],[134.565738,34.07238],[134.566072,34.07248],[134.566103,34.072489],[134.566357,34.072564],[134.566592,34.072605],[134.566818,34.072626],[134.567006,34.072643],[134.567369,34.072677],[134.567698,34.072728],[134.56761,34.072972],[134.568317,34.072984],[134.56852,34.073835],[134.568194,34.074173],[134.567871,34.074459]]]},"properties":{"S_NAME":"住吉一丁目","HCODE":8101}},{"type":"Feature","geometry":{"type":"Polygon","coordinates":[[[134.567871,34.074459],[134.568142,34.07472],[134.568426,34.074977],[134.568538,34.075069],[134.568617,34.075188],[134.568792,34.075428],[134.568912,34.075597],[134.569144,34.075924],[134.569165,34.075959],[134.569214,34.076103],[134.569317,34.076307],[134.569385,34.076473],[134.569422,34.076575],[134.5694,34.076609],[134.569357,34.07663],[134.569567,34.07708],[134.569684,34.077407],[134.569801,34.077703],[134.569972,34.078197],[134.56925,34.078388],[134.568993,34.078461],[134.568605,34.078554],[134.568158,34.078657],[134.567478,34.07884],[134.567037,34.078912],[134.566657,34.07899],[134.566532,34.078533],[134.566476,34.078292],[134.566451,34.078215],[134.566432,34.078083],[134.566322,34.077811],[134.566186,34.077563],[134.566091,34.077463],[134.566055,34.077401],[134.565791,34.07708],[134.565429,34.076763],[134.565098,34.076606],[134.564725,34.076436],[134.564539,34.076376],[134.564672,34.07616],[134.564847,34.076052],[134.565092,34.0759],[134.565195,34.075845],[134.565812,34.075445],[134.5661,34.075311],[134.566732,34.075035],[134.567044,34.074908],[134.567405,34.074757],[134.567593,34.074683],[134.567661,34.074645],[134.567871,34.074459]]]},"properties":{"S_NAME":"住吉二丁目","HCODE":8101}},{"type":"Feature","geometry":{"type":"Polygon","coordinates":[[[134.570572,34.072174],[134.570723,34.072342],[134.570769,34.072398],[134.570824,34.072431],[134.570952,34.072506],[134.571093,34.072587],[134.571212,34.072673],[134.571258,34.07274],[134.5713,34.07283],[134.571357,34.072903],[134.571431,34.072993],[134.571587,34.073105],[134.572039,34.073436],[134.572236,34.073573],[134.572606,34.073879],[134.572848,34.07405],[134.572746,34.074171],[134.572648,34.074345],[134.572156,34.07522],[134.571559,34.076157],[134.571497,34.076404],[134.571465,34.076743],[134.57145,34.077365],[134.57148,34.077609],[134.571532,34.077799],[134.57117,34.077891],[134.571149,34.077897],[134.571105,34.077908],[134.570108,34.078158],[134.569972,34.078197],[134.569801,34.077703],[134.569684,34.077407],[134.569567,34.07708],[134.569357,34.07663],[134.5694,34.076609],[134.569422,34.076575],[134.569385,34.076473],[134.569317,34.076307],[134.569214,34.076103],[134.569165,34.075959],[134.569144,34.075924],[134.568912,34.075597],[134.568792,34.075428],[134.568617,34.075188],[134.568538,34.075069],[134.568426,34.074977],[134.568142,34.07472],[134.567871,34.074459],[134.568194,34.074173],[134.56852,34.073835],[134.568317,34.072984],[134.56761,34.072972],[134.567698,34.072728],[134.567764,34.072738],[134.56786,34.072748],[134.568267,34.072757],[134.568326,34.072758],[134.568615,34.072742],[134.568885,34.072713],[134.569051,34.072677],[134.569142,34.072646],[134.569261,34.072583],[134.5694,34.072495],[134.569477,34.072456],[134.569753,34.072309],[134.569848,34.07227],[134.569865,34.072266],[134.570013,34.07223],[134.570216,34.072194],[134.570277,34.072184],[134.570395,34.072175],[134.570572,34.072174]]]},"properties":{"S_NAME":"住吉三丁目","HCODE":8101}},{"type":"Feature","geometry":{"type":"Polygon","coordinates":[[[134.571532,34.077799],[134.571577,34.078008],[134.57163,34.078175],[134.5717,34.078298],[134.571963,34.078379],[134.572364,34.078522],[134.572725,34.078729],[134.572909,34.078846],[134.573053,34.078968],[134.573191,34.079133],[134.573666,34.079053],[134.573289,34.080036],[134.573037,34.080726],[134.573554,34.081107],[134.573664,34.081177],[134.573733,34.081221],[134.573882,34.081447],[134.573887,34.081444],[134.573949,34.081552],[134.573962,34.081572],[134.573841,34.081619],[134.574275,34.082398],[134.576413,34.086116],[134.575572,34.086419],[134.574591,34.086773],[134.573361,34.087216],[134.572052,34.087688],[134.571763,34.087792],[134.569468,34.084728],[134.568603,34.083415],[134.568514,34.083166],[134.56851,34.083154],[134.568383,34.082819],[134.568309,34.082597],[134.568213,34.082348],[134.568144,34.082137],[134.568064,34.082134],[134.568061,34.082123],[134.56804,34.081962],[134.56787,34.081958],[134.567795,34.081653],[134.56804,34.081596],[134.567855,34.081071],[134.567799,34.080906],[134.567654,34.08063],[134.567501,34.080441],[134.567403,34.080327],[134.56706,34.079937],[134.566914,34.079748],[134.566858,34.079674],[134.566753,34.079482],[134.566715,34.07935],[134.566688,34.079194],[134.566657,34.07899],[134.567037,34.078912],[134.567478,34.07884],[134.568158,34.078657],[134.568605,34.078554],[134.568993,34.078461],[134.56925,34.078388],[134.569972,34.078197],[134.570108,34.078158],[134.571105,34.077908],[134.571149,34.077897],[134.57117,34.077891],[134.571532,34.077799]]]},"properties":{"S_NAME":"住吉四丁目","HCODE":8101}},{"type":"Feature","geometry":{"type":"Polygon","coordinates":[[[134.573962,34.081572],[134.573949,34.081552],[134.573887,34.081444],[134.573882,34.081447],[134.573733,34.081221],[134.573664,34.081177],[134.573554,34.081107],[134.573037,34.080726],[134.573289,34.080036],[134.573666,34.079053],[134.573191,34.079133],[134.573053,34.078968],[134.572909,34.078846],[134.572725,34.078729],[134.572364,34.078522],[134.571963,34.078379],[134.5717,34.078298],[134.57163,34.078175],[134.571577,34.078008],[134.571532,34.077799],[134.572171,34.077564],[134.572655,34.077402],[134.573136,34.077237],[134.574694,34.076732],[134.57545,34.076446],[134.575901,34.07744],[134.575923,34.077449],[134.575962,34.077449],[134.576256,34.077374],[134.576154,34.077912],[134.576121,34.078386],[134.576141,34.078461],[134.576181,34.078533],[134.576247,34.078587],[134.576259,34.078633],[134.576326,34.07958],[134.576366,34.080125],[134.576439,34.080353],[134.576547,34.08055],[134.573962,34.081572]]]},"properties":{"S_NAME":"住吉五丁目","HCODE":8101}},{"type":"Feature","geometry":{"type":"Polygon","coordinates":[[[134.579344,34.074514],[134.579525,34.074882],[134.579562,34.074935],[134.579613,34.07509],[134.579998,34.076471],[134.580115,34.077037],[134.580144,34.077185],[134.580177,34.077354],[134.58036,34.078251],[134.580402,34.078474],[134.580432,34.078675],[134.580475,34.078741],[134.580516,34.078801],[134.580492,34.078811],[134.58053,34.07891],[134.579618,34.079292],[134.579568,34.079312],[134.579564,34.079314],[134.579569,34.079322],[134.582163,34.084044],[134.58173,34.0842],[134.579066,34.08516],[134.576413,34.086116],[134.574275,34.082398],[134.573841,34.081619],[134.573962,34.081572],[134.576547,34.08055],[134.576439,34.080353],[134.576366,34.080125],[134.576326,34.07958],[134.576259,34.078633],[134.576247,34.078587],[134.576181,34.078533],[134.576141,34.078461],[134.576121,34.078386],[134.576154,34.077912],[134.576256,34.077374],[134.575962,34.077449],[134.575923,34.077449],[134.575901,34.07744],[134.57545,34.076446],[134.576048,34.076214],[134.576667,34.075941],[134.577055,34.075705],[134.578918,34.074732],[134.579344,34.074514]]]},"properties":{"S_NAME":"住吉六丁目","HCODE":8101}},{"type":"Feature","geometry":{"type":"Polygon","coordinates":[[[134.570572,34.072174],[134.570906,34.072148],[134.571173,34.072105],[134.571284,34.07209],[134.571428,34.072059],[134.571492,34.072036],[134.571595,34.071986],[134.571666,34.071903],[134.571788,34.071748],[134.571931,34.071602],[134.572013,34.071547],[134.572094,34.071517],[134.572171,34.071497],[134.572385,34.071444],[134.572616,34.071408],[134.572815,34.07141],[134.572944,34.071419],[134.573412,34.07149],[134.573578,34.071528],[134.573653,34.07172],[134.573975,34.07259],[134.57433,34.073593],[134.574464,34.073975],[134.574735,34.074686],[134.574839,34.074924],[134.575212,34.075891],[134.57545,34.076446],[134.574694,34.076732],[134.573136,34.077237],[134.572655,34.077402],[134.572171,34.077564],[134.571532,34.077799],[134.57148,34.077609],[134.57145,34.077365],[134.571465,34.076743],[134.571497,34.076404],[134.571559,34.076157],[134.572156,34.07522],[134.572648,34.074345],[134.572746,34.074171],[134.572848,34.07405],[134.572606,34.073879],[134.572236,34.073573],[134.572039,34.073436],[134.571587,34.073105],[134.571431,34.072993],[134.571357,34.072903],[134.5713,34.07283],[134.571258,34.07274],[134.571212,34.072673],[134.571093,34.072587],[134.570952,34.072506],[134.570824,34.072431],[134.570769,34.072398],[134.570723,34.072342],[134.570572,34.072174]]]},"properties":{"S_NAME":"城東町一丁目","HCODE":8101}},{"type":"Feature","geometry":{"type":"Polygon","coordinates":[[[134.577459,34.072614],[134.577634,34.072749],[134.577978,34.073012],[134.578389,34.073332],[134.57846,34.073388],[134.579058,34.074045],[134.579083,34.074082],[134.579163,34.074199],[134.579344,34.074514],[134.578918,34.074732],[134.577055,34.075705],[134.576667,34.075941],[134.576048,34.076214],[134.57545,34.076446],[134.575212,34.075891],[134.574839,34.074924],[134.574735,34.074686],[134.574464,34.073975],[134.57433,34.073593],[134.573975,34.07259],[134.573653,34.07172],[134.573578,34.071528],[134.573764,34.071564],[134.573852,34.071584],[134.574134,34.071649],[134.574598,34.071811],[134.574771,34.071885],[134.574994,34.071966],[134.575192,34.072075],[134.575362,34.072172],[134.575577,34.072408],[134.575666,34.072504],[134.575856,34.072612],[134.576197,34.072765],[134.576229,34.072765],[134.576767,34.072773],[134.577459,34.072614]]]},"properties":{"S_NAME":"城東町二丁目","HCODE":8101}},{"type":"Feature","geometry":{"type":"Polygon","coordinates":[[[134.567698,34.072728],[134.567369,34.072677],[134.567006,34.072643],[134.566818,34.072626],[134.566592,34.072605],[134.566357,34.072564],[134.566103,34.072489],[134.566072,34.07248],[134.565738,34.07238],[134.565483,34.072323],[134.565136,34.072302],[134.564586,34.072313],[134.564247,34.072339],[134.564017,34.072385],[134.563778,34.072472],[134.563565,34.072573],[134.562463,34.073232],[134.56246,34.072969],[134.562454,34.072462],[134.562445,34.071691],[134.562483,34.07131],[134.562516,34.070875],[134.562606,34.070289],[134.562673,34.069916],[134.562828,34.06875],[134.562869,34.068475],[134.563112,34.067666],[134.563548,34.066679],[134.56393,34.066666],[134.564265,34.066635],[134.564519,34.06733],[134.564266,34.067472],[134.563634,34.067995],[134.563182,34.068388],[134.563135,34.068711],[134.563317,34.068728],[134.563592,34.068769],[134.564633,34.068527],[134.56489,34.068482],[134.565271,34.068398],[134.565448,34.068372],[134.565539,34.068358],[134.56583,34.068308],[134.565915,34.068293],[134.566996,34.068089],[134.567338,34.069185],[134.567727,34.070586],[134.56786,34.071159],[134.567995,34.071668],[134.568015,34.071769],[134.568097,34.072066],[134.568227,34.072635],[134.568267,34.072757],[134.56786,34.072748],[134.567764,34.072738],[134.567698,34.072728]]]},"properties":{"S_NAME":"福島一丁目","HCODE":8101}},{"type":"Feature","geometry":{"type":"Polygon","coordinates":[[[134.570572,34.072174],[134.570395,34.072175],[134.570277,34.072184],[134.570216,34.072194],[134.570013,34.07223],[134.569865,34.072266],[134.569848,34.07227],[134.569753,34.072309],[134.569477,34.072456],[134.5694,34.072495],[134.569261,34.072583],[134.569142,34.072646],[134.569051,34.072677],[134.568885,34.072713],[134.568615,34.072742],[134.568326,34.072758],[134.568267,34.072757],[134.568227,34.072635],[134.568097,34.072066],[134.568015,34.071769],[134.567995,34.071668],[134.56786,34.071159],[134.567727,34.070586],[134.567338,34.069185],[134.566996,34.068089],[134.568282,34.067871],[134.568965,34.067767],[134.569284,34.068873],[134.569375,34.06917],[134.569515,34.06919],[134.569523,34.069232],[134.569737,34.070419],[134.570135,34.07036],[134.570387,34.071422],[134.570429,34.071648],[134.570572,34.072174]]]},"properties":{"S_NAME":"福島二丁目","HCODE":8101}},{"type":"Feature","geometry":{"type":"Polygon","coordinates":[[[134.573578,34.071528],[134.573412,34.07149],[134.572944,34.071419],[134.572815,34.07141],[134.572616,34.071408],[134.572385,34.071444],[134.572171,34.071497],[134.572094,34.071517],[134.572013,34.071547],[134.571931,34.071602],[134.571788,34.071748],[134.571666,34.071903],[134.571595,34.071986],[134.571492,34.072036],[134.571428,34.072059],[134.571284,34.07209],[134.571173,34.072105],[134.570906,34.072148],[134.570572,34.072174],[134.570429,34.071648],[134.570387,34.071422],[134.570135,34.07036],[134.569737,34.070419],[134.569523,34.069232],[134.569515,34.06919],[134.569853,34.069134],[134.569857,34.06916],[134.570255,34.06909],[134.570274,34.069158],[134.570307,34.069169],[134.570784,34.069122],[134.571062,34.069088],[134.571775,34.069015],[134.571891,34.069007],[134.572515,34.068949],[134.572565,34.068932],[134.572608,34.068909],[134.572693,34.068725],[134.572789,34.069039],[134.572818,34.069052],[134.573283,34.068965],[134.573304,34.068979],[134.573439,34.069476],[134.573538,34.069938],[134.573447,34.069946],[134.573069,34.069997],[134.573439,34.071125],[134.573578,34.071528]]]},"properties":{"S_NAME":"安宅一丁目","HCODE":8101}},{"type":"Feature","geometry":{"type":"Polygon","coordinates":[[[134.576757,34.068514],[134.57697,34.069007],[134.576687,34.069117],[134.577181,34.070262],[134.577187,34.070275],[134.57754,34.071052],[134.577683,34.071314],[134.57777,34.071472],[134.578068,34.071914],[134.577459,34.072614],[134.576767,34.072773],[134.576229,34.072765],[134.576197,34.072765],[134.575856,34.072612],[134.575666,34.072504],[134.575577,34.072408],[134.575362,34.072172],[134.575192,34.072075],[134.574994,34.071966],[134.574771,34.071885],[134.574598,34.071811],[134.574134,34.071649],[134.573852,34.071584],[134.573764,34.071564],[134.573578,34.071528],[134.573439,34.071125],[134.573069,34.069997],[134.573447,34.069946],[134.573538,34.069938],[134.573439,34.069476],[134.573304,34.068979],[134.573283,34.068965],[134.572818,34.069052],[134.572789,34.069039],[134.572693,34.068725],[134.572925,34.068612],[134.573369,34.068521],[134.573502,34.068506],[134.574225,34.068427],[134.574653,34.068379],[134.574772,34.068793],[134.574876,34.069022],[134.575669,34.068813],[134.575726,34.068797],[134.576757,34.068514]]]},"properties":{"S_NAME":"安宅二丁目","HCODE":8101}},{"type":"Feature","geometry":{"type":"Polygon","coordinates":[[[134.581942,34.067507],[134.581914,34.067586],[134.581633,34.068167],[134.581362,34.068727],[134.581341,34.068772],[134.581179,34.069148],[134.581116,34.069224],[134.581095,34.06925],[134.58092,34.06945],[134.580771,34.069621],[134.580566,34.069826],[134.580267,34.070124],[134.580068,34.070318],[134.579824,34.070556],[134.579216,34.071034],[134.578546,34.071501],[134.578264,34.071717],[134.578068,34.071914],[134.57777,34.071472],[134.577683,34.071314],[134.57754,34.071052],[134.577187,34.070275],[134.577181,34.070262],[134.576687,34.069117],[134.57697,34.069007],[134.576757,34.068514],[134.57746,34.068314],[134.577941,34.068181],[134.578247,34.068097],[134.578985,34.067899],[134.579292,34.068063],[134.579566,34.067911],[134.579876,34.067756],[134.580176,34.067636],[134.580353,34.06758],[134.580554,34.067532],[134.581676,34.067517],[134.581942,34.067507]]]},"properties":{"S_NAME":"安宅三丁目","HCODE":8101}},{"type":"Feature","geometry":{"type":"Polygon","coordinates":[[[134.569515,34.06919],[134.569375,34.06917],[134.569284,34.068873],[134.568965,34.067767],[134.569008,34.067758],[134.568875,34.067143],[134.569103,34.067096],[134.569105,34.067016],[134.569186,34.067045],[134.569316,34.067052],[134.569838,34.067008],[134.5715,34.066913],[134.57152,34.067209],[134.571462,34.067228],[134.571599,34.067954],[134.571775,34.069015],[134.571062,34.069088],[134.570784,34.069122],[134.570307,34.069169],[134.570274,34.069158],[134.570255,34.06909],[134.569857,34.06916],[134.569853,34.069134],[134.569515,34.06919]]]},"properties":{"S_NAME":"大和町一丁目","HCODE":8101}},{"type":"Feature","geometry":{"type":"Polygon","coordinates":[[[134.574191,34.065869],[134.574306,34.066313],[134.574438,34.066855],[134.574472,34.067053],[134.574482,34.067154],[134.574507,34.067387],[134.574522,34.067563],[134.574653,34.068379],[134.574225,34.068427],[134.573502,34.068506],[134.573369,34.068521],[134.572925,34.068612],[134.572693,34.068725],[134.572608,34.068909],[134.572565,34.068932],[134.572515,34.068949],[134.571891,34.069007],[134.571775,34.069015],[134.571599,34.067954],[134.571462,34.067228],[134.57152,34.067209],[134.5715,34.066913],[134.572087,34.066855],[134.572172,34.066828],[134.572264,34.066797],[134.572515,34.066706],[134.572756,34.066615],[134.572764,34.066594],[134.572746,34.066449],[134.572749,34.066394],[134.572893,34.066282],[134.573067,34.066197],[134.573187,34.066165],[134.57354,34.066054],[134.574191,34.065869]]]},"properties":{"S_NAME":"大和町二丁目","HCODE":8101}},{"type":"Feature","geometry":{"type":"Polygon","coordinates":[[[134.566335,34.065202],[134.567231,34.066058],[134.567495,34.066349],[134.567628,34.066498],[134.567648,34.066566],[134.567572,34.066581],[134.567633,34.066767],[134.566671,34.066955],[134.56676,34.067234],[134.566996,34.068089],[134.565915,34.068293],[134.56583,34.068308],[134.565539,34.068358],[134.565448,34.068372],[134.565271,34.068398],[134.56489,34.068482],[134.564633,34.068527],[134.563592,34.068769],[134.563317,34.068728],[134.563135,34.068711],[134.563182,34.068388],[134.563634,34.067995],[134.564266,34.067472],[134.564519,34.06733],[134.564265,34.066635],[134.564319,34.06663],[134.564441,34.066585],[134.565247,34.066013],[134.565614,34.065757],[134.565974,34.065469],[134.566335,34.065202]]]},"properties":{"S_NAME":"新南福島一丁目","HCODE":8101}},{"type":"Feature","geometry":{"type":"Polygon","coordinates":[[[134.567648,34.066566],[134.568868,34.066319],[134.568878,34.066324],[134.568903,34.06649],[134.568986,34.066774],[134.569066,34.066976],[134.569105,34.067016],[134.569103,34.067096],[134.568875,34.067143],[134.569008,34.067758],[134.568965,34.067767],[134.568282,34.067871],[134.566996,34.068089],[134.56676,34.067234],[134.566671,34.066955],[134.567633,34.066767],[134.567572,34.066581],[134.567648,34.066566]]]},"properties":{"S_NAME":"新南福島二丁目","HCODE":8101}},{"type":"Feature","geometry":{"type":"Polygon","coordinates":[[[134.572172,34.066828],[134.572087,34.066855],[134.5715,34.066913],[134.569838,34.067008],[134.569316,34.067052],[134.569186,34.067045],[134.569105,34.067016],[134.569066,34.066976],[134.568986,34.066774],[134.568903,34.06649],[134.568878,34.066324],[134.568868,34.066319],[134.567648,34.066566],[134.567628,34.066498],[134.567495,34.066349],[134.567231,34.066058],[134.566335,34.065202],[134.566785,34.064694],[134.567094,34.064182],[134.567441,34.063598],[134.567912,34.062932],[134.567955,34.062873],[134.56829,34.062409],[134.568405,34.062291],[134.569035,34.06162],[134.569468,34.061205],[134.570097,34.062048],[134.570203,34.062203],[134.570041,34.06233],[134.570167,34.062627],[134.570427,34.06253],[134.57044,34.062575],[134.570724,34.06357],[134.570873,34.064093],[134.570891,34.064157],[134.571069,34.064802],[134.571208,34.064726],[134.571655,34.064525],[134.571759,34.065005],[134.572035,34.066203],[134.572172,34.066828]]]},"properties":{"S_NAME":"末広一丁目","HCODE":8101}},{"type":"Feature","geometry":{"type":"Polygon","coordinates":[[[134.575115,34.063287],[134.575385,34.064234],[134.575525,34.064726],[134.575735,34.065477],[134.574182,34.065835],[134.574191,34.065869],[134.57354,34.066054],[134.573187,34.066165],[134.573067,34.066197],[134.572893,34.066282],[134.572749,34.066394],[134.572746,34.066449],[134.572764,34.066594],[134.572756,34.066615],[134.572515,34.066706],[134.572264,34.066797],[134.572172,34.066828],[134.572035,34.066203],[134.571759,34.065005],[134.571655,34.064525],[134.572175,34.064293],[134.572582,34.064075],[134.572896,34.0639],[134.573023,34.063848],[134.573132,34.063837],[134.573255,34.063848],[134.5734,34.063906],[134.573339,34.063761],[134.573359,34.063736],[134.573364,34.063735],[134.574044,34.063561],[134.575115,34.063287]]]},"properties":{"S_NAME":"末広二丁目","HCODE":8101}},{"type":"Feature","geometry":{"type":"Polygon","coordinates":[[[134.576925,34.065202],[134.576931,34.065203],[134.577021,34.065316],[134.577097,34.065486],[134.577204,34.066149],[134.577274,34.066567],[134.577308,34.066596],[134.577317,34.066892],[134.577376,34.067602],[134.577394,34.067758],[134.57746,34.068314],[134.576757,34.068514],[134.575726,34.068797],[134.575669,34.068813],[134.574876,34.069022],[134.574772,34.068793],[134.574653,34.068379],[134.574522,34.067563],[134.574507,34.067387],[134.574482,34.067154],[134.574472,34.067053],[134.574438,34.066855],[134.574306,34.066313],[134.574191,34.065869],[134.574182,34.065835],[134.575735,34.065477],[134.575808,34.065742],[134.576309,34.06548],[134.576894,34.065195],[134.576925,34.065202]]]},"properties":{"S_NAME":"末広三丁目","HCODE":8101}},{"type":"Feature","geometry":{"type":"Polygon","coordinates":[[[134.581942,34.067507],[134.581676,34.067517],[134.580554,34.067532],[134.580353,34.06758],[134.580176,34.067636],[134.579876,34.067756],[134.579566,34.067911],[134.579292,34.068063],[134.578985,34.067899],[134.578247,34.068097],[134.577941,34.068181],[134.57746,34.068314],[134.577394,34.067758],[134.577376,34.067602],[134.577317,34.066892],[134.577308,34.066596],[134.577274,34.066567],[134.577204,34.066149],[134.577097,34.065486],[134.577021,34.065316],[134.576931,34.065203],[134.576925,34.065202],[134.577617,34.064861],[134.577757,34.065106],[134.578146,34.06489],[134.578109,34.064781],[134.578295,34.064687],[134.578285,34.064663],[134.579081,34.064231],[134.579674,34.063916],[134.579606,34.063825],[134.579582,34.063795],[134.579939,34.063584],[134.579954,34.063665],[134.580798,34.063483],[134.581219,34.06342],[134.581282,34.06341],[134.581499,34.064087],[134.581605,34.064436],[134.581724,34.064827],[134.581827,34.065192],[134.581838,34.065241],[134.581896,34.065538],[134.581926,34.065663],[134.582021,34.06602],[134.582062,34.066276],[134.582089,34.066501],[134.582083,34.066797],[134.582039,34.067231],[134.581942,34.067507]]]},"properties":{"S_NAME":"末広四丁目","HCODE":8101}},{"type":"Feature","geometry":{"type":"Polygon","coordinates":[[[134.576925,34.065202],[134.576894,34.065195],[134.576309,34.06548],[134.575808,34.065742],[134.575735,34.065477],[134.575525,34.064726],[134.575385,34.064234],[134.575115,34.063287],[134.575051,34.06302],[134.575356,34.062962],[134.576126,34.062806],[134.576968,34.062606],[134.57725,34.062551],[134.577904,34.062391],[134.579666,34.061913],[134.579694,34.062155],[134.580623,34.062874],[134.580643,34.062907],[134.580798,34.063483],[134.579954,34.063665],[134.579939,34.063584],[134.579582,34.063795],[134.579606,34.063825],[134.579674,34.063916],[134.579081,34.064231],[134.578285,34.064663],[134.578295,34.064687],[134.578109,34.064781],[134.578146,34.06489],[134.577757,34.065106],[134.577617,34.064861],[134.576925,34.065202]]]},"properties":{"S_NAME":"末広五丁目","HCODE":8101}},{"type":"Feature","geometry":{"type":"Polygon","coordinates":[[[134.575115,34.063287],[134.574044,34.063561],[134.573364,34.063735],[134.573359,34.063736],[134.573339,34.063761],[134.5734,34.063906],[134.573255,34.063848],[134.573132,34.063837],[134.573023,34.063848],[134.572896,34.0639],[134.572582,34.064075],[134.572175,34.064293],[134.571655,34.064525],[134.571208,34.064726],[134.571069,34.064802],[134.570891,34.064157],[134.570873,34.064093],[134.570724,34.06357],[134.57044,34.062575],[134.570427,34.06253],[134.570167,34.062627],[134.570041,34.06233],[134.570203,34.062203],[134.570097,34.062048],[134.569468,34.061205],[134.570065,34.060671],[134.570426,34.060347],[134.570595,34.060214],[134.570975,34.05992],[134.571226,34.059729],[134.57158,34.059486],[134.571694,34.059428],[134.572321,34.059109],[134.572346,34.06022],[134.572439,34.060179],[134.572496,34.060154],[134.572595,34.06011],[134.572786,34.060074],[134.573532,34.059523],[134.573618,34.059459],[134.573639,34.05945],[134.573659,34.059449],[134.573681,34.059455],[134.573718,34.059472],[134.573747,34.059497],[134.573697,34.059537],[134.573755,34.059588],[134.573807,34.05955],[134.573842,34.059579],[134.574306,34.059226],[134.574346,34.059227],[134.574456,34.059318],[134.574524,34.059377],[134.574534,34.059386],[134.575086,34.059135],[134.575063,34.05907],[134.578295,34.057921],[134.579362,34.05995],[134.579498,34.059983],[134.58008,34.059884],[134.580099,34.059942],[134.580719,34.061873],[134.580818,34.062184],[134.580914,34.062419],[134.581282,34.06341],[134.581219,34.06342],[134.580798,34.063483],[134.580643,34.062907],[134.580623,34.062874],[134.579694,34.062155],[134.579666,34.061913],[134.577904,34.062391],[134.57725,34.062551],[134.576968,34.062606],[134.576126,34.062806],[134.575356,34.062962],[134.575051,34.06302],[134.575115,34.063287]]]},"properties":{"S_NAME":"南末広町","HCODE":8101}},{"type":"Feature","geometry":{"type":"Polygon","coordinates":[[[134.584755,34.077058],[134.584409,34.077155],[134.584193,34.077226],[134.583908,34.077337],[134.583649,34.077446],[134.58323,34.077645],[134.582004,34.078239],[134.581555,34.078463],[134.580801,34.078803],[134.58062,34.078874],[134.580556,34.078787],[134.580535,34.078795],[134.580516,34.078801],[134.580475,34.078741],[134.580432,34.078675],[134.580402,34.078474],[134.58036,34.078251],[134.580177,34.077354],[134.580144,34.077185],[134.580115,34.077037],[134.579998,34.076471],[134.579613,34.07509],[134.579562,34.074935],[134.579525,34.074882],[134.579344,34.074514],[134.579163,34.074199],[134.579083,34.074082],[134.581102,34.073183],[134.581463,34.073022],[134.581461,34.073013],[134.582298,34.072653],[134.583276,34.072232],[134.583367,34.072213],[134.583382,34.072209],[134.58348,34.072237],[134.58359,34.072662],[134.583886,34.073934],[134.583921,34.074084],[134.584164,34.075086],[134.584441,34.076593],[134.584755,34.077058]]]},"properties":{"S_NAME":"金沢一丁目","HCODE":8101}},{"type":"Feature","geometry":{"type":"Polygon","coordinates":[[[134.593733,34.074357],[134.593692,34.074377],[134.593677,34.07439],[134.593671,34.074406],[134.593665,34.074476],[134.593623,34.074528],[134.59362,34.074538],[134.593622,34.074566],[134.593675,34.074643],[134.593678,34.074666],[134.593667,34.07469],[134.593669,34.07474],[134.593654,34.074752],[134.593629,34.074758],[134.593599,34.074755],[134.593568,34.074745],[134.593517,34.074718],[134.593489,34.074711],[134.593463,34.074712],[134.593425,34.074716],[134.593413,34.074716],[134.593358,34.074702],[134.593317,34.074699],[134.593282,34.074717],[134.593261,34.07474],[134.593251,34.074749],[134.593237,34.074753],[134.593224,34.074753],[134.593162,34.074739],[134.593109,34.074739],[134.593094,34.074737],[134.593036,34.07471],[134.593009,34.07471],[134.59297,34.074743],[134.592952,34.07474],[134.592928,34.074731],[134.592826,34.074672],[134.592765,34.074653],[134.592622,34.074628],[134.592532,34.074598],[134.592454,34.074587],[134.592268,34.074665],[134.592176,34.0747],[134.591903,34.074789],[134.591894,34.074792],[134.591367,34.074979],[134.590812,34.075172],[134.590803,34.075177],[134.590533,34.075267],[134.589552,34.07562],[134.588075,34.076101],[134.588041,34.076112],[134.587093,34.076409],[134.587073,34.076358],[134.587071,34.076357],[134.587067,34.076356],[134.587059,34.076356],[134.587056,34.076357],[134.587053,34.076359],[134.587047,34.076364],[134.587067,34.076414],[134.586316,34.076622],[134.586279,34.076633],[134.584863,34.077022],[134.584755,34.077058],[134.584441,34.076593],[134.584164,34.075086],[134.583921,34.074084],[134.583886,34.073934],[134.58359,34.072662],[134.58348,34.072237],[134.583523,34.072209],[134.584506,34.071873],[134.585315,34.071589],[134.58576,34.071432],[134.585841,34.071392],[134.586251,34.071044],[134.586583,34.070762],[134.5868,34.071056],[134.587013,34.071167],[134.587197,34.071417],[134.587293,34.0716],[134.58746,34.071842],[134.587567,34.071997],[134.588351,34.073194],[134.588321,34.073205],[134.588546,34.073589],[134.589027,34.074387],[134.589571,34.07533],[134.591252,34.074827],[134.59354,34.074077],[134.593733,34.074357]]]},"properties":{"S_NAME":"金沢二丁目","HCODE":8101}},{"type":"Feature","geometry":{"type":"Polygon","coordinates":[[[134.58348,34.072237],[134.583382,34.072209],[134.583367,34.072213],[134.583276,34.072232],[134.582298,34.072653],[134.581461,34.073013],[134.581463,34.073022],[134.581102,34.073183],[134.579083,34.074082],[134.579058,34.074045],[134.57846,34.073388],[134.578389,34.073332],[134.577978,34.073012],[134.577634,34.072749],[134.577459,34.072614],[134.578068,34.071914],[134.578264,34.071717],[134.578546,34.071501],[134.579216,34.071034],[134.579824,34.070556],[134.580068,34.070318],[134.580267,34.070124],[134.580566,34.069826],[134.580771,34.069621],[134.58092,34.06945],[134.581095,34.06925],[134.581116,34.069224],[134.581179,34.069148],[134.581341,34.068772],[134.581362,34.068727],[134.581633,34.068167],[134.581914,34.067586],[134.581942,34.067507],[134.582338,34.067511],[134.582416,34.06751],[134.583565,34.067106],[134.583908,34.067001],[134.584147,34.066926],[134.584659,34.066727],[134.585118,34.067691],[134.585552,34.068633],[134.586195,34.070024],[134.586301,34.070234],[134.586421,34.070461],[134.586431,34.070481],[134.586583,34.070762],[134.586251,34.071044],[134.585841,34.071392],[134.58576,34.071432],[134.585315,34.071589],[134.584506,34.071873],[134.583523,34.072209],[134.58348,34.072237]]]},"properties":{"S_NAME":"北沖洲一丁目","HCODE":8101}},{"type":"Feature","geometry":{"type":"Polygon","coordinates":[[[134.587032,34.065901],[134.587483,34.066821],[134.587484,34.066821],[134.587935,34.06768],[134.588178,34.068144],[134.588181,34.068137],[134.588628,34.068986],[134.589004,34.069729],[134.589318,34.070355],[134.589454,34.070625],[134.589677,34.07102],[134.589963,34.071577],[134.590345,34.072343],[134.5904,34.072497],[134.592623,34.072897],[134.592729,34.072962],[134.592917,34.07322],[134.59354,34.074077],[134.591252,34.074827],[134.589571,34.07533],[134.589027,34.074387],[134.588546,34.073589],[134.588321,34.073205],[134.588351,34.073194],[134.587567,34.071997],[134.58746,34.071842],[134.587293,34.0716],[134.587197,34.071417],[134.587013,34.071167],[134.5868,34.071056],[134.586583,34.070762],[134.586431,34.070481],[134.586421,34.070461],[134.586301,34.070234],[134.586195,34.070024],[134.585552,34.068633],[134.585118,34.067691],[134.584659,34.066727],[134.584873,34.066654],[134.585197,34.066547],[134.585735,34.066361],[134.585813,34.066338],[134.586797,34.065986],[134.587032,34.065901]]]},"properties":{"S_NAME":"北沖洲二丁目","HCODE":8101}},{"type":"Feature","geometry":{"type":"Polygon","coordinates":[[[134.590421,34.063869],[134.590425,34.063916],[134.590429,34.063957],[134.590475,34.064041],[134.590493,34.064073],[134.590496,34.064075],[134.590627,34.06407],[134.590492,34.065161],[134.590472,34.065327],[134.590264,34.065412],[134.590337,34.066025],[134.590604,34.066891],[134.590742,34.067342],[134.591434,34.068852],[134.592014,34.070207],[134.592236,34.07014],[134.59253,34.07078],[134.592797,34.071473],[134.592848,34.071551],[134.593092,34.072113],[134.593285,34.072563],[134.592623,34.072897],[134.5904,34.072497],[134.590345,34.072343],[134.589963,34.071577],[134.589677,34.07102],[134.589454,34.070625],[134.589318,34.070355],[134.589004,34.069729],[134.588628,34.068986],[134.588181,34.068137],[134.588178,34.068144],[134.587935,34.06768],[134.587484,34.066821],[134.587483,34.066821],[134.587032,34.065901],[134.587769,34.065646],[134.587883,34.065606],[134.588299,34.065459],[134.589061,34.065189],[134.589332,34.06509],[134.589477,34.064998],[134.589575,34.064923],[134.589596,34.064894],[134.589793,34.064622],[134.589974,34.0642],[134.59006,34.063923],[134.590215,34.063901],[134.590381,34.063878],[134.590395,34.063875],[134.590395,34.063874],[134.590408,34.063872],[134.590421,34.063869]]]},"properties":{"S_NAME":"北沖洲三丁目","HCODE":8101}},{"type":"Feature","geometry":{"type":"Polygon","coordinates":[[[134.600195,34.069459],[134.600039,34.069555],[134.600043,34.069562],[134.599917,34.069654],[134.599678,34.06983],[134.599508,34.069967],[134.599322,34.070117],[134.599038,34.070359],[134.598937,34.070453],[134.598729,34.070666],[134.598554,34.070884],[134.598418,34.071058],[134.598227,34.071346],[134.598216,34.071361],[134.598199,34.071454],[134.598178,34.071524],[134.598153,34.071592],[134.598118,34.071673],[134.598062,34.071755],[134.597986,34.071865],[134.597934,34.071953],[134.597906,34.072003],[134.597892,34.072034],[134.597874,34.072088],[134.597859,34.072133],[134.597839,34.072164],[134.597816,34.072196],[134.597805,34.072237],[134.597798,34.072262],[134.597791,34.072304],[134.597815,34.072344],[134.597837,34.072391],[134.597839,34.072432],[134.597885,34.072481],[134.598023,34.072431],[134.598037,34.072432],[134.598047,34.072438],[134.598056,34.072453],[134.598062,34.072462],[134.598062,34.072475],[134.598036,34.072493],[134.597697,34.072613],[134.597683,34.072616],[134.597666,34.072629],[134.597658,34.07264],[134.59764,34.072664],[134.597599,34.072782],[134.597593,34.072819],[134.597606,34.073045],[134.597648,34.073193],[134.597683,34.073367],[134.597686,34.073376],[134.597712,34.073578],[134.597736,34.073827],[134.597737,34.073958],[134.597762,34.074205],[134.597774,34.074402],[134.597774,34.07451],[134.597767,34.074555],[134.597707,34.074752],[134.597702,34.074769],[134.597701,34.074777],[134.597678,34.074825],[134.597616,34.07493],[134.597561,34.075036],[134.597462,34.075165],[134.597412,34.075252],[134.59726,34.075424],[134.597037,34.075644],[134.596861,34.07579],[134.596713,34.075932],[134.596631,34.076018],[134.596624,34.076025],[134.5966,34.076047],[134.59657,34.076074],[134.596543,34.076099],[134.596518,34.076121],[134.596492,34.076141],[134.596463,34.076161],[134.596427,34.07618],[134.59639,34.076198],[134.596351,34.076218],[134.596313,34.076235],[134.596277,34.076252],[134.59624,34.076269],[134.596201,34.076285],[134.596157,34.076299],[134.596112,34.076312],[134.596065,34.076326],[134.596021,34.07634],[134.59598,34.076355],[134.595942,34.076369],[134.595911,34.076381],[134.595884,34.076389],[134.595861,34.076392],[134.595842,34.076392],[134.595823,34.076389],[134.595805,34.076383],[134.595786,34.076375],[134.595771,34.076365],[134.595757,34.076354],[134.595746,34.076341],[134.595741,34.076325],[134.595744,34.076307],[134.595753,34.076284],[134.595766,34.07626],[134.59578,34.076234],[134.595792,34.076207],[134.595803,34.076181],[134.595816,34.076155],[134.595833,34.07613],[134.595853,34.076107],[134.595876,34.076087],[134.595903,34.076068],[134.595929,34.076052],[134.59598,34.076031],[134.59601,34.076011],[134.596065,34.075982],[134.596107,34.075959],[134.596147,34.075937],[134.596223,34.075884],[134.596406,34.07569],[134.596447,34.075623],[134.596539,34.075532],[134.596642,34.07541],[134.596709,34.075357],[134.596743,34.075322],[134.596801,34.07523],[134.596818,34.075209],[134.596869,34.075164],[134.596952,34.075109],[134.597077,34.075007],[134.597166,34.074946],[134.597261,34.074877],[134.597334,34.074814],[134.597369,34.074773],[134.597412,34.074693],[134.597422,34.074666],[134.597437,34.07458],[134.597429,34.074538],[134.597388,34.074448],[134.597383,34.074428],[134.597395,34.074243],[134.597383,34.074161],[134.597387,34.074138],[134.597392,34.074115],[134.597395,34.074106],[134.597393,34.074054],[134.597413,34.073994],[134.597419,34.07396],[134.597382,34.07389],[134.597382,34.073849],[134.597402,34.073794],[134.597397,34.073748],[134.59736,34.073685],[134.597352,34.07366],[134.59735,34.073637],[134.597373,34.073571],[134.597371,34.073552],[134.59733,34.073474],[134.597327,34.073359],[134.597293,34.073266],[134.597279,34.07308],[134.597273,34.073051],[134.597229,34.072984],[134.597185,34.072971],[134.597152,34.072968],[134.59711,34.072972],[134.596602,34.073148],[134.596393,34.073201],[134.596244,34.073416],[134.596228,34.073454],[134.596184,34.07361],[134.596174,34.073716],[134.596172,34.07386],[134.596173,34.073868],[134.59616,34.073974],[134.596136,34.074076],[134.596087,34.074378],[134.595984,34.074656],[134.595912,34.074786],[134.595874,34.074839],[134.595853,34.074963],[134.595842,34.074985],[134.595822,34.075011],[134.595784,34.075047],[134.595761,34.075094],[134.595718,34.075198],[134.595697,34.075227],[134.595652,34.07527],[134.595579,34.075297],[134.59539,34.075389],[134.595313,34.075415],[134.595291,34.075415],[134.595261,34.075407],[134.595223,34.07538],[134.595192,34.075334],[134.595192,34.075318],[134.595203,34.075287],[134.595247,34.075221],[134.59528,34.075161],[134.595325,34.07511],[134.59539,34.075054],[134.5954,34.075041],[134.595419,34.074967],[134.595429,34.074947],[134.595464,34.0749],[134.59547,34.074886],[134.595471,34.074805],[134.595463,34.074786],[134.595441,34.074764],[134.595429,34.074746],[134.595431,34.074705],[134.595436,34.074696],[134.595452,34.074646],[134.595447,34.074632],[134.595423,34.074602],[134.595385,34.074571],[134.595316,34.074475],[134.595266,34.074437],[134.595229,34.074416],[134.595195,34.074412],[134.595184,34.074418],[134.595173,34.07443],[134.595171,34.074442],[134.595176,34.074484],[134.595174,34.074503],[134.59516,34.074511],[134.595121,34.074514],[134.595101,34.074509],[134.595042,34.074478],[134.595023,34.074483],[134.595008,34.074502],[134.595006,34.074527],[134.594994,34.074534],[134.594959,34.074534],[134.594938,34.074528],[134.594914,34.074512],[134.594912,34.074497],[134.594917,34.074487],[134.594966,34.074448],[134.594984,34.074417],[134.594996,34.074409],[134.59501,34.074409],[134.595024,34.074421],[134.59503,34.074431],[134.595044,34.07444],[134.595065,34.074441],[134.595081,34.074432],[134.595095,34.074411],[134.595096,34.074399],[134.595083,34.074381],[134.595038,34.074357],[134.595028,34.074346],[134.59503,34.074329],[134.595048,34.074318],[134.595077,34.074318],[134.59512,34.074325],[134.595144,34.074323],[134.595176,34.074305],[134.595213,34.074246],[134.595221,34.074205],[134.595215,34.074114],[134.595222,34.074102],[134.595244,34.074088],[134.595277,34.074082],[134.59536,34.074092],[134.595424,34.074088],[134.595492,34.074075],[134.595529,34.074076],[134.595558,34.074085],[134.595568,34.074091],[134.595616,34.074115],[134.595635,34.074129],[134.59564,34.074139],[134.595639,34.074157],[134.595619,34.074222],[134.595621,34.074244],[134.595649,34.074287],[134.595677,34.074306],[134.595687,34.074309],[134.595701,34.074309],[134.595709,34.074302],[134.595715,34.07429],[134.595719,34.074266],[134.595709,34.074244],[134.595687,34.074213],[134.595679,34.074195],[134.595682,34.074129],[134.595672,34.0741],[134.595676,34.074039],[134.595598,34.073979],[134.59557,34.073979],[134.595554,34.073995],[134.595538,34.074035],[134.595519,34.074045],[134.595427,34.07405],[134.595372,34.074065],[134.595346,34.074068],[134.59532,34.074059],[134.595305,34.074042],[134.595293,34.073986],[134.595276,34.073953],[134.595275,34.073924],[134.595268,34.073908],[134.595255,34.073898],[134.595212,34.073885],[134.595169,34.073881],[134.595124,34.073887],[134.595107,34.073893],[134.595033,34.073927],[134.595022,34.07393],[134.595008,34.073934],[134.594967,34.073935],[134.594877,34.073916],[134.594843,34.073911],[134.594825,34.073912],[134.594812,34.073918],[134.594727,34.073987],[134.594638,34.074037],[134.594629,34.074043],[134.594586,34.074082],[134.594562,34.074089],[134.594551,34.074087],[134.594384,34.074017],[134.594371,34.074016],[134.594354,34.074016],[134.594306,34.074022],[134.594236,34.074038],[134.594185,34.074059],[134.594132,34.074069],[134.594066,34.074103],[134.594038,34.074128],[134.593993,34.074185],[134.593983,34.074216],[134.59397,34.074237],[134.59394,34.074258],[134.593828,34.074285],[134.593775,34.074311],[134.593733,34.074357],[134.59354,34.074077],[134.592917,34.07322],[134.592729,34.072962],[134.592623,34.072897],[134.593285,34.072563],[134.593092,34.072113],[134.592848,34.071551],[134.592797,34.071473],[134.59253,34.07078],[134.592236,34.07014],[134.592014,34.070207],[134.591434,34.068852],[134.590742,34.067342],[134.590604,34.066891],[134.590337,34.066025],[134.590264,34.065412],[134.590472,34.065327],[134.590492,34.065161],[134.590627,34.06407],[134.590496,34.064075],[134.590493,34.064073],[134.590475,34.064041],[134.590429,34.063957],[134.590425,34.063916],[134.590421,34.063869],[134.590598,34.063834],[134.590598,34.063833],[134.590686,34.063798],[134.590764,34.063784],[134.591095,34.06363],[134.591535,34.06343],[134.591569,34.063416],[134.591756,34.063343],[134.591779,34.063351],[134.592593,34.063094],[134.592651,34.063076],[134.593928,34.062691],[134.594354,34.063503],[134.594429,34.063645],[134.595637,34.06614],[134.596733,34.067891],[134.596909,34.067965],[134.598627,34.067354],[134.599149,34.067574],[134.600195,34.069459]]]},"properties":{"S_NAME":"北沖洲四丁目","HCODE":8101}},{"type":"Feature","geometry":{"type":"Polygon","coordinates":[[[134.585735,34.066361],[134.585197,34.066547],[134.584873,34.066654],[134.584659,34.066727],[134.584147,34.066926],[134.583908,34.067001],[134.583565,34.067106],[134.582416,34.06751],[134.582338,34.067511],[134.581942,34.067507],[134.582039,34.067231],[134.582083,34.066797],[134.582089,34.066501],[134.582062,34.066276],[134.582021,34.06602],[134.581926,34.065663],[134.581896,34.065538],[134.581838,34.065241],[134.581827,34.065192],[134.581724,34.064827],[134.581605,34.064436],[134.581499,34.064087],[134.581282,34.06341],[134.580914,34.062419],[134.58138,34.062361],[134.582054,34.062278],[134.58214,34.062328],[134.582476,34.062278],[134.582571,34.062222],[134.582679,34.062185],[134.582812,34.062153],[134.582932,34.062126],[134.582965,34.06207],[134.582937,34.061856],[134.582955,34.061817],[134.583675,34.061654],[134.58393,34.061609],[134.584011,34.061577],[134.584097,34.061498],[134.584213,34.061455],[134.584255,34.061588],[134.584218,34.061808],[134.584367,34.062219],[134.584681,34.063088],[134.584742,34.063269],[134.584781,34.063386],[134.585052,34.064127],[134.585015,34.064188],[134.584795,34.064313],[134.585122,34.065118],[134.58521,34.065093],[134.585735,34.066361]]]},"properties":{"S_NAME":"南沖洲一丁目","HCODE":8101}},{"type":"Feature","geometry":{"type":"Polygon","coordinates":[[[134.587883,34.065606],[134.587769,34.065646],[134.587032,34.065901],[134.586797,34.065986],[134.585813,34.066338],[134.585735,34.066361],[134.58521,34.065093],[134.585122,34.065118],[134.584795,34.064313],[134.585015,34.064188],[134.585052,34.064127],[134.584781,34.063386],[134.584742,34.063269],[134.584681,34.063088],[134.584367,34.062219],[134.584218,34.061808],[134.584255,34.061588],[134.584213,34.061455],[134.584856,34.061273],[134.585151,34.061196],[134.585425,34.061103],[134.585539,34.061137],[134.585636,34.061177],[134.585755,34.061265],[134.586079,34.061413],[134.58647,34.061585],[134.58678,34.061722],[134.587024,34.061823],[134.587041,34.061843],[134.587043,34.061848],[134.587068,34.061935],[134.587095,34.062033],[134.587127,34.062193],[134.587199,34.062793],[134.587244,34.06325],[134.587262,34.063419],[134.587286,34.063659],[134.587311,34.063884],[134.587352,34.063986],[134.587559,34.064502],[134.58767,34.064886],[134.587883,34.065606]]]},"properties":{"S_NAME":"南沖洲二丁目","HCODE":8101}},{"type":"Feature","geometry":{"type":"Polygon","coordinates":[[[134.590395,34.063874],[134.590395,34.063875],[134.590381,34.063878],[134.590215,34.063901],[134.59006,34.063923],[134.589974,34.0642],[134.589793,34.064622],[134.589596,34.064894],[134.589575,34.064923],[134.589477,34.064998],[134.589332,34.06509],[134.589061,34.065189],[134.588299,34.065459],[134.587883,34.065606],[134.58767,34.064886],[134.587559,34.064502],[134.587352,34.063986],[134.587311,34.063884],[134.587286,34.063659],[134.587262,34.063419],[134.587244,34.06325],[134.587199,34.062793],[134.587127,34.062193],[134.587095,34.062033],[134.587068,34.061935],[134.587043,34.061848],[134.587041,34.061843],[134.587024,34.061823],[134.58678,34.061722],[134.58647,34.061585],[134.586079,34.061413],[134.585755,34.061265],[134.585636,34.061177],[134.585539,34.061137],[134.585425,34.061103],[134.585475,34.06108],[134.585488,34.061048],[134.585436,34.060904],[134.585409,34.0608],[134.5854,34.060714],[134.585409,34.060571],[134.585425,34.0604],[134.585417,34.060145],[134.585391,34.059956],[134.58529,34.05986],[134.585177,34.059765],[134.585129,34.059726],[134.585135,34.059658],[134.585152,34.059541],[134.585178,34.059461],[134.585187,34.059433],[134.585257,34.059368],[134.585428,34.059253],[134.585658,34.059094],[134.585886,34.059291],[134.586082,34.059348],[134.587497,34.060195],[134.588637,34.060857],[134.588866,34.061032],[134.589187,34.061251],[134.589555,34.06167],[134.589651,34.061787],[134.589797,34.061949],[134.589963,34.062138],[134.590455,34.063005],[134.59066,34.063496],[134.590651,34.063542],[134.590413,34.063498],[134.590395,34.063874]]]},"properties":{"S_NAME":"南沖洲三丁目","HCODE":8101}},{"type":"Feature","geometry":{"type":"Polygon","coordinates":[[[134.593928,34.062691],[134.592651,34.063076],[134.592593,34.063094],[134.591779,34.063351],[134.591756,34.063343],[134.591569,34.063416],[134.591535,34.06343],[134.591095,34.06363],[134.590764,34.063784],[134.590686,34.063798],[134.590598,34.063833],[134.590598,34.063834],[134.590421,34.063869],[134.590408,34.063872],[134.590395,34.063874],[134.590413,34.063498],[134.590651,34.063542],[134.59066,34.063496],[134.590455,34.063005],[134.589963,34.062138],[134.589797,34.061949],[134.589651,34.061787],[134.589555,34.06167],[134.589187,34.061251],[134.588866,34.061032],[134.588637,34.060857],[134.587497,34.060195],[134.586082,34.059348],[134.585886,34.059291],[134.585658,34.059094],[134.585857,34.058958],[134.585589,34.0581],[134.584945,34.056274],[134.584877,34.055999],[134.584856,34.055992],[134.58483,34.055978],[134.58482,34.055971],[134.584805,34.055951],[134.584805,34.055926],[134.584821,34.055911],[134.584858,34.055892],[134.585448,34.055818],[134.586012,34.055722],[134.586149,34.055697],[134.58616,34.055696],[134.586168,34.055737],[134.586589,34.055639],[134.586836,34.055575],[134.587652,34.055343],[134.587979,34.055245],[134.588328,34.055134],[134.589046,34.054888],[134.589911,34.054569],[134.59027,34.054426],[134.59028,34.05442],[134.590676,34.054262],[134.591198,34.054035],[134.591218,34.054078],[134.591165,34.054102],[134.591153,34.054084],[134.590469,34.054371],[134.590304,34.054439],[134.589848,34.054617],[134.589256,34.054828],[134.588983,34.054932],[134.588355,34.055153],[134.588353,34.055219],[134.58834,34.055451],[134.58835,34.055633],[134.588395,34.055992],[134.588432,34.056171],[134.588495,34.056387],[134.588503,34.056456],[134.588503,34.056458],[134.588504,34.056458],[134.588676,34.056991],[134.588681,34.056994],[134.588699,34.057044],[134.58882,34.057007],[134.590676,34.05643],[134.590676,34.056432],[134.591222,34.0576],[134.5924,34.059791],[134.592569,34.060105],[134.593928,34.062691]]]},"properties":{"S_NAME":"南沖洲四丁目","HCODE":8101}},{"type":"Feature","geometry":{"type":"Polygon","coordinates":[[[134.584213,34.061455],[134.584097,34.061498],[134.584011,34.061577],[134.58393,34.061609],[134.583675,34.061654],[134.582955,34.061817],[134.582937,34.061856],[134.582965,34.06207],[134.582932,34.062126],[134.582812,34.062153],[134.582679,34.062185],[134.582571,34.062222],[134.582476,34.062278],[134.58214,34.062328],[134.582054,34.062278],[134.58138,34.062361],[134.580914,34.062419],[134.580818,34.062184],[134.580719,34.061873],[134.580099,34.059942],[134.58008,34.059884],[134.580611,34.059795],[134.58074,34.059771],[134.580906,34.059736],[134.580793,34.059269],[134.580635,34.059293],[134.580497,34.059315],[134.580467,34.059321],[134.58038,34.058959],[134.580183,34.05814],[134.580551,34.057083],[134.580578,34.057074],[134.582045,34.056754],[134.582025,34.0567],[134.582006,34.056698],[134.581996,34.056671],[134.582013,34.056656],[134.582001,34.056616],[134.581975,34.056619],[134.581951,34.056578],[134.58187,34.056339],[134.581872,34.056291],[134.581949,34.056272],[134.581979,34.056317],[134.582045,34.056527],[134.582059,34.056597],[134.582033,34.05661],[134.582044,34.056649],[134.582069,34.056657],[134.582076,34.056679],[134.582063,34.056692],[134.58208,34.056747],[134.582123,34.056877],[134.582635,34.056766],[134.582598,34.056632],[134.582578,34.056576],[134.582553,34.056577],[134.582545,34.056552],[134.582563,34.056542],[134.582546,34.056488],[134.582518,34.056492],[134.582501,34.056453],[134.58244,34.056264],[134.582429,34.056211],[134.582425,34.056173],[134.582506,34.056156],[134.582526,34.056189],[134.582543,34.056237],[134.582607,34.056438],[134.582611,34.056465],[134.582601,34.056474],[134.582582,34.056481],[134.582601,34.056537],[134.58261,34.056538],[134.582618,34.05654],[134.582623,34.056561],[134.582608,34.05657],[134.582626,34.056624],[134.582944,34.056555],[134.583183,34.056507],[134.583304,34.056657],[134.583393,34.056638],[134.584082,34.056188],[134.58418,34.05613],[134.584447,34.056079],[134.584467,34.056139],[134.584535,34.056366],[134.584659,34.05634],[134.584676,34.056336],[134.584678,34.056343],[134.584736,34.056334],[134.584734,34.056326],[134.584751,34.056324],[134.584777,34.056317],[134.584945,34.056274],[134.585589,34.0581],[134.585857,34.058958],[134.585658,34.059094],[134.585428,34.059253],[134.585257,34.059368],[134.585187,34.059433],[134.585178,34.059461],[134.585152,34.059541],[134.585135,34.059658],[134.585129,34.059726],[134.585177,34.059765],[134.58529,34.05986],[134.585391,34.059956],[134.585417,34.060145],[134.585425,34.0604],[134.585409,34.060571],[134.5854,34.060714],[134.585409,34.0608],[134.585436,34.060904],[134.585488,34.061048],[134.585475,34.06108],[134.585425,34.061103],[134.585151,34.061196],[134.584856,34.061273],[134.584213,34.061455]]]},"properties":{"S_NAME":"南沖洲五丁目","HCODE":8101}},{"type":"Feature","geometry":{"type":"Polygon","coordinates":[[[134.577864,34.053824],[134.577826,34.053819],[134.577689,34.053807],[134.577579,34.053774],[134.577546,34.053771],[134.577547,34.053815],[134.577524,34.053814],[134.577523,34.05377],[134.577461,34.053768],[134.577371,34.053777],[134.577302,34.053777],[134.577205,34.053771],[134.577132,34.053772],[134.577128,34.053815],[134.576814,34.053815],[134.576806,34.05375],[134.576249,34.05373],[134.576091,34.053692],[134.576052,34.053774],[134.576018,34.053765],[134.576052,34.053681],[134.576004,34.053669],[134.575945,34.053656],[134.575629,34.053576],[134.575635,34.053558],[134.575544,34.05354],[134.575473,34.053514],[134.575463,34.053535],[134.575026,34.053421],[134.574835,34.053409],[134.574829,34.053453],[134.574589,34.05344],[134.574588,34.053451],[134.574549,34.053449],[134.574547,34.053391],[134.574123,34.053426],[134.573904,34.053252],[134.573903,34.053153],[134.573892,34.053072],[134.57375,34.052831],[134.573678,34.05272],[134.573635,34.052678],[134.57359,34.052634],[134.573495,34.052577],[134.573321,34.052469],[134.573217,34.052376],[134.572723,34.051962],[134.572411,34.051705],[134.572293,34.051611],[134.572098,34.051455],[134.571862,34.051228],[134.5718,34.051174],[134.571562,34.05093],[134.571455,34.050827],[134.571315,34.050693],[134.571125,34.050489],[134.571076,34.050443],[134.570828,34.050191],[134.570801,34.05016],[134.570617,34.049847],[134.570557,34.049718],[134.570553,34.049711],[134.570542,34.049685],[134.570512,34.049619],[134.570809,34.049464],[134.570957,34.04938],[134.57133,34.049169],[134.571585,34.049027],[134.571779,34.048957],[134.572093,34.04903],[134.572323,34.049068],[134.572375,34.049015],[134.572377,34.049017],[134.572426,34.048968],[134.572435,34.048904],[134.572422,34.048734],[134.572402,34.048567],[134.572332,34.048318],[134.572321,34.04827],[134.572299,34.048189],[134.572354,34.047997],[134.572459,34.047794],[134.57265,34.047601],[134.572828,34.047498],[134.572961,34.047504],[134.573045,34.047917],[134.573032,34.047936],[134.572971,34.048063],[134.572962,34.048163],[134.572958,34.048186],[134.572956,34.048199],[134.572995,34.048386],[134.57305,34.048465],[134.573083,34.048517],[134.57319,34.048776],[134.573205,34.048881],[134.573116,34.04908],[134.57312,34.049143],[134.57315,34.04923],[134.573237,34.049477],[134.573357,34.049811],[134.573458,34.050097],[134.573501,34.050246],[134.573507,34.050282],[134.573515,34.05035],[134.573512,34.050448],[134.573516,34.050501],[134.573517,34.050518],[134.573532,34.050555],[134.573548,34.050597],[134.573631,34.050724],[134.573727,34.050821],[134.573783,34.050868],[134.573877,34.050963],[134.573969,34.051065],[134.574062,34.051177],[134.574262,34.051342],[134.574507,34.051525],[134.574562,34.051622],[134.574621,34.051685],[134.574677,34.051743],[134.574759,34.05181],[134.574773,34.051821],[134.574947,34.05194],[134.575181,34.052095],[134.575416,34.052247],[134.575671,34.052411],[134.575841,34.052591],[134.575991,34.052745],[134.576035,34.05279],[134.576122,34.052856],[134.576287,34.052947],[134.576437,34.053032],[134.576727,34.053218],[134.576755,34.053219],[134.576958,34.053224],[134.577121,34.053203],[134.577304,34.053143],[134.577441,34.053056],[134.57751,34.05309],[134.57778,34.053607],[134.577864,34.053824]]]},"properties":{"S_NAME":"津田浜之町","HCODE":8101}},{"type":"Feature","geometry":{"type":"Polygon","coordinates":[[[134.580647,34.053632],[134.580648,34.053833],[134.580434,34.053835],[134.580433,34.053956],[134.578874,34.053968],[134.578877,34.053878],[134.580212,34.05387],[134.580213,34.053467],[134.58023,34.053456],[134.580234,34.053203],[134.580198,34.053126],[134.580143,34.053139],[134.580129,34.053114],[134.58019,34.053091],[134.580147,34.053001],[134.580086,34.052827],[134.58006,34.052827],[134.580049,34.0528],[134.580072,34.052795],[134.579908,34.052674],[134.579749,34.05267],[134.579742,34.05269],[134.579504,34.052685],[134.579501,34.052664],[134.579249,34.05266],[134.579247,34.052679],[134.579203,34.052681],[134.579201,34.052661],[134.579131,34.052661],[134.579132,34.052734],[134.579173,34.052733],[134.579211,34.053186],[134.579193,34.053368],[134.579106,34.053366],[134.579058,34.053364],[134.57907,34.053201],[134.579034,34.052807],[134.578941,34.05277],[134.578781,34.052746],[134.578714,34.052719],[134.578687,34.05272],[134.578593,34.052743],[134.578601,34.052772],[134.578709,34.05275],[134.578713,34.05277],[134.578498,34.052816],[134.578493,34.052796],[134.578576,34.052779],[134.578568,34.052748],[134.578491,34.052763],[134.578478,34.052781],[134.578463,34.05283],[134.578424,34.052907],[134.57839,34.052935],[134.578288,34.052989],[134.578259,34.052998],[134.578227,34.053003],[134.578172,34.053002],[134.578148,34.053015],[134.578136,34.053034],[134.578131,34.053054],[134.578128,34.05309],[134.578416,34.053348],[134.578349,34.053403],[134.577975,34.053073],[134.577856,34.053127],[134.577695,34.053202],[134.57767,34.053216],[134.577656,34.053249],[134.577696,34.053327],[134.577729,34.053314],[134.577735,34.053325],[134.577702,34.053338],[134.577723,34.053379],[134.577746,34.053371],[134.577764,34.053409],[134.577743,34.053417],[134.577749,34.053432],[134.57773,34.05344],[134.57778,34.053551],[134.577812,34.053542],[134.57777,34.053462],[134.577784,34.053458],[134.577862,34.053606],[134.577883,34.053642],[134.577874,34.053645],[134.577862,34.053623],[134.577821,34.053556],[134.5778,34.053563],[134.577848,34.053653],[134.577862,34.053669],[134.577882,34.053689],[134.578016,34.05374],[134.578437,34.053872],[134.57863,34.053876],[134.578632,34.053981],[134.578488,34.053979],[134.578401,34.053972],[134.578302,34.053945],[134.578071,34.053864],[134.577864,34.053824],[134.57778,34.053607],[134.57751,34.05309],[134.577441,34.053056],[134.577511,34.052983],[134.577531,34.052943],[134.57755,34.052886],[134.577586,34.052847],[134.577652,34.052768],[134.577663,34.052722],[134.577629,34.052664],[134.577565,34.052515],[134.57752,34.052367],[134.577247,34.051589],[134.577134,34.051268],[134.578456,34.050686],[134.578945,34.050478],[134.579507,34.050237],[134.579799,34.050149],[134.580091,34.050081],[134.580102,34.050122],[134.580144,34.050346],[134.580167,34.050627],[134.580171,34.050678],[134.580183,34.050814],[134.580212,34.051154],[134.580213,34.051341],[134.580116,34.051703],[134.580105,34.051739],[134.580056,34.051943],[134.580043,34.052198],[134.580081,34.052427],[134.580081,34.052541],[134.580078,34.052654],[134.580104,34.05271],[134.580142,34.052841],[134.580193,34.052967],[134.580253,34.053101],[134.58029,34.053179],[134.58028,34.0535],[134.580281,34.053597],[134.580295,34.053612],[134.58054,34.053638],[134.580647,34.053632]]]},"properties":{"S_NAME":"津田本町一丁目","HCODE":8101}},{"type":"Feature","geometry":{"type":"Polygon","coordinates":[[[134.579503,34.048532],[134.57955,34.04859],[134.57963,34.048695],[134.579732,34.049017],[134.579962,34.049564],[134.580091,34.050081],[134.579799,34.050149],[134.579507,34.050237],[134.578945,34.050478],[134.578456,34.050686],[134.577134,34.051268],[134.576996,34.050802],[134.576914,34.050511],[134.576612,34.049495],[134.57658,34.04938],[134.577397,34.049153],[134.57787,34.049022],[134.578023,34.04898],[134.578675,34.048765],[134.579503,34.048532]]]},"properties":{"S_NAME":"津田本町二丁目","HCODE":8101}},{"type":"Feature","geometry":{"type":"Polygon","coordinates":[[[134.579023,34.046596],[134.579076,34.046844],[134.579077,34.046878],[134.579131,34.04711],[134.579184,34.04724],[134.579284,34.047458],[134.579329,34.047584],[134.579379,34.047913],[134.579392,34.04806],[134.579414,34.048298],[134.579439,34.048383],[134.579503,34.048532],[134.578675,34.048765],[134.578023,34.04898],[134.57787,34.049022],[134.577397,34.049153],[134.57658,34.04938],[134.576506,34.049144],[134.576371,34.048784],[134.576312,34.048662],[134.576305,34.048642],[134.576111,34.048262],[134.575889,34.047962],[134.575568,34.047625],[134.575339,34.047436],[134.575172,34.047313],[134.57516,34.047304],[134.576254,34.047088],[134.577138,34.046928],[134.578003,34.046771],[134.578573,34.046697],[134.578686,34.046674],[134.579023,34.046596]]]},"properties":{"S_NAME":"津田本町三丁目","HCODE":8101}},{"type":"Feature","geometry":{"type":"Polygon","coordinates":[[[134.578961,34.045391],[134.579035,34.045777],[134.57904,34.045874],[134.578993,34.046018],[134.57898,34.046414],[134.579023,34.046596],[134.578686,34.046674],[134.578573,34.046697],[134.578003,34.046771],[134.577138,34.046928],[134.576254,34.047088],[134.57516,34.047304],[134.574859,34.047103],[134.574685,34.046987],[134.574606,34.04695],[134.574328,34.046806],[134.57397,34.046623],[134.573541,34.046396],[134.573251,34.046238],[134.573251,34.046237],[134.57331,34.046206],[134.573351,34.046155],[134.573345,34.046022],[134.57331,34.045608],[134.573989,34.045305],[134.574034,34.045288],[134.574056,34.04528],[134.574623,34.04516],[134.57484,34.045113],[134.575395,34.044994],[134.575673,34.044937],[134.576487,34.04479],[134.576778,34.044746],[134.576928,34.044761],[134.57697,34.044757],[134.577097,34.044715],[134.577296,34.044707],[134.57751,34.044721],[134.577548,34.044724],[134.577594,34.044752],[134.57764,34.044867],[134.577675,34.044964],[134.577678,34.045068],[134.577681,34.045243],[134.577686,34.045356],[134.577703,34.045407],[134.57773,34.045435],[134.577767,34.045576],[134.577805,34.045566],[134.578321,34.045417],[134.578527,34.04542],[134.578707,34.045424],[134.578961,34.045391]]]},"properties":{"S_NAME":"津田本町四丁目","HCODE":8101}},{"type":"Feature","geometry":{"type":"Polygon","coordinates":[[[134.578961,34.045391],[134.578707,34.045424],[134.578527,34.04542],[134.578321,34.045417],[134.577805,34.045566],[134.577767,34.045576],[134.57773,34.045435],[134.577703,34.045407],[134.577686,34.045356],[134.577681,34.045243],[134.577678,34.045068],[134.577675,34.044964],[134.57764,34.044867],[134.577594,34.044752],[134.577548,34.044724],[134.57751,34.044721],[134.577296,34.044707],[134.577097,34.044715],[134.57697,34.044757],[134.576928,34.044761],[134.576778,34.044746],[134.576487,34.04479],[134.575673,34.044937],[134.575225,34.04411],[134.575224,34.044079],[134.57532,34.043979],[134.575309,34.043951],[134.575289,34.043898],[134.574746,34.043082],[134.574766,34.043076],[134.574793,34.043066],[134.574953,34.042988],[134.575072,34.042914],[134.57508,34.04291],[134.57573,34.042398],[134.575937,34.042235],[134.576138,34.042119],[134.576171,34.04211],[134.576186,34.042105],[134.576188,34.042111],[134.576201,34.042108],[134.576198,34.042102],[134.576214,34.042098],[134.576306,34.042074],[134.576388,34.04206],[134.576667,34.042013],[134.576687,34.042009],[134.577591,34.041865],[134.577634,34.041797],[134.577654,34.041766],[134.577672,34.041746],[134.577681,34.041735],[134.57769,34.041728],[134.577711,34.041715],[134.577734,34.041705],[134.577785,34.04168],[134.577925,34.041636],[134.578085,34.042018],[134.578327,34.042834],[134.578404,34.043108],[134.578681,34.043954],[134.57874,34.044299],[134.578789,34.044589],[134.578873,34.044995],[134.578927,34.045215],[134.578961,34.045391]]]},"properties":{"S_NAME":"津田本町五丁目","HCODE":8101}},{"type":"Feature","geometry":{"type":"Polygon","coordinates":[[[134.583142,34.053527],[134.583093,34.05353],[134.58285,34.053538],[134.582831,34.053546],[134.582817,34.053558],[134.582806,34.053586],[134.58281,34.053609],[134.582812,34.053623],[134.58281,34.053631],[134.582802,34.053636],[134.582789,34.05364],[134.58276,34.053641],[134.582731,34.053636],[134.582713,34.05363],[134.582675,34.05361],[134.5826,34.053586],[134.582429,34.053553],[134.582308,34.053545],[134.582256,34.053541],[134.582246,34.053539],[134.581948,34.053543],[134.581857,34.053568],[134.581764,34.053582],[134.581689,34.0536],[134.581635,34.053619],[134.581517,34.053659],[134.581276,34.053734],[134.581056,34.053789],[134.581024,34.053789],[134.580991,34.053784],[134.58097,34.053776],[134.580935,34.053745],[134.580914,34.053709],[134.580893,34.053673],[134.580885,34.053662],[134.580878,34.053653],[134.580856,34.053639],[134.58083,34.053633],[134.580812,34.053634],[134.580786,34.053636],[134.580761,34.053643],[134.580724,34.053643],[134.580692,34.053638],[134.580647,34.053632],[134.58054,34.053638],[134.580295,34.053612],[134.580281,34.053597],[134.58028,34.0535],[134.58029,34.053179],[134.580253,34.053101],[134.580193,34.052967],[134.580142,34.052841],[134.580104,34.05271],[134.580078,34.052654],[134.580081,34.052541],[134.580081,34.052427],[134.580043,34.052198],[134.580056,34.051943],[134.580105,34.051739],[134.580116,34.051703],[134.580213,34.051341],[134.580212,34.051154],[134.580183,34.050814],[134.580171,34.050678],[134.580349,34.050623],[134.580438,34.050605],[134.5805,34.050572],[134.580594,34.050495],[134.580674,34.050404],[134.58073,34.050365],[134.581215,34.05022],[134.581913,34.049965],[134.582147,34.049878],[134.582417,34.049802],[134.58241,34.049784],[134.582813,34.049646],[134.582972,34.049587],[134.58357,34.04939],[134.583948,34.049269],[134.584062,34.049145],[134.584065,34.049151],[134.58425,34.049459],[134.584399,34.049786],[134.584486,34.050084],[134.584588,34.050767],[134.584595,34.050919],[134.584614,34.051061],[134.584627,34.051157],[134.584618,34.051554],[134.584524,34.051947],[134.584512,34.051986],[134.584416,34.052279],[134.584304,34.052476],[134.58404,34.052688],[134.583841,34.052775],[134.583721,34.052809],[134.583074,34.052995],[134.583142,34.053527]]]},"properties":{"S_NAME":"津田町一丁目","HCODE":8101}},{"type":"Feature","geometry":{"type":"Polygon","coordinates":[[[134.582984,34.04706],[134.583395,34.047948],[134.583488,34.048149],[134.583786,34.048671],[134.583789,34.048676],[134.584062,34.049145],[134.583948,34.049269],[134.58357,34.04939],[134.582972,34.049587],[134.582813,34.049646],[134.58241,34.049784],[134.582417,34.049802],[134.582147,34.049878],[134.581913,34.049965],[134.581215,34.05022],[134.58073,34.050365],[134.580674,34.050404],[134.580594,34.050495],[134.5805,34.050572],[134.580438,34.050605],[134.580349,34.050623],[134.580171,34.050678],[134.580167,34.050627],[134.580144,34.050346],[134.580102,34.050122],[134.580091,34.050081],[134.579962,34.049564],[134.579732,34.049017],[134.57963,34.048695],[134.57955,34.04859],[134.579503,34.048532],[134.579722,34.048458],[134.579854,34.048395],[134.58008,34.048283],[134.580656,34.047905],[134.580819,34.047828],[134.581322,34.047626],[134.581417,34.047588],[134.581944,34.04741],[134.582984,34.04706]]]},"properties":{"S_NAME":"津田町二丁目","HCODE":8101}},{"type":"Feature","geometry":{"type":"Polygon","coordinates":[[[134.582277,34.045451],[134.582593,34.046168],[134.582738,34.046501],[134.58287,34.046806],[134.582984,34.04706],[134.581944,34.04741],[134.581417,34.047588],[134.581322,34.047626],[134.580819,34.047828],[134.580656,34.047905],[134.58008,34.048283],[134.579854,34.048395],[134.579722,34.048458],[134.579503,34.048532],[134.579439,34.048383],[134.579414,34.048298],[134.579392,34.04806],[134.579379,34.047913],[134.579329,34.047584],[134.579284,34.047458],[134.579184,34.04724],[134.579131,34.04711],[134.579077,34.046878],[134.579076,34.046844],[134.579023,34.046596],[134.57898,34.046414],[134.579532,34.046299],[134.579796,34.046232],[134.580171,34.046148],[134.580182,34.046151],[134.580218,34.046225],[134.580241,34.046229],[134.580342,34.046201],[134.580309,34.046091],[134.581198,34.045802],[134.582277,34.045451]]]},"properties":{"S_NAME":"津田町三丁目","HCODE":8101}},{"type":"Feature","geometry":{"type":"Polygon","coordinates":[[[134.582277,34.045451],[134.581198,34.045802],[134.580309,34.046091],[134.580342,34.046201],[134.580241,34.046229],[134.580218,34.046225],[134.580182,34.046151],[134.580171,34.046148],[134.579796,34.046232],[134.579532,34.046299],[134.57898,34.046414],[134.578993,34.046018],[134.57904,34.045874],[134.579035,34.045777],[134.578961,34.045391],[134.578927,34.045215],[134.578873,34.044995],[134.578789,34.044589],[134.57874,34.044299],[134.578681,34.043954],[134.578404,34.043108],[134.578327,34.042834],[134.578085,34.042018],[134.577925,34.041636],[134.578638,34.041415],[134.578647,34.041441],[134.578461,34.041503],[134.578583,34.041785],[134.578764,34.041733],[134.578823,34.041874],[134.578814,34.041884],[134.578847,34.041932],[134.579135,34.042674],[134.579166,34.042697],[134.579218,34.042713],[134.579272,34.042739],[134.579286,34.042755],[134.579326,34.042843],[134.57934,34.042882],[134.579339,34.0429],[134.579333,34.042922],[134.579324,34.042931],[134.579291,34.042941],[134.579272,34.042952],[134.579259,34.042975],[134.579345,34.0432],[134.579357,34.043198],[134.579472,34.043477],[134.579769,34.043378],[134.5798,34.043209],[134.579798,34.042969],[134.579801,34.04293],[134.57974,34.042697],[134.579624,34.042288],[134.579605,34.042182],[134.579975,34.041605],[134.580193,34.04141],[134.580068,34.041028],[134.579212,34.041295],[134.579187,34.041244],[134.580145,34.040946],[134.580294,34.041403],[134.580534,34.041369],[134.58061,34.041391],[134.580663,34.041462],[134.581045,34.042617],[134.5813,34.043391],[134.581476,34.043829],[134.581649,34.044188],[134.582277,34.045451]]]},"properties":{"S_NAME":"津田町四丁目","HCODE":8101}},{"type":"Feature","geometry":{"type":"Polygon","coordinates":[[[134.580145,34.040946],[134.58112,34.040643],[134.58134,34.040575],[134.581856,34.04042],[134.582016,34.04058],[134.58207,34.040549],[134.582012,34.040491],[134.582507,34.04034],[134.582605,34.04059],[134.582619,34.040589],[134.58263,34.040607],[134.583116,34.040404],[134.583135,34.040408],[134.583948,34.040076],[134.585763,34.039335],[134.585787,34.039324],[134.586607,34.038969],[134.586621,34.038983],[134.586891,34.038872],[134.586906,34.038866],[134.587009,34.038821],[134.587653,34.038687],[134.588794,34.038447],[134.588795,34.038436],[134.589192,34.038421],[134.590033,34.03858],[134.590133,34.038602],[134.591721,34.038895],[134.591745,34.038896],[134.591834,34.038879],[134.592249,34.040002],[134.592337,34.040241],[134.593024,34.042198],[134.593028,34.042206],[134.59338,34.043188],[134.593976,34.043381],[134.594119,34.043427],[134.594098,34.043473],[134.593977,34.043433],[134.593315,34.043229],[134.593284,34.043248],[134.593293,34.043267],[134.593167,34.043338],[134.593155,34.043286],[134.593221,34.043233],[134.593304,34.043195],[134.592431,34.040691],[134.592182,34.040003],[134.591801,34.038963],[134.591769,34.038966],[134.591759,34.038958],[134.589384,34.038511],[134.58938,34.038499],[134.589182,34.03846],[134.58918,34.038448],[134.589146,34.038449],[134.588804,34.038459],[134.588836,34.038533],[134.589381,34.040027],[134.589927,34.041575],[134.590043,34.041543],[134.590056,34.041578],[134.589946,34.041609],[134.589967,34.041668],[134.590079,34.041639],[134.590091,34.041674],[134.589979,34.041706],[134.590968,34.044521],[134.590979,34.044553],[134.589602,34.044904],[134.589342,34.04497],[134.589285,34.044985],[134.589094,34.045034],[134.587994,34.045313],[134.587926,34.045405],[134.587947,34.045447],[134.587943,34.04547],[134.587967,34.045551],[134.587987,34.045569],[134.588057,34.045767],[134.588089,34.045857],[134.588157,34.04603],[134.588305,34.046448],[134.588388,34.046426],[134.588398,34.046452],[134.588314,34.046475],[134.58853,34.047098],[134.58885,34.047987],[134.58921,34.049017],[134.589374,34.04898],[134.589382,34.049003],[134.589221,34.049043],[134.589286,34.049224],[134.589808,34.049114],[134.590301,34.049035],[134.590653,34.048977],[134.591089,34.048907],[134.591871,34.048776],[134.591864,34.048754],[134.590654,34.045272],[134.591861,34.044985],[134.593789,34.044526],[134.593799,34.044523],[134.593789,34.044496],[134.593626,34.044059],[134.593553,34.044076],[134.593503,34.043927],[134.59364,34.043893],[134.594043,34.044985],[134.594584,34.046474],[134.594577,34.04648],[134.595065,34.047838],[134.595522,34.047727],[134.595597,34.047936],[134.595978,34.048984],[134.596105,34.049326],[134.595783,34.049406],[134.595821,34.049508],[134.595757,34.049524],[134.595672,34.049544],[134.595576,34.049562],[134.594059,34.049815],[134.591959,34.050177],[134.591962,34.050204],[134.591955,34.050217],[134.591954,34.050234],[134.591944,34.050244],[134.591814,34.05027],[134.591837,34.050377],[134.591799,34.050404],[134.590476,34.050628],[134.590523,34.050877],[134.590099,34.050946],[134.589993,34.050509],[134.589962,34.050514],[134.589748,34.050546],[134.589437,34.050607],[134.589477,34.0508],[134.589479,34.050809],[134.589483,34.050831],[134.588009,34.051082],[134.588052,34.051309],[134.587977,34.051322],[134.586159,34.051635],[134.58613,34.051667],[134.585963,34.051881],[134.585679,34.052252],[134.585676,34.052257],[134.585624,34.052324],[134.5855,34.052262],[134.585289,34.052523],[134.585343,34.052552],[134.585376,34.052513],[134.585435,34.052544],[134.585393,34.052598],[134.585279,34.052537],[134.585085,34.052781],[134.585134,34.052807],[134.585159,34.052776],[134.585227,34.052809],[134.585174,34.052879],[134.585111,34.052847],[134.58512,34.052831],[134.585106,34.052824],[134.585068,34.052806],[134.584633,34.053352],[134.584185,34.053401],[134.584174,34.053379],[134.58347,34.053455],[134.583238,34.053481],[134.583215,34.053504],[134.583171,34.053524],[134.583142,34.053527],[134.583074,34.052995],[134.583721,34.052809],[134.583841,34.052775],[134.58404,34.052688],[134.584304,34.052476],[134.584416,34.052279],[134.584512,34.051986],[134.584524,34.051947],[134.584618,34.051554],[134.584627,34.051157],[134.584614,34.051061],[134.584595,34.050919],[134.584588,34.050767],[134.584486,34.050084],[134.584399,34.049786],[134.58425,34.049459],[134.584065,34.049151],[134.584062,34.049145],[134.583789,34.048676],[134.583786,34.048671],[134.583488,34.048149],[134.583395,34.047948],[134.582984,34.04706],[134.58287,34.046806],[134.582738,34.046501],[134.582593,34.046168],[134.582277,34.045451],[134.581649,34.044188],[134.581476,34.043829],[134.5813,34.043391],[134.581045,34.042617],[134.580663,34.041462],[134.58061,34.041391],[134.580534,34.041369],[134.580294,34.041403],[134.580145,34.040946]]]},"properties":{"S_NAME":"津田海岸町","HCODE":8101}},{"type":"Feature","geometry":{"type":"Polygon","coordinates":[[[134.576612,34.049495],[134.576914,34.050511],[134.576996,34.050802],[134.577134,34.051268],[134.577247,34.051589],[134.57752,34.052367],[134.577565,34.052515],[134.577629,34.052664],[134.577663,34.052722],[134.577652,34.052768],[134.577586,34.052847],[134.57755,34.052886],[134.577531,34.052943],[134.577511,34.052983],[134.577441,34.053056],[134.577304,34.053143],[134.577121,34.053203],[134.576958,34.053224],[134.576755,34.053219],[134.576727,34.053218],[134.576437,34.053032],[134.576287,34.052947],[134.576122,34.052856],[134.576035,34.05279],[134.575991,34.052745],[134.575841,34.052591],[134.575671,34.052411],[134.575416,34.052247],[134.575181,34.052095],[134.574947,34.05194],[134.574773,34.051821],[134.574759,34.05181],[134.574677,34.051743],[134.574621,34.051685],[134.574562,34.051622],[134.574507,34.051525],[134.574262,34.051342],[134.574062,34.051177],[134.573969,34.051065],[134.573877,34.050963],[134.573783,34.050868],[134.573727,34.050821],[134.573631,34.050724],[134.573548,34.050597],[134.573532,34.050555],[134.573517,34.050518],[134.573516,34.050501],[134.573524,34.050466],[134.573565,34.050397],[134.573639,34.050282],[134.573679,34.050225],[134.573727,34.050197],[134.573779,34.0502],[134.573847,34.0502],[134.573915,34.050182],[134.574002,34.050161],[134.574029,34.050162],[134.574192,34.050118],[134.57437,34.05006],[134.574484,34.05016],[134.574715,34.050155],[134.574824,34.050127],[134.575025,34.050052],[134.575299,34.049933],[134.575287,34.049827],[134.576612,34.049495]]]},"properties":{"S_NAME":"津田西町一丁目","HCODE":8101}},{"type":"Feature","geometry":{"type":"Polygon","coordinates":[[[134.576612,34.049495],[134.575287,34.049827],[134.575299,34.049933],[134.575025,34.050052],[134.574824,34.050127],[134.574715,34.050155],[134.574484,34.05016],[134.57437,34.05006],[134.574192,34.050118],[134.574029,34.050162],[134.574002,34.050161],[134.573915,34.050182],[134.573847,34.0502],[134.573779,34.0502],[134.573727,34.050197],[134.573679,34.050225],[134.573639,34.050282],[134.573565,34.050397],[134.573524,34.050466],[134.573516,34.050501],[134.573512,34.050448],[134.573515,34.05035],[134.573507,34.050282],[134.573501,34.050246],[134.573458,34.050097],[134.573357,34.049811],[134.573237,34.049477],[134.57315,34.04923],[134.57312,34.049143],[134.573116,34.04908],[134.573205,34.048881],[134.57319,34.048776],[134.573083,34.048517],[134.57305,34.048465],[134.572995,34.048386],[134.572956,34.048199],[134.572958,34.048186],[134.572962,34.048163],[134.572971,34.048063],[134.573032,34.047936],[134.573045,34.047917],[134.572961,34.047504],[134.572959,34.047497],[134.572861,34.047022],[134.572835,34.046931],[134.572784,34.046827],[134.57261,34.046651],[134.572428,34.046508],[134.57245,34.0465],[134.572634,34.046455],[134.572757,34.046427],[134.572841,34.0464],[134.572911,34.046375],[134.572913,34.046375],[134.572926,34.046394],[134.573157,34.046287],[134.573251,34.046238],[134.573541,34.046396],[134.57397,34.046623],[134.574328,34.046806],[134.574606,34.04695],[134.574685,34.046987],[134.574859,34.047103],[134.57516,34.047304],[134.575172,34.047313],[134.575339,34.047436],[134.575568,34.047625],[134.575889,34.047962],[134.576111,34.048262],[134.576305,34.048642],[134.576312,34.048662],[134.576371,34.048784],[134.576506,34.049144],[134.57658,34.04938],[134.576612,34.049495]]]},"properties":{"S_NAME":"津田西町二丁目","HCODE":8101}},{"type":"Feature","geometry":{"type":"Polygon","coordinates":[[[134.574746,34.043082],[134.575289,34.043898],[134.575309,34.043951],[134.57532,34.043979],[134.575224,34.044079],[134.575225,34.04411],[134.575673,34.044937],[134.575395,34.044994],[134.57484,34.045113],[134.574623,34.04516],[134.574056,34.04528],[134.574034,34.045288],[134.573989,34.045305],[134.57331,34.045608],[134.573345,34.046022],[134.573351,34.046155],[134.57331,34.046206],[134.573251,34.046237],[134.572317,34.045744],[134.572139,34.045637],[134.571482,34.045278],[134.571326,34.045192],[134.571193,34.045112],[134.570967,34.044955],[134.570793,34.044809],[134.570549,34.044633],[134.570388,34.044464],[134.570289,34.044369],[134.570244,34.044297],[134.570154,34.044181],[134.570035,34.043989],[134.569944,34.043823],[134.569824,34.043572],[134.569729,34.04332],[134.569714,34.043282],[134.569657,34.043019],[134.569635,34.042835],[134.569749,34.042837],[134.569751,34.042857],[134.570619,34.043029],[134.570727,34.043043],[134.570766,34.043048],[134.57083,34.043068],[134.571685,34.043241],[134.572074,34.043319],[134.572323,34.043354],[134.572434,34.043364],[134.572436,34.043364],[134.572694,34.043373],[134.572866,34.043368],[134.573145,34.04334],[134.573223,34.043326],[134.574038,34.043222],[134.574343,34.04317],[134.574455,34.043145],[134.574535,34.043131],[134.574746,34.043082]]]},"properties":{"S_NAME":"新浜本町一丁目","HCODE":8101}},{"type":"Feature","geometry":{"type":"Polygon","coordinates":[[[134.569635,34.042835],[134.569657,34.043019],[134.569714,34.043282],[134.569729,34.04332],[134.569824,34.043572],[134.569944,34.043823],[134.570035,34.043989],[134.570154,34.044181],[134.570244,34.044297],[134.570289,34.044369],[134.570388,34.044464],[134.570549,34.044633],[134.570793,34.044809],[134.570967,34.044955],[134.571193,34.045112],[134.571326,34.045192],[134.570976,34.045655],[134.570888,34.045765],[134.570809,34.045864],[134.570694,34.045851],[134.570641,34.045821],[134.570598,34.045756],[134.570399,34.045352],[134.570222,34.045092],[134.569995,34.044708],[134.569905,34.044639],[134.56933,34.044434],[134.569046,34.044362],[134.568698,34.044247],[134.56775,34.043933],[134.567434,34.043818],[134.567149,34.043729],[134.567039,34.043708],[134.566881,34.043696],[134.566749,34.043662],[134.566639,34.043607],[134.566522,34.043551],[134.566369,34.043474],[134.566232,34.04344],[134.566054,34.043428],[134.565942,34.043434],[134.566053,34.04285],[134.566095,34.042645],[134.566087,34.042515],[134.565988,34.042273],[134.565738,34.041879],[134.565524,34.041592],[134.56553,34.041507],[134.565851,34.040525],[134.566784,34.041066],[134.567797,34.041606],[134.568071,34.041722],[134.568571,34.041973],[134.568999,34.042125],[134.569541,34.042236],[134.569611,34.042681],[134.569635,34.042835]]]},"properties":{"S_NAME":"新浜本町二丁目","HCODE":8101}},{"type":"Feature","geometry":{"type":"Polygon","coordinates":[[[134.5678,34.046276],[134.567692,34.04633],[134.567597,34.046378],[134.567326,34.046551],[134.567071,34.046723],[134.5668,34.046887],[134.56666,34.046967],[134.566619,34.047028],[134.566577,34.047068],[134.566557,34.047134],[134.566549,34.047157],[134.5665,34.047191],[134.565841,34.047582],[134.565531,34.047758],[134.565439,34.04785],[134.564155,34.04846],[134.564354,34.047906],[134.564525,34.047451],[134.564684,34.047088],[134.564743,34.04694],[134.564837,34.046786],[134.564995,34.046406],[134.56507,34.046263],[134.565218,34.045734],[134.565225,34.045707],[134.56525,34.045591],[134.56527,34.045497],[134.565293,34.045203],[134.565313,34.045106],[134.565379,34.04493],[134.565451,34.044743],[134.565521,34.044594],[134.565686,34.04424],[134.56589,34.043655],[134.565942,34.043434],[134.566054,34.043428],[134.566232,34.04344],[134.566369,34.043474],[134.566522,34.043551],[134.566639,34.043607],[134.566749,34.043662],[134.566881,34.043696],[134.567039,34.043708],[134.567149,34.043729],[134.567434,34.043818],[134.56775,34.043933],[134.568698,34.044247],[134.569046,34.044362],[134.56933,34.044434],[134.569905,34.044639],[134.569995,34.044708],[134.570222,34.045092],[134.569695,34.045249],[134.569585,34.045281],[134.569309,34.04544],[134.568921,34.045721],[134.568764,34.045854],[134.568755,34.045862],[134.568625,34.045972],[134.568371,34.046188],[134.568337,34.046191],[134.568175,34.046028],[134.568159,34.046024],[134.5678,34.046276]]]},"properties":{"S_NAME":"新浜本町三丁目","HCODE":8101}},{"type":"Feature","geometry":{"type":"Polygon","coordinates":[[[134.572321,34.04827],[134.572332,34.048318],[134.572402,34.048567],[134.572422,34.048734],[134.572435,34.048904],[134.572426,34.048968],[134.572377,34.049017],[134.572375,34.049015],[134.572323,34.049068],[134.572093,34.04903],[134.571779,34.048957],[134.571585,34.049027],[134.57133,34.049169],[134.570957,34.04938],[134.570809,34.049464],[134.570512,34.049619],[134.57047,34.049526],[134.570439,34.04944],[134.570434,34.049431],[134.570315,34.049193],[134.569981,34.048839],[134.569867,34.04871],[134.569668,34.048486],[134.569553,34.048325],[134.569356,34.048075],[134.569337,34.048053],[134.569351,34.048034],[134.569137,34.048051],[134.568503,34.047267],[134.568478,34.047208],[134.568461,34.047069],[134.568465,34.047003],[134.568433,34.046929],[134.5678,34.046276],[134.568159,34.046024],[134.568175,34.046028],[134.568337,34.046191],[134.568371,34.046188],[134.568625,34.045972],[134.568755,34.045862],[134.568764,34.045854],[134.568921,34.045721],[134.569309,34.04544],[134.569585,34.045281],[134.569695,34.045249],[134.570222,34.045092],[134.570399,34.045352],[134.570598,34.045756],[134.570641,34.045821],[134.570694,34.045851],[134.570809,34.045864],[134.570888,34.045765],[134.570976,34.045655],[134.571326,34.045192],[134.571482,34.045278],[134.572139,34.045637],[134.572317,34.045744],[134.573251,34.046237],[134.573251,34.046238],[134.573157,34.046287],[134.572926,34.046394],[134.572913,34.046375],[134.572911,34.046375],[134.572841,34.0464],[134.572757,34.046427],[134.572634,34.046455],[134.57245,34.0465],[134.572428,34.046508],[134.57261,34.046651],[134.572784,34.046827],[134.572835,34.046931],[134.572861,34.047022],[134.572959,34.047497],[134.572961,34.047504],[134.572828,34.047498],[134.57265,34.047601],[134.572459,34.047794],[134.572354,34.047997],[134.572299,34.048189],[134.572321,34.04827]]]},"properties":{"S_NAME":"新浜本町四丁目","HCODE":8101}},{"type":"Feature","geometry":{"type":"Polygon","coordinates":[[[134.573904,34.053252],[134.573837,34.053258],[134.573587,34.05328],[134.573596,34.053411],[134.573576,34.053652],[134.573527,34.05382],[134.573457,34.054008],[134.572647,34.053846],[134.571683,34.053799],[134.571578,34.053794],[134.570899,34.0538],[134.570167,34.053795],[134.569364,34.053801],[134.569052,34.053805],[134.568681,34.053816],[134.568713,34.052852],[134.568684,34.052815],[134.56842,34.052492],[134.568218,34.05223],[134.56779,34.051695],[134.567586,34.05145],[134.567415,34.051207],[134.567708,34.051071],[134.567789,34.051192],[134.567844,34.051271],[134.5679,34.051357],[134.567943,34.051431],[134.567945,34.051431],[134.568129,34.051725],[134.568132,34.051729],[134.56823,34.051685],[134.568358,34.051621],[134.568464,34.051531],[134.568469,34.05153],[134.56847,34.051509],[134.568544,34.051453],[134.568527,34.051424],[134.568589,34.051378],[134.56861,34.051357],[134.568748,34.051242],[134.568847,34.051387],[134.568853,34.051384],[134.56935,34.051124],[134.569364,34.051176],[134.570289,34.051039],[134.570046,34.050759],[134.570177,34.050688],[134.57011,34.050614],[134.569975,34.050484],[134.570033,34.050436],[134.570105,34.050483],[134.570153,34.050479],[134.570206,34.050464],[134.570801,34.05016],[134.570828,34.050191],[134.571076,34.050443],[134.571125,34.050489],[134.571315,34.050693],[134.571455,34.050827],[134.571562,34.05093],[134.5718,34.051174],[134.571862,34.051228],[134.572098,34.051455],[134.572293,34.051611],[134.572411,34.051705],[134.572723,34.051962],[134.573217,34.052376],[134.573321,34.052469],[134.573495,34.052577],[134.57359,34.052634],[134.573635,34.052678],[134.573678,34.05272],[134.57375,34.052831],[134.573892,34.053072],[134.573903,34.053153],[134.573904,34.053252]]]},"properties":{"S_NAME":"新浜町一丁目","HCODE":8101}},{"type":"Feature","geometry":{"type":"Polygon","coordinates":[[[134.570801,34.05016],[134.570206,34.050464],[134.570153,34.050479],[134.570105,34.050483],[134.570033,34.050436],[134.569975,34.050484],[134.57011,34.050614],[134.570177,34.050688],[134.570046,34.050759],[134.570289,34.051039],[134.569364,34.051176],[134.56935,34.051124],[134.568853,34.051384],[134.568847,34.051387],[134.568748,34.051242],[134.56861,34.051357],[134.568589,34.051378],[134.568527,34.051424],[134.568544,34.051453],[134.56847,34.051509],[134.568469,34.05153],[134.568464,34.051531],[134.568358,34.051621],[134.56823,34.051685],[134.568132,34.051729],[134.568129,34.051725],[134.567945,34.051431],[134.567943,34.051431],[134.5679,34.051357],[134.567844,34.051271],[134.567789,34.051192],[134.567708,34.051071],[134.567415,34.051207],[134.56736,34.051129],[134.567342,34.0511],[134.567009,34.050518],[134.566997,34.050498],[134.566922,34.050329],[134.566803,34.050037],[134.566681,34.049836],[134.566605,34.049721],[134.566709,34.049688],[134.566746,34.049676],[134.567478,34.049244],[134.567921,34.048978],[134.567925,34.04893],[134.567944,34.048729],[134.567991,34.04869],[134.568106,34.048662],[134.56823,34.048574],[134.568381,34.048468],[134.568482,34.048418],[134.568744,34.048191],[134.568877,34.048122],[134.569063,34.048065],[134.569137,34.048051],[134.569351,34.048034],[134.569337,34.048053],[134.569356,34.048075],[134.569553,34.048325],[134.569668,34.048486],[134.569867,34.04871],[134.569981,34.048839],[134.570315,34.049193],[134.570434,34.049431],[134.570439,34.04944],[134.57047,34.049526],[134.570512,34.049619],[134.570542,34.049685],[134.570553,34.049711],[134.570557,34.049718],[134.570617,34.049847],[134.570801,34.05016]]]},"properties":{"S_NAME":"新浜町二丁目","HCODE":8101}},{"type":"Feature","geometry":{"type":"Polygon","coordinates":[[[134.5678,34.046276],[134.568433,34.046929],[134.568465,34.047003],[134.568461,34.047069],[134.568478,34.047208],[134.568503,34.047267],[134.569137,34.048051],[134.569063,34.048065],[134.568877,34.048122],[134.568744,34.048191],[134.568482,34.048418],[134.568381,34.048468],[134.56823,34.048574],[134.568106,34.048662],[134.567991,34.04869],[134.567944,34.048729],[134.567925,34.04893],[134.567921,34.048978],[134.567478,34.049244],[134.566746,34.049676],[134.566709,34.049688],[134.566605,34.049721],[134.566467,34.049558],[134.5663,34.049282],[134.56607,34.048984],[134.566,34.0489],[134.56588,34.048722],[134.565828,34.048615],[134.565789,34.048524],[134.565764,34.048429],[134.565699,34.048355],[134.565584,34.048223],[134.565426,34.048031],[134.565404,34.047953],[134.565431,34.047896],[134.565439,34.04785],[134.565531,34.047758],[134.565841,34.047582],[134.5665,34.047191],[134.566549,34.047157],[134.566557,34.047134],[134.566577,34.047068],[134.566619,34.047028],[134.56666,34.046967],[134.5668,34.046887],[134.567071,34.046723],[134.567326,34.046551],[134.567597,34.046378],[134.567692,34.04633],[134.5678,34.046276]]]},"properties":{"S_NAME":"新浜町三丁目","HCODE":8101}},{"type":"Feature","geometry":{"type":"Polygon","coordinates":[[[134.565439,34.04785],[134.565431,34.047896],[134.565404,34.047953],[134.565426,34.048031],[134.565584,34.048223],[134.565699,34.048355],[134.565764,34.048429],[134.565789,34.048524],[134.565828,34.048615],[134.56588,34.048722],[134.566,34.0489],[134.56607,34.048984],[134.5663,34.049282],[134.566467,34.049558],[134.566605,34.049721],[134.566681,34.049836],[134.566803,34.050037],[134.566922,34.050329],[134.566997,34.050498],[134.567009,34.050518],[134.567342,34.0511],[134.56736,34.051129],[134.567415,34.051207],[134.567586,34.05145],[134.56779,34.051695],[134.568218,34.05223],[134.56842,34.052492],[134.568684,34.052815],[134.568713,34.052852],[134.568681,34.053816],[134.567903,34.053838],[134.567019,34.053863],[134.566687,34.053873],[134.566367,34.053878],[134.565673,34.05273],[134.565596,34.052604],[134.565495,34.052439],[134.565061,34.051688],[134.564912,34.05143],[134.564768,34.051186],[134.564629,34.050935],[134.564333,34.050422],[134.563907,34.049692],[134.564032,34.048803],[134.564155,34.04846],[134.565439,34.04785]]]},"properties":{"S_NAME":"新浜町四丁目","HCODE":8101}},{"type":"Feature","geometry":{"type":"Polygon","coordinates":[[[134.558835,34.043023],[134.559973,34.043108],[134.561757,34.043265],[134.562568,34.043322],[134.563588,34.043379],[134.564243,34.043398],[134.564576,34.043391],[134.565142,34.043404],[134.565761,34.043427],[134.565942,34.043434],[134.56589,34.043655],[134.565686,34.04424],[134.565521,34.044594],[134.565451,34.044743],[134.565379,34.04493],[134.565313,34.045106],[134.565293,34.045203],[134.56527,34.045497],[134.56525,34.045591],[134.565225,34.045707],[134.565218,34.045734],[134.56507,34.046263],[134.564995,34.046406],[134.564837,34.046786],[134.564743,34.04694],[134.564684,34.047088],[134.564525,34.047451],[134.564354,34.047906],[134.564155,34.04846],[134.564032,34.048803],[134.563907,34.049692],[134.56331,34.048649],[134.562768,34.047962],[134.562713,34.047892],[134.562564,34.047704],[134.562551,34.047681],[134.562477,34.0476],[134.562292,34.047409],[134.561878,34.047074],[134.561658,34.046918],[134.561538,34.046833],[134.561471,34.046801],[134.561136,34.046644],[134.560978,34.046562],[134.560384,34.046374],[134.56007,34.046256],[134.559494,34.046063],[134.559451,34.046049],[134.559392,34.046031],[134.559017,34.045914],[134.557234,34.045245],[134.556771,34.045064],[134.556031,34.044774],[134.555606,34.044671],[134.556105,34.043779],[134.556124,34.043751],[134.556075,34.043672],[134.555858,34.043372],[134.555665,34.043059],[134.555426,34.042767],[134.556204,34.042811],[134.556217,34.042812],[134.557877,34.042951],[134.558339,34.042986],[134.558835,34.043023]]]},"properties":{"S_NAME":"西新浜町一丁目","HCODE":8101}},{"type":"Feature","geometry":{"type":"Polygon","coordinates":[[[134.565942,34.043434],[134.565761,34.043427],[134.565142,34.043404],[134.564576,34.043391],[134.564243,34.043398],[134.563588,34.043379],[134.562568,34.043322],[134.561757,34.043265],[134.559973,34.043108],[134.558835,34.043023],[134.558339,34.042986],[134.557877,34.042951],[134.556217,34.042812],[134.556204,34.042811],[134.555426,34.042767],[134.555194,34.042591],[134.554974,34.042401],[134.554772,34.042229],[134.55434,34.041875],[134.554164,34.041731],[134.553435,34.041191],[134.553368,34.041091],[134.552967,34.040806],[134.552669,34.040673],[134.553369,34.040684],[134.553785,34.040696],[134.554459,34.040705],[134.554912,34.040732],[134.555171,34.040761],[134.557009,34.040956],[134.557456,34.041008],[134.557529,34.041017],[134.557704,34.041019],[134.559488,34.041139],[134.559797,34.041157],[134.561133,34.041259],[134.56176,34.041344],[134.562895,34.041467],[134.564095,34.041535],[134.564475,34.041578],[134.56486,34.0416],[134.565307,34.04165],[134.565422,34.041644],[134.565524,34.041592],[134.565738,34.041879],[134.565988,34.042273],[134.566087,34.042515],[134.566095,34.042645],[134.566053,34.04285],[134.565942,34.043434]]]},"properties":{"S_NAME":"西新浜町二丁目","HCODE":8101}},{"type":"Feature","geometry":{"type":"Polygon","coordinates":[[[134.547115,34.049384],[134.546752,34.049525],[134.545188,34.050092],[134.54498,34.049471],[134.54483,34.049104],[134.544644,34.048495],[134.544563,34.048208],[134.544427,34.04779],[134.545285,34.047617],[134.545741,34.047534],[134.547115,34.047361],[134.547614,34.047312],[134.549305,34.047301],[134.55023,34.047304],[134.55204,34.047281],[134.552023,34.048672],[134.551178,34.048701],[134.550605,34.048732],[134.549932,34.04878],[134.549422,34.048754],[134.549314,34.04876],[134.54897,34.04878],[134.548694,34.048821],[134.547115,34.049384]]]},"properties":{"S_NAME":"問屋町","HCODE":8101}},{"type":"Feature","geometry":{"type":"Polygon","coordinates":[[[134.538108,34.05317],[134.537099,34.053205],[134.536947,34.052913],[134.53687,34.052774],[134.536821,34.052626],[134.53769,34.052213],[134.538108,34.05317]]]},"properties":{"S_NAME":"八万町下千鳥","HCODE":8101}},{"type":"Feature","geometry":{"type":"Polygon","coordinates":[[[134.543241,34.043927],[134.542601,34.043988],[134.54219,34.043951],[134.542006,34.043976],[134.541498,34.043909],[134.541965,34.044599],[134.542111,34.044884],[134.542122,34.044925],[134.542169,34.045087],[134.542203,34.045249],[134.542239,34.045404],[134.542257,34.045478],[134.542354,34.045871],[134.542642,34.046991],[134.542717,34.047361],[134.542773,34.047568],[134.542868,34.04792],[134.5425,34.047915],[134.542211,34.047914],[134.5421,34.047891],[134.541663,34.047684],[134.541149,34.047436],[134.54106,34.04736],[134.540508,34.046962],[134.540123,34.046748],[134.539905,34.046633],[134.539835,34.046634],[134.53969,34.046604],[134.539495,34.046547],[134.539322,34.046494],[134.539263,34.046399],[134.539133,34.046169],[134.53903,34.046038],[134.538908,34.045983],[134.538684,34.045908],[134.538449,34.045902],[134.538384,34.045575],[134.538362,34.045394],[134.538393,34.045173],[134.538413,34.045106],[134.538475,34.045003],[134.538641,34.044987],[134.53876,34.045001],[134.539094,34.044988],[134.539438,34.044892],[134.539283,34.044667],[134.539114,34.04445],[134.538943,34.044304],[134.53887,34.044291],[134.538728,34.044266],[134.538587,34.044292],[134.538368,34.044469],[134.538147,34.044696],[134.537311,34.045171],[134.536714,34.045374],[134.536673,34.045378],[134.536483,34.045398],[134.536312,34.045394],[134.53619,34.045384],[134.535746,34.045252],[134.535799,34.044928],[134.535834,34.044728],[134.536002,34.044701],[134.536456,34.044388],[134.536929,34.044275],[134.537442,34.044215],[134.537665,34.044198],[134.537671,34.044153],[134.537709,34.043846],[134.537643,34.043404],[134.537667,34.043359],[134.537697,34.04324],[134.537781,34.043044],[134.537815,34.042848],[134.537831,34.042687],[134.537853,34.042541],[134.53821,34.042558],[134.538397,34.042546],[134.53882,34.042578],[134.541212,34.042781],[134.542302,34.042888],[134.542888,34.042943],[134.543241,34.043927]]]},"properties":{"S_NAME":"八万町川南","HCODE":8101}},{"type":"Feature","geometry":{"type":"Polygon","coordinates":[[[134.543241,34.043927],[134.543475,34.044734],[134.543588,34.045086],[134.543604,34.045143],[134.544178,34.04492],[134.545059,34.046385],[134.545249,34.046327],[134.545467,34.046851],[134.545741,34.047534],[134.545285,34.047617],[134.544427,34.04779],[134.544139,34.047824],[134.543742,34.047863],[134.542868,34.04792],[134.542773,34.047568],[134.542717,34.047361],[134.542642,34.046991],[134.542354,34.045871],[134.542257,34.045478],[134.542239,34.045404],[134.542203,34.045249],[134.542169,34.045087],[134.542122,34.044925],[134.542111,34.044884],[134.541965,34.044599],[134.541498,34.043909],[134.542006,34.043976],[134.54219,34.043951],[134.542601,34.043988],[134.543241,34.043927]]]},"properties":{"S_NAME":"八万町二丈","HCODE":8101}},{"type":"Feature","geometry":{"type":"Polygon","coordinates":[[[134.55204,34.047281],[134.55023,34.047304],[134.549305,34.047301],[134.547614,34.047312],[134.547115,34.047361],[134.545741,34.047534],[134.545467,34.046851],[134.545249,34.046327],[134.545059,34.046385],[134.544178,34.04492],[134.543604,34.045143],[134.543588,34.045086],[134.543475,34.044734],[134.543241,34.043927],[134.542888,34.042943],[134.543827,34.04324],[134.544954,34.043587],[134.546214,34.043966],[134.547607,34.044379],[134.548405,34.044525],[134.549171,34.044561],[134.549436,34.04455],[134.549931,34.044558],[134.550508,34.044567],[134.550985,34.044526],[134.552092,34.04443],[134.552925,34.04442],[134.554469,34.044507],[134.55545,34.044633],[134.555606,34.044671],[134.556031,34.044774],[134.556771,34.045064],[134.557234,34.045245],[134.559017,34.045914],[134.559392,34.046031],[134.557224,34.046532],[134.556924,34.046601],[134.555302,34.046532],[134.554438,34.046498],[134.554026,34.046482],[134.552038,34.047146],[134.552041,34.047189],[134.55204,34.047281]]]},"properties":{"S_NAME":"八万町沖須賀","HCODE":8101}},{"type":"Feature","geometry":{"type":"Polygon","coordinates":[[[134.545188,34.050092],[134.544166,34.050492],[134.544031,34.050542],[134.543943,34.050585],[134.543863,34.050631],[134.543788,34.050727],[134.54368,34.050875],[134.543593,34.051031],[134.543235,34.051136],[134.542913,34.051239],[134.542441,34.051384],[134.541888,34.051469],[134.541806,34.051496],[134.541824,34.051533],[134.541458,34.051709],[134.540907,34.051906],[134.540782,34.051951],[134.540669,34.051961],[134.540505,34.051982],[134.540305,34.052034],[134.540263,34.05205],[134.540032,34.05214],[134.539911,34.052169],[134.539579,34.052247],[134.539314,34.0523],[134.539257,34.052326],[134.539183,34.05238],[134.539122,34.052747],[134.538576,34.05296],[134.538561,34.052942],[134.538499,34.052857],[134.538368,34.052662],[134.538153,34.052378],[134.538044,34.052164],[134.537517,34.051286],[134.537154,34.050723],[134.537103,34.05064],[134.53627,34.049346],[134.537958,34.048931],[134.538112,34.049195],[134.538507,34.049884],[134.539029,34.049709],[134.539191,34.049632],[134.539377,34.049586],[134.539569,34.049539],[134.539905,34.049411],[134.540368,34.049296],[134.540447,34.049292],[134.5405,34.049306],[134.540437,34.049215],[134.540265,34.048964],[134.539811,34.048356],[134.539652,34.048127],[134.53958,34.047813],[134.539539,34.047481],[134.539526,34.047289],[134.53951,34.047043],[134.539482,34.046672],[134.539495,34.046547],[134.53969,34.046604],[134.539835,34.046634],[134.539905,34.046633],[134.540123,34.046748],[134.540508,34.046962],[134.54106,34.04736],[134.541149,34.047436],[134.541663,34.047684],[134.5421,34.047891],[134.542211,34.047914],[134.5425,34.047915],[134.542868,34.04792],[134.543742,34.047863],[134.544139,34.047824],[134.544427,34.04779],[134.544563,34.048208],[134.544644,34.048495],[134.54483,34.049104],[134.54498,34.049471],[134.545188,34.050092]]]},"properties":{"S_NAME":"八万町内浜","HCODE":8101}},{"type":"Feature","geometry":{"type":"Polygon","coordinates":[[[134.531628,34.067634],[134.53118,34.067656],[134.531059,34.067649],[134.531003,34.067675],[134.530585,34.067831],[134.530484,34.067849],[134.530381,34.067837],[134.530289,34.067783],[134.530216,34.067724],[134.53019,34.067686],[134.530225,34.067592],[134.530245,34.067545],[134.530259,34.067439],[134.530232,34.067371],[134.530222,34.06735],[134.530145,34.067321],[134.530038,34.06733],[134.529956,34.067365],[134.529758,34.06743],[134.529646,34.067491],[134.529514,34.067517],[134.529371,34.067548],[134.529264,34.067579],[134.529182,34.067605],[134.529161,34.067489],[134.529066,34.067191],[134.528946,34.067046],[134.528871,34.066897],[134.528782,34.066768],[134.528762,34.066711],[134.528769,34.066631],[134.528769,34.06648],[134.528734,34.066424],[134.528664,34.066354],[134.528603,34.066307],[134.52853,34.066273],[134.528518,34.066228],[134.528523,34.066169],[134.528565,34.06606],[134.528568,34.065996],[134.528537,34.065933],[134.528483,34.065898],[134.528423,34.065866],[134.528366,34.065834],[134.528323,34.0658],[134.528304,34.065752],[134.528303,34.065673],[134.528314,34.065609],[134.528282,34.065549],[134.528251,34.065505],[134.528199,34.065477],[134.528192,34.065467],[134.528105,34.065468],[134.528075,34.065468],[134.527847,34.065604],[134.52781,34.065629],[134.527765,34.065712],[134.52772,34.06583],[134.527549,34.066194],[134.527489,34.06627],[134.52741,34.066376],[134.527342,34.066418],[134.527258,34.066476],[134.527226,34.066493],[134.52718,34.066506],[134.527072,34.066553],[134.527026,34.066576],[134.526949,34.066626],[134.526903,34.066652],[134.526854,34.066719],[134.526855,34.066808],[134.526891,34.066874],[134.526937,34.066934],[134.526942,34.066978],[134.526927,34.067042],[134.526912,34.067093],[134.526882,34.067135],[134.526848,34.067148],[134.526787,34.067158],[134.526321,34.067136],[134.526183,34.067147],[134.526099,34.067148],[134.525939,34.06713],[134.525847,34.067102],[134.525716,34.067011],[134.525534,34.066793],[134.525473,34.066649],[134.525419,34.066593],[134.525349,34.066552],[134.525284,34.066521],[134.525226,34.06648],[134.525164,34.066357],[134.525148,34.066341],[134.525132,34.066311],[134.525067,34.066234],[134.524955,34.066168],[134.524898,34.066152],[134.524771,34.066112],[134.524606,34.066066],[134.524537,34.066057],[134.524434,34.066035],[134.524331,34.066043],[134.524198,34.066076],[134.524171,34.066073],[134.524121,34.066073],[134.524075,34.066067],[134.524041,34.066061],[134.523998,34.066017],[134.523994,34.066001],[134.523975,34.065982],[134.523951,34.065928],[134.523799,34.065782],[134.523622,34.065704],[134.523492,34.06567],[134.523411,34.065645],[134.523285,34.065656],[134.523121,34.065664],[134.522991,34.065658],[134.522919,34.06564],[134.522846,34.065609],[134.522765,34.065552],[134.522652,34.065388],[134.52259,34.065351],[134.522471,34.065298],[134.522358,34.065256],[134.522289,34.065221],[134.522258,34.065199],[134.522245,34.065196],[134.521876,34.064966],[134.52217,34.064947],[134.522809,34.064866],[134.523235,34.064769],[134.523874,34.064637],[134.525044,34.064352],[134.525125,34.064318],[134.525155,34.064216],[134.525391,34.063593],[134.52586,34.062712],[134.526436,34.061975],[134.527145,34.061123],[134.527544,34.060554],[134.528021,34.059941],[134.528307,34.059702],[134.52845,34.059569],[134.528517,34.059498],[134.528681,34.059437],[134.528976,34.059324],[134.529886,34.058902],[134.530216,34.058664],[134.530525,34.058416],[134.530756,34.058177],[134.531008,34.057516],[134.531044,34.057051],[134.531067,34.056752],[134.531067,34.056743],[134.531086,34.056505],[134.531127,34.056439],[134.531114,34.056363],[134.531076,34.056206],[134.531134,34.055962],[134.531226,34.055726],[134.531309,34.055603],[134.5314,34.055527],[134.531558,34.055469],[134.531741,34.055503],[134.532006,34.055683],[134.532011,34.055684],[134.532085,34.055698],[134.532164,34.055682],[134.532224,34.055621],[134.532236,34.055545],[134.53216,34.055307],[134.532214,34.055225],[134.532317,34.055174],[134.532615,34.055126],[134.532564,34.054923],[134.532403,34.054737],[134.532427,34.054727],[134.532688,34.054628],[134.532882,34.05456],[134.533065,34.054554],[134.533486,34.054515],[134.533576,34.054463],[134.533624,34.054377],[134.533684,34.05427],[134.533876,34.053799],[134.534023,34.053316],[134.534028,34.053231],[134.534054,34.05313],[134.534186,34.052984],[134.534338,34.052915],[134.534494,34.052881],[134.534634,34.052858],[134.534722,34.052876],[134.534962,34.053061],[134.535023,34.053077],[134.535063,34.053072],[134.535171,34.053158],[134.535312,34.053058],[134.535537,34.053212],[134.536277,34.053724],[134.536608,34.053948],[134.537262,34.054389],[134.537017,34.05451],[134.536985,34.054526],[134.536574,34.054732],[134.536532,34.054803],[134.536531,34.054802],[134.536489,34.054968],[134.536488,34.054974],[134.536466,34.055096],[134.536464,34.055096],[134.536427,34.05528],[134.536391,34.055441],[134.536837,34.055559],[134.537033,34.055605],[134.537007,34.055726],[134.537008,34.055812],[134.537014,34.055945],[134.537044,34.05609],[134.537073,34.056151],[134.537221,34.056339],[134.537343,34.056491],[134.537359,34.056532],[134.537372,34.056581],[134.537369,34.056768],[134.537439,34.056836],[134.537641,34.056939],[134.537872,34.057177],[134.537914,34.057244],[134.537913,34.057247],[134.537912,34.057247],[134.537938,34.057318],[134.537961,34.057494],[134.5377,34.057503],[134.537645,34.05765],[134.537551,34.058037],[134.537472,34.058287],[134.537398,34.058544],[134.537416,34.05868],[134.535873,34.057995],[134.535312,34.059669],[134.535187,34.060007],[134.535051,34.060377],[134.534708,34.060832],[134.5345,34.061245],[134.53443,34.061379],[134.534388,34.061557],[134.534381,34.061656],[134.534405,34.061791],[134.534415,34.062214],[134.534401,34.063023],[134.5343,34.063689],[134.534231,34.064145],[134.534026,34.06532],[134.533926,34.065338],[134.533832,34.065397],[134.533718,34.06546],[134.533546,34.065486],[134.533473,34.065507],[134.533254,34.065631],[134.533201,34.06566],[134.533138,34.065726],[134.533066,34.065841],[134.532993,34.065947],[134.532911,34.065985],[134.532857,34.065981],[134.532753,34.065953],[134.532655,34.065926],[134.532577,34.065918],[134.532533,34.065959],[134.532388,34.066107],[134.532324,34.06614],[134.532236,34.066129],[134.532128,34.066081],[134.532009,34.066037],[134.531926,34.066046],[134.531844,34.066072],[134.531746,34.066168],[134.531632,34.06631],[134.531564,34.066427],[134.5315,34.066523],[134.531465,34.066553],[134.531505,34.066908],[134.531562,34.067155],[134.531574,34.067332],[134.531628,34.067634]]]},"properties":{"S_NAME":"八万町中津浦","HCODE":8101}},{"type":"Feature","geometry":{"type":"Polygon","coordinates":[[[134.537546,34.058739],[134.538128,34.059002],[134.538673,34.059261],[134.538364,34.060142],[134.537878,34.060975],[134.537718,34.061324],[134.537593,34.061284],[134.536877,34.06101],[134.53642,34.060818],[134.536463,34.060613],[134.536885,34.059685],[134.537283,34.058994],[134.537376,34.058881],[134.537444,34.058831],[134.537546,34.058739]]]},"properties":{"S_NAME":"八万町中津浦","HCODE":8101}},{"type":"Feature","geometry":{"type":"Polygon","coordinates":[[[134.537546,34.058739],[134.537767,34.058168],[134.538168,34.058232],[134.538175,34.058233],[134.539652,34.058584],[134.539904,34.058754],[134.54012,34.058985],[134.54034,34.05911],[134.540383,34.059155],[134.540434,34.059317],[134.540521,34.059423],[134.540675,34.059553],[134.5407,34.059649],[134.541357,34.059745],[134.54158,34.059839],[134.541731,34.059879],[134.541802,34.059876],[134.541974,34.059838],[134.542204,34.059782],[134.5422,34.059833],[134.5422,34.059901],[134.542226,34.059971],[134.542287,34.06006],[134.542354,34.060116],[134.542487,34.060251],[134.542498,34.060283],[134.542499,34.060338],[134.542489,34.060401],[134.542517,34.060475],[134.542574,34.060553],[134.542639,34.060589],[134.542665,34.060637],[134.54268,34.060706],[134.542653,34.060783],[134.542601,34.060872],[134.54256,34.060957],[134.542468,34.061053],[134.542416,34.061107],[134.542318,34.061176],[134.542271,34.061209],[134.54223,34.061265],[134.542189,34.061401],[134.542146,34.061411],[134.542057,34.061416],[134.54185,34.061427],[134.541713,34.061437],[134.54156,34.061475],[134.541473,34.061516],[134.541425,34.061585],[134.541403,34.061622],[134.541373,34.061701],[134.541373,34.061822],[134.541384,34.061877],[134.541413,34.061977],[134.541414,34.062072],[134.541328,34.062226],[134.541301,34.062324],[134.541271,34.062413],[134.541233,34.062485],[134.541191,34.062516],[134.541138,34.062519],[134.541011,34.062568],[134.540908,34.062615],[134.540877,34.062636],[134.540838,34.062658],[134.540805,34.062679],[134.540797,34.062705],[134.540781,34.062756],[134.54078,34.06279],[134.540786,34.062853],[134.540818,34.062918],[134.540869,34.062983],[134.54092,34.063059],[134.540983,34.063149],[134.54102,34.063175],[134.541124,34.063221],[134.541251,34.063254],[134.541398,34.063299],[134.541477,34.063328],[134.541525,34.063349],[134.541573,34.063388],[134.541589,34.063431],[134.541628,34.063527],[134.54163,34.063644],[134.541653,34.063732],[134.541673,34.06376],[134.541701,34.063778],[134.541793,34.063839],[134.541825,34.063861],[134.541906,34.063916],[134.541947,34.063963],[134.541975,34.063998],[134.541964,34.064054],[134.541902,34.064124],[134.541808,34.064214],[134.541749,34.064263],[134.540365,34.064259],[134.540354,34.064295],[134.540332,34.064339],[134.540293,34.064434],[134.540214,34.064518],[134.540115,34.06459],[134.540011,34.064636],[134.539881,34.064641],[134.539765,34.064601],[134.539594,34.064469],[134.539483,34.06442],[134.539403,34.064384],[134.539323,34.064384],[134.539228,34.064398],[134.539144,34.064481],[134.539066,34.064574],[134.539011,34.064624],[134.538972,34.064649],[134.538882,34.064662],[134.538751,34.064597],[134.538545,34.064491],[134.538445,34.064479],[134.53835,34.064492],[134.538094,34.06458],[134.53791,34.064656],[134.537831,34.064706],[134.537772,34.064798],[134.537698,34.064874],[134.537633,34.064899],[134.537533,34.0649],[134.537378,34.064889],[134.537279,34.064906],[134.537194,34.064953],[134.537055,34.065041],[134.536966,34.065075],[134.536886,34.065093],[134.536811,34.065097],[134.536731,34.065044],[134.53666,34.065036],[134.536575,34.065025],[134.536526,34.065046],[134.536477,34.065108],[134.536423,34.065196],[134.536326,34.06527],[134.536247,34.065299],[134.536137,34.065346],[134.536113,34.065379],[134.536089,34.065471],[134.53606,34.065583],[134.536031,34.065646],[134.536007,34.065725],[134.535982,34.065767],[134.535899,34.065851],[134.535804,34.065897],[134.535704,34.065911],[134.535589,34.065895],[134.535464,34.065825],[134.535398,34.065813],[134.535368,34.065797],[134.535263,34.06579],[134.535029,34.065833],[134.534954,34.065834],[134.534884,34.065809],[134.534793,34.06574],[134.534569,34.065569],[134.534467,34.065454],[134.534417,34.065421],[134.534276,34.065351],[134.534126,34.065307],[134.534086,34.065307],[134.534026,34.06532],[134.534231,34.064145],[134.5343,34.063689],[134.534401,34.063023],[134.534415,34.062214],[134.534405,34.061791],[134.534381,34.061656],[134.534388,34.061557],[134.53443,34.061379],[134.5345,34.061245],[134.534708,34.060832],[134.535051,34.060377],[134.535187,34.060007],[134.535312,34.059669],[134.535873,34.057995],[134.537416,34.05868],[134.537546,34.058739],[134.537444,34.058831],[134.537376,34.058881],[134.537283,34.058994],[134.536885,34.059685],[134.536463,34.060613],[134.53642,34.060818],[134.536877,34.06101],[134.537593,34.061284],[134.537718,34.061324],[134.537878,34.060975],[134.538364,34.060142],[134.538673,34.059261],[134.538128,34.059002],[134.537546,34.058739]]]},"properties":{"S_NAME":"八万町中津山","HCODE":8101}},{"type":"Feature","geometry":{"type":"Polygon","coordinates":[[[134.539495,34.046547],[134.539482,34.046672],[134.53951,34.047043],[134.539526,34.047289],[134.539539,34.047481],[134.53958,34.047813],[134.539652,34.048127],[134.539811,34.048356],[134.540265,34.048964],[134.540437,34.049215],[134.5405,34.049306],[134.540447,34.049292],[134.540368,34.049296],[134.539905,34.049411],[134.539569,34.049539],[134.539377,34.049586],[134.539191,34.049632],[134.539029,34.049709],[134.538507,34.049884],[134.538112,34.049195],[134.537958,34.048931],[134.53627,34.049346],[134.535609,34.048338],[134.536126,34.04798],[134.536125,34.047875],[134.536031,34.047559],[134.535928,34.047348],[134.535772,34.047441],[134.535633,34.047468],[134.535483,34.047501],[134.535437,34.04752],[134.535454,34.047577],[134.535466,34.047619],[134.535432,34.047643],[134.535268,34.047657],[134.535191,34.047665],[134.534924,34.047719],[134.534676,34.047747],[134.534817,34.047312],[134.53491,34.047088],[134.53497,34.04699],[134.535114,34.04684],[134.535187,34.046522],[134.535227,34.046167],[134.535299,34.045832],[134.535349,34.045705],[134.535392,34.045619],[134.535433,34.045436],[134.535448,34.04537],[134.535482,34.045306],[134.535563,34.045259],[134.535644,34.045233],[134.535746,34.045252],[134.53619,34.045384],[134.536312,34.045394],[134.536483,34.045398],[134.536673,34.045378],[134.536714,34.045374],[134.537311,34.045171],[134.538147,34.044696],[134.538368,34.044469],[134.538587,34.044292],[134.538728,34.044266],[134.53887,34.044291],[134.538943,34.044304],[134.539114,34.04445],[134.539283,34.044667],[134.539438,34.044892],[134.539094,34.044988],[134.53876,34.045001],[134.538641,34.044987],[134.538475,34.045003],[134.538413,34.045106],[134.538393,34.045173],[134.538362,34.045394],[134.538384,34.045575],[134.538449,34.045902],[134.538684,34.045908],[134.538908,34.045983],[134.53903,34.046038],[134.539133,34.046169],[134.539263,34.046399],[134.539322,34.046494],[134.539495,34.046547]]]},"properties":{"S_NAME":"八万町夷山","HCODE":8101}},{"type":"Feature","geometry":{"type":"Polygon","coordinates":[[[134.53627,34.049346],[134.537103,34.05064],[134.537154,34.050723],[134.537517,34.051286],[134.538044,34.052164],[134.538153,34.052378],[134.538368,34.052662],[134.538499,34.052857],[134.538561,34.052942],[134.538576,34.05296],[134.538741,34.053169],[134.538503,34.053186],[134.538108,34.05317],[134.53769,34.052213],[134.536821,34.052626],[134.536732,34.052434],[134.53629,34.052618],[134.536103,34.052588],[134.53605,34.052591],[134.535891,34.052672],[134.535783,34.052783],[134.535748,34.052774],[134.535617,34.052598],[134.535598,34.052598],[134.535084,34.052875],[134.534952,34.052732],[134.534857,34.052645],[134.534522,34.052336],[134.534686,34.052213],[134.534571,34.051985],[134.534205,34.051449],[134.533685,34.050537],[134.533058,34.049581],[134.533602,34.049269],[134.533897,34.049131],[134.534302,34.048905],[134.534358,34.048847],[134.534097,34.048859],[134.533899,34.048803],[134.533713,34.048682],[134.533284,34.048474],[134.532657,34.048222],[134.53281,34.047773],[134.533017,34.047568],[134.533143,34.047727],[134.533191,34.047847],[134.533519,34.047854],[134.533668,34.048067],[134.533689,34.04806],[134.533756,34.048008],[134.534244,34.047582],[134.534351,34.047686],[134.534523,34.047749],[134.534676,34.047747],[134.534924,34.047719],[134.535191,34.047665],[134.535268,34.047657],[134.535432,34.047643],[134.535466,34.047619],[134.535454,34.047577],[134.535437,34.04752],[134.535483,34.047501],[134.535633,34.047468],[134.535772,34.047441],[134.535928,34.047348],[134.536031,34.047559],[134.536125,34.047875],[134.536126,34.04798],[134.535609,34.048338],[134.53627,34.049346]]]},"properties":{"S_NAME":"八万町千鳥","HCODE":8101}},{"type":"Feature","geometry":{"type":"Polygon","coordinates":[[[134.548093,34.040294],[134.547592,34.041148],[134.547524,34.041199],[134.547164,34.040909],[134.546699,34.040501],[134.545854,34.040082],[134.545482,34.04067],[134.543151,34.041257],[134.542456,34.041482],[134.542619,34.041958],[134.542581,34.041966],[134.542888,34.042943],[134.542302,34.042888],[134.541212,34.042781],[134.53882,34.042578],[134.538397,34.042546],[134.538638,34.04227],[134.538833,34.041877],[134.538889,34.04152],[134.5389,34.041434],[134.539238,34.041381],[134.539364,34.041345],[134.539245,34.041213],[134.538891,34.040904],[134.538691,34.040728],[134.53836,34.040476],[134.537826,34.039692],[134.537737,34.039537],[134.537544,34.039087],[134.537529,34.038909],[134.537714,34.038526],[134.537859,34.038388],[134.538259,34.038085],[134.538583,34.037361],[134.538764,34.036967],[134.538904,34.036963],[134.539031,34.036959],[134.539836,34.036955],[134.539988,34.036999],[134.540436,34.036722],[134.540653,34.036585],[134.541099,34.036301],[134.541273,34.0362],[134.541179,34.036516],[134.541125,34.036852],[134.541509,34.037004],[134.541857,34.036825],[134.542225,34.036597],[134.542274,34.036575],[134.542333,34.036706],[134.542612,34.03787],[134.54272,34.038132],[134.542825,34.038189],[134.543801,34.037612],[134.544144,34.03797],[134.545033,34.038769],[134.54563,34.03923],[134.546074,34.039559],[134.54638,34.039689],[134.547172,34.039992],[134.547726,34.040194],[134.548093,34.040294]]]},"properties":{"S_NAME":"八万町法花","HCODE":8101}},{"type":"Feature","geometry":{"type":"Polygon","coordinates":[[[134.538397,34.042546],[134.53821,34.042558],[134.537853,34.042541],[134.537123,34.042562],[134.536197,34.04249],[134.535334,34.042377],[134.534406,34.042203],[134.533847,34.042127],[134.533682,34.042098],[134.532604,34.041964],[134.532407,34.041895],[134.532241,34.0418],[134.532118,34.04174],[134.531481,34.041659],[134.530746,34.041548],[134.530787,34.041215],[134.530781,34.040831],[134.530617,34.039998],[134.530453,34.039201],[134.530401,34.038891],[134.530187,34.038097],[134.529905,34.037519],[134.529781,34.037388],[134.529682,34.037283],[134.529413,34.037184],[134.52931,34.037146],[134.528769,34.037067],[134.528207,34.037177],[134.528011,34.037148],[134.5279,34.037098],[134.527768,34.036987],[134.527775,34.036968],[134.527638,34.036796],[134.52758,34.036445],[134.527443,34.036252],[134.527112,34.036133],[134.528372,34.036214],[134.528618,34.036263],[134.528971,34.036199],[134.530235,34.036135],[134.531554,34.036146],[134.532108,34.036188],[134.532647,34.036254],[134.532807,34.036314],[134.533273,34.036464],[134.533647,34.036683],[134.53394,34.036844],[134.534464,34.036962],[134.534978,34.036943],[134.535261,34.036914],[134.535604,34.036972],[134.535904,34.037051],[134.536185,34.037008],[134.536466,34.037006],[134.536895,34.037027],[134.537298,34.037019],[134.537453,34.037053],[134.53774,34.037148],[134.538129,34.037242],[134.538482,34.037332],[134.538583,34.037361],[134.538259,34.038085],[134.537859,34.038388],[134.537714,34.038526],[134.537529,34.038909],[134.537544,34.039087],[134.537737,34.039537],[134.537826,34.039692],[134.53836,34.040476],[134.538691,34.040728],[134.538891,34.040904],[134.539245,34.041213],[134.539364,34.041345],[134.539238,34.041381],[134.5389,34.041434],[134.538889,34.04152],[134.538833,34.041877],[134.538638,34.04227],[134.538397,34.042546]]]},"properties":{"S_NAME":"八万町法花谷","HCODE":8101}},{"type":"Feature","geometry":{"type":"Polygon","coordinates":[[[134.555606,34.044671],[134.55545,34.044633],[134.554469,34.044507],[134.552925,34.04442],[134.552092,34.04443],[134.550985,34.044526],[134.550508,34.044567],[134.549931,34.044558],[134.549436,34.04455],[134.549171,34.044561],[134.548405,34.044525],[134.547607,34.044379],[134.546214,34.043966],[134.544954,34.043587],[134.543827,34.04324],[134.542888,34.042943],[134.542581,34.041966],[134.542619,34.041958],[134.542456,34.041482],[134.543151,34.041257],[134.545482,34.04067],[134.545854,34.040082],[134.546699,34.040501],[134.547164,34.040909],[134.547524,34.041199],[134.547592,34.041148],[134.548093,34.040294],[134.548605,34.040387],[134.54936,34.040455],[134.549657,34.040474],[134.55032,34.040515],[134.551264,34.040546],[134.552117,34.040627],[134.552669,34.040673],[134.552967,34.040806],[134.553368,34.041091],[134.553435,34.041191],[134.554164,34.041731],[134.55434,34.041875],[134.554772,34.042229],[134.554974,34.042401],[134.555194,34.042591],[134.555426,34.042767],[134.555665,34.043059],[134.555858,34.043372],[134.556075,34.043672],[134.556124,34.043751],[134.556105,34.043779],[134.555606,34.044671]]]},"properties":{"S_NAME":"八万町大野","HCODE":8101}},{"type":"Feature","geometry":{"type":"Polygon","coordinates":[[[134.534676,34.047747],[134.534523,34.047749],[134.534351,34.047686],[134.534244,34.047582],[134.533756,34.048008],[134.533689,34.04806],[134.533668,34.048067],[134.533519,34.047854],[134.533191,34.047847],[134.533143,34.047727],[134.533017,34.047568],[134.53281,34.047773],[134.532657,34.048222],[134.532484,34.048152],[134.531959,34.047934],[134.531888,34.047893],[134.531615,34.047686],[134.531528,34.047652],[134.531413,34.047605],[134.531247,34.047569],[134.531049,34.047545],[134.530903,34.047567],[134.530822,34.047394],[134.530794,34.047189],[134.530724,34.047043],[134.530703,34.047016],[134.530716,34.046994],[134.530731,34.04695],[134.53076,34.046905],[134.530792,34.046858],[134.530841,34.046796],[134.530881,34.046731],[134.530892,34.04656],[134.530884,34.046496],[134.530883,34.046288],[134.530881,34.046179],[134.530862,34.045896],[134.530812,34.04566],[134.530852,34.045235],[134.530895,34.045096],[134.531038,34.044963],[134.531165,34.044881],[134.531019,34.044697],[134.531042,34.044389],[134.530979,34.044196],[134.530904,34.044054],[134.530699,34.043529],[134.530681,34.04349],[134.530476,34.043045],[134.530464,34.042929],[134.530441,34.042708],[134.53043,34.042138],[134.530429,34.041954],[134.530524,34.041901],[134.530595,34.041773],[134.530698,34.04168],[134.530746,34.041548],[134.531481,34.041659],[134.532118,34.04174],[134.532241,34.0418],[134.532407,34.041895],[134.532604,34.041964],[134.533682,34.042098],[134.533847,34.042127],[134.534406,34.042203],[134.535334,34.042377],[134.536197,34.04249],[134.537123,34.042562],[134.537853,34.042541],[134.537831,34.042687],[134.537815,34.042848],[134.537781,34.043044],[134.537697,34.04324],[134.537667,34.043359],[134.537643,34.043404],[134.537709,34.043846],[134.537671,34.044153],[134.537665,34.044198],[134.537442,34.044215],[134.536929,34.044275],[134.536456,34.044388],[134.536002,34.044701],[134.535834,34.044728],[134.535799,34.044928],[134.535746,34.045252],[134.535644,34.045233],[134.535563,34.045259],[134.535482,34.045306],[134.535448,34.04537],[134.535433,34.045436],[134.535392,34.045619],[134.535349,34.045705],[134.535299,34.045832],[134.535227,34.046167],[134.535187,34.046522],[134.535114,34.04684],[134.53497,34.04699],[134.53491,34.047088],[134.534817,34.047312],[134.534676,34.047747]]]},"properties":{"S_NAME":"八万町橋本","HCODE":8101}},{"type":"Feature","geometry":{"type":"Polygon","coordinates":[[[134.531086,34.056505],[134.531067,34.056743],[134.531067,34.056752],[134.531044,34.057051],[134.531008,34.057516],[134.530756,34.058177],[134.530525,34.058416],[134.530216,34.058664],[134.529886,34.058902],[134.528976,34.059324],[134.528681,34.059437],[134.528517,34.059498],[134.52844,34.059498],[134.528535,34.058023],[134.528653,34.056889],[134.528661,34.056811],[134.528665,34.056777],[134.528688,34.056479],[134.52869,34.056461],[134.528716,34.056133],[134.528729,34.055961],[134.528789,34.055209],[134.52826,34.054632],[134.528291,34.054599],[134.52866,34.054357],[134.529235,34.054284],[134.52929,34.054294],[134.529453,34.054383],[134.529636,34.054555],[134.52982,34.05472],[134.529888,34.054811],[134.529925,34.054862],[134.53022,34.055011],[134.5305,34.054968],[134.530772,34.055779],[134.530773,34.055782],[134.530818,34.055915],[134.530894,34.056068],[134.530904,34.056142],[134.530906,34.056267],[134.530906,34.056278],[134.530906,34.056319],[134.530986,34.056554],[134.531086,34.056505]]]},"properties":{"S_NAME":"八万町福万山","HCODE":8101}},{"type":"Feature","geometry":{"type":"Polygon","coordinates":[[[134.529809,34.047453],[134.530192,34.047849],[134.530581,34.048324],[134.530818,34.048592],[134.531258,34.049088],[134.53205,34.049992],[134.531614,34.050137],[134.531346,34.050211],[134.531324,34.050934],[134.531324,34.05094],[134.531324,34.050944],[134.531195,34.051724],[134.531164,34.052064],[134.531536,34.052036],[134.531519,34.05244],[134.53084,34.052525],[134.530722,34.052122],[134.530558,34.052156],[134.530386,34.052283],[134.530505,34.052484],[134.530458,34.052531],[134.530385,34.052597],[134.530352,34.052702],[134.530429,34.052968],[134.530491,34.053079],[134.530591,34.05314],[134.530661,34.05319],[134.530732,34.053241],[134.530745,34.053326],[134.530728,34.053417],[134.530662,34.053463],[134.530539,34.053459],[134.530411,34.053455],[134.529978,34.053383],[134.529876,34.053374],[134.529813,34.053394],[134.529717,34.053491],[134.529638,34.053512],[134.529509,34.053483],[134.529461,34.053504],[134.529365,34.053537],[134.529322,34.053566],[134.529138,34.053691],[134.528857,34.053829],[134.528685,34.053831],[134.528278,34.053837],[134.528274,34.053863],[134.528236,34.054108],[134.528229,34.054201],[134.52823,34.054232],[134.528239,34.054378],[134.52826,34.054632],[134.528789,34.055209],[134.528729,34.055961],[134.528716,34.056133],[134.52869,34.056461],[134.528688,34.056479],[134.528665,34.056777],[134.528661,34.056811],[134.528653,34.056889],[134.528535,34.058023],[134.52844,34.059498],[134.528517,34.059498],[134.52845,34.059569],[134.528307,34.059702],[134.528021,34.059941],[134.527544,34.060554],[134.527145,34.061123],[134.526436,34.061975],[134.52586,34.062712],[134.525391,34.063593],[134.525155,34.064216],[134.525125,34.064318],[134.525044,34.064352],[134.523874,34.064637],[134.523235,34.064769],[134.522809,34.064866],[134.52217,34.064947],[134.521876,34.064966],[134.520181,34.063927],[134.519437,34.06347],[134.519169,34.063306],[134.518224,34.062726],[134.518702,34.061719],[134.518983,34.061051],[134.519305,34.060607],[134.519641,34.059903],[134.519843,34.059422],[134.51989,34.059154],[134.519843,34.05886],[134.519491,34.058457],[134.519418,34.058262],[134.51944,34.058096],[134.519822,34.057642],[134.519927,34.057544],[134.519973,34.057465],[134.519916,34.057143],[134.519916,34.057142],[134.519892,34.05706],[134.519703,34.056974],[134.519371,34.056751],[134.519181,34.056655],[134.519098,34.056587],[134.518979,34.056294],[134.519027,34.055991],[134.519042,34.055615],[134.518734,34.055148],[134.518497,34.054964],[134.518425,34.054857],[134.51847,34.05435],[134.51862,34.05397],[134.518746,34.053695],[134.51871,34.053598],[134.518567,34.053491],[134.518612,34.052811],[134.518644,34.052528],[134.518665,34.052322],[134.518628,34.052176],[134.518498,34.052128],[134.518439,34.052079],[134.518269,34.05167],[134.51828,34.051582],[134.518362,34.051532],[134.519171,34.05133],[134.519229,34.051261],[134.51924,34.051202],[134.519208,34.051012],[134.519443,34.050971],[134.519666,34.050949],[134.519948,34.050967],[134.520254,34.050984],[134.52049,34.051021],[134.520785,34.051077],[134.521637,34.051673],[134.522702,34.051983],[134.522895,34.052008],[134.523002,34.052056],[134.523077,34.052082],[134.523199,34.052068],[134.523402,34.052026],[134.523546,34.052021],[134.523636,34.052033],[134.523717,34.052077],[134.523758,34.051979],[134.523864,34.051854],[134.524075,34.051723],[134.524203,34.051665],[134.524389,34.051601],[134.524653,34.051395],[134.525032,34.051633],[134.525209,34.051734],[134.525258,34.051796],[134.52548,34.052122],[134.525566,34.052192],[134.525754,34.05227],[134.525983,34.05226],[134.526159,34.052245],[134.526284,34.052419],[134.526418,34.05261],[134.526532,34.052757],[134.526623,34.052869],[134.526727,34.052926],[134.526834,34.052949],[134.526991,34.052934],[134.527171,34.052837],[134.527282,34.05277],[134.527372,34.052759],[134.527405,34.052721],[134.527596,34.052521],[134.527896,34.052429],[134.528007,34.052377],[134.528084,34.052284],[134.528139,34.052101],[134.52818,34.052043],[134.528246,34.052015],[134.528557,34.051851],[134.528767,34.051665],[134.52878,34.0515],[134.528815,34.051449],[134.528901,34.051389],[134.528644,34.051211],[134.528609,34.051189],[134.528526,34.051092],[134.528441,34.050964],[134.528132,34.050431],[134.528014,34.050295],[134.527908,34.050162],[134.527897,34.050111],[134.527926,34.050026],[134.527874,34.049845],[134.527899,34.049811],[134.528034,34.049679],[134.528039,34.049649],[134.528048,34.049535],[134.528068,34.049522],[134.528283,34.049497],[134.528207,34.049033],[134.528158,34.048818],[134.528384,34.048417],[134.528451,34.048382],[134.528809,34.048096],[134.528951,34.048044],[134.529376,34.047986],[134.529378,34.047816],[134.529401,34.047763],[134.529508,34.047674],[134.529632,34.047592],[134.529809,34.047453]]]},"properties":{"S_NAME":"八万町上福万","HCODE":8101}},{"type":"Feature","geometry":{"type":"Polygon","coordinates":[[[134.535312,34.053058],[134.535171,34.053158],[134.535063,34.053072],[134.535023,34.053077],[134.534962,34.053061],[134.534722,34.052876],[134.534634,34.052858],[134.534494,34.052881],[134.534338,34.052915],[134.534186,34.052984],[134.534054,34.05313],[134.534028,34.053231],[134.534023,34.053316],[134.533876,34.053799],[134.533684,34.05427],[134.533624,34.054377],[134.533576,34.054463],[134.533486,34.054515],[134.533065,34.054554],[134.532882,34.05456],[134.532688,34.054628],[134.532427,34.054727],[134.532403,34.054737],[134.532564,34.054923],[134.532615,34.055126],[134.532317,34.055174],[134.532214,34.055225],[134.53216,34.055307],[134.532236,34.055545],[134.532224,34.055621],[134.532164,34.055682],[134.532085,34.055698],[134.532011,34.055684],[134.532006,34.055683],[134.531741,34.055503],[134.531558,34.055469],[134.5314,34.055527],[134.531309,34.055603],[134.531226,34.055726],[134.531134,34.055962],[134.531076,34.056206],[134.531114,34.056363],[134.531127,34.056439],[134.531086,34.056505],[134.530986,34.056554],[134.530906,34.056319],[134.530906,34.056278],[134.530906,34.056267],[134.530904,34.056142],[134.530894,34.056068],[134.530818,34.055915],[134.530773,34.055782],[134.530772,34.055779],[134.5305,34.054968],[134.53022,34.055011],[134.529925,34.054862],[134.529888,34.054811],[134.52982,34.05472],[134.529636,34.054555],[134.529453,34.054383],[134.52929,34.054294],[134.529235,34.054284],[134.52866,34.054357],[134.528291,34.054599],[134.52826,34.054632],[134.528239,34.054378],[134.52823,34.054232],[134.528229,34.054201],[134.528236,34.054108],[134.528274,34.053863],[134.528278,34.053837],[134.528685,34.053831],[134.528857,34.053829],[134.529138,34.053691],[134.529322,34.053566],[134.529365,34.053537],[134.529461,34.053504],[134.529509,34.053483],[134.529638,34.053512],[134.529717,34.053491],[134.529813,34.053394],[134.529876,34.053374],[134.529978,34.053383],[134.530411,34.053455],[134.530539,34.053459],[134.530662,34.053463],[134.530728,34.053417],[134.530745,34.053326],[134.530732,34.053241],[134.530661,34.05319],[134.530591,34.05314],[134.530491,34.053079],[134.530429,34.052968],[134.530352,34.052702],[134.530385,34.052597],[134.530458,34.052531],[134.530505,34.052484],[134.530386,34.052283],[134.530558,34.052156],[134.530722,34.052122],[134.53084,34.052525],[134.531519,34.05244],[134.531536,34.052036],[134.531164,34.052064],[134.531195,34.051724],[134.531324,34.050944],[134.531324,34.05094],[134.531324,34.050934],[134.531346,34.050211],[134.531614,34.050137],[134.53205,34.049992],[134.531258,34.049088],[134.530818,34.048592],[134.530581,34.048324],[134.530192,34.047849],[134.529809,34.047453],[134.529626,34.047254],[134.529279,34.046878],[134.529197,34.046791],[134.529315,34.046601],[134.529399,34.046433],[134.529585,34.046425],[134.530075,34.046479],[134.530089,34.046489],[134.530087,34.046935],[134.530153,34.047007],[134.530255,34.047047],[134.53043,34.047018],[134.530703,34.047016],[134.530724,34.047043],[134.530794,34.047189],[134.530822,34.047394],[134.530903,34.047567],[134.531049,34.047545],[134.531247,34.047569],[134.531413,34.047605],[134.531528,34.047652],[134.531615,34.047686],[134.531888,34.047893],[134.531959,34.047934],[134.532484,34.048152],[134.532657,34.048222],[134.533284,34.048474],[134.533713,34.048682],[134.533899,34.048803],[134.534097,34.048859],[134.534358,34.048847],[134.534302,34.048905],[134.533897,34.049131],[134.533602,34.049269],[134.533058,34.049581],[134.533685,34.050537],[134.534205,34.051449],[134.534571,34.051985],[134.534686,34.052213],[134.534522,34.052336],[134.534857,34.052645],[134.534952,34.052732],[134.535084,34.052875],[134.535211,34.052989],[134.535312,34.053058]]]},"properties":{"S_NAME":"八万町下福万","HCODE":8101}},{"type":"Feature","geometry":{"type":"Polygon","coordinates":[[[134.529809,34.047453],[134.529632,34.047592],[134.529508,34.047674],[134.529401,34.047763],[134.529378,34.047816],[134.529376,34.047986],[134.528951,34.048044],[134.528809,34.048096],[134.528451,34.048382],[134.528384,34.048417],[134.528158,34.048818],[134.528207,34.049033],[134.528283,34.049497],[134.528068,34.049522],[134.528048,34.049535],[134.528039,34.049649],[134.528034,34.049679],[134.527899,34.049811],[134.527874,34.049845],[134.527926,34.050026],[134.527897,34.050111],[134.527908,34.050162],[134.528014,34.050295],[134.528132,34.050431],[134.528441,34.050964],[134.528526,34.051092],[134.528609,34.051189],[134.528644,34.051211],[134.528901,34.051389],[134.528815,34.051449],[134.52878,34.0515],[134.528767,34.051665],[134.528557,34.051851],[134.528246,34.052015],[134.52818,34.052043],[134.528139,34.052101],[134.528084,34.052284],[134.528007,34.052377],[134.527896,34.052429],[134.527596,34.052521],[134.527405,34.052721],[134.527372,34.052759],[134.527282,34.05277],[134.527171,34.052837],[134.526991,34.052934],[134.526834,34.052949],[134.526727,34.052926],[134.526623,34.052869],[134.526532,34.052757],[134.526418,34.05261],[134.526284,34.052419],[134.526159,34.052245],[134.525983,34.05226],[134.525754,34.05227],[134.525566,34.052192],[134.52548,34.052122],[134.525258,34.051796],[134.525209,34.051734],[134.525032,34.051633],[134.524653,34.051395],[134.524389,34.051601],[134.524203,34.051665],[134.524075,34.051723],[134.523864,34.051854],[134.523758,34.051979],[134.523717,34.052077],[134.523636,34.052033],[134.523546,34.052021],[134.523402,34.052026],[134.523199,34.052068],[134.523077,34.052082],[134.523002,34.052056],[134.522895,34.052008],[134.522702,34.051983],[134.521637,34.051673],[134.520785,34.051077],[134.52049,34.051021],[134.520254,34.050984],[134.519948,34.050967],[134.519666,34.050949],[134.519443,34.050971],[134.519208,34.051012],[134.519215,34.05064],[134.519296,34.050542],[134.519694,34.050362],[134.519903,34.050289],[134.519911,34.050296],[134.520219,34.050344],[134.520429,34.050361],[134.520608,34.050363],[134.520782,34.050342],[134.520994,34.050314],[134.521131,34.05035],[134.521386,34.050423],[134.521445,34.050429],[134.521606,34.050431],[134.521679,34.050427],[134.521891,34.050413],[134.521989,34.050415],[134.522038,34.050428],[134.522105,34.050445],[134.522352,34.050548],[134.522447,34.050588],[134.522477,34.05059],[134.522592,34.050587],[134.522649,34.050563],[134.522785,34.050487],[134.52293,34.050411],[134.52302,34.050371],[134.52313,34.050335],[134.523201,34.050317],[134.523227,34.050318],[134.523248,34.05032],[134.523282,34.050331],[134.523343,34.05035],[134.523538,34.050354],[134.523672,34.050354],[134.523691,34.050355],[134.523797,34.050313],[134.523795,34.050229],[134.523811,34.05019],[134.523896,34.050069],[134.52397,34.049983],[134.524014,34.049943],[134.524103,34.049877],[134.524204,34.049803],[134.524259,34.049753],[134.524283,34.049711],[134.524318,34.049603],[134.524324,34.049586],[134.524373,34.049545],[134.524408,34.049523],[134.524561,34.049452],[134.524686,34.049408],[134.524813,34.04937],[134.525058,34.049303],[134.525114,34.049272],[134.525166,34.049233],[134.525278,34.04914],[134.525318,34.049095],[134.52536,34.049048],[134.525401,34.048985],[134.525421,34.048942],[134.525529,34.048674],[134.525568,34.048577],[134.525594,34.048524],[134.525663,34.048047],[134.525695,34.047902],[134.52579,34.047575],[134.525793,34.047532],[134.525761,34.047433],[134.525749,34.047372],[134.525749,34.047325],[134.52576,34.047282],[134.525808,34.04719],[134.525872,34.047043],[134.52583,34.047017],[134.525805,34.046998],[134.525737,34.046936],[134.525692,34.046904],[134.525657,34.046885],[134.525609,34.046868],[134.525562,34.046852],[134.525537,34.046839],[134.525523,34.046828],[134.525493,34.046794],[134.525467,34.046741],[134.525436,34.046665],[134.525405,34.0466],[134.525374,34.046518],[134.525331,34.046354],[134.525417,34.046273],[134.525572,34.046136],[134.525859,34.046246],[134.526331,34.046407],[134.526639,34.04654],[134.526509,34.046717],[134.526456,34.04689],[134.526447,34.046992],[134.526413,34.047153],[134.526409,34.047208],[134.526444,34.047308],[134.526632,34.047422],[134.526846,34.047495],[134.526985,34.04753],[134.527231,34.047581],[134.527346,34.047381],[134.527545,34.046869],[134.527811,34.046952],[134.528389,34.046902],[134.528654,34.046916],[134.528934,34.046977],[134.529316,34.047101],[134.529626,34.047254],[134.529809,34.047453]]]},"properties":{"S_NAME":"八万町柿谷","HCODE":8101}},{"type":"Feature","geometry":{"type":"Polygon","coordinates":[[[134.525331,34.046354],[134.525374,34.046518],[134.525405,34.0466],[134.525436,34.046665],[134.525467,34.046741],[134.525493,34.046794],[134.525523,34.046828],[134.525537,34.046839],[134.525562,34.046852],[134.525609,34.046868],[134.525657,34.046885],[134.525692,34.046904],[134.525737,34.046936],[134.525805,34.046998],[134.52583,34.047017],[134.525872,34.047043],[134.525808,34.04719],[134.52576,34.047282],[134.525749,34.047325],[134.525749,34.047372],[134.525761,34.047433],[134.525793,34.047532],[134.52579,34.047575],[134.525695,34.047902],[134.525663,34.048047],[134.525594,34.048524],[134.525568,34.048577],[134.525529,34.048674],[134.525421,34.048942],[134.525401,34.048985],[134.52536,34.049048],[134.525318,34.049095],[134.525278,34.04914],[134.525166,34.049233],[134.525114,34.049272],[134.525058,34.049303],[134.524813,34.04937],[134.524686,34.049408],[134.524561,34.049452],[134.524408,34.049523],[134.524373,34.049545],[134.524324,34.049586],[134.524318,34.049603],[134.524283,34.049711],[134.524259,34.049753],[134.524204,34.049803],[134.524103,34.049877],[134.524014,34.049943],[134.52397,34.049983],[134.523896,34.050069],[134.523811,34.05019],[134.523795,34.050229],[134.523797,34.050313],[134.523691,34.050355],[134.523672,34.050354],[134.523538,34.050354],[134.523343,34.05035],[134.523282,34.050331],[134.523248,34.05032],[134.523227,34.050318],[134.523201,34.050317],[134.52313,34.050335],[134.52302,34.050371],[134.52293,34.050411],[134.522785,34.050487],[134.522649,34.050563],[134.522592,34.050587],[134.522477,34.05059],[134.522447,34.050588],[134.522352,34.050548],[134.522105,34.050445],[134.522038,34.050428],[134.521989,34.050415],[134.521891,34.050413],[134.521679,34.050427],[134.521606,34.050431],[134.521445,34.050429],[134.521386,34.050423],[134.521131,34.05035],[134.520994,34.050314],[134.520782,34.050342],[134.520608,34.050363],[134.520429,34.050361],[134.520219,34.050344],[134.519911,34.050296],[134.519903,34.050289],[134.521936,34.049576],[134.523366,34.047672],[134.523518,34.047641],[134.524705,34.047508],[134.524714,34.047459],[134.524692,34.047281],[134.524701,34.047208],[134.524754,34.047126],[134.524941,34.046898],[134.525086,34.046791],[134.525158,34.04671],[134.525176,34.046552],[134.525235,34.046444],[134.525295,34.046387],[134.525331,34.046354]]]},"properties":{"S_NAME":"八万町宮ノ谷","HCODE":8101}},{"type":"Feature","geometry":{"type":"Polygon","coordinates":[[[134.529626,34.047254],[134.529316,34.047101],[134.528934,34.046977],[134.528654,34.046916],[134.528389,34.046902],[134.527811,34.046952],[134.527545,34.046869],[134.527346,34.047381],[134.527231,34.047581],[134.526985,34.04753],[134.526846,34.047495],[134.526632,34.047422],[134.526444,34.047308],[134.526409,34.047208],[134.526413,34.047153],[134.526447,34.046992],[134.526456,34.04689],[134.526509,34.046717],[134.526639,34.04654],[134.526331,34.046407],[134.525859,34.046246],[134.525572,34.046136],[134.525292,34.045909],[134.525167,34.045655],[134.525011,34.045259],[134.524823,34.04491],[134.524638,34.044572],[134.524554,34.044404],[134.524326,34.044009],[134.523639,34.043503],[134.522936,34.04293],[134.521795,34.042067],[134.520815,34.041281],[134.519715,34.040421],[134.519553,34.040279],[134.51957,34.040264],[134.519745,34.040074],[134.519921,34.039933],[134.520116,34.039693],[134.520234,34.039651],[134.520279,34.039525],[134.520565,34.039407],[134.520644,34.039386],[134.52082,34.039394],[134.521004,34.039457],[134.521255,34.039631],[134.521456,34.039748],[134.521473,34.0397],[134.521478,34.039362],[134.524397,34.036824],[134.524682,34.03664],[134.524959,34.036478],[134.5253,34.036368],[134.525421,34.036306],[134.525634,34.036096],[134.525846,34.035989],[134.525907,34.035966],[134.526506,34.03601],[134.526813,34.036059],[134.527112,34.036133],[134.527443,34.036252],[134.52758,34.036445],[134.527638,34.036796],[134.527775,34.036968],[134.527768,34.036987],[134.5279,34.037098],[134.528011,34.037148],[134.528207,34.037177],[134.528769,34.037067],[134.52931,34.037146],[134.529413,34.037184],[134.529682,34.037283],[134.529781,34.037388],[134.529905,34.037519],[134.530187,34.038097],[134.530401,34.038891],[134.530453,34.039201],[134.530617,34.039998],[134.530781,34.040831],[134.530787,34.041215],[134.530746,34.041548],[134.530698,34.04168],[134.530595,34.041773],[134.530524,34.041901],[134.530429,34.041954],[134.53043,34.042138],[134.530441,34.042708],[134.530464,34.042929],[134.530476,34.043045],[134.530681,34.04349],[134.530699,34.043529],[134.530904,34.044054],[134.530979,34.044196],[134.531042,34.044389],[134.531019,34.044697],[134.531165,34.044881],[134.531038,34.044963],[134.530895,34.045096],[134.530852,34.045235],[134.530812,34.04566],[134.530862,34.045896],[134.530881,34.046179],[134.530883,34.046288],[134.530884,34.046496],[134.530892,34.04656],[134.530881,34.046731],[134.530841,34.046796],[134.530792,34.046858],[134.53076,34.046905],[134.530731,34.04695],[134.530716,34.046994],[134.530703,34.047016],[134.53043,34.047018],[134.530255,34.047047],[134.530153,34.047007],[134.530087,34.046935],[134.530089,34.046489],[134.530075,34.046479],[134.529585,34.046425],[134.529399,34.046433],[134.529315,34.046601],[134.529197,34.046791],[134.529279,34.046878],[134.529626,34.047254]]]},"properties":{"S_NAME":"八万町大坪","HCODE":8101}},{"type":"Feature","geometry":{"type":"Polygon","coordinates":[[[134.523639,34.043503],[134.524326,34.044009],[134.524554,34.044404],[134.524638,34.044572],[134.524823,34.04491],[134.525011,34.045259],[134.525167,34.045655],[134.525292,34.045909],[134.525572,34.046136],[134.525417,34.046273],[134.525331,34.046354],[134.525295,34.046387],[134.525235,34.046444],[134.525176,34.046552],[134.525158,34.04671],[134.525086,34.046791],[134.524941,34.046898],[134.524754,34.047126],[134.524701,34.047208],[134.524692,34.047281],[134.524714,34.047459],[134.524705,34.047508],[134.523518,34.047641],[134.523366,34.047672],[134.521936,34.049576],[134.519903,34.050289],[134.519694,34.050362],[134.519296,34.050542],[134.519215,34.05064],[134.519208,34.051012],[134.51924,34.051202],[134.519229,34.051261],[134.519171,34.05133],[134.518362,34.051532],[134.51828,34.051582],[134.518269,34.05167],[134.518439,34.052079],[134.518498,34.052128],[134.518628,34.052176],[134.518665,34.052322],[134.518644,34.052528],[134.518612,34.052811],[134.518567,34.053491],[134.51871,34.053598],[134.518746,34.053695],[134.51862,34.05397],[134.51847,34.05435],[134.518425,34.054857],[134.518497,34.054964],[134.518734,34.055148],[134.519042,34.055615],[134.519027,34.055991],[134.518979,34.056294],[134.519098,34.056587],[134.519181,34.056655],[134.519371,34.056751],[134.519703,34.056974],[134.519892,34.05706],[134.519916,34.057142],[134.519916,34.057143],[134.519973,34.057465],[134.519927,34.057544],[134.519822,34.057642],[134.51944,34.058096],[134.519418,34.058262],[134.519491,34.058457],[134.519843,34.05886],[134.51989,34.059154],[134.519843,34.059422],[134.519641,34.059903],[134.519305,34.060607],[134.518983,34.061051],[134.518702,34.061719],[134.518224,34.062726],[134.517805,34.06247],[134.515643,34.061138],[134.515534,34.061117],[134.515741,34.05814],[134.515784,34.057532],[134.516042,34.056603],[134.516028,34.056512],[134.515952,34.05633],[134.515731,34.055804],[134.515661,34.055656],[134.515624,34.055592],[134.515599,34.055444],[134.515441,34.055029],[134.515476,34.054888],[134.515553,34.05485],[134.515598,34.054811],[134.515655,34.054403],[134.515722,34.054296],[134.515739,34.054151],[134.515694,34.054051],[134.515698,34.053994],[134.515746,34.053822],[134.515713,34.053686],[134.515657,34.053584],[134.515534,34.053484],[134.515438,34.053394],[134.515359,34.053288],[134.515229,34.053167],[134.515126,34.052929],[134.515107,34.05273],[134.515123,34.052543],[134.515159,34.052433],[134.515267,34.052291],[134.515354,34.052148],[134.515358,34.052068],[134.515302,34.051955],[134.515241,34.051895],[134.514963,34.051382],[134.514917,34.051325],[134.514873,34.051064],[134.514874,34.05076],[134.514867,34.05057],[134.514806,34.050311],[134.514755,34.050174],[134.51464,34.050087],[134.514405,34.04993],[134.514322,34.049843],[134.514319,34.049814],[134.514501,34.049722],[134.514548,34.049662],[134.514556,34.049571],[134.514503,34.049351],[134.514359,34.04894],[134.514366,34.048737],[134.514369,34.048648],[134.514404,34.048545],[134.514668,34.048214],[134.514717,34.048145],[134.51476,34.047992],[134.5148,34.047887],[134.514875,34.047741],[134.514987,34.047509],[134.515017,34.047346],[134.515049,34.047278],[134.51497,34.047232],[134.515003,34.047086],[134.515227,34.046863],[134.515763,34.046577],[134.515988,34.046514],[134.516298,34.046496],[134.516723,34.04644],[134.516795,34.046413],[134.517102,34.046087],[134.517302,34.045768],[134.5174,34.045608],[134.517495,34.045516],[134.517979,34.045192],[134.518095,34.045142],[134.518231,34.045117],[134.518478,34.045129],[134.518506,34.045121],[134.518615,34.044596],[134.51864,34.044471],[134.518658,34.043917],[134.518672,34.043747],[134.518697,34.043486],[134.519693,34.043876],[134.519979,34.044005],[134.520606,34.044173],[134.520916,34.044217],[134.521417,34.044189],[134.522121,34.044044],[134.522357,34.043983],[134.522775,34.043874],[134.523639,34.043503]]]},"properties":{"S_NAME":"八万町新貝","HCODE":8101}},{"type":"Feature","geometry":{"type":"Polygon","coordinates":[[[134.523639,34.043503],[134.522775,34.043874],[134.522357,34.043983],[134.522121,34.044044],[134.521417,34.044189],[134.520916,34.044217],[134.520606,34.044173],[134.519979,34.044005],[134.519693,34.043876],[134.518697,34.043486],[134.51832,34.043265],[134.51701,34.04253],[134.516905,34.042487],[134.516795,34.042476],[134.516582,34.042499],[134.51646,34.042517],[134.516175,34.042473],[134.515787,34.042391],[134.515614,34.042342],[134.515492,34.042263],[134.515384,34.042141],[134.515322,34.041895],[134.515331,34.041624],[134.515255,34.041525],[134.515128,34.041471],[134.514902,34.041315],[134.514984,34.04102],[134.514999,34.04094],[134.515008,34.040847],[134.514945,34.040678],[134.51496,34.040674],[134.515196,34.04049],[134.515466,34.040283],[134.515692,34.040045],[134.515755,34.039829],[134.515825,34.039693],[134.51591,34.03957],[134.516187,34.039403],[134.516358,34.039253],[134.516391,34.039242],[134.516805,34.039488],[134.516937,34.0395],[134.517004,34.039516],[134.517515,34.039791],[134.517674,34.039874],[134.517833,34.040016],[134.518137,34.040352],[134.518202,34.040506],[134.518284,34.040551],[134.518461,34.040508],[134.518644,34.04054],[134.51896,34.04058],[134.519036,34.040596],[134.51918,34.040683],[134.519199,34.040555],[134.519433,34.04038],[134.519553,34.040279],[134.519715,34.040421],[134.520815,34.041281],[134.521795,34.042067],[134.522936,34.04293],[134.523639,34.043503]]]},"properties":{"S_NAME":"八万町寺山","HCODE":8101}},{"type":"Feature","geometry":{"type":"Polygon","coordinates":[[[134.514366,34.048737],[134.514359,34.04894],[134.514503,34.049351],[134.514556,34.049571],[134.514548,34.049662],[134.514501,34.049722],[134.514319,34.049814],[134.514322,34.049843],[134.514405,34.04993],[134.51464,34.050087],[134.514755,34.050174],[134.514806,34.050311],[134.514867,34.05057],[134.514874,34.05076],[134.514873,34.051064],[134.514917,34.051325],[134.514963,34.051382],[134.515241,34.051895],[134.515302,34.051955],[134.515358,34.052068],[134.515354,34.052148],[134.515267,34.052291],[134.515159,34.052433],[134.515123,34.052543],[134.515107,34.05273],[134.515126,34.052929],[134.515229,34.053167],[134.515359,34.053288],[134.515438,34.053394],[134.515534,34.053484],[134.515657,34.053584],[134.515713,34.053686],[134.515746,34.053822],[134.515698,34.053994],[134.515694,34.054051],[134.515739,34.054151],[134.515722,34.054296],[134.515655,34.054403],[134.515598,34.054811],[134.515553,34.05485],[134.515476,34.054888],[134.515441,34.055029],[134.515599,34.055444],[134.515624,34.055592],[134.515661,34.055656],[134.515731,34.055804],[134.515952,34.05633],[134.516028,34.056512],[134.516042,34.056603],[134.515784,34.057532],[134.515741,34.05814],[134.515534,34.061117],[134.515477,34.061108],[134.515134,34.061062],[134.51482,34.061054],[134.514411,34.061045],[134.514172,34.06101],[134.514016,34.060974],[134.513829,34.060914],[134.513665,34.06086],[134.513448,34.060744],[134.513179,34.060555],[134.513073,34.06042],[134.512964,34.060149],[134.512968,34.059706],[134.51293,34.059569],[134.512882,34.05941],[134.512858,34.059262],[134.512841,34.05911],[134.512762,34.058914],[134.512734,34.058868],[134.512268,34.058826],[134.511793,34.058853],[134.511591,34.058817],[134.511279,34.058698],[134.511095,34.058601],[134.511012,34.058518],[134.511,34.05829],[134.510999,34.058221],[134.511034,34.058092],[134.511033,34.057955],[134.51093,34.057751],[134.510827,34.057577],[134.510783,34.057531],[134.510589,34.057495],[134.510507,34.057447],[134.510283,34.057156],[134.510224,34.057095],[134.510018,34.056911],[134.50999,34.056668],[134.509943,34.0565],[134.509709,34.056033],[134.509604,34.055737],[134.509574,34.055567],[134.509522,34.055379],[134.509458,34.055217],[134.509451,34.055202],[134.509353,34.055092],[134.509218,34.054939],[134.508955,34.054725],[134.508533,34.054564],[134.508399,34.054528],[134.508001,34.05421],[134.507681,34.053564],[134.507629,34.05309],[134.507699,34.052685],[134.507909,34.051932],[134.508223,34.051037],[134.508654,34.050033],[134.508789,34.049659],[134.50929,34.048919],[134.50938,34.048774],[134.509424,34.048675],[134.509595,34.048446],[134.510008,34.047857],[134.510577,34.047046],[134.510682,34.046917],[134.510739,34.046861],[134.513988,34.048719],[134.513971,34.048747],[134.514366,34.048737]]]},"properties":{"S_NAME":"八万町上長谷","HCODE":8101}},{"type":"Feature","geometry":{"type":"Polygon","coordinates":[[[134.514366,34.048737],[134.513971,34.048747],[134.513988,34.048719],[134.510739,34.046861],[134.510756,34.046844],[134.511207,34.046399],[134.511503,34.046062],[134.51166,34.045884],[134.511949,34.045413],[134.512441,34.044885],[134.512884,34.044255],[134.513048,34.044009],[134.513203,34.043816],[134.513605,34.043247],[134.513883,34.042862],[134.514171,34.04245],[134.514614,34.041793],[134.514868,34.04137],[134.514902,34.041315],[134.515128,34.041471],[134.515255,34.041525],[134.515331,34.041624],[134.515322,34.041895],[134.515384,34.042141],[134.515492,34.042263],[134.515614,34.042342],[134.515787,34.042391],[134.516175,34.042473],[134.51646,34.042517],[134.516582,34.042499],[134.516795,34.042476],[134.516905,34.042487],[134.51701,34.04253],[134.51832,34.043265],[134.518697,34.043486],[134.518672,34.043747],[134.518658,34.043917],[134.51864,34.044471],[134.518615,34.044596],[134.518506,34.045121],[134.518478,34.045129],[134.518231,34.045117],[134.518095,34.045142],[134.517979,34.045192],[134.517495,34.045516],[134.5174,34.045608],[134.517302,34.045768],[134.517102,34.046087],[134.516795,34.046413],[134.516723,34.04644],[134.516298,34.046496],[134.515988,34.046514],[134.515763,34.046577],[134.515227,34.046863],[134.515003,34.047086],[134.51497,34.047232],[134.515049,34.047278],[134.515017,34.047346],[134.514987,34.047509],[134.514875,34.047741],[134.5148,34.047887],[134.51476,34.047992],[134.514717,34.048145],[134.514668,34.048214],[134.514404,34.048545],[134.514369,34.048648],[134.514366,34.048737]]]},"properties":{"S_NAME":"八万町下長谷","HCODE":8101}},{"type":"Feature","geometry":{"type":"Polygon","coordinates":[[[134.546112,34.056209],[134.546078,34.056267],[134.54601,34.056359],[134.545918,34.056426],[134.545601,34.056574],[134.545549,34.056617],[134.545269,34.056462],[134.54491,34.056339],[134.544575,34.056252],[134.54443,34.056216],[134.544373,34.056208],[134.544304,34.056214],[134.544277,34.056225],[134.544231,34.056243],[134.544142,34.056174],[134.54407,34.056103],[134.544034,34.05607],[134.544771,34.056101],[134.545724,34.056152],[134.546082,34.056178],[134.546112,34.056209]]]},"properties":{"S_NAME":"城南町一丁目","HCODE":8101}},{"type":"Feature","geometry":{"type":"Polygon","coordinates":[[[134.537546,34.058739],[134.537416,34.05868],[134.537398,34.058544],[134.537472,34.058287],[134.537551,34.058037],[134.537645,34.05765],[134.5377,34.057503],[134.537961,34.057494],[134.537938,34.057318],[134.537912,34.057247],[134.537913,34.057247],[134.537914,34.057244],[134.537872,34.057177],[134.537641,34.056939],[134.537439,34.056836],[134.537369,34.056768],[134.537372,34.056581],[134.537359,34.056532],[134.537343,34.056491],[134.537221,34.056339],[134.537073,34.056151],[134.537044,34.05609],[134.537014,34.055945],[134.537008,34.055812],[134.537007,34.055726],[134.537033,34.055605],[134.536837,34.055559],[134.536391,34.055441],[134.536427,34.05528],[134.536464,34.055096],[134.536466,34.055096],[134.536488,34.054974],[134.536489,34.054968],[134.536531,34.054802],[134.536532,34.054803],[134.536574,34.054732],[134.536985,34.054526],[134.537017,34.05451],[134.537262,34.054389],[134.537626,34.054633],[134.537931,34.054847],[134.538123,34.05499],[134.53836,34.055128],[134.53938,34.05585],[134.539531,34.055894],[134.539809,34.055981],[134.540787,34.056212],[134.540859,34.056232],[134.541288,34.056347],[134.541409,34.056366],[134.541525,34.05637],[134.541832,34.056313],[134.542219,34.056242],[134.542898,34.056111],[134.543225,34.056049],[134.543605,34.056027],[134.54346,34.056556],[134.54338,34.056857],[134.543325,34.056857],[134.543263,34.056846],[134.543202,34.056815],[134.543125,34.05675],[134.542999,34.056617],[134.542863,34.056468],[134.54276,34.056402],[134.542722,34.056391],[134.54268,34.056393],[134.542654,34.056399],[134.542611,34.056409],[134.542542,34.056421],[134.542342,34.05646],[134.542233,34.056757],[134.542208,34.056788],[134.542167,34.056811],[134.542102,34.056821],[134.541927,34.056863],[134.541829,34.056888],[134.541774,34.056905],[134.541692,34.056945],[134.541617,34.057022],[134.541551,34.057076],[134.5415,34.057098],[134.541409,34.057116],[134.541325,34.057129],[134.54115,34.057134],[134.541007,34.057135],[134.540869,34.057122],[134.540807,34.057103],[134.54071,34.057079],[134.540668,34.057057],[134.540624,34.057034],[134.540503,34.056959],[134.540463,34.056942],[134.540409,34.056928],[134.540351,34.056942],[134.540262,34.057028],[134.540094,34.057193],[134.539871,34.057374],[134.539849,34.057386],[134.539738,34.057447],[134.539723,34.057455],[134.539675,34.057468],[134.53955,34.057502],[134.539467,34.057507],[134.539278,34.057526],[134.539191,34.057694],[134.53911,34.057831],[134.538954,34.058031],[134.5388,34.058198],[134.538706,34.058281],[134.538687,34.058283],[134.538434,34.058255],[134.538217,34.058231],[134.538175,34.058233],[134.538168,34.058232],[134.537767,34.058168],[134.537546,34.058739]]]},"properties":{"S_NAME":"城南町一丁目","HCODE":8101}},{"type":"Feature","geometry":{"type":"Polygon","coordinates":[[[134.543605,34.056027],[134.543225,34.056049],[134.542898,34.056111],[134.542219,34.056242],[134.541832,34.056313],[134.541525,34.05637],[134.541409,34.056366],[134.541288,34.056347],[134.540859,34.056232],[134.540787,34.056212],[134.539809,34.055981],[134.539531,34.055894],[134.53938,34.05585],[134.53836,34.055128],[134.538123,34.05499],[134.537931,34.054847],[134.537626,34.054633],[134.537262,34.054389],[134.538488,34.053881],[134.538491,34.05388],[134.538743,34.054247],[134.538932,34.054526],[134.538973,34.054576],[134.539274,34.054498],[134.53936,34.054481],[134.539446,34.05448],[134.540182,34.054524],[134.540346,34.054556],[134.540355,34.054548],[134.541671,34.054645],[134.541806,34.053959],[134.541933,34.053465],[134.542044,34.053477],[134.54386,34.05374],[134.543761,34.0542],[134.543755,34.054232],[134.543901,34.054251],[134.544023,34.054339],[134.544284,34.054655],[134.544429,34.054786],[134.544455,34.05484],[134.544554,34.055277],[134.544572,34.055346],[134.544675,34.055634],[134.544674,34.055696],[134.544771,34.056101],[134.544034,34.05607],[134.543732,34.05604],[134.543605,34.056027]]]},"properties":{"S_NAME":"城南町二丁目","HCODE":8101}},{"type":"Feature","geometry":{"type":"Polygon","coordinates":[[[134.54386,34.05374],[134.542044,34.053477],[134.541933,34.053465],[134.541806,34.053959],[134.541671,34.054645],[134.540355,34.054548],[134.540346,34.054556],[134.540182,34.054524],[134.539446,34.05448],[134.53936,34.054481],[134.539274,34.054498],[134.538973,34.054576],[134.538932,34.054526],[134.538743,34.054247],[134.538491,34.05388],[134.538488,34.053881],[134.537262,34.054389],[134.536608,34.053948],[134.536277,34.053724],[134.535537,34.053212],[134.535616,34.053189],[134.536552,34.053194],[134.537099,34.053205],[134.538108,34.05317],[134.538503,34.053186],[134.538741,34.053169],[134.539813,34.053182],[134.539853,34.053181],[134.540159,34.053183],[134.540428,34.053185],[134.54053,34.053178],[134.541324,34.053127],[134.542004,34.053088],[134.542852,34.053013],[134.542987,34.052998],[134.543128,34.052971],[134.543177,34.052961],[134.54386,34.05374]]]},"properties":{"S_NAME":"城南町三丁目","HCODE":8101}},{"type":"Feature","geometry":{"type":"Polygon","coordinates":[[[134.541824,34.051533],[134.541832,34.051549],[134.542572,34.05259],[134.542852,34.053013],[134.542004,34.053088],[134.541324,34.053127],[134.54053,34.053178],[134.540428,34.053185],[134.540159,34.053183],[134.539853,34.053181],[134.539813,34.053182],[134.538741,34.053169],[134.538576,34.05296],[134.539122,34.052747],[134.539183,34.05238],[134.539257,34.052326],[134.539314,34.0523],[134.539579,34.052247],[134.539911,34.052169],[134.540032,34.05214],[134.540263,34.05205],[134.540305,34.052034],[134.540505,34.051982],[134.540669,34.051961],[134.540782,34.051951],[134.540907,34.051906],[134.541458,34.051709],[134.541824,34.051533]]]},"properties":{"S_NAME":"城南町四丁目","HCODE":8101}},{"type":"Feature","geometry":{"type":"Polygon","coordinates":[[[134.553322,34.054622],[134.553135,34.054659],[134.553031,34.054358],[134.553214,34.054311],[134.553322,34.054622]]]},"properties":{"S_NAME":"沖浜一丁目","HCODE":8101}},{"type":"Feature","geometry":{"type":"Polygon","coordinates":[[[134.553241,34.053586],[134.551565,34.053982],[134.551328,34.053332],[134.551229,34.053074],[134.551186,34.052963],[134.55132,34.052845],[134.551344,34.052796],[134.551264,34.052587],[134.551082,34.052363],[134.551107,34.052268],[134.551153,34.052161],[134.551386,34.0521],[134.551903,34.051983],[134.551937,34.051975],[134.552618,34.05178],[134.553241,34.053586]]]},"properties":{"S_NAME":"沖浜二丁目","HCODE":8101}},{"type":"Feature","geometry":{"type":"Polygon","coordinates":[[[134.552618,34.05178],[134.551937,34.051975],[134.551903,34.051983],[134.551386,34.0521],[134.55124,34.051638],[134.551027,34.05168],[134.550912,34.051339],[134.550607,34.051426],[134.550365,34.051452],[134.550162,34.051466],[134.550001,34.051383],[134.549838,34.051295],[134.549853,34.051247],[134.549828,34.051082],[134.549729,34.050854],[134.549734,34.050807],[134.549758,34.050698],[134.549758,34.050642],[134.54962,34.050243],[134.549511,34.049525],[134.549314,34.04876],[134.549422,34.048754],[134.549932,34.04878],[134.550605,34.048732],[134.551178,34.048701],[134.552023,34.048672],[134.552034,34.049437],[134.552083,34.050026],[134.552109,34.050204],[134.552193,34.050483],[134.552618,34.05178]]]},"properties":{"S_NAME":"沖浜三丁目","HCODE":8101}},{"type":"Feature","geometry":{"type":"Polygon","coordinates":[[[134.551503,34.055443],[134.551348,34.055465],[134.551261,34.055522],[134.551155,34.055539],[134.550951,34.055528],[134.550903,34.055525],[134.550753,34.055591],[134.550647,34.055579],[134.550608,34.055584],[134.550512,34.055673],[134.550186,34.055571],[134.550031,34.055548],[134.550024,34.055224],[134.549786,34.055214],[134.549743,34.055226],[134.5497,34.055263],[134.549627,34.055487],[134.549332,34.055466],[134.549256,34.055196],[134.549084,34.055236],[134.54892,34.055318],[134.548343,34.055523],[134.54825,34.055261],[134.548191,34.055061],[134.547996,34.05445],[134.548989,34.054364],[134.550011,34.054279],[134.550098,34.054213],[134.550335,34.054043],[134.550489,34.053799],[134.550529,34.054093],[134.550578,34.054292],[134.550636,34.054404],[134.550726,34.054463],[134.5509,34.054533],[134.551041,34.054524],[134.551321,34.054441],[134.551514,34.054399],[134.551678,34.054349],[134.551957,34.05456],[134.551914,34.054625],[134.551872,34.054759],[134.55184,34.054884],[134.551715,34.054949],[134.551411,34.055101],[134.551503,34.055443]]]},"properties":{"S_NAME":"沖浜町西畑","HCODE":8101}},{"type":"Feature","geometry":{"type":"Polygon","coordinates":[[[134.551198,34.057322],[134.551061,34.057377],[134.550798,34.057486],[134.550455,34.057566],[134.55026,34.057614],[134.550172,34.05764],[134.549747,34.057775],[134.549731,34.057778],[134.549706,34.057774],[134.549637,34.057725],[134.549611,34.057664],[134.549518,34.057597],[134.549478,34.057591],[134.549225,34.057651],[134.548876,34.057741],[134.548701,34.057625],[134.548582,34.057549],[134.548626,34.057331],[134.548697,34.056982],[134.548793,34.056495],[134.548693,34.056303],[134.548613,34.05615],[134.548474,34.055851],[134.548413,34.055712],[134.548343,34.055523],[134.54892,34.055318],[134.549084,34.055236],[134.549256,34.055196],[134.549332,34.055466],[134.549627,34.055487],[134.5497,34.055263],[134.549743,34.055226],[134.549786,34.055214],[134.550024,34.055224],[134.550031,34.055548],[134.550186,34.055571],[134.550512,34.055673],[134.550608,34.055584],[134.550647,34.055579],[134.550753,34.055591],[134.550903,34.055525],[134.550951,34.055528],[134.551155,34.055539],[134.551261,34.055522],[134.551348,34.055465],[134.551503,34.055443],[134.551668,34.05543],[134.551808,34.0554],[134.551987,34.055411],[134.552099,34.055438],[134.552264,34.05542],[134.552394,34.055351],[134.552596,34.055264],[134.552619,34.055147],[134.552888,34.055762],[134.55221,34.056195],[134.552,34.056357],[134.551903,34.056431],[134.551742,34.056556],[134.551388,34.056901],[134.551319,34.057033],[134.551234,34.057191],[134.551198,34.057322]]]},"properties":{"S_NAME":"沖浜町北畑","HCODE":8101}},{"type":"Feature","geometry":{"type":"Polygon","coordinates":[[[134.552619,34.055147],[134.552596,34.055264],[134.552394,34.055351],[134.552264,34.05542],[134.552099,34.055438],[134.551987,34.055411],[134.551808,34.0554],[134.551668,34.05543],[134.551503,34.055443],[134.551411,34.055101],[134.551715,34.054949],[134.55184,34.054884],[134.551872,34.054759],[134.551914,34.054625],[134.551957,34.05456],[134.551678,34.054349],[134.551565,34.053982],[134.553241,34.053586],[134.553411,34.054161],[134.553582,34.054659],[134.552509,34.054878],[134.552619,34.055147]],[[134.553322,34.054622],[134.553214,34.054311],[134.553031,34.054358],[134.553135,34.054659],[134.553322,34.054622]]]},"properties":{"S_NAME":"沖浜町東畑","HCODE":8101}},{"type":"Feature","geometry":{"type":"Polygon","coordinates":[[[134.55314,34.056435],[134.55303,34.056488],[134.552354,34.056794],[134.551982,34.056975],[134.551529,34.057192],[134.551325,34.057278],[134.551198,34.057322],[134.551234,34.057191],[134.551319,34.057033],[134.551388,34.056901],[134.551742,34.056556],[134.551903,34.056431],[134.552,34.056357],[134.55221,34.056195],[134.552888,34.055762],[134.552619,34.055147],[134.552509,34.054878],[134.553582,34.054659],[134.553732,34.055081],[134.553921,34.055667],[134.554044,34.056052],[134.55314,34.056435]]]},"properties":{"S_NAME":"沖浜町北川","HCODE":8101}},{"type":"Feature","geometry":{"type":"Polygon","coordinates":[[[134.551678,34.054349],[134.551514,34.054399],[134.551321,34.054441],[134.551041,34.054524],[134.5509,34.054533],[134.550726,34.054463],[134.550636,34.054404],[134.550578,34.054292],[134.550529,34.054093],[134.550489,34.053799],[134.550335,34.054043],[134.550098,34.054213],[134.550011,34.054279],[134.549743,34.053702],[134.549596,34.053372],[134.550345,34.053143],[134.550479,34.052977],[134.550635,34.052665],[134.550866,34.052522],[134.551082,34.052363],[134.551264,34.052587],[134.551344,34.052796],[134.55132,34.052845],[134.551186,34.052963],[134.551229,34.053074],[134.551328,34.053332],[134.551565,34.053982],[134.551678,34.054349]]]},"properties":{"S_NAME":"沖浜町中道","HCODE":8101}},{"type":"Feature","geometry":{"type":"Polygon","coordinates":[[[134.549838,34.051295],[134.549535,34.051306],[134.549203,34.051244],[134.54888,34.051186],[134.548797,34.051196],[134.548615,34.051266],[134.548532,34.051284],[134.548112,34.05134],[134.548081,34.051396],[134.548061,34.0515],[134.548014,34.051475],[134.547686,34.050726],[134.547115,34.049384],[134.548694,34.048821],[134.54897,34.04878],[134.549314,34.04876],[134.549511,34.049525],[134.54962,34.050243],[134.549758,34.050642],[134.549758,34.050698],[134.549734,34.050807],[134.549729,34.050854],[134.549828,34.051082],[134.549853,34.051247],[134.549838,34.051295]]]},"properties":{"S_NAME":"沖浜町大木","HCODE":8101}},{"type":"Feature","geometry":{"type":"Polygon","coordinates":[[[134.551386,34.0521],[134.551153,34.052161],[134.551107,34.052268],[134.551082,34.052363],[134.550866,34.052522],[134.550635,34.052665],[134.550479,34.052977],[134.550345,34.053143],[134.549596,34.053372],[134.549743,34.053702],[134.550011,34.054279],[134.548989,34.054364],[134.548697,34.053568],[134.548602,34.053328],[134.54844,34.053016],[134.548375,34.052891],[134.548321,34.05274],[134.54826,34.052416],[134.548212,34.052129],[134.548119,34.051753],[134.548061,34.0515],[134.548081,34.051396],[134.548112,34.05134],[134.548532,34.051284],[134.548615,34.051266],[134.548797,34.051196],[134.54888,34.051186],[134.549203,34.051244],[134.549535,34.051306],[134.549838,34.051295],[134.550001,34.051383],[134.550162,34.051466],[134.550365,34.051452],[134.550607,34.051426],[134.550912,34.051339],[134.551027,34.05168],[134.55124,34.051638],[134.551386,34.0521]]]},"properties":{"S_NAME":"沖浜町居屋敷","HCODE":8101}},{"type":"Feature","geometry":{"type":"Polygon","coordinates":[[[134.548989,34.054364],[134.547996,34.05445],[134.547964,34.054362],[134.547752,34.053788],[134.547698,34.053664],[134.547561,34.053346],[134.547493,34.053256],[134.547322,34.053121],[134.547284,34.053043],[134.547252,34.052927],[134.546743,34.052135],[134.546552,34.051877],[134.546858,34.05177],[134.547148,34.051694],[134.547719,34.051564],[134.548061,34.0515],[134.548119,34.051753],[134.548212,34.052129],[134.54826,34.052416],[134.548321,34.05274],[134.548375,34.052891],[134.54844,34.053016],[134.548602,34.053328],[134.548697,34.053568],[134.548989,34.054364]]]},"properties":{"S_NAME":"沖浜町栄開","HCODE":8101}},{"type":"Feature","geometry":{"type":"Polygon","coordinates":[[[134.547115,34.049384],[134.547686,34.050726],[134.548014,34.051475],[134.548061,34.0515],[134.547719,34.051564],[134.547148,34.051694],[134.546858,34.05177],[134.546552,34.051877],[134.546047,34.05202],[134.545849,34.052075],[134.545188,34.050092],[134.546752,34.049525],[134.547115,34.049384]]]},"properties":{"S_NAME":"沖浜町明治開","HCODE":8101}},{"type":"Feature","geometry":{"type":"Polygon","coordinates":[[[134.555883,34.052912],[134.556412,34.054402],[134.556596,34.054921],[134.556331,34.055059],[134.55523,34.055526],[134.554075,34.056039],[134.554044,34.056052],[134.553921,34.055667],[134.553732,34.055081],[134.553582,34.054659],[134.553411,34.054161],[134.553241,34.053586],[134.553903,34.053421],[134.55392,34.053417],[134.555883,34.052912]]]},"properties":{"S_NAME":"沖浜東一丁目","HCODE":8101}},{"type":"Feature","geometry":{"type":"Polygon","coordinates":[[[134.555686,34.051065],[134.555849,34.05149],[134.556002,34.051915],[134.556339,34.052796],[134.555883,34.052912],[134.55392,34.053417],[134.553903,34.053421],[134.553241,34.053586],[134.552618,34.05178],[134.5533,34.051621],[134.554397,34.051365],[134.5553,34.051155],[134.555686,34.051065]]]},"properties":{"S_NAME":"沖浜東二丁目","HCODE":8101}},{"type":"Feature","geometry":{"type":"Polygon","coordinates":[[[134.554927,34.048909],[134.554941,34.048957],[134.555094,34.049384],[134.555402,34.050304],[134.555532,34.050654],[134.555686,34.051065],[134.5553,34.051155],[134.554397,34.051365],[134.5533,34.051621],[134.552618,34.05178],[134.552193,34.050483],[134.552109,34.050204],[134.552083,34.050026],[134.552034,34.049437],[134.552703,34.049367],[134.553269,34.049282],[134.553739,34.049192],[134.554702,34.048964],[134.554927,34.048909]]]},"properties":{"S_NAME":"沖浜東三丁目","HCODE":8101}},{"type":"Feature","geometry":{"type":"Polygon","coordinates":[[[134.564333,34.050422],[134.562934,34.050808],[134.563003,34.05097],[134.563107,34.051211],[134.563188,34.05141],[134.563246,34.051572],[134.56327,34.051702],[134.563213,34.051818],[134.563161,34.051829],[134.56275,34.051923],[134.56197,34.052139],[134.560797,34.052412],[134.560851,34.052572],[134.56098,34.052946],[134.56064,34.053],[134.560584,34.053024],[134.560567,34.052941],[134.560483,34.052927],[134.560275,34.052878],[134.560214,34.052883],[134.559914,34.053044],[134.559731,34.052908],[134.559573,34.052766],[134.559516,34.052682],[134.559401,34.052442],[134.559268,34.052085],[134.559044,34.051581],[134.5589,34.051215],[134.558878,34.051164],[134.5586,34.050497],[134.558538,34.050365],[134.558196,34.049488],[134.558059,34.049121],[134.558032,34.049047],[134.557709,34.048167],[134.557224,34.046532],[134.559392,34.046031],[134.559451,34.046049],[134.559494,34.046063],[134.56007,34.046256],[134.560384,34.046374],[134.560978,34.046562],[134.561136,34.046644],[134.561471,34.046801],[134.561538,34.046833],[134.561658,34.046918],[134.561878,34.047074],[134.562292,34.047409],[134.562477,34.0476],[134.562551,34.047681],[134.562564,34.047704],[134.562713,34.047892],[134.562768,34.047962],[134.56331,34.048649],[134.563907,34.049692],[134.564333,34.050422]]]},"properties":{"S_NAME":"山城町東浜傍示","HCODE":8101}},{"type":"Feature","geometry":{"type":"Polygon","coordinates":[[[134.566367,34.053878],[134.565716,34.05389],[134.564968,34.053895],[134.564464,34.053881],[134.56411,34.053877],[134.563436,34.053869],[134.563267,34.05387],[134.563046,34.053868],[134.562927,34.053867],[134.562778,34.053865],[134.562059,34.053882],[134.562025,34.053882],[134.561694,34.053885],[134.561396,34.053896],[134.561154,34.053901],[134.561031,34.053903],[134.560757,34.053913],[134.560168,34.053936],[134.560002,34.053354],[134.559914,34.053044],[134.560214,34.052883],[134.560275,34.052878],[134.560483,34.052927],[134.560567,34.052941],[134.560584,34.053024],[134.56064,34.053],[134.56098,34.052946],[134.560851,34.052572],[134.560797,34.052412],[134.56197,34.052139],[134.56275,34.051923],[134.563161,34.051829],[134.563213,34.051818],[134.56327,34.051702],[134.563246,34.051572],[134.563188,34.05141],[134.563107,34.051211],[134.563003,34.05097],[134.562934,34.050808],[134.564333,34.050422],[134.564629,34.050935],[134.564768,34.051186],[134.564912,34.05143],[134.565061,34.051688],[134.565495,34.052439],[134.565596,34.052604],[134.565673,34.05273],[134.566367,34.053878]]]},"properties":{"S_NAME":"山城町西浜傍示","HCODE":8101}},{"type":"Feature","geometry":{"type":"Polygon","coordinates":[[[134.558538,34.050365],[134.5586,34.050497],[134.558878,34.051164],[134.5589,34.051215],[134.559044,34.051581],[134.558482,34.051799],[134.558296,34.051361],[134.558174,34.051069],[134.557947,34.050531],[134.558538,34.050365]]]},"properties":{"S_NAME":"山城町西浜傍示","HCODE":8101}},{"type":"Feature","geometry":{"type":"Polygon","coordinates":[[[134.559044,34.051581],[134.559268,34.052085],[134.559401,34.052442],[134.559516,34.052682],[134.559573,34.052766],[134.559731,34.052908],[134.559914,34.053044],[134.560002,34.053354],[134.560168,34.053936],[134.558969,34.054118],[134.558686,34.054189],[134.558402,34.054263],[134.557964,34.05436],[134.557824,34.054425],[134.557645,34.054487],[134.557525,34.054533],[134.557424,34.054599],[134.556596,34.054921],[134.556412,34.054402],[134.555883,34.052912],[134.556339,34.052796],[134.556002,34.051915],[134.555849,34.05149],[134.555686,34.051065],[134.557074,34.050737],[134.55751,34.050626],[134.557947,34.050531],[134.558174,34.051069],[134.558296,34.051361],[134.558482,34.051799],[134.559044,34.051581]]]},"properties":{"S_NAME":"山城西二丁目","HCODE":8101}},{"type":"Feature","geometry":{"type":"Polygon","coordinates":[[[134.557709,34.048167],[134.558032,34.049047],[134.558059,34.049121],[134.558196,34.049488],[134.558538,34.050365],[134.557947,34.050531],[134.55751,34.050626],[134.557074,34.050737],[134.555686,34.051065],[134.555532,34.050654],[134.555402,34.050304],[134.555094,34.049384],[134.554941,34.048957],[134.554927,34.048909],[134.554977,34.048893],[134.555476,34.04873],[134.557709,34.048167]]]},"properties":{"S_NAME":"山城西三丁目","HCODE":8101}},{"type":"Feature","geometry":{"type":"Polygon","coordinates":[[[134.557709,34.048167],[134.555476,34.04873],[134.554977,34.048893],[134.554927,34.048909],[134.554702,34.048964],[134.553739,34.049192],[134.553269,34.049282],[134.552703,34.049367],[134.552034,34.049437],[134.552023,34.048672],[134.55204,34.047281],[134.552041,34.047189],[134.552038,34.047146],[134.554026,34.046482],[134.554438,34.046498],[134.555302,34.046532],[134.556924,34.046601],[134.557224,34.046532],[134.557709,34.048167]]]},"properties":{"S_NAME":"山城西四丁目","HCODE":8101}},{"type":"Feature","geometry":{"type":"Polygon","coordinates":[[[134.505182,34.071241],[134.504713,34.071119],[134.503536,34.070839],[134.502857,34.070666],[134.503049,34.069882],[134.503395,34.068846],[134.503691,34.067954],[134.503718,34.06787],[134.503735,34.067819],[134.504859,34.068034],[134.504913,34.068089],[134.505209,34.068168],[134.505261,34.068158],[134.505417,34.068325],[134.50546,34.068349],[134.505638,34.068499],[134.504852,34.069207],[134.504036,34.069943],[134.505143,34.070127],[134.505229,34.07008],[134.506798,34.070295],[134.506834,34.070307],[134.506835,34.070366],[134.506826,34.070828],[134.50536,34.070648],[134.505182,34.071241]]]},"properties":{"S_NAME":"鮎喰町一丁目","HCODE":8101}},{"type":"Feature","geometry":{"type":"Polygon","coordinates":[[[134.50494,34.072058],[134.504636,34.073028],[134.504343,34.074053],[134.504101,34.075039],[134.503904,34.076007],[134.503881,34.076081],[134.503908,34.076233],[134.503978,34.076391],[134.503966,34.076406],[134.50354,34.076473],[134.503604,34.076986],[134.503594,34.076984],[134.501982,34.076726],[134.501978,34.076409],[134.502004,34.076208],[134.502033,34.075877],[134.502116,34.075593],[134.502166,34.075438],[134.502206,34.075151],[134.502238,34.074853],[134.502268,34.074749],[134.502231,34.074461],[134.502092,34.073841],[134.502089,34.073727],[134.502823,34.073763],[134.50276,34.073658],[134.502665,34.07356],[134.502336,34.073327],[134.502145,34.073207],[134.502057,34.073102],[134.501841,34.072759],[134.501779,34.0727],[134.501698,34.072667],[134.501585,34.072592],[134.501429,34.072331],[134.501335,34.072103],[134.5016,34.072022],[134.501909,34.071943],[134.502639,34.071789],[134.503306,34.071847],[134.504237,34.071958],[134.50494,34.072058]]]},"properties":{"S_NAME":"鮎喰町一丁目","HCODE":8101}},{"type":"Feature","geometry":{"type":"Polygon","coordinates":[[[134.50494,34.072058],[134.504237,34.071958],[134.503306,34.071847],[134.502639,34.071789],[134.501909,34.071943],[134.5016,34.072022],[134.501335,34.072103],[134.501429,34.072331],[134.501585,34.072592],[134.501698,34.072667],[134.501779,34.0727],[134.501841,34.072759],[134.502057,34.073102],[134.502145,34.073207],[134.502336,34.073327],[134.502665,34.07356],[134.50276,34.073658],[134.502823,34.073763],[134.502089,34.073727],[134.502092,34.073841],[134.502231,34.074461],[134.502268,34.074749],[134.502238,34.074853],[134.502206,34.075151],[134.502166,34.075438],[134.502116,34.075593],[134.502033,34.075877],[134.502004,34.076208],[134.501978,34.076409],[134.501982,34.076726],[134.500445,34.076437],[134.500256,34.076413],[134.500185,34.076405],[134.500184,34.076402],[134.499953,34.075655],[134.49955,34.074599],[134.499068,34.073722],[134.498844,34.073333],[134.498759,34.073198],[134.498442,34.072787],[134.498319,34.072419],[134.498262,34.072356],[134.498049,34.07212],[134.497565,34.071541],[134.496394,34.070689],[134.497876,34.069999],[134.498471,34.069757],[134.498535,34.069622],[134.498519,34.069284],[134.498516,34.06904],[134.49842,34.068771],[134.498454,34.068559],[134.498559,34.068375],[134.498655,34.068172],[134.498661,34.06802],[134.498665,34.067875],[134.498666,34.06783],[134.498711,34.067754],[134.498832,34.067658],[134.499012,34.06746],[134.499078,34.067276],[134.499107,34.067137],[134.499473,34.067153],[134.499776,34.0671],[134.500077,34.067072],[134.500314,34.067083],[134.500276,34.067297],[134.500307,34.067347],[134.500353,34.067372],[134.501481,34.067593],[134.502628,34.06776],[134.503034,34.067831],[134.503161,34.067841],[134.50346,34.067864],[134.503718,34.06787],[134.503691,34.067954],[134.503395,34.068846],[134.503049,34.069882],[134.502857,34.070666],[134.503536,34.070839],[134.504713,34.071119],[134.505182,34.071241],[134.50494,34.072058]]]},"properties":{"S_NAME":"鮎喰町二丁目","HCODE":8101}},{"type":"Feature","geometry":{"type":"Polygon","coordinates":[[[134.516255,34.090018],[134.516195,34.090025],[134.516081,34.090038],[134.51595,34.089991],[134.515952,34.090098],[134.515964,34.090365],[134.516003,34.091339],[134.516029,34.092221],[134.513715,34.0916],[134.51445,34.089632],[134.514506,34.089626],[134.51471,34.089618],[134.514717,34.089583],[134.514664,34.08908],[134.514661,34.089057],[134.514601,34.088169],[134.514533,34.087695],[134.514446,34.087096],[134.514403,34.086877],[134.514413,34.086818],[134.514519,34.086624],[134.514619,34.086438],[134.514672,34.086264],[134.514702,34.086166],[134.514751,34.085958],[134.514755,34.085938],[134.514774,34.085598],[134.514681,34.085019],[134.514564,34.084384],[134.514822,34.084272],[134.5155,34.084021],[134.515465,34.083642],[134.515467,34.083371],[134.515435,34.083236],[134.515424,34.083198],[134.515272,34.083049],[134.515277,34.083016],[134.515454,34.082938],[134.515611,34.082869],[134.516491,34.082712],[134.517059,34.082614],[134.51748,34.082564],[134.517801,34.082583],[134.517938,34.082624],[134.517995,34.082674],[134.51811,34.082546],[134.518325,34.082608],[134.518533,34.082623],[134.51867,34.08258],[134.51879,34.082515],[134.519019,34.082376],[134.519001,34.082428],[134.518989,34.082615],[134.51898,34.082703],[134.518951,34.083021],[134.518939,34.083079],[134.518931,34.083162],[134.518927,34.083254],[134.518942,34.083341],[134.518991,34.083457],[134.519046,34.083562],[134.518925,34.083643],[134.519037,34.083762],[134.519144,34.083887],[134.519371,34.084118],[134.519341,34.084217],[134.519267,34.084311],[134.519182,34.084387],[134.518911,34.084581],[134.51846,34.08496],[134.518275,34.085108],[134.518147,34.085221],[134.518057,34.0849],[134.518033,34.0844],[134.517637,34.084382],[134.51724,34.084398],[134.517144,34.084411],[134.516973,34.084527],[134.516902,34.084583],[134.516873,34.084727],[134.51686,34.084866],[134.51686,34.08487],[134.516788,34.085017],[134.516799,34.085063],[134.516805,34.085219],[134.516656,34.085267],[134.516089,34.085447],[134.516172,34.085582],[134.51625,34.08598],[134.516312,34.086152],[134.516492,34.086655],[134.516493,34.086654],[134.516679,34.087021],[134.51685,34.087378],[134.516856,34.087393],[134.516992,34.087715],[134.517042,34.087794],[134.517092,34.087855],[134.517131,34.087872],[134.517131,34.087874],[134.517051,34.088548],[134.516865,34.088621],[134.516846,34.088665],[134.516601,34.089158],[134.516508,34.089347],[134.516396,34.089574],[134.516255,34.090018]]]},"properties":{"S_NAME":"北島田町一丁目","HCODE":8101}},{"type":"Feature","geometry":{"type":"Polygon","coordinates":[[[134.514446,34.087096],[134.51368,34.087174],[134.513334,34.087181],[134.513192,34.087174],[134.513,34.087142],[134.512738,34.087093],[134.512772,34.086966],[134.512391,34.086986],[134.5123,34.087004],[134.512112,34.087001],[134.511612,34.086943],[134.511119,34.086917],[134.510799,34.086894],[134.510657,34.087079],[134.510384,34.087447],[134.510105,34.087063],[134.510482,34.086861],[134.510424,34.086716],[134.510314,34.086331],[134.510261,34.085998],[134.510821,34.085824],[134.51133,34.085445],[134.511344,34.085381],[134.511307,34.085293],[134.511636,34.085156],[134.511709,34.084995],[134.511754,34.084864],[134.511936,34.085061],[134.511964,34.085242],[134.512017,34.085289],[134.5121,34.085364],[134.512223,34.085418],[134.512309,34.085421],[134.512461,34.085403],[134.512705,34.085363],[134.513253,34.085099],[134.513785,34.08486],[134.514108,34.084716],[134.514268,34.084541],[134.514564,34.084384],[134.514681,34.085019],[134.514774,34.085598],[134.514755,34.085938],[134.514751,34.085958],[134.514702,34.086166],[134.514672,34.086264],[134.514619,34.086438],[134.514519,34.086624],[134.514413,34.086818],[134.514403,34.086877],[134.514446,34.087096]]]},"properties":{"S_NAME":"北島田町二丁目","HCODE":8101}},{"type":"Feature","geometry":{"type":"Polygon","coordinates":[[[134.514446,34.087096],[134.514533,34.087695],[134.514601,34.088169],[134.514661,34.089057],[134.514664,34.08908],[134.514717,34.089583],[134.51471,34.089618],[134.514506,34.089626],[134.51445,34.089632],[134.513715,34.0916],[134.513423,34.091514],[134.513009,34.091394],[134.512596,34.091279],[134.512457,34.091222],[134.512303,34.09116],[134.511991,34.091079],[134.511696,34.091002],[134.510968,34.0907],[134.510693,34.090586],[134.510445,34.0905],[134.509646,34.090085],[134.508832,34.089755],[134.507842,34.089318],[134.5084,34.088673],[134.509144,34.087849],[134.509167,34.087606],[134.509196,34.087449],[134.509029,34.087429],[134.509066,34.087035],[134.509112,34.086984],[134.509156,34.086955],[134.509272,34.086865],[134.509578,34.086524],[134.509765,34.086306],[134.510037,34.086093],[134.510261,34.085998],[134.510314,34.086331],[134.510424,34.086716],[134.510482,34.086861],[134.510105,34.087063],[134.510384,34.087447],[134.510657,34.087079],[134.510799,34.086894],[134.511119,34.086917],[134.511612,34.086943],[134.512112,34.087001],[134.5123,34.087004],[134.512391,34.086986],[134.512772,34.086966],[134.512738,34.087093],[134.513,34.087142],[134.513192,34.087174],[134.513334,34.087181],[134.51368,34.087174],[134.514446,34.087096]]]},"properties":{"S_NAME":"北島田町三丁目","HCODE":8101}},{"type":"Feature","geometry":{"type":"Polygon","coordinates":[[[134.521074,34.075655],[134.521032,34.075812],[134.520981,34.076059],[134.520944,34.07624],[134.520875,34.076649],[134.520705,34.077637],[134.519508,34.07741],[134.518828,34.077281],[134.518867,34.07726],[134.519133,34.076064],[134.519144,34.076007],[134.51917,34.076003],[134.519768,34.076096],[134.519909,34.075521],[134.520186,34.074092],[134.520171,34.074028],[134.520174,34.074028],[134.520719,34.07409],[134.520715,34.074296],[134.520684,34.074301],[134.520751,34.074413],[134.52082,34.074411],[134.520826,34.074511],[134.52081,34.074658],[134.521196,34.074699],[134.521194,34.074714],[134.521124,34.075207],[134.521074,34.075655]]]},"properties":{"S_NAME":"蔵本町一丁目","HCODE":8101}},{"type":"Feature","geometry":{"type":"Polygon","coordinates":[[[134.519508,34.07741],[134.51927,34.078522],[134.519074,34.079538],[134.517923,34.079333],[134.517463,34.079265],[134.516913,34.079177],[134.51694,34.079081],[134.516932,34.07901],[134.516872,34.078813],[134.517017,34.078021],[134.517586,34.078136],[134.517789,34.077102],[134.517185,34.077011],[134.515916,34.076834],[134.516017,34.076332],[134.516121,34.07634],[134.516708,34.073443],[134.516811,34.073262],[134.518025,34.073441],[134.519161,34.073593],[134.519707,34.073672],[134.52021,34.073734],[134.520148,34.073886],[134.520154,34.073958],[134.520171,34.074028],[134.520186,34.074092],[134.519909,34.075521],[134.519768,34.076096],[134.51917,34.076003],[134.519144,34.076007],[134.519133,34.076064],[134.518867,34.07726],[134.518828,34.077281],[134.519508,34.07741]]]},"properties":{"S_NAME":"蔵本町二丁目","HCODE":8101}},{"type":"Feature","geometry":{"type":"Polygon","coordinates":[[[134.515916,34.076834],[134.517185,34.077011],[134.517789,34.077102],[134.517586,34.078136],[134.517017,34.078021],[134.516872,34.078813],[134.516932,34.07901],[134.51694,34.079081],[134.516913,34.079177],[134.516377,34.079071],[134.515603,34.078919],[134.514639,34.078766],[134.514646,34.078718],[134.515169,34.077895],[134.51521,34.07783],[134.515844,34.076822],[134.515916,34.076834]]]},"properties":{"S_NAME":"蔵本町三丁目","HCODE":8101}},{"type":"Feature","geometry":{"type":"Polygon","coordinates":[[[134.520705,34.077637],[134.520574,34.078206],[134.520541,34.078311],[134.520524,34.078369],[134.520428,34.078708],[134.520325,34.079117],[134.520198,34.07963],[134.520185,34.079681],[134.519074,34.079538],[134.51927,34.078522],[134.519508,34.07741],[134.520705,34.077637]]]},"properties":{"S_NAME":"蔵本元町一丁目","HCODE":8101}},{"type":"Feature","geometry":{"type":"Polygon","coordinates":[[[134.520467,34.081213],[134.52039,34.081201],[134.519356,34.08118],[134.519176,34.081145],[134.518858,34.081548],[134.518692,34.081478],[134.518146,34.081417],[134.518088,34.081393],[134.51809,34.08114],[134.517613,34.081148],[134.517236,34.081142],[134.517208,34.081078],[134.517204,34.08107],[134.517106,34.0809],[134.517055,34.080849],[134.516909,34.080705],[134.516533,34.080469],[134.516163,34.080084],[134.51579,34.079562],[134.515695,34.07931],[134.515632,34.079084],[134.515603,34.078919],[134.516377,34.079071],[134.516913,34.079177],[134.517463,34.079265],[134.517923,34.079333],[134.519074,34.079538],[134.520185,34.079681],[134.520782,34.079756],[134.520921,34.079777],[134.520821,34.079872],[134.520689,34.080048],[134.520624,34.080176],[134.520559,34.080367],[134.520537,34.080534],[134.520543,34.081015],[134.520467,34.081213]]]},"properties":{"S_NAME":"蔵本元町二丁目","HCODE":8101}},{"type":"Feature","geometry":{"type":"Polygon","coordinates":[[[134.520467,34.081213],[134.520357,34.08138],[134.520312,34.081445],[134.520217,34.081573],[134.520113,34.081673],[134.519805,34.081878],[134.519566,34.082046],[134.519563,34.082048],[134.519525,34.082064],[134.519273,34.082209],[134.51906,34.082346],[134.519019,34.082376],[134.51879,34.082515],[134.51867,34.08258],[134.518533,34.082623],[134.518325,34.082608],[134.51811,34.082546],[134.517885,34.0824],[134.517718,34.082286],[134.517638,34.082155],[134.517319,34.081334],[134.517236,34.081142],[134.517613,34.081148],[134.51809,34.08114],[134.518088,34.081393],[134.518146,34.081417],[134.518692,34.081478],[134.518858,34.081548],[134.519176,34.081145],[134.519356,34.08118],[134.52039,34.081201],[134.520467,34.081213]]]},"properties":{"S_NAME":"蔵本元町三丁目","HCODE":8101}},{"type":"Feature","geometry":{"type":"Polygon","coordinates":[[[134.511485,34.07311],[134.511784,34.072266],[134.512389,34.072431],[134.512782,34.072541],[134.513275,34.07269],[134.512832,34.073828],[134.512347,34.075207],[134.512246,34.075154],[134.512119,34.075082],[134.511223,34.074569],[134.510948,34.074428],[134.511002,34.074401],[134.511044,34.074352],[134.511485,34.07311]]]},"properties":{"S_NAME":"庄町一丁目","HCODE":8101}},{"type":"Feature","geometry":{"type":"Polygon","coordinates":[[[134.515844,34.076822],[134.51521,34.07783],[134.515169,34.077895],[134.514646,34.078718],[134.514639,34.078766],[134.513352,34.078553],[134.51332,34.078547],[134.512138,34.078358],[134.512208,34.077947],[134.511466,34.077836],[134.511405,34.078236],[134.510935,34.078158],[134.51105,34.077832],[134.511182,34.077165],[134.512307,34.077364],[134.512311,34.077365],[134.512443,34.076614],[134.51253,34.076119],[134.512792,34.075505],[134.512781,34.075478],[134.513364,34.075862],[134.514275,34.076465],[134.514629,34.076677],[134.514656,34.076681],[134.515844,34.076822]]]},"properties":{"S_NAME":"庄町一丁目","HCODE":8101}},{"type":"Feature","geometry":{"type":"Polygon","coordinates":[[[134.511182,34.077165],[134.511274,34.07649],[134.511252,34.076395],[134.51123,34.076353],[134.511072,34.076331],[134.510824,34.076322],[134.510799,34.076321],[134.510748,34.076292],[134.510791,34.075712],[134.511144,34.075781],[134.511434,34.075758],[134.51153,34.075623],[134.511473,34.075542],[134.511471,34.07554],[134.511704,34.075167],[134.511764,34.075145],[134.511994,34.075233],[134.512096,34.07511],[134.512119,34.075082],[134.512246,34.075154],[134.512347,34.075207],[134.512781,34.075478],[134.512792,34.075505],[134.51253,34.076119],[134.512443,34.076614],[134.512311,34.077365],[134.512307,34.077364],[134.511182,34.077165]]]},"properties":{"S_NAME":"庄町二丁目","HCODE":8101}},{"type":"Feature","geometry":{"type":"Polygon","coordinates":[[[134.511405,34.078236],[134.511466,34.077836],[134.512208,34.077947],[134.512138,34.078358],[134.511405,34.078236]]]},"properties":{"S_NAME":"庄町二丁目","HCODE":8101}},{"type":"Feature","geometry":{"type":"Polygon","coordinates":[[[134.511182,34.077165],[134.51105,34.077832],[134.510935,34.078158],[134.510346,34.078073],[134.509627,34.07796],[134.508612,34.077789],[134.508749,34.077155],[134.508798,34.07683],[134.509898,34.076958],[134.510698,34.077087],[134.511182,34.077165]]]},"properties":{"S_NAME":"庄町二丁目","HCODE":8101}},{"type":"Feature","geometry":{"type":"Polygon","coordinates":[[[134.510948,34.074428],[134.509843,34.073852],[134.508355,34.073047],[134.508449,34.072756],[134.508519,34.072678],[134.508655,34.072629],[134.509522,34.072769],[134.509611,34.072785],[134.510759,34.072991],[134.511485,34.07311],[134.511044,34.074352],[134.511002,34.074401],[134.510948,34.074428]]]},"properties":{"S_NAME":"庄町三丁目","HCODE":8101}},{"type":"Feature","geometry":{"type":"Polygon","coordinates":[[[134.508798,34.07683],[134.50884,34.076095],[134.508838,34.075946],[134.508873,34.075886],[134.508962,34.075468],[134.509299,34.075483],[134.509975,34.075549],[134.510169,34.075565],[134.510791,34.075712],[134.510748,34.076292],[134.510799,34.076321],[134.510824,34.076322],[134.511072,34.076331],[134.51123,34.076353],[134.511252,34.076395],[134.511274,34.07649],[134.511182,34.077165],[134.510698,34.077087],[134.509898,34.076958],[134.508798,34.07683]]]},"properties":{"S_NAME":"庄町三丁目","HCODE":8101}},{"type":"Feature","geometry":{"type":"Polygon","coordinates":[[[134.510948,34.074428],[134.511223,34.074569],[134.512119,34.075082],[134.512096,34.07511],[134.511994,34.075233],[134.511764,34.075145],[134.511704,34.075167],[134.511471,34.07554],[134.511258,34.075431],[134.510926,34.07529],[134.510616,34.075185],[134.510777,34.074802],[134.510882,34.074563],[134.510948,34.074428]]]},"properties":{"S_NAME":"庄町三丁目","HCODE":8101}},{"type":"Feature","geometry":{"type":"Polygon","coordinates":[[[134.508798,34.07683],[134.508749,34.077155],[134.508612,34.077789],[134.508134,34.077715],[134.50789,34.077678],[134.507656,34.077642],[134.506805,34.077502],[134.505322,34.077258],[134.505099,34.077218],[134.505155,34.077134],[134.505249,34.07656],[134.505292,34.076506],[134.505422,34.076517],[134.50673,34.076733],[134.506787,34.076727],[134.506837,34.076709],[134.506877,34.07644],[134.507037,34.075394],[134.507138,34.075387],[134.508254,34.075429],[134.508375,34.07529],[134.508514,34.075215],[134.508899,34.074991],[134.50876,34.074965],[134.508082,34.07484],[134.50714,34.074686],[134.507438,34.073499],[134.507658,34.072668],[134.508355,34.073047],[134.509843,34.073852],[134.510948,34.074428],[134.510882,34.074563],[134.510777,34.074802],[134.510616,34.075185],[134.510926,34.07529],[134.511258,34.075431],[134.511471,34.07554],[134.511473,34.075542],[134.51153,34.075623],[134.511434,34.075758],[134.511144,34.075781],[134.510791,34.075712],[134.510169,34.075565],[134.509975,34.075549],[134.509299,34.075483],[134.508962,34.075468],[134.508873,34.075886],[134.508838,34.075946],[134.50884,34.076095],[134.508798,34.07683]]]},"properties":{"S_NAME":"庄町四丁目","HCODE":8101}},{"type":"Feature","geometry":{"type":"Polygon","coordinates":[[[134.507658,34.072668],[134.507438,34.073499],[134.50714,34.074686],[134.508082,34.07484],[134.50876,34.074965],[134.508899,34.074991],[134.508514,34.075215],[134.508375,34.07529],[134.508254,34.075429],[134.507138,34.075387],[134.507037,34.075394],[134.506877,34.07644],[134.506837,34.076709],[134.506787,34.076727],[134.50673,34.076733],[134.505422,34.076517],[134.505292,34.076506],[134.505249,34.07656],[134.505155,34.077134],[134.505099,34.077218],[134.504581,34.077139],[134.503604,34.076986],[134.50354,34.076473],[134.503966,34.076406],[134.503978,34.076391],[134.503908,34.076233],[134.503881,34.076081],[134.503904,34.076007],[134.504101,34.075039],[134.504343,34.074053],[134.504636,34.073028],[134.50494,34.072058],[134.505182,34.071241],[134.505992,34.071374],[134.506584,34.071446],[134.507561,34.071598],[134.507542,34.071793],[134.507329,34.071842],[134.507109,34.071909],[134.507085,34.071924],[134.50706,34.071939],[134.50704,34.072034],[134.506998,34.072153],[134.506994,34.072402],[134.507315,34.072452],[134.507658,34.072668]]]},"properties":{"S_NAME":"庄町五丁目","HCODE":8101}},{"type":"Feature","geometry":{"type":"Polygon","coordinates":[[[134.51811,34.082546],[134.517995,34.082674],[134.517938,34.082624],[134.517801,34.082583],[134.51748,34.082564],[134.517059,34.082614],[134.516491,34.082712],[134.515611,34.082869],[134.515454,34.082938],[134.515277,34.083016],[134.515215,34.082927],[134.515128,34.082848],[134.515127,34.082846],[134.514924,34.082389],[134.514662,34.08243],[134.514597,34.082425],[134.514561,34.082383],[134.51431,34.081499],[134.514284,34.081177],[134.514316,34.080849],[134.514352,34.080824],[134.514732,34.080791],[134.514925,34.08076],[134.515147,34.080722],[134.51529,34.08065],[134.515337,34.080707],[134.515511,34.080841],[134.515647,34.080945],[134.515777,34.08098],[134.515926,34.080981],[134.516114,34.080966],[134.516364,34.080971],[134.516586,34.080963],[134.516749,34.080959],[134.516839,34.080968],[134.51689,34.080987],[134.517041,34.081044],[134.517187,34.081068],[134.517204,34.08107],[134.517208,34.081078],[134.517236,34.081142],[134.517319,34.081334],[134.517638,34.082155],[134.517718,34.082286],[134.517885,34.0824],[134.51811,34.082546]]]},"properties":{"S_NAME":"中島田町一丁目","HCODE":8101}},{"type":"Feature","geometry":{"type":"Polygon","coordinates":[[[134.51529,34.08065],[134.515147,34.080722],[134.514925,34.08076],[134.514732,34.080791],[134.514352,34.080824],[134.514316,34.080849],[134.514284,34.081177],[134.51431,34.081499],[134.514561,34.082383],[134.514597,34.082425],[134.514662,34.08243],[134.514924,34.082389],[134.515127,34.082846],[134.515128,34.082848],[134.515215,34.082927],[134.515277,34.083016],[134.515272,34.083049],[134.515424,34.083198],[134.515435,34.083236],[134.515467,34.083371],[134.515465,34.083642],[134.5155,34.084021],[134.514822,34.084272],[134.514564,34.084384],[134.514268,34.084541],[134.514108,34.084716],[134.513785,34.08486],[134.513253,34.085099],[134.512705,34.085363],[134.512461,34.085403],[134.512309,34.085421],[134.512223,34.085418],[134.5121,34.085364],[134.512017,34.085289],[134.511964,34.085242],[134.511936,34.085061],[134.511754,34.084864],[134.511828,34.084652],[134.511894,34.084462],[134.512019,34.084101],[134.512029,34.084074],[134.512003,34.083812],[134.512001,34.08379],[134.512013,34.083466],[134.512041,34.083431],[134.512055,34.083384],[134.511944,34.082964],[134.51188,34.082603],[134.511767,34.082286],[134.511665,34.082235],[134.51165,34.081891],[134.511604,34.081617],[134.511584,34.081493],[134.51172,34.081446],[134.511771,34.081434],[134.511717,34.08113],[134.511502,34.081137],[134.511473,34.081102],[134.511502,34.080558],[134.511732,34.080568],[134.512171,34.080607],[134.512461,34.080624],[134.512699,34.080622],[134.512876,34.080682],[134.513115,34.080697],[134.513361,34.080682],[134.513453,34.08073],[134.513942,34.079876],[134.514786,34.080233],[134.515297,34.08062],[134.51529,34.08065]]]},"properties":{"S_NAME":"中島田町二丁目","HCODE":8101}},{"type":"Feature","geometry":{"type":"Polygon","coordinates":[[[134.511584,34.081493],[134.511604,34.081617],[134.51165,34.081891],[134.511665,34.082235],[134.511767,34.082286],[134.51188,34.082603],[134.511944,34.082964],[134.512055,34.083384],[134.512041,34.083431],[134.512013,34.083466],[134.512001,34.08379],[134.512003,34.083812],[134.512029,34.084074],[134.512019,34.084101],[134.511894,34.084462],[134.511828,34.084652],[134.511754,34.084864],[134.511709,34.084995],[134.511636,34.085156],[134.511307,34.085293],[134.511344,34.085381],[134.51133,34.085445],[134.510821,34.085824],[134.510261,34.085998],[134.510132,34.085824],[134.51001,34.085643],[134.509874,34.08544],[134.509635,34.085135],[134.509534,34.08489],[134.509405,34.084254],[134.509369,34.084079],[134.509353,34.083903],[134.509329,34.083658],[134.509367,34.083561],[134.509459,34.08333],[134.509212,34.083291],[134.509152,34.082981],[134.509057,34.082602],[134.50909,34.082321],[134.509095,34.082262],[134.509119,34.082211],[134.509286,34.081919],[134.50952,34.081673],[134.509804,34.08139],[134.509927,34.081496],[134.510087,34.081638],[134.51042,34.081856],[134.510832,34.081717],[134.511451,34.081526],[134.511584,34.081493]]]},"properties":{"S_NAME":"中島田町三丁目","HCODE":8101}},{"type":"Feature","geometry":{"type":"Polygon","coordinates":[[[134.506466,34.079621],[134.507651,34.079653],[134.509001,34.07969],[134.50921,34.079712],[134.509184,34.079945],[134.509259,34.080278],[134.509254,34.080416],[134.509279,34.080505],[134.509354,34.080628],[134.50943,34.080755],[134.509556,34.081076],[134.509666,34.081254],[134.509804,34.08139],[134.50952,34.081673],[134.509286,34.081919],[134.509119,34.082211],[134.509095,34.082262],[134.50909,34.082321],[134.509057,34.082602],[134.509152,34.082981],[134.509212,34.083291],[134.509459,34.08333],[134.509367,34.083561],[134.509329,34.083658],[134.509353,34.083903],[134.509369,34.084079],[134.509405,34.084254],[134.509534,34.08489],[134.509635,34.085135],[134.509874,34.08544],[134.51001,34.085643],[134.510132,34.085824],[134.510261,34.085998],[134.510037,34.086093],[134.509765,34.086306],[134.509578,34.086524],[134.509272,34.086865],[134.509156,34.086955],[134.509112,34.086984],[134.509066,34.087035],[134.509029,34.087429],[134.509196,34.087449],[134.509167,34.087606],[134.509144,34.087849],[134.5084,34.088673],[134.507842,34.089318],[134.506954,34.088868],[134.506185,34.087903],[134.505094,34.086762],[134.504379,34.086015],[134.503876,34.085489],[134.503689,34.085146],[134.503957,34.085054],[134.503971,34.08425],[134.504473,34.084037],[134.505748,34.083554],[134.506198,34.083527],[134.506098,34.08283],[134.506058,34.082471],[134.50608,34.081723],[134.50621,34.081217],[134.50634,34.080404],[134.506466,34.079621]]]},"properties":{"S_NAME":"中島田町四丁目","HCODE":8101}},{"type":"Feature","geometry":{"type":"Polygon","coordinates":[[[134.521196,34.074699],[134.52081,34.074658],[134.520826,34.074511],[134.52082,34.074411],[134.520751,34.074413],[134.520684,34.074301],[134.520715,34.074296],[134.520719,34.07409],[134.520174,34.074028],[134.520171,34.074028],[134.520154,34.073958],[134.520148,34.073886],[134.52021,34.073734],[134.520296,34.073733],[134.520327,34.073711],[134.520358,34.073598],[134.52035,34.073413],[134.520348,34.073374],[134.520361,34.07322],[134.520368,34.073133],[134.520368,34.073116],[134.520365,34.072937],[134.520357,34.07288],[134.520561,34.07287],[134.520988,34.072849],[134.521144,34.073247],[134.521228,34.073518],[134.521229,34.073841],[134.521246,34.074327],[134.521196,34.074699]]]},"properties":{"S_NAME":"南蔵本町一丁目","HCODE":8101}},{"type":"Feature","geometry":{"type":"Polygon","coordinates":[[[134.521876,34.064966],[134.522245,34.065196],[134.522036,34.066808],[134.52193,34.068144],[134.521891,34.068612],[134.521755,34.069568],[134.521622,34.070222],[134.521461,34.070733],[134.521434,34.071207],[134.521366,34.071704],[134.521336,34.072015],[134.521304,34.072061],[134.521232,34.072138],[134.52121,34.072168],[134.521198,34.072274],[134.521143,34.07237],[134.521105,34.072449],[134.521101,34.072459],[134.521035,34.07258],[134.521037,34.072843],[134.520988,34.072849],[134.520561,34.07287],[134.520357,34.07288],[134.520365,34.072937],[134.520368,34.073116],[134.520368,34.073133],[134.520361,34.07322],[134.520348,34.073374],[134.52035,34.073413],[134.520358,34.073598],[134.520327,34.073711],[134.520296,34.073733],[134.52021,34.073734],[134.519707,34.073672],[134.519161,34.073593],[134.519323,34.073076],[134.519472,34.072679],[134.519549,34.07244],[134.519489,34.072292],[134.519365,34.072027],[134.519225,34.070626],[134.519349,34.066857],[134.519968,34.064758],[134.520181,34.063927],[134.521876,34.064966]]]},"properties":{"S_NAME":"南蔵本町二丁目","HCODE":8101}},{"type":"Feature","geometry":{"type":"Polygon","coordinates":[[[134.520181,34.063927],[134.519968,34.064758],[134.519349,34.066857],[134.519225,34.070626],[134.519365,34.072027],[134.519489,34.072292],[134.519549,34.07244],[134.519472,34.072679],[134.519323,34.073076],[134.519161,34.073593],[134.518025,34.073441],[134.516811,34.073262],[134.516855,34.072869],[134.516586,34.072909],[134.516329,34.072887],[134.516129,34.072865],[134.515894,34.072879],[134.515753,34.072904],[134.515811,34.072567],[134.515858,34.072467],[134.515844,34.072234],[134.515672,34.072046],[134.515521,34.071931],[134.515427,34.071906],[134.515257,34.071933],[134.515064,34.07193],[134.514912,34.071887],[134.515012,34.071559],[134.515035,34.071497],[134.515102,34.071545],[134.51554,34.071706],[134.515945,34.071732],[134.516481,34.071708],[134.516594,34.070756],[134.516649,34.069909],[134.517364,34.068083],[134.519169,34.063306],[134.519437,34.06347],[134.520181,34.063927]]]},"properties":{"S_NAME":"南蔵本町三丁目","HCODE":8101}},{"type":"Feature","geometry":{"type":"Polygon","coordinates":[[[134.515916,34.076834],[134.515844,34.076822],[134.514656,34.076681],[134.514629,34.076677],[134.514275,34.076465],[134.513364,34.075862],[134.512781,34.075478],[134.512347,34.075207],[134.512832,34.073828],[134.513275,34.07269],[134.513661,34.072794],[134.51454,34.073035],[134.514706,34.072625],[134.514753,34.072441],[134.514849,34.072079],[134.514912,34.071887],[134.515064,34.07193],[134.515257,34.071933],[134.515427,34.071906],[134.515521,34.071931],[134.515672,34.072046],[134.515844,34.072234],[134.515858,34.072467],[134.515811,34.072567],[134.515753,34.072904],[134.515894,34.072879],[134.516129,34.072865],[134.516329,34.072887],[134.516586,34.072909],[134.516855,34.072869],[134.516811,34.073262],[134.516708,34.073443],[134.516121,34.07634],[134.516017,34.076332],[134.515916,34.076834]]]},"properties":{"S_NAME":"南庄町一丁目","HCODE":8101}},{"type":"Feature","geometry":{"type":"Polygon","coordinates":[[[134.519169,34.063306],[134.517364,34.068083],[134.516649,34.069909],[134.516594,34.070756],[134.516481,34.071708],[134.515945,34.071732],[134.51554,34.071706],[134.515102,34.071545],[134.515035,34.071497],[134.515012,34.071559],[134.514912,34.071887],[134.514849,34.072079],[134.514753,34.072441],[134.514706,34.072625],[134.51454,34.073035],[134.513661,34.072794],[134.513275,34.07269],[134.513253,34.07262],[134.512567,34.071832],[134.512444,34.071708],[134.512401,34.07162],[134.512395,34.071445],[134.512392,34.071149],[134.512489,34.070983],[134.512188,34.070819],[134.511925,34.070697],[134.511422,34.070325],[134.512602,34.068617],[134.513942,34.066763],[134.515403,34.064833],[134.517805,34.06247],[134.518224,34.062726],[134.519169,34.063306]]]},"properties":{"S_NAME":"南庄町二丁目","HCODE":8101}},{"type":"Feature","geometry":{"type":"Polygon","coordinates":[[[134.511485,34.07311],[134.510759,34.072991],[134.509611,34.072785],[134.509656,34.072574],[134.509715,34.072428],[134.509762,34.072386],[134.509851,34.071927],[134.509684,34.071902],[134.508771,34.071772],[134.508779,34.071611],[134.508887,34.071048],[134.509009,34.070286],[134.509088,34.069747],[134.510144,34.069886],[134.510629,34.069922],[134.511079,34.070091],[134.511422,34.070325],[134.511925,34.070697],[134.512188,34.070819],[134.512489,34.070983],[134.512392,34.071149],[134.512395,34.071445],[134.512401,34.07162],[134.512444,34.071708],[134.512567,34.071832],[134.513253,34.07262],[134.513275,34.07269],[134.512782,34.072541],[134.512389,34.072431],[134.511784,34.072266],[134.511485,34.07311]]]},"properties":{"S_NAME":"南庄町三丁目","HCODE":8101}},{"type":"Feature","geometry":{"type":"Polygon","coordinates":[[[134.511422,34.070325],[134.511079,34.070091],[134.510629,34.069922],[134.510144,34.069886],[134.509088,34.069747],[134.508539,34.06965],[134.508067,34.06953],[134.507254,34.069365],[134.507218,34.069367],[134.507121,34.069364],[134.506976,34.069355],[134.50679,34.069292],[134.506399,34.069151],[134.506227,34.069301],[134.505527,34.069852],[134.505359,34.069723],[134.505148,34.069467],[134.504852,34.069207],[134.505638,34.068499],[134.506389,34.067843],[134.506798,34.067407],[134.507069,34.067182],[134.50719,34.067288],[134.508227,34.066408],[134.511775,34.063815],[134.515477,34.061108],[134.515534,34.061117],[134.515643,34.061138],[134.517805,34.06247],[134.515403,34.064833],[134.513942,34.066763],[134.512602,34.068617],[134.511422,34.070325]]]},"properties":{"S_NAME":"南庄町四丁目","HCODE":8101}},{"type":"Feature","geometry":{"type":"Polygon","coordinates":[[[134.509611,34.072785],[134.509522,34.072769],[134.508655,34.072629],[134.508519,34.072678],[134.508449,34.072756],[134.508355,34.073047],[134.507658,34.072668],[134.507315,34.072452],[134.506994,34.072402],[134.506998,34.072153],[134.50704,34.072034],[134.50706,34.071939],[134.507085,34.071924],[134.507109,34.071909],[134.507329,34.071842],[134.507542,34.071793],[134.507561,34.071598],[134.507904,34.071642],[134.508771,34.071772],[134.509684,34.071902],[134.509851,34.071927],[134.509762,34.072386],[134.509715,34.072428],[134.509656,34.072574],[134.509611,34.072785]]]},"properties":{"S_NAME":"南庄町四丁目","HCODE":8101}},{"type":"Feature","geometry":{"type":"Polygon","coordinates":[[[134.509088,34.069747],[134.509009,34.070286],[134.508887,34.071048],[134.508779,34.071611],[134.508771,34.071772],[134.507904,34.071642],[134.507561,34.071598],[134.506584,34.071446],[134.505992,34.071374],[134.505182,34.071241],[134.50536,34.070648],[134.506826,34.070828],[134.506835,34.070366],[134.506834,34.070307],[134.506798,34.070295],[134.505229,34.07008],[134.505143,34.070127],[134.504036,34.069943],[134.504852,34.069207],[134.505148,34.069467],[134.505359,34.069723],[134.505527,34.069852],[134.506227,34.069301],[134.506399,34.069151],[134.50679,34.069292],[134.506976,34.069355],[134.507121,34.069364],[134.507218,34.069367],[134.507254,34.069365],[134.508067,34.06953],[134.508539,34.06965],[134.509088,34.069747]]]},"properties":{"S_NAME":"南庄町五丁目","HCODE":8101}},{"type":"Feature","geometry":{"type":"Polygon","coordinates":[[[134.505638,34.068499],[134.50546,34.068349],[134.505417,34.068325],[134.505261,34.068158],[134.505209,34.068168],[134.504913,34.068089],[134.504859,34.068034],[134.503735,34.067819],[134.503718,34.06787],[134.50346,34.067864],[134.503161,34.067841],[134.503034,34.067831],[134.502628,34.06776],[134.501481,34.067593],[134.500353,34.067372],[134.500307,34.067347],[134.500276,34.067297],[134.500314,34.067083],[134.500077,34.067072],[134.499776,34.0671],[134.499473,34.067153],[134.499107,34.067137],[134.499173,34.066927],[134.499402,34.066287],[134.499474,34.066001],[134.499478,34.06566],[134.499528,34.065419],[134.49964,34.065037],[134.499749,34.064734],[134.499869,34.064349],[134.500434,34.064425],[134.501015,34.064538],[134.50109,34.063984],[134.501148,34.063549],[134.501202,34.063147],[134.501187,34.062498],[134.500433,34.062394],[134.500497,34.062161],[134.5006,34.061647],[134.500662,34.061526],[134.500712,34.0615],[134.500786,34.061293],[134.500877,34.061036],[134.50096,34.060769],[134.501069,34.060489],[134.501176,34.060129],[134.50118,34.060007],[134.501234,34.059846],[134.501332,34.059638],[134.501368,34.059562],[134.501423,34.059387],[134.501371,34.059293],[134.501288,34.059173],[134.501306,34.059068],[134.501446,34.058912],[134.501815,34.058631],[134.502027,34.058435],[134.502064,34.058377],[134.502107,34.058277],[134.502159,34.057841],[134.502114,34.057799],[134.502181,34.057593],[134.502371,34.057234],[134.502529,34.05673],[134.502598,34.056411],[134.502933,34.055512],[134.503109,34.054894],[134.503206,34.054644],[134.50352,34.053673],[134.503908,34.052498],[134.503955,34.05239],[134.50401,34.052268],[134.504018,34.05227],[134.504175,34.05224],[134.504302,34.052234],[134.504414,34.052233],[134.504562,34.052454],[134.504618,34.052487],[134.504666,34.052548],[134.504865,34.052726],[134.505173,34.052871],[134.505655,34.052814],[134.506194,34.052859],[134.507395,34.053049],[134.507629,34.05309],[134.507681,34.053564],[134.508001,34.05421],[134.508399,34.054528],[134.508533,34.054564],[134.508955,34.054725],[134.509218,34.054939],[134.509353,34.055092],[134.509451,34.055202],[134.509458,34.055217],[134.509522,34.055379],[134.509574,34.055567],[134.509604,34.055737],[134.509709,34.056033],[134.509943,34.0565],[134.50999,34.056668],[134.510018,34.056911],[134.510224,34.057095],[134.510283,34.057156],[134.510507,34.057447],[134.510589,34.057495],[134.510783,34.057531],[134.510827,34.057577],[134.51093,34.057751],[134.511033,34.057955],[134.511034,34.058092],[134.510999,34.058221],[134.511,34.05829],[134.511012,34.058518],[134.511095,34.058601],[134.511279,34.058698],[134.511591,34.058817],[134.511793,34.058853],[134.512268,34.058826],[134.512734,34.058868],[134.512762,34.058914],[134.512841,34.05911],[134.512858,34.059262],[134.512882,34.05941],[134.51293,34.059569],[134.512968,34.059706],[134.512964,34.060149],[134.513073,34.06042],[134.513179,34.060555],[134.513448,34.060744],[134.513665,34.06086],[134.513829,34.060914],[134.514016,34.060974],[134.514172,34.06101],[134.514411,34.061045],[134.51482,34.061054],[134.515134,34.061062],[134.515477,34.061108],[134.511775,34.063815],[134.508227,34.066408],[134.50719,34.067288],[134.507069,34.067182],[134.506798,34.067407],[134.506389,34.067843],[134.505638,34.068499]]]},"properties":{"S_NAME":"名東町一丁目","HCODE":8101}},{"type":"Feature","geometry":{"type":"Polygon","coordinates":[[[134.50401,34.052268],[134.503955,34.05239],[134.503908,34.052498],[134.50352,34.053673],[134.503206,34.054644],[134.503109,34.054894],[134.502933,34.055512],[134.502598,34.056411],[134.502529,34.05673],[134.502371,34.057234],[134.502181,34.057593],[134.502114,34.057799],[134.502159,34.057841],[134.502107,34.058277],[134.502064,34.058377],[134.502027,34.058435],[134.501815,34.058631],[134.501446,34.058912],[134.501306,34.059068],[134.501288,34.059173],[134.501371,34.059293],[134.501423,34.059387],[134.501368,34.059562],[134.501332,34.059638],[134.501234,34.059846],[134.50118,34.060007],[134.501176,34.060129],[134.501069,34.060489],[134.50096,34.060769],[134.500877,34.061036],[134.500786,34.061293],[134.500712,34.0615],[134.500662,34.061526],[134.5006,34.061647],[134.500497,34.062161],[134.500433,34.062394],[134.501187,34.062498],[134.501202,34.063147],[134.501148,34.063549],[134.50109,34.063984],[134.501015,34.064538],[134.500434,34.064425],[134.499869,34.064349],[134.499749,34.064734],[134.49964,34.065037],[134.499528,34.065419],[134.499478,34.06566],[134.499474,34.066001],[134.499402,34.066287],[134.499173,34.066927],[134.499107,34.067137],[134.499078,34.067276],[134.499012,34.06746],[134.498832,34.067658],[134.498711,34.067754],[134.498666,34.06783],[134.498665,34.067875],[134.498661,34.06802],[134.498655,34.068172],[134.498559,34.068375],[134.498454,34.068559],[134.49842,34.068771],[134.498516,34.06904],[134.498519,34.069284],[134.498535,34.069622],[134.498471,34.069757],[134.497876,34.069999],[134.496394,34.070689],[134.495466,34.070097],[134.494759,34.069587],[134.494538,34.069431],[134.494452,34.06937],[134.493846,34.06886],[134.492972,34.068038],[134.492248,34.067381],[134.491969,34.066994],[134.491278,34.066138],[134.490518,34.065083],[134.489863,34.06377],[134.489659,34.063311],[134.489508,34.062295],[134.489305,34.061888],[134.488786,34.06098],[134.488469,34.059966],[134.488261,34.058688],[134.49007,34.058396],[134.490238,34.05887],[134.490283,34.058914],[134.490607,34.058853],[134.49063,34.058867],[134.490649,34.059026],[134.490612,34.059249],[134.490713,34.059596],[134.491073,34.059954],[134.491386,34.060297],[134.491525,34.06023],[134.49161,34.060162],[134.491723,34.060185],[134.491909,34.060079],[134.492016,34.059988],[134.49209,34.059913],[134.492109,34.059807],[134.492117,34.059617],[134.492104,34.059509],[134.49308,34.059439],[134.493101,34.059465],[134.493128,34.059639],[134.493186,34.059707],[134.493525,34.059693],[134.493535,34.059803],[134.493536,34.059803],[134.493894,34.059797],[134.494243,34.059723],[134.494229,34.059589],[134.494134,34.05885],[134.494012,34.05824],[134.493983,34.057902],[134.49381,34.057555],[134.494111,34.057318],[134.494627,34.057185],[134.49464,34.057185],[134.494857,34.057183],[134.495205,34.057186],[134.495371,34.057188],[134.495623,34.057211],[134.495853,34.057283],[134.496031,34.057306],[134.496338,34.057319],[134.496379,34.057321],[134.496995,34.057458],[134.497154,34.057479],[134.497261,34.057509],[134.49738,34.057621],[134.497489,34.057861],[134.49762,34.057657],[134.497783,34.057519],[134.497773,34.057446],[134.4978,34.057395],[134.497867,34.057376],[134.497973,34.057398],[134.498023,34.057434],[134.498065,34.057479],[134.498559,34.056625],[134.499313,34.055539],[134.500194,34.054174],[134.501048,34.052558],[134.501663,34.051148],[134.50176,34.050912],[134.502101,34.050078],[134.502308,34.049487],[134.502419,34.049909],[134.502441,34.049983],[134.502821,34.051134],[134.503108,34.051663],[134.503229,34.051775],[134.503324,34.051867],[134.503425,34.051954],[134.503578,34.052046],[134.50364,34.052096],[134.503824,34.052204],[134.50401,34.052268]]]},"properties":{"S_NAME":"名東町二丁目","HCODE":8101}},{"type":"Feature","geometry":{"type":"Polygon","coordinates":[[[134.502308,34.049487],[134.502101,34.050078],[134.50176,34.050912],[134.501663,34.051148],[134.501048,34.052558],[134.500194,34.054174],[134.499313,34.055539],[134.498559,34.056625],[134.498065,34.057479],[134.498023,34.057434],[134.497973,34.057398],[134.497867,34.057376],[134.4978,34.057395],[134.497773,34.057446],[134.497783,34.057519],[134.49762,34.057657],[134.497489,34.057861],[134.49738,34.057621],[134.497261,34.057509],[134.497154,34.057479],[134.496995,34.057458],[134.496379,34.057321],[134.496338,34.057319],[134.496031,34.057306],[134.495853,34.057283],[134.495623,34.057211],[134.495371,34.057188],[134.495205,34.057186],[134.494857,34.057183],[134.49464,34.057185],[134.494627,34.057185],[134.494111,34.057318],[134.49381,34.057555],[134.493983,34.057902],[134.494012,34.05824],[134.494134,34.05885],[134.494229,34.059589],[134.494243,34.059723],[134.493894,34.059797],[134.493536,34.059803],[134.493535,34.059803],[134.493525,34.059693],[134.493186,34.059707],[134.493128,34.059639],[134.493101,34.059465],[134.49308,34.059439],[134.492104,34.059509],[134.492117,34.059617],[134.492109,34.059807],[134.49209,34.059913],[134.492016,34.059988],[134.491909,34.060079],[134.491723,34.060185],[134.49161,34.060162],[134.491525,34.06023],[134.491386,34.060297],[134.491073,34.059954],[134.490713,34.059596],[134.490612,34.059249],[134.490649,34.059026],[134.49063,34.058867],[134.490607,34.058853],[134.490283,34.058914],[134.490238,34.05887],[134.49007,34.058396],[134.488261,34.058688],[134.487706,34.057457],[134.487635,34.056938],[134.487379,34.056299],[134.487244,34.055992],[134.487169,34.055822],[134.486967,34.055391],[134.486929,34.055308],[134.486638,34.054321],[134.486108,34.053081],[134.485873,34.052582],[134.485177,34.0511],[134.483891,34.048075],[134.485877,34.047626],[134.487725,34.047254],[134.488291,34.047184],[134.488462,34.047138],[134.490104,34.046396],[134.490087,34.046396],[134.492326,34.045611],[134.493053,34.045483],[134.495939,34.048286],[134.496341,34.048382],[134.499783,34.049076],[134.501608,34.049394],[134.502308,34.049487]]]},"properties":{"S_NAME":"名東町三丁目","HCODE":8101}},{"type":"Feature","geometry":{"type":"Polygon","coordinates":[[[134.499199,34.099509],[134.499702,34.099563],[134.500454,34.099647],[134.501159,34.099753],[134.501978,34.099876],[134.502823,34.099981],[134.503388,34.100036],[134.504228,34.10018],[134.504112,34.100383],[134.503498,34.101421],[134.503023,34.102023],[134.502766,34.102345],[134.502555,34.102519],[134.502099,34.102876],[134.501925,34.103041],[134.501683,34.103415],[134.501633,34.103506],[134.501519,34.103554],[134.501364,34.103576],[134.501096,34.103609],[134.50061,34.103652],[134.500196,34.103702],[134.499901,34.103726],[134.499652,34.103755],[134.498231,34.103538],[134.498272,34.103328],[134.498377,34.102995],[134.498504,34.102365],[134.498927,34.100671],[134.499169,34.099671],[134.499165,34.099654],[134.499199,34.099509]]]},"properties":{"S_NAME":"不動北町一丁目","HCODE":8101}},{"type":"Feature","geometry":{"type":"Polygon","coordinates":[[[134.499199,34.099509],[134.499165,34.099654],[134.499169,34.099671],[134.498927,34.100671],[134.498504,34.102365],[134.498377,34.102995],[134.498272,34.103328],[134.498231,34.103538],[134.499652,34.103755],[134.499352,34.105454],[134.499297,34.106188],[134.499264,34.106625],[134.499152,34.108163],[134.498809,34.108031],[134.49852,34.10794],[134.498294,34.107931],[134.498014,34.107911],[134.497859,34.107899],[134.497835,34.107897],[134.497199,34.107841],[134.497163,34.107836],[134.496627,34.107767],[134.496082,34.107675],[134.495476,34.107546],[134.495462,34.107543],[134.495446,34.10754],[134.494917,34.107441],[134.49374,34.107271],[134.493238,34.10719],[134.493195,34.107183],[134.493065,34.107171],[134.492419,34.107114],[134.491246,34.107013],[134.491238,34.107012],[134.491222,34.107011],[134.49078,34.106988],[134.489998,34.106948],[134.489343,34.106951],[134.48747,34.106867],[134.487363,34.103127],[134.487267,34.102808],[134.487275,34.10239],[134.487137,34.101874],[134.487238,34.101455],[134.488116,34.101135],[134.4882,34.101104],[134.488449,34.100942],[134.488623,34.100828],[134.489234,34.100469],[134.490089,34.100291],[134.490343,34.100204],[134.4905,34.100099],[134.490735,34.099853],[134.490996,34.09951],[134.491224,34.099206],[134.491301,34.099007],[134.491217,34.098972],[134.491298,34.098734],[134.491432,34.098333],[134.491977,34.098457],[134.492448,34.098559],[134.49312,34.098672],[134.493649,34.098735],[134.494502,34.098856],[134.496526,34.099135],[134.496893,34.099192],[134.498733,34.099459],[134.499199,34.099509]]]},"properties":{"S_NAME":"不動北町二丁目","HCODE":8101}},{"type":"Feature","geometry":{"type":"Polygon","coordinates":[[[134.506787,34.093507],[134.506736,34.093545],[134.506635,34.093542],[134.505804,34.093363],[134.50527,34.093342],[134.504454,34.093263],[134.504437,34.093406],[134.504358,34.094179],[134.504304,34.094475],[134.504265,34.094605],[134.504187,34.094945],[134.504057,34.095676],[134.501732,34.096758],[134.501548,34.096709],[134.500963,34.096627],[134.500027,34.096546],[134.500129,34.096027],[134.499283,34.095918],[134.499086,34.095914],[134.499158,34.095408],[134.49926,34.094804],[134.499474,34.093973],[134.498234,34.093873],[134.498455,34.093612],[134.498583,34.093498],[134.498711,34.093407],[134.498832,34.093361],[134.498954,34.093321],[134.499137,34.093319],[134.499439,34.093326],[134.499498,34.092504],[134.49941,34.092378],[134.499182,34.092029],[134.49901,34.091692],[134.498942,34.091557],[134.498671,34.09093],[134.498505,34.09028],[134.499326,34.090062],[134.49963,34.089933],[134.499818,34.089885],[134.500005,34.089867],[134.500241,34.089782],[134.500818,34.089583],[134.501114,34.089499],[134.502234,34.088763],[134.50226,34.088745],[134.502243,34.088688],[134.502083,34.088568],[134.501516,34.088137],[134.500399,34.087389],[134.500371,34.087397],[134.500041,34.087555],[134.500003,34.087559],[134.499333,34.086635],[134.499304,34.086175],[134.499619,34.086131],[134.499638,34.086041],[134.499746,34.086023],[134.501319,34.085956],[134.501867,34.085908],[134.501938,34.08603],[134.502418,34.085788],[134.503119,34.085774],[134.503876,34.085489],[134.504379,34.086015],[134.505094,34.086762],[134.506185,34.087903],[134.506954,34.088868],[134.507842,34.089318],[134.508832,34.089755],[134.508122,34.090724],[134.508062,34.090822],[134.507974,34.090958],[134.507613,34.091518],[134.507306,34.092239],[134.506945,34.09313],[134.506787,34.093507]]]},"properties":{"S_NAME":"不動西町一丁目","HCODE":8101}},{"type":"Feature","geometry":{"type":"Polygon","coordinates":[[[134.499304,34.086175],[134.499333,34.086635],[134.500003,34.087559],[134.500041,34.087555],[134.500371,34.087397],[134.500399,34.087389],[134.501516,34.088137],[134.502083,34.088568],[134.502243,34.088688],[134.50226,34.088745],[134.502234,34.088763],[134.501114,34.089499],[134.500818,34.089583],[134.500241,34.089782],[134.500005,34.089867],[134.499818,34.089885],[134.49963,34.089933],[134.499326,34.090062],[134.498505,34.09028],[134.498671,34.09093],[134.498942,34.091557],[134.49901,34.091692],[134.499182,34.092029],[134.49941,34.092378],[134.499498,34.092504],[134.499439,34.093326],[134.499137,34.093319],[134.498954,34.093321],[134.498832,34.093361],[134.498711,34.093407],[134.498583,34.093498],[134.498455,34.093612],[134.498234,34.093873],[134.497949,34.094144],[134.497848,34.094201],[134.497679,34.09427],[134.497342,34.094397],[134.497011,34.094512],[134.496571,34.094662],[134.496179,34.09479],[134.495889,34.094927],[134.495593,34.095161],[134.494922,34.094351],[134.494763,34.094099],[134.494432,34.0936],[134.493309,34.092079],[134.492759,34.092404],[134.49253,34.092066],[134.492464,34.091887],[134.492411,34.091763],[134.492355,34.091589],[134.492303,34.091496],[134.492057,34.091146],[134.491869,34.090916],[134.491768,34.09084],[134.49161,34.090672],[134.491467,34.090493],[134.491344,34.090313],[134.491259,34.090206],[134.49115,34.090123],[134.490983,34.090022],[134.491203,34.089697],[134.491269,34.08968],[134.491347,34.089624],[134.491583,34.089469],[134.491686,34.089364],[134.491979,34.089212],[134.492255,34.089086],[134.492459,34.088942],[134.492679,34.088741],[134.492958,34.088482],[134.4932,34.088306],[134.493357,34.088187],[134.493451,34.088165],[134.493549,34.088143],[134.493617,34.088096],[134.493613,34.08792],[134.493676,34.087795],[134.493811,34.087677],[134.494092,34.087514],[134.494536,34.087271],[134.494885,34.087115],[134.495636,34.086899],[134.495956,34.086857],[134.496215,34.086871],[134.496454,34.086812],[134.496719,34.086807],[134.496839,34.086767],[134.497031,34.086687],[134.497159,34.086661],[134.497371,34.086488],[134.497651,34.086378],[134.49781,34.086365],[134.498007,34.086423],[134.498259,34.086282],[134.498762,34.086302],[134.499304,34.086175]]]},"properties":{"S_NAME":"不動西町三丁目","HCODE":8101}},{"type":"Feature","geometry":{"type":"Polygon","coordinates":[[[134.509609,34.098549],[134.510009,34.098732],[134.50977,34.099012],[134.509777,34.099069],[134.509796,34.099122],[134.509787,34.099148],[134.509175,34.099394],[134.5084,34.099637],[134.50832,34.099526],[134.508264,34.099472],[134.508234,34.099466],[134.508193,34.099479],[134.507794,34.099648],[134.507697,34.099704],[134.507459,34.09985],[134.507224,34.099986],[134.50702,34.100165],[134.50687,34.100129],[134.506724,34.100114],[134.506419,34.100117],[134.506318,34.100123],[134.505706,34.100257],[134.505244,34.10042],[134.505152,34.100439],[134.504985,34.100431],[134.504807,34.100379],[134.504456,34.10026],[134.504228,34.10018],[134.503388,34.100036],[134.502823,34.099981],[134.501978,34.099876],[134.501159,34.099753],[134.500454,34.099647],[134.499702,34.099563],[134.499199,34.099509],[134.498733,34.099459],[134.496893,34.099192],[134.496526,34.099135],[134.494502,34.098856],[134.493649,34.098735],[134.49312,34.098672],[134.492448,34.098559],[134.491977,34.098457],[134.492018,34.098306],[134.492104,34.098132],[134.49213,34.098049],[134.492159,34.097952],[134.492167,34.097712],[134.492103,34.097502],[134.491977,34.097212],[134.491886,34.09701],[134.491686,34.096673],[134.491507,34.096511],[134.491459,34.096472],[134.491364,34.096416],[134.491309,34.096377],[134.491193,34.096316],[134.491135,34.09629],[134.49094,34.096126],[134.490899,34.096087],[134.490681,34.095798],[134.49055,34.095551],[134.490348,34.095164],[134.490278,34.094955],[134.490251,34.094878],[134.490155,34.094555],[134.490082,34.094279],[134.489965,34.093863],[134.489894,34.093159],[134.489901,34.092611],[134.489925,34.092087],[134.490097,34.091586],[134.49039,34.090994],[134.49068,34.090416],[134.490983,34.090022],[134.49115,34.090123],[134.491259,34.090206],[134.491344,34.090313],[134.491467,34.090493],[134.49161,34.090672],[134.491768,34.09084],[134.491869,34.090916],[134.492057,34.091146],[134.492303,34.091496],[134.492355,34.091589],[134.492411,34.091763],[134.492464,34.091887],[134.49253,34.092066],[134.492759,34.092404],[134.493309,34.092079],[134.494432,34.0936],[134.494763,34.094099],[134.494922,34.094351],[134.495593,34.095161],[134.495889,34.094927],[134.496179,34.09479],[134.496571,34.094662],[134.497011,34.094512],[134.497342,34.094397],[134.497679,34.09427],[134.497848,34.094201],[134.497949,34.094144],[134.498234,34.093873],[134.499474,34.093973],[134.49926,34.094804],[134.499158,34.095408],[134.499086,34.095914],[134.499283,34.095918],[134.500129,34.096027],[134.500027,34.096546],[134.500963,34.096627],[134.501548,34.096709],[134.501732,34.096758],[134.501935,34.096809],[134.502155,34.096874],[134.502332,34.096939],[134.502428,34.097036],[134.502603,34.097071],[134.502791,34.097118],[134.503175,34.097192],[134.50402,34.097345],[134.504238,34.097404],[134.504451,34.097452],[134.504729,34.097511],[134.504845,34.097528],[134.504986,34.097548],[134.50519,34.097564],[134.505218,34.097574],[134.505252,34.097585],[134.50531,34.097613],[134.50536,34.097619],[134.506476,34.097615],[134.506529,34.097603],[134.506589,34.097585],[134.506662,34.097572],[134.506712,34.097567],[134.507142,34.097594],[134.507176,34.097602],[134.507274,34.097628],[134.507328,34.097646],[134.507739,34.097801],[134.507871,34.097843],[134.508032,34.097904],[134.508141,34.097948],[134.508206,34.097975],[134.508285,34.098052],[134.50837,34.098124],[134.508482,34.098201],[134.508508,34.098225],[134.508563,34.098288],[134.508663,34.09834],[134.508868,34.098421],[134.509013,34.098457],[134.509181,34.098543],[134.509263,34.098587],[134.509476,34.098735],[134.509609,34.098549]]]},"properties":{"S_NAME":"不動西町四丁目","HCODE":8101}},{"type":"Feature","geometry":{"type":"Polygon","coordinates":[[[134.510445,34.0905],[134.510693,34.090586],[134.510968,34.0907],[134.511696,34.091002],[134.511991,34.091079],[134.512303,34.09116],[134.512457,34.091222],[134.512596,34.091279],[134.512016,34.092712],[134.511866,34.092804],[134.511688,34.092983],[134.511486,34.093142],[134.511321,34.093238],[134.511181,34.093377],[134.51019,34.092913],[134.509432,34.092528],[134.509578,34.091576],[134.510445,34.0905]]]},"properties":{"S_NAME":"不動東町一丁目","HCODE":8101}},{"type":"Feature","geometry":{"type":"Polygon","coordinates":[[[134.509495,34.093239],[134.509505,34.093684],[134.509732,34.093702],[134.509716,34.09395],[134.509901,34.093957],[134.509902,34.09425],[134.509608,34.094182],[134.509368,34.094115],[134.509432,34.093925],[134.509251,34.093837],[134.508888,34.09367],[134.509148,34.093211],[134.509495,34.093239]]]},"properties":{"S_NAME":"不動東町一丁目","HCODE":8101}},{"type":"Feature","geometry":{"type":"Polygon","coordinates":[[[134.513423,34.091514],[134.5127,34.093232],[134.512549,34.093681],[134.512533,34.09377],[134.512532,34.094022],[134.512411,34.094708],[134.511931,34.094702],[134.511713,34.094696],[134.511527,34.094642],[134.5112,34.09457],[134.510591,34.094426],[134.510525,34.094407],[134.510217,34.094325],[134.509902,34.09425],[134.509901,34.093957],[134.509716,34.09395],[134.509732,34.093702],[134.509505,34.093684],[134.509495,34.093239],[134.509665,34.093261],[134.509906,34.093196],[134.510078,34.093079],[134.510191,34.093039],[134.51019,34.092913],[134.511181,34.093377],[134.511321,34.093238],[134.511486,34.093142],[134.511688,34.092983],[134.511866,34.092804],[134.512016,34.092712],[134.512596,34.091279],[134.513009,34.091394],[134.513423,34.091514]]]},"properties":{"S_NAME":"不動東町二丁目","HCODE":8101}},{"type":"Feature","geometry":{"type":"Polygon","coordinates":[[[134.516543,34.094923],[134.516429,34.0949],[134.516282,34.094896],[134.516054,34.094858],[134.515971,34.094847],[134.515871,34.09484],[134.515334,34.094765],[134.51476,34.094695],[134.514695,34.094985],[134.514585,34.094986],[134.514213,34.09497],[134.513516,34.094929],[134.51335,34.094907],[134.512956,34.094859],[134.512922,34.0948],[134.512375,34.094798],[134.512411,34.094708],[134.512532,34.094022],[134.512533,34.09377],[134.512549,34.093681],[134.5127,34.093232],[134.513423,34.091514],[134.513715,34.0916],[134.516029,34.092221],[134.517117,34.092513],[134.516745,34.093708],[134.516543,34.094923]]]},"properties":{"S_NAME":"不動東町三丁目","HCODE":8101}},{"type":"Feature","geometry":{"type":"Polygon","coordinates":[[[134.517608,34.103106],[134.516349,34.103247],[134.515675,34.103393],[134.514695,34.103703],[134.513746,34.104066],[134.512558,34.104611],[134.511168,34.105329],[134.509271,34.106288],[134.508423,34.106625],[134.50792,34.106825],[134.506578,34.107206],[134.505254,34.107497],[134.502805,34.107938],[134.501169,34.108268],[134.500982,34.108289],[134.500571,34.108301],[134.499953,34.108283],[134.499403,34.108235],[134.499152,34.108163],[134.499264,34.106625],[134.499297,34.106188],[134.499352,34.105454],[134.499652,34.103755],[134.499901,34.103726],[134.500196,34.103702],[134.50061,34.103652],[134.501096,34.103609],[134.501364,34.103576],[134.501519,34.103554],[134.501633,34.103506],[134.501683,34.103415],[134.501925,34.103041],[134.502099,34.102876],[134.502555,34.102519],[134.502766,34.102345],[134.503023,34.102023],[134.503498,34.101421],[134.504112,34.100383],[134.504228,34.10018],[134.504456,34.10026],[134.504807,34.100379],[134.504985,34.100431],[134.505152,34.100439],[134.505244,34.10042],[134.505706,34.100257],[134.506318,34.100123],[134.506419,34.100117],[134.506724,34.100114],[134.50687,34.100129],[134.50702,34.100165],[134.507224,34.099986],[134.507459,34.09985],[134.507697,34.099704],[134.507794,34.099648],[134.508193,34.099479],[134.508234,34.099466],[134.508264,34.099472],[134.50832,34.099526],[134.5084,34.099637],[134.509175,34.099394],[134.509787,34.099148],[134.509796,34.099122],[134.509777,34.099069],[134.50977,34.099012],[134.510009,34.098732],[134.509609,34.098549],[134.509823,34.098251],[134.510202,34.097592],[134.510281,34.097384],[134.510296,34.097333],[134.510308,34.097071],[134.510318,34.097062],[134.510368,34.09702],[134.510347,34.096111],[134.508803,34.095978],[134.50886,34.095821],[134.508932,34.095444],[134.508952,34.095005],[134.508992,34.094031],[134.509368,34.094115],[134.509608,34.094182],[134.509902,34.09425],[134.510217,34.094325],[134.510525,34.094407],[134.510591,34.094426],[134.5112,34.09457],[134.511527,34.094642],[134.511713,34.094696],[134.511931,34.094702],[134.512411,34.094708],[134.512375,34.094798],[134.512922,34.0948],[134.512956,34.094859],[134.51335,34.094907],[134.513516,34.094929],[134.514213,34.09497],[134.514585,34.094986],[134.514695,34.094985],[134.51476,34.094695],[134.515334,34.094765],[134.515871,34.09484],[134.515971,34.094847],[134.516054,34.094858],[134.516282,34.094896],[134.516429,34.0949],[134.516543,34.094923],[134.516576,34.094929],[134.516718,34.094941],[134.51688,34.095007],[134.51703,34.095073],[134.517047,34.095096],[134.51687,34.095945],[134.516871,34.095983],[134.516918,34.096002],[134.51812,34.096238],[134.517766,34.098421],[134.517678,34.099309],[134.517663,34.099686],[134.517605,34.099776],[134.517375,34.099922],[134.517346,34.099946],[134.517608,34.103106]]]},"properties":{"S_NAME":"不動東町四丁目","HCODE":8101}},{"type":"Feature","geometry":{"type":"Polygon","coordinates":[[[134.518222,34.103088],[134.517608,34.103106],[134.517346,34.099946],[134.517375,34.099922],[134.517605,34.099776],[134.517663,34.099686],[134.517678,34.099309],[134.517766,34.098421],[134.51812,34.096238],[134.516918,34.096002],[134.516871,34.095983],[134.51687,34.095945],[134.517047,34.095096],[134.51703,34.095073],[134.51688,34.095007],[134.516718,34.094941],[134.516576,34.094929],[134.516543,34.094923],[134.516745,34.093708],[134.517117,34.092513],[134.518414,34.092611],[134.518836,34.092642],[134.519206,34.092707],[134.520617,34.09299],[134.521458,34.093248],[134.521768,34.093382],[134.522036,34.09344],[134.522601,34.093478],[134.523013,34.093574],[134.523372,34.09367],[134.523703,34.093751],[134.524034,34.093855],[134.52431,34.093975],[134.524743,34.094146],[134.525177,34.094379],[134.525363,34.094452],[134.525745,34.094612],[134.525861,34.094668],[134.52638,34.094755],[134.526891,34.094949],[134.527361,34.095178],[134.527887,34.095455],[134.528181,34.095582],[134.528561,34.095714],[134.528872,34.09582],[134.529161,34.095909],[134.529474,34.096013],[134.530261,34.096244],[134.530657,34.096322],[134.531108,34.096382],[134.531536,34.096415],[134.531887,34.096439],[134.532591,34.096433],[134.533449,34.096381],[134.534109,34.096365],[134.534796,34.096305],[134.535438,34.096199],[134.535868,34.096096],[134.536537,34.095931],[134.536939,34.0958],[134.53766,34.095603],[134.538076,34.095485],[134.538647,34.095351],[134.539194,34.095261],[134.539594,34.095217],[134.541115,34.095182],[134.542013,34.095161],[134.543086,34.097573],[134.541677,34.098402],[134.540675,34.098819],[134.536144,34.100385],[134.535815,34.100429],[134.535253,34.100542],[134.534605,34.100673],[134.533915,34.100859],[134.533548,34.100988],[134.533074,34.101226],[134.532061,34.101797],[134.531623,34.101977],[134.530463,34.102315],[134.529574,34.102519],[134.528939,34.102616],[134.528592,34.102727],[134.527852,34.10281],[134.525104,34.102891],[134.522986,34.102956],[134.518222,34.103088]]]},"properties":{"S_NAME":"不動東町五丁目","HCODE":8101}},{"type":"Feature","geometry":{"type":"Polygon","coordinates":[[[134.509495,34.093239],[134.509148,34.093211],[134.508888,34.09367],[134.509251,34.093837],[134.509432,34.093925],[134.509368,34.094115],[134.508992,34.094031],[134.507823,34.093737],[134.507575,34.093598],[134.507403,34.093489],[134.50712,34.093268],[134.506787,34.093507],[134.506945,34.09313],[134.507306,34.092239],[134.507613,34.091518],[134.507974,34.090958],[134.508062,34.090822],[134.508122,34.090724],[134.508832,34.089755],[134.509646,34.090085],[134.510445,34.0905],[134.509578,34.091576],[134.509432,34.092528],[134.51019,34.092913],[134.510191,34.093039],[134.510078,34.093079],[134.509906,34.093196],[134.509665,34.093261],[134.509495,34.093239]]]},"properties":{"S_NAME":"不動本町一丁目","HCODE":8101}},{"type":"Feature","geometry":{"type":"Polygon","coordinates":[[[134.508992,34.094031],[134.508952,34.095005],[134.508932,34.095444],[134.50886,34.095821],[134.508803,34.095978],[134.510347,34.096111],[134.510368,34.09702],[134.510318,34.097062],[134.510308,34.097071],[134.510296,34.097333],[134.510281,34.097384],[134.510202,34.097592],[134.509823,34.098251],[134.509609,34.098549],[134.509476,34.098735],[134.509263,34.098587],[134.509181,34.098543],[134.509013,34.098457],[134.508868,34.098421],[134.508663,34.09834],[134.508563,34.098288],[134.508508,34.098225],[134.508482,34.098201],[134.50837,34.098124],[134.508285,34.098052],[134.508206,34.097975],[134.508141,34.097948],[134.508032,34.097904],[134.507871,34.097843],[134.507739,34.097801],[134.507328,34.097646],[134.507274,34.097628],[134.507176,34.097602],[134.507142,34.097594],[134.506712,34.097567],[134.506662,34.097572],[134.506589,34.097585],[134.506529,34.097603],[134.506476,34.097615],[134.50536,34.097619],[134.50531,34.097613],[134.505252,34.097585],[134.505218,34.097574],[134.50519,34.097564],[134.504986,34.097548],[134.504845,34.097528],[134.504729,34.097511],[134.504451,34.097452],[134.504238,34.097404],[134.50402,34.097345],[134.503175,34.097192],[134.502791,34.097118],[134.502603,34.097071],[134.502428,34.097036],[134.502332,34.096939],[134.502155,34.096874],[134.501935,34.096809],[134.501732,34.096758],[134.504057,34.095676],[134.504187,34.094945],[134.504265,34.094605],[134.504304,34.094475],[134.504358,34.094179],[134.504437,34.093406],[134.504454,34.093263],[134.50527,34.093342],[134.505804,34.093363],[134.506635,34.093542],[134.506736,34.093545],[134.506787,34.093507],[134.50712,34.093268],[134.507403,34.093489],[134.507575,34.093598],[134.507823,34.093737],[134.508992,34.094031]]]},"properties":{"S_NAME":"不動本町二丁目","HCODE":8101}},{"type":"Feature","geometry":{"type":"Polygon","coordinates":[[[134.533915,34.100859],[134.536188,34.107271],[134.536119,34.107386],[134.535787,34.107788],[134.535453,34.10807],[134.535365,34.108189],[134.535344,34.108295],[134.535322,34.108364],[134.535335,34.109126],[134.535321,34.109207],[134.535155,34.109688],[134.535126,34.109812],[134.535186,34.11012],[134.535177,34.110618],[134.535083,34.110842],[134.534949,34.110931],[134.534452,34.110994],[134.534258,34.111052],[134.533271,34.111197],[134.533025,34.111211],[134.532985,34.110748],[134.532846,34.109695],[134.532524,34.107505],[134.531623,34.101977],[134.532061,34.101797],[134.533074,34.101226],[134.533548,34.100988],[134.533915,34.100859]]]},"properties":{"S_NAME":"応神町中原字宮ノ東","HCODE":8101}},{"type":"Feature","geometry":{"type":"Polygon","coordinates":[[[134.528959,34.110129],[134.528783,34.110061],[134.528622,34.109962],[134.528538,34.109943],[134.528462,34.10995],[134.528175,34.110073],[134.528091,34.110092],[134.527753,34.110099],[134.527692,34.110112],[134.527693,34.110213],[134.527663,34.110238],[134.527336,34.110216],[134.526726,34.110132],[134.526437,34.110103],[134.526246,34.110061],[134.526156,34.109985],[134.526119,34.109973],[134.525973,34.110209],[134.525936,34.11029],[134.525641,34.109777],[134.525466,34.109229],[134.525397,34.108481],[134.525323,34.107342],[134.525256,34.105764],[134.525104,34.102891],[134.527852,34.10281],[134.528592,34.102727],[134.528983,34.107327],[134.528945,34.108146],[134.528696,34.108488],[134.528959,34.110129]]]},"properties":{"S_NAME":"応神町中原字七軒原","HCODE":8101}},{"type":"Feature","geometry":{"type":"Polygon","coordinates":[[[134.538185,34.113691],[134.538186,34.113692],[134.538471,34.114066],[134.538833,34.114639],[134.537911,34.115368],[134.536339,34.113787],[134.536284,34.113733],[134.536157,34.113633],[134.536026,34.113639],[134.535421,34.11373],[134.535268,34.113747],[134.535125,34.113679],[134.535041,34.113587],[134.534833,34.113047],[134.534779,34.112967],[134.534719,34.112924],[134.534269,34.112903],[134.534157,34.112897],[134.534119,34.112854],[134.534056,34.111959],[134.533995,34.111916],[134.533808,34.111923],[134.532597,34.112039],[134.532566,34.111663],[134.532637,34.111345],[134.532696,34.111264],[134.532927,34.111225],[134.533025,34.111211],[134.533271,34.111197],[134.534258,34.111052],[134.534452,34.110994],[134.534949,34.110931],[134.535083,34.110842],[134.535177,34.110618],[134.535186,34.11012],[134.535126,34.109812],[134.535155,34.109688],[134.535321,34.109207],[134.535335,34.109126],[134.535322,34.108364],[134.535344,34.108295],[134.535365,34.108189],[134.535453,34.10807],[134.535787,34.107788],[134.536119,34.107386],[134.536188,34.107271],[134.533915,34.100859],[134.534605,34.100673],[134.535253,34.100542],[134.535815,34.100429],[134.53751,34.104566],[134.538299,34.106316],[134.537998,34.106856],[134.537977,34.107063],[134.537993,34.107346],[134.537769,34.107449],[134.537685,34.107515],[134.537619,34.107652],[134.537609,34.10821],[134.537525,34.108218],[134.537421,34.108237],[134.537346,34.108269],[134.537002,34.108322],[134.536936,34.109],[134.536909,34.10925],[134.536949,34.109461],[134.536981,34.109672],[134.537462,34.109509],[134.537844,34.109463],[134.538548,34.109525],[134.539042,34.109593],[134.540253,34.109736],[134.540679,34.109696],[134.540771,34.109686],[134.540811,34.109834],[134.540884,34.110044],[134.540985,34.110389],[134.540975,34.110448],[134.540879,34.110588],[134.540886,34.11065],[134.540924,34.110692],[134.541034,34.11079],[134.541295,34.110975],[134.541773,34.111458],[134.54093,34.111889],[134.539844,34.112336],[134.538679,34.113131],[134.538115,34.113592],[134.538185,34.113691]]]},"properties":{"S_NAME":"応神町中原字中原","HCODE":8101}},{"type":"Feature","geometry":{"type":"Polygon","coordinates":[[[134.52023,34.123717],[134.520195,34.123999],[134.520107,34.124049],[134.51997,34.124021],[134.519271,34.123681],[134.51923,34.123716],[134.518769,34.123355],[134.518432,34.122978],[134.517758,34.123245],[134.517687,34.123251],[134.517591,34.12327],[134.517379,34.123312],[134.517311,34.12334],[134.517252,34.123375],[134.5171,34.123507],[134.517017,34.123579],[134.516952,34.123605],[134.516101,34.123937],[134.515908,34.124009],[134.515805,34.124048],[134.515557,34.123541],[134.515544,34.123513],[134.515239,34.122881],[134.515218,34.122837],[134.514808,34.122122],[134.51355,34.120438],[134.51312,34.120627],[134.512738,34.120795],[134.512715,34.120811],[134.512538,34.120935],[134.51235,34.121044],[134.512213,34.121105],[134.512046,34.121144],[134.511957,34.121146],[134.511798,34.121181],[134.511798,34.121133],[134.511797,34.120978],[134.511768,34.120584],[134.511622,34.119982],[134.511147,34.120014],[134.510542,34.120093],[134.510021,34.120206],[134.50951,34.120363],[134.509296,34.120429],[134.509646,34.120269],[134.510159,34.120057],[134.510694,34.119746],[134.511089,34.119467],[134.511313,34.119221],[134.511584,34.118952],[134.511938,34.11843],[134.512086,34.118161],[134.512187,34.117861],[134.512275,34.117349],[134.512307,34.116456],[134.512313,34.116197],[134.512217,34.11569],[134.512119,34.115376],[134.512119,34.115334],[134.512219,34.115309],[134.512519,34.115221],[134.513089,34.115052],[134.513591,34.114908],[134.514103,34.114756],[134.514634,34.114604],[134.515173,34.114449],[134.515884,34.114287],[134.516264,34.116552],[134.516308,34.116889],[134.516323,34.117153],[134.516305,34.117596],[134.516306,34.117596],[134.517281,34.11755],[134.519197,34.117372],[134.519489,34.118218],[134.519657,34.118948],[134.519837,34.119789],[134.51995,34.121131],[134.52004,34.121779],[134.52015,34.122304],[134.520261,34.123088],[134.520238,34.123548],[134.52023,34.123717]]]},"properties":{"S_NAME":"応神町西貞方字小島","HCODE":8101}},{"type":"Feature","geometry":{"type":"Polygon","coordinates":[[[134.512119,34.115334],[134.512119,34.115376],[134.512217,34.11569],[134.512313,34.116197],[134.512307,34.116456],[134.512275,34.117349],[134.512187,34.117861],[134.512086,34.118161],[134.511938,34.11843],[134.511584,34.118952],[134.511313,34.119221],[134.511089,34.119467],[134.510694,34.119746],[134.510159,34.120057],[134.509646,34.120269],[134.509296,34.120429],[134.509149,34.120475],[134.508717,34.119747],[134.508298,34.118931],[134.508213,34.11873],[134.508178,34.118702],[134.508071,34.11869],[134.507596,34.118713],[134.50673,34.118676],[134.506317,34.118544],[134.506274,34.118531],[134.50609,34.118463],[134.505965,34.118417],[134.505703,34.117359],[134.50524,34.115743],[134.504893,34.11453],[134.504639,34.113817],[134.504638,34.11374],[134.504694,34.113623],[134.504746,34.113607],[134.504724,34.113551],[134.504664,34.113609],[134.504583,34.113377],[134.504983,34.113315],[134.504956,34.113206],[134.505001,34.113197],[134.505007,34.113195],[134.505394,34.113116],[134.5057,34.113054],[134.505708,34.113028],[134.505668,34.112937],[134.505631,34.11283],[134.505595,34.112724],[134.505546,34.112533],[134.505424,34.112056],[134.505396,34.111931],[134.505036,34.11046],[134.505032,34.109882],[134.505254,34.107497],[134.506578,34.107206],[134.50792,34.106825],[134.508423,34.106625],[134.509306,34.109833],[134.509641,34.110605],[134.509733,34.110705],[134.509901,34.110867],[134.510261,34.111172],[134.510666,34.111465],[134.510857,34.111596],[134.511147,34.111813],[134.511386,34.112216],[134.511551,34.112561],[134.511707,34.112984],[134.511777,34.113298],[134.511794,34.113483],[134.511792,34.114518],[134.511793,34.114596],[134.51188,34.114753],[134.512118,34.115313],[134.512119,34.115334]]]},"properties":{"S_NAME":"応神町西貞方字中園","HCODE":8101}},{"type":"Feature","geometry":{"type":"Polygon","coordinates":[[[134.515884,34.114287],[134.515173,34.114449],[134.514634,34.114604],[134.514103,34.114756],[134.513591,34.114908],[134.513089,34.115052],[134.512519,34.115221],[134.512219,34.115309],[134.512119,34.115334],[134.512118,34.115313],[134.51188,34.114753],[134.511793,34.114596],[134.511792,34.114518],[134.511794,34.113483],[134.511777,34.113298],[134.511707,34.112984],[134.511551,34.112561],[134.511386,34.112216],[134.511147,34.111813],[134.510857,34.111596],[134.510666,34.111465],[134.510261,34.111172],[134.509901,34.110867],[134.509733,34.110705],[134.509641,34.110605],[134.509306,34.109833],[134.508423,34.106625],[134.509271,34.106288],[134.511168,34.105329],[134.512558,34.104611],[134.513746,34.104066],[134.514695,34.103703],[134.515675,34.103393],[134.516349,34.103247],[134.517608,34.103106],[134.518222,34.103088],[134.517896,34.107585],[134.517703,34.108961],[134.517664,34.109061],[134.517232,34.109617],[134.516949,34.110176],[134.516859,34.110431],[134.516689,34.110731],[134.516391,34.111186],[134.516115,34.111339],[134.515417,34.111604],[134.515884,34.114287]]]},"properties":{"S_NAME":"応神町西貞方字鷹ノ橋","HCODE":8101}},{"type":"Feature","geometry":{"type":"Polygon","coordinates":[[[134.519083,34.110674],[134.518874,34.110888],[134.518741,34.111025],[134.518488,34.111395],[134.518277,34.111728],[134.517903,34.111557],[134.5175,34.111304],[134.517484,34.111268],[134.516689,34.110731],[134.516859,34.110431],[134.516949,34.110176],[134.517232,34.109617],[134.517664,34.109061],[134.517703,34.108961],[134.517896,34.107585],[134.518222,34.103088],[134.522986,34.102956],[134.521183,34.108421],[134.521005,34.108622],[134.520247,34.109558],[134.51982,34.110031],[134.519083,34.110674]]]},"properties":{"S_NAME":"応神町東貞方字中筋","HCODE":8101}},{"type":"Feature","geometry":{"type":"Polygon","coordinates":[[[134.525103,34.112273],[134.524347,34.112326],[134.523832,34.112222],[134.523297,34.11204],[134.523052,34.111887],[134.522902,34.111841],[134.522575,34.112613],[134.521632,34.112405],[134.521502,34.112382],[134.521408,34.112352],[134.521145,34.112171],[134.520874,34.112022],[134.519822,34.11116],[134.519484,34.110909],[134.519083,34.110674],[134.51982,34.110031],[134.520247,34.109558],[134.521005,34.108622],[134.521183,34.108421],[134.522986,34.102956],[134.525104,34.102891],[134.525256,34.105764],[134.525323,34.107342],[134.525397,34.108481],[134.525466,34.109229],[134.525641,34.109777],[134.525936,34.11029],[134.525755,34.110706],[134.525545,34.111153],[134.525103,34.112273]]]},"properties":{"S_NAME":"応神町東貞方字南川淵","HCODE":8101}},{"type":"Feature","geometry":{"type":"Polygon","coordinates":[[[134.52015,34.122304],[134.52004,34.121779],[134.51995,34.121131],[134.519837,34.119789],[134.519657,34.118948],[134.520717,34.119077],[134.521273,34.12057],[134.521588,34.121017],[134.521669,34.120982],[134.521902,34.1209],[134.522266,34.120762],[134.522626,34.120661],[134.522895,34.12063],[134.523495,34.120574],[134.524044,34.120569],[134.524122,34.120562],[134.524135,34.12075],[134.524125,34.120788],[134.524095,34.12081],[134.524052,34.120827],[134.523839,34.120871],[134.523959,34.121124],[134.524151,34.121393],[134.524424,34.121724],[134.524415,34.121775],[134.523574,34.122052],[134.523172,34.122085],[134.522745,34.122076],[134.522515,34.122015],[134.522372,34.121931],[134.522146,34.12176],[134.522023,34.121634],[134.521495,34.122016],[134.521284,34.121782],[134.520978,34.121952],[134.520926,34.1219],[134.520489,34.122176],[134.520419,34.122135],[134.52015,34.122304]]]},"properties":{"S_NAME":"応神町東貞方字北野","HCODE":8101}},{"type":"Feature","geometry":{"type":"Polygon","coordinates":[[[134.525103,34.112273],[134.525039,34.112413],[134.524995,34.112616],[134.524983,34.113136],[134.524884,34.113432],[134.524744,34.113703],[134.524589,34.114019],[134.524367,34.114337],[134.523917,34.114851],[134.523269,34.115292],[134.523199,34.115335],[134.522761,34.115628],[134.522259,34.115869],[134.522022,34.115956],[134.521502,34.116228],[134.521421,34.116256],[134.521214,34.116372],[134.520967,34.116615],[134.520731,34.116866],[134.520626,34.116968],[134.520493,34.116974],[134.520347,34.11703],[134.520216,34.117137],[134.520166,34.117192],[134.519985,34.117221],[134.519197,34.117372],[134.517281,34.11755],[134.516306,34.117596],[134.516305,34.117596],[134.516323,34.117153],[134.516308,34.116889],[134.516264,34.116552],[134.515884,34.114287],[134.515417,34.111604],[134.516115,34.111339],[134.516391,34.111186],[134.516689,34.110731],[134.517484,34.111268],[134.5175,34.111304],[134.517903,34.111557],[134.518277,34.111728],[134.518488,34.111395],[134.518741,34.111025],[134.518874,34.110888],[134.519083,34.110674],[134.519484,34.110909],[134.519822,34.11116],[134.520874,34.112022],[134.521145,34.112171],[134.521408,34.112352],[134.521502,34.112382],[134.521632,34.112405],[134.522575,34.112613],[134.522902,34.111841],[134.523052,34.111887],[134.523297,34.11204],[134.523832,34.112222],[134.524347,34.112326],[134.525103,34.112273]]]},"properties":{"S_NAME":"応神町東貞方字貞光","HCODE":8101}},{"type":"Feature","geometry":{"type":"Polygon","coordinates":[[[134.543666,34.104297],[134.543924,34.104383],[134.544014,34.104388],[134.544203,34.104349],[134.544252,34.104352],[134.544332,34.104433],[134.544461,34.104457],[134.544986,34.104484],[134.54507,34.104499],[134.545146,34.104542],[134.545264,34.104629],[134.545374,34.104672],[134.545787,34.10475],[134.545826,34.105605],[134.545866,34.105812],[134.545878,34.105903],[134.545874,34.106167],[134.546535,34.10626],[134.546548,34.106604],[134.546567,34.106927],[134.546528,34.107106],[134.546535,34.107519],[134.546466,34.10806],[134.546438,34.108195],[134.546403,34.10845],[134.546089,34.108437],[134.545073,34.108455],[134.544524,34.108337],[134.544099,34.108243],[134.543723,34.108134],[134.54283,34.107911],[134.542952,34.107487],[134.543277,34.104665],[134.543328,34.104538],[134.543666,34.104297]]]},"properties":{"S_NAME":"応神町古川字東中道","HCODE":8101}},{"type":"Feature","geometry":{"type":"Polygon","coordinates":[[[134.559477,34.104609],[134.559445,34.10464],[134.559271,34.104696],[134.559047,34.104733],[134.558926,34.104744],[134.558831,34.104801],[134.558786,34.104867],[134.558563,34.105021],[134.558451,34.105078],[134.558224,34.10505],[134.558033,34.105037],[134.557783,34.105058],[134.557676,34.105067],[134.557319,34.105121],[134.55723,34.105134],[134.556863,34.105146],[134.55654,34.105107],[134.556144,34.105075],[134.555689,34.105026],[134.555167,34.104981],[134.554561,34.104861],[134.554528,34.104854],[134.554473,34.104842],[134.554451,34.104837],[134.554088,34.104756],[134.5542,34.104209],[134.554411,34.104003],[134.554836,34.103761],[134.554826,34.103697],[134.554483,34.103178],[134.554491,34.103113],[134.554599,34.10298],[134.554736,34.102715],[134.554847,34.102819],[134.554835,34.102838],[134.554905,34.102913],[134.555029,34.103049],[134.555179,34.103169],[134.555327,34.103077],[134.555574,34.103533],[134.555849,34.103505],[134.555868,34.103503],[134.556048,34.103454],[134.556634,34.103296],[134.556705,34.102083],[134.556817,34.100744],[134.556772,34.100371],[134.556683,34.100148],[134.553558,34.093467],[134.554231,34.093342],[134.555051,34.093152],[134.556554,34.09282],[134.559322,34.100249],[134.559476,34.100239],[134.559634,34.101066],[134.559749,34.101081],[134.559838,34.101123],[134.559914,34.101123],[134.559979,34.101109],[134.560167,34.10209],[134.560185,34.102435],[134.559939,34.102484],[134.559991,34.103157],[134.559963,34.103321],[134.559758,34.104503],[134.559477,34.104609]]]},"properties":{"S_NAME":"応神町古川字戎子野","HCODE":8101}},{"type":"Feature","geometry":{"type":"Polygon","coordinates":[[[134.553558,34.093467],[134.556683,34.100148],[134.556772,34.100371],[134.556817,34.100744],[134.556705,34.102083],[134.556634,34.103296],[134.556048,34.103454],[134.555868,34.103503],[134.555849,34.103505],[134.555574,34.103533],[134.555327,34.103077],[134.555179,34.103169],[134.555029,34.103049],[134.554905,34.102913],[134.554835,34.102838],[134.554847,34.102819],[134.554736,34.102715],[134.554599,34.10298],[134.554491,34.103113],[134.554483,34.103178],[134.554826,34.103697],[134.554836,34.103761],[134.554411,34.104003],[134.5542,34.104209],[134.553198,34.103856],[134.553236,34.103773],[134.553186,34.103587],[134.552754,34.103133],[134.552991,34.102748],[134.552498,34.102258],[134.552892,34.101413],[134.552829,34.101263],[134.551426,34.097939],[134.549799,34.094018],[134.551359,34.093822],[134.553558,34.093467]]]},"properties":{"S_NAME":"応神町古川字日ノ上","HCODE":8101}},{"type":"Feature","geometry":{"type":"Polygon","coordinates":[[[134.546403,34.10845],[134.546409,34.108619],[134.546389,34.108839],[134.546632,34.109775],[134.545221,34.110185],[134.544026,34.110569],[134.542865,34.111026],[134.541773,34.111458],[134.541295,34.110975],[134.541034,34.11079],[134.540924,34.110692],[134.540886,34.11065],[134.540879,34.110588],[134.540975,34.110448],[134.540985,34.110389],[134.540884,34.110044],[134.540811,34.109834],[134.540771,34.109686],[134.540679,34.109696],[134.540253,34.109736],[134.539042,34.109593],[134.538548,34.109525],[134.537844,34.109463],[134.537462,34.109509],[134.536981,34.109672],[134.536949,34.109461],[134.536909,34.10925],[134.536936,34.109],[134.537002,34.108322],[134.537346,34.108269],[134.537421,34.108237],[134.537525,34.108218],[134.537609,34.10821],[134.537619,34.107652],[134.537685,34.107515],[134.537769,34.107449],[134.537993,34.107346],[134.537977,34.107063],[134.537998,34.106856],[134.538299,34.106316],[134.539615,34.106728],[134.541074,34.107288],[134.541159,34.10733],[134.541325,34.107527],[134.541751,34.107654],[134.54283,34.107911],[134.543723,34.108134],[134.544099,34.108243],[134.544524,34.108337],[134.545073,34.108455],[134.546089,34.108437],[134.546403,34.10845]]]},"properties":{"S_NAME":"応神町古川字高良","HCODE":8101}},{"type":"Feature","geometry":{"type":"Polygon","coordinates":[[[134.549799,34.094018],[134.551426,34.097939],[134.552829,34.101263],[134.552892,34.101413],[134.552498,34.102258],[134.552991,34.102748],[134.552754,34.103133],[134.553186,34.103587],[134.553236,34.103773],[134.553198,34.103856],[134.5542,34.104209],[134.554088,34.104756],[134.553433,34.104582],[134.553041,34.104422],[134.552968,34.104399],[134.552525,34.104258],[134.552406,34.104203],[134.551778,34.103996],[134.551746,34.103973],[134.551733,34.103836],[134.551574,34.103713],[134.551467,34.103662],[134.551171,34.103574],[134.550929,34.103503],[134.550853,34.103773],[134.550824,34.103877],[134.550564,34.103833],[134.550176,34.103702],[134.549115,34.10336],[134.549055,34.103318],[134.548975,34.103194],[134.548552,34.103108],[134.548158,34.103028],[134.548146,34.103011],[134.54517,34.094834],[134.545848,34.094712],[134.548919,34.09416],[134.549799,34.094018]]]},"properties":{"S_NAME":"応神町古川字井利ノ元","HCODE":8101}},{"type":"Feature","geometry":{"type":"Polygon","coordinates":[[[134.552421,34.108641],[134.552445,34.109741],[134.55246,34.110374],[134.552454,34.110378],[134.552427,34.110394],[134.552366,34.110403],[134.552209,34.110421],[134.55195,34.110457],[134.551788,34.110492],[134.551544,34.110536],[134.551204,34.110624],[134.551037,34.110651],[134.550631,34.110718],[134.5502,34.110801],[134.550007,34.110841],[134.549898,34.110857],[134.549855,34.110864],[134.549723,34.110882],[134.549545,34.110913],[134.549291,34.11094],[134.549129,34.110942],[134.548931,34.110912],[134.548864,34.110902],[134.548742,34.110907],[134.5487,34.110911],[134.548528,34.110926],[134.54832,34.11097],[134.548158,34.110996],[134.548094,34.111013],[134.547565,34.111145],[134.547372,34.111193],[134.54661,34.111413],[134.546473,34.111452],[134.545966,34.111596],[134.545765,34.111648],[134.5456,34.111691],[134.545525,34.111711],[134.545338,34.11176],[134.545026,34.111837],[134.544824,34.111885],[134.544634,34.111924],[134.544301,34.111986],[134.543978,34.112025],[134.543946,34.112029],[134.54379,34.112047],[134.543662,34.112075],[134.543124,34.112192],[134.542904,34.11224],[134.54275,34.112262],[134.542668,34.112284],[134.542042,34.112405],[134.541843,34.112444],[134.541131,34.112642],[134.54037,34.112913],[134.538185,34.113691],[134.538115,34.113592],[134.538679,34.113131],[134.539844,34.112336],[134.54093,34.111889],[134.541773,34.111458],[134.542865,34.111026],[134.544026,34.110569],[134.545221,34.110185],[134.546632,34.109775],[134.546389,34.108839],[134.546409,34.108619],[134.546403,34.10845],[134.546438,34.108195],[134.546466,34.10806],[134.546535,34.107519],[134.546528,34.107106],[134.546567,34.106927],[134.546548,34.106604],[134.546535,34.10626],[134.545874,34.106167],[134.545878,34.105903],[134.545866,34.105812],[134.545826,34.105605],[134.545787,34.10475],[134.545374,34.104672],[134.545264,34.104629],[134.545146,34.104542],[134.54507,34.104499],[134.544986,34.104484],[134.544461,34.104457],[134.544332,34.104433],[134.544252,34.104352],[134.544203,34.104349],[134.544014,34.104388],[134.543924,34.104383],[134.543666,34.104297],[134.540675,34.098819],[134.541677,34.098402],[134.543086,34.097573],[134.542013,34.095161],[134.544287,34.094992],[134.545041,34.094857],[134.54517,34.094834],[134.548146,34.103011],[134.548158,34.103028],[134.548552,34.103108],[134.548975,34.103194],[134.549055,34.103318],[134.549115,34.10336],[134.550176,34.103702],[134.550564,34.103833],[134.550824,34.103877],[134.550853,34.103773],[134.551075,34.103841],[134.55111,34.103857],[134.551081,34.103946],[134.551474,34.104063],[134.55142,34.104195],[134.551405,34.104257],[134.550998,34.104493],[134.551057,34.104696],[134.551167,34.105043],[134.550884,34.105098],[134.550643,34.105171],[134.550785,34.105546],[134.550859,34.10574],[134.550988,34.105685],[134.551074,34.1058],[134.551231,34.105805],[134.551256,34.105909],[134.55137,34.10612],[134.552083,34.107394],[134.552223,34.10771],[134.552303,34.107996],[134.552421,34.108641]],[[134.547438,34.106969],[134.547781,34.106971],[134.548503,34.106977],[134.548513,34.106872],[134.548961,34.106868],[134.54899,34.106617],[134.548936,34.106515],[134.548498,34.106519],[134.548492,34.10638],[134.547777,34.106349],[134.547661,34.106344],[134.54766,34.106304],[134.54743,34.106288],[134.547438,34.106969]]]},"properties":{"S_NAME":"応神町古川字東","HCODE":8101}},{"type":"Feature","geometry":{"type":"Polygon","coordinates":[[[134.547438,34.106969],[134.54743,34.106288],[134.54766,34.106304],[134.547661,34.106344],[134.547777,34.106349],[134.548492,34.10638],[134.548498,34.106519],[134.548936,34.106515],[134.54899,34.106617],[134.548961,34.106868],[134.548513,34.106872],[134.548503,34.106977],[134.547781,34.106971],[134.547438,34.106969]]]},"properties":{"S_NAME":"応神町古川字北","HCODE":8101}},{"type":"Feature","geometry":{"type":"Polygon","coordinates":[[[134.543666,34.104297],[134.543328,34.104538],[134.543277,34.104665],[134.542952,34.107487],[134.54283,34.107911],[134.541751,34.107654],[134.541325,34.107527],[134.541159,34.10733],[134.541074,34.107288],[134.539615,34.106728],[134.538299,34.106316],[134.53751,34.104566],[134.535815,34.100429],[134.536144,34.100385],[134.540675,34.098819],[134.543666,34.104297]]]},"properties":{"S_NAME":"応神町古川字宮ノ前","HCODE":8101}},{"type":"Feature","geometry":{"type":"Polygon","coordinates":[[[134.529148,34.124672],[134.52871,34.124615],[134.528432,34.124578],[134.528401,34.124575],[134.52673,34.124372],[134.525966,34.124254],[134.525919,34.124247],[134.525686,34.124255],[134.525376,34.124272],[134.525011,34.124293],[134.524623,34.124347],[134.524418,34.124378],[134.524194,34.124411],[134.52365,34.124439],[134.523015,34.124429],[134.52278,34.124426],[134.522159,34.124381],[134.521554,34.124287],[134.521496,34.124274],[134.521228,34.124219],[134.52101,34.124165],[134.52023,34.123717],[134.520238,34.123548],[134.520261,34.123088],[134.520458,34.123286],[134.520884,34.123601],[134.521312,34.123781],[134.52183,34.12399],[134.521843,34.123997],[134.522048,34.124101],[134.522753,34.124186],[134.52287,34.124156],[134.523521,34.124133],[134.524273,34.124119],[134.524955,34.124172],[134.525981,34.124037],[134.526074,34.123275],[134.526108,34.122589],[134.526091,34.121653],[134.526,34.120534],[134.524983,34.12043],[134.524415,34.120537],[134.524122,34.120562],[134.524044,34.120569],[134.523495,34.120574],[134.522895,34.12063],[134.522626,34.120661],[134.522266,34.120762],[134.521902,34.1209],[134.521669,34.120982],[134.521588,34.121017],[134.521273,34.12057],[134.520717,34.119077],[134.519657,34.118948],[134.519489,34.118218],[134.519197,34.117372],[134.519985,34.117221],[134.520166,34.117192],[134.520216,34.117137],[134.520347,34.11703],[134.520493,34.116974],[134.520626,34.116968],[134.520731,34.116866],[134.520967,34.116615],[134.521085,34.116665],[134.5213,34.11676],[134.521816,34.11698],[134.522137,34.117053],[134.522651,34.117121],[134.5233,34.117151],[134.523748,34.117185],[134.524314,34.117295],[134.52461,34.117377],[134.52501,34.117435],[134.525585,34.117455],[134.526424,34.117579],[134.526325,34.118247],[134.526288,34.118486],[134.52628,34.118554],[134.526253,34.118816],[134.526248,34.118877],[134.526184,34.119647],[134.526797,34.119707],[134.527498,34.119775],[134.528179,34.119787],[134.52979,34.119906],[134.530479,34.119835],[134.530144,34.121015],[134.529495,34.12344],[134.529387,34.123822],[134.529148,34.124672]]]},"properties":{"S_NAME":"応神町吉成字七丁原","HCODE":8101}},{"type":"Feature","geometry":{"type":"Polygon","coordinates":[[[134.536029,34.118352],[134.536105,34.118779],[134.5361,34.118922],[134.535999,34.119448],[134.535982,34.119636],[134.536193,34.120743],[134.53609,34.120741],[134.536026,34.120894],[134.535763,34.121521],[134.53452,34.124488],[134.532134,34.125275],[134.530224,34.124845],[134.52958,34.124762],[134.529426,34.12473],[134.529413,34.124727],[134.529148,34.124672],[134.529387,34.123822],[134.529495,34.12344],[134.530144,34.121015],[134.530479,34.119835],[134.52979,34.119906],[134.528179,34.119787],[134.527498,34.119775],[134.526797,34.119707],[134.526184,34.119647],[134.526248,34.118877],[134.526253,34.118816],[134.52628,34.118554],[134.526288,34.118486],[134.526325,34.118247],[134.526424,34.117579],[134.527437,34.117688],[134.528674,34.117775],[134.529374,34.117902],[134.530153,34.117972],[134.530139,34.118078],[134.530147,34.11828],[134.530149,34.118458],[134.530229,34.11851],[134.530524,34.118555],[134.530666,34.118501],[134.530677,34.118365],[134.53069,34.118183],[134.530683,34.118077],[134.530708,34.118001],[134.530758,34.117929],[134.530869,34.117898],[134.530966,34.117914],[134.531028,34.117981],[134.531069,34.118011],[134.531175,34.117946],[134.531331,34.117835],[134.531838,34.117888],[134.532455,34.117972],[134.533206,34.11791],[134.533499,34.117887],[134.536029,34.118352]]]},"properties":{"S_NAME":"応神町吉成字轟","HCODE":8101}},{"type":"Feature","geometry":{"type":"Polygon","coordinates":[[[134.537911,34.115368],[134.537806,34.115462],[134.537667,34.115551],[134.537372,34.115766],[134.536974,34.116145],[134.536752,34.116502],[134.536595,34.116729],[134.536507,34.116928],[134.536449,34.117099],[134.536382,34.117244],[134.536309,34.117413],[134.536209,34.117629],[134.536159,34.117718],[134.536004,34.117925],[134.535991,34.118081],[134.536029,34.118352],[134.533499,34.117887],[134.533206,34.11791],[134.532455,34.117972],[134.531838,34.117888],[134.531331,34.117835],[134.531175,34.117946],[134.531069,34.118011],[134.531028,34.117981],[134.531124,34.11749],[134.531171,34.117058],[134.531198,34.116545],[134.531076,34.11577],[134.530881,34.115253],[134.530613,34.114727],[134.530124,34.114079],[134.529628,34.113606],[134.529241,34.113283],[134.528693,34.112822],[134.528078,34.112338],[134.52728,34.111683],[134.526631,34.111082],[134.526201,34.110665],[134.525936,34.11029],[134.525973,34.110209],[134.526119,34.109973],[134.526156,34.109985],[134.526246,34.110061],[134.526437,34.110103],[134.526726,34.110132],[134.527336,34.110216],[134.527663,34.110238],[134.527693,34.110213],[134.527692,34.110112],[134.527753,34.110099],[134.528091,34.110092],[134.528175,34.110073],[134.528462,34.10995],[134.528538,34.109943],[134.528622,34.109962],[134.528783,34.110061],[134.528959,34.110129],[134.528997,34.110123],[134.529627,34.110048],[134.529779,34.11004],[134.529878,34.110059],[134.530534,34.110186],[134.530939,34.109664],[134.532846,34.109695],[134.532985,34.110748],[134.533025,34.111211],[134.532927,34.111225],[134.532696,34.111264],[134.532637,34.111345],[134.532566,34.111663],[134.532597,34.112039],[134.533808,34.111923],[134.533995,34.111916],[134.534056,34.111959],[134.534119,34.112854],[134.534157,34.112897],[134.534269,34.112903],[134.534719,34.112924],[134.534779,34.112967],[134.534833,34.113047],[134.535041,34.113587],[134.535125,34.113679],[134.535268,34.113747],[134.535421,34.11373],[134.536026,34.113639],[134.536157,34.113633],[134.536284,34.113733],[134.536339,34.113787],[134.537911,34.115368]]]},"properties":{"S_NAME":"応神町吉成字有天","HCODE":8101}},{"type":"Feature","geometry":{"type":"Polygon","coordinates":[[[134.531028,34.117981],[134.530966,34.117914],[134.530869,34.117898],[134.530758,34.117929],[134.530708,34.118001],[134.530683,34.118077],[134.53069,34.118183],[134.530677,34.118365],[134.530666,34.118501],[134.530524,34.118555],[134.530229,34.11851],[134.530149,34.118458],[134.530147,34.11828],[134.530139,34.118078],[134.530153,34.117972],[134.529374,34.117902],[134.528674,34.117775],[134.527437,34.117688],[134.526424,34.117579],[134.526407,34.116181],[134.525288,34.116155],[134.525381,34.11547],[134.525448,34.114495],[134.525868,34.114503],[134.526495,34.11452],[134.526493,34.114412],[134.526492,34.11408],[134.526461,34.11402],[134.527284,34.114042],[134.527288,34.114371],[134.528164,34.114305],[134.52904,34.114245],[134.529098,34.114839],[134.530613,34.114727],[134.530881,34.115253],[134.531076,34.11577],[134.531198,34.116545],[134.531171,34.117058],[134.531124,34.11749],[134.531028,34.117981]]]},"properties":{"S_NAME":"応神町吉成字長田","HCODE":8101}},{"type":"Feature","geometry":{"type":"Polygon","coordinates":[[[134.532846,34.109695],[134.530939,34.109664],[134.530534,34.110186],[134.529878,34.110059],[134.529779,34.11004],[134.529627,34.110048],[134.528997,34.110123],[134.528959,34.110129],[134.528696,34.108488],[134.528945,34.108146],[134.528983,34.107327],[134.528592,34.102727],[134.528939,34.102616],[134.529574,34.102519],[134.530463,34.102315],[134.531623,34.101977],[134.532524,34.107505],[134.532846,34.109695]]]},"properties":{"S_NAME":"応神町吉成字前須","HCODE":8101}},{"type":"Feature","geometry":{"type":"Polygon","coordinates":[[[134.530613,34.114727],[134.529098,34.114839],[134.52904,34.114245],[134.528164,34.114305],[134.527288,34.114371],[134.527284,34.114042],[134.526461,34.11402],[134.526492,34.11408],[134.526493,34.114412],[134.526495,34.11452],[134.525868,34.114503],[134.525448,34.114495],[134.525381,34.11547],[134.525288,34.116155],[134.526407,34.116181],[134.526424,34.117579],[134.525585,34.117455],[134.52501,34.117435],[134.52461,34.117377],[134.524314,34.117295],[134.523748,34.117185],[134.5233,34.117151],[134.522651,34.117121],[134.522137,34.117053],[134.521816,34.11698],[134.5213,34.11676],[134.521085,34.116665],[134.520967,34.116615],[134.521214,34.116372],[134.521421,34.116256],[134.521502,34.116228],[134.522022,34.115956],[134.522259,34.115869],[134.522761,34.115628],[134.523199,34.115335],[134.523269,34.115292],[134.523917,34.114851],[134.524367,34.114337],[134.524589,34.114019],[134.524744,34.113703],[134.524884,34.113432],[134.524983,34.113136],[134.524995,34.112616],[134.525039,34.112413],[134.525103,34.112273],[134.525545,34.111153],[134.525755,34.110706],[134.525936,34.11029],[134.526201,34.110665],[134.526631,34.111082],[134.52728,34.111683],[134.528078,34.112338],[134.528693,34.112822],[134.529241,34.113283],[134.529628,34.113606],[134.530124,34.114079],[134.530613,34.114727]]]},"properties":{"S_NAME":"応神町吉成字西吉成","HCODE":8101}},{"type":"Feature","geometry":{"type":"Polygon","coordinates":[[[134.524122,34.120562],[134.524415,34.120537],[134.524983,34.12043],[134.526,34.120534],[134.526091,34.121653],[134.526108,34.122589],[134.526074,34.123275],[134.525981,34.124037],[134.524955,34.124172],[134.524273,34.124119],[134.523521,34.124133],[134.52287,34.124156],[134.522753,34.124186],[134.522048,34.124101],[134.521843,34.123997],[134.52183,34.12399],[134.521312,34.123781],[134.520884,34.123601],[134.520458,34.123286],[134.520261,34.123088],[134.52015,34.122304],[134.520419,34.122135],[134.520489,34.122176],[134.520926,34.1219],[134.520978,34.121952],[134.521284,34.121782],[134.521495,34.122016],[134.522023,34.121634],[134.522146,34.12176],[134.522372,34.121931],[134.522515,34.122015],[134.522745,34.122076],[134.523172,34.122085],[134.523574,34.122052],[134.524415,34.121775],[134.524424,34.121724],[134.524151,34.121393],[134.523959,34.121124],[134.523839,34.120871],[134.524052,34.120827],[134.524095,34.12081],[134.524125,34.120788],[134.524135,34.12075],[134.524122,34.120562]]]},"properties":{"S_NAME":"応神町","HCODE":8101}},{"type":"Feature","geometry":{"type":"Polygon","coordinates":[[[134.574486,34.124665],[134.573238,34.124803],[134.573099,34.124804],[134.572746,34.124793],[134.572139,34.124686],[134.571475,34.124586],[134.570876,34.124433],[134.570434,34.124292],[134.570619,34.124126],[134.571025,34.124254],[134.571472,34.124398],[134.571511,34.124398],[134.571698,34.123977],[134.571743,34.123969],[134.572274,34.124161],[134.572818,34.124247],[134.572855,34.124004],[134.573304,34.124025],[134.57362,34.124006],[134.57434,34.123938],[134.57444,34.124161],[134.574486,34.124665]]]},"properties":{"S_NAME":"川内町加賀須野","HCODE":8101}},{"type":"Feature","geometry":{"type":"Polygon","coordinates":[[[134.594035,34.117803],[134.593222,34.118995],[134.593187,34.119046],[134.592513,34.120028],[134.591806,34.121029],[134.591219,34.121911],[134.590566,34.122722],[134.589859,34.123497],[134.588912,34.124462],[134.588147,34.125056],[134.58803,34.125147],[134.586972,34.126032],[134.586963,34.126039],[134.586912,34.12608],[134.586125,34.126706],[134.585792,34.126975],[134.585221,34.127436],[134.584524,34.12795],[134.583882,34.128365],[134.582956,34.128906],[134.582325,34.129187],[134.581866,34.129393],[134.580982,34.129637],[134.580754,34.1297],[134.580336,34.129816],[134.580303,34.129822],[134.57989,34.129888],[134.578858,34.130054],[134.578814,34.130062],[134.577317,34.130317],[134.57695,34.13032],[134.576779,34.130342],[134.576725,34.130349],[134.576629,34.130361],[134.576055,34.130309],[134.575804,34.130324],[134.573813,34.130032],[134.573672,34.129067],[134.573667,34.128676],[134.573647,34.128167],[134.573696,34.127586],[134.573861,34.126902],[134.573892,34.126801],[134.574043,34.126483],[134.574476,34.125792],[134.575221,34.124908],[134.575599,34.124611],[134.575716,34.124499],[134.576225,34.123984],[134.576571,34.123648],[134.576903,34.123383],[134.577407,34.123303],[134.577769,34.123203],[134.578231,34.123048],[134.578335,34.122964],[134.578449,34.122736],[134.578455,34.122691],[134.578569,34.122382],[134.57872,34.122046],[134.578824,34.121851],[134.578905,34.12175],[134.579054,34.121619],[134.579227,34.121517],[134.579533,34.121368],[134.579998,34.121174],[134.580456,34.121002],[134.580805,34.120858],[134.581186,34.120723],[134.581268,34.120691],[134.581656,34.120613],[134.581922,34.12055],[134.582067,34.120501],[134.58225,34.120402],[134.58236,34.120317],[134.582489,34.120166],[134.582582,34.119936],[134.582721,34.119722],[134.582852,34.119425],[134.583167,34.118965],[134.58333,34.118749],[134.583537,34.118596],[134.583788,34.118406],[134.584049,34.118217],[134.584267,34.118028],[134.584615,34.117766],[134.584909,34.117532],[134.585062,34.117424],[134.585247,34.117289],[134.585432,34.117198],[134.585595,34.117135],[134.585824,34.117072],[134.586184,34.116973],[134.586543,34.116891],[134.586794,34.116853],[134.586838,34.116846],[134.587088,34.116792],[134.587296,34.116765],[134.587437,34.116837],[134.587557,34.116908],[134.587656,34.117052],[134.587776,34.117232],[134.588027,34.117421],[134.588169,34.117565],[134.588322,34.117673],[134.588497,34.117772],[134.588748,34.117871],[134.588922,34.117925],[134.589028,34.117977],[134.589068,34.117813],[134.589172,34.117709],[134.589546,34.117471],[134.589693,34.117406],[134.589885,34.117321],[134.590381,34.117279],[134.590732,34.117099],[134.590898,34.117105],[134.591293,34.117096],[134.591696,34.117081],[134.592193,34.117036],[134.592193,34.117063],[134.594035,34.117803]]]},"properties":{"S_NAME":"川内町加賀須野","HCODE":8101}},{"type":"Feature","geometry":{"type":"Polygon","coordinates":[[[134.575599,34.124611],[134.575221,34.124908],[134.574476,34.125792],[134.574043,34.126483],[134.573892,34.126801],[134.573861,34.126902],[134.573696,34.127586],[134.573647,34.128167],[134.573667,34.128676],[134.573672,34.129067],[134.573813,34.130032],[134.573657,34.130009],[134.572797,34.129837],[134.571654,34.129539],[134.570881,34.129215],[134.57001,34.128665],[134.570004,34.12866],[134.569966,34.128631],[134.568692,34.127655],[134.568624,34.127591],[134.568012,34.127007],[134.567624,34.126637],[134.566932,34.125914],[134.566697,34.125719],[134.566461,34.125502],[134.566422,34.125462],[134.566032,34.125074],[134.565628,34.12474],[134.565533,34.124702],[134.56546,34.124673],[134.564588,34.124538],[134.562958,34.124274],[134.562054,34.124119],[134.561761,34.124044],[134.561785,34.124008],[134.561901,34.123835],[134.561903,34.123438],[134.561905,34.123041],[134.561996,34.12288],[134.562129,34.122743],[134.562171,34.12266],[134.562197,34.122434],[134.562242,34.122054],[134.561683,34.121717],[134.561649,34.121698],[134.560345,34.120845],[134.560149,34.120933],[134.559702,34.1213],[134.559413,34.121451],[134.558224,34.122074],[134.557377,34.12204],[134.557451,34.121513],[134.557461,34.121439],[134.55764,34.120054],[134.557213,34.119434],[134.556934,34.119048],[134.556195,34.118015],[134.556104,34.117875],[134.556098,34.117865],[134.555535,34.116848],[134.555469,34.11674],[134.555204,34.116167],[134.556256,34.114715],[134.561325,34.115154],[134.562109,34.115215],[134.562128,34.115097],[134.562301,34.115104],[134.562856,34.11503],[134.563245,34.114995],[134.563428,34.114944],[134.56431,34.114441],[134.564665,34.11424],[134.565107,34.114057],[134.565516,34.113873],[134.565712,34.113686],[134.566258,34.11421],[134.566343,34.11426],[134.566387,34.114264],[134.566413,34.114249],[134.566516,34.114128],[134.566571,34.114042],[134.566608,34.113967],[134.566607,34.11394],[134.566598,34.113914],[134.566166,34.113417],[134.566211,34.113392],[134.566324,34.113328],[134.566234,34.113068],[134.566202,34.112968],[134.566227,34.112926],[134.56629,34.112888],[134.566377,34.112835],[134.566695,34.112481],[134.566786,34.112419],[134.567734,34.111981],[134.567904,34.111953],[134.567954,34.111916],[134.568148,34.111736],[134.568186,34.11173],[134.568287,34.111782],[134.568325,34.111776],[134.568469,34.111654],[134.568557,34.111596],[134.568763,34.111726],[134.569068,34.112074],[134.569043,34.11213],[134.56905,34.112205],[134.570024,34.113324],[134.570751,34.114066],[134.570939,34.114275],[134.570971,34.114427],[134.571095,34.114553],[134.57132,34.114686],[134.571588,34.114937],[134.571958,34.115289],[134.572847,34.116147],[134.570946,34.115985],[134.571256,34.116489],[134.571463,34.116865],[134.571479,34.116947],[134.57148,34.117419],[134.571482,34.117583],[134.571283,34.117409],[134.571148,34.117298],[134.571004,34.117263],[134.570534,34.11723],[134.570242,34.117126],[134.570135,34.117307],[134.569714,34.117213],[134.56855,34.117292],[134.568599,34.117657],[134.568583,34.117969],[134.568064,34.117929],[134.567728,34.117977],[134.567032,34.118153],[134.566748,34.118207],[134.566296,34.118379],[134.56583,34.118597],[134.565976,34.118959],[134.566367,34.119707],[134.566325,34.119838],[134.566216,34.120128],[134.566073,34.120483],[134.565226,34.120421],[134.56509,34.120422],[134.564587,34.120491],[134.564576,34.120493],[134.564606,34.120709],[134.564712,34.120987],[134.564802,34.121103],[134.564977,34.1213],[134.565274,34.121539],[134.565673,34.121732],[134.565948,34.121831],[134.566154,34.121906],[134.56641,34.121968],[134.566796,34.122],[134.56731,34.122049],[134.567746,34.122146],[134.567998,34.122268],[134.568867,34.122735],[134.568989,34.122823],[134.568976,34.122924],[134.56892,34.123019],[134.568985,34.123101],[134.56936,34.123388],[134.570434,34.124292],[134.570876,34.124433],[134.571475,34.124586],[134.572139,34.124686],[134.572746,34.124793],[134.573099,34.124804],[134.573238,34.124803],[134.574486,34.124665],[134.574865,34.124641],[134.575599,34.124611]]]},"properties":{"S_NAME":"川内町中島","HCODE":8101}},{"type":"Feature","geometry":{"type":"Polygon","coordinates":[[[134.568557,34.111596],[134.568469,34.111654],[134.568325,34.111776],[134.568287,34.111782],[134.568186,34.11173],[134.568148,34.111736],[134.567954,34.111916],[134.567904,34.111953],[134.567734,34.111981],[134.566786,34.112419],[134.566695,34.112481],[134.566377,34.112835],[134.56629,34.112888],[134.566227,34.112926],[134.566202,34.112968],[134.566234,34.113068],[134.566324,34.113328],[134.566211,34.113392],[134.566166,34.113417],[134.566598,34.113914],[134.566607,34.11394],[134.566608,34.113967],[134.566571,34.114042],[134.566516,34.114128],[134.566413,34.114249],[134.566387,34.114264],[134.566343,34.11426],[134.566258,34.11421],[134.565712,34.113686],[134.565516,34.113873],[134.565107,34.114057],[134.564665,34.11424],[134.56431,34.114441],[134.563428,34.114944],[134.563245,34.114995],[134.562856,34.11503],[134.562301,34.115104],[134.562128,34.115097],[134.562109,34.115215],[134.561325,34.115154],[134.556256,34.114715],[134.556261,34.114706],[134.5564,34.114457],[134.55666,34.114013],[134.556817,34.113702],[134.557041,34.113262],[134.557102,34.113164],[134.557181,34.113024],[134.557272,34.112832],[134.55739,34.112849],[134.557555,34.112877],[134.557795,34.112919],[134.557999,34.112948],[134.558163,34.112977],[134.558292,34.112993],[134.55839,34.112993],[134.55844,34.112278],[134.558022,34.110565],[134.557653,34.110385],[134.557359,34.110238],[134.557051,34.11007],[134.556692,34.109896],[134.556617,34.10986],[134.556459,34.109783],[134.556289,34.1097],[134.556222,34.109669],[134.556181,34.10965],[134.556199,34.109396],[134.556604,34.108606],[134.556258,34.108596],[134.555365,34.108618],[134.553678,34.10862],[134.552421,34.108641],[134.552303,34.107996],[134.552223,34.10771],[134.552083,34.107394],[134.55137,34.10612],[134.551256,34.105909],[134.551231,34.105805],[134.551074,34.1058],[134.550988,34.105685],[134.550859,34.10574],[134.550785,34.105546],[134.550643,34.105171],[134.550884,34.105098],[134.551167,34.105043],[134.551057,34.104696],[134.550998,34.104493],[134.551405,34.104257],[134.55142,34.104195],[134.551474,34.104063],[134.551081,34.103946],[134.55111,34.103857],[134.551075,34.103841],[134.550853,34.103773],[134.550929,34.103503],[134.551171,34.103574],[134.551467,34.103662],[134.551574,34.103713],[134.551733,34.103836],[134.551746,34.103973],[134.551778,34.103996],[134.552406,34.104203],[134.552525,34.104258],[134.552968,34.104399],[134.553041,34.104422],[134.553433,34.104582],[134.554088,34.104756],[134.554451,34.104837],[134.554473,34.104842],[134.554528,34.104854],[134.554561,34.104861],[134.555167,34.104981],[134.555689,34.105026],[134.556144,34.105075],[134.55654,34.105107],[134.556863,34.105146],[134.55723,34.105134],[134.557319,34.105121],[134.557676,34.105067],[134.557783,34.105058],[134.558033,34.105037],[134.558224,34.10505],[134.558451,34.105078],[134.558563,34.105021],[134.558786,34.104867],[134.558831,34.104801],[134.558926,34.104744],[134.559047,34.104733],[134.559271,34.104696],[134.559445,34.10464],[134.559477,34.104609],[134.559619,34.104745],[134.559749,34.104818],[134.560008,34.104894],[134.560376,34.10499],[134.559613,34.105458],[134.560101,34.106006],[134.560442,34.105729],[134.560785,34.105401],[134.560949,34.105262],[134.561229,34.104983],[134.561492,34.10475],[134.561828,34.104507],[134.562164,34.104306],[134.562494,34.104114],[134.562678,34.104032],[134.562963,34.104007],[134.563206,34.104021],[134.563445,34.104056],[134.563743,34.10412],[134.563805,34.104149],[134.564115,34.104247],[134.564393,34.104392],[134.564621,34.104564],[134.564832,34.104751],[134.565023,34.104962],[134.565312,34.105228],[134.565517,34.10537],[134.566063,34.105716],[134.566238,34.105827],[134.565693,34.106757],[134.565346,34.106666],[134.565247,34.106636],[134.564886,34.106645],[134.565026,34.106941],[134.565188,34.107239],[134.565276,34.10757],[134.565343,34.107716],[134.565452,34.107853],[134.565698,34.108242],[134.565872,34.108392],[134.566073,34.108548],[134.56644,34.108791],[134.566821,34.109088],[134.566917,34.109211],[134.567075,34.109404],[134.567216,34.109626],[134.567467,34.109996],[134.567815,34.110491],[134.56799,34.110743],[134.568084,34.110787],[134.568288,34.111197],[134.568349,34.11132],[134.568557,34.111596]]]},"properties":{"S_NAME":"川内町榎瀬","HCODE":8101}},{"type":"Feature","geometry":{"type":"Polygon","coordinates":[[[134.577248,34.112322],[134.576251,34.112467],[134.574497,34.112861],[134.573831,34.113018],[134.573342,34.113174],[134.573264,34.113002],[134.573182,34.113019],[134.572831,34.113158],[134.571797,34.113549],[134.571314,34.113705],[134.570751,34.114066],[134.570024,34.113324],[134.56905,34.112205],[134.569043,34.11213],[134.569068,34.112074],[134.569335,34.111673],[134.569404,34.111662],[134.569726,34.111649],[134.569836,34.111598],[134.569998,34.111423],[134.570172,34.111243],[134.570316,34.111128],[134.571523,34.110942],[134.571842,34.110898],[134.571993,34.110839],[134.57213,34.110685],[134.57228,34.110621],[134.572438,34.110599],[134.572577,34.110613],[134.572863,34.110732],[134.572995,34.11073],[134.573493,34.110621],[134.573941,34.11046],[134.574072,34.11037],[134.574102,34.11027],[134.574163,34.110107],[134.574254,34.109866],[134.574293,34.109658],[134.574305,34.109596],[134.574433,34.109317],[134.574333,34.109217],[134.574318,34.109171],[134.574349,34.109119],[134.574609,34.108729],[134.574599,34.1087],[134.574135,34.108385],[134.57388,34.108157],[134.57379,34.108016],[134.573744,34.107875],[134.573794,34.107843],[134.573883,34.107683],[134.573956,34.107431],[134.573973,34.107326],[134.573997,34.107211],[134.574052,34.107032],[134.573934,34.106931],[134.573926,34.106842],[134.573976,34.106748],[134.574093,34.106548],[134.574092,34.10649],[134.574052,34.106312],[134.574069,34.106197],[134.574093,34.106103],[134.574144,34.106087],[134.57439,34.1061],[134.574641,34.106056],[134.574868,34.106091],[134.575039,34.106147],[134.575222,34.106203],[134.575569,34.106231],[134.575809,34.106282],[134.576071,34.10635],[134.576254,34.106369],[134.576418,34.107758],[134.576521,34.1084],[134.576687,34.109046],[134.57674,34.109358],[134.577126,34.111609],[134.577248,34.112322]]]},"properties":{"S_NAME":"川内町竹須賀","HCODE":8101}},{"type":"Feature","geometry":{"type":"Polygon","coordinates":[[[134.576254,34.106369],[134.576071,34.10635],[134.575809,34.106282],[134.575569,34.106231],[134.575222,34.106203],[134.575039,34.106147],[134.574868,34.106091],[134.574641,34.106056],[134.57439,34.1061],[134.574144,34.106087],[134.574093,34.106103],[134.574069,34.106197],[134.574052,34.106312],[134.574092,34.10649],[134.574093,34.106548],[134.573976,34.106748],[134.573926,34.106842],[134.573934,34.106931],[134.574052,34.107032],[134.573997,34.107211],[134.573973,34.107326],[134.573956,34.107431],[134.573883,34.107683],[134.573794,34.107843],[134.573744,34.107875],[134.57379,34.108016],[134.57388,34.108157],[134.574135,34.108385],[134.574599,34.1087],[134.574609,34.108729],[134.574349,34.109119],[134.574318,34.109171],[134.574333,34.109217],[134.574433,34.109317],[134.574305,34.109596],[134.574293,34.109658],[134.574254,34.109866],[134.574163,34.110107],[134.574102,34.11027],[134.574072,34.11037],[134.573941,34.11046],[134.573493,34.110621],[134.572995,34.11073],[134.572863,34.110732],[134.572577,34.110613],[134.572438,34.110599],[134.57228,34.110621],[134.57213,34.110685],[134.571993,34.110839],[134.571842,34.110898],[134.571523,34.110942],[134.570316,34.111128],[134.570172,34.111243],[134.569998,34.111423],[134.569836,34.111598],[134.569726,34.111649],[134.569404,34.111662],[134.569335,34.111673],[134.569068,34.112074],[134.568763,34.111726],[134.568557,34.111596],[134.568349,34.11132],[134.568288,34.111197],[134.568084,34.110787],[134.56799,34.110743],[134.567815,34.110491],[134.567467,34.109996],[134.567216,34.109626],[134.567075,34.109404],[134.566917,34.109211],[134.566821,34.109088],[134.56644,34.108791],[134.566073,34.108548],[134.565872,34.108392],[134.565698,34.108242],[134.565452,34.107853],[134.565343,34.107716],[134.565276,34.10757],[134.565188,34.107239],[134.565026,34.106941],[134.564886,34.106645],[134.565247,34.106636],[134.565346,34.106666],[134.565693,34.106757],[134.566238,34.105827],[134.566392,34.105633],[134.566693,34.105143],[134.566679,34.105114],[134.566613,34.104907],[134.566526,34.104583],[134.566384,34.104187],[134.5661,34.103628],[134.565978,34.10331],[134.565744,34.102868],[134.566394,34.102553],[134.566454,34.10254],[134.566534,34.102572],[134.566594,34.102621],[134.566633,34.102621],[134.566983,34.102445],[134.567255,34.102335],[134.567388,34.102284],[134.567466,34.102352],[134.567541,34.102417],[134.567826,34.102567],[134.568416,34.102925],[134.568817,34.103292],[134.568971,34.10347],[134.568982,34.103469],[134.569211,34.103313],[134.570597,34.102203],[134.571198,34.10175],[134.571792,34.101331],[134.572032,34.101196],[134.572151,34.101662],[134.572302,34.102184],[134.572649,34.103239],[134.5728,34.103235],[134.57407,34.10316],[134.574108,34.103701],[134.574123,34.103724],[134.574141,34.10373],[134.575749,34.103577],[134.57536,34.101374],[134.57526,34.100935],[134.575043,34.100267],[134.574573,34.099411],[134.57421,34.09882],[134.573771,34.098132],[134.573385,34.097528],[134.572733,34.096626],[134.572578,34.096381],[134.572874,34.096278],[134.57301,34.096276],[134.573394,34.096084],[134.573508,34.096102],[134.573712,34.096056],[134.573853,34.096389],[134.574235,34.097267],[134.574567,34.097749],[134.574953,34.098306],[134.575067,34.098458],[134.575354,34.098905],[134.575753,34.099496],[134.57575,34.099508],[134.575761,34.099518],[134.575819,34.099538],[134.576059,34.09962],[134.575979,34.099694],[134.57589,34.099776],[134.575979,34.099755],[134.576052,34.099747],[134.576128,34.099743],[134.57619,34.099742],[134.576254,34.099744],[134.576323,34.099752],[134.576415,34.099765],[134.576498,34.099787],[134.576578,34.099839],[134.578744,34.099008],[134.578817,34.099086],[134.579019,34.099279],[134.579314,34.099502],[134.579503,34.099689],[134.579634,34.099892],[134.579745,34.100045],[134.579746,34.100045],[134.579759,34.100046],[134.579726,34.100254],[134.580452,34.099957],[134.580507,34.100104],[134.580602,34.100568],[134.580432,34.101744],[134.580448,34.101763],[134.580562,34.101771],[134.581743,34.101932],[134.581723,34.102657],[134.57943,34.103636],[134.576479,34.10492],[134.576433,34.105027],[134.576374,34.10523],[134.576335,34.105421],[134.576309,34.105485],[134.576112,34.105512],[134.576254,34.106369]]]},"properties":{"S_NAME":"川内町沖島","HCODE":8101}},{"type":"Feature","geometry":{"type":"Polygon","coordinates":[[[134.57998,34.11756],[134.579733,34.118063],[134.579046,34.117854],[134.579376,34.117393],[134.57998,34.11756]]]},"properties":{"S_NAME":"川内町平石夷野","HCODE":8101}},{"type":"Feature","geometry":{"type":"Polygon","coordinates":[[[134.589693,34.117406],[134.589546,34.117471],[134.589172,34.117709],[134.589068,34.117813],[134.589028,34.117977],[134.588922,34.117925],[134.588748,34.117871],[134.588497,34.117772],[134.588322,34.117673],[134.588169,34.117565],[134.588027,34.117421],[134.587776,34.117232],[134.587656,34.117052],[134.587557,34.116908],[134.587437,34.116837],[134.587296,34.116765],[134.587088,34.116792],[134.586838,34.116846],[134.586794,34.116853],[134.586543,34.116891],[134.586184,34.116973],[134.585824,34.117072],[134.585595,34.117135],[134.585432,34.117198],[134.585247,34.117289],[134.585062,34.117424],[134.584909,34.117532],[134.584615,34.117766],[134.584267,34.118028],[134.584049,34.118217],[134.583788,34.118406],[134.583537,34.118596],[134.58333,34.118749],[134.583167,34.118965],[134.582852,34.119425],[134.582721,34.119722],[134.582582,34.119936],[134.582489,34.120166],[134.58236,34.120317],[134.58225,34.120402],[134.582067,34.120501],[134.581922,34.12055],[134.581656,34.120613],[134.581268,34.120691],[134.581186,34.120723],[134.580805,34.120858],[134.580456,34.121002],[134.579998,34.121174],[134.579533,34.121368],[134.579227,34.121517],[134.579054,34.121619],[134.578905,34.12175],[134.578824,34.121851],[134.57872,34.122046],[134.578569,34.122382],[134.578455,34.122691],[134.578449,34.122736],[134.578335,34.122964],[134.578231,34.123048],[134.577769,34.123203],[134.577407,34.123303],[134.576903,34.123383],[134.577407,34.122921],[134.577714,34.122643],[134.578132,34.122114],[134.578487,34.121448],[134.578637,34.120889],[134.578667,34.120456],[134.578576,34.119749],[134.578425,34.118793],[134.578387,34.118639],[134.578262,34.118038],[134.58013,34.118453],[134.580755,34.118484],[134.580868,34.118483],[134.580998,34.118413],[134.581056,34.118323],[134.581164,34.117969],[134.581255,34.117826],[134.581418,34.117646],[134.581936,34.117297],[134.582307,34.11713],[134.582575,34.117042],[134.582945,34.116949],[134.583486,34.116933],[134.584275,34.11694],[134.584792,34.116972],[134.584834,34.116833],[134.584911,34.116739],[134.58526,34.116521],[134.585765,34.116699],[134.585892,34.116702],[134.585992,34.116655],[134.586994,34.116214],[134.587259,34.116159],[134.587408,34.116147],[134.587575,34.116209],[134.588023,34.116558],[134.588107,34.116581],[134.588233,34.116524],[134.589158,34.115943],[134.589333,34.116292],[134.589654,34.116661],[134.589726,34.116854],[134.58975,34.116922],[134.589588,34.117032],[134.589693,34.117406]]]},"properties":{"S_NAME":"川内町平石夷野","HCODE":8101}},{"type":"Feature","geometry":{"type":"Polygon","coordinates":[[[134.589158,34.115943],[134.588233,34.116524],[134.588107,34.116581],[134.588023,34.116558],[134.587575,34.116209],[134.587408,34.116147],[134.587259,34.116159],[134.586994,34.116214],[134.585992,34.116655],[134.585892,34.116702],[134.585765,34.116699],[134.58526,34.116521],[134.584911,34.116739],[134.584834,34.116833],[134.584792,34.116972],[134.584275,34.11694],[134.583486,34.116933],[134.582945,34.116949],[134.582575,34.117042],[134.582495,34.116874],[134.582447,34.116834],[134.582386,34.116788],[134.581983,34.116594],[134.581879,34.116529],[134.581822,34.116489],[134.581787,34.11646],[134.581708,34.116386],[134.581661,34.116341],[134.581478,34.116108],[134.582347,34.115557],[134.582541,34.11535],[134.582965,34.114852],[134.583548,34.11374],[134.583223,34.113644],[134.581902,34.113247],[134.581825,34.113325],[134.581279,34.114366],[134.580847,34.115139],[134.580783,34.115275],[134.580544,34.114916],[134.580471,34.114556],[134.580361,34.114317],[134.580084,34.114124],[134.579464,34.113492],[134.579261,34.113258],[134.578734,34.112849],[134.57839,34.112658],[134.577943,34.112459],[134.577575,34.112304],[134.577428,34.112289],[134.577248,34.112322],[134.577126,34.111609],[134.577127,34.111608],[134.577433,34.111695],[134.577477,34.111625],[134.577617,34.111362],[134.578313,34.111798],[134.579063,34.110802],[134.579553,34.110988],[134.579569,34.110981],[134.579717,34.110811],[134.581785,34.111134],[134.582097,34.110379],[134.582314,34.109837],[134.582491,34.109421],[134.582657,34.108953],[134.582699,34.108758],[134.582716,34.108592],[134.583329,34.108623],[134.585186,34.108746],[134.586272,34.108836],[134.586712,34.108881],[134.587606,34.108946],[134.587687,34.10891],[134.5877,34.108326],[134.587715,34.108246],[134.58797,34.108073],[134.588078,34.108049],[134.588668,34.107953],[134.58875,34.107917],[134.58881,34.107877],[134.58886,34.107894],[134.588942,34.107936],[134.589051,34.108191],[134.589089,34.10839],[134.589088,34.108568],[134.58901,34.108753],[134.588863,34.109083],[134.588718,34.109295],[134.58863,34.109571],[134.588635,34.109821],[134.588706,34.109998],[134.588779,34.110197],[134.588873,34.110419],[134.589082,34.110751],[134.589161,34.111377],[134.589145,34.111793],[134.589358,34.114287],[134.589367,34.114396],[134.589402,34.115237],[134.589474,34.115738],[134.589496,34.115794],[134.589476,34.115844],[134.589158,34.115943]],[[134.579183,34.112857],[134.579668,34.113044],[134.579955,34.112555],[134.579474,34.112344],[134.579183,34.112857]]]},"properties":{"S_NAME":"川内町平石住吉","HCODE":8101}},{"type":"Feature","geometry":{"type":"Polygon","coordinates":[[[134.582716,34.108592],[134.582699,34.108758],[134.582657,34.108953],[134.582491,34.109421],[134.582314,34.109837],[134.582097,34.110379],[134.581785,34.111134],[134.579717,34.110811],[134.579569,34.110981],[134.579553,34.110988],[134.579063,34.110802],[134.578313,34.111798],[134.577617,34.111362],[134.577477,34.111625],[134.577433,34.111695],[134.577127,34.111608],[134.577126,34.111609],[134.57674,34.109358],[134.576687,34.109046],[134.576521,34.1084],[134.576418,34.107758],[134.576254,34.106369],[134.576112,34.105512],[134.576309,34.105485],[134.576335,34.105421],[134.576374,34.10523],[134.576433,34.105027],[134.576479,34.10492],[134.57943,34.103636],[134.579519,34.104654],[134.57986,34.104641],[134.579881,34.104674],[134.579942,34.105067],[134.580058,34.105982],[134.579951,34.106434],[134.579899,34.10688],[134.57991,34.106921],[134.582845,34.107279],[134.582843,34.107336],[134.582812,34.10773],[134.582716,34.108592]]]},"properties":{"S_NAME":"川内町平石古田","HCODE":8101}},{"type":"Feature","geometry":{"type":"Polygon","coordinates":[[[134.579183,34.112857],[134.579474,34.112344],[134.579955,34.112555],[134.579668,34.113044],[134.579183,34.112857]]]},"properties":{"S_NAME":"川内町平石古田","HCODE":8101}},{"type":"Feature","geometry":{"type":"Polygon","coordinates":[[[134.583508,34.102049],[134.583901,34.102034],[134.584235,34.102153],[134.584607,34.102387],[134.584743,34.102425],[134.584997,34.102435],[134.585163,34.102559],[134.58531,34.102604],[134.585475,34.102607],[134.585634,34.102543],[134.585832,34.102263],[134.586038,34.102304],[134.586164,34.102338],[134.586398,34.102424],[134.586593,34.102506],[134.586888,34.102686],[134.587276,34.103117],[134.587857,34.104049],[134.588146,34.104771],[134.588363,34.105403],[134.588554,34.106275],[134.588624,34.106624],[134.5887,34.107362],[134.588751,34.10769],[134.58881,34.107877],[134.58875,34.107917],[134.588668,34.107953],[134.588078,34.108049],[134.58797,34.108073],[134.587715,34.108246],[134.5877,34.108326],[134.587687,34.10891],[134.587606,34.108946],[134.586712,34.108881],[134.586272,34.108836],[134.585186,34.108746],[134.583329,34.108623],[134.582716,34.108592],[134.582812,34.10773],[134.582843,34.107336],[134.582845,34.107279],[134.57991,34.106921],[134.579899,34.10688],[134.579951,34.106434],[134.580058,34.105982],[134.579942,34.105067],[134.579881,34.104674],[134.57986,34.104641],[134.579519,34.104654],[134.57943,34.103636],[134.581723,34.102657],[134.583248,34.102138],[134.583508,34.102049]]]},"properties":{"S_NAME":"川内町平石若宮","HCODE":8101}},{"type":"Feature","geometry":{"type":"Polygon","coordinates":[[[134.594035,34.117803],[134.592193,34.117063],[134.592193,34.117036],[134.591696,34.117081],[134.591293,34.117096],[134.590898,34.117105],[134.590732,34.117099],[134.590381,34.117279],[134.589885,34.117321],[134.589693,34.117406],[134.589588,34.117032],[134.58975,34.116922],[134.589726,34.116854],[134.589654,34.116661],[134.589333,34.116292],[134.589158,34.115943],[134.589476,34.115844],[134.589496,34.115794],[134.589474,34.115738],[134.589402,34.115237],[134.589367,34.114396],[134.589358,34.114287],[134.589145,34.111793],[134.589161,34.111377],[134.589082,34.110751],[134.588873,34.110419],[134.588779,34.110197],[134.588706,34.109998],[134.588635,34.109821],[134.58863,34.109571],[134.588718,34.109295],[134.588863,34.109083],[134.58901,34.108753],[134.589088,34.108568],[134.589089,34.10839],[134.589051,34.108191],[134.589651,34.108162],[134.592391,34.10809],[134.596023,34.107978],[134.598312,34.108021],[134.597824,34.109111],[134.597509,34.110011],[134.597304,34.110858],[134.597226,34.111169],[134.597131,34.111551],[134.596762,34.112821],[134.596339,34.113965],[134.596014,34.114965],[134.59559,34.115668],[134.594829,34.116695],[134.594035,34.117803]]]},"properties":{"S_NAME":"川内町米津","HCODE":8101}},{"type":"Feature","geometry":{"type":"Polygon","coordinates":[[[134.598312,34.108021],[134.596023,34.107978],[134.592391,34.10809],[134.589651,34.108162],[134.589051,34.108191],[134.588942,34.107936],[134.58886,34.107894],[134.58881,34.107877],[134.588751,34.10769],[134.5887,34.107362],[134.588624,34.106624],[134.588554,34.106275],[134.588363,34.105403],[134.588146,34.104771],[134.587857,34.104049],[134.587276,34.103117],[134.586888,34.102686],[134.586593,34.102506],[134.586398,34.102424],[134.586164,34.102338],[134.586038,34.102304],[134.585832,34.102263],[134.585634,34.102543],[134.585475,34.102607],[134.58531,34.102604],[134.585163,34.102559],[134.584997,34.102435],[134.584743,34.102425],[134.584607,34.102387],[134.584235,34.102153],[134.583901,34.102034],[134.583508,34.102049],[134.583581,34.101976],[134.583552,34.1018],[134.583473,34.101391],[134.583477,34.101192],[134.583435,34.10096],[134.58338,34.100554],[134.583197,34.100082],[134.583181,34.099889],[134.583268,34.09986],[134.583447,34.099831],[134.583706,34.099801],[134.583832,34.09975],[134.58391,34.09965],[134.583951,34.099534],[134.58394,34.099426],[134.583797,34.098859],[134.58372,34.098498],[134.583468,34.098605],[134.58377,34.098401],[134.584257,34.098243],[134.584626,34.098172],[134.584938,34.098212],[134.585181,34.098185],[134.585579,34.098016],[134.586147,34.097826],[134.586537,34.097662],[134.586826,34.097644],[134.587021,34.097293],[134.587161,34.096977],[134.58719,34.096869],[134.587149,34.096577],[134.587055,34.096235],[134.586889,34.09612],[134.586783,34.09603],[134.589766,34.095809],[134.589853,34.096026],[134.590061,34.096545],[134.590286,34.096915],[134.59067,34.097326],[134.590943,34.097525],[134.591022,34.097599],[134.59142,34.097971],[134.591644,34.098258],[134.592146,34.098671],[134.592539,34.098995],[134.592889,34.099247],[134.593511,34.099715],[134.594055,34.100033],[134.594526,34.100308],[134.59541,34.100802],[134.595624,34.100923],[134.595762,34.100953],[134.595984,34.10097],[134.596195,34.100973],[134.598092,34.101052],[134.598212,34.10107],[134.598342,34.101097],[134.598484,34.101124],[134.598572,34.101187],[134.598681,34.101276],[134.59879,34.101384],[134.59891,34.101528],[134.599019,34.101618],[134.599172,34.101753],[134.601007,34.103606],[134.600496,34.10439],[134.599909,34.105345],[134.599345,34.106381],[134.59866,34.107453],[134.598594,34.107561],[134.598312,34.108021]]]},"properties":{"S_NAME":"川内町富吉","HCODE":8101}},{"type":"Feature","geometry":{"type":"Polygon","coordinates":[[[134.586783,34.09603],[134.586778,34.096022],[134.586331,34.09606],[134.586462,34.095247],[134.586516,34.094915],[134.586563,34.094625],[134.586564,34.094594],[134.586574,34.094391],[134.58658,34.094258],[134.58652,34.093356],[134.587167,34.09323],[134.587647,34.093132],[134.587816,34.093081],[134.587907,34.093318],[134.588012,34.093603],[134.588202,34.093911],[134.588465,34.094236],[134.588716,34.094497],[134.589076,34.094785],[134.589383,34.095019],[134.5896,34.095252],[134.589721,34.09548],[134.589764,34.09564],[134.589766,34.095809],[134.586783,34.09603]]]},"properties":{"S_NAME":"川内町松岡","HCODE":8101}},{"type":"Feature","geometry":{"type":"Polygon","coordinates":[[[134.583319,34.096347],[134.583266,34.096374],[134.583191,34.096449],[134.583169,34.096523],[134.583152,34.096633],[134.583161,34.096726],[134.583178,34.096845],[134.583221,34.096961],[134.583333,34.09719],[134.583385,34.097769],[134.583335,34.097872],[134.583131,34.097961],[134.583056,34.098038],[134.58285,34.098561],[134.58277,34.098738],[134.582694,34.098715],[134.582391,34.098847],[134.582162,34.098968],[134.581955,34.099104],[134.581616,34.099305],[134.580891,34.098134],[134.581511,34.097913],[134.581487,34.097816],[134.579114,34.093339],[134.579053,34.093352],[134.578734,34.093435],[134.578688,34.093427],[134.578687,34.093393],[134.578704,34.093326],[134.578677,34.093194],[134.578648,34.093169],[134.578538,34.093076],[134.578532,34.09307],[134.578174,34.09283],[134.578004,34.092992],[134.577957,34.092971],[134.577753,34.092752],[134.577662,34.092703],[134.577521,34.092768],[134.577363,34.092812],[134.576861,34.093069],[134.576674,34.092691],[134.576586,34.092384],[134.576462,34.092063],[134.576463,34.092063],[134.573361,34.087216],[134.574591,34.086773],[134.575572,34.086419],[134.578686,34.091507],[134.57882,34.09179],[134.578925,34.0918],[134.579367,34.091833],[134.579885,34.09185],[134.581153,34.091928],[134.581764,34.091995],[134.581859,34.092004],[134.581852,34.092119],[134.58184,34.092108],[134.581858,34.092285],[134.581838,34.092594],[134.581857,34.092828],[134.581875,34.093028],[134.581901,34.093123],[134.581897,34.093234],[134.581841,34.093351],[134.581765,34.093437],[134.581001,34.093518],[134.581094,34.094264],[134.581265,34.094236],[134.58134,34.094243],[134.581443,34.094293],[134.581482,34.094337],[134.581521,34.094494],[134.581554,34.094526],[134.5816,34.094524],[134.582104,34.094417],[134.582731,34.094258],[134.583006,34.095321],[134.583063,34.095563],[134.582988,34.095641],[134.58292,34.095699],[134.583051,34.095933],[134.583319,34.096347]]]},"properties":{"S_NAME":"川内町宮島錦野","HCODE":8101}},{"type":"Feature","geometry":{"type":"Polygon","coordinates":[[[134.58652,34.093356],[134.58649,34.093076],[134.586274,34.093069],[134.585982,34.093038],[134.585706,34.093025],[134.585507,34.093045],[134.584821,34.093199],[134.583929,34.093384],[134.584205,34.094144],[134.584352,34.095178],[134.584397,34.095518],[134.584405,34.095577],[134.584339,34.095743],[134.584214,34.095871],[134.583606,34.096199],[134.583319,34.096347],[134.583051,34.095933],[134.58292,34.095699],[134.582988,34.095641],[134.583063,34.095563],[134.583006,34.095321],[134.582731,34.094258],[134.582104,34.094417],[134.5816,34.094524],[134.581554,34.094526],[134.581521,34.094494],[134.581482,34.094337],[134.581443,34.094293],[134.58134,34.094243],[134.581265,34.094236],[134.581094,34.094264],[134.581001,34.093518],[134.581765,34.093437],[134.581841,34.093351],[134.581897,34.093234],[134.581901,34.093123],[134.581875,34.093028],[134.581857,34.092828],[134.581838,34.092594],[134.581858,34.092285],[134.58184,34.092108],[134.581852,34.092119],[134.581859,34.092004],[134.581764,34.091995],[134.58186,34.09198],[134.581976,34.091964],[134.582268,34.091892],[134.582861,34.091588],[134.583073,34.091449],[134.583175,34.091349],[134.583248,34.091088],[134.583293,34.090963],[134.583358,34.090783],[134.583467,34.090648],[134.583641,34.09044],[134.583804,34.090305],[134.583879,34.090268],[134.584152,34.09017],[134.584327,34.090152],[134.584468,34.090152],[134.584665,34.090188],[134.584916,34.09025],[134.585123,34.090313],[134.585363,34.090403],[134.585526,34.090502],[134.585832,34.090736],[134.586467,34.091302],[134.586498,34.091329],[134.587207,34.092004],[134.587535,34.092373],[134.587644,34.092607],[134.587816,34.093081],[134.587647,34.093132],[134.587167,34.09323],[134.58652,34.093356]]]},"properties":{"S_NAME":"川内町宮島本浦","HCODE":8101}},{"type":"Feature","geometry":{"type":"Polygon","coordinates":[[[134.586783,34.09603],[134.586889,34.09612],[134.587055,34.096235],[134.587149,34.096577],[134.58719,34.096869],[134.587161,34.096977],[134.587021,34.097293],[134.586826,34.097644],[134.586537,34.097662],[134.586147,34.097826],[134.585579,34.098016],[134.585181,34.098185],[134.584938,34.098212],[134.584626,34.098172],[134.584257,34.098243],[134.58377,34.098401],[134.583468,34.098605],[134.58372,34.098498],[134.583797,34.098859],[134.58394,34.099426],[134.583951,34.099534],[134.58391,34.09965],[134.583832,34.09975],[134.583706,34.099801],[134.583447,34.099831],[134.583268,34.09986],[134.583181,34.099889],[134.583197,34.100082],[134.58338,34.100554],[134.583435,34.10096],[134.583477,34.101192],[134.583473,34.101391],[134.583552,34.1018],[134.583581,34.101976],[134.583508,34.102049],[134.583248,34.102138],[134.581723,34.102657],[134.581743,34.101932],[134.580562,34.101771],[134.580448,34.101763],[134.580432,34.101744],[134.580602,34.100568],[134.580507,34.100104],[134.580452,34.099957],[134.581679,34.099396],[134.581616,34.099305],[134.581955,34.099104],[134.582162,34.098968],[134.582391,34.098847],[134.582694,34.098715],[134.58277,34.098738],[134.58285,34.098561],[134.583056,34.098038],[134.583131,34.097961],[134.583335,34.097872],[134.583385,34.097769],[134.583333,34.09719],[134.583221,34.096961],[134.583178,34.096845],[134.583161,34.096726],[134.583152,34.096633],[134.583169,34.096523],[134.583191,34.096449],[134.583266,34.096374],[134.583319,34.096347],[134.583606,34.096199],[134.584214,34.095871],[134.584339,34.095743],[134.584405,34.095577],[134.584397,34.095518],[134.584352,34.095178],[134.584205,34.094144],[134.583929,34.093384],[134.584821,34.093199],[134.585507,34.093045],[134.585706,34.093025],[134.585982,34.093038],[134.586274,34.093069],[134.58649,34.093076],[134.58652,34.093356],[134.58658,34.094258],[134.586574,34.094391],[134.586564,34.094594],[134.586563,34.094625],[134.586516,34.094915],[134.586462,34.095247],[134.586331,34.09606],[134.586778,34.096022],[134.586783,34.09603]]]},"properties":{"S_NAME":"川内町宮島浜","HCODE":8101}},{"type":"Feature","geometry":{"type":"Polygon","coordinates":[[[134.580465,34.09176],[134.57997,34.091739],[134.579376,34.091709],[134.579376,34.091312],[134.579831,34.09128],[134.580028,34.091295],[134.580277,34.091304],[134.580453,34.091272],[134.580465,34.09176]]]},"properties":{"S_NAME":"川内町鶴島","HCODE":8101}},{"type":"Feature","geometry":{"type":"Polygon","coordinates":[[[134.581616,34.099305],[134.581679,34.099396],[134.580452,34.099957],[134.579726,34.100254],[134.579759,34.100046],[134.579746,34.100045],[134.579745,34.100045],[134.579634,34.099892],[134.579503,34.099689],[134.579314,34.099502],[134.579019,34.099279],[134.578817,34.099086],[134.578744,34.099008],[134.576578,34.099839],[134.576498,34.099787],[134.576415,34.099765],[134.576323,34.099752],[134.576254,34.099744],[134.57619,34.099742],[134.576128,34.099743],[134.576052,34.099747],[134.575979,34.099755],[134.57589,34.099776],[134.575979,34.099694],[134.576059,34.09962],[134.575819,34.099538],[134.575761,34.099518],[134.57575,34.099508],[134.575753,34.099496],[134.575354,34.098905],[134.575067,34.098458],[134.574953,34.098306],[134.574567,34.097749],[134.574235,34.097267],[134.573853,34.096389],[134.573712,34.096056],[134.573508,34.096102],[134.573394,34.096084],[134.57301,34.096276],[134.572874,34.096278],[134.572578,34.096381],[134.572499,34.096261],[134.572216,34.095816],[134.57143,34.094663],[134.571124,34.094191],[134.571041,34.094064],[134.570956,34.093935],[134.571012,34.093912],[134.571009,34.093908],[134.568176,34.089696],[134.568173,34.089699],[134.567712,34.089498],[134.56761,34.089288],[134.567808,34.089217],[134.568005,34.089146],[134.56934,34.088665],[134.571763,34.087792],[134.572052,34.087688],[134.573361,34.087216],[134.576463,34.092063],[134.576462,34.092063],[134.576586,34.092384],[134.576674,34.092691],[134.576861,34.093069],[134.577363,34.092812],[134.577521,34.092768],[134.577662,34.092703],[134.577753,34.092752],[134.577957,34.092971],[134.578004,34.092992],[134.578174,34.09283],[134.578532,34.09307],[134.578538,34.093076],[134.578648,34.093169],[134.578677,34.093194],[134.578704,34.093326],[134.578687,34.093393],[134.578688,34.093427],[134.578734,34.093435],[134.579053,34.093352],[134.579114,34.093339],[134.581487,34.097816],[134.581511,34.097913],[134.580891,34.098134],[134.581616,34.099305]]]},"properties":{"S_NAME":"川内町鶴島","HCODE":8101}},{"type":"Feature","geometry":{"type":"Polygon","coordinates":[[[134.572032,34.101196],[134.571792,34.101331],[134.571198,34.10175],[134.570597,34.102203],[134.569211,34.103313],[134.568982,34.103469],[134.568971,34.10347],[134.568817,34.103292],[134.568416,34.102925],[134.567826,34.102567],[134.567541,34.102417],[134.567466,34.102352],[134.567388,34.102284],[134.567241,34.102044],[134.567865,34.101886],[134.567989,34.10185],[134.568068,34.101775],[134.568376,34.101217],[134.568417,34.101093],[134.568524,34.100302],[134.568518,34.100138],[134.568501,34.099767],[134.56849,34.099553],[134.568724,34.099558],[134.569017,34.099542],[134.569319,34.099529],[134.569613,34.09959],[134.569891,34.099588],[134.570029,34.099531],[134.570096,34.099477],[134.570516,34.099226],[134.571055,34.09893],[134.571416,34.098724],[134.571773,34.100204],[134.571932,34.100805],[134.572032,34.101196]]]},"properties":{"S_NAME":"川内町鈴江西","HCODE":8101}},{"type":"Feature","geometry":{"type":"Polygon","coordinates":[[[134.572499,34.096261],[134.57224,34.096325],[134.571665,34.096433],[134.57074,34.096608],[134.570655,34.096521],[134.570553,34.096412],[134.570448,34.096322],[134.570367,34.096263],[134.570231,34.096185],[134.570144,34.096138],[134.570079,34.09609],[134.569897,34.095935],[134.569558,34.095647],[134.569551,34.095635],[134.569615,34.095587],[134.569628,34.095582],[134.569622,34.095546],[134.569625,34.095521],[134.569697,34.095461],[134.569725,34.095433],[134.56975,34.095393],[134.569763,34.095368],[134.569773,34.095335],[134.569776,34.095314],[134.569775,34.09529],[134.569772,34.095274],[134.569756,34.095251],[134.569693,34.095175],[134.569673,34.09515],[134.569653,34.095109],[134.569607,34.09508],[134.569586,34.095064],[134.569575,34.09505],[134.569566,34.095036],[134.569558,34.09502],[134.569552,34.09499],[134.569549,34.094962],[134.569551,34.094946],[134.569557,34.094926],[134.569571,34.094902],[134.56958,34.094897],[134.569616,34.094894],[134.569661,34.094895],[134.569733,34.094898],[134.569792,34.0949],[134.569828,34.094902],[134.569866,34.094899],[134.569883,34.094888],[134.570069,34.094693],[134.570095,34.094663],[134.570214,34.094521],[134.570397,34.0943],[134.57044,34.094256],[134.570536,34.094167],[134.570592,34.094124],[134.570641,34.094091],[134.570797,34.094005],[134.570922,34.093949],[134.570956,34.093935],[134.571041,34.094064],[134.571124,34.094191],[134.57143,34.094663],[134.572216,34.095816],[134.572499,34.096261]]]},"properties":{"S_NAME":"川内町鈴江南","HCODE":8101}},{"type":"Feature","geometry":{"type":"Polygon","coordinates":[[[134.572578,34.096381],[134.572733,34.096626],[134.573385,34.097528],[134.573771,34.098132],[134.57421,34.09882],[134.574573,34.099411],[134.575043,34.100267],[134.57526,34.100935],[134.57536,34.101374],[134.575749,34.103577],[134.574141,34.10373],[134.574123,34.103724],[134.574108,34.103701],[134.57407,34.10316],[134.5728,34.103235],[134.572649,34.103239],[134.572302,34.102184],[134.572151,34.101662],[134.572032,34.101196],[134.571932,34.100805],[134.571773,34.100204],[134.571416,34.098724],[134.571241,34.097806],[134.570969,34.097022],[134.57074,34.096608],[134.571665,34.096433],[134.57224,34.096325],[134.572499,34.096261],[134.572578,34.096381]]]},"properties":{"S_NAME":"川内町鈴江北","HCODE":8101}},{"type":"Feature","geometry":{"type":"Polygon","coordinates":[[[134.59766,34.08907],[134.59671,34.089337],[134.594971,34.089835],[134.593867,34.090146],[134.593503,34.088196],[134.593135,34.086405],[134.589932,34.087416],[134.58993,34.087226],[134.590299,34.087104],[134.590824,34.086941],[134.59109,34.08686],[134.591782,34.086647],[134.59217,34.086527],[134.59299,34.086281],[134.593823,34.086053],[134.594524,34.085858],[134.595472,34.085603],[134.596676,34.085283],[134.596699,34.085386],[134.596733,34.085747],[134.596854,34.086404],[134.597172,34.087376],[134.59766,34.08907]]]},"properties":{"S_NAME":"川内町小松東","HCODE":8101}},{"type":"Feature","geometry":{"type":"Polygon","coordinates":[[[134.592672,34.090505],[134.592536,34.090518],[134.592293,34.090509],[134.591823,34.090453],[134.59134,34.090427],[134.591164,34.090444],[134.59066,34.090508],[134.590417,34.090533],[134.590377,34.090286],[134.590354,34.090196],[134.590223,34.090003],[134.590115,34.089735],[134.590113,34.089642],[134.590093,34.089364],[134.590088,34.088978],[134.590025,34.088832],[134.590002,34.088598],[134.589983,34.088165],[134.589967,34.087678],[134.589932,34.087416],[134.593135,34.086405],[134.593503,34.088196],[134.593867,34.090146],[134.593009,34.090405],[134.592672,34.090505]]]},"properties":{"S_NAME":"川内町小松西","HCODE":8101}},{"type":"Feature","geometry":{"type":"Polygon","coordinates":[[[134.596676,34.085283],[134.597604,34.085032],[134.599518,34.084542],[134.600746,34.08423],[134.600742,34.084216],[134.600726,34.084172],[134.601022,34.084094],[134.601015,34.084062],[134.602339,34.083722],[134.602403,34.08369],[134.60239,34.083653],[134.602621,34.083594],[134.602678,34.083581],[134.602798,34.083555],[134.602872,34.083542],[134.602951,34.083534],[134.603037,34.083528],[134.60311,34.083526],[134.60317,34.083529],[134.603224,34.083543],[134.603232,34.083919],[134.603246,34.084272],[134.603252,34.084279],[134.60326,34.084313],[134.603266,34.084341],[134.603279,34.084389],[134.603295,34.084432],[134.603316,34.084473],[134.603345,34.08451],[134.603363,34.084509],[134.603354,34.084583],[134.603342,34.084583],[134.603323,34.084622],[134.603313,34.084649],[134.603306,34.084676],[134.603304,34.084706],[134.603307,34.084745],[134.603323,34.084791],[134.60334,34.084843],[134.60337,34.0849],[134.60342,34.084979],[134.603475,34.085065],[134.603559,34.085161],[134.603627,34.085216],[134.603609,34.08529],[134.603592,34.085302],[134.603538,34.085332],[134.603507,34.08536],[134.603468,34.085426],[134.603391,34.085622],[134.603376,34.085673],[134.60336,34.085749],[134.603351,34.085839],[134.603356,34.085896],[134.603363,34.085925],[134.603381,34.085967],[134.603366,34.08609],[134.603505,34.086364],[134.603585,34.086487],[134.603606,34.086598],[134.603666,34.086815],[134.603865,34.087059],[134.603903,34.087124],[134.603965,34.087354],[134.603946,34.087556],[134.604104,34.087793],[134.604182,34.088167],[134.604435,34.088697],[134.604508,34.088741],[134.6045,34.088804],[134.604594,34.088929],[134.60475,34.089153],[134.604883,34.089474],[134.604922,34.089593],[134.604963,34.089736],[134.605032,34.090003],[134.605165,34.090617],[134.605198,34.090846],[134.605068,34.090903],[134.604999,34.091066],[134.604951,34.091357],[134.604879,34.091662],[134.604846,34.091923],[134.604822,34.092374],[134.604835,34.093118],[134.60485,34.093393],[134.60487,34.093528],[134.604917,34.093857],[134.604958,34.093981],[134.60501,34.094163],[134.604643,34.094175],[134.604642,34.094175],[134.60442,34.094182],[134.602741,34.094224],[134.60258,34.094231],[134.599997,34.094081],[134.599811,34.094038],[134.598994,34.093992],[134.598596,34.093971],[134.598139,34.093954],[134.597975,34.093959],[134.597915,34.094055],[134.597786,34.094015],[134.597948,34.093578],[134.598136,34.092829],[134.598105,34.092],[134.59816,34.091671],[134.598174,34.091244],[134.598212,34.091112],[134.598262,34.091053],[134.598286,34.090798],[134.598283,34.090543],[134.598177,34.090134],[134.598142,34.089975],[134.598038,34.089813],[134.597961,34.089599],[134.597895,34.089365],[134.59781,34.089214],[134.59766,34.08907],[134.597172,34.087376],[134.596854,34.086404],[134.596733,34.085747],[134.596699,34.085386],[134.596676,34.085283]]]},"properties":{"S_NAME":"川内町旭野","HCODE":8101}},{"type":"Feature","geometry":{"type":"Polygon","coordinates":[[[134.571416,34.098724],[134.571055,34.09893],[134.570516,34.099226],[134.570096,34.099477],[134.570029,34.099531],[134.569891,34.099588],[134.569613,34.09959],[134.569319,34.099529],[134.569017,34.099542],[134.568724,34.099558],[134.56849,34.099553],[134.568501,34.099767],[134.568518,34.100138],[134.568261,34.100143],[134.568255,34.099603],[134.568223,34.099451],[134.568146,34.09897],[134.568089,34.098734],[134.568015,34.098133],[134.56777,34.098081],[134.56753,34.098062],[134.567473,34.098043],[134.567189,34.097942],[134.567143,34.09793],[134.567131,34.097888],[134.567074,34.097826],[134.566907,34.097702],[134.566748,34.097649],[134.566434,34.097564],[134.565829,34.097408],[134.565679,34.097364],[134.565587,34.097327],[134.56549,34.097269],[134.565412,34.097178],[134.565293,34.097065],[134.565242,34.097033],[134.565166,34.097015],[134.565127,34.097002],[134.562669,34.093032],[134.561667,34.091384],[134.562249,34.091217],[134.563364,34.090874],[134.564751,34.09037],[134.565342,34.090165],[134.566798,34.089611],[134.56761,34.089288],[134.567712,34.089498],[134.568173,34.089699],[134.568176,34.089696],[134.571009,34.093908],[134.571012,34.093912],[134.570956,34.093935],[134.570922,34.093949],[134.570797,34.094005],[134.570641,34.094091],[134.570592,34.094124],[134.570536,34.094167],[134.57044,34.094256],[134.570397,34.0943],[134.570214,34.094521],[134.570095,34.094663],[134.570069,34.094693],[134.569883,34.094888],[134.569866,34.094899],[134.569828,34.094902],[134.569792,34.0949],[134.569733,34.094898],[134.569661,34.094895],[134.569616,34.094894],[134.56958,34.094897],[134.569571,34.094902],[134.569557,34.094926],[134.569551,34.094946],[134.569549,34.094962],[134.569552,34.09499],[134.569558,34.09502],[134.569566,34.095036],[134.569575,34.09505],[134.569586,34.095064],[134.569607,34.09508],[134.569653,34.095109],[134.569673,34.09515],[134.569693,34.095175],[134.569756,34.095251],[134.569772,34.095274],[134.569775,34.09529],[134.569776,34.095314],[134.569773,34.095335],[134.569763,34.095368],[134.56975,34.095393],[134.569725,34.095433],[134.569697,34.095461],[134.569625,34.095521],[134.569622,34.095546],[134.569628,34.095582],[134.569615,34.095587],[134.569551,34.095635],[134.569558,34.095647],[134.569897,34.095935],[134.570079,34.09609],[134.570144,34.096138],[134.570231,34.096185],[134.570367,34.096263],[134.570448,34.096322],[134.570553,34.096412],[134.570655,34.096521],[134.57074,34.096608],[134.570969,34.097022],[134.571241,34.097806],[134.571416,34.098724]]]},"properties":{"S_NAME":"川内町金岡","HCODE":8101}},{"type":"Feature","geometry":{"type":"Polygon","coordinates":[[[134.576903,34.123383],[134.576571,34.123648],[134.576225,34.123984],[134.575716,34.124499],[134.575599,34.124611],[134.574865,34.124641],[134.574486,34.124665],[134.57444,34.124161],[134.57434,34.123938],[134.57362,34.124006],[134.573304,34.124025],[134.572855,34.124004],[134.572818,34.124247],[134.572274,34.124161],[134.571743,34.123969],[134.571698,34.123977],[134.571511,34.124398],[134.571472,34.124398],[134.571025,34.124254],[134.570619,34.124126],[134.570434,34.124292],[134.56936,34.123388],[134.568985,34.123101],[134.56892,34.123019],[134.568976,34.122924],[134.568989,34.122823],[134.568867,34.122735],[134.567998,34.122268],[134.567746,34.122146],[134.56731,34.122049],[134.566796,34.122],[134.56641,34.121968],[134.566154,34.121906],[134.565948,34.121831],[134.565673,34.121732],[134.565274,34.121539],[134.564977,34.1213],[134.564802,34.121103],[134.564712,34.120987],[134.564606,34.120709],[134.564576,34.120493],[134.564587,34.120491],[134.56509,34.120422],[134.565226,34.120421],[134.566073,34.120483],[134.566216,34.120128],[134.566325,34.119838],[134.566367,34.119707],[134.565976,34.118959],[134.56583,34.118597],[134.566296,34.118379],[134.566748,34.118207],[134.567032,34.118153],[134.567728,34.117977],[134.568064,34.117929],[134.568583,34.117969],[134.568599,34.117657],[134.56855,34.117292],[134.569714,34.117213],[134.570135,34.117307],[134.570242,34.117126],[134.570534,34.11723],[134.571004,34.117263],[134.571148,34.117298],[134.571283,34.117409],[134.571482,34.117583],[134.57148,34.117419],[134.571479,34.116947],[134.571463,34.116865],[134.571256,34.116489],[134.570946,34.115985],[134.572847,34.116147],[134.571958,34.115289],[134.571588,34.114937],[134.57132,34.114686],[134.571095,34.114553],[134.570971,34.114427],[134.570939,34.114275],[134.570751,34.114066],[134.571314,34.113705],[134.571797,34.113549],[134.572831,34.113158],[134.573182,34.113019],[134.573264,34.113002],[134.573342,34.113174],[134.573831,34.113018],[134.574497,34.112861],[134.576251,34.112467],[134.577248,34.112322],[134.577428,34.112289],[134.577575,34.112304],[134.577943,34.112459],[134.57839,34.112658],[134.578734,34.112849],[134.579261,34.113258],[134.579464,34.113492],[134.580084,34.114124],[134.580361,34.114317],[134.580471,34.114556],[134.580544,34.114916],[134.580783,34.115275],[134.580847,34.115139],[134.581279,34.114366],[134.581825,34.113325],[134.581902,34.113247],[134.583223,34.113644],[134.583548,34.11374],[134.582965,34.114852],[134.582541,34.11535],[134.582347,34.115557],[134.581478,34.116108],[134.581661,34.116341],[134.581708,34.116386],[134.581787,34.11646],[134.581822,34.116489],[134.581879,34.116529],[134.581983,34.116594],[134.582386,34.116788],[134.582447,34.116834],[134.582495,34.116874],[134.582575,34.117042],[134.582307,34.11713],[134.581936,34.117297],[134.581418,34.117646],[134.581255,34.117826],[134.581164,34.117969],[134.581056,34.118323],[134.580998,34.118413],[134.580868,34.118483],[134.580755,34.118484],[134.58013,34.118453],[134.578262,34.118038],[134.578387,34.118639],[134.578425,34.118793],[134.578576,34.119749],[134.578667,34.120456],[134.578637,34.120889],[134.578487,34.121448],[134.578132,34.122114],[134.577714,34.122643],[134.577407,34.122921],[134.576903,34.123383]],[[134.57998,34.11756],[134.579376,34.117393],[134.579046,34.117854],[134.579733,34.118063],[134.57998,34.11756]]]},"properties":{"S_NAME":"川内町大松","HCODE":8101}},{"type":"Feature","geometry":{"type":"Polygon","coordinates":[[[134.565127,34.097002],[134.564749,34.097135],[134.563895,34.09747],[134.563453,34.097718],[134.563009,34.097987],[134.562705,34.098203],[134.562594,34.098292],[134.56254,34.098335],[134.562814,34.09872],[134.56296,34.098815],[134.563034,34.099074],[134.562371,34.099238],[134.562349,34.099303],[134.562362,34.099437],[134.562357,34.099484],[134.562319,34.099531],[134.562303,34.09961],[134.562316,34.099768],[134.56197,34.09984],[134.561972,34.099947],[134.561543,34.100063],[134.561579,34.100253],[134.561306,34.100353],[134.561323,34.100589],[134.561321,34.100689],[134.561039,34.100795],[134.561007,34.100851],[134.56083,34.100921],[134.560717,34.100945],[134.56042,34.101019],[134.559979,34.101109],[134.559914,34.101123],[134.559838,34.101123],[134.559749,34.101081],[134.559634,34.101066],[134.559476,34.100239],[134.559322,34.100249],[134.556554,34.09282],[134.557128,34.092702],[134.558204,34.092458],[134.559371,34.092141],[134.560707,34.091714],[134.561667,34.091384],[134.562669,34.093032],[134.565127,34.097002]]]},"properties":{"S_NAME":"川内町北原","HCODE":8101}},{"type":"Feature","geometry":{"type":"Polygon","coordinates":[[[134.563743,34.10412],[134.563445,34.104056],[134.563206,34.104021],[134.562963,34.104007],[134.562678,34.104032],[134.562494,34.104114],[134.562164,34.104306],[134.561828,34.104507],[134.561492,34.10475],[134.561229,34.104983],[134.560949,34.105262],[134.560785,34.105401],[134.560442,34.105729],[134.560101,34.106006],[134.559613,34.105458],[134.560376,34.10499],[134.560008,34.104894],[134.559749,34.104818],[134.559619,34.104745],[134.559924,34.104565],[134.560092,34.104485],[134.560161,34.104468],[134.560239,34.104327],[134.560562,34.103778],[134.560691,34.103802],[134.56077,34.103805],[134.560815,34.103776],[134.560989,34.103478],[134.561238,34.103129],[134.561445,34.102979],[134.561928,34.102756],[134.561987,34.102698],[134.561956,34.102632],[134.561875,34.102493],[134.561899,34.10246],[134.562937,34.10215],[134.562997,34.102182],[134.563282,34.102761],[134.563365,34.102886],[134.563511,34.103021],[134.563684,34.103399],[134.56376,34.103518],[134.563783,34.103732],[134.563825,34.103942],[134.563743,34.10412]]]},"properties":{"S_NAME":"川内町北原","HCODE":8101}},{"type":"Feature","geometry":{"type":"Polygon","coordinates":[[[134.568518,34.100138],[134.568524,34.100302],[134.568417,34.101093],[134.568376,34.101217],[134.568068,34.101775],[134.567989,34.10185],[134.567865,34.101886],[134.567241,34.102044],[134.567024,34.101666],[134.566694,34.10096],[134.566595,34.100766],[134.566246,34.099941],[134.566026,34.099334],[134.565872,34.099079],[134.565493,34.098546],[134.565271,34.09826],[134.565208,34.09813],[134.565178,34.09794],[134.565181,34.09763],[134.565184,34.097106],[134.565166,34.097015],[134.565242,34.097033],[134.565293,34.097065],[134.565412,34.097178],[134.56549,34.097269],[134.565587,34.097327],[134.565679,34.097364],[134.565829,34.097408],[134.566434,34.097564],[134.566748,34.097649],[134.566907,34.097702],[134.567074,34.097826],[134.567131,34.097888],[134.567143,34.09793],[134.567189,34.097942],[134.567473,34.098043],[134.56753,34.098062],[134.56777,34.098081],[134.568015,34.098133],[134.568089,34.098734],[134.568146,34.09897],[134.568223,34.099451],[134.568255,34.099603],[134.568261,34.100143],[134.568518,34.100138]]]},"properties":{"S_NAME":"川内町上別宮東","HCODE":8101}},{"type":"Feature","geometry":{"type":"Polygon","coordinates":[[[134.565744,34.102868],[134.565978,34.10331],[134.5661,34.103628],[134.566384,34.104187],[134.566526,34.104583],[134.566613,34.104907],[134.566679,34.105114],[134.566693,34.105143],[134.566392,34.105633],[134.566238,34.105827],[134.566063,34.105716],[134.565517,34.10537],[134.565312,34.105228],[134.565023,34.104962],[134.564832,34.104751],[134.564621,34.104564],[134.564393,34.104392],[134.564115,34.104247],[134.563805,34.104149],[134.563743,34.10412],[134.563825,34.103942],[134.563783,34.103732],[134.56376,34.103518],[134.563684,34.103399],[134.563511,34.103021],[134.563365,34.102886],[134.563282,34.102761],[134.562997,34.102182],[134.562937,34.10215],[134.561899,34.10246],[134.561875,34.102493],[134.561956,34.102632],[134.561987,34.102698],[134.561928,34.102756],[134.561445,34.102979],[134.561238,34.103129],[134.560989,34.103478],[134.560815,34.103776],[134.56077,34.103805],[134.560691,34.103802],[134.560562,34.103778],[134.560239,34.104327],[134.560161,34.104468],[134.560092,34.104485],[134.559924,34.104565],[134.559619,34.104745],[134.559477,34.104609],[134.559758,34.104503],[134.559963,34.103321],[134.559991,34.103157],[134.559939,34.102484],[134.560185,34.102435],[134.560167,34.10209],[134.559979,34.101109],[134.56042,34.101019],[134.560717,34.100945],[134.56083,34.100921],[134.561007,34.100851],[134.561039,34.100795],[134.561321,34.100689],[134.561323,34.100589],[134.561306,34.100353],[134.561579,34.100253],[134.561543,34.100063],[134.561972,34.099947],[134.56197,34.09984],[134.562316,34.099768],[134.562303,34.09961],[134.562319,34.099531],[134.562357,34.099484],[134.562362,34.099437],[134.562349,34.099303],[134.562371,34.099238],[134.563034,34.099074],[134.56296,34.098815],[134.562814,34.09872],[134.56254,34.098335],[134.562594,34.098292],[134.562705,34.098203],[134.563009,34.097987],[134.563453,34.097718],[134.563895,34.09747],[134.564749,34.097135],[134.565127,34.097002],[134.565166,34.097015],[134.565184,34.097106],[134.565181,34.09763],[134.565178,34.09794],[134.565208,34.09813],[134.565271,34.09826],[134.565493,34.098546],[134.565872,34.099079],[134.566026,34.099334],[134.566246,34.099941],[134.566595,34.100766],[134.566222,34.100971],[134.566041,34.10108],[134.56587,34.10115],[134.565493,34.10132],[134.564958,34.10153],[134.564945,34.101535],[134.565744,34.102868]]]},"properties":{"S_NAME":"川内町上別宮南","HCODE":8101}},{"type":"Feature","geometry":{"type":"Polygon","coordinates":[[[134.567388,34.102284],[134.567255,34.102335],[134.566983,34.102445],[134.566633,34.102621],[134.566594,34.102621],[134.566534,34.102572],[134.566454,34.10254],[134.566394,34.102553],[134.565744,34.102868],[134.564945,34.101535],[134.564958,34.10153],[134.565493,34.10132],[134.56587,34.10115],[134.566041,34.10108],[134.566222,34.100971],[134.566595,34.100766],[134.566694,34.10096],[134.567024,34.101666],[134.567241,34.102044],[134.567388,34.102284]]]},"properties":{"S_NAME":"川内町上別宮北","HCODE":8101}},{"type":"Feature","geometry":{"type":"Polygon","coordinates":[[[134.592672,34.090505],[134.593366,34.092071],[134.593727,34.092745],[134.593511,34.092973],[134.593414,34.093104],[134.593259,34.093202],[134.593072,34.093244],[134.59284,34.09322],[134.592656,34.09317],[134.592433,34.093168],[134.592304,34.09318],[134.592135,34.093226],[134.592007,34.093306],[134.591931,34.093354],[134.591571,34.093428],[134.591533,34.093276],[134.59086,34.093508],[134.590853,34.093479],[134.590573,34.09315],[134.590398,34.092902],[134.59017,34.092615],[134.590091,34.092576],[134.589737,34.092648],[134.589342,34.092748],[134.588419,34.09296],[134.588003,34.093043],[134.587816,34.093081],[134.587644,34.092607],[134.587535,34.092373],[134.587207,34.092004],[134.586498,34.091329],[134.586467,34.091302],[134.585832,34.090736],[134.585526,34.090502],[134.585363,34.090403],[134.585123,34.090313],[134.584916,34.09025],[134.584665,34.090188],[134.584468,34.090152],[134.584327,34.090152],[134.584152,34.09017],[134.583879,34.090268],[134.583804,34.090305],[134.583641,34.09044],[134.583467,34.090648],[134.583358,34.090783],[134.583293,34.090963],[134.583248,34.091088],[134.583175,34.091349],[134.583073,34.091449],[134.582861,34.091588],[134.582268,34.091892],[134.581976,34.091964],[134.58186,34.09198],[134.581764,34.091995],[134.581153,34.091928],[134.579885,34.09185],[134.579367,34.091833],[134.578925,34.0918],[134.57882,34.09179],[134.578686,34.091507],[134.575572,34.086419],[134.576413,34.086116],[134.579066,34.08516],[134.58173,34.0842],[134.582163,34.084044],[134.584839,34.08897],[134.585027,34.088891],[134.585029,34.088884],[134.585037,34.088898],[134.585942,34.088576],[134.58643,34.088402],[134.587406,34.088063],[134.588025,34.087855],[134.58993,34.087226],[134.589932,34.087416],[134.589967,34.087678],[134.589983,34.088165],[134.590002,34.088598],[134.590025,34.088832],[134.590088,34.088978],[134.590093,34.089364],[134.590113,34.089642],[134.590115,34.089735],[134.590223,34.090003],[134.590354,34.090196],[134.590377,34.090286],[134.590417,34.090533],[134.59066,34.090508],[134.591164,34.090444],[134.59134,34.090427],[134.591823,34.090453],[134.592293,34.090509],[134.592536,34.090518],[134.592672,34.090505]],[[134.580465,34.09176],[134.580453,34.091272],[134.580277,34.091304],[134.580028,34.091295],[134.579831,34.09128],[134.579376,34.091312],[134.579376,34.091709],[134.57997,34.091739],[134.580465,34.09176]]]},"properties":{"S_NAME":"川内町下別宮東","HCODE":8101}},{"type":"Feature","geometry":{"type":"Polygon","coordinates":[[[134.60501,34.094163],[134.605112,34.094448],[134.605218,34.094705],[134.605379,34.09514],[134.605876,34.097098],[134.605993,34.097528],[134.606182,34.098058],[134.606893,34.099819],[134.606979,34.100238],[134.606984,34.100244],[134.605026,34.101044],[134.603251,34.101777],[134.601541,34.103095],[134.601527,34.103038],[134.601514,34.103047],[134.601366,34.103129],[134.601007,34.103606],[134.599172,34.101753],[134.599019,34.101618],[134.59891,34.101528],[134.59879,34.101384],[134.598681,34.101276],[134.598572,34.101187],[134.598484,34.101124],[134.598342,34.101097],[134.598212,34.10107],[134.598092,34.101052],[134.596195,34.100973],[134.595984,34.10097],[134.595762,34.100953],[134.595624,34.100923],[134.59541,34.100802],[134.594526,34.100308],[134.594055,34.100033],[134.593511,34.099715],[134.592889,34.099247],[134.592539,34.098995],[134.592146,34.098671],[134.591644,34.098258],[134.59142,34.097971],[134.591022,34.097599],[134.590943,34.097525],[134.59067,34.097326],[134.590286,34.096915],[134.590061,34.096545],[134.589853,34.096026],[134.589766,34.095809],[134.589764,34.09564],[134.589721,34.09548],[134.5896,34.095252],[134.589383,34.095019],[134.589076,34.094785],[134.588716,34.094497],[134.588465,34.094236],[134.588202,34.093911],[134.588012,34.093603],[134.587907,34.093318],[134.587816,34.093081],[134.588003,34.093043],[134.588419,34.09296],[134.589342,34.092748],[134.589737,34.092648],[134.590091,34.092576],[134.59017,34.092615],[134.590398,34.092902],[134.590573,34.09315],[134.590853,34.093479],[134.59086,34.093508],[134.591533,34.093276],[134.591571,34.093428],[134.591931,34.093354],[134.592007,34.093306],[134.592135,34.093226],[134.592304,34.09318],[134.592433,34.093168],[134.592656,34.09317],[134.59284,34.09322],[134.593072,34.093244],[134.593259,34.093202],[134.593414,34.093104],[134.593511,34.092973],[134.593727,34.092745],[134.593366,34.092071],[134.592672,34.090505],[134.593009,34.090405],[134.593867,34.090146],[134.594971,34.089835],[134.59671,34.089337],[134.59766,34.08907],[134.59781,34.089214],[134.597895,34.089365],[134.597961,34.089599],[134.598038,34.089813],[134.598142,34.089975],[134.598177,34.090134],[134.598283,34.090543],[134.598286,34.090798],[134.598262,34.091053],[134.598212,34.091112],[134.598174,34.091244],[134.59816,34.091671],[134.598105,34.092],[134.598136,34.092829],[134.597948,34.093578],[134.597786,34.094015],[134.597915,34.094055],[134.597975,34.093959],[134.598139,34.093954],[134.598596,34.093971],[134.598994,34.093992],[134.599811,34.094038],[134.599997,34.094081],[134.60258,34.094231],[134.602741,34.094224],[134.60442,34.094182],[134.604642,34.094175],[134.604643,34.094175],[134.60501,34.094163]]]},"properties":{"S_NAME":"川内町下別宮西","HCODE":8101}},{"type":"Feature","geometry":{"type":"Polygon","coordinates":[[[134.536903,34.034592],[134.536656,34.03454],[134.536548,34.034547],[134.536428,34.034584],[134.535535,34.034896],[134.53516,34.035017],[134.535133,34.035097],[134.535322,34.035509],[134.53529,34.035584],[134.53517,34.035666],[134.535142,34.035743],[134.535215,34.035955],[134.535206,34.036022],[134.535156,34.036067],[134.53514,34.036154],[134.535308,34.036575],[134.535352,34.036716],[134.53548,34.036887],[134.535604,34.036972],[134.535261,34.036914],[134.534978,34.036943],[134.534464,34.036962],[134.53394,34.036844],[134.533647,34.036683],[134.533273,34.036464],[134.532807,34.036314],[134.532647,34.036254],[134.532108,34.036188],[134.531554,34.036146],[134.530235,34.036135],[134.528971,34.036199],[134.528618,34.036263],[134.528372,34.036214],[134.527112,34.036133],[134.526813,34.036059],[134.526506,34.03601],[134.525907,34.035966],[134.525846,34.035989],[134.525776,34.035967],[134.525734,34.035935],[134.52568,34.035814],[134.525712,34.035673],[134.525752,34.035568],[134.525731,34.035279],[134.525132,34.032839],[134.52475,34.032316],[134.524633,34.032201],[134.524051,34.031563],[134.523685,34.030958],[134.523473,34.030555],[134.523356,34.030092],[134.52339,34.029474],[134.528861,34.02942],[134.531393,34.029553],[134.531875,34.02955],[134.532831,34.029544],[134.534127,34.030838],[134.534651,34.031309],[134.534838,34.031452],[134.535225,34.031652],[134.535324,34.031658],[134.535406,34.031653],[134.53556,34.031551],[134.535648,34.031456],[134.535737,34.031355],[134.535819,34.031282],[134.535934,34.031247],[134.535994,34.031262],[134.53602,34.031337],[134.536013,34.031465],[134.535944,34.031592],[134.535865,34.031708],[134.535829,34.031753],[134.535587,34.032215],[134.536009,34.032315],[134.536398,34.032387],[134.536684,34.032467],[134.536816,34.032469],[134.536931,34.032458],[134.536831,34.032554],[134.536738,34.032627],[134.536574,34.032936],[134.536496,34.033099],[134.53626,34.033539],[134.536463,34.03379],[134.536724,34.034211],[134.53682,34.034378],[134.536903,34.034592]]]},"properties":{"S_NAME":"大谷町大縄手","HCODE":8101}},{"type":"Feature","geometry":{"type":"Polygon","coordinates":[[[134.537738,34.032014],[134.537833,34.032246],[134.537814,34.03257],[134.537805,34.032738],[134.537755,34.033064],[134.537635,34.03336],[134.537576,34.033522],[134.537531,34.033607],[134.537482,34.033686],[134.537347,34.033823],[134.537288,34.033901],[134.537262,34.033966],[134.537125,34.034432],[134.537111,34.034515],[134.537104,34.034692],[134.537103,34.034696],[134.537025,34.034636],[134.536903,34.034592],[134.53682,34.034378],[134.536724,34.034211],[134.536463,34.03379],[134.53626,34.033539],[134.536496,34.033099],[134.536574,34.032936],[134.536738,34.032627],[134.536831,34.032554],[134.536931,34.032458],[134.537075,34.032404],[134.53736,34.032216],[134.537647,34.032048],[134.537738,34.032014]]]},"properties":{"S_NAME":"大谷町野見松","HCODE":8101}},{"type":"Feature","geometry":{"type":"Polygon","coordinates":[[[134.536895,34.037027],[134.536466,34.037006],[134.536185,34.037008],[134.535904,34.037051],[134.535604,34.036972],[134.53548,34.036887],[134.535352,34.036716],[134.535308,34.036575],[134.53514,34.036154],[134.535156,34.036067],[134.535206,34.036022],[134.535215,34.035955],[134.535142,34.035743],[134.53517,34.035666],[134.53529,34.035584],[134.535322,34.035509],[134.535133,34.035097],[134.53516,34.035017],[134.535535,34.034896],[134.536428,34.034584],[134.536548,34.034547],[134.536656,34.03454],[134.536903,34.034592],[134.537025,34.034636],[134.537103,34.034696],[134.537107,34.034699],[134.536994,34.036146],[134.536895,34.037027]]]},"properties":{"S_NAME":"大谷町紅葉山","HCODE":8101}},{"type":"Feature","geometry":{"type":"Polygon","coordinates":[[[134.538006,34.028245],[134.537968,34.028565],[134.537915,34.028759],[134.53788,34.028878],[134.537552,34.029759],[134.537469,34.029981],[134.537404,34.030286],[134.537394,34.030459],[134.537352,34.030546],[134.537189,34.030607],[134.536964,34.030692],[134.536938,34.030998],[134.536955,34.031209],[134.536896,34.031436],[134.536812,34.03163],[134.536787,34.03182],[134.536809,34.03194],[134.536777,34.031947],[134.536677,34.031935],[134.536514,34.031844],[134.536474,34.031837],[134.53637,34.031796],[134.536267,34.031804],[134.536181,34.031829],[134.535917,34.031728],[134.535865,34.031708],[134.535944,34.031592],[134.536013,34.031465],[134.53602,34.031337],[134.535994,34.031262],[134.535934,34.031247],[134.535819,34.031282],[134.535737,34.031355],[134.535648,34.031456],[134.53556,34.031551],[134.535406,34.031653],[134.535324,34.031658],[134.535225,34.031652],[134.534838,34.031452],[134.534651,34.031309],[134.534127,34.030838],[134.532831,34.029544],[134.531875,34.02955],[134.531393,34.029553],[134.528861,34.02942],[134.52339,34.029474],[134.52342,34.029219],[134.523435,34.028395],[134.523415,34.028259],[134.523286,34.028041],[134.523125,34.027768],[134.522919,34.027408],[134.522826,34.027274],[134.522692,34.027085],[134.522583,34.026842],[134.522436,34.026489],[134.522353,34.026321],[134.522045,34.025953],[134.521982,34.025789],[134.5219,34.025184],[134.521822,34.024557],[134.521817,34.02454],[134.521788,34.024336],[134.524645,34.025377],[134.529018,34.027264],[134.529224,34.027422],[134.529335,34.027482],[134.529688,34.027607],[134.529833,34.027663],[134.52992,34.027682],[134.530036,34.027676],[134.530336,34.027601],[134.530532,34.027561],[134.530624,34.027508],[134.530735,34.02736],[134.530988,34.027252],[134.531205,34.027067],[134.531378,34.027018],[134.531783,34.027005],[134.532229,34.027039],[134.53245,34.027143],[134.532485,34.027153],[134.532635,34.027147],[134.532849,34.027154],[134.533018,34.02724],[134.533179,34.027428],[134.53326,34.027452],[134.533475,34.027474],[134.533591,34.027497],[134.533779,34.027481],[134.533789,34.02748],[134.533874,34.027504],[134.534009,34.027662],[134.534166,34.027738],[134.534375,34.027784],[134.534541,34.027841],[134.534628,34.027903],[134.534743,34.027981],[134.534874,34.027992],[134.535025,34.02799],[134.535147,34.028015],[134.535239,34.028098],[134.535257,34.028174],[134.535232,34.028359],[134.535282,34.028427],[134.535408,34.028498],[134.535796,34.028488],[134.535866,34.028502],[134.535885,34.028537],[134.535896,34.02866],[134.535906,34.028725],[134.535957,34.028783],[134.536078,34.028824],[134.536406,34.028798],[134.536517,34.028782],[134.536585,34.028791],[134.536683,34.028883],[134.536725,34.028921],[134.53679,34.028909],[134.536931,34.028734],[134.537004,34.028668],[134.537184,34.028574],[134.537299,34.02855],[134.537554,34.028571],[134.537688,34.028551],[134.537762,34.028511],[134.53783,34.028384],[134.538001,34.028176],[134.538006,34.028245]]]},"properties":{"S_NAME":"大谷町南谷","HCODE":8101}},{"type":"Feature","geometry":{"type":"Polygon","coordinates":[[[134.536931,34.032458],[134.536816,34.032469],[134.536684,34.032467],[134.536398,34.032387],[134.536009,34.032315],[134.535587,34.032215],[134.535829,34.031753],[134.535865,34.031708],[134.535917,34.031728],[134.536181,34.031829],[134.536267,34.031804],[134.53637,34.031796],[134.536474,34.031837],[134.536514,34.031844],[134.536677,34.031935],[134.536777,34.031947],[134.536809,34.03194],[134.536787,34.03182],[134.536812,34.03163],[134.536896,34.031436],[134.536955,34.031209],[134.536938,34.030998],[134.536964,34.030692],[134.537189,34.030607],[134.537352,34.030546],[134.537394,34.030459],[134.537404,34.030286],[134.537469,34.029981],[134.537552,34.029759],[134.53788,34.028878],[134.537915,34.028759],[134.537968,34.028565],[134.538006,34.028245],[134.538251,34.028218],[134.538439,34.028213],[134.538666,34.028246],[134.538866,34.028306],[134.539141,34.028454],[134.539369,34.028602],[134.539445,34.028784],[134.539744,34.029067],[134.540666,34.029946],[134.541066,34.030371],[134.540896,34.030542],[134.540772,34.03058],[134.540465,34.0306],[134.540071,34.03061],[134.539852,34.030648],[134.539721,34.03071],[134.539679,34.030814],[134.539718,34.030984],[134.539998,34.03136],[134.540103,34.031504],[134.539609,34.031652],[134.538761,34.031831],[134.537772,34.032001],[134.537738,34.032014],[134.537647,34.032048],[134.53736,34.032216],[134.537075,34.032404],[134.536931,34.032458]]]},"properties":{"S_NAME":"大谷町猿楽","HCODE":8101}},{"type":"Feature","geometry":{"type":"Polygon","coordinates":[[[134.538583,34.037361],[134.538482,34.037332],[134.538129,34.037242],[134.53774,34.037148],[134.537453,34.037053],[134.537298,34.037019],[134.536895,34.037027],[134.536994,34.036146],[134.537107,34.034699],[134.537103,34.034696],[134.537104,34.034692],[134.537111,34.034515],[134.537125,34.034432],[134.537262,34.033966],[134.537288,34.033901],[134.537347,34.033823],[134.537482,34.033686],[134.537531,34.033607],[134.537576,34.033522],[134.537635,34.03336],[134.537755,34.033064],[134.537805,34.032738],[134.537814,34.03257],[134.537833,34.032246],[134.537738,34.032014],[134.537772,34.032001],[134.538761,34.031831],[134.539609,34.031652],[134.540103,34.031504],[134.540388,34.032014],[134.541207,34.033102],[134.541877,34.033877],[134.542247,34.03429],[134.541674,34.035198],[134.541232,34.034772],[134.540386,34.035349],[134.540031,34.035659],[134.539716,34.035962],[134.539713,34.035964],[134.540273,34.036266],[134.540265,34.036384],[134.540481,34.036539],[134.540653,34.036585],[134.540436,34.036722],[134.539988,34.036999],[134.539836,34.036955],[134.539031,34.036959],[134.538904,34.036963],[134.538764,34.036967],[134.538583,34.037361]]]},"properties":{"S_NAME":"大谷町大開","HCODE":8101}},{"type":"Feature","geometry":{"type":"Polygon","coordinates":[[[134.542879,34.034961],[134.542856,34.035659],[134.542972,34.036066],[134.543211,34.036713],[134.54346,34.03719],[134.543722,34.037535],[134.543801,34.037612],[134.542825,34.038189],[134.54272,34.038132],[134.542612,34.03787],[134.542333,34.036706],[134.542274,34.036575],[134.542225,34.036597],[134.541857,34.036825],[134.541509,34.037004],[134.541125,34.036852],[134.541179,34.036516],[134.541273,34.0362],[134.541099,34.036301],[134.540653,34.036585],[134.540481,34.036539],[134.540265,34.036384],[134.540273,34.036266],[134.539713,34.035964],[134.539716,34.035962],[134.540031,34.035659],[134.540386,34.035349],[134.541232,34.034772],[134.541674,34.035198],[134.542247,34.03429],[134.542358,34.034465],[134.542477,34.0348],[134.542898,34.034503],[134.542879,34.034961]]]},"properties":{"S_NAME":"大谷町新堤","HCODE":8101}},{"type":"Feature","geometry":{"type":"Polygon","coordinates":[[[134.589142,34.022357],[134.589252,34.022296],[134.589286,34.022209],[134.589412,34.022157],[134.589516,34.022098],[134.589567,34.022025],[134.589608,34.021825],[134.589633,34.021727],[134.58971,34.021611],[134.589749,34.021449],[134.589792,34.021354],[134.589895,34.021263],[134.590094,34.021152],[134.590151,34.021144],[134.590234,34.021136],[134.590347,34.021124],[134.59056,34.021115],[134.590801,34.020995],[134.590901,34.020991],[134.591316,34.021056],[134.591425,34.021051],[134.591547,34.021068],[134.59163,34.02106],[134.591765,34.021041],[134.591943,34.020981],[134.591986,34.020937],[134.591981,34.020898],[134.591891,34.020713],[134.59188,34.020523],[134.591925,34.020465],[134.591999,34.02041],[134.592042,34.020355],[134.592097,34.020253],[134.592166,34.020198],[134.592431,34.020087],[134.592487,34.020035],[134.592524,34.01993],[134.592745,34.019711],[134.593381,34.019278],[134.593698,34.018998],[134.593954,34.018844],[134.594101,34.018777],[134.594134,34.01877],[134.594405,34.018709],[134.594462,34.018683],[134.594465,34.018618],[134.594485,34.018447],[134.594532,34.018385],[134.594746,34.01828],[134.595079,34.018048],[134.595124,34.017959],[134.595125,34.01776],[134.595197,34.017559],[134.595254,34.017427],[134.595327,34.017357],[134.59541,34.017342],[134.595597,34.017333],[134.595872,34.017338],[134.596031,34.017363],[134.596228,34.017416],[134.596285,34.017426],[134.596363,34.017393],[134.596433,34.017382],[134.597472,34.017532],[134.59759,34.017538],[134.597686,34.01753],[134.59792,34.017405],[134.598026,34.017347],[134.598104,34.017343],[134.598433,34.017474],[134.598516,34.017474],[134.59872,34.017479],[134.598913,34.017561],[134.599071,34.017657],[134.599138,34.017722],[134.599192,34.017856],[134.599297,34.01792],[134.599517,34.018034],[134.599708,34.018147],[134.599971,34.01826],[134.600116,34.018386],[134.6001,34.018451],[134.60004,34.018532],[134.599968,34.018647],[134.599937,34.018734],[134.599885,34.01891],[134.599886,34.018933],[134.59989,34.018948],[134.599907,34.018975],[134.60001,34.019096],[134.600002,34.019097],[134.599973,34.019114],[134.599952,34.019117],[134.599913,34.019131],[134.599863,34.019139],[134.599843,34.019152],[134.599783,34.019156],[134.599742,34.019158],[134.599666,34.019183],[134.599624,34.019191],[134.599658,34.019215],[134.599697,34.019254],[134.599711,34.019254],[134.599717,34.019272],[134.599716,34.019285],[134.599684,34.019307],[134.599663,34.019309],[134.59965,34.019306],[134.599644,34.019301],[134.599628,34.0193],[134.599615,34.019299],[134.599602,34.019295],[134.599589,34.01929],[134.599572,34.019287],[134.59949,34.01926],[134.599449,34.019253],[134.599444,34.01925],[134.599401,34.019222],[134.59939,34.019208],[134.599371,34.019185],[134.599366,34.019175],[134.599368,34.019164],[134.599387,34.019145],[134.599411,34.019131],[134.59944,34.01913],[134.599454,34.019134],[134.599467,34.019134],[134.599479,34.019109],[134.599498,34.019095],[134.599513,34.019091],[134.599519,34.019078],[134.599487,34.019059],[134.599468,34.019042],[134.599468,34.018992],[134.599435,34.01896],[134.599401,34.018938],[134.59939,34.018913],[134.59939,34.018899],[134.599397,34.018887],[134.599343,34.018857],[134.599314,34.01885],[134.599266,34.01884],[134.599241,34.018838],[134.599211,34.018837],[134.599173,34.018836],[134.599126,34.01884],[134.599091,34.018845],[134.598984,34.018875],[134.598959,34.018887],[134.598933,34.018899],[134.598853,34.018942],[134.598719,34.019005],[134.598373,34.019203],[134.598325,34.019242],[134.598181,34.019381],[134.598075,34.019498],[134.598011,34.019596],[134.598004,34.01961],[134.59799,34.019646],[134.597946,34.019708],[134.597902,34.019803],[134.59792,34.019807],[134.597966,34.01981],[134.598008,34.019816],[134.598028,34.019825],[134.598041,34.019836],[134.598062,34.019863],[134.598073,34.019881],[134.598074,34.019891],[134.598073,34.019897],[134.598069,34.019904],[134.598061,34.019908],[134.598049,34.019911],[134.598037,34.019911],[134.598022,34.019911],[134.598011,34.019909],[134.597972,34.019893],[134.597917,34.019873],[134.597886,34.019868],[134.597875,34.019885],[134.597827,34.020066],[134.597754,34.020182],[134.597692,34.020326],[134.597642,34.020473],[134.597619,34.020573],[134.597595,34.020676],[134.597564,34.020883],[134.597562,34.020937],[134.59757,34.021087],[134.597567,34.021225],[134.597578,34.021275],[134.597657,34.021473],[134.597658,34.021475],[134.597697,34.021537],[134.597716,34.021551],[134.597733,34.021555],[134.597752,34.021556],[134.597848,34.02154],[134.597871,34.021546],[134.597893,34.021565],[134.597944,34.021631],[134.597963,34.021662],[134.597967,34.021677],[134.597961,34.021757],[134.598011,34.021864],[134.598016,34.021876],[134.598038,34.021904],[134.598051,34.021919],[134.598057,34.021922],[134.598071,34.02193],[134.598091,34.021936],[134.598106,34.021936],[134.598115,34.021934],[134.598125,34.021928],[134.598137,34.021918],[134.598165,34.021896],[134.598178,34.021899],[134.598222,34.021898],[134.598237,34.021901],[134.598312,34.021908],[134.598324,34.021916],[134.598333,34.021924],[134.598342,34.021939],[134.598348,34.021979],[134.598324,34.021999],[134.598325,34.022008],[134.598396,34.022053],[134.598407,34.022056],[134.598437,34.022082],[134.598469,34.022122],[134.598515,34.022119],[134.598563,34.022131],[134.598577,34.022144],[134.598578,34.022159],[134.59857,34.022168],[134.598554,34.022165],[134.598519,34.022166],[134.598478,34.022189],[134.59848,34.022202],[134.598537,34.022236],[134.59856,34.02223],[134.598584,34.02223],[134.598646,34.022253],[134.598674,34.02226],[134.598686,34.022281],[134.598688,34.0223],[134.598674,34.022312],[134.598545,34.022308],[134.59853,34.022316],[134.598523,34.022321],[134.598515,34.022333],[134.598485,34.022403],[134.598466,34.022497],[134.598464,34.022528],[134.598533,34.02255],[134.598553,34.022564],[134.598558,34.022572],[134.598556,34.022585],[134.598468,34.0226],[134.598465,34.022608],[134.598492,34.022615],[134.598543,34.022643],[134.59855,34.022659],[134.598551,34.022669],[134.59852,34.02267],[134.598467,34.022662],[134.59847,34.022672],[134.59851,34.022687],[134.598522,34.02271],[134.598547,34.02273],[134.598556,34.022742],[134.598554,34.022753],[134.598545,34.022764],[134.598517,34.02278],[134.598491,34.022814],[134.598496,34.022821],[134.598524,34.022831],[134.598578,34.02284],[134.59859,34.022854],[134.59859,34.022869],[134.598578,34.022876],[134.59851,34.022867],[134.598479,34.022855],[134.598446,34.02285],[134.598362,34.022934],[134.598392,34.022957],[134.598408,34.022988],[134.598413,34.023012],[134.598389,34.023036],[134.598352,34.023063],[134.59832,34.023076],[134.598265,34.023075],[134.5982,34.023053],[134.598103,34.022982],[134.598053,34.022973],[134.598033,34.022973],[134.59804,34.022985],[134.598027,34.023014],[134.598004,34.023031],[134.597913,34.023059],[134.597888,34.023073],[134.597857,34.023097],[134.597802,34.023089],[134.597723,34.023089],[134.59763,34.023121],[134.59762,34.023161],[134.597606,34.02318],[134.597551,34.023195],[134.597485,34.023189],[134.597476,34.023188],[134.597464,34.023187],[134.597384,34.023174],[134.597351,34.023175],[134.59735,34.023157],[134.597202,34.023133],[134.597192,34.02313],[134.597087,34.023117],[134.597052,34.023114],[134.589142,34.022357]]]},"properties":{"S_NAME":"大原町小神子山","HCODE":8101}},{"type":"Feature","geometry":{"type":"Polygon","coordinates":[[[134.572021,34.02536],[134.571934,34.02578],[134.57181,34.025769],[134.570982,34.026621],[134.570647,34.026917],[134.569995,34.027269],[134.569304,34.027748],[134.569296,34.027743],[134.569259,34.027662],[134.568721,34.027073],[134.568859,34.026956],[134.568129,34.025924],[134.568082,34.025756],[134.568006,34.02567],[134.56789,34.025606],[134.567822,34.025582],[134.567871,34.025516],[134.568002,34.025414],[134.568038,34.025366],[134.567881,34.025047],[134.56797,34.024995],[134.567982,34.024967],[134.567913,34.024833],[134.567934,34.024797],[134.568251,34.024392],[134.568571,34.024475],[134.568748,34.024517],[134.568863,34.024544],[134.569398,34.024641],[134.569728,34.024691],[134.569944,34.024863],[134.570245,34.025112],[134.570424,34.025228],[134.570524,34.025236],[134.571004,34.025286],[134.571293,34.025316],[134.572021,34.02536]]]},"properties":{"S_NAME":"大原町内開","HCODE":8101}},{"type":"Feature","geometry":{"type":"Polygon","coordinates":[[[134.565954,34.027277],[134.565649,34.027247],[134.565147,34.02758],[134.565453,34.028112],[134.565448,34.02813],[134.565313,34.028239],[134.565218,34.028345],[134.565161,34.028431],[134.565137,34.028587],[134.565158,34.028726],[134.565104,34.02882],[134.565047,34.028957],[134.565029,34.029126],[134.56484,34.029133],[134.564735,34.029158],[134.564655,34.029217],[134.564534,34.029324],[134.564197,34.029089],[134.563955,34.0288],[134.563897,34.028769],[134.563709,34.02841],[134.563748,34.028327],[134.563375,34.028054],[134.563495,34.027866],[134.563671,34.027594],[134.563786,34.027301],[134.563874,34.026946],[134.563927,34.026819],[134.5639,34.026717],[134.563678,34.025643],[134.563513,34.024916],[134.563425,34.024367],[134.563406,34.023549],[134.563494,34.023116],[134.563692,34.022626],[134.564433,34.022788],[134.564859,34.023237],[134.565223,34.02368],[134.565334,34.023945],[134.56534,34.023944],[134.565371,34.024055],[134.565413,34.024144],[134.565155,34.024314],[134.565175,34.02436],[134.565226,34.024442],[134.565242,34.024491],[134.565245,34.024576],[134.56525,34.024613],[134.565269,34.024653],[134.565375,34.024784],[134.565416,34.024825],[134.565441,34.024873],[134.565554,34.025141],[134.565691,34.025272],[134.565718,34.02532],[134.565738,34.025489],[134.565732,34.025858],[134.565731,34.026165],[134.565752,34.026209],[134.565757,34.026234],[134.565755,34.026272],[134.565745,34.026307],[134.56574,34.026359],[134.565769,34.026621],[134.565754,34.026651],[134.565677,34.026712],[134.565654,34.02676],[134.56574,34.027024],[134.565806,34.027151],[134.565964,34.027271],[134.565954,34.027277]]]},"properties":{"S_NAME":"大原町野神","HCODE":8101}},{"type":"Feature","geometry":{"type":"Polygon","coordinates":[[[134.586498,34.035697],[134.586396,34.035802],[134.586323,34.035843],[134.586284,34.035882],[134.586272,34.035897],[134.586207,34.03599],[134.586204,34.035997],[134.586114,34.0361],[134.586049,34.036188],[134.585932,34.036381],[134.585799,34.036617],[134.585768,34.036663],[134.58573,34.03672],[134.585678,34.036808],[134.585632,34.036907],[134.585581,34.037068],[134.585529,34.037251],[134.585512,34.037335],[134.585471,34.03768],[134.585459,34.037743],[134.585419,34.037902],[134.585364,34.03803],[134.585279,34.038158],[134.585185,34.038264],[134.584991,34.038416],[134.584937,34.038435],[134.584917,34.038435],[134.584854,34.038419],[134.584798,34.038374],[134.584752,34.038314],[134.584663,34.038149],[134.584669,34.038109],[134.584694,34.0381],[134.584712,34.038097],[134.584823,34.038097],[134.584854,34.038081],[134.584856,34.038071],[134.58485,34.038046],[134.584747,34.037908],[134.584713,34.037822],[134.584703,34.037767],[134.584702,34.037667],[134.584716,34.037597],[134.58472,34.037543],[134.58473,34.037531],[134.584759,34.037513],[134.58477,34.037502],[134.584773,34.037478],[134.584769,34.037429],[134.584748,34.03737],[134.584675,34.03722],[134.584653,34.037143],[134.584621,34.037065],[134.584594,34.037018],[134.584515,34.036909],[134.584469,34.036851],[134.584421,34.036808],[134.58426,34.036718],[134.584221,34.036675],[134.584208,34.036639],[134.584208,34.036618],[134.584216,34.036548],[134.584213,34.036491],[134.584196,34.036441],[134.584197,34.03641],[134.584202,34.0364],[134.584239,34.036367],[134.584253,34.036334],[134.584271,34.03627],[134.584288,34.036241],[134.584312,34.036217],[134.584353,34.036203],[134.584386,34.036201],[134.584436,34.036204],[134.584487,34.036212],[134.584531,34.036211],[134.584602,34.036168],[134.584605,34.036154],[134.584531,34.036116],[134.584497,34.036087],[134.584478,34.036059],[134.584465,34.036057],[134.584304,34.036125],[134.584121,34.036176],[134.584095,34.036188],[134.584028,34.03623],[134.583987,34.036248],[134.583934,34.036259],[134.583907,34.036261],[134.583775,34.036293],[134.583734,34.036307],[134.583693,34.036316],[134.583684,34.036312],[134.583677,34.036291],[134.58361,34.036307],[134.583555,34.036332],[134.583523,34.036338],[134.583509,34.036336],[134.583395,34.036299],[134.583359,34.036291],[134.583316,34.036269],[134.583304,34.036267],[134.58327,34.036259],[134.583048,34.036139],[134.582993,34.036093],[134.582931,34.03604],[134.582902,34.036022],[134.582761,34.035957],[134.582653,34.035897],[134.582613,34.035866],[134.582552,34.035803],[134.582507,34.035764],[134.582369,34.035677],[134.582221,34.035618],[134.582143,34.035584],[134.581893,34.035444],[134.581804,34.035384],[134.581784,34.035367],[134.581766,34.035346],[134.581751,34.035318],[134.581744,34.035275],[134.581615,34.035221],[134.581215,34.035062],[134.581053,34.03502],[134.581028,34.035001],[134.581015,34.034985],[134.58101,34.034974],[134.58101,34.034962],[134.581013,34.034955],[134.581018,34.034945],[134.581049,34.034904],[134.581057,34.034887],[134.581062,34.034858],[134.581057,34.034856],[134.581051,34.034856],[134.581048,34.034857],[134.581044,34.034859],[134.581035,34.034891],[134.581025,34.034907],[134.581013,34.034922],[134.581003,34.034928],[134.580993,34.034925],[134.58099,34.03492],[134.580985,34.034874],[134.580978,34.034864],[134.580897,34.034868],[134.580754,34.034864],[134.580718,34.034865],[134.580676,34.034872],[134.580634,34.034885],[134.580602,34.034902],[134.580571,34.034922],[134.580499,34.034983],[134.580461,34.034987],[134.580396,34.034966],[134.580368,34.034966],[134.580342,34.034967],[134.580307,34.034972],[134.580247,34.034993],[134.580218,34.035006],[134.580161,34.035038],[134.580134,34.035047],[134.580088,34.035056],[134.580035,34.035061],[134.57995,34.03506],[134.579789,34.035088],[134.579746,34.035093],[134.579709,34.03509],[134.579303,34.03501],[134.579203,34.034984],[134.579078,34.03493],[134.579071,34.034939],[134.579055,34.034947],[134.579018,34.034949],[134.578998,34.034932],[134.578996,34.034902],[134.578836,34.034851],[134.578724,34.034718],[134.578682,34.03465],[134.578642,34.034542],[134.578562,34.034506],[134.578551,34.034503],[134.578207,34.034366],[134.578113,34.034327],[134.577967,34.034281],[134.577845,34.034254],[134.577782,34.034264],[134.577711,34.034292],[134.577692,34.034294],[134.57765,34.034288],[134.577616,34.034279],[134.57761,34.034278],[134.577584,34.034274],[134.5775,34.034276],[134.57743,34.034285],[134.577244,34.034327],[134.577183,34.03435],[134.577176,34.034355],[134.577177,34.034369],[134.577191,34.034382],[134.577214,34.034385],[134.577204,34.03439],[134.577212,34.034476],[134.577221,34.034483],[134.577201,34.034486],[134.577171,34.034522],[134.576927,34.034447],[134.576112,34.034214],[134.575495,34.034054],[134.575106,34.033977],[134.574724,34.03398],[134.57446,34.034033],[134.574176,34.034128],[134.573892,34.034296],[134.573522,34.034561],[134.572883,34.03499],[134.572377,34.035367],[134.572122,34.035555],[134.571997,34.035645],[134.571618,34.03589],[134.571405,34.035953],[134.571196,34.036016],[134.570883,34.036062],[134.570486,34.036144],[134.570236,34.036172],[134.570006,34.036166],[134.569557,34.036085],[134.56943,34.035947],[134.569297,34.035756],[134.569105,34.035501],[134.568892,34.035159],[134.568545,34.034605],[134.568505,34.034569],[134.56833,34.034409],[134.568106,34.034257],[134.567816,34.034042],[134.567726,34.033969],[134.56725,34.033582],[134.566824,34.033169],[134.566453,34.032827],[134.566136,34.03245],[134.565971,34.032153],[134.565848,34.031864],[134.565769,34.031575],[134.565722,34.031223],[134.565688,34.030984],[134.565641,34.030758],[134.565573,34.03063],[134.565037,34.030115],[134.565007,34.03006],[134.56499,34.029958],[134.565028,34.029821],[134.564941,34.029792],[134.564856,34.029766],[134.565061,34.029474],[134.565392,34.029034],[134.565667,34.028667],[134.565681,34.028721],[134.565727,34.0288],[134.566354,34.029009],[134.567173,34.029264],[134.567287,34.028964],[134.567293,34.028835],[134.567714,34.029046],[134.568685,34.029612],[134.569087,34.029793],[134.569424,34.029458],[134.569511,34.029442],[134.569554,34.029764],[134.569593,34.029971],[134.569699,34.030227],[134.569821,34.030495],[134.570029,34.030701],[134.570244,34.030883],[134.570897,34.031348],[134.572006,34.031809],[134.572448,34.031909],[134.572699,34.031999],[134.573161,34.03229],[134.573259,34.032352],[134.573475,34.03257],[134.573744,34.032916],[134.574499,34.03275],[134.57506,34.032632],[134.575423,34.032589],[134.5756,34.032612],[134.575924,34.032683],[134.576353,34.032911],[134.576762,34.033238],[134.580703,34.031274],[134.580762,34.03131],[134.58358,34.033335],[134.583817,34.033379],[134.584196,34.033476],[134.584597,34.033609],[134.585732,34.033851],[134.585786,34.033863],[134.586062,34.034421],[134.58633,34.035161],[134.586462,34.035546],[134.586498,34.035697]]]},"properties":{"S_NAME":"大原町外篭","HCODE":8101}},{"type":"Feature","geometry":{"type":"Polygon","coordinates":[[[134.585461,34.027554],[134.585479,34.027672],[134.585513,34.028145],[134.58552,34.028239],[134.585526,34.028317],[134.585799,34.028467],[134.585899,34.028522],[134.585275,34.029173],[134.585095,34.029191],[134.584955,34.029106],[134.584873,34.028782],[134.584335,34.028338],[134.584276,34.02825],[134.584242,34.028196],[134.584203,34.028151],[134.584109,34.028057],[134.584038,34.028003],[134.583972,34.027953],[134.58384,34.027909],[134.583796,34.027832],[134.583789,34.027782],[134.583848,34.027691],[134.583902,34.027609],[134.583956,34.027563],[134.584016,34.027553],[134.584114,34.027539],[134.584212,34.027538],[134.584803,34.027423],[134.585295,34.027328],[134.585383,34.027418],[134.585461,34.027554]]]},"properties":{"S_NAME":"大原町大神子","HCODE":8101}},{"type":"Feature","geometry":{"type":"Polygon","coordinates":[[[134.573379,34.022596],[134.573332,34.02254],[134.572825,34.022488],[134.572771,34.022749],[134.572711,34.022766],[134.572567,34.022805],[134.572171,34.022839],[134.571712,34.022757],[134.570944,34.022871],[134.570751,34.022951],[134.570767,34.022954],[134.570588,34.023062],[134.570558,34.023099],[134.5708,34.023253],[134.57083,34.023662],[134.571765,34.023547],[134.57181,34.023778],[134.571843,34.024],[134.571851,34.024197],[134.571816,34.024309],[134.57158,34.024795],[134.571293,34.025316],[134.571004,34.025286],[134.570524,34.025236],[134.570424,34.025228],[134.570245,34.025112],[134.569944,34.024863],[134.569728,34.024691],[134.569398,34.024641],[134.568863,34.024544],[134.568748,34.024517],[134.568571,34.024475],[134.568251,34.024392],[134.568125,34.024294],[134.56798,34.024221],[134.56763,34.024146],[134.567784,34.023552],[134.567905,34.022914],[134.567941,34.022686],[134.567953,34.022398],[134.567891,34.021728],[134.56779,34.021006],[134.567794,34.020563],[134.567918,34.020028],[134.568009,34.019777],[134.568012,34.019767],[134.568015,34.019768],[134.568467,34.019907],[134.569033,34.020192],[134.569056,34.020204],[134.569619,34.020511],[134.570217,34.020831],[134.570434,34.020902],[134.57066,34.020863],[134.570992,34.020761],[134.571107,34.020734],[134.571357,34.020676],[134.571478,34.020695],[134.571536,34.020726],[134.571568,34.020762],[134.571658,34.020893],[134.571807,34.021108],[134.571916,34.021217],[134.571961,34.02127],[134.572043,34.021295],[134.572227,34.021294],[134.572619,34.021259],[134.572708,34.021263],[134.572841,34.021304],[134.572995,34.021376],[134.573115,34.021432],[134.573244,34.021447],[134.573362,34.021415],[134.573462,34.021378],[134.57357,34.021361],[134.57364,34.021371],[134.573668,34.021383],[134.573553,34.021976],[134.573515,34.02241],[134.573379,34.022596]]]},"properties":{"S_NAME":"大原町東千代ケ丸","HCODE":8101}},{"type":"Feature","geometry":{"type":"Polygon","coordinates":[[[134.597052,34.023114],[134.596927,34.023125],[134.596865,34.023149],[134.596829,34.023172],[134.596745,34.023235],[134.596651,34.023299],[134.596528,34.023359],[134.596372,34.023444],[134.596153,34.023552],[134.59603,34.023597],[134.59599,34.023604],[134.595916,34.023603],[134.59585,34.023614],[134.595767,34.023617],[134.595582,34.023662],[134.595447,34.023691],[134.595262,34.02376],[134.595202,34.023773],[134.595132,34.023799],[134.594907,34.023902],[134.594847,34.023941],[134.594779,34.023971],[134.594736,34.023982],[134.594671,34.024018],[134.594542,34.024064],[134.59443,34.024088],[134.594413,34.024092],[134.593991,34.02416],[134.593802,34.024187],[134.593766,34.024198],[134.593729,34.024214],[134.593634,34.02424],[134.593567,34.024243],[134.59354,34.024246],[134.593436,34.024304],[134.59336,34.024372],[134.593307,34.024402],[134.59319,34.024504],[134.593104,34.02461],[134.593038,34.024719],[134.592994,34.024771],[134.592975,34.024803],[134.592952,34.024856],[134.592894,34.02496],[134.592881,34.024991],[134.592863,34.025037],[134.592833,34.025096],[134.592754,34.025197],[134.592705,34.025324],[134.592668,34.025374],[134.592627,34.025418],[134.592461,34.025496],[134.592411,34.0255],[134.592348,34.025484],[134.592302,34.025484],[134.592219,34.025488],[134.592161,34.025499],[134.592076,34.025542],[134.591947,34.025632],[134.59188,34.025706],[134.591736,34.025896],[134.591705,34.025951],[134.591663,34.026042],[134.591604,34.026143],[134.591597,34.02617],[134.591592,34.026228],[134.591566,34.026289],[134.591541,34.026392],[134.59149,34.026485],[134.591469,34.026536],[134.591438,34.026583],[134.591307,34.026688],[134.591286,34.026714],[134.591228,34.026846],[134.591154,34.026953],[134.591122,34.026989],[134.591114,34.027006],[134.591099,34.027022],[134.591106,34.02704],[134.591112,34.027055],[134.591117,34.027072],[134.591118,34.027084],[134.591117,34.0271],[134.591112,34.027112],[134.5911,34.027119],[134.591092,34.027123],[134.591083,34.027136],[134.591071,34.027149],[134.591054,34.027159],[134.591038,34.027162],[134.591024,34.027164],[134.591003,34.027165],[134.590977,34.027162],[134.59096,34.027155],[134.590943,34.027145],[134.590924,34.027145],[134.590906,34.027142],[134.590895,34.027138],[134.590886,34.027132],[134.590878,34.027124],[134.590874,34.027106],[134.590859,34.02711],[134.590824,34.027121],[134.590813,34.027122],[134.59077,34.027157],[134.590747,34.027164],[134.590704,34.0272],[134.59068,34.027228],[134.590679,34.027244],[134.590672,34.027265],[134.590633,34.027301],[134.590619,34.027306],[134.590609,34.02731],[134.590594,34.027311],[134.590575,34.027326],[134.590561,34.027333],[134.590569,34.027357],[134.590567,34.027377],[134.590558,34.027403],[134.590534,34.027424],[134.59046,34.027454],[134.590417,34.027467],[134.590393,34.027487],[134.590391,34.027535],[134.590386,34.027549],[134.590362,34.027565],[134.590306,34.027563],[134.590275,34.027556],[134.590252,34.02756],[134.590219,34.027577],[134.590169,34.027624],[134.590152,34.027657],[134.590146,34.027694],[134.59014,34.027704],[134.590123,34.027718],[134.590111,34.027723],[134.59006,34.027731],[134.58996,34.027759],[134.589948,34.027764],[134.589853,34.027799],[134.589833,34.0278],[134.589824,34.027802],[134.589791,34.027801],[134.589708,34.027762],[134.589684,34.027757],[134.589648,34.027737],[134.589611,34.027709],[134.589558,34.027692],[134.589532,34.027692],[134.589498,34.027707],[134.589011,34.027829],[134.588885,34.02791],[134.588818,34.027967],[134.588813,34.027973],[134.588707,34.028082],[134.588671,34.02813],[134.588578,34.028315],[134.588482,34.028541],[134.58845,34.028629],[134.588421,34.028729],[134.588398,34.028855],[134.588309,34.029116],[134.588294,34.029198],[134.588285,34.029273],[134.588276,34.029433],[134.588285,34.029612],[134.588301,34.029756],[134.588339,34.029991],[134.588344,34.030055],[134.588369,34.030233],[134.588439,34.030559],[134.588501,34.030799],[134.58855,34.031019],[134.58863,34.031268],[134.588686,34.031417],[134.588716,34.031481],[134.588767,34.031574],[134.588866,34.031733],[134.588925,34.031802],[134.589069,34.031935],[134.58916,34.032009],[134.589291,34.032097],[134.589311,34.032107],[134.589328,34.032115],[134.589345,34.032121],[134.589353,34.032123],[134.589359,34.032122],[134.58937,34.032118],[134.589383,34.032112],[134.589389,34.032106],[134.589391,34.032104],[134.589392,34.032094],[134.589391,34.032085],[134.589389,34.032078],[134.589385,34.032068],[134.589384,34.032061],[134.589385,34.032057],[134.589391,34.032048],[134.589395,34.032043],[134.589401,34.032039],[134.589411,34.032035],[134.589424,34.03203],[134.589443,34.032025],[134.589458,34.03202],[134.589466,34.032014],[134.589472,34.032005],[134.589487,34.031994],[134.589499,34.031985],[134.589506,34.031982],[134.589521,34.031978],[134.58954,34.031977],[134.589542,34.031977],[134.589552,34.031975],[134.589562,34.031969],[134.589576,34.031959],[134.589601,34.031951],[134.589625,34.031943],[134.589664,34.03192],[134.589672,34.031913],[134.589675,34.031907],[134.589676,34.031896],[134.589683,34.031883],[134.589689,34.031864],[134.589682,34.031854],[134.589658,34.031844],[134.589646,34.031838],[134.589639,34.031832],[134.589631,34.031825],[134.589625,34.031816],[134.589624,34.031808],[134.589629,34.031798],[134.589636,34.031793],[134.589694,34.031792],[134.589794,34.0318],[134.589842,34.031803],[134.589884,34.031793],[134.589896,34.031789],[134.589907,34.031782],[134.589918,34.031774],[134.589928,34.03177],[134.589937,34.031766],[134.589947,34.03176],[134.589953,34.031754],[134.589956,34.031752],[134.58996,34.031751],[134.589968,34.031752],[134.589973,34.031753],[134.589976,34.031755],[134.589985,34.03176],[134.589987,34.03176],[134.589992,34.031758],[134.59,34.031754],[134.590004,34.031752],[134.590009,34.031751],[134.590017,34.031751],[134.59002,34.031751],[134.590028,34.031753],[134.590033,34.031754],[134.590038,34.031754],[134.590051,34.031752],[134.590069,34.031754],[134.59009,34.031762],[134.590148,34.031765],[134.590166,34.031768],[134.590172,34.031772],[134.590181,34.031779],[134.590183,34.031783],[134.590183,34.031786],[134.590182,34.03179],[134.590179,34.031793],[134.590168,34.031801],[134.590166,34.031803],[134.590164,34.031806],[134.590162,34.031813],[134.59016,34.031815],[134.590149,34.031819],[134.590122,34.031825],[134.590109,34.031827],[134.590102,34.031828],[134.590071,34.03183],[134.590067,34.03183],[134.590058,34.031832],[134.590052,34.031833],[134.590042,34.031838],[134.590032,34.031844],[134.590028,34.03185],[134.590027,34.031854],[134.590029,34.031857],[134.590034,34.031862],[134.590039,34.031865],[134.590165,34.03188],[134.590194,34.031887],[134.590234,34.031899],[134.590256,34.031907],[134.59027,34.031916],[134.590284,34.031927],[134.590296,34.031939],[134.590298,34.031947],[134.590298,34.031952],[134.590296,34.031957],[134.590289,34.031962],[134.590272,34.031968],[134.590257,34.031969],[134.59025,34.03197],[134.590233,34.031973],[134.590197,34.031971],[134.590187,34.031972],[134.590178,34.031973],[134.590184,34.031985],[134.590196,34.032008],[134.590212,34.032033],[134.590235,34.032065],[134.590284,34.03211],[134.590447,34.032236],[134.590502,34.032273],[134.591006,34.032532],[134.591017,34.032534],[134.59103,34.032527],[134.59104,34.032528],[134.591054,34.032524],[134.591092,34.032504],[134.591096,34.032493],[134.59113,34.032468],[134.591152,34.032439],[134.591162,34.032431],[134.591163,34.03242],[134.591152,34.032408],[134.591148,34.032396],[134.591151,34.032359],[134.591166,34.032337],[134.591189,34.032321],[134.591208,34.032315],[134.591244,34.032314],[134.59125,34.032308],[134.591247,34.032277],[134.591284,34.032235],[134.591291,34.032228],[134.591311,34.032214],[134.591329,34.032201],[134.591365,34.032184],[134.591369,34.032169],[134.591382,34.032155],[134.591371,34.032126],[134.591372,34.032116],[134.591379,34.032104],[134.591383,34.032089],[134.591392,34.032076],[134.591407,34.032068],[134.591423,34.032066],[134.591458,34.032078],[134.591434,34.032128],[134.591443,34.032138],[134.591474,34.032156],[134.59151,34.032165],[134.591531,34.032179],[134.591541,34.03218],[134.591553,34.032185],[134.591569,34.032201],[134.591579,34.032206],[134.591604,34.032207],[134.591615,34.032211],[134.591633,34.032222],[134.5917,34.032243],[134.591745,34.03225],[134.591776,34.032268],[134.591804,34.032307],[134.591814,34.032311],[134.591832,34.032301],[134.591854,34.032299],[134.591873,34.032291],[134.591925,34.032291],[134.591944,34.032294],[134.59204,34.032297],[134.592095,34.032317],[134.592145,34.03234],[134.592178,34.032376],[134.592212,34.032389],[134.592242,34.032411],[134.592269,34.032446],[134.592279,34.032455],[134.592296,34.032464],[134.592313,34.032474],[134.592354,34.032522],[134.59238,34.032533],[134.592471,34.032562],[134.592488,34.032584],[134.592553,34.032608],[134.592562,34.03265],[134.592576,34.032667],[134.592618,34.032693],[134.592657,34.032685],[134.592737,34.032688],[134.592784,34.0327],[134.592841,34.032705],[134.592901,34.032715],[134.592941,34.032734],[134.592953,34.032733],[134.592952,34.032724],[134.59294,34.032714],[134.592912,34.03266],[134.592912,34.032638],[134.592928,34.032607],[134.59297,34.03258],[134.592988,34.032565],[134.593061,34.03253],[134.593094,34.032521],[134.593115,34.032513],[134.593146,34.032505],[134.593176,34.032521],[134.593184,34.032531],[134.593187,34.032569],[134.593219,34.032599],[134.593242,34.032634],[134.593264,34.032641],[134.593273,34.032659],[134.593269,34.032686],[134.593304,34.032709],[134.593325,34.032737],[134.59334,34.032745],[134.593426,34.032762],[134.593493,34.032771],[134.593529,34.032774],[134.593545,34.032765],[134.59358,34.032768],[134.593606,34.032773],[134.593611,34.032779],[134.593612,34.032814],[134.593623,34.032818],[134.59365,34.032817],[134.593675,34.032807],[134.593737,34.032772],[134.593759,34.032761],[134.593788,34.032755],[134.593818,34.03276],[134.59384,34.032764],[134.593873,34.032768],[134.593914,34.032763],[134.594032,34.032737],[134.594053,34.032721],[134.594024,34.032633],[134.594028,34.032604],[134.594056,34.032585],[134.594057,34.032533],[134.594053,34.032509],[134.594066,34.032473],[134.594087,34.032443],[134.594169,34.032428],[134.594398,34.032428],[134.594433,34.032429],[134.594457,34.032439],[134.594497,34.032475],[134.594576,34.032496],[134.594595,34.032474],[134.59462,34.03247],[134.594635,34.032473],[134.594721,34.032513],[134.594743,34.032519],[134.594773,34.03252],[134.594858,34.032506],[134.594912,34.032535],[134.594943,34.032539],[134.594986,34.032557],[134.595042,34.032592],[134.595091,34.032637],[134.595159,34.032648],[134.595191,34.032686],[134.595208,34.032728],[134.59521,34.032737],[134.595237,34.032778],[134.595284,34.032812],[134.595371,34.032845],[134.595398,34.032852],[134.595474,34.032819],[134.595507,34.03281],[134.595559,34.03283],[134.595584,34.032831],[134.595605,34.032823],[134.595615,34.032801],[134.595633,34.032788],[134.595686,34.032775],[134.595759,34.032779],[134.595875,34.032771],[134.595927,34.03275],[134.595948,34.03275],[134.596175,34.032821],[134.596188,34.032854],[134.596164,34.032878],[134.596126,34.032897],[134.59607,34.032906],[134.595989,34.032908],[134.595877,34.032924],[134.59583,34.032946],[134.59579,34.032989],[134.595725,34.033029],[134.595675,34.033051],[134.595647,34.033053],[134.595597,34.033035],[134.595432,34.033131],[134.595363,34.033162],[134.595361,34.033175],[134.595313,34.033305],[134.595306,34.033339],[134.595307,34.033427],[134.595363,34.033606],[134.595359,34.033713],[134.595379,34.033797],[134.595375,34.033861],[134.595361,34.033908],[134.595333,34.034132],[134.59538,34.034172],[134.595419,34.034224],[134.595423,34.034249],[134.595406,34.034314],[134.595364,34.034375],[134.595419,34.034448],[134.595418,34.034467],[134.595353,34.034551],[134.59535,34.034571],[134.595333,34.0346],[134.595345,34.034628],[134.595374,34.034719],[134.595454,34.034788],[134.595476,34.034819],[134.595627,34.034873],[134.595649,34.034877],[134.595802,34.034891],[134.595814,34.034911],[134.595812,34.034943],[134.595844,34.034947],[134.595868,34.034909],[134.595915,34.034918],[134.595923,34.034927],[134.595935,34.03498],[134.595907,34.035004],[134.595883,34.035014],[134.595846,34.035012],[134.595812,34.035001],[134.595752,34.035024],[134.595646,34.035045],[134.595557,34.035054],[134.595546,34.035061],[134.595558,34.035075],[134.595552,34.03509],[134.595545,34.035095],[134.595227,34.035167],[134.595153,34.03519],[134.595122,34.03519],[134.595099,34.035169],[134.595097,34.03515],[134.595113,34.035118],[134.595072,34.035079],[134.595078,34.035063],[134.595081,34.035056],[134.595081,34.035045],[134.595055,34.035047],[134.595003,34.035072],[134.594985,34.03507],[134.594969,34.035052],[134.594949,34.035041],[134.594911,34.035048],[134.594891,34.035042],[134.594887,34.035027],[134.594927,34.034996],[134.594923,34.034967],[134.594907,34.034958],[134.594857,34.034954],[134.594817,34.035001],[134.594791,34.035022],[134.594706,34.035049],[134.594655,34.035055],[134.594644,34.035057],[134.594587,34.035071],[134.59452,34.035058],[134.594432,34.035026],[134.594379,34.034987],[134.594361,34.034963],[134.594222,34.034868],[134.59421,34.034843],[134.594222,34.034797],[134.594135,34.034784],[134.59408,34.034736],[134.593994,34.034763],[134.593948,34.03479],[134.593944,34.034823],[134.593949,34.034859],[134.593914,34.034895],[134.593925,34.03492],[134.593895,34.034946],[134.593881,34.034952],[134.593888,34.034985],[134.593882,34.034997],[134.593872,34.035002],[134.593868,34.035002],[134.593827,34.034998],[134.593761,34.034982],[134.593695,34.034965],[134.593637,34.034957],[134.593628,34.034954],[134.593619,34.03495],[134.59361,34.034948],[134.593603,34.034961],[134.593591,34.034974],[134.593581,34.034986],[134.593579,34.03501],[134.593587,34.035021],[134.593589,34.035028],[134.593589,34.035034],[134.593585,34.03504],[134.593578,34.035046],[134.593565,34.035051],[134.593556,34.035054],[134.593542,34.035058],[134.593524,34.035058],[134.593455,34.035047],[134.593436,34.035043],[134.593419,34.035036],[134.593406,34.035026],[134.593391,34.035027],[134.593376,34.035027],[134.593349,34.035024],[134.593339,34.035023],[134.593328,34.035027],[134.593322,34.03503],[134.593311,34.035029],[134.593302,34.035027],[134.593295,34.03502],[134.593285,34.035015],[134.593261,34.035013],[134.593249,34.03501],[134.593235,34.035003],[134.593222,34.034992],[134.593207,34.034987],[134.593201,34.034983],[134.593183,34.03497],[134.593175,34.034968],[134.593152,34.034968],[134.593131,34.03497],[134.593126,34.034972],[134.593121,34.034981],[134.593115,34.034995],[134.593114,34.035003],[134.593114,34.03501],[134.593119,34.03502],[134.593126,34.035026],[134.593142,34.035038],[134.593148,34.035048],[134.59317,34.035064],[134.593178,34.03507],[134.59318,34.035078],[134.593173,34.035086],[134.593163,34.035096],[134.593148,34.035103],[134.593136,34.035108],[134.593125,34.03511],[134.5931,34.035108],[134.593073,34.035107],[134.593042,34.035111],[134.593026,34.035116],[134.593006,34.035121],[134.592993,34.035122],[134.592985,34.035118],[134.592976,34.035111],[134.59297,34.035102],[134.592969,34.035092],[134.592968,34.035072],[134.59297,34.035057],[134.592974,34.035047],[134.592988,34.035029],[134.592993,34.03502],[134.592991,34.035012],[134.592987,34.034998],[134.592982,34.034988],[134.592981,34.034982],[134.59298,34.034975],[134.592982,34.034965],[134.59298,34.034957],[134.592975,34.034953],[134.592969,34.034947],[134.592965,34.034943],[134.59296,34.034936],[134.592958,34.034929],[134.592958,34.034895],[134.592963,34.034885],[134.592969,34.034876],[134.592967,34.034865],[134.592958,34.034849],[134.592904,34.034793],[134.592816,34.034728],[134.592761,34.034699],[134.592532,34.034606],[134.592515,34.034596],[134.592469,34.034555],[134.592408,34.034447],[134.592384,34.034422],[134.592347,34.0344],[134.592296,34.03438],[134.592195,34.034367],[134.591985,34.034308],[134.5919,34.034294],[134.591878,34.03429],[134.591788,34.034282],[134.591732,34.034269],[134.591498,34.034192],[134.591391,34.034174],[134.591342,34.034174],[134.591309,34.034175],[134.591147,34.034209],[134.59107,34.034237],[134.590901,34.034323],[134.590842,34.034332],[134.590769,34.034327],[134.590737,34.034343],[134.590715,34.034349],[134.590691,34.034349],[134.59067,34.034344],[134.590645,34.034337],[134.590637,34.034336],[134.590614,34.034328],[134.590606,34.03433],[134.590588,34.034336],[134.590557,34.034341],[134.590529,34.034346],[134.590476,34.034366],[134.590441,34.034381],[134.590429,34.034385],[134.590349,34.034417],[134.590263,34.034441],[134.590222,34.034457],[134.590184,34.034473],[134.590155,34.034491],[134.590134,34.034502],[134.590094,34.034518],[134.590064,34.034526],[134.590027,34.034529],[134.589983,34.034527],[134.589951,34.034523],[134.589916,34.034514],[134.589887,34.034501],[134.58981,34.03446],[134.589675,34.034398],[134.589663,34.034397],[134.58965,34.034399],[134.589531,34.034436],[134.589499,34.034446],[134.589484,34.03445],[134.58945,34.034456],[134.589383,34.034464],[134.589371,34.034464],[134.589356,34.034461],[134.589327,34.034451],[134.58916,34.034363],[134.589152,34.03436],[134.589128,34.03436],[134.589056,34.034378],[134.589019,34.034385],[134.589002,34.034387],[134.588962,34.034391],[134.588845,34.034397],[134.588802,34.034394],[134.588774,34.034389],[134.588756,34.034378],[134.588706,34.034329],[134.588694,34.03432],[134.588675,34.034308],[134.58865,34.034296],[134.588618,34.034287],[134.588543,34.034271],[134.58848,34.034266],[134.588389,34.034273],[134.588354,34.034278],[134.588272,34.034297],[134.588215,34.034318],[134.588058,34.034403],[134.587919,34.034484],[134.587729,34.034609],[134.587315,34.034911],[134.587087,34.035103],[134.587051,34.035138],[134.586896,34.035289],[134.586656,34.035544],[134.586498,34.035697],[134.586462,34.035546],[134.58633,34.035161],[134.586062,34.034421],[134.585786,34.033863],[134.585732,34.033851],[134.584597,34.033609],[134.584196,34.033476],[134.583817,34.033379],[134.58358,34.033335],[134.580762,34.03131],[134.581376,34.029886],[134.581529,34.029799],[134.581624,34.029731],[134.582042,34.02966],[134.582207,34.029631],[134.582295,34.029581],[134.582351,34.029397],[134.582458,34.029158],[134.582472,34.028751],[134.582434,34.028388],[134.582372,34.028109],[134.582143,34.027164],[134.582042,34.026743],[134.581849,34.02661],[134.581657,34.026563],[134.581503,34.026607],[134.581249,34.026872],[134.581154,34.02691],[134.581037,34.026911],[134.580984,34.026813],[134.580818,34.026485],[134.580685,34.026455],[134.58059,34.026438],[134.580261,34.026587],[134.579677,34.026886],[134.579288,34.026938],[134.578626,34.026914],[134.57853,34.026896],[134.57836,34.026855],[134.578305,34.026803],[134.578223,34.026725],[134.578066,34.026524],[134.57787,34.026177],[134.577744,34.026038],[134.577537,34.025978],[134.577235,34.025902],[134.576344,34.025775],[134.576134,34.025804],[134.576002,34.025787],[134.575773,34.025722],[134.575324,34.02568],[134.575298,34.025677],[134.574022,34.025554],[134.573576,34.025416],[134.573266,34.025356],[134.572024,34.02536],[134.572021,34.02536],[134.571293,34.025316],[134.571465,34.025274],[134.571892,34.024998],[134.572241,34.024515],[134.572237,34.024194],[134.572282,34.02387],[134.572284,34.023865],[134.572387,34.023629],[134.572411,34.023501],[134.572337,34.023364],[134.572718,34.023344],[134.572868,34.023368],[134.572884,34.023331],[134.573041,34.022973],[134.573364,34.022641],[134.573379,34.022596],[134.573515,34.02241],[134.573553,34.021976],[134.573668,34.021383],[134.573824,34.021454],[134.573932,34.021469],[134.574043,34.021475],[134.574115,34.021471],[134.574312,34.021453],[134.574407,34.021415],[134.57457,34.021363],[134.57471,34.021377],[134.57492,34.021431],[134.57497,34.021443],[134.575104,34.021495],[134.575205,34.02152],[134.575313,34.02152],[134.575553,34.021491],[134.575817,34.021352],[134.576038,34.021281],[134.576166,34.021253],[134.576215,34.02126],[134.576283,34.021272],[134.576476,34.021383],[134.576783,34.021518],[134.57709,34.02165],[134.577379,34.021709],[134.577702,34.021771],[134.577947,34.021805],[134.578099,34.021808],[134.578239,34.02181],[134.578535,34.021829],[134.57868,34.021871],[134.578785,34.021932],[134.578894,34.021964],[134.579084,34.021942],[134.579267,34.021984],[134.579395,34.022063],[134.579551,34.022308],[134.579581,34.022333],[134.579735,34.022437],[134.579889,34.022504],[134.580108,34.022586],[134.580262,34.022683],[134.580664,34.022993],[134.580708,34.023014],[134.580853,34.023045],[134.580949,34.023052],[134.581083,34.023029],[134.581335,34.022925],[134.581656,34.022835],[134.581813,34.022787],[134.582156,34.022657],[134.582381,34.022573],[134.582579,34.022521],[134.582746,34.022489],[134.582897,34.022487],[134.583135,34.022512],[134.583308,34.022556],[134.583524,34.02263],[134.583602,34.022637],[134.58375,34.022588],[134.58389,34.022542],[134.584008,34.022495],[134.584169,34.022449],[134.584478,34.022449],[134.584732,34.022505],[134.584985,34.02255],[134.585099,34.022535],[134.585257,34.022457],[134.585441,34.022372],[134.585528,34.022364],[134.585747,34.022485],[134.585853,34.02251],[134.586554,34.022672],[134.586842,34.022688],[134.586999,34.022679],[134.587156,34.022645],[134.58746,34.022574],[134.587521,34.022566],[134.58784,34.022657],[134.588061,34.022715],[134.588275,34.02272],[134.588536,34.022729],[134.588684,34.022662],[134.588731,34.0226],[134.588808,34.022458],[134.58892,34.022403],[134.589003,34.022398],[134.589142,34.022357],[134.597052,34.023114]],[[134.585461,34.027554],[134.585383,34.027418],[134.585295,34.027328],[134.584803,34.027423],[134.584212,34.027538],[134.584114,34.027539],[134.584016,34.027553],[134.583956,34.027563],[134.583902,34.027609],[134.583848,34.027691],[134.583789,34.027782],[134.583796,34.027832],[134.58384,34.027909],[134.583972,34.027953],[134.584038,34.028003],[134.584109,34.028057],[134.584203,34.028151],[134.584242,34.028196],[134.584276,34.02825],[134.584335,34.028338],[134.584873,34.028782],[134.584955,34.029106],[134.585095,34.029191],[134.585275,34.029173],[134.585899,34.028522],[134.585799,34.028467],[134.585526,34.028317],[134.58552,34.028239],[134.585513,34.028145],[134.585479,34.027672],[134.585461,34.027554]]]},"properties":{"S_NAME":"大原町池ノ内","HCODE":8101}},{"type":"Feature","geometry":{"type":"Polygon","coordinates":[[[134.573379,34.022596],[134.573364,34.022641],[134.573041,34.022973],[134.572884,34.023331],[134.572868,34.023368],[134.572718,34.023344],[134.572337,34.023364],[134.572411,34.023501],[134.572387,34.023629],[134.572284,34.023865],[134.572282,34.02387],[134.572237,34.024194],[134.572241,34.024515],[134.571892,34.024998],[134.571465,34.025274],[134.571293,34.025316],[134.57158,34.024795],[134.571816,34.024309],[134.571851,34.024197],[134.571843,34.024],[134.57181,34.023778],[134.571765,34.023547],[134.57083,34.023662],[134.5708,34.023253],[134.570558,34.023099],[134.570588,34.023062],[134.570767,34.022954],[134.570751,34.022951],[134.570944,34.022871],[134.571712,34.022757],[134.572171,34.022839],[134.572567,34.022805],[134.572711,34.022766],[134.572771,34.022749],[134.572825,34.022488],[134.573332,34.02254],[134.573379,34.022596]]]},"properties":{"S_NAME":"大原町池内山","HCODE":8101}},{"type":"Feature","geometry":{"type":"Polygon","coordinates":[[[134.568251,34.024392],[134.567934,34.024797],[134.567913,34.024833],[134.567982,34.024967],[134.56797,34.024995],[134.567881,34.025047],[134.568038,34.025366],[134.568002,34.025414],[134.567871,34.025516],[134.567822,34.025582],[134.56789,34.025606],[134.568006,34.02567],[134.568082,34.025756],[134.568129,34.025924],[134.568859,34.026956],[134.568721,34.027073],[134.568391,34.027351],[134.568216,34.027427],[134.568019,34.027461],[134.567909,34.02745],[134.567811,34.027439],[134.567602,34.027396],[134.567383,34.027324],[134.566939,34.027101],[134.566527,34.026836],[134.566293,34.027309],[134.565954,34.027277],[134.565964,34.027271],[134.565806,34.027151],[134.56574,34.027024],[134.565654,34.02676],[134.565677,34.026712],[134.565754,34.026651],[134.565769,34.026621],[134.56574,34.026359],[134.565745,34.026307],[134.565755,34.026272],[134.565757,34.026234],[134.565752,34.026209],[134.565731,34.026165],[134.565732,34.025858],[134.565738,34.025489],[134.565718,34.02532],[134.565691,34.025272],[134.565554,34.025141],[134.565441,34.024873],[134.565416,34.024825],[134.565375,34.024784],[134.565269,34.024653],[134.56525,34.024613],[134.565245,34.024576],[134.565242,34.024491],[134.565226,34.024442],[134.565175,34.02436],[134.565155,34.024314],[134.565413,34.024144],[134.565371,34.024055],[134.56534,34.023944],[134.565576,34.023879],[134.565773,34.023896],[134.56597,34.023923],[134.56673,34.024061],[134.56697,34.02412],[134.567209,34.024115],[134.56763,34.024146],[134.56798,34.024221],[134.568125,34.024294],[134.568251,34.024392]]]},"properties":{"S_NAME":"大原町千代ケ丸","HCODE":8101}},{"type":"Feature","geometry":{"type":"Polygon","coordinates":[[[134.56763,34.024146],[134.567209,34.024115],[134.56697,34.02412],[134.56673,34.024061],[134.56597,34.023923],[134.565773,34.023896],[134.565576,34.023879],[134.56534,34.023944],[134.565334,34.023945],[134.565223,34.02368],[134.564859,34.023237],[134.564433,34.022788],[134.563692,34.022626],[134.563822,34.02241],[134.563999,34.022225],[134.564355,34.02178],[134.564662,34.021243],[134.564843,34.02094],[134.564965,34.020817],[134.565112,34.020754],[134.565204,34.020757],[134.565314,34.020772],[134.565448,34.020843],[134.565573,34.020899],[134.565693,34.020944],[134.565808,34.020951],[134.565945,34.020885],[134.566211,34.020806],[134.566317,34.020834],[134.566395,34.020854],[134.566469,34.020865],[134.56666,34.020861],[134.566985,34.020801],[134.567231,34.020623],[134.567405,34.020507],[134.567531,34.020425],[134.567751,34.020282],[134.567918,34.020028],[134.567794,34.020563],[134.56779,34.021006],[134.567891,34.021728],[134.567953,34.022398],[134.567941,34.022686],[134.567905,34.022914],[134.567784,34.023552],[134.56763,34.024146]]]},"properties":{"S_NAME":"大原町千代ケ丸山","HCODE":8101}},{"type":"Feature","geometry":{"type":"Polygon","coordinates":[[[134.573266,34.025356],[134.573363,34.025453],[134.573379,34.025556],[134.573314,34.025698],[134.573256,34.025729],[134.573212,34.025754],[134.572958,34.025761],[134.573682,34.027607],[134.574203,34.027477],[134.574565,34.027395],[134.574601,34.027377],[134.574666,34.028244],[134.574716,34.028846],[134.574737,34.029359],[134.573107,34.029118],[134.571885,34.028963],[134.571417,34.028879],[134.571303,34.028858],[134.57106,34.028787],[134.570175,34.028644],[134.570024,34.028637],[134.569608,34.028104],[134.569375,34.02779],[134.569304,34.027748],[134.569995,34.027269],[134.570647,34.026917],[134.570982,34.026621],[134.57181,34.025769],[134.571934,34.02578],[134.572021,34.02536],[134.572024,34.02536],[134.573266,34.025356]]]},"properties":{"S_NAME":"大原町余慶","HCODE":8101}},{"type":"Feature","geometry":{"type":"Polygon","coordinates":[[[134.569296,34.027743],[134.5693,34.028118],[134.569401,34.028725],[134.569473,34.029159],[134.569511,34.029442],[134.569424,34.029458],[134.569087,34.029793],[134.568685,34.029612],[134.567714,34.029046],[134.567293,34.028835],[134.567287,34.028964],[134.567173,34.029264],[134.566354,34.029009],[134.565727,34.0288],[134.565681,34.028721],[134.565667,34.028667],[134.565709,34.028611],[134.565811,34.028434],[134.566143,34.027696],[134.566293,34.027309],[134.566527,34.026836],[134.566939,34.027101],[134.567383,34.027324],[134.567602,34.027396],[134.567811,34.027439],[134.567909,34.02745],[134.568019,34.027461],[134.568216,34.027427],[134.568391,34.027351],[134.568721,34.027073],[134.569259,34.027662],[134.569296,34.027743]]]},"properties":{"S_NAME":"大原町中須","HCODE":8101}},{"type":"Feature","geometry":{"type":"Polygon","coordinates":[[[134.573266,34.025356],[134.573576,34.025416],[134.574022,34.025554],[134.575298,34.025677],[134.575324,34.02568],[134.575773,34.025722],[134.576002,34.025787],[134.576134,34.025804],[134.576344,34.025775],[134.577235,34.025902],[134.577537,34.025978],[134.577744,34.026038],[134.57787,34.026177],[134.578066,34.026524],[134.578223,34.026725],[134.578305,34.026803],[134.57836,34.026855],[134.57853,34.026896],[134.578626,34.026914],[134.579288,34.026938],[134.579677,34.026886],[134.580261,34.026587],[134.58059,34.026438],[134.580685,34.026455],[134.580818,34.026485],[134.580984,34.026813],[134.581037,34.026911],[134.581154,34.02691],[134.581249,34.026872],[134.581503,34.026607],[134.581657,34.026563],[134.581849,34.02661],[134.582042,34.026743],[134.582143,34.027164],[134.582372,34.028109],[134.582434,34.028388],[134.582472,34.028751],[134.582458,34.029158],[134.582351,34.029397],[134.582295,34.029581],[134.582207,34.029631],[134.582042,34.02966],[134.581624,34.029731],[134.581529,34.029799],[134.581376,34.029886],[134.580762,34.03131],[134.580703,34.031274],[134.579523,34.030479],[134.577511,34.029232],[134.577349,34.02926],[134.577146,34.029283],[134.577057,34.029306],[134.577005,34.029328],[134.576933,34.029429],[134.576882,34.029656],[134.576644,34.029705],[134.576499,34.029772],[134.574737,34.029359],[134.574716,34.028846],[134.574666,34.028244],[134.574601,34.027377],[134.574565,34.027395],[134.574203,34.027477],[134.573682,34.027607],[134.572958,34.025761],[134.573212,34.025754],[134.573256,34.025729],[134.573314,34.025698],[134.573379,34.025556],[134.573363,34.025453],[134.573266,34.025356]]]},"properties":{"S_NAME":"大原町壱町地","HCODE":8101}},{"type":"Feature","geometry":{"type":"Polygon","coordinates":[[[134.580703,34.031274],[134.576762,34.033238],[134.576353,34.032911],[134.575924,34.032683],[134.5756,34.032612],[134.575423,34.032589],[134.57506,34.032632],[134.574499,34.03275],[134.573744,34.032916],[134.573475,34.03257],[134.573259,34.032352],[134.573161,34.03229],[134.572699,34.031999],[134.572448,34.031909],[134.572006,34.031809],[134.570897,34.031348],[134.570244,34.030883],[134.570029,34.030701],[134.569821,34.030495],[134.569699,34.030227],[134.569593,34.029971],[134.569554,34.029764],[134.569511,34.029442],[134.569473,34.029159],[134.569401,34.028725],[134.5693,34.028118],[134.569296,34.027743],[134.569304,34.027748],[134.569375,34.02779],[134.569608,34.028104],[134.570024,34.028637],[134.570175,34.028644],[134.57106,34.028787],[134.571303,34.028858],[134.571417,34.028879],[134.571885,34.028963],[134.573107,34.029118],[134.574737,34.029359],[134.576499,34.029772],[134.576644,34.029705],[134.576882,34.029656],[134.576933,34.029429],[134.577005,34.029328],[134.577057,34.029306],[134.577146,34.029283],[134.577349,34.02926],[134.577511,34.029232],[134.579523,34.030479],[134.580703,34.031274]]]},"properties":{"S_NAME":"大原町長尾","HCODE":8101}},{"type":"Feature","geometry":{"type":"Polygon","coordinates":[[[134.561103,34.026632],[134.560191,34.026815],[134.560042,34.026653],[134.559815,34.026448],[134.559522,34.02644],[134.559295,34.026468],[134.559216,34.026439],[134.559163,34.026393],[134.558861,34.025931],[134.55869,34.025678],[134.558323,34.02582],[134.55793,34.025877],[134.557335,34.025927],[134.557172,34.025873],[134.556955,34.025757],[134.556751,34.025628],[134.556667,34.02555],[134.556559,34.025241],[134.55648,34.025042],[134.555726,34.024909],[134.55567,34.025107],[134.555596,34.025247],[134.555476,34.025359],[134.555421,34.025398],[134.555296,34.025486],[134.555102,34.025654],[134.555086,34.025667],[134.554946,34.02574],[134.554744,34.025854],[134.554359,34.026037],[134.554016,34.026173],[134.554102,34.026011],[134.554494,34.025457],[134.55482,34.024768],[134.555205,34.023943],[134.555586,34.023099],[134.55665,34.020671],[134.556676,34.020608],[134.556691,34.020573],[134.556701,34.020575],[134.556701,34.020574],[134.55676,34.020585],[134.557604,34.020743],[134.557559,34.02084],[134.55838,34.020999],[134.558502,34.020838],[134.559006,34.021076],[134.559127,34.021115],[134.559206,34.021061],[134.559304,34.021019],[134.559413,34.021019],[134.559512,34.021068],[134.559589,34.021144],[134.559605,34.021217],[134.559594,34.021265],[134.560118,34.021433],[134.560254,34.021295],[134.560307,34.021255],[134.560359,34.021224],[134.560402,34.021224],[134.560599,34.021354],[134.560484,34.021474],[134.560431,34.021599],[134.560709,34.021784],[134.560692,34.021942],[134.560628,34.022099],[134.56065,34.022327],[134.560694,34.022488],[134.560777,34.022649],[134.560924,34.022726],[134.561132,34.023059],[134.56122,34.023274],[134.56126,34.023459],[134.561237,34.023546],[134.561217,34.023611],[134.561122,34.02414],[134.561121,34.024439],[134.56117,34.024628],[134.561171,34.024667],[134.561049,34.02477],[134.561043,34.024839],[134.561049,34.024937],[134.561026,34.024981],[134.561056,34.025142],[134.561028,34.025205],[134.560855,34.025317],[134.560841,34.025356],[134.560875,34.025586],[134.560896,34.025798],[134.56087,34.025924],[134.561027,34.026243],[134.561103,34.026632]]]},"properties":{"S_NAME":"大松町上ノ口","HCODE":8101}},{"type":"Feature","geometry":{"type":"Polygon","coordinates":[[[134.560843,34.030884],[134.560688,34.0315],[134.558739,34.031352],[134.557801,34.031315],[134.556338,34.031154],[134.555273,34.031066],[134.553784,34.030941],[134.553299,34.030962],[134.552971,34.030942],[134.552894,34.030945],[134.552569,34.030175],[134.552163,34.029666],[134.551796,34.029145],[134.551511,34.028761],[134.551389,34.028582],[134.551469,34.028195],[134.551495,34.027981],[134.551558,34.027827],[134.551999,34.027244],[134.552401,34.026882],[134.552815,34.026582],[134.553189,34.026456],[134.553545,34.026402],[134.554016,34.026173],[134.554359,34.026037],[134.554744,34.025854],[134.554946,34.02574],[134.555086,34.025667],[134.555102,34.025654],[134.555296,34.025486],[134.555421,34.025398],[134.555476,34.025359],[134.555596,34.025247],[134.55567,34.025107],[134.555726,34.024909],[134.55648,34.025042],[134.556559,34.025241],[134.556667,34.02555],[134.556751,34.025628],[134.556955,34.025757],[134.557172,34.025873],[134.557335,34.025927],[134.55793,34.025877],[134.558323,34.02582],[134.55869,34.025678],[134.558861,34.025931],[134.559163,34.026393],[134.559216,34.026439],[134.559295,34.026468],[134.559522,34.02644],[134.559815,34.026448],[134.560042,34.026653],[134.560191,34.026815],[134.561103,34.026632],[134.561242,34.026979],[134.56148,34.027118],[134.56161,34.02729],[134.561626,34.027432],[134.561637,34.027589],[134.561704,34.027846],[134.561729,34.027913],[134.561669,34.028039],[134.561552,34.02817],[134.561525,34.028221],[134.561572,34.028423],[134.56156,34.028553],[134.561598,34.028639],[134.561694,34.028686],[134.561897,34.028817],[134.561464,34.029396],[134.561218,34.029843],[134.560944,34.030552],[134.560843,34.030884]]]},"properties":{"S_NAME":"大松町大久保","HCODE":8101}},{"type":"Feature","geometry":{"type":"Polygon","coordinates":[[[134.542209,34.02835],[134.54228,34.028548],[134.542309,34.028644],[134.542326,34.028729],[134.542328,34.028901],[134.542251,34.029066],[134.542166,34.029245],[134.542104,34.029344],[134.541916,34.029537],[134.541066,34.030371],[134.540666,34.029946],[134.539744,34.029067],[134.539445,34.028784],[134.539369,34.028602],[134.539852,34.028123],[134.540098,34.027852],[134.540149,34.027684],[134.540113,34.027549],[134.540027,34.027416],[134.539636,34.026807],[134.53927,34.026238],[134.538864,34.025633],[134.538753,34.025447],[134.538744,34.025255],[134.537718,34.024281],[134.536666,34.023305],[134.536206,34.022947],[134.535932,34.022735],[134.534676,34.021963],[134.534494,34.021862],[134.534392,34.021796],[134.534095,34.021506],[134.533733,34.021244],[134.53362,34.021194],[134.533391,34.021148],[134.533242,34.021056],[134.533075,34.021],[134.532876,34.020912],[134.532496,34.020641],[134.53221,34.02034],[134.531992,34.020272],[134.531905,34.020249],[134.53174,34.020127],[134.531577,34.020077],[134.531459,34.020083],[134.531439,34.019889],[134.531727,34.019484],[134.531916,34.01923],[134.532193,34.018774],[134.532428,34.0187],[134.532366,34.018487],[134.532405,34.018422],[134.532515,34.018246],[134.532644,34.018034],[134.53304,34.017409],[134.533414,34.016532],[134.533784,34.015493],[134.533809,34.015423],[134.533907,34.01512],[134.534436,34.014594],[134.534726,34.014399],[134.53543,34.014107],[134.535893,34.013985],[134.53624,34.013877],[134.541643,34.013482],[134.541623,34.01374],[134.540504,34.014474],[134.54021,34.014551],[134.540067,34.014567],[134.539946,34.014559],[134.539722,34.014918],[134.539546,34.015179],[134.539375,34.015406],[134.539208,34.015617],[134.5391,34.015791],[134.538995,34.015928],[134.538817,34.016137],[134.538751,34.016221],[134.538622,34.016548],[134.538608,34.016612],[134.538607,34.016676],[134.538621,34.016728],[134.538652,34.016799],[134.538721,34.016915],[134.538901,34.017277],[134.538769,34.017619],[134.538752,34.017713],[134.538676,34.018037],[134.538616,34.018101],[134.538497,34.018314],[134.53848,34.018381],[134.538397,34.018876],[134.538375,34.01895],[134.538287,34.019147],[134.538289,34.019376],[134.53838,34.019464],[134.538411,34.019511],[134.5384,34.019564],[134.538281,34.019778],[134.53826,34.019892],[134.538256,34.019908],[134.538308,34.020017],[134.538358,34.020102],[134.53845,34.020232],[134.538491,34.020297],[134.538501,34.020334],[134.538504,34.020406],[134.538504,34.020456],[134.538497,34.02049],[134.538487,34.020509],[134.538471,34.020536],[134.538434,34.020588],[134.538434,34.020785],[134.538466,34.020784],[134.538461,34.021105],[134.539041,34.021096],[134.539486,34.021094],[134.540469,34.023684],[134.540796,34.024479],[134.541625,34.026733],[134.542209,34.02835]]]},"properties":{"S_NAME":"方上町所谷","HCODE":8101}},{"type":"Feature","geometry":{"type":"Polygon","coordinates":[[[134.528275,34.022474],[134.527993,34.022518],[134.527549,34.022545],[134.526984,34.022527],[134.526613,34.022461],[134.526023,34.022735],[134.521788,34.024336],[134.521695,34.024093],[134.521445,34.023482],[134.521199,34.02324],[134.521038,34.023162],[134.520911,34.023074],[134.51967,34.022501],[134.519102,34.022329],[134.518279,34.021966],[134.517057,34.021585],[134.516956,34.021552],[134.519901,34.018645],[134.51936,34.018128],[134.519155,34.017878],[134.518939,34.01756],[134.518804,34.017293],[134.518674,34.016987],[134.518585,34.016664],[134.51854,34.016336],[134.518457,34.015686],[134.518363,34.015409],[134.518307,34.014972],[134.51843,34.014282],[134.518184,34.013591],[134.517835,34.013098],[134.517844,34.012989],[134.518005,34.012987],[134.518521,34.013075],[134.518866,34.01314],[134.518926,34.013131],[134.518945,34.013038],[134.518892,34.012829],[134.518839,34.012577],[134.518917,34.012333],[134.519107,34.012188],[134.519318,34.012069],[134.519438,34.012017],[134.520044,34.011978],[134.521014,34.012038],[134.52149,34.012101],[134.521642,34.012184],[134.522125,34.012802],[134.522379,34.012968],[134.522632,34.012982],[134.523106,34.012886],[134.523257,34.013301],[134.523552,34.013874],[134.523744,34.014087],[134.523935,34.014253],[134.524147,34.014184],[134.524037,34.013541],[134.523939,34.012883],[134.523936,34.012631],[134.524043,34.012269],[134.526577,34.012377],[134.527004,34.012396],[134.52834,34.013414],[134.528434,34.013661],[134.528635,34.01391],[134.528964,34.013987],[134.529425,34.013839],[134.533784,34.015493],[134.533414,34.016532],[134.53304,34.017409],[134.532644,34.018034],[134.532515,34.018246],[134.532405,34.018422],[134.532366,34.018487],[134.532428,34.0187],[134.532193,34.018774],[134.531916,34.01923],[134.531727,34.019484],[134.531439,34.019889],[134.531459,34.020083],[134.531249,34.020089],[134.531059,34.020037],[134.530445,34.019935],[134.530315,34.019893],[134.530242,34.019822],[134.53022,34.019762],[134.530165,34.019772],[134.530095,34.01979],[134.530068,34.01984],[134.530048,34.019963],[134.530038,34.020005],[134.53002,34.02002],[134.529954,34.020089],[134.529806,34.020152],[134.529509,34.020155],[134.529251,34.020318],[134.529059,34.020455],[134.528736,34.020793],[134.528549,34.021326],[134.528275,34.022474]]]},"properties":{"S_NAME":"方上町森谷","HCODE":8101}},{"type":"Feature","geometry":{"type":"Polygon","coordinates":[[[134.546212,34.026868],[134.54621,34.02688],[134.544338,34.028512],[134.544268,34.028411],[134.544041,34.027739],[134.542227,34.028298],[134.542209,34.02835],[134.541625,34.026733],[134.540796,34.024479],[134.540469,34.023684],[134.539486,34.021094],[134.539956,34.021091],[134.541423,34.021322],[134.542312,34.02149],[134.542909,34.021613],[134.543171,34.021637],[134.543544,34.021511],[134.543685,34.021518],[134.543794,34.021552],[134.543875,34.021591],[134.5439,34.021657],[134.543839,34.021809],[134.543808,34.021915],[134.543865,34.022],[134.543952,34.022006],[134.544023,34.021979],[134.544181,34.021938],[134.544426,34.021896],[134.544702,34.021802],[134.544908,34.021787],[134.545054,34.02179],[134.545217,34.021841],[134.54536,34.021911],[134.545601,34.022051],[134.545832,34.022201],[134.546009,34.022324],[134.546103,34.022413],[134.546147,34.022564],[134.546173,34.022716],[134.54617,34.022934],[134.545459,34.023113],[134.544797,34.023281],[134.544542,34.023369],[134.544358,34.023561],[134.544276,34.023779],[134.544332,34.023891],[134.544555,34.024193],[134.544784,34.02447],[134.545029,34.024769],[134.545426,34.0254],[134.545517,34.025615],[134.54562,34.02607],[134.545677,34.026698],[134.545727,34.026825],[134.545783,34.026885],[134.545857,34.02693],[134.545967,34.02697],[134.546179,34.026897],[134.546212,34.026868]]]},"properties":{"S_NAME":"方上町高坂","HCODE":8101}},{"type":"Feature","geometry":{"type":"Polygon","coordinates":[[[134.535462,34.024422],[134.535361,34.024523],[134.534944,34.025031],[134.534805,34.025243],[134.534697,34.025479],[134.534185,34.025601],[134.531497,34.024228],[134.531348,34.024175],[134.530216,34.023728],[134.529982,34.023592],[134.529508,34.023395],[134.528733,34.022826],[134.528275,34.022474],[134.528549,34.021326],[134.528736,34.020793],[134.529059,34.020455],[134.529251,34.020318],[134.529509,34.020155],[134.529806,34.020152],[134.529954,34.020089],[134.53002,34.02002],[134.530038,34.020005],[134.530048,34.019963],[134.530068,34.01984],[134.530095,34.01979],[134.530165,34.019772],[134.53022,34.019762],[134.530242,34.019822],[134.530315,34.019893],[134.530445,34.019935],[134.531059,34.020037],[134.531249,34.020089],[134.531459,34.020083],[134.531577,34.020077],[134.53174,34.020127],[134.531905,34.020249],[134.531992,34.020272],[134.53221,34.02034],[134.532496,34.020641],[134.532876,34.020912],[134.533075,34.021],[134.533242,34.021056],[134.533391,34.021148],[134.53362,34.021194],[134.533733,34.021244],[134.534095,34.021506],[134.534392,34.021796],[134.534494,34.021862],[134.534456,34.022165],[134.534414,34.022745],[134.534466,34.022874],[134.53453,34.023057],[134.534617,34.023677],[134.534812,34.02389],[134.534999,34.024075],[134.5352,34.024203],[134.535462,34.024422]]]},"properties":{"S_NAME":"方上町馬越","HCODE":8101}},{"type":"Feature","geometry":{"type":"Polygon","coordinates":[[[134.544265,34.017189],[134.544961,34.018732],[134.545258,34.019564],[134.545716,34.020758],[134.546567,34.022864],[134.54617,34.022934],[134.546173,34.022716],[134.546147,34.022564],[134.546103,34.022413],[134.546009,34.022324],[134.545832,34.022201],[134.545601,34.022051],[134.54536,34.021911],[134.545217,34.021841],[134.545054,34.02179],[134.544908,34.021787],[134.544702,34.021802],[134.544426,34.021896],[134.544181,34.021938],[134.544023,34.021979],[134.543952,34.022006],[134.543865,34.022],[134.543808,34.021915],[134.543839,34.021809],[134.5439,34.021657],[134.543875,34.021591],[134.543794,34.021552],[134.543685,34.021518],[134.543544,34.021511],[134.543171,34.021637],[134.542909,34.021613],[134.542312,34.02149],[134.541423,34.021322],[134.539956,34.021091],[134.539486,34.021094],[134.539041,34.021096],[134.538461,34.021105],[134.538466,34.020784],[134.538434,34.020785],[134.538434,34.020588],[134.538471,34.020536],[134.538487,34.020509],[134.538497,34.02049],[134.538504,34.020456],[134.538504,34.020406],[134.538501,34.020334],[134.538491,34.020297],[134.53845,34.020232],[134.538358,34.020102],[134.538308,34.020017],[134.538256,34.019908],[134.53826,34.019892],[134.538281,34.019778],[134.5384,34.019564],[134.538411,34.019511],[134.53838,34.019464],[134.538289,34.019376],[134.538287,34.019147],[134.538375,34.01895],[134.538397,34.018876],[134.53848,34.018381],[134.538497,34.018314],[134.538616,34.018101],[134.538676,34.018037],[134.538752,34.017713],[134.538769,34.017619],[134.538901,34.017277],[134.538721,34.016915],[134.538652,34.016799],[134.538621,34.016728],[134.538607,34.016676],[134.538608,34.016612],[134.538622,34.016548],[134.538751,34.016221],[134.538817,34.016137],[134.538995,34.015928],[134.5391,34.015791],[134.539208,34.015617],[134.539375,34.015406],[134.539546,34.015179],[134.539722,34.014918],[134.539946,34.014559],[134.540067,34.014567],[134.54021,34.014551],[134.540504,34.014474],[134.541623,34.01374],[134.541551,34.0147],[134.541619,34.015824],[134.541945,34.016145],[134.542685,34.01674],[134.542907,34.016846],[134.543484,34.017126],[134.54399,34.017217],[134.544265,34.017189]]]},"properties":{"S_NAME":"方上町上六拾間","HCODE":8101}},{"type":"Feature","geometry":{"type":"Polygon","coordinates":[[[134.546212,34.026868],[134.546179,34.026897],[134.545967,34.02697],[134.545857,34.02693],[134.545783,34.026885],[134.545727,34.026825],[134.545677,34.026698],[134.54562,34.02607],[134.545517,34.025615],[134.545426,34.0254],[134.545029,34.024769],[134.544784,34.02447],[134.544555,34.024193],[134.544332,34.023891],[134.544276,34.023779],[134.544358,34.023561],[134.544542,34.023369],[134.544797,34.023281],[134.545459,34.023113],[134.54617,34.022934],[134.546141,34.023008],[134.546455,34.023516],[134.546678,34.02387],[134.546677,34.023872],[134.546505,34.023925],[134.546443,34.024025],[134.546467,34.024139],[134.546494,34.024278],[134.546515,34.02444],[134.546517,34.024643],[134.546546,34.024882],[134.546558,34.024982],[134.546604,34.02509],[134.546763,34.025114],[134.547037,34.025305],[134.547175,34.025375],[134.547156,34.025514],[134.547321,34.025579],[134.547456,34.025654],[134.547542,34.025714],[134.547268,34.025947],[134.546212,34.026868]]]},"properties":{"S_NAME":"方上町鶴島","HCODE":8101}},{"type":"Feature","geometry":{"type":"Polygon","coordinates":[[[134.536206,34.022947],[134.5352,34.024203],[134.534999,34.024075],[134.534812,34.02389],[134.534617,34.023677],[134.53453,34.023057],[134.534466,34.022874],[134.534414,34.022745],[134.534456,34.022165],[134.534494,34.021862],[134.534676,34.021963],[134.535932,34.022735],[134.536206,34.022947]]]},"properties":{"S_NAME":"方上町舟戸川","HCODE":8101}},{"type":"Feature","geometry":{"type":"Polygon","coordinates":[[[134.549901,34.02258],[134.550042,34.022624],[134.55043,34.022764],[134.551064,34.023003],[134.550951,34.023156],[134.550873,34.0233],[134.550856,34.023429],[134.550795,34.023683],[134.55076,34.024043],[134.55081,34.024216],[134.55054,34.024393],[134.550474,34.024515],[134.550484,34.024717],[134.550331,34.025055],[134.550208,34.025244],[134.550021,34.02549],[134.549825,34.025508],[134.549681,34.025531],[134.549058,34.025556],[134.548617,34.025592],[134.548706,34.025368],[134.548763,34.025216],[134.548921,34.024861],[134.549271,34.024143],[134.548871,34.024006],[134.5498,34.022548],[134.549901,34.02258]]]},"properties":{"S_NAME":"勝占町原","HCODE":8101}},{"type":"Feature","geometry":{"type":"Polygon","coordinates":[[[134.556349,34.015406],[134.556196,34.015409],[134.556196,34.015135],[134.556397,34.015127],[134.556437,34.014957],[134.556482,34.014955],[134.556494,34.015058],[134.556585,34.015054],[134.556679,34.015048],[134.55702,34.015034],[134.557012,34.014829],[134.55715,34.014883],[134.557163,34.015211],[134.557174,34.015541],[134.556921,34.015542],[134.556808,34.015544],[134.556703,34.015545],[134.556553,34.015549],[134.556324,34.015553],[134.556349,34.015406]]]},"properties":{"S_NAME":"勝占町外敷地","HCODE":8101}},{"type":"Feature","geometry":{"type":"Polygon","coordinates":[[[134.557756,34.012106],[134.557759,34.012115],[134.558072,34.013036],[134.558313,34.013734],[134.558402,34.014007],[134.558417,34.01404],[134.558413,34.014058],[134.558412,34.014062],[134.558387,34.014176],[134.558325,34.014358],[134.558083,34.014748],[134.557818,34.015191],[134.557778,34.015257],[134.557529,34.015719],[134.557334,34.016127],[134.557143,34.01674],[134.556907,34.01748],[134.556632,34.018477],[134.556553,34.018807],[134.555633,34.019138],[134.555726,34.018623],[134.555734,34.018406],[134.555689,34.018217],[134.555643,34.018018],[134.555616,34.017771],[134.555579,34.017572],[134.555569,34.01732],[134.555546,34.017114],[134.555421,34.017001],[134.555289,34.016945],[134.55509,34.016935],[134.554964,34.016948],[134.554596,34.016985],[134.553958,34.017088],[134.55322,34.017302],[134.552247,34.01758],[134.552176,34.017495],[134.552012,34.017343],[134.551845,34.017213],[134.551595,34.017042],[134.551695,34.016755],[134.551779,34.016414],[134.551965,34.015886],[134.551988,34.015799],[134.552174,34.015304],[134.552222,34.015197],[134.552433,34.014828],[134.552808,34.014355],[134.553363,34.013863],[134.554066,34.013421],[134.5552,34.013003],[134.55555,34.01288],[134.555794,34.012795],[134.556582,34.01252],[134.557756,34.012106]],[[134.556349,34.015406],[134.556324,34.015553],[134.556553,34.015549],[134.556703,34.015545],[134.556808,34.015544],[134.556921,34.015542],[134.557174,34.015541],[134.557163,34.015211],[134.55715,34.014883],[134.557012,34.014829],[134.55702,34.015034],[134.556679,34.015048],[134.556585,34.015054],[134.556494,34.015058],[134.556482,34.014955],[134.556437,34.014957],[134.556397,34.015127],[134.556196,34.015135],[134.556196,34.015409],[134.556349,34.015406]]]},"properties":{"S_NAME":"勝占町敷地","HCODE":8101}},{"type":"Feature","geometry":{"type":"Polygon","coordinates":[[[134.555633,34.019138],[134.554871,34.019605],[134.554148,34.020253],[134.553223,34.021102],[134.552065,34.022297],[134.551888,34.022194],[134.552309,34.0218],[134.552523,34.021639],[134.552984,34.021204],[134.5532,34.020832],[134.553338,34.020338],[134.553308,34.019831],[134.553146,34.019396],[134.552976,34.018927],[134.552761,34.018396],[134.552483,34.017878],[134.552247,34.01758],[134.55322,34.017302],[134.553958,34.017088],[134.554596,34.016985],[134.554964,34.016948],[134.55509,34.016935],[134.555289,34.016945],[134.555421,34.017001],[134.555546,34.017114],[134.555569,34.01732],[134.555579,34.017572],[134.555616,34.017771],[134.555643,34.018018],[134.555689,34.018217],[134.555734,34.018406],[134.555726,34.018623],[134.555633,34.019138]]]},"properties":{"S_NAME":"勝占町下敷地","HCODE":8101}},{"type":"Feature","geometry":{"type":"Polygon","coordinates":[[[134.556691,34.020573],[134.556676,34.020608],[134.55665,34.020671],[134.555586,34.023099],[134.555205,34.023943],[134.55482,34.024768],[134.554494,34.025457],[134.554102,34.026011],[134.554016,34.026173],[134.553545,34.026402],[134.553189,34.026456],[134.552815,34.026582],[134.552401,34.026882],[134.551999,34.027244],[134.551558,34.027827],[134.551495,34.027981],[134.551469,34.028195],[134.551389,34.028582],[134.551033,34.028338],[134.550846,34.02814],[134.550688,34.027654],[134.550538,34.027182],[134.550441,34.0268],[134.550373,34.026443],[134.550363,34.02597],[134.550454,34.025576],[134.550547,34.025335],[134.550814,34.02488],[134.55088,34.024689],[134.55082,34.024376],[134.55081,34.024216],[134.55076,34.024043],[134.550795,34.023683],[134.550856,34.023429],[134.550873,34.0233],[134.550951,34.023156],[134.551064,34.023003],[134.551277,34.022749],[134.551484,34.022532],[134.551888,34.022194],[134.552065,34.022297],[134.553223,34.021102],[134.554148,34.020253],[134.554871,34.019605],[134.555633,34.019138],[134.556553,34.018807],[134.557604,34.018493],[134.556706,34.020539],[134.556691,34.020573]]]},"properties":{"S_NAME":"勝占町中須","HCODE":8101}},{"type":"Feature","geometry":{"type":"Polygon","coordinates":[[[134.551888,34.022194],[134.551484,34.022532],[134.551277,34.022749],[134.551064,34.023003],[134.55043,34.022764],[134.550042,34.022624],[134.549901,34.02258],[134.550452,34.021909],[134.550838,34.021458],[134.551261,34.021777],[134.551353,34.021725],[134.551511,34.021583],[134.551668,34.021433],[134.551627,34.021316],[134.551848,34.021074],[134.551991,34.020898],[134.551843,34.020696],[134.551832,34.020369],[134.55178,34.020273],[134.551664,34.020181],[134.551456,34.020015],[134.550451,34.020906],[134.550436,34.021121],[134.550283,34.021185],[134.550625,34.020128],[134.550808,34.019536],[134.551008,34.018901],[134.550929,34.018932],[134.550859,34.018999],[134.550801,34.01911],[134.550591,34.019146],[134.549141,34.018945],[134.547301,34.018402],[134.545991,34.017884],[134.544312,34.017154],[134.545204,34.016483],[134.546109,34.016445],[134.546535,34.015949],[134.546741,34.01567],[134.546947,34.015172],[134.546888,34.01506],[134.546902,34.014783],[134.546936,34.014605],[134.546979,34.014393],[134.547079,34.014197],[134.547189,34.014104],[134.547567,34.013794],[134.547905,34.013495],[134.548064,34.013637],[134.548437,34.013928],[134.548796,34.014072],[134.549117,34.014151],[134.549432,34.014387],[134.549497,34.014457],[134.549526,34.014667],[134.549626,34.014796],[134.549891,34.015038],[134.550038,34.01527],[134.550127,34.015434],[134.550392,34.015596],[134.55064,34.015716],[134.550845,34.015906],[134.550914,34.016077],[134.550989,34.016437],[134.551052,34.016546],[134.551243,34.016736],[134.551459,34.016912],[134.551595,34.017042],[134.551845,34.017213],[134.552012,34.017343],[134.552176,34.017495],[134.552247,34.01758],[134.552483,34.017878],[134.552761,34.018396],[134.552976,34.018927],[134.553146,34.019396],[134.553308,34.019831],[134.553338,34.020338],[134.5532,34.020832],[134.552984,34.021204],[134.552523,34.021639],[134.552309,34.0218],[134.551888,34.022194]]]},"properties":{"S_NAME":"勝占町松成","HCODE":8101}},{"type":"Feature","geometry":{"type":"Polygon","coordinates":[[[134.549901,34.02258],[134.5498,34.022548],[134.549515,34.02249],[134.549188,34.022553],[134.548977,34.022567],[134.548714,34.02249],[134.548409,34.022386],[134.547989,34.022199],[134.547824,34.021918],[134.5477,34.02173],[134.547704,34.021602],[134.547775,34.021456],[134.547761,34.021444],[134.547416,34.021234],[134.547174,34.021098],[134.547075,34.021036],[134.547015,34.020968],[134.546921,34.020993],[134.546811,34.020958],[134.546715,34.020843],[134.546494,34.020633],[134.546324,34.020459],[134.545567,34.019247],[134.544265,34.017189],[134.544312,34.017154],[134.545991,34.017884],[134.547301,34.018402],[134.549141,34.018945],[134.550591,34.019146],[134.550801,34.01911],[134.550859,34.018999],[134.550929,34.018932],[134.551008,34.018901],[134.550808,34.019536],[134.550625,34.020128],[134.550283,34.021185],[134.550436,34.021121],[134.550451,34.020906],[134.551456,34.020015],[134.551664,34.020181],[134.55178,34.020273],[134.551832,34.020369],[134.551843,34.020696],[134.551991,34.020898],[134.551848,34.021074],[134.551627,34.021316],[134.551668,34.021433],[134.551511,34.021583],[134.551353,34.021725],[134.551261,34.021777],[134.550838,34.021458],[134.550452,34.021909],[134.549901,34.02258]]]},"properties":{"S_NAME":"勝占町中山","HCODE":8101}},{"type":"Feature","geometry":{"type":"Polygon","coordinates":[[[134.533779,34.027481],[134.533591,34.027497],[134.533475,34.027474],[134.53326,34.027452],[134.533179,34.027428],[134.533018,34.02724],[134.532849,34.027154],[134.532635,34.027147],[134.532485,34.027153],[134.53245,34.027143],[134.532229,34.027039],[134.531783,34.027005],[134.531378,34.027018],[134.531205,34.027067],[134.530988,34.027252],[134.530735,34.02736],[134.530624,34.027508],[134.530532,34.027561],[134.530336,34.027601],[134.530036,34.027676],[134.52992,34.027682],[134.529833,34.027663],[134.529688,34.027607],[134.529335,34.027482],[134.529224,34.027422],[134.529018,34.027264],[134.524645,34.025377],[134.521788,34.024336],[134.526023,34.022735],[134.526613,34.022461],[134.526984,34.022527],[134.527549,34.022545],[134.527993,34.022518],[134.528275,34.022474],[134.528733,34.022826],[134.529508,34.023395],[134.529982,34.023592],[134.530216,34.023728],[134.531348,34.024175],[134.531497,34.024228],[134.534185,34.025601],[134.534697,34.025479],[134.534805,34.025243],[134.534944,34.025031],[134.535361,34.024523],[134.535462,34.024422],[134.535639,34.024524],[134.535952,34.024714],[134.536286,34.024823],[134.536477,34.024921],[134.536722,34.025072],[134.536755,34.025148],[134.536743,34.025233],[134.536461,34.025698],[134.536446,34.025746],[134.53643,34.026335],[134.53647,34.026585],[134.536557,34.02671],[134.536586,34.026844],[134.536642,34.027225],[134.536655,34.027377],[134.536653,34.027377],[134.536269,34.027389],[134.536126,34.027385],[134.536091,34.02736],[134.535992,34.027271],[134.535645,34.026886],[134.535572,34.026835],[134.535428,34.026818],[134.535278,34.02682],[134.53446,34.026979],[134.534253,34.027042],[134.53404,34.027208],[134.533998,34.027258],[134.533959,34.027323],[134.533926,34.027386],[134.533838,34.027459],[134.53378,34.027478],[134.533779,34.027481]]]},"properties":{"S_NAME":"北山町三反地","HCODE":8101}},{"type":"Feature","geometry":{"type":"Polygon","coordinates":[[[134.538001,34.028176],[134.53783,34.028384],[134.537762,34.028511],[134.537688,34.028551],[134.537554,34.028571],[134.537299,34.02855],[134.537184,34.028574],[134.537004,34.028668],[134.536931,34.028734],[134.53679,34.028909],[134.536725,34.028921],[134.536683,34.028883],[134.536585,34.028791],[134.536517,34.028782],[134.536406,34.028798],[134.536078,34.028824],[134.535957,34.028783],[134.535906,34.028725],[134.535896,34.02866],[134.535885,34.028537],[134.535866,34.028502],[134.535796,34.028488],[134.535408,34.028498],[134.535282,34.028427],[134.535232,34.028359],[134.535257,34.028174],[134.535239,34.028098],[134.535147,34.028015],[134.535025,34.02799],[134.534874,34.027992],[134.534743,34.027981],[134.534628,34.027903],[134.534541,34.027841],[134.534375,34.027784],[134.534166,34.027738],[134.534009,34.027662],[134.533874,34.027504],[134.533789,34.02748],[134.533779,34.027481],[134.53378,34.027478],[134.533838,34.027459],[134.533926,34.027386],[134.533959,34.027323],[134.533998,34.027258],[134.53404,34.027208],[134.534253,34.027042],[134.53446,34.026979],[134.535278,34.02682],[134.535428,34.026818],[134.535572,34.026835],[134.535645,34.026886],[134.535992,34.027271],[134.536091,34.02736],[134.536126,34.027385],[134.536269,34.027389],[134.536653,34.027377],[134.536655,34.027377],[134.536657,34.027397],[134.536755,34.027432],[134.536824,34.02786],[134.536906,34.027814],[134.53708,34.027662],[134.537262,34.027399],[134.537567,34.026988],[134.537747,34.027349],[134.537952,34.027832],[134.537993,34.027964],[134.538001,34.028176]]]},"properties":{"S_NAME":"北山町銭亀坂","HCODE":8101}},{"type":"Feature","geometry":{"type":"Polygon","coordinates":[[[134.536206,34.022947],[134.536666,34.023305],[134.537718,34.024281],[134.537187,34.02475],[134.536722,34.025072],[134.536477,34.024921],[134.536286,34.024823],[134.535952,34.024714],[134.535639,34.024524],[134.535462,34.024422],[134.5352,34.024203],[134.536206,34.022947]]]},"properties":{"S_NAME":"北山町岩崎","HCODE":8101}},{"type":"Feature","geometry":{"type":"Polygon","coordinates":[[[134.539369,34.028602],[134.539141,34.028454],[134.538866,34.028306],[134.538666,34.028246],[134.538439,34.028213],[134.538251,34.028218],[134.538006,34.028245],[134.538001,34.028176],[134.537993,34.027964],[134.537952,34.027832],[134.537747,34.027349],[134.537567,34.026988],[134.537262,34.027399],[134.53708,34.027662],[134.536906,34.027814],[134.536824,34.02786],[134.536755,34.027432],[134.536657,34.027397],[134.536655,34.027377],[134.536642,34.027225],[134.536586,34.026844],[134.536557,34.02671],[134.53647,34.026585],[134.53643,34.026335],[134.536446,34.025746],[134.536461,34.025698],[134.536743,34.025233],[134.536755,34.025148],[134.536722,34.025072],[134.537187,34.02475],[134.537718,34.024281],[134.538744,34.025255],[134.538753,34.025447],[134.538864,34.025633],[134.53927,34.026238],[134.539636,34.026807],[134.540027,34.027416],[134.540113,34.027549],[134.540149,34.027684],[134.540098,34.027852],[134.539852,34.028123],[134.539369,34.028602]]]},"properties":{"S_NAME":"北山町下田尻","HCODE":8101}},{"type":"Feature","geometry":{"type":"Polygon","coordinates":[[[134.552894,34.030945],[134.552971,34.030942],[134.553299,34.030962],[134.553784,34.030941],[134.555273,34.031066],[134.556338,34.031154],[134.557801,34.031315],[134.558739,34.031352],[134.560688,34.0315],[134.560633,34.032059],[134.560429,34.033369],[134.56041,34.033561],[134.560503,34.034249],[134.560757,34.034763],[134.561358,34.03562],[134.561519,34.035822],[134.561791,34.036183],[134.562576,34.037173],[134.563301,34.037847],[134.563472,34.038027],[134.564181,34.038791],[134.564398,34.039016],[134.565851,34.040525],[134.56553,34.041507],[134.565524,34.041592],[134.565422,34.041644],[134.565307,34.04165],[134.56486,34.0416],[134.564475,34.041578],[134.564095,34.041535],[134.562895,34.041467],[134.56176,34.041344],[134.561133,34.041259],[134.559797,34.041157],[134.559488,34.041139],[134.557704,34.041019],[134.557529,34.041017],[134.557456,34.041008],[134.557009,34.040956],[134.555171,34.040761],[134.554912,34.040732],[134.554459,34.040705],[134.554266,34.040227],[134.55399,34.039649],[134.553718,34.039096],[134.553393,34.038385],[134.553129,34.037999],[134.552973,34.037663],[134.552687,34.037072],[134.552561,34.036561],[134.552556,34.036172],[134.552662,34.035027],[134.552757,34.034174],[134.552852,34.033318],[134.552972,34.032024],[134.552971,34.031127],[134.552894,34.030945]]]},"properties":{"S_NAME":"雑賀町","HCODE":8101}},{"type":"Feature","geometry":{"type":"Polygon","coordinates":[[[134.550829,34.031079],[134.55108,34.031088],[134.551017,34.031476],[134.550765,34.032419],[134.550306,34.033652],[134.550487,34.033741],[134.550521,34.034532],[134.550558,34.035407],[134.550334,34.03586],[134.549971,34.036601],[134.549667,34.037249],[134.548729,34.03717],[134.547673,34.037146],[134.547033,34.037125],[134.546105,34.037146],[134.546,34.037914],[134.545843,34.038427],[134.546806,34.038826],[134.547258,34.039028],[134.547594,34.039133],[134.547922,34.039212],[134.547995,34.039223],[134.548064,34.039208],[134.548235,34.039144],[134.548368,34.039145],[134.548755,34.039186],[134.548876,34.039195],[134.549997,34.03921],[134.550349,34.039119],[134.550679,34.039123],[134.551927,34.039266],[134.552197,34.039331],[134.553196,34.039603],[134.55357,34.039641],[134.55399,34.039649],[134.554266,34.040227],[134.554459,34.040705],[134.553785,34.040696],[134.553369,34.040684],[134.552669,34.040673],[134.552117,34.040627],[134.551264,34.040546],[134.55032,34.040515],[134.549657,34.040474],[134.54936,34.040455],[134.548605,34.040387],[134.548093,34.040294],[134.547726,34.040194],[134.547172,34.039992],[134.54638,34.039689],[134.546074,34.039559],[134.54563,34.03923],[134.545033,34.038769],[134.544144,34.03797],[134.543801,34.037612],[134.543722,34.037535],[134.54346,34.03719],[134.543211,34.036713],[134.542972,34.036066],[134.542856,34.035659],[134.542879,34.034961],[134.543119,34.035029],[134.54372,34.035262],[134.543683,34.035657],[134.543668,34.035996],[134.544395,34.036029],[134.544987,34.036004],[134.54495,34.035512],[134.544971,34.035357],[134.545026,34.035119],[134.545114,34.034855],[134.545206,34.034644],[134.545396,34.034437],[134.545611,34.034299],[134.545788,34.034227],[134.545917,34.034207],[134.546148,34.034152],[134.546338,34.034116],[134.547019,34.03399],[134.547274,34.033926],[134.547591,34.033882],[134.547943,34.033806],[134.547737,34.033737],[134.547383,34.033549],[134.547362,34.0335],[134.547462,34.033332],[134.547653,34.033188],[134.54772,34.033134],[134.548332,34.033316],[134.548948,34.033276],[134.549306,34.033136],[134.549663,34.032928],[134.549896,34.032695],[134.55002,34.032356],[134.550025,34.032343],[134.550294,34.031674],[134.55035,34.031228],[134.550858,34.03131],[134.550857,34.03123],[134.550829,34.031079]]]},"properties":{"S_NAME":"三軒屋町外","HCODE":8101}},{"type":"Feature","geometry":{"type":"Polygon","coordinates":[[[134.552894,34.030945],[134.552971,34.031127],[134.552972,34.032024],[134.552852,34.033318],[134.552757,34.034174],[134.552662,34.035027],[134.552556,34.036172],[134.552561,34.036561],[134.552687,34.037072],[134.552973,34.037663],[134.553129,34.037999],[134.553393,34.038385],[134.553718,34.039096],[134.55399,34.039649],[134.55357,34.039641],[134.553196,34.039603],[134.552197,34.039331],[134.551927,34.039266],[134.550679,34.039123],[134.550349,34.039119],[134.549997,34.03921],[134.548876,34.039195],[134.548755,34.039186],[134.548368,34.039145],[134.548235,34.039144],[134.548064,34.039208],[134.547995,34.039223],[134.547922,34.039212],[134.547594,34.039133],[134.547258,34.039028],[134.546806,34.038826],[134.545843,34.038427],[134.546,34.037914],[134.546105,34.037146],[134.547033,34.037125],[134.547673,34.037146],[134.548729,34.03717],[134.549667,34.037249],[134.549971,34.036601],[134.550334,34.03586],[134.550558,34.035407],[134.550521,34.034532],[134.550487,34.033741],[134.550306,34.033652],[134.550765,34.032419],[134.551017,34.031476],[134.55108,34.031088],[134.550829,34.031079],[134.550833,34.030973],[134.550882,34.030854],[134.550961,34.030697],[134.55096,34.030155],[134.550923,34.029835],[134.55089,34.029473],[134.550742,34.029294],[134.550635,34.02915],[134.550593,34.029031],[134.550574,34.02897],[134.550535,34.028842],[134.550401,34.028718],[134.550304,34.028606],[134.550175,34.028352],[134.550077,34.02821],[134.550117,34.028084],[134.550183,34.027777],[134.550274,34.027563],[134.550538,34.027182],[134.550688,34.027654],[134.550846,34.02814],[134.551033,34.028338],[134.551389,34.028582],[134.551511,34.028761],[134.551796,34.029145],[134.552163,34.029666],[134.552569,34.030175],[134.552894,34.030945]]]},"properties":{"S_NAME":"三軒屋町東","HCODE":8101}},{"type":"Feature","geometry":{"type":"Polygon","coordinates":[[[134.5498,34.022548],[134.548871,34.024006],[134.549271,34.024143],[134.548921,34.024861],[134.548763,34.025216],[134.548706,34.025368],[134.548617,34.025592],[134.548327,34.025616],[134.548103,34.025699],[134.547941,34.025732],[134.547792,34.025973],[134.547626,34.025902],[134.547737,34.025733],[134.547542,34.025714],[134.547456,34.025654],[134.547321,34.025579],[134.547156,34.025514],[134.547175,34.025375],[134.547037,34.025305],[134.546763,34.025114],[134.546604,34.02509],[134.546558,34.024982],[134.546546,34.024882],[134.546517,34.024643],[134.546515,34.02444],[134.546494,34.024278],[134.546467,34.024139],[134.546443,34.024025],[134.546505,34.023925],[134.546677,34.023872],[134.546678,34.02387],[134.546455,34.023516],[134.546141,34.023008],[134.54617,34.022934],[134.546567,34.022864],[134.545716,34.020758],[134.545258,34.019564],[134.544961,34.018732],[134.544265,34.017189],[134.545567,34.019247],[134.546324,34.020459],[134.546494,34.020633],[134.546715,34.020843],[134.546811,34.020958],[134.546921,34.020993],[134.547015,34.020968],[134.547075,34.021036],[134.547174,34.021098],[134.547416,34.021234],[134.547761,34.021444],[134.547775,34.021456],[134.547704,34.021602],[134.5477,34.02173],[134.547824,34.021918],[134.547989,34.022199],[134.548409,34.022386],[134.548714,34.02249],[134.548977,34.022567],[134.549188,34.022553],[134.549515,34.02249],[134.5498,34.022548]]]},"properties":{"S_NAME":"西須賀町鶴島","HCODE":8101}},{"type":"Feature","geometry":{"type":"Polygon","coordinates":[[[134.549496,34.029215],[134.54941,34.029902],[134.549365,34.030144],[134.549304,34.030468],[134.549193,34.030813],[134.54907,34.030979],[134.548882,34.031218],[134.548663,34.031503],[134.548241,34.03193],[134.547827,34.032167],[134.547443,34.032331],[134.547106,34.03257],[134.546563,34.03279],[134.546242,34.03292],[134.544685,34.033641],[134.543953,34.033937],[134.543332,34.034252],[134.543146,34.034359],[134.543234,34.034182],[134.544301,34.033108],[134.544448,34.033009],[134.544553,34.032977],[134.544999,34.032389],[134.545009,34.032301],[134.545481,34.031903],[134.54578,34.031604],[134.545915,34.031477],[134.546011,34.031372],[134.546096,34.031289],[134.546129,34.031217],[134.546102,34.031126],[134.545997,34.030987],[134.545894,34.030833],[134.545879,34.030791],[134.545878,34.03065],[134.545887,34.030533],[134.546033,34.030428],[134.54654,34.030251],[134.547413,34.029392],[134.548263,34.029671],[134.54855,34.029627],[134.54894,34.029492],[134.549272,34.02931],[134.549496,34.029215]]]},"properties":{"S_NAME":"西須賀町東開","HCODE":8101}},{"type":"Feature","geometry":{"type":"Polygon","coordinates":[[[134.549496,34.029215],[134.549272,34.02931],[134.54894,34.029492],[134.54855,34.029627],[134.548263,34.029671],[134.547413,34.029392],[134.54654,34.030251],[134.546033,34.030428],[134.546072,34.029832],[134.546335,34.02958],[134.546654,34.02927],[134.546779,34.029125],[134.54661,34.028992],[134.546614,34.028927],[134.546788,34.028657],[134.547165,34.028184],[134.547186,34.028159],[134.547327,34.027961],[134.547828,34.027376],[134.54804,34.027055],[134.548393,34.026668],[134.548586,34.026412],[134.549058,34.025556],[134.549681,34.025531],[134.549825,34.025508],[134.550021,34.02549],[134.550208,34.025244],[134.550331,34.025055],[134.550484,34.024717],[134.550474,34.024515],[134.55054,34.024393],[134.55081,34.024216],[134.55082,34.024376],[134.55088,34.024689],[134.550814,34.02488],[134.550547,34.025335],[134.550454,34.025576],[134.550363,34.02597],[134.550373,34.026443],[134.550441,34.0268],[134.550538,34.027182],[134.550274,34.027563],[134.550183,34.027777],[134.550117,34.028084],[134.550077,34.02821],[134.550175,34.028352],[134.550304,34.028606],[134.550401,34.028718],[134.550535,34.028842],[134.550574,34.02897],[134.550434,34.029004],[134.550442,34.029025],[134.549522,34.028989],[134.549496,34.029215]]]},"properties":{"S_NAME":"西須賀町中開","HCODE":8101}},{"type":"Feature","geometry":{"type":"Polygon","coordinates":[[[134.549058,34.025556],[134.548586,34.026412],[134.548393,34.026668],[134.54804,34.027055],[134.547828,34.027376],[134.547327,34.027961],[134.547186,34.028159],[134.547165,34.028184],[134.546788,34.028657],[134.546614,34.028927],[134.54661,34.028992],[134.546779,34.029125],[134.546654,34.02927],[134.546335,34.02958],[134.546072,34.029832],[134.545386,34.029439],[134.545383,34.029376],[134.545465,34.02922],[134.546046,34.02834],[134.546398,34.027773],[134.547626,34.025902],[134.547792,34.025973],[134.547941,34.025732],[134.548103,34.025699],[134.548327,34.025616],[134.548617,34.025592],[134.549058,34.025556]]]},"properties":{"S_NAME":"西須賀町西開","HCODE":8101}},{"type":"Feature","geometry":{"type":"Polygon","coordinates":[[[134.550829,34.031079],[134.550857,34.03123],[134.550858,34.03131],[134.55035,34.031228],[134.550294,34.031674],[134.550025,34.032343],[134.55002,34.032356],[134.549896,34.032695],[134.549663,34.032928],[134.549306,34.033136],[134.548948,34.033276],[134.548332,34.033316],[134.54772,34.033134],[134.547653,34.033188],[134.547462,34.033332],[134.547362,34.0335],[134.547383,34.033549],[134.547737,34.033737],[134.547943,34.033806],[134.547591,34.033882],[134.547274,34.033926],[134.547019,34.03399],[134.546338,34.034116],[134.546148,34.034152],[134.545917,34.034207],[134.545788,34.034227],[134.545611,34.034299],[134.545396,34.034437],[134.545206,34.034644],[134.545114,34.034855],[134.545026,34.035119],[134.544971,34.035357],[134.54495,34.035512],[134.544987,34.036004],[134.544395,34.036029],[134.543668,34.035996],[134.543683,34.035657],[134.54372,34.035262],[134.543119,34.035029],[134.542879,34.034961],[134.542898,34.034503],[134.543146,34.034359],[134.543332,34.034252],[134.543953,34.033937],[134.544685,34.033641],[134.546242,34.03292],[134.546563,34.03279],[134.547106,34.03257],[134.547443,34.032331],[134.547827,34.032167],[134.548241,34.03193],[134.548663,34.031503],[134.548882,34.031218],[134.54907,34.030979],[134.549193,34.030813],[134.549304,34.030468],[134.549365,34.030144],[134.54941,34.029902],[134.549496,34.029215],[134.549522,34.028989],[134.550442,34.029025],[134.550434,34.029004],[134.550574,34.02897],[134.550593,34.029031],[134.550635,34.02915],[134.550742,34.029294],[134.55089,34.029473],[134.550923,34.029835],[134.55096,34.030155],[134.550961,34.030697],[134.550882,34.030854],[134.550833,34.030973],[134.550829,34.031079]]]},"properties":{"S_NAME":"西須賀町下中須","HCODE":8101}},{"type":"Feature","geometry":{"type":"Polygon","coordinates":[[[134.542898,34.034503],[134.542477,34.0348],[134.542358,34.034465],[134.542247,34.03429],[134.541877,34.033877],[134.541207,34.033102],[134.540388,34.032014],[134.540103,34.031504],[134.539998,34.03136],[134.539718,34.030984],[134.539679,34.030814],[134.539721,34.03071],[134.539852,34.030648],[134.540071,34.03061],[134.540465,34.0306],[134.540772,34.03058],[134.540896,34.030542],[134.541066,34.030371],[134.541916,34.029537],[134.542104,34.029344],[134.542166,34.029245],[134.542251,34.029066],[134.542328,34.028901],[134.542326,34.028729],[134.542309,34.028644],[134.54228,34.028548],[134.542209,34.02835],[134.542227,34.028298],[134.544041,34.027739],[134.544268,34.028411],[134.544338,34.028512],[134.54621,34.02688],[134.546212,34.026868],[134.547268,34.025947],[134.547542,34.025714],[134.547737,34.025733],[134.547626,34.025902],[134.546398,34.027773],[134.546046,34.02834],[134.545465,34.02922],[134.545383,34.029376],[134.545386,34.029439],[134.546072,34.029832],[134.546033,34.030428],[134.545887,34.030533],[134.545878,34.03065],[134.545879,34.030791],[134.545894,34.030833],[134.545997,34.030987],[134.546102,34.031126],[134.546129,34.031217],[134.546096,34.031289],[134.546011,34.031372],[134.545915,34.031477],[134.54578,34.031604],[134.545481,34.031903],[134.545009,34.032301],[134.544999,34.032389],[134.544553,34.032977],[134.544448,34.033009],[134.544301,34.033108],[134.543234,34.034182],[134.543146,34.034359],[134.542898,34.034503]]]},"properties":{"S_NAME":"西須賀町喜右衛門開","HCODE":8101}},{"type":"Feature","geometry":{"type":"Polygon","coordinates":[[[134.564798,34.031079],[134.564589,34.031083],[134.564431,34.031036],[134.563852,34.03093],[134.563332,34.030912],[134.563126,34.030911],[134.562432,34.030909],[134.56181,34.030899],[134.560843,34.030884],[134.560944,34.030552],[134.561218,34.029843],[134.561464,34.029396],[134.561897,34.028817],[134.562371,34.029108],[134.562493,34.028992],[134.563015,34.028455],[134.563262,34.028175],[134.563375,34.028054],[134.563748,34.028327],[134.563709,34.02841],[134.563897,34.028769],[134.563955,34.0288],[134.564197,34.029089],[134.564534,34.029324],[134.564655,34.029217],[134.564735,34.029158],[134.56484,34.029133],[134.565029,34.029126],[134.565047,34.028957],[134.565104,34.02882],[134.565158,34.028726],[134.565137,34.028587],[134.565161,34.028431],[134.565218,34.028345],[134.565313,34.028239],[134.565448,34.02813],[134.565453,34.028112],[134.565147,34.02758],[134.565649,34.027247],[134.565954,34.027277],[134.566293,34.027309],[134.566143,34.027696],[134.565811,34.028434],[134.565709,34.028611],[134.565667,34.028667],[134.565392,34.029034],[134.565061,34.029474],[134.564856,34.029766],[134.564834,34.029796],[134.564691,34.030078],[134.564659,34.030329],[134.564692,34.030736],[134.564744,34.030958],[134.564798,34.031079]]]},"properties":{"S_NAME":"論田町本浦上","HCODE":8101}},{"type":"Feature","geometry":{"type":"Polygon","coordinates":[[[134.566014,34.033256],[134.565582,34.033494],[134.565462,34.03327],[134.56542,34.033236],[134.56467,34.032984],[134.564435,34.032942],[134.563926,34.033814],[134.563758,34.034083],[134.563691,34.03419],[134.563614,34.034285],[134.563579,34.034307],[134.563578,34.034307],[134.563378,34.034654],[134.563124,34.035114],[134.563081,34.035193],[134.562997,34.035246],[134.56284,34.03532],[134.562729,34.035381],[134.562619,34.035421],[134.56252,34.035409],[134.562441,34.035392],[134.562341,34.035341],[134.562141,34.03546],[134.561519,34.035822],[134.561358,34.03562],[134.560757,34.034763],[134.560503,34.034249],[134.56041,34.033561],[134.560429,34.033369],[134.560633,34.032059],[134.560688,34.0315],[134.560843,34.030884],[134.56181,34.030899],[134.562432,34.030909],[134.563126,34.030911],[134.563332,34.030912],[134.563852,34.03093],[134.564431,34.031036],[134.564589,34.031083],[134.564798,34.031079],[134.56483,34.031149],[134.565016,34.031457],[134.565142,34.03171],[134.565325,34.032084],[134.565593,34.032557],[134.566014,34.033256]]]},"properties":{"S_NAME":"論田町本浦中","HCODE":8101}},{"type":"Feature","geometry":{"type":"Polygon","coordinates":[[[134.566856,34.03473],[134.566868,34.03549],[134.566882,34.035647],[134.566687,34.03604],[134.566435,34.036565],[134.566486,34.036928],[134.566704,34.038101],[134.56677,34.038458],[134.566726,34.039428],[134.566759,34.040609],[134.566784,34.041066],[134.565851,34.040525],[134.564398,34.039016],[134.564181,34.038791],[134.563472,34.038027],[134.563301,34.037847],[134.562576,34.037173],[134.561791,34.036183],[134.561519,34.035822],[134.562141,34.03546],[134.562341,34.035341],[134.562441,34.035392],[134.56252,34.035409],[134.562619,34.035421],[134.562729,34.035381],[134.56284,34.03532],[134.562997,34.035246],[134.563081,34.035193],[134.563124,34.035114],[134.563378,34.034654],[134.563578,34.034307],[134.563579,34.034307],[134.563614,34.034285],[134.563691,34.03419],[134.563758,34.034083],[134.563926,34.033814],[134.564435,34.032942],[134.56467,34.032984],[134.56542,34.033236],[134.565462,34.03327],[134.565582,34.033494],[134.566014,34.033256],[134.566138,34.033469],[134.56636,34.033851],[134.566496,34.034112],[134.566856,34.03473]]]},"properties":{"S_NAME":"論田町本浦下","HCODE":8101}},{"type":"Feature","geometry":{"type":"Polygon","coordinates":[[[134.577171,34.034522],[134.577174,34.034606],[134.577202,34.034604],[134.577411,34.034649],[134.577407,34.034664],[134.577397,34.034662],[134.577394,34.034676],[134.577434,34.034685],[134.577435,34.034698],[134.577622,34.034736],[134.577889,34.034792],[134.577876,34.034846],[134.577881,34.034847],[134.577895,34.034849],[134.577891,34.03486],[134.577885,34.034859],[134.577879,34.034881],[134.577886,34.034882],[134.577883,34.034894],[134.577869,34.034891],[134.577862,34.03489],[134.577832,34.034983],[134.577909,34.035011],[134.577922,34.034991],[134.57817,34.035083],[134.578364,34.035175],[134.57897,34.035513],[134.579069,34.035512],[134.579111,34.035529],[134.579132,34.035548],[134.579143,34.035564],[134.57915,34.035582],[134.57915,34.03561],[134.579149,34.035632],[134.579143,34.035654],[134.579132,34.035678],[134.579109,34.035707],[134.579094,34.035717],[134.579074,34.035724],[134.579063,34.035725],[134.578569,34.036465],[134.578548,34.036479],[134.577933,34.03677],[134.57765,34.036914],[134.577301,34.037073],[134.576875,34.037272],[134.576389,34.037506],[134.576215,34.037585],[134.575713,34.037817],[134.57501,34.03814],[134.575001,34.038143],[134.574685,34.038279],[134.574595,34.038306],[134.574408,34.03834],[134.574035,34.038419],[134.573841,34.038465],[134.57384,34.038507],[134.573837,34.038515],[134.573824,34.038525],[134.573757,34.038551],[134.57372,34.038555],[134.573707,34.038539],[134.573704,34.038532],[134.573693,34.038497],[134.573625,34.038514],[134.573288,34.038591],[134.573113,34.038633],[134.572345,34.038817],[134.572252,34.038845],[134.572249,34.038847],[134.572099,34.03892],[134.572032,34.038858],[134.571709,34.038823],[134.5714,34.038813],[134.571186,34.038765],[134.571031,34.038697],[134.570856,34.038572],[134.570526,34.038186],[134.569475,34.037798],[134.569675,34.037543],[134.570064,34.037153],[134.570318,34.036937],[134.570557,34.036734],[134.570687,34.036668],[134.570772,34.036637],[134.571305,34.036636],[134.571896,34.036615],[134.572002,34.03661],[134.572163,34.036274],[134.572161,34.036141],[134.572417,34.036095],[134.572519,34.036078],[134.572506,34.035816],[134.572494,34.035698],[134.572483,34.035669],[134.572377,34.035367],[134.572883,34.03499],[134.573522,34.034561],[134.573892,34.034296],[134.574176,34.034128],[134.57446,34.034033],[134.574724,34.03398],[134.575106,34.033977],[134.575495,34.034054],[134.576112,34.034214],[134.576927,34.034447],[134.577171,34.034522]]]},"properties":{"S_NAME":"論田町中開","HCODE":8101}},{"type":"Feature","geometry":{"type":"Polygon","coordinates":[[[134.572099,34.03892],[134.5719,34.038974],[134.571665,34.03902],[134.571199,34.039106],[134.571205,34.039156],[134.571311,34.039147],[134.571957,34.03908],[134.572238,34.039058],[134.572328,34.039738],[134.572373,34.040004],[134.572376,34.040005],[134.572531,34.040027],[134.572691,34.039982],[134.57272,34.039991],[134.572774,34.040021],[134.572784,34.040041],[134.572781,34.04006],[134.572727,34.040065],[134.572718,34.040069],[134.572566,34.040077],[134.572555,34.04008],[134.572536,34.040084],[134.572502,34.040101],[134.572483,34.040123],[134.572462,34.040177],[134.572458,34.040192],[134.572457,34.040207],[134.572482,34.04023],[134.572507,34.040235],[134.572572,34.040233],[134.572694,34.040216],[134.572705,34.040214],[134.572756,34.040203],[134.572772,34.0402],[134.572793,34.040194],[134.572808,34.040186],[134.57281,34.04018],[134.572808,34.040174],[134.572799,34.040134],[134.572802,34.040094],[134.572828,34.04004],[134.572824,34.04002],[134.572744,34.039948],[134.572544,34.039795],[134.572501,34.039778],[134.572452,34.039776],[134.572374,34.039808],[134.572359,34.039794],[134.572331,34.039663],[134.57233,34.039618],[134.572375,34.039572],[134.572382,34.039553],[134.572381,34.039527],[134.572378,34.039518],[134.572293,34.039306],[134.572287,34.039288],[134.572285,34.039279],[134.572267,34.039053],[134.572267,34.039042],[134.572269,34.039032],[134.572275,34.039023],[134.572279,34.039026],[134.572287,34.039032],[134.572294,34.03904],[134.572297,34.039047],[134.572322,34.039122],[134.572327,34.039184],[134.572417,34.039393],[134.572441,34.039513],[134.572508,34.039666],[134.572541,34.039706],[134.572591,34.039755],[134.572614,34.03977],[134.572625,34.039774],[134.572681,34.039788],[134.572761,34.039852],[134.57287,34.039916],[134.572918,34.039951],[134.572955,34.039985],[134.572986,34.039981],[134.57299,34.039974],[134.572989,34.039919],[134.573013,34.039913],[134.573087,34.039932],[134.573088,34.039974],[134.573081,34.040048],[134.573073,34.040062],[134.573022,34.040084],[134.57302,34.040102],[134.573038,34.040162],[134.573045,34.040172],[134.573055,34.040175],[134.573074,34.040179],[134.573089,34.040181],[134.5731,34.040176],[134.573106,34.040171],[134.573125,34.040127],[134.573131,34.040063],[134.573174,34.039968],[134.573179,34.039931],[134.57317,34.039896],[134.573131,34.039845],[134.573076,34.039808],[134.573061,34.039789],[134.573049,34.039761],[134.573177,34.039634],[134.573228,34.039595],[134.573262,34.039577],[134.573367,34.039498],[134.573378,34.039495],[134.573432,34.039496],[134.573511,34.039519],[134.573542,34.039523],[134.573559,34.039521],[134.573578,34.03951],[134.57365,34.039444],[134.573694,34.03944],[134.573713,34.039444],[134.573757,34.039462],[134.573762,34.039476],[134.57376,34.039491],[134.573731,34.039547],[134.57367,34.039777],[134.573596,34.039903],[134.573557,34.03995],[134.573525,34.039977],[134.573468,34.040016],[134.573452,34.040032],[134.573447,34.040041],[134.573448,34.040048],[134.57349,34.040117],[134.573497,34.040133],[134.5735,34.040168],[134.573502,34.040178],[134.573502,34.040194],[134.573483,34.040236],[134.573489,34.040251],[134.573518,34.040265],[134.573546,34.040265],[134.573585,34.040244],[134.573601,34.040229],[134.573608,34.040214],[134.5736,34.040167],[134.573594,34.04015],[134.573602,34.040137],[134.573623,34.040119],[134.573645,34.040126],[134.573692,34.040152],[134.573739,34.040166],[134.573826,34.040194],[134.573882,34.040211],[134.573894,34.040212],[134.573906,34.040209],[134.573912,34.040206],[134.573917,34.040199],[134.573904,34.040181],[134.573894,34.040172],[134.573879,34.040164],[134.573856,34.040161],[134.573843,34.040161],[134.573815,34.04016],[134.573783,34.04016],[134.573752,34.040155],[134.573708,34.04014],[134.573664,34.040111],[134.573643,34.040094],[134.573633,34.040081],[134.573631,34.040074],[134.573631,34.040065],[134.573634,34.040055],[134.573658,34.04004],[134.573732,34.040026],[134.573752,34.040019],[134.57385,34.03997],[134.573922,34.039893],[134.573961,34.039857],[134.573974,34.039852],[134.574024,34.03984],[134.57407,34.03982],[134.574101,34.039807],[134.574111,34.039805],[134.574156,34.039808],[134.574194,34.03982],[134.574227,34.039835],[134.574257,34.03985],[134.574382,34.040014],[134.574422,34.040088],[134.574463,34.040159],[134.574496,34.040204],[134.574559,34.040262],[134.57458,34.040291],[134.574587,34.040307],[134.574588,34.04034],[134.574579,34.04038],[134.57441,34.040501],[134.5743,34.040569],[134.574188,34.040616],[134.574091,34.040647],[134.574049,34.040654],[134.574021,34.040659],[134.573752,34.040693],[134.573636,34.040712],[134.573589,34.040742],[134.573554,34.040758],[134.573544,34.04076],[134.573476,34.040773],[134.573472,34.040783],[134.573486,34.040793],[134.57356,34.040777],[134.573571,34.040776],[134.573619,34.040781],[134.573638,34.04079],[134.573653,34.040805],[134.573663,34.040844],[134.573667,34.040884],[134.573663,34.040903],[134.573643,34.040916],[134.573545,34.040935],[134.573446,34.040966],[134.573304,34.040983],[134.573152,34.041031],[134.573073,34.041064],[134.573055,34.041068],[134.572969,34.041061],[134.572933,34.041062],[134.572824,34.041099],[134.572783,34.041121],[134.57276,34.041141],[134.572722,34.041194],[134.572694,34.041213],[134.572642,34.041233],[134.57257,34.041279],[134.572443,34.041312],[134.572369,34.041336],[134.572264,34.04138],[134.572211,34.041409],[134.571961,34.041508],[134.571823,34.041552],[134.571731,34.041563],[134.571669,34.041576],[134.571456,34.041642],[134.571425,34.041648],[134.57129,34.041652],[134.571055,34.041714],[134.570957,34.041778],[134.570886,34.041802],[134.570805,34.041809],[134.570764,34.041806],[134.570682,34.04179],[134.570581,34.041761],[134.570366,34.041736],[134.57036,34.041736],[134.570234,34.04173],[134.569915,34.041658],[134.569779,34.04164],[134.569651,34.041619],[134.569597,34.041604],[134.569587,34.041601],[134.569537,34.04158],[134.569448,34.041565],[134.569048,34.039031],[134.569027,34.038913],[134.568905,34.038443],[134.568518,34.037663],[134.568216,34.037112],[134.568347,34.036943],[134.568479,34.036819],[134.568569,34.036743],[134.568876,34.036615],[134.569208,34.036395],[134.569557,34.036085],[134.570006,34.036166],[134.570236,34.036172],[134.570486,34.036144],[134.570883,34.036062],[134.571196,34.036016],[134.571405,34.035953],[134.571618,34.03589],[134.571997,34.035645],[134.572122,34.035555],[134.572377,34.035367],[134.572483,34.035669],[134.572494,34.035698],[134.572506,34.035816],[134.572519,34.036078],[134.572417,34.036095],[134.572161,34.036141],[134.572163,34.036274],[134.572002,34.03661],[134.571896,34.036615],[134.571305,34.036636],[134.570772,34.036637],[134.570687,34.036668],[134.570557,34.036734],[134.570318,34.036937],[134.570064,34.037153],[134.569675,34.037543],[134.569475,34.037798],[134.570526,34.038186],[134.570856,34.038572],[134.571031,34.038697],[134.571186,34.038765],[134.5714,34.038813],[134.571709,34.038823],[134.572032,34.038858],[134.572099,34.03892]]]},"properties":{"S_NAME":"論田町元開","HCODE":8101}},{"type":"Feature","geometry":{"type":"Polygon","coordinates":[[[134.569448,34.041565],[134.569541,34.042236],[134.568999,34.042125],[134.568571,34.041973],[134.568071,34.041722],[134.567797,34.041606],[134.566784,34.041066],[134.566759,34.040609],[134.566726,34.039428],[134.56677,34.038458],[134.566704,34.038101],[134.566486,34.036928],[134.566435,34.036565],[134.566687,34.03604],[134.566882,34.035647],[134.566868,34.03549],[134.566856,34.03473],[134.567655,34.036112],[134.568116,34.036931],[134.568216,34.037112],[134.568518,34.037663],[134.568905,34.038443],[134.569027,34.038913],[134.569048,34.039031],[134.569448,34.041565]]]},"properties":{"S_NAME":"論田町小論田","HCODE":8101}},{"type":"Feature","geometry":{"type":"Polygon","coordinates":[[[134.569557,34.036085],[134.569208,34.036395],[134.568876,34.036615],[134.568569,34.036743],[134.568479,34.036819],[134.568347,34.036943],[134.568216,34.037112],[134.568116,34.036931],[134.567655,34.036112],[134.566856,34.03473],[134.566496,34.034112],[134.56636,34.033851],[134.566138,34.033469],[134.566014,34.033256],[134.565593,34.032557],[134.565325,34.032084],[134.565142,34.03171],[134.565016,34.031457],[134.56483,34.031149],[134.564798,34.031079],[134.564744,34.030958],[134.564692,34.030736],[134.564659,34.030329],[134.564691,34.030078],[134.564834,34.029796],[134.564856,34.029766],[134.564941,34.029792],[134.565028,34.029821],[134.56499,34.029958],[134.565007,34.03006],[134.565037,34.030115],[134.565573,34.03063],[134.565641,34.030758],[134.565688,34.030984],[134.565722,34.031223],[134.565769,34.031575],[134.565848,34.031864],[134.565971,34.032153],[134.566136,34.03245],[134.566453,34.032827],[134.566824,34.033169],[134.56725,34.033582],[134.567726,34.033969],[134.567816,34.034042],[134.568106,34.034257],[134.56833,34.034409],[134.568505,34.034569],[134.568545,34.034605],[134.568892,34.035159],[134.569105,34.035501],[134.569297,34.035756],[134.56943,34.035947],[134.569557,34.036085]]]},"properties":{"S_NAME":"論田町大江","HCODE":8101}},{"type":"Feature","geometry":{"type":"Polygon","coordinates":[[[134.551246,33.969586],[134.548764,33.972927],[134.548723,33.972967],[134.548528,33.972896],[134.547166,33.972853],[134.545394,33.972848],[134.544401,33.972892],[134.542999,33.97321],[134.541103,33.973748],[134.540326,33.973888],[134.539271,33.974045],[134.53698,33.97413],[134.535597,33.974092],[134.53431,33.973856],[134.533345,33.973718],[134.532846,33.973622],[134.532271,33.973462],[134.531835,33.973334],[134.531668,33.972805],[134.531594,33.972511],[134.530839,33.971531],[134.530464,33.971195],[134.530015,33.970625],[134.52924,33.970182],[134.528525,33.969599],[134.526958,33.96867],[134.526085,33.967788],[134.52478,33.966636],[134.523663,33.965164],[134.523088,33.964536],[134.52246,33.963761],[134.521562,33.962605],[134.522232,33.961838],[134.522529,33.961411],[134.522771,33.961318],[134.522929,33.961205],[134.523103,33.961036],[134.523185,33.960861],[134.523608,33.960459],[134.524058,33.960246],[134.524276,33.960216],[134.525544,33.960072],[134.526025,33.960268],[134.52674,33.960185],[134.526941,33.960097],[134.527377,33.960016],[134.527678,33.960007],[134.527872,33.960082],[134.528295,33.960393],[134.528919,33.960653],[134.528986,33.960666],[134.529072,33.960816],[134.5293,33.961079],[134.529589,33.961537],[134.529754,33.961782],[134.529961,33.962207],[134.530086,33.962476],[134.530088,33.962633],[134.530057,33.962852],[134.530087,33.963155],[134.530198,33.963412],[134.530513,33.963836],[134.531151,33.964456],[134.531496,33.9649],[134.532429,33.966208],[134.532671,33.966509],[134.532917,33.966727],[134.537241,33.965426],[134.537814,33.965605],[134.53805,33.96559],[134.53884,33.965381],[134.538942,33.965358],[134.539567,33.965353],[134.541352,33.965296],[134.542275,33.965346],[134.543037,33.965396],[134.543956,33.965549],[134.545025,33.965712],[134.545216,33.965742],[134.545653,33.965967],[134.546195,33.966026],[134.546598,33.965997],[134.546727,33.965931],[134.547323,33.965646],[134.54737,33.965727],[134.547425,33.965864],[134.547593,33.966286],[134.547793,33.966624],[134.548113,33.967081],[134.548309,33.967269],[134.549133,33.968058],[134.550229,33.968822],[134.551246,33.969586]]]},"properties":{"S_NAME":"飯谷町居内","HCODE":8101}},{"type":"Feature","geometry":{"type":"Polygon","coordinates":[[[134.547323,33.965646],[134.546727,33.965931],[134.546598,33.965997],[134.546195,33.966026],[134.545653,33.965967],[134.545216,33.965742],[134.545025,33.965712],[134.543956,33.965549],[134.543037,33.965396],[134.542275,33.965346],[134.541352,33.965296],[134.539567,33.965353],[134.538942,33.965358],[134.53884,33.965381],[134.53805,33.96559],[134.537814,33.965605],[134.537241,33.965426],[134.532917,33.966727],[134.532671,33.966509],[134.532429,33.966208],[134.531496,33.9649],[134.531151,33.964456],[134.530513,33.963836],[134.530198,33.963412],[134.530087,33.963155],[134.530057,33.962852],[134.530088,33.962633],[134.530086,33.962476],[134.529961,33.962207],[134.529754,33.961782],[134.529589,33.961537],[134.5293,33.961079],[134.529072,33.960816],[134.528986,33.960666],[134.529508,33.960808],[134.529634,33.960828],[134.529709,33.960779],[134.529929,33.960557],[134.530031,33.960481],[134.530263,33.960471],[134.530658,33.960495],[134.531068,33.960464],[134.531461,33.960321],[134.532053,33.960058],[134.532356,33.959906],[134.532906,33.95954],[134.533031,33.959431],[134.533121,33.959228],[134.533298,33.958668],[134.533348,33.958577],[134.533816,33.95851],[134.534078,33.95826],[134.534218,33.957806],[134.534348,33.957306],[134.534453,33.957042],[134.5346,33.956977],[134.534785,33.956819],[134.534802,33.956663],[134.534856,33.956464],[134.535002,33.956257],[134.5352,33.955677],[134.535295,33.955361],[134.535319,33.955343],[134.535343,33.955325],[134.535735,33.955293],[134.536268,33.955324],[134.536777,33.955386],[134.53714,33.955313],[134.538306,33.955374],[134.538674,33.955554],[134.539583,33.955961],[134.539851,33.956093],[134.540113,33.956289],[134.541215,33.956767],[134.542018,33.957127],[134.542655,33.957315],[134.543054,33.957574],[134.54398,33.958057],[134.544952,33.958643],[134.545149,33.95867],[134.545805,33.958715],[134.54608,33.95864],[134.546633,33.958507],[134.547068,33.958433],[134.547108,33.958429],[134.547825,33.959509],[134.54785,33.959816],[134.547766,33.960033],[134.547661,33.960304],[134.547299,33.960849],[134.547045,33.961338],[134.547038,33.961581],[134.547,33.961697],[134.546827,33.962043],[134.546498,33.962605],[134.546348,33.963264],[134.546517,33.964167],[134.546651,33.964618],[134.546973,33.965109],[134.547323,33.965646]]]},"properties":{"S_NAME":"飯谷町小竹","HCODE":8101}},{"type":"Feature","geometry":{"type":"Polygon","coordinates":[[[134.544929,33.984691],[134.542849,33.985644],[134.537894,33.984233],[134.53583,33.982038],[134.534037,33.980012],[134.532771,33.978777],[134.5319,33.97788],[134.531877,33.977667],[134.531847,33.976828],[134.531888,33.974485],[134.531835,33.973334],[134.532271,33.973462],[134.532846,33.973622],[134.533345,33.973718],[134.53431,33.973856],[134.535597,33.974092],[134.53698,33.97413],[134.539271,33.974045],[134.540326,33.973888],[134.541103,33.973748],[134.542999,33.97321],[134.544401,33.972892],[134.545394,33.972848],[134.547166,33.972853],[134.548528,33.972896],[134.548723,33.972967],[134.548764,33.972927],[134.551246,33.969586],[134.551788,33.969931],[134.552431,33.970041],[134.553048,33.969965],[134.553723,33.969782],[134.554502,33.969393],[134.555269,33.969079],[134.55561,33.968969],[134.55571,33.968803],[134.555812,33.968683],[134.555971,33.968587],[134.556205,33.968513],[134.556427,33.968444],[134.556674,33.968437],[134.556788,33.968436],[134.557006,33.968473],[134.55714,33.968513],[134.55734,33.968613],[134.557422,33.968722],[134.5575,33.969074],[134.557508,33.969256],[134.557498,33.969487],[134.557628,33.969929],[134.557666,33.969996],[134.557734,33.970202],[134.557435,33.972108],[134.557394,33.972305],[134.557382,33.972466],[134.557342,33.972691],[134.557373,33.972902],[134.557726,33.97398],[134.557694,33.974164],[134.557598,33.974395],[134.557345,33.974957],[134.556919,33.975537],[134.556342,33.976156],[134.555701,33.976829],[134.554409,33.977979],[134.554228,33.978144],[134.553816,33.978524],[134.553724,33.978608],[134.552876,33.979468],[134.55212,33.980409],[134.551551,33.980923],[134.551088,33.981299],[134.550223,33.981998],[134.5499,33.982279],[134.549899,33.98229],[134.549472,33.982893],[134.549023,33.983058],[134.548394,33.983129],[134.547779,33.983128],[134.54714,33.982935],[134.546593,33.982779],[134.546376,33.982784],[134.545626,33.982908],[134.54516,33.982997],[134.544716,33.98322],[134.544515,33.983459],[134.544497,33.983642],[134.544554,33.983895],[134.544729,33.984319],[134.544929,33.984691]]]},"properties":{"S_NAME":"飯谷町本谷","HCODE":8101}},{"type":"Feature","geometry":{"type":"Polygon","coordinates":[[[134.547425,33.965864],[134.548102,33.965379],[134.5481,33.965365],[134.548135,33.965434],[134.548252,33.965593],[134.548341,33.965666],[134.548523,33.965819],[134.548733,33.966058],[134.549039,33.96588],[134.549094,33.965944],[134.549198,33.966577],[134.549157,33.966616],[134.548309,33.967269],[134.548113,33.967081],[134.547793,33.966624],[134.547593,33.966286],[134.547425,33.965864]]]},"properties":{"S_NAME":"飯谷町上里","HCODE":8101}},{"type":"Feature","geometry":{"type":"Polygon","coordinates":[[[134.555269,33.969079],[134.554502,33.969393],[134.553723,33.969782],[134.553048,33.969965],[134.552431,33.970041],[134.551788,33.969931],[134.551246,33.969586],[134.550229,33.968822],[134.549133,33.968058],[134.548309,33.967269],[134.549157,33.966616],[134.549198,33.966577],[134.549094,33.965944],[134.549039,33.96588],[134.548733,33.966058],[134.548523,33.965819],[134.548341,33.965666],[134.548252,33.965593],[134.548135,33.965434],[134.5481,33.965365],[134.548102,33.965379],[134.547425,33.965864],[134.54737,33.965727],[134.547323,33.965646],[134.546973,33.965109],[134.546651,33.964618],[134.546517,33.964167],[134.546348,33.963264],[134.546498,33.962605],[134.546827,33.962043],[134.547,33.961697],[134.547038,33.961581],[134.547045,33.961338],[134.547299,33.960849],[134.547661,33.960304],[134.547766,33.960033],[134.54785,33.959816],[134.547825,33.959509],[134.547108,33.958429],[134.54725,33.958414],[134.547324,33.958417],[134.547489,33.958424],[134.547855,33.958467],[134.548102,33.958553],[134.54854,33.958777],[134.54907,33.959018],[134.549332,33.959192],[134.549749,33.959547],[134.550036,33.959822],[134.550158,33.960043],[134.550371,33.960251],[134.550727,33.960472],[134.551278,33.960812],[134.551807,33.961047],[134.551884,33.961075],[134.552059,33.961068],[134.552151,33.961096],[134.552582,33.961372],[134.552807,33.961493],[134.55299,33.961544],[134.553165,33.961484],[134.553415,33.961365],[134.553625,33.961346],[134.553871,33.961379],[134.554061,33.961447],[134.554103,33.961447],[134.554142,33.961132],[134.55425,33.960839],[134.55454,33.960498],[134.554845,33.960239],[134.554966,33.960107],[134.555082,33.959884],[134.555172,33.959743],[134.555325,33.95966],[134.555444,33.959648],[134.555528,33.959647],[134.555916,33.959848],[134.556113,33.95991],[134.556289,33.960002],[134.556451,33.96003],[134.556583,33.960011],[134.556786,33.959957],[134.556849,33.959939],[134.557038,33.959978],[134.557362,33.960069],[134.557885,33.960137],[134.55811,33.960228],[134.558773,33.960451],[134.558796,33.960459],[134.558937,33.960493],[134.559009,33.960684],[134.559088,33.960835],[134.559208,33.960881],[134.559411,33.960868],[134.559636,33.960912],[134.559847,33.960957],[134.560106,33.960932],[134.560266,33.96086],[134.560468,33.960742],[134.560523,33.960701],[134.560628,33.960682],[134.560966,33.960716],[134.561295,33.960722],[134.561483,33.960779],[134.561685,33.960933],[134.56182,33.960996],[134.56118,33.961768],[134.560607,33.962729],[134.560052,33.963642],[134.559703,33.964253],[134.559496,33.964879],[134.559295,33.965376],[134.559197,33.96554],[134.559012,33.965862],[134.558745,33.966125],[134.558504,33.966337],[134.558368,33.966453],[134.55819,33.966557],[134.557746,33.966722],[134.557657,33.966713],[134.557259,33.966953],[134.556788,33.967264],[134.556752,33.967318],[134.556832,33.967599],[134.556838,33.967746],[134.556821,33.967816],[134.556185,33.968027],[134.555474,33.968349],[134.554919,33.968641],[134.555269,33.969079]]]},"properties":{"S_NAME":"飯谷町東分","HCODE":8101}},{"type":"Feature","geometry":{"type":"Polygon","coordinates":[[[134.557746,33.966722],[134.557921,33.966894],[134.558078,33.967032],[134.558306,33.967099],[134.558569,33.967152],[134.558778,33.967145],[134.559311,33.96726],[134.559748,33.96742],[134.560284,33.967793],[134.561034,33.968321],[134.561555,33.968748],[134.561666,33.96884],[134.563474,33.970334],[134.563741,33.970528],[134.56407,33.971402],[134.564162,33.971852],[134.564228,33.972784],[134.564371,33.973037],[134.564608,33.973184],[134.564892,33.973489],[134.56511,33.973668],[134.565372,33.973864],[134.565701,33.974385],[134.565866,33.974743],[134.566624,33.977925],[134.566627,33.978146],[134.566409,33.978518],[134.565889,33.979276],[134.565151,33.980314],[134.56461,33.980773],[134.564629,33.981202],[134.564677,33.981682],[134.564553,33.982303],[134.564201,33.983428],[134.563984,33.983864],[134.563456,33.984673],[134.562709,33.985564],[134.562066,33.986038],[134.561377,33.98635],[134.560957,33.986495],[134.560741,33.986444],[134.560256,33.986136],[134.559927,33.985976],[134.559717,33.98588],[134.559298,33.985756],[134.558865,33.985667],[134.558461,33.985647],[134.557933,33.985692],[134.557704,33.98577],[134.557552,33.985898],[134.557425,33.986299],[134.557318,33.986671],[134.557226,33.987376],[134.557143,33.98855],[134.557226,33.988669],[134.557095,33.989525],[134.557168,33.990674],[134.556972,33.990676],[134.556752,33.99067],[134.55658,33.990578],[134.556354,33.990448],[134.556126,33.990174],[134.555987,33.989905],[134.555933,33.989871],[134.555773,33.989838],[134.5556,33.989753],[134.55539,33.989599],[134.5553,33.989535],[134.555194,33.989531],[134.555176,33.989539],[134.555112,33.989566],[134.554965,33.989642],[134.554906,33.989642],[134.554811,33.989599],[134.554746,33.989594],[134.55467,33.989669],[134.554612,33.989762],[134.554502,33.989911],[134.554391,33.989995],[134.554273,33.990006],[134.554143,33.989983],[134.554077,33.989905],[134.553975,33.989792],[134.553951,33.989709],[134.553995,33.989507],[134.554053,33.989359],[134.554104,33.989216],[134.55408,33.988983],[134.554113,33.988787],[134.554164,33.98855],[134.554097,33.988384],[134.553947,33.988213],[134.553741,33.988065],[134.553515,33.987934],[134.553296,33.987863],[134.553071,33.987835],[134.552889,33.987851],[134.552647,33.987868],[134.552467,33.987847],[134.55212,33.987669],[134.552036,33.987603],[134.551861,33.98731],[134.551763,33.987259],[134.551668,33.987245],[134.551426,33.987223],[134.55113,33.98721],[134.550093,33.987332],[134.547689,33.98765],[134.547019,33.987709],[134.546384,33.986848],[134.545698,33.98583],[134.544929,33.984691],[134.544729,33.984319],[134.544554,33.983895],[134.544497,33.983642],[134.544515,33.983459],[134.544716,33.98322],[134.54516,33.982997],[134.545626,33.982908],[134.546376,33.982784],[134.546593,33.982779],[134.54714,33.982935],[134.547779,33.983128],[134.548394,33.983129],[134.549023,33.983058],[134.549472,33.982893],[134.549899,33.98229],[134.5499,33.982279],[134.550223,33.981998],[134.551088,33.981299],[134.551551,33.980923],[134.55212,33.980409],[134.552876,33.979468],[134.553724,33.978608],[134.553816,33.978524],[134.554228,33.978144],[134.554409,33.977979],[134.555701,33.976829],[134.556342,33.976156],[134.556919,33.975537],[134.557345,33.974957],[134.557598,33.974395],[134.557694,33.974164],[134.557726,33.97398],[134.557373,33.972902],[134.557342,33.972691],[134.557382,33.972466],[134.557394,33.972305],[134.557435,33.972108],[134.557734,33.970202],[134.557666,33.969996],[134.557628,33.969929],[134.557498,33.969487],[134.557508,33.969256],[134.5575,33.969074],[134.557422,33.968722],[134.55734,33.968613],[134.55714,33.968513],[134.557006,33.968473],[134.556788,33.968436],[134.556674,33.968437],[134.556427,33.968444],[134.556205,33.968513],[134.555971,33.968587],[134.555812,33.968683],[134.55571,33.968803],[134.55561,33.968969],[134.555269,33.969079],[134.554919,33.968641],[134.555474,33.968349],[134.556185,33.968027],[134.556821,33.967816],[134.556838,33.967746],[134.556832,33.967599],[134.556752,33.967318],[134.556788,33.967264],[134.557259,33.966953],[134.557657,33.966713],[134.557746,33.966722]]]},"properties":{"S_NAME":"飯谷町東沖野","HCODE":8101}},{"type":"Feature","geometry":{"type":"Polygon","coordinates":[[[134.56182,33.960996],[134.561949,33.961014],[134.562248,33.960997],[134.562379,33.961016],[134.562466,33.961088],[134.562516,33.961356],[134.562606,33.961472],[134.562724,33.961544],[134.56293,33.961635],[134.563189,33.96175],[134.563348,33.961793],[134.563535,33.961767],[134.563757,33.961696],[134.563851,33.961715],[134.563999,33.961826],[134.5642,33.96198],[134.564278,33.962077],[134.564509,33.962251],[134.564745,33.96239],[134.564921,33.962438],[134.565196,33.962411],[134.565686,33.962448],[134.56591,33.962563],[134.566141,33.962698],[134.566487,33.962705],[134.566668,33.96265],[134.566882,33.962496],[134.567076,33.962485],[134.567228,33.962503],[134.567368,33.962501],[134.567493,33.962574],[134.567563,33.962656],[134.567682,33.962806],[134.567744,33.962842],[134.567807,33.962895],[134.567883,33.962965],[134.567981,33.963056],[134.568228,33.963256],[134.56844,33.963318],[134.568698,33.963305],[134.568885,33.963294],[134.569015,33.963327],[134.569157,33.963463],[134.56934,33.963573],[134.569582,33.963698],[134.569671,33.963813],[134.569956,33.964095],[134.570021,33.964158],[134.570298,33.964267],[134.570634,33.964372],[134.570728,33.964371],[134.570856,33.964321],[134.570996,33.964247],[134.571316,33.964093],[134.571517,33.964001],[134.57169,33.963736],[134.571793,33.963559],[134.571897,33.963422],[134.572024,33.963318],[134.572222,33.963199],[134.572376,33.963086],[134.572501,33.963036],[134.5726,33.962988],[134.572747,33.962991],[134.572839,33.963033],[134.572992,33.963098],[134.573073,33.963151],[134.573192,33.963426],[134.573275,33.963614],[134.573337,33.963748],[134.573408,33.963818],[134.573575,33.9639],[134.573787,33.963978],[134.573949,33.964043],[134.574055,33.964105],[134.57412,33.964179],[134.574174,33.964309],[134.574154,33.964403],[134.574152,33.964407],[134.574066,33.964667],[134.574091,33.965127],[134.573882,33.965593],[134.573833,33.965667],[134.573621,33.96586],[134.573541,33.966063],[134.573233,33.966717],[134.573003,33.967155],[134.572733,33.967362],[134.572166,33.967871],[134.571901,33.968016],[134.571843,33.968083],[134.571801,33.968164],[134.571808,33.968293],[134.571883,33.969342],[134.571895,33.969484],[134.571923,33.969825],[134.572007,33.970082],[134.57199,33.970174],[134.571852,33.970331],[134.571837,33.970398],[134.571844,33.970514],[134.572004,33.970927],[134.572238,33.971192],[134.57228,33.971264],[134.572327,33.971296],[134.57231,33.971401],[134.57222,33.971517],[134.572147,33.971656],[134.572166,33.971901],[134.572229,33.972345],[134.572221,33.972676],[134.572052,33.973283],[134.57192,33.973528],[134.571757,33.973647],[134.571665,33.973659],[134.57136,33.973686],[134.571102,33.973637],[134.570921,33.973495],[134.570633,33.973305],[134.570511,33.973306],[134.570402,33.973348],[134.570135,33.973508],[134.569918,33.9738],[134.569331,33.974374],[134.568422,33.97519],[134.568339,33.975374],[134.568405,33.97578],[134.568229,33.976372],[134.568293,33.976616],[134.568363,33.976834],[134.568354,33.977089],[134.568333,33.977293],[134.568469,33.977475],[134.568629,33.977524],[134.568777,33.977563],[134.568848,33.977699],[134.568823,33.977859],[134.568763,33.97815],[134.568764,33.978274],[134.568765,33.978351],[134.568787,33.978386],[134.568844,33.97841],[134.569207,33.978412],[134.569572,33.978557],[134.569773,33.978674],[134.569946,33.978815],[134.570131,33.978849],[134.570388,33.978888],[134.570659,33.978892],[134.571157,33.978882],[134.571464,33.978909],[134.571985,33.979017],[134.572228,33.979109],[134.572601,33.979308],[134.572666,33.97937],[134.572735,33.979401],[134.572783,33.979596],[134.572728,33.979745],[134.572589,33.979907],[134.572489,33.979996],[134.572418,33.980068],[134.572463,33.980216],[134.572379,33.980359],[134.572164,33.98056],[134.572041,33.98064],[134.571963,33.980694],[134.572,33.980795],[134.57205,33.980941],[134.572023,33.981116],[134.571796,33.981571],[134.571751,33.98179],[134.57169,33.982111],[134.571599,33.982426],[134.571464,33.982639],[134.571377,33.98267],[134.571196,33.982696],[134.571007,33.982697],[134.570804,33.982735],[134.570623,33.982779],[134.570537,33.982828],[134.570443,33.982853],[134.570131,33.982923],[134.569842,33.983016],[134.569618,33.983139],[134.569517,33.983188],[134.569438,33.983225],[134.569305,33.983396],[134.569295,33.983426],[134.569186,33.983709],[134.568927,33.984076],[134.56873,33.984402],[134.568532,33.984571],[134.568333,33.984739],[134.568085,33.984982],[134.567762,33.985235],[134.567566,33.985602],[134.567594,33.985769],[134.567823,33.986039],[134.568049,33.986099],[134.568283,33.986139],[134.568356,33.986168],[134.568707,33.986543],[134.568719,33.986573],[134.568728,33.986598],[134.568262,33.987068],[134.567831,33.98773],[134.5677,33.988264],[134.567441,33.98859],[134.56722,33.98904],[134.566792,33.98943],[134.56634,33.989632],[134.565936,33.989689],[134.565437,33.99009],[134.565092,33.990201],[134.564747,33.99024],[134.564451,33.990265],[134.564314,33.99034],[134.564092,33.990707],[134.564107,33.990874],[134.564155,33.991171],[134.564109,33.991506],[134.56407,33.991579],[134.563904,33.991734],[134.563736,33.991791],[134.563449,33.991919],[134.563109,33.991848],[134.562957,33.991714],[134.56274,33.991434],[134.562601,33.99132],[134.562475,33.99129],[134.562237,33.991313],[134.561924,33.991337],[134.561431,33.991404],[134.561235,33.991426],[134.561106,33.991316],[134.5608,33.99103],[134.560496,33.990852],[134.559978,33.990928],[134.559779,33.990948],[134.55974,33.990912],[134.559702,33.990808],[134.559622,33.990667],[134.559561,33.990615],[134.559407,33.990563],[134.559299,33.99053],[134.559224,33.990547],[134.559215,33.990549],[134.559196,33.990555],[134.55899,33.990688],[134.558868,33.990749],[134.558763,33.990807],[134.558681,33.99081],[134.558618,33.990769],[134.558432,33.990577],[134.558222,33.990455],[134.557511,33.990623],[134.557168,33.990674],[134.557095,33.989525],[134.557226,33.988669],[134.557143,33.98855],[134.557226,33.987376],[134.557318,33.986671],[134.557425,33.986299],[134.557552,33.985898],[134.557704,33.98577],[134.557933,33.985692],[134.558461,33.985647],[134.558865,33.985667],[134.559298,33.985756],[134.559717,33.98588],[134.559927,33.985976],[134.560256,33.986136],[134.560741,33.986444],[134.560957,33.986495],[134.561377,33.98635],[134.562066,33.986038],[134.562709,33.985564],[134.563456,33.984673],[134.563984,33.983864],[134.564201,33.983428],[134.564553,33.982303],[134.564677,33.981682],[134.564629,33.981202],[134.56461,33.980773],[134.565151,33.980314],[134.565889,33.979276],[134.566409,33.978518],[134.566627,33.978146],[134.566624,33.977925],[134.565866,33.974743],[134.565701,33.974385],[134.565372,33.973864],[134.56511,33.973668],[134.564892,33.973489],[134.564608,33.973184],[134.564371,33.973037],[134.564228,33.972784],[134.564162,33.971852],[134.56407,33.971402],[134.563741,33.970528],[134.563474,33.970334],[134.561666,33.96884],[134.561555,33.968748],[134.561034,33.968321],[134.560284,33.967793],[134.559748,33.96742],[134.559311,33.96726],[134.558778,33.967145],[134.558569,33.967152],[134.558306,33.967099],[134.558078,33.967032],[134.557921,33.966894],[134.557746,33.966722],[134.55819,33.966557],[134.558368,33.966453],[134.558504,33.966337],[134.558745,33.966125],[134.559012,33.965862],[134.559197,33.96554],[134.559295,33.965376],[134.559496,33.964879],[134.559703,33.964253],[134.560052,33.963642],[134.560607,33.962729],[134.56118,33.961768],[134.56182,33.960996]]]},"properties":{"S_NAME":"飯谷町長田","HCODE":8101}},{"type":"Feature","geometry":{"type":"Polygon","coordinates":[[[134.541643,34.013482],[134.53624,34.013877],[134.535893,34.013985],[134.53543,34.014107],[134.534726,34.014399],[134.534436,34.014594],[134.533907,34.01512],[134.533809,34.015423],[134.533784,34.015493],[134.529425,34.013839],[134.528964,34.013987],[134.528635,34.01391],[134.528434,34.013661],[134.52834,34.013414],[134.527004,34.012396],[134.526577,34.012377],[134.527185,34.011287],[134.527866,34.010067],[134.528272,34.009756],[134.528005,34.009494],[134.52786,34.009517],[134.527765,34.009364],[134.527731,34.008984],[134.528199,34.008916],[134.528294,34.008913],[134.52875,34.00896],[134.528842,34.008938],[134.529186,34.008777],[134.529401,34.008729],[134.529701,34.008734],[134.530255,34.008603],[134.531083,34.008631],[134.531185,34.008604],[134.531345,34.00839],[134.531874,34.008207],[134.532344,34.008195],[134.534003,34.007697],[134.535421,34.007293],[134.535488,34.007271],[134.536304,34.006998],[134.537212,34.006991],[134.538033,34.00693],[134.538513,34.006906],[134.539701,34.007143],[134.540336,34.007291],[134.54124,34.007681],[134.541913,34.008046],[134.542335,34.008298],[134.542638,34.008477],[134.542673,34.008478],[134.542623,34.0087],[134.542514,34.008845],[134.542293,34.00899],[134.542184,34.009166],[134.542185,34.009227],[134.542269,34.009266],[134.542383,34.009588],[134.54257,34.009917],[134.542644,34.010219],[134.542576,34.010431],[134.54254,34.010691],[134.541957,34.01076],[134.542034,34.010954],[134.541986,34.011099],[134.541805,34.011429],[134.541808,34.011854],[134.541791,34.011892],[134.54159,34.012079],[134.541477,34.012356],[134.541437,34.012598],[134.541421,34.012636],[134.541427,34.012666],[134.541506,34.012715],[134.541513,34.013076],[134.541945,34.013089],[134.541946,34.013352],[134.541862,34.013419],[134.541747,34.013492],[134.541643,34.013482]]]},"properties":{"S_NAME":"渋野町片山","HCODE":8101}},{"type":"Feature","geometry":{"type":"Polygon","coordinates":[[[134.541099,34.004954],[134.54017,34.004908],[134.540161,34.005023],[134.540149,34.005041],[134.540134,34.00505],[134.540084,34.005085],[134.540033,34.005095],[134.539976,34.005111],[134.539923,34.005116],[134.539887,34.005125],[134.539837,34.00513],[134.539812,34.00513],[134.539782,34.005126],[134.539749,34.005111],[134.539236,34.004831],[134.539208,34.004786],[134.539196,34.004757],[134.539202,34.004723],[134.539207,34.004705],[134.539312,34.004611],[134.539257,34.004526],[134.539144,34.004268],[134.539222,34.004259],[134.539297,34.004237],[134.539363,34.004208],[134.539432,34.004178],[134.539449,34.004154],[134.539451,34.004051],[134.53945,34.004024],[134.539456,34.004],[134.539483,34.003984],[134.539543,34.003962],[134.53968,34.003901],[134.53974,34.003887],[134.540969,34.003916],[134.541233,34.003854],[134.541218,34.003875],[134.541099,34.004954]]]},"properties":{"S_NAME":"渋野町南水窪","HCODE":8101}},{"type":"Feature","geometry":{"type":"Polygon","coordinates":[[[134.534003,34.007697],[134.532344,34.008195],[134.531874,34.008207],[134.531345,34.00839],[134.531185,34.008604],[134.531083,34.008631],[134.530255,34.008603],[134.529701,34.008734],[134.529401,34.008729],[134.529186,34.008777],[134.528842,34.008938],[134.52875,34.00896],[134.528294,34.008913],[134.528199,34.008916],[134.527731,34.008984],[134.527765,34.009364],[134.52786,34.009517],[134.528005,34.009494],[134.528272,34.009756],[134.527866,34.010067],[134.527185,34.011287],[134.526577,34.012377],[134.526239,34.009927],[134.52654,34.009737],[134.526379,34.009507],[134.526363,34.009243],[134.525837,34.009512],[134.525428,34.009592],[134.524965,34.009541],[134.524897,34.009355],[134.524322,34.008776],[134.524089,34.008085],[134.524696,34.008035],[134.524944,34.007813],[134.525076,34.00779],[134.523859,34.005478],[134.523823,34.004708],[134.523486,34.00416],[134.523582,34.004004],[134.524212,34.002976],[134.524592,34.00272],[134.524733,34.002323],[134.525245,34.00201],[134.525669,34.002095],[134.525893,34.002082],[134.526225,34.0022],[134.526373,34.002243],[134.526376,34.002162],[134.526226,34.001722],[134.526143,34.001325],[134.525945,34.0011],[134.525795,34.000879],[134.525646,34.000674],[134.525622,34.000556],[134.525503,34.000282],[134.525394,34.000158],[134.525379,34.000067],[134.525424,34.000009],[134.525492,33.999875],[134.525413,33.999799],[134.525388,33.999688],[134.525423,33.999554],[134.5252,33.999285],[134.525159,33.999169],[134.525189,33.998947],[134.525205,33.99874],[134.52511,33.998473],[134.524965,33.998287],[134.524826,33.998182],[134.524786,33.998092],[134.524826,33.997996],[134.524931,33.99795],[134.525082,33.997895],[134.525141,33.997826],[134.525186,33.997779],[134.525166,33.997218],[134.525128,33.997026],[134.52506,33.996813],[134.52509,33.996741],[134.52505,33.996661],[134.524963,33.996621],[134.524962,33.996535],[134.525546,33.996133],[134.525653,33.996154],[134.525731,33.996231],[134.526078,33.996301],[134.526467,33.996316],[134.526683,33.996332],[134.527009,33.996438],[134.527208,33.996597],[134.527717,33.997011],[134.529049,33.998097],[134.529481,33.998585],[134.529609,33.998751],[134.529672,33.99886],[134.529739,33.998986],[134.530018,33.999537],[134.530094,33.999744],[134.530344,33.999968],[134.53061,34.000218],[134.531017,34.000786],[134.531041,34.000858],[134.531083,34.001308],[134.531011,34.001625],[134.53101,34.001998],[134.531137,34.002314],[134.531155,34.002718],[134.531194,34.002852],[134.531437,34.003305],[134.531512,34.003443],[134.531689,34.003839],[134.531865,34.004144],[134.532041,34.004395],[134.532283,34.004827],[134.532438,34.005186],[134.532593,34.005564],[134.532769,34.00587],[134.533007,34.00585],[134.533254,34.005774],[134.534003,34.007697]]]},"properties":{"S_NAME":"渋野町宮前","HCODE":8101}},{"type":"Feature","geometry":{"type":"Polygon","coordinates":[[[134.543983,34.007393],[134.543257,34.008485],[134.542673,34.008478],[134.542638,34.008477],[134.542335,34.008298],[134.541913,34.008046],[134.54124,34.007681],[134.540336,34.007291],[134.539701,34.007143],[134.538513,34.006906],[134.538033,34.00693],[134.537212,34.006991],[134.536304,34.006998],[134.535488,34.007271],[134.535421,34.007293],[134.534003,34.007697],[134.533254,34.005774],[134.533007,34.00585],[134.532769,34.00587],[134.532593,34.005564],[134.532438,34.005186],[134.532283,34.004827],[134.532041,34.004395],[134.531865,34.004144],[134.531689,34.003839],[134.531512,34.003443],[134.531437,34.003305],[134.531194,34.002852],[134.531155,34.002718],[134.531137,34.002314],[134.53101,34.001998],[134.531011,34.001625],[134.531083,34.001308],[134.531041,34.000858],[134.531017,34.000786],[134.53061,34.000218],[134.530344,33.999968],[134.530094,33.999744],[134.530018,33.999537],[134.529739,33.998986],[134.529672,33.99886],[134.529609,33.998751],[134.529481,33.998585],[134.529049,33.998097],[134.527717,33.997011],[134.527208,33.996597],[134.529516,33.996506],[134.529905,33.996463],[134.534074,33.996203],[134.534378,33.996349],[134.534652,33.996769],[134.534769,33.996865],[134.535315,33.997095],[134.536038,33.997597],[134.536299,33.997904],[134.536549,33.998222],[134.536854,33.998623],[134.53704,33.998894],[134.537091,33.998984],[134.537228,33.99912],[134.537391,33.999756],[134.537392,33.999756],[134.537685,34.000124],[134.53774,34.000222],[134.537806,34.000334],[134.538069,34.000839],[134.538124,34.000937],[134.538168,34.001023],[134.538218,34.001161],[134.53821,34.001222],[134.538165,34.0014],[134.5381,34.001587],[134.53808,34.001715],[134.538074,34.001894],[134.538079,34.002025],[134.538179,34.002671],[134.538197,34.002783],[134.538154,34.002954],[134.538135,34.003012],[134.537974,34.003336],[134.537934,34.003421],[134.537928,34.003505],[134.537962,34.003553],[134.537998,34.003563],[134.538033,34.003573],[134.538117,34.003567],[134.538197,34.00356],[134.538239,34.003556],[134.538431,34.003607],[134.538536,34.003634],[134.538823,34.003789],[134.538951,34.003942],[134.539122,34.004218],[134.539144,34.004268],[134.539257,34.004526],[134.539312,34.004611],[134.539207,34.004705],[134.539202,34.004723],[134.539196,34.004757],[134.539208,34.004786],[134.539236,34.004831],[134.539749,34.005111],[134.539782,34.005126],[134.539812,34.00513],[134.539837,34.00513],[134.539887,34.005125],[134.539923,34.005116],[134.539976,34.005111],[134.540033,34.005095],[134.540084,34.005085],[134.540134,34.00505],[134.540149,34.005041],[134.540161,34.005023],[134.54017,34.004908],[134.541099,34.004954],[134.541063,34.005301],[134.541031,34.005626],[134.541002,34.005946],[134.541536,34.005992],[134.541476,34.006516],[134.54146,34.006829],[134.54254,34.0073],[134.54289,34.007318],[134.543739,34.00737],[134.543983,34.007393]]]},"properties":{"S_NAME":"渋野町岩鼻","HCODE":8101}},{"type":"Feature","geometry":{"type":"Polygon","coordinates":[[[134.526577,34.012377],[134.524043,34.012269],[134.523936,34.012631],[134.523939,34.012883],[134.524037,34.013541],[134.524147,34.014184],[134.523935,34.014253],[134.523744,34.014087],[134.523552,34.013874],[134.523257,34.013301],[134.523106,34.012886],[134.522632,34.012982],[134.522379,34.012968],[134.522125,34.012802],[134.521642,34.012184],[134.52149,34.012101],[134.521014,34.012038],[134.520044,34.011978],[134.519438,34.012017],[134.519318,34.012069],[134.519107,34.012188],[134.518917,34.012333],[134.518839,34.012577],[134.518892,34.012829],[134.518945,34.013038],[134.518926,34.013131],[134.518866,34.01314],[134.518521,34.013075],[134.518005,34.012987],[134.517844,34.012989],[134.517835,34.013098],[134.518184,34.013591],[134.51843,34.014282],[134.518307,34.014972],[134.518363,34.015409],[134.518457,34.015686],[134.51854,34.016336],[134.518585,34.016664],[134.518674,34.016987],[134.518804,34.017293],[134.518939,34.01756],[134.519155,34.017878],[134.51936,34.018128],[134.519901,34.018645],[134.516956,34.021552],[134.51535,34.019884],[134.512853,34.017102],[134.510978,34.015343],[134.510675,34.015406],[134.510382,34.015206],[134.509667,34.015202],[134.508843,34.015289],[134.508327,34.015208],[134.507403,34.014953],[134.506866,34.014655],[134.505899,34.013906],[134.505643,34.013777],[134.505119,34.013529],[134.504919,34.013546],[134.504465,34.013572],[134.504555,34.013516],[134.504904,34.013283],[134.505565,34.012525],[134.505668,34.012214],[134.505893,34.011482],[134.506107,34.01113],[134.507351,34.008718],[134.507397,34.008557],[134.507073,34.008092],[134.506831,34.007853],[134.506651,34.007697],[134.506575,34.007546],[134.506096,34.007345],[134.506079,34.007318],[134.506175,34.006994],[134.506147,34.006795],[134.506198,34.006679],[134.50621,34.006571],[134.506235,34.006459],[134.506283,34.006362],[134.506469,34.00619],[134.50655,34.006064],[134.506791,34.005794],[134.507067,34.005621],[134.507222,34.005527],[134.507341,34.005495],[134.507747,34.005232],[134.508913,34.004736],[134.509238,34.004651],[134.509454,34.004585],[134.509673,34.00447],[134.509856,34.004429],[134.509966,34.004381],[134.510123,34.00434],[134.510335,34.00432],[134.510495,34.004319],[134.510667,34.004324],[134.510887,34.0043],[134.512899,34.004331],[134.514621,34.003889],[134.515766,34.003669],[134.517776,34.003342],[134.519802,34.003169],[134.520542,34.003108],[134.521362,34.003107],[134.521736,34.003126],[134.522152,34.003261],[134.522259,34.003327],[134.522543,34.003663],[134.522684,34.003956],[134.523428,34.003987],[134.523582,34.004004],[134.523486,34.00416],[134.523823,34.004708],[134.523859,34.005478],[134.525076,34.00779],[134.524944,34.007813],[134.524696,34.008035],[134.524089,34.008085],[134.524322,34.008776],[134.524897,34.009355],[134.524965,34.009541],[134.525428,34.009592],[134.525837,34.009512],[134.526363,34.009243],[134.526379,34.009507],[134.52654,34.009737],[134.526239,34.009927],[134.526577,34.012377]]]},"properties":{"S_NAME":"渋野町学頭","HCODE":8101}},{"type":"Feature","geometry":{"type":"Polygon","coordinates":[[[134.557756,34.012106],[134.556582,34.01252],[134.555794,34.012795],[134.555864,34.012764],[134.555317,34.012101],[134.554966,34.011688],[134.554728,34.01169],[134.554598,34.011655],[134.55438,34.011477],[134.554228,34.011387],[134.554052,34.011544],[134.553541,34.012166],[134.551971,34.010924],[134.552056,34.010637],[134.552221,34.010224],[134.552318,34.009882],[134.552376,34.009286],[134.552303,34.009023],[134.552141,34.008445],[134.552114,34.008411],[134.552056,34.008394],[134.552013,34.008398],[134.551979,34.008427],[134.55182,34.008744],[134.551636,34.008835],[134.551391,34.009075],[134.551268,34.00916],[134.551137,34.009181],[134.550953,34.008654],[134.550912,34.008487],[134.550934,34.00841],[134.550972,34.0083],[134.5509,34.007847],[134.550889,34.007558],[134.550965,34.007415],[134.55108,34.00735],[134.551051,34.006913],[134.550958,34.006569],[134.550947,34.006273],[134.550963,34.006162],[134.551038,34.006022],[134.551055,34.005989],[134.551229,34.005646],[134.551307,34.00557],[134.551368,34.00551],[134.55149,34.005261],[134.551674,34.004946],[134.552326,34.004269],[134.55256,34.004409],[134.552815,34.004583],[134.552903,34.004644],[134.553485,34.005086],[134.553908,34.005507],[134.554021,34.005658],[134.555272,34.007327],[134.555678,34.007932],[134.555954,34.008367],[134.556207,34.00877],[134.556818,34.009638],[134.557206,34.010575],[134.55756,34.01141],[134.557667,34.011664],[134.557781,34.01193],[134.557805,34.012004],[134.557756,34.012106]]]},"properties":{"S_NAME":"丈六町溝筋","HCODE":8101}},{"type":"Feature","geometry":{"type":"Polygon","coordinates":[[[134.550953,34.008654],[134.550621,34.008754],[134.550211,34.008107],[134.550047,34.007948],[134.5495,34.007541],[134.549368,34.007439],[134.549019,34.007331],[134.548839,34.007263],[134.54819,34.006651],[134.548258,34.006589],[134.548437,34.006453],[134.548486,34.006396],[134.54855,34.006318],[134.5487,34.006195],[134.548984,34.005957],[134.549059,34.005882],[134.5491,34.005817],[134.549119,34.005745],[134.549271,34.005657],[134.549464,34.005698],[134.54965,34.005709],[134.550083,34.005823],[134.550392,34.005887],[134.550549,34.005888],[134.550665,34.005904],[134.550742,34.005931],[134.550896,34.005992],[134.551038,34.006022],[134.550963,34.006162],[134.550947,34.006273],[134.550958,34.006569],[134.551051,34.006913],[134.55108,34.00735],[134.550965,34.007415],[134.550889,34.007558],[134.5509,34.007847],[134.550972,34.0083],[134.550934,34.00841],[134.550912,34.008487],[134.550953,34.008654]]]},"properties":{"S_NAME":"丈六町門前","HCODE":8101}},{"type":"Feature","geometry":{"type":"Polygon","coordinates":[[[134.551595,34.017042],[134.551459,34.016912],[134.551243,34.016736],[134.551052,34.016546],[134.550989,34.016437],[134.550914,34.016077],[134.550845,34.015906],[134.55064,34.015716],[134.550392,34.015596],[134.550127,34.015434],[134.550038,34.01527],[134.549891,34.015038],[134.549626,34.014796],[134.549526,34.014667],[134.549497,34.014457],[134.549432,34.014387],[134.549117,34.014151],[134.548796,34.014072],[134.548437,34.013928],[134.548064,34.013637],[134.547905,34.013495],[134.547567,34.013794],[134.547189,34.014104],[134.547079,34.014197],[134.546979,34.014393],[134.546936,34.014605],[134.546902,34.014783],[134.546888,34.01506],[134.546947,34.015172],[134.546741,34.01567],[134.546535,34.015949],[134.546109,34.016445],[134.545204,34.016483],[134.544312,34.017154],[134.544265,34.017189],[134.54399,34.017217],[134.543484,34.017126],[134.542907,34.016846],[134.542685,34.01674],[134.541945,34.016145],[134.541619,34.015824],[134.541551,34.0147],[134.541623,34.01374],[134.541643,34.013482],[134.541747,34.013492],[134.541862,34.013419],[134.541946,34.013352],[134.541945,34.013089],[134.541513,34.013076],[134.541506,34.012715],[134.541427,34.012666],[134.541421,34.012636],[134.541437,34.012598],[134.541477,34.012356],[134.54159,34.012079],[134.541791,34.011892],[134.541808,34.011854],[134.541805,34.011429],[134.541986,34.011099],[134.542034,34.010954],[134.541957,34.01076],[134.54254,34.010691],[134.542576,34.010431],[134.542644,34.010219],[134.54257,34.009917],[134.542383,34.009588],[134.542269,34.009266],[134.542185,34.009227],[134.542184,34.009166],[134.542293,34.00899],[134.542514,34.008845],[134.542623,34.0087],[134.542673,34.008478],[134.543257,34.008485],[134.543983,34.007393],[134.544507,34.006808],[134.544747,34.006497],[134.545133,34.006067],[134.545283,34.005905],[134.546079,34.006401],[134.547337,34.007408],[134.547841,34.006908],[134.54819,34.006651],[134.548839,34.007263],[134.549019,34.007331],[134.549368,34.007439],[134.5495,34.007541],[134.550047,34.007948],[134.550211,34.008107],[134.550621,34.008754],[134.550953,34.008654],[134.551137,34.009181],[134.551268,34.00916],[134.551391,34.009075],[134.551636,34.008835],[134.55182,34.008744],[134.551979,34.008427],[134.552013,34.008398],[134.552056,34.008394],[134.552114,34.008411],[134.552141,34.008445],[134.552303,34.009023],[134.552376,34.009286],[134.552318,34.009882],[134.552221,34.010224],[134.552056,34.010637],[134.551971,34.010924],[134.553541,34.012166],[134.554052,34.011544],[134.554228,34.011387],[134.55438,34.011477],[134.554598,34.011655],[134.554728,34.01169],[134.554966,34.011688],[134.555317,34.012101],[134.555864,34.012764],[134.555794,34.012795],[134.55555,34.01288],[134.5552,34.013003],[134.554066,34.013421],[134.553363,34.013863],[134.552808,34.014355],[134.552433,34.014828],[134.552222,34.015197],[134.552174,34.015304],[134.551988,34.015799],[134.551965,34.015886],[134.551779,34.016414],[134.551695,34.016755],[134.551595,34.017042]],[[134.547405,34.01139],[134.547378,34.011473],[134.547387,34.011525],[134.547435,34.011577],[134.547635,34.011722],[134.547928,34.011945],[134.547769,34.012129],[134.547971,34.012297],[134.547621,34.012592],[134.547769,34.012785],[134.548209,34.012741],[134.548313,34.012524],[134.548394,34.012369],[134.548401,34.012287],[134.548361,34.012225],[134.548264,34.012162],[134.548266,34.012154],[134.548345,34.011963],[134.548353,34.011933],[134.548487,34.011926],[134.548561,34.011892],[134.548741,34.011792],[134.548541,34.011492],[134.548645,34.01137],[134.548777,34.011461],[134.548855,34.01147],[134.548983,34.011331],[134.548455,34.010945],[134.54836,34.01088],[134.548181,34.011062],[134.548133,34.01113],[134.547972,34.011274],[134.547816,34.011438],[134.547509,34.011229],[134.547405,34.01139]]]},"properties":{"S_NAME":"丈六町八万免","HCODE":8101}},{"type":"Feature","geometry":{"type":"Polygon","coordinates":[[[134.541233,34.003854],[134.541365,34.00384],[134.541552,34.003824],[134.541775,34.003801],[134.542045,34.003771],[134.542128,34.003918],[134.542285,34.004147],[134.542521,34.00408],[134.542756,34.004004],[134.543007,34.00379],[134.54324,34.003533],[134.54337,34.003367],[134.543438,34.00328],[134.543527,34.003144],[134.543637,34.002982],[134.543668,34.002965],[134.543764,34.002964],[134.543835,34.002955],[134.54389,34.002925],[134.54392,34.002811],[134.543939,34.002717],[134.544373,34.0029],[134.544766,34.003078],[134.544914,34.003182],[134.544991,34.003249],[134.545085,34.003386],[134.545265,34.003691],[134.545384,34.003875],[134.545397,34.003948],[134.545321,34.004171],[134.545261,34.004419],[134.545402,34.00469],[134.545725,34.004902],[134.546096,34.005125],[134.545649,34.005543],[134.545444,34.005743],[134.545283,34.005905],[134.545133,34.006067],[134.544747,34.006497],[134.544507,34.006808],[134.543983,34.007393],[134.543739,34.00737],[134.54289,34.007318],[134.54254,34.0073],[134.54146,34.006829],[134.541476,34.006516],[134.541536,34.005992],[134.541002,34.005946],[134.541031,34.005626],[134.541063,34.005301],[134.541099,34.004954],[134.541218,34.003875],[134.541233,34.003854]]]},"properties":{"S_NAME":"丈六町長尾","HCODE":8101}},{"type":"Feature","geometry":{"type":"Polygon","coordinates":[[[134.547405,34.01139],[134.547509,34.011229],[134.547816,34.011438],[134.547972,34.011274],[134.548133,34.01113],[134.548181,34.011062],[134.54836,34.01088],[134.548455,34.010945],[134.548983,34.011331],[134.548855,34.01147],[134.548777,34.011461],[134.548645,34.01137],[134.548541,34.011492],[134.548741,34.011792],[134.548561,34.011892],[134.548487,34.011926],[134.548353,34.011933],[134.548345,34.011963],[134.548266,34.012154],[134.548264,34.012162],[134.548361,34.012225],[134.548401,34.012287],[134.548394,34.012369],[134.548313,34.012524],[134.548209,34.012741],[134.547769,34.012785],[134.547621,34.012592],[134.547971,34.012297],[134.547769,34.012129],[134.547928,34.011945],[134.547635,34.011722],[134.547435,34.011577],[134.547387,34.011525],[134.547378,34.011473],[134.547405,34.01139]]]},"properties":{"S_NAME":"丈六町行正","HCODE":8101}},{"type":"Feature","geometry":{"type":"Polygon","coordinates":[[[134.54819,34.006651],[134.547841,34.006908],[134.547337,34.007408],[134.546079,34.006401],[134.545283,34.005905],[134.545444,34.005743],[134.545649,34.005543],[134.546096,34.005125],[134.546144,34.00515],[134.546731,34.00464],[134.546783,34.004595],[134.546805,34.004622],[134.54685,34.004924],[134.547236,34.004854],[134.547699,34.004785],[134.547817,34.004984],[134.548099,34.005232],[134.548628,34.005479],[134.549119,34.005745],[134.5491,34.005817],[134.549059,34.005882],[134.548984,34.005957],[134.5487,34.006195],[134.54855,34.006318],[134.548486,34.006396],[134.548437,34.006453],[134.548258,34.006589],[134.54819,34.006651]]]},"properties":{"S_NAME":"丈六町山端","HCODE":8101}},{"type":"Feature","geometry":{"type":"Polygon","coordinates":[[[134.552326,34.004269],[134.551674,34.004946],[134.55149,34.005261],[134.551368,34.00551],[134.551307,34.00557],[134.551229,34.005646],[134.551055,34.005989],[134.551038,34.006022],[134.550896,34.005992],[134.550742,34.005931],[134.550665,34.005904],[134.550549,34.005888],[134.550392,34.005887],[134.550083,34.005823],[134.54965,34.005709],[134.549464,34.005698],[134.549271,34.005657],[134.549119,34.005745],[134.548628,34.005479],[134.548099,34.005232],[134.547817,34.004984],[134.547699,34.004785],[134.547236,34.004854],[134.54685,34.004924],[134.546805,34.004622],[134.546783,34.004595],[134.546731,34.00464],[134.546144,34.00515],[134.546096,34.005125],[134.545725,34.004902],[134.545402,34.00469],[134.545261,34.004419],[134.545321,34.004171],[134.545397,34.003948],[134.545384,34.003875],[134.545265,34.003691],[134.545085,34.003386],[134.544991,34.003249],[134.544914,34.003182],[134.544766,34.003078],[134.544373,34.0029],[134.543939,34.002717],[134.54392,34.002811],[134.54389,34.002925],[134.543835,34.002955],[134.543764,34.002964],[134.543668,34.002965],[134.543637,34.002982],[134.543527,34.003144],[134.543438,34.00328],[134.54337,34.003367],[134.54324,34.003533],[134.543007,34.00379],[134.542756,34.004004],[134.542521,34.00408],[134.542285,34.004147],[134.542128,34.003918],[134.542045,34.003771],[134.541775,34.003801],[134.541552,34.003824],[134.541365,34.00384],[134.541233,34.003854],[134.540969,34.003916],[134.53974,34.003887],[134.53968,34.003901],[134.539543,34.003962],[134.539483,34.003984],[134.539456,34.004],[134.53945,34.004024],[134.539451,34.004051],[134.539449,34.004154],[134.539432,34.004178],[134.539363,34.004208],[134.539297,34.004237],[134.539222,34.004259],[134.539144,34.004268],[134.539122,34.004218],[134.538951,34.003942],[134.538823,34.003789],[134.538536,34.003634],[134.538431,34.003607],[134.538239,34.003556],[134.538197,34.00356],[134.538117,34.003567],[134.538033,34.003573],[134.537998,34.003563],[134.537962,34.003553],[134.537928,34.003505],[134.537934,34.003421],[134.537974,34.003336],[134.538135,34.003012],[134.538154,34.002954],[134.538197,34.002783],[134.538179,34.002671],[134.538079,34.002025],[134.538074,34.001894],[134.53808,34.001715],[134.5381,34.001587],[134.538165,34.0014],[134.53821,34.001222],[134.538218,34.001161],[134.538168,34.001023],[134.538124,34.000937],[134.538069,34.000839],[134.537806,34.000334],[134.53774,34.000222],[134.537685,34.000124],[134.537392,33.999756],[134.538535,33.999803],[134.539106,33.999757],[134.539376,33.999682],[134.539592,33.999585],[134.539867,33.999388],[134.53992,33.999665],[134.539924,33.999667],[134.540169,33.999757],[134.54032,34.000013],[134.540727,34.000002],[134.540789,33.999953],[134.542205,34.000368],[134.54249,34.000429],[134.54307,34.000684],[134.544473,34.001342],[134.544994,34.001176],[134.545526,34.002397],[134.545544,34.002321],[134.546688,34.000806],[134.546756,34.00076],[134.54687,34.00074],[134.547349,34.000812],[134.547381,34.000871],[134.547471,34.001202],[134.547639,34.001739],[134.547883,34.002185],[134.550175,34.001842],[134.550197,34.002577],[134.550198,34.002654],[134.550867,34.003261],[134.551143,34.003394],[134.552326,34.004269]]]},"properties":{"S_NAME":"丈六町丈領","HCODE":8101}},{"type":"Feature","geometry":{"type":"Polygon","coordinates":[[[134.538747,33.988919],[134.538445,33.989197],[134.538171,33.989356],[134.537489,33.989913],[134.536804,33.990551],[134.536443,33.990881],[134.536385,33.990931],[134.536125,33.991036],[134.535962,33.991221],[134.53559,33.991025],[134.53543,33.990965],[134.534909,33.99066],[134.534811,33.990616],[134.534777,33.99062],[134.534628,33.990651],[134.534477,33.990687],[134.534356,33.990704],[134.534156,33.990704],[134.534271,33.99063],[134.534375,33.990562],[134.534431,33.990359],[134.534654,33.989337],[134.531669,33.987862],[134.531637,33.987532],[134.531562,33.986349],[134.531457,33.984372],[134.531386,33.983561],[134.530958,33.983412],[134.53057,33.983263],[134.529957,33.982947],[134.533753,33.982814],[134.537894,33.984233],[134.542849,33.985644],[134.541749,33.98638],[134.541528,33.986611],[134.541347,33.986816],[134.541306,33.986923],[134.541375,33.987601],[134.541402,33.987948],[134.541391,33.988225],[134.540884,33.988265],[134.540017,33.988347],[134.539552,33.988399],[134.539351,33.988405],[134.539093,33.988517],[134.539041,33.988571],[134.53884,33.98882],[134.538747,33.988919]]]},"properties":{"S_NAME":"多家良町池谷","HCODE":8101}},{"type":"Feature","geometry":{"type":"Polygon","coordinates":[[[134.534792,33.993701],[134.534807,33.993721],[134.534251,33.993774],[134.534185,33.993777],[134.533484,33.99396],[134.532481,33.9942],[134.531978,33.994198],[134.531897,33.993941],[134.531701,33.993712],[134.531246,33.993437],[134.5312,33.993373],[134.531168,33.992799],[134.531159,33.992351],[134.531138,33.992201],[134.531066,33.992056],[134.530932,33.991995],[134.53046,33.991798],[134.530415,33.991732],[134.530339,33.991535],[134.530332,33.991009],[134.530381,33.990557],[134.530868,33.990495],[134.531441,33.990303],[134.53169,33.990198],[134.531849,33.989882],[134.531875,33.989631],[134.531789,33.988834],[134.531727,33.988452],[134.531669,33.987862],[134.534654,33.989337],[134.534431,33.990359],[134.534375,33.990562],[134.534271,33.99063],[134.534156,33.990704],[134.534356,33.990704],[134.534477,33.990687],[134.534628,33.990651],[134.534777,33.99062],[134.534121,33.992391],[134.534194,33.992581],[134.534129,33.993081],[134.534538,33.993356],[134.534792,33.993701]]]},"properties":{"S_NAME":"多家良町小路地","HCODE":8101}},{"type":"Feature","geometry":{"type":"Polygon","coordinates":[[[134.531669,33.987862],[134.531727,33.988452],[134.531789,33.988834],[134.531875,33.989631],[134.531849,33.989882],[134.53169,33.990198],[134.531441,33.990303],[134.530868,33.990495],[134.530381,33.990557],[134.530332,33.991009],[134.530339,33.991535],[134.530415,33.991732],[134.53046,33.991798],[134.530932,33.991995],[134.531066,33.992056],[134.531138,33.992201],[134.531159,33.992351],[134.531168,33.992799],[134.5312,33.993373],[134.531246,33.993437],[134.531701,33.993712],[134.531897,33.993941],[134.531978,33.994198],[134.531121,33.994172],[134.530805,33.99418],[134.53032,33.994206],[134.530131,33.99418],[134.529766,33.994054],[134.529082,33.993763],[134.52892,33.993775],[134.528667,33.993736],[134.528454,33.993678],[134.528271,33.993573],[134.527962,33.993394],[134.528097,33.992836],[134.528182,33.992442],[134.528165,33.992281],[134.528059,33.992146],[134.527454,33.991618],[134.52739,33.991435],[134.527462,33.991227],[134.527808,33.990896],[134.528261,33.990542],[134.528511,33.990323],[134.528612,33.990069],[134.528748,33.98934],[134.528857,33.989094],[134.528862,33.988971],[134.528861,33.988853],[134.528194,33.988903],[134.527791,33.988933],[134.527775,33.988822],[134.527777,33.988783],[134.527792,33.988544],[134.527545,33.986703],[134.527513,33.98405],[134.527551,33.983863],[134.528132,33.981492],[134.528994,33.982296],[134.529957,33.982947],[134.53057,33.983263],[134.530958,33.983412],[134.531386,33.983561],[134.531457,33.984372],[134.531562,33.986349],[134.531637,33.987532],[134.531669,33.987862]]]},"properties":{"S_NAME":"多家良町金谷","HCODE":8101}},{"type":"Feature","geometry":{"type":"Polygon","coordinates":[[[134.529957,33.982947],[134.528994,33.982296],[134.528132,33.981492],[134.527551,33.983863],[134.527513,33.98405],[134.527545,33.986703],[134.527792,33.988544],[134.527777,33.988783],[134.527737,33.988752],[134.527513,33.988681],[134.527397,33.988592],[134.527312,33.98847],[134.52719,33.988283],[134.527047,33.988267],[134.526852,33.988285],[134.526363,33.988306],[134.526413,33.987003],[134.5257,33.98644],[134.525413,33.98627],[134.522898,33.984856],[134.522402,33.984628],[134.521642,33.98435],[134.520453,33.984035],[134.519312,33.98374],[134.518019,33.983349],[134.516821,33.982996],[134.51464,33.982752],[134.513944,33.982675],[134.511079,33.982478],[134.510892,33.98249],[134.508881,33.982979],[134.50617,33.983402],[134.50627,33.982855],[134.506419,33.982669],[134.506471,33.982543],[134.506463,33.982388],[134.506439,33.982117],[134.50662,33.98182],[134.506746,33.981635],[134.506834,33.981579],[134.50709,33.981455],[134.50737,33.981303],[134.507554,33.981094],[134.507665,33.980926],[134.507744,33.980784],[134.507794,33.980713],[134.508126,33.980415],[134.508321,33.980154],[134.508717,33.979713],[134.509411,33.978058],[134.509691,33.977187],[134.509796,33.975999],[134.509934,33.975025],[134.510202,33.973334],[134.510141,33.971709],[134.510284,33.967219],[134.510253,33.964693],[134.510217,33.963971],[134.510225,33.963622],[134.510153,33.962563],[134.51015,33.962072],[134.510357,33.962061],[134.511451,33.962192],[134.511921,33.962151],[134.512326,33.962194],[134.51272,33.962282],[134.513093,33.962426],[134.513391,33.962648],[134.513467,33.962718],[134.513514,33.962718],[134.513585,33.962675],[134.514341,33.962377],[134.514675,33.96231],[134.514936,33.96229],[134.515216,33.962375],[134.516448,33.962737],[134.516922,33.962909],[134.517218,33.962949],[134.517437,33.962954],[134.517716,33.962952],[134.51857,33.963138],[134.519377,33.96325],[134.519562,33.963235],[134.520161,33.963195],[134.520265,33.963157],[134.520346,33.963096],[134.520474,33.962899],[134.520547,33.962793],[134.52064,33.962748],[134.520855,33.962722],[134.52101,33.962728],[134.521359,33.962668],[134.521562,33.962605],[134.52246,33.963761],[134.523088,33.964536],[134.523663,33.965164],[134.52478,33.966636],[134.526085,33.967788],[134.526958,33.96867],[134.528525,33.969599],[134.52924,33.970182],[134.530015,33.970625],[134.530464,33.971195],[134.530839,33.971531],[134.531594,33.972511],[134.531668,33.972805],[134.531835,33.973334],[134.531888,33.974485],[134.531847,33.976828],[134.531877,33.977667],[134.5319,33.97788],[134.532771,33.978777],[134.534037,33.980012],[134.53583,33.982038],[134.537894,33.984233],[134.533753,33.982814],[134.529957,33.982947]]]},"properties":{"S_NAME":"多家良町中津","HCODE":8101}},{"type":"Feature","geometry":{"type":"Polygon","coordinates":[[[134.550175,34.001842],[134.547883,34.002185],[134.547639,34.001739],[134.547471,34.001202],[134.547381,34.000871],[134.547349,34.000812],[134.547276,34.000472],[134.547247,34.000302],[134.547219,34.000138],[134.547131,33.999754],[134.546904,33.999261],[134.544984,33.995124],[134.544721,33.994657],[134.544544,33.99425],[134.54423,33.993661],[134.543927,33.992939],[134.542838,33.992122],[134.538747,33.988919],[134.53884,33.98882],[134.539041,33.988571],[134.539093,33.988517],[134.539351,33.988405],[134.539552,33.988399],[134.540017,33.988347],[134.540884,33.988265],[134.541391,33.988225],[134.541402,33.987948],[134.541375,33.987601],[134.541306,33.986923],[134.541347,33.986816],[134.541528,33.986611],[134.541749,33.98638],[134.542849,33.985644],[134.544929,33.984691],[134.545698,33.98583],[134.546384,33.986848],[134.547019,33.987709],[134.547082,33.987885],[134.547735,33.989688],[134.547854,33.991078],[134.548359,33.993836],[134.548536,33.99492],[134.548546,33.994981],[134.548618,33.995407],[134.548952,33.997005],[134.549437,33.999209],[134.549838,33.999601],[134.550046,34.000998],[134.550175,34.001842]]]},"properties":{"S_NAME":"多家良町野上","HCODE":8101}},{"type":"Feature","geometry":{"type":"Polygon","coordinates":[[[134.537774,33.994822],[134.537764,33.994818],[134.537375,33.995285],[134.537201,33.995786],[134.536794,33.996817],[134.536635,33.997147],[134.536522,33.997373],[134.536299,33.997904],[134.536038,33.997597],[134.535315,33.997095],[134.534769,33.996865],[134.534652,33.996769],[134.534378,33.996349],[134.534074,33.996203],[134.529905,33.996463],[134.529754,33.996107],[134.529531,33.995515],[134.529332,33.994951],[134.529202,33.994519],[134.529153,33.994208],[134.529082,33.993763],[134.529766,33.994054],[134.530131,33.99418],[134.53032,33.994206],[134.530805,33.99418],[134.531121,33.994172],[134.531978,33.994198],[134.532481,33.9942],[134.533484,33.99396],[134.534185,33.993777],[134.534251,33.993774],[134.534807,33.993721],[134.534792,33.993701],[134.534806,33.993705],[134.534959,33.993701],[134.535184,33.993741],[134.535578,33.993836],[134.535911,33.993935],[134.536128,33.994018],[134.536369,33.994147],[134.536521,33.994229],[134.536889,33.994467],[134.537083,33.994589],[134.537425,33.994716],[134.537768,33.994811],[134.537774,33.994822]]]},"properties":{"S_NAME":"多家良町北地","HCODE":8101}},{"type":"Feature","geometry":{"type":"Polygon","coordinates":[[[134.547349,34.000812],[134.54687,34.00074],[134.546756,34.00076],[134.546688,34.000806],[134.545544,34.002321],[134.545526,34.002397],[134.544994,34.001176],[134.544473,34.001342],[134.544343,34.001028],[134.544265,34.001029],[134.544166,34.000804],[134.544276,34.000759],[134.544345,34.000741],[134.544363,34.000326],[134.544579,33.999743],[134.544684,33.999613],[134.545011,33.999449],[134.545608,33.999788],[134.546089,34.000007],[134.546846,34.000381],[134.547247,34.000302],[134.547276,34.000472],[134.547349,34.000812]]]},"properties":{"S_NAME":"多家良町吉田","HCODE":8101}},{"type":"Feature","geometry":{"type":"Polygon","coordinates":[[[134.542838,33.992122],[134.540984,33.993913],[134.540964,33.993903],[134.540887,33.993944],[134.540724,33.994711],[134.540596,33.994973],[134.540495,33.995116],[134.540363,33.995595],[134.539947,33.995526],[134.539264,33.995469],[134.538826,33.995402],[134.538604,33.99523],[134.538385,33.995077],[134.537774,33.994822],[134.537768,33.994811],[134.537425,33.994716],[134.537083,33.994589],[134.536889,33.994467],[134.536521,33.994229],[134.536369,33.994147],[134.536128,33.994018],[134.535911,33.993935],[134.535578,33.993836],[134.535184,33.993741],[134.534959,33.993701],[134.534806,33.993705],[134.534792,33.993701],[134.534538,33.993356],[134.534129,33.993081],[134.534194,33.992581],[134.534121,33.992391],[134.534777,33.99062],[134.534811,33.990616],[134.534909,33.99066],[134.53543,33.990965],[134.53559,33.991025],[134.535962,33.991221],[134.536125,33.991036],[134.536385,33.990931],[134.536443,33.990881],[134.536804,33.990551],[134.537489,33.989913],[134.538171,33.989356],[134.538445,33.989197],[134.538747,33.988919],[134.542838,33.992122]]]},"properties":{"S_NAME":"多家良町中筋","HCODE":8101}},{"type":"Feature","geometry":{"type":"Polygon","coordinates":[[[134.547247,34.000302],[134.546846,34.000381],[134.546089,34.000007],[134.545608,33.999788],[134.545011,33.999449],[134.544684,33.999613],[134.544579,33.999743],[134.544363,34.000326],[134.544345,34.000741],[134.544276,34.000759],[134.544166,34.000804],[134.544265,34.001029],[134.544343,34.001028],[134.544473,34.001342],[134.54307,34.000684],[134.54249,34.000429],[134.542205,34.000368],[134.540789,33.999953],[134.540727,34.000002],[134.54032,34.000013],[134.540169,33.999757],[134.539924,33.999667],[134.53992,33.999665],[134.539867,33.999388],[134.539592,33.999585],[134.539376,33.999682],[134.539106,33.999757],[134.538535,33.999803],[134.537392,33.999756],[134.537391,33.999756],[134.537228,33.99912],[134.537091,33.998984],[134.53704,33.998894],[134.536854,33.998623],[134.536549,33.998222],[134.536299,33.997904],[134.536522,33.997373],[134.536635,33.997147],[134.536794,33.996817],[134.537201,33.995786],[134.537375,33.995285],[134.537764,33.994818],[134.537774,33.994822],[134.538385,33.995077],[134.538604,33.99523],[134.538826,33.995402],[134.539264,33.995469],[134.539947,33.995526],[134.540363,33.995595],[134.540495,33.995116],[134.540596,33.994973],[134.540724,33.994711],[134.540887,33.993944],[134.540964,33.993903],[134.540984,33.993913],[134.542838,33.992122],[134.543927,33.992939],[134.54423,33.993661],[134.544544,33.99425],[134.544721,33.994657],[134.544984,33.995124],[134.546904,33.999261],[134.547131,33.999754],[134.547219,34.000138],[134.547247,34.000302]]]},"properties":{"S_NAME":"多家良町宮ノ下","HCODE":8101}},{"type":"Feature","geometry":{"type":"Polygon","coordinates":[[[134.525128,33.997026],[134.524302,33.997061],[134.522083,33.997041],[134.520329,33.997036],[134.520131,33.997093],[134.519989,33.99709],[134.519691,33.997206],[134.5196,33.997207],[134.519515,33.997185],[134.519427,33.997021],[134.519441,33.99695],[134.519503,33.996892],[134.5195,33.996858],[134.519492,33.996844],[134.519375,33.996718],[134.519254,33.996595],[134.519197,33.996494],[134.519137,33.996076],[134.519044,33.995993],[134.518976,33.995807],[134.518932,33.995529],[134.518987,33.995179],[134.518926,33.994602],[134.51896,33.994393],[134.518914,33.9942],[134.518965,33.994054],[134.518973,33.993981],[134.518918,33.993803],[134.51879,33.993684],[134.518623,33.993653],[134.518483,33.993658],[134.518343,33.993648],[134.518221,33.993652],[134.518119,33.993577],[134.518101,33.993504],[134.518197,33.993222],[134.518312,33.99293],[134.518348,33.992918],[134.518737,33.992937],[134.518768,33.992912],[134.518755,33.99259],[134.518849,33.991678],[134.519137,33.991711],[134.519325,33.991774],[134.519728,33.992007],[134.519852,33.992081],[134.520176,33.992159],[134.52059,33.992226],[134.52087,33.992207],[134.521162,33.992224],[134.521564,33.992269],[134.521972,33.992346],[134.522114,33.992393],[134.52244,33.992622],[134.522531,33.992664],[134.522991,33.99273],[134.523336,33.992394],[134.523708,33.992219],[134.523954,33.99219],[134.524207,33.992263],[134.52404,33.991552],[134.523828,33.991183],[134.523598,33.990856],[134.523327,33.99056],[134.52306,33.990433],[134.522782,33.990387],[134.522581,33.990407],[134.522422,33.990408],[134.522321,33.990409],[134.522335,33.990353],[134.52249,33.990309],[134.522605,33.9901],[134.522715,33.990053],[134.522825,33.99006],[134.522912,33.990049],[134.523182,33.989944],[134.523307,33.989946],[134.523651,33.990048],[134.523745,33.990109],[134.523845,33.990133],[134.524001,33.990113],[134.524154,33.989998],[134.524282,33.98995],[134.524435,33.989941],[134.524801,33.98983],[134.524956,33.989759],[134.525177,33.989546],[134.525236,33.989502],[134.525377,33.98952],[134.525516,33.989565],[134.526133,33.989572],[134.526326,33.989528],[134.526698,33.989537],[134.527011,33.989627],[134.527912,33.9897],[134.527775,33.988963],[134.527791,33.988933],[134.528194,33.988903],[134.528861,33.988853],[134.528862,33.988971],[134.528857,33.989094],[134.528748,33.98934],[134.528612,33.990069],[134.528511,33.990323],[134.528261,33.990542],[134.527808,33.990896],[134.527462,33.991227],[134.52739,33.991435],[134.527454,33.991618],[134.528059,33.992146],[134.528165,33.992281],[134.528182,33.992442],[134.528097,33.992836],[134.527962,33.993394],[134.528271,33.993573],[134.528454,33.993678],[134.528667,33.993736],[134.52892,33.993775],[134.529082,33.993763],[134.529153,33.994208],[134.529202,33.994519],[134.529332,33.994951],[134.529531,33.995515],[134.529754,33.996107],[134.529905,33.996463],[134.529516,33.996506],[134.527208,33.996597],[134.527009,33.996438],[134.526683,33.996332],[134.526467,33.996316],[134.526078,33.996301],[134.525731,33.996231],[134.525653,33.996154],[134.525546,33.996133],[134.524962,33.996535],[134.524963,33.996621],[134.52505,33.996661],[134.52509,33.996741],[134.52506,33.996813],[134.525128,33.997026]]]},"properties":{"S_NAME":"八多町金堂","HCODE":8101}},{"type":"Feature","geometry":{"type":"Polygon","coordinates":[[[134.527791,33.988933],[134.527775,33.988963],[134.527912,33.9897],[134.527011,33.989627],[134.526698,33.989537],[134.526326,33.989528],[134.526133,33.989572],[134.525516,33.989565],[134.525377,33.98952],[134.525236,33.989502],[134.525177,33.989546],[134.524956,33.989759],[134.524801,33.98983],[134.524435,33.989941],[134.524282,33.98995],[134.524154,33.989998],[134.524001,33.990113],[134.523845,33.990133],[134.523745,33.990109],[134.523651,33.990048],[134.523307,33.989946],[134.523182,33.989944],[134.522912,33.990049],[134.522825,33.99006],[134.522715,33.990053],[134.522605,33.9901],[134.52249,33.990309],[134.522335,33.990353],[134.522321,33.990409],[134.522422,33.990408],[134.522581,33.990407],[134.522782,33.990387],[134.52306,33.990433],[134.523327,33.99056],[134.523598,33.990856],[134.523828,33.991183],[134.52404,33.991552],[134.524207,33.992263],[134.523954,33.99219],[134.523708,33.992219],[134.523336,33.992394],[134.522991,33.99273],[134.522531,33.992664],[134.52244,33.992622],[134.522114,33.992393],[134.521972,33.992346],[134.521564,33.992269],[134.521162,33.992224],[134.52087,33.992207],[134.52059,33.992226],[134.520176,33.992159],[134.519852,33.992081],[134.519728,33.992007],[134.519325,33.991774],[134.519137,33.991711],[134.518849,33.991678],[134.518827,33.991442],[134.518747,33.991254],[134.518694,33.991131],[134.518695,33.990924],[134.518714,33.990413],[134.518709,33.990015],[134.518525,33.98903],[134.518019,33.983349],[134.519312,33.98374],[134.520453,33.984035],[134.521642,33.98435],[134.522402,33.984628],[134.522898,33.984856],[134.525413,33.98627],[134.5257,33.98644],[134.526413,33.987003],[134.526363,33.988306],[134.526852,33.988285],[134.527047,33.988267],[134.52719,33.988283],[134.527312,33.98847],[134.527397,33.988592],[134.527513,33.988681],[134.527737,33.988752],[134.527777,33.988783],[134.527775,33.988822],[134.527791,33.988933]]]},"properties":{"S_NAME":"八多町岡","HCODE":8101}},{"type":"Feature","geometry":{"type":"Polygon","coordinates":[[[134.518987,33.995179],[134.518932,33.995529],[134.518976,33.995807],[134.519044,33.995993],[134.519137,33.996076],[134.519197,33.996494],[134.519254,33.996595],[134.519375,33.996718],[134.519492,33.996844],[134.5195,33.996858],[134.519503,33.996892],[134.519441,33.99695],[134.519351,33.99695],[134.519209,33.996899],[134.519039,33.996756],[134.51897,33.996669],[134.518869,33.996548],[134.51881,33.996443],[134.518755,33.996273],[134.5187,33.996046],[134.518717,33.995762],[134.51857,33.995754],[134.518414,33.995394],[134.518481,33.995366],[134.518987,33.995179]]]},"properties":{"S_NAME":"八多町小倉","HCODE":8101}},{"type":"Feature","geometry":{"type":"Polygon","coordinates":[[[134.518414,33.995394],[134.518008,33.995568],[134.517615,33.995667],[134.516837,33.995721],[134.516352,33.995776],[134.516,33.995916],[134.515624,33.996112],[134.515296,33.996273],[134.515169,33.996287],[134.514889,33.996256],[134.514779,33.996236],[134.514652,33.996128],[134.514446,33.995864],[134.514125,33.995732],[134.514017,33.995658],[134.513979,33.995579],[134.513949,33.99549],[134.513677,33.995476],[134.51343,33.995486],[134.513251,33.995523],[134.512989,33.995666],[134.512631,33.994884],[134.512334,33.994387],[134.512216,33.993847],[134.512104,33.993157],[134.512027,33.992684],[134.512019,33.992512],[134.512079,33.992445],[134.512227,33.992334],[134.512377,33.992195],[134.512496,33.992033],[134.512752,33.991988],[134.512843,33.991964],[134.512994,33.991907],[134.513021,33.991866],[134.512978,33.991617],[134.51258,33.991102],[134.512178,33.990669],[134.512032,33.99045],[134.511864,33.990217],[134.511698,33.989775],[134.511727,33.989657],[134.511667,33.989592],[134.51158,33.989546],[134.511422,33.989502],[134.511177,33.989437],[134.511056,33.989367],[134.510992,33.989295],[134.510986,33.989236],[134.510972,33.989031],[134.510915,33.988847],[134.51087,33.988738],[134.510786,33.988681],[134.510549,33.988545],[134.51032,33.988354],[134.510129,33.988054],[134.51003,33.98783],[134.509973,33.987852],[134.509746,33.987822],[134.509511,33.987697],[134.509303,33.987648],[134.509137,33.987625],[134.508961,33.987555],[134.508849,33.987526],[134.508672,33.987505],[134.508585,33.98749],[134.508539,33.987456],[134.5084,33.987357],[134.508294,33.987305],[134.50826,33.987251],[134.508202,33.987121],[134.508024,33.986926],[134.507767,33.986816],[134.507692,33.986774],[134.507634,33.986734],[134.507527,33.986568],[134.507439,33.986499],[134.507349,33.986464],[134.507299,33.986434],[134.507238,33.986364],[134.507108,33.986333],[134.507066,33.986308],[134.507023,33.986213],[134.506986,33.986184],[134.506826,33.986118],[134.506811,33.986088],[134.506815,33.98593],[134.506794,33.98592],[134.50677,33.985938],[134.506708,33.986048],[134.506688,33.986104],[134.506689,33.986171],[134.506717,33.986283],[134.506742,33.986348],[134.506876,33.986482],[134.5069,33.986534],[134.506901,33.986572],[134.506862,33.986632],[134.506842,33.986687],[134.506843,33.98679],[134.506799,33.98682],[134.506759,33.986803],[134.506744,33.986776],[134.506769,33.9866],[134.506735,33.986558],[134.506584,33.986477],[134.506551,33.98646],[134.506505,33.98637],[134.50638,33.986231],[134.506275,33.986123],[134.506263,33.986076],[134.506271,33.985971],[134.506231,33.985899],[134.506103,33.985792],[134.505988,33.985693],[134.505954,33.985648],[134.505938,33.985529],[134.505901,33.985464],[134.50581,33.98537],[134.50561,33.985199],[134.505497,33.984989],[134.5055,33.984788],[134.505614,33.984586],[134.50569,33.984379],[134.50578,33.984243],[134.505857,33.984158],[134.505971,33.984024],[134.506124,33.983854],[134.506226,33.983777],[134.506263,33.983719],[134.506253,33.983646],[134.50617,33.983402],[134.508881,33.982979],[134.510892,33.98249],[134.511079,33.982478],[134.513944,33.982675],[134.51464,33.982752],[134.516821,33.982996],[134.518019,33.983349],[134.518525,33.98903],[134.518709,33.990015],[134.518714,33.990413],[134.518695,33.990924],[134.518694,33.991131],[134.518747,33.991254],[134.518827,33.991442],[134.518849,33.991678],[134.518755,33.99259],[134.518768,33.992912],[134.518737,33.992937],[134.518348,33.992918],[134.518312,33.99293],[134.518197,33.993222],[134.518101,33.993504],[134.518119,33.993577],[134.518221,33.993652],[134.518343,33.993648],[134.518483,33.993658],[134.518623,33.993653],[134.51879,33.993684],[134.518918,33.993803],[134.518973,33.993981],[134.518965,33.994054],[134.518914,33.9942],[134.51896,33.994393],[134.518926,33.994602],[134.518987,33.995179],[134.518481,33.995366],[134.518414,33.995394]]]},"properties":{"S_NAME":"八多町森時","HCODE":8101}},{"type":"Feature","geometry":{"type":"Polygon","coordinates":[[[134.512216,33.993847],[134.510924,33.994033],[134.509359,33.994348],[134.507076,33.994552],[134.504786,33.994558],[134.501864,33.994451],[134.500125,33.994195],[134.499574,33.994039],[134.499047,33.993873],[134.499165,33.99348],[134.499257,33.993299],[134.499378,33.99319],[134.499507,33.993123],[134.499629,33.993056],[134.499737,33.993043],[134.499968,33.99306],[134.500228,33.993118],[134.500394,33.993104],[134.500659,33.993018],[134.500752,33.992951],[134.500913,33.992815],[134.501126,33.992579],[134.501254,33.992356],[134.501375,33.992253],[134.501518,33.992156],[134.501662,33.992108],[134.50176,33.992115],[134.501814,33.992103],[134.501879,33.992077],[134.50193,33.992071],[134.501989,33.992088],[134.502066,33.992085],[134.502117,33.992058],[134.502205,33.992001],[134.502247,33.991946],[134.502298,33.991859],[134.50237,33.991825],[134.502511,33.991704],[134.502613,33.991605],[134.502777,33.991296],[134.502776,33.991271],[134.502725,33.991165],[134.502711,33.99116],[134.501791,33.990898],[134.501422,33.990844],[134.501434,33.990696],[134.501484,33.990327],[134.50148,33.990044],[134.501459,33.989843],[134.501419,33.989751],[134.501579,33.989645],[134.501631,33.989656],[134.501815,33.989686],[134.502104,33.989523],[134.5022,33.98936],[134.502285,33.989238],[134.502278,33.989125],[134.502345,33.989037],[134.502447,33.989057],[134.502457,33.988995],[134.502465,33.988857],[134.502406,33.988769],[134.502267,33.988504],[134.501649,33.987613],[134.501537,33.987452],[134.501818,33.987401],[134.501836,33.987296],[134.502084,33.986938],[134.502216,33.986606],[134.502212,33.9863],[134.502219,33.986098],[134.502392,33.985967],[134.50239,33.985749],[134.50235,33.985636],[134.502184,33.985581],[134.502019,33.985534],[134.501833,33.985422],[134.501686,33.985278],[134.501569,33.985255],[134.501432,33.985135],[134.501391,33.985023],[134.501408,33.98479],[134.501421,33.984625],[134.501367,33.984526],[134.501266,33.984402],[134.501168,33.984317],[134.501092,33.984315],[134.500816,33.984323],[134.500623,33.984277],[134.500423,33.984257],[134.50209,33.983829],[134.504236,33.983542],[134.50617,33.983402],[134.506253,33.983646],[134.506263,33.983719],[134.506226,33.983777],[134.506124,33.983854],[134.505971,33.984024],[134.505857,33.984158],[134.50578,33.984243],[134.50569,33.984379],[134.505614,33.984586],[134.5055,33.984788],[134.505497,33.984989],[134.50561,33.985199],[134.50581,33.98537],[134.505901,33.985464],[134.505938,33.985529],[134.505954,33.985648],[134.505988,33.985693],[134.506103,33.985792],[134.506231,33.985899],[134.506271,33.985971],[134.506263,33.986076],[134.506275,33.986123],[134.50638,33.986231],[134.506505,33.98637],[134.506551,33.98646],[134.506584,33.986477],[134.506735,33.986558],[134.506769,33.9866],[134.506744,33.986776],[134.506759,33.986803],[134.506799,33.98682],[134.506843,33.98679],[134.506842,33.986687],[134.506862,33.986632],[134.506901,33.986572],[134.5069,33.986534],[134.506876,33.986482],[134.506742,33.986348],[134.506717,33.986283],[134.506689,33.986171],[134.506688,33.986104],[134.506708,33.986048],[134.50677,33.985938],[134.506794,33.98592],[134.506815,33.98593],[134.506811,33.986088],[134.506826,33.986118],[134.506986,33.986184],[134.507023,33.986213],[134.507066,33.986308],[134.507108,33.986333],[134.507238,33.986364],[134.507299,33.986434],[134.507349,33.986464],[134.507439,33.986499],[134.507527,33.986568],[134.507634,33.986734],[134.507692,33.986774],[134.507767,33.986816],[134.508024,33.986926],[134.508202,33.987121],[134.50826,33.987251],[134.508294,33.987305],[134.5084,33.987357],[134.508539,33.987456],[134.508585,33.98749],[134.508672,33.987505],[134.508849,33.987526],[134.508961,33.987555],[134.509137,33.987625],[134.509303,33.987648],[134.509511,33.987697],[134.509746,33.987822],[134.509973,33.987852],[134.51003,33.98783],[134.510129,33.988054],[134.51032,33.988354],[134.510549,33.988545],[134.510786,33.988681],[134.51087,33.988738],[134.510915,33.988847],[134.510972,33.989031],[134.510986,33.989236],[134.510992,33.989295],[134.511056,33.989367],[134.511177,33.989437],[134.511422,33.989502],[134.51158,33.989546],[134.511667,33.989592],[134.511727,33.989657],[134.511698,33.989775],[134.511864,33.990217],[134.512032,33.99045],[134.512178,33.990669],[134.51258,33.991102],[134.512978,33.991617],[134.513021,33.991866],[134.512994,33.991907],[134.512843,33.991964],[134.512752,33.991988],[134.512496,33.992033],[134.512377,33.992195],[134.512227,33.992334],[134.512079,33.992445],[134.512019,33.992512],[134.512027,33.992684],[134.512104,33.993157],[134.512216,33.993847]]]},"properties":{"S_NAME":"八多町友広","HCODE":8101}},{"type":"Feature","geometry":{"type":"Polygon","coordinates":[[[134.500423,33.984257],[134.500414,33.984168],[134.500445,33.984073],[134.500468,33.983991],[134.500574,33.983797],[134.50062,33.983683],[134.493259,33.984061],[134.490982,33.984142],[134.489859,33.984137],[134.487319,33.985801],[134.487009,33.987044],[134.486982,33.987287],[134.486916,33.987179],[134.486735,33.986877],[134.48639,33.985885],[134.48635,33.985815],[134.486288,33.985777],[134.485941,33.98569],[134.485685,33.985532],[134.485615,33.985475],[134.485545,33.985392],[134.485364,33.985041],[134.485253,33.984754],[134.485197,33.984594],[134.485064,33.984432],[134.484609,33.983953],[134.483922,33.98357],[134.482241,33.9831],[134.481995,33.983031],[134.48177,33.982989],[134.481705,33.982909],[134.481835,33.982653],[134.481855,33.982424],[134.481772,33.98157],[134.481697,33.981278],[134.481603,33.980944],[134.481396,33.980546],[134.481115,33.980203],[134.481059,33.980017],[134.481067,33.979786],[134.481225,33.97958],[134.481521,33.979409],[134.481779,33.978617],[134.481987,33.978207],[134.482324,33.977796],[134.482378,33.977392],[134.48246,33.977134],[134.482597,33.976938],[134.482922,33.976654],[134.483422,33.976229],[134.483564,33.97618],[134.483935,33.976053],[134.484764,33.975789],[134.48505,33.975626],[134.485315,33.975456],[134.485378,33.975402],[134.485367,33.974892],[134.485317,33.97428],[134.485123,33.973602],[134.48517,33.97306],[134.485243,33.97298],[134.485488,33.972942],[134.485744,33.972887],[134.485976,33.972734],[134.486018,33.972645],[134.486167,33.972187],[134.486283,33.971569],[134.486182,33.971117],[134.486255,33.971028],[134.486606,33.970972],[134.486723,33.970864],[134.486797,33.970613],[134.486563,33.970022],[134.486614,33.9698],[134.48691,33.969576],[134.487048,33.969477],[134.4869,33.969119],[134.486834,33.968995],[134.486811,33.968827],[134.48682,33.968676],[134.486411,33.968324],[134.486377,33.968218],[134.486482,33.968013],[134.486554,33.967765],[134.486637,33.967639],[134.486753,33.967505],[134.486805,33.967424],[134.486813,33.96726],[134.486887,33.967077],[134.486983,33.967043],[134.487145,33.967032],[134.487653,33.967345],[134.48779,33.967461],[134.487934,33.967549],[134.488181,33.967701],[134.488322,33.967749],[134.488528,33.967819],[134.488588,33.967886],[134.488699,33.968141],[134.48876,33.968249],[134.488885,33.968324],[134.48966,33.968565],[134.489925,33.968622],[134.490122,33.968613],[134.490247,33.968639],[134.490497,33.968781],[134.49079,33.968869],[134.491021,33.968826],[134.491139,33.968767],[134.491669,33.968349],[134.492033,33.968085],[134.492344,33.967831],[134.492447,33.967838],[134.493134,33.968063],[134.493384,33.968196],[134.493747,33.968605],[134.494097,33.969121],[134.494509,33.969463],[134.495331,33.969816],[134.495873,33.969974],[134.496188,33.970088],[134.496834,33.969957],[134.497112,33.969667],[134.497261,33.969495],[134.497422,33.969413],[134.49774,33.969343],[134.49814,33.96942],[134.499198,33.969394],[134.499409,33.969454],[134.499807,33.969677],[134.49999,33.969702],[134.500152,33.969674],[134.500184,33.969638],[134.500459,33.969613],[134.50061,33.969558],[134.500769,33.969358],[134.500912,33.969092],[134.500909,33.968796],[134.501046,33.96838],[134.501359,33.967955],[134.501416,33.967865],[134.501621,33.967801],[134.501954,33.967672],[134.502134,33.967521],[134.502345,33.967395],[134.502576,33.966862],[134.502651,33.96679],[134.502896,33.96663],[134.503446,33.96643],[134.504296,33.96618],[134.504784,33.966096],[134.505998,33.965327],[134.506446,33.965284],[134.506587,33.965254],[134.5067,33.965141],[134.506846,33.965013],[134.507061,33.96451],[134.507179,33.964072],[134.507253,33.963826],[134.507292,33.963816],[134.507454,33.963783],[134.507558,33.963712],[134.50767,33.963676],[134.507852,33.963569],[134.508034,33.963465],[134.508146,33.963414],[134.508391,33.963324],[134.508537,33.963254],[134.508655,33.963188],[134.509145,33.962748],[134.50938,33.962475],[134.509589,33.962331],[134.50964,33.9623],[134.509833,33.96218],[134.51015,33.962072],[134.510153,33.962563],[134.510225,33.963622],[134.510217,33.963971],[134.510253,33.964693],[134.510284,33.967219],[134.510141,33.971709],[134.510202,33.973334],[134.509934,33.975025],[134.509796,33.975999],[134.509691,33.977187],[134.509411,33.978058],[134.508717,33.979713],[134.508321,33.980154],[134.508126,33.980415],[134.507794,33.980713],[134.507744,33.980784],[134.507665,33.980926],[134.507554,33.981094],[134.50737,33.981303],[134.50709,33.981455],[134.506834,33.981579],[134.506746,33.981635],[134.50662,33.98182],[134.506439,33.982117],[134.506463,33.982388],[134.506471,33.982543],[134.506419,33.982669],[134.50627,33.982855],[134.50617,33.983402],[134.504236,33.983542],[134.50209,33.983829],[134.500423,33.984257]]]},"properties":{"S_NAME":"八多町鹿首","HCODE":8101}},{"type":"Feature","geometry":{"type":"Polygon","coordinates":[[[134.499047,33.993873],[134.498943,33.994196],[134.498907,33.994399],[134.49881,33.994557],[134.498711,33.994678],[134.498625,33.994702],[134.498502,33.994709],[134.498343,33.994639],[134.498132,33.994454],[134.497993,33.994347],[134.497835,33.994278],[134.497713,33.994273],[134.49765,33.994262],[134.49697,33.994613],[134.49668,33.994447],[134.496604,33.994341],[134.496459,33.99381],[134.496371,33.993677],[134.496122,33.993236],[134.496036,33.993183],[134.495073,33.992951],[134.494892,33.992953],[134.494629,33.993283],[134.494471,33.993319],[134.494191,33.99326],[134.493978,33.993262],[134.493458,33.993479],[134.493256,33.993534],[134.493009,33.993367],[134.492654,33.993139],[134.492514,33.993043],[134.492455,33.992564],[134.492423,33.992485],[134.492326,33.99245],[134.4919,33.992489],[134.491771,33.992445],[134.491496,33.992235],[134.490438,33.991067],[134.49032,33.99097],[134.489977,33.990867],[134.489038,33.990777],[134.488845,33.990707],[134.488566,33.990567],[134.487997,33.989894],[134.487391,33.989459],[134.487357,33.989335],[134.487344,33.989077],[134.487248,33.988208],[134.487058,33.987464],[134.486982,33.987287],[134.487009,33.987044],[134.487319,33.985801],[134.489859,33.984137],[134.490982,33.984142],[134.493259,33.984061],[134.50062,33.983683],[134.500574,33.983797],[134.500468,33.983991],[134.500445,33.984073],[134.500414,33.984168],[134.500423,33.984257],[134.500623,33.984277],[134.500816,33.984323],[134.501092,33.984315],[134.501168,33.984317],[134.501266,33.984402],[134.501367,33.984526],[134.501421,33.984625],[134.501408,33.98479],[134.501391,33.985023],[134.501432,33.985135],[134.501569,33.985255],[134.501686,33.985278],[134.501833,33.985422],[134.502019,33.985534],[134.502184,33.985581],[134.50235,33.985636],[134.50239,33.985749],[134.502392,33.985967],[134.502219,33.986098],[134.502212,33.9863],[134.502216,33.986606],[134.502084,33.986938],[134.501836,33.987296],[134.501818,33.987401],[134.501537,33.987452],[134.501649,33.987613],[134.502267,33.988504],[134.502406,33.988769],[134.502465,33.988857],[134.502457,33.988995],[134.502447,33.989057],[134.502345,33.989037],[134.502278,33.989125],[134.502285,33.989238],[134.5022,33.98936],[134.502104,33.989523],[134.501815,33.989686],[134.501631,33.989656],[134.501579,33.989645],[134.501419,33.989751],[134.501459,33.989843],[134.50148,33.990044],[134.501484,33.990327],[134.501434,33.990696],[134.501422,33.990844],[134.501791,33.990898],[134.502711,33.99116],[134.502725,33.991165],[134.502776,33.991271],[134.502777,33.991296],[134.502613,33.991605],[134.502511,33.991704],[134.50237,33.991825],[134.502298,33.991859],[134.502247,33.991946],[134.502205,33.992001],[134.502117,33.992058],[134.502066,33.992085],[134.501989,33.992088],[134.50193,33.992071],[134.501879,33.992077],[134.501814,33.992103],[134.50176,33.992115],[134.501662,33.992108],[134.501518,33.992156],[134.501375,33.992253],[134.501254,33.992356],[134.501126,33.992579],[134.500913,33.992815],[134.500752,33.992951],[134.500659,33.993018],[134.500394,33.993104],[134.500228,33.993118],[134.499968,33.99306],[134.499737,33.993043],[134.499629,33.993056],[134.499507,33.993123],[134.499378,33.99319],[134.499257,33.993299],[134.499165,33.99348],[134.499047,33.993873]]]},"properties":{"S_NAME":"八多町夫婦石","HCODE":8101}},{"type":"Feature","geometry":{"type":"Polygon","coordinates":[[[134.504465,34.013572],[134.504325,34.013581],[134.503866,34.013696],[134.502935,34.013966],[134.502343,34.014082],[134.501981,34.014236],[134.501764,34.014369],[134.501608,34.014481],[134.501332,34.014695],[134.501259,34.014706],[134.501138,34.014717],[134.500834,34.014649],[134.500663,34.01458],[134.500444,34.01444],[134.500271,34.01421],[134.500158,34.013888],[134.497603,34.013934],[134.497769,34.013682],[134.497908,34.013381],[134.498234,34.013402],[134.498497,34.013415],[134.4988,34.01346],[134.498874,34.01345],[134.498988,34.013363],[134.499052,34.013104],[134.499029,34.012855],[134.498866,34.01259],[134.49854,34.012094],[134.498318,34.011863],[134.497617,34.011736],[134.497232,34.01129],[134.496346,34.011108],[134.495939,34.010893],[134.495521,34.010858],[134.494998,34.010735],[134.494558,34.010655],[134.494436,34.010507],[134.494176,34.010459],[134.493855,34.010395],[134.493734,34.010313],[134.493772,34.01008],[134.49379,34.009963],[134.493929,34.009846],[134.493907,34.009713],[134.493684,34.009416],[134.493681,34.009183],[134.493561,34.009167],[134.49342,34.009085],[134.493295,34.008604],[134.493231,34.008256],[134.493548,34.00807],[134.493927,34.008017],[134.494228,34.008081],[134.494446,34.008117],[134.494921,34.007534],[134.495359,34.007092],[134.495584,34.006526],[134.495659,34.006034],[134.495546,34.005559],[134.495546,34.005151],[134.495746,34.004518],[134.495906,34.004124],[134.49596,34.003992],[134.496233,34.003318],[134.496359,34.003268],[134.496571,34.002393],[134.496496,34.002051],[134.495996,34.001468],[134.495971,34.001376],[134.496184,34.001201],[134.496346,34.000793],[134.496253,34.000248],[134.496246,34.00021],[134.495959,33.999668],[134.495909,33.999151],[134.496134,33.99861],[134.496459,33.998293],[134.496946,33.99811],[134.497083,33.997727],[134.497083,33.996693],[134.497171,33.995477],[134.497083,33.994935],[134.49697,33.994613],[134.49765,33.994262],[134.497713,33.994273],[134.497835,33.994278],[134.497993,33.994347],[134.498132,33.994454],[134.498343,33.994639],[134.498502,33.994709],[134.498625,33.994702],[134.498711,33.994678],[134.49881,33.994557],[134.498907,33.994399],[134.498943,33.994196],[134.499047,33.993873],[134.499574,33.994039],[134.500125,33.994195],[134.501864,33.994451],[134.504786,33.994558],[134.507076,33.994552],[134.509359,33.994348],[134.510924,33.994033],[134.512216,33.993847],[134.512334,33.994387],[134.512631,33.994884],[134.512989,33.995666],[134.513251,33.995523],[134.51343,33.995486],[134.513677,33.995476],[134.513949,33.99549],[134.513979,33.995579],[134.514017,33.995658],[134.514125,33.995732],[134.514446,33.995864],[134.514652,33.996128],[134.514779,33.996236],[134.514889,33.996256],[134.515169,33.996287],[134.515296,33.996273],[134.515624,33.996112],[134.516,33.995916],[134.516352,33.995776],[134.516837,33.995721],[134.517615,33.995667],[134.518008,33.995568],[134.518414,33.995394],[134.51857,33.995754],[134.518717,33.995762],[134.5187,33.996046],[134.518755,33.996273],[134.51881,33.996443],[134.518869,33.996548],[134.51897,33.996669],[134.519039,33.996756],[134.519209,33.996899],[134.519351,33.99695],[134.519441,33.99695],[134.519427,33.997021],[134.519515,33.997185],[134.5196,33.997207],[134.519691,33.997206],[134.519989,33.99709],[134.520131,33.997093],[134.520329,33.997036],[134.522083,33.997041],[134.524302,33.997061],[134.525128,33.997026],[134.525166,33.997218],[134.525186,33.997779],[134.525141,33.997826],[134.525082,33.997895],[134.524931,33.99795],[134.524826,33.997996],[134.524786,33.998092],[134.524826,33.998182],[134.524965,33.998287],[134.52511,33.998473],[134.525205,33.99874],[134.525189,33.998947],[134.525159,33.999169],[134.5252,33.999285],[134.525423,33.999554],[134.525388,33.999688],[134.525413,33.999799],[134.525492,33.999875],[134.525424,34.000009],[134.525379,34.000067],[134.525394,34.000158],[134.525503,34.000282],[134.525622,34.000556],[134.525646,34.000674],[134.525795,34.000879],[134.525945,34.0011],[134.526143,34.001325],[134.526226,34.001722],[134.526376,34.002162],[134.526373,34.002243],[134.526225,34.0022],[134.525893,34.002082],[134.525669,34.002095],[134.525245,34.00201],[134.524733,34.002323],[134.524592,34.00272],[134.524212,34.002976],[134.523582,34.004004],[134.523428,34.003987],[134.522684,34.003956],[134.522543,34.003663],[134.522259,34.003327],[134.522152,34.003261],[134.521736,34.003126],[134.521362,34.003107],[134.520542,34.003108],[134.519802,34.003169],[134.517776,34.003342],[134.515766,34.003669],[134.514621,34.003889],[134.512899,34.004331],[134.510887,34.0043],[134.510667,34.004324],[134.510495,34.004319],[134.510335,34.00432],[134.510123,34.00434],[134.509966,34.004381],[134.509856,34.004429],[134.509673,34.00447],[134.509454,34.004585],[134.509238,34.004651],[134.508913,34.004736],[134.507747,34.005232],[134.507341,34.005495],[134.507222,34.005527],[134.507067,34.005621],[134.506791,34.005794],[134.50655,34.006064],[134.506469,34.00619],[134.506283,34.006362],[134.506235,34.006459],[134.50621,34.006571],[134.506198,34.006679],[134.506147,34.006795],[134.506175,34.006994],[134.506079,34.007318],[134.506096,34.007345],[134.506575,34.007546],[134.506651,34.007697],[134.506831,34.007853],[134.507073,34.008092],[134.507397,34.008557],[134.507351,34.008718],[134.506107,34.01113],[134.505893,34.011482],[134.505668,34.012214],[134.505565,34.012525],[134.504904,34.013283],[134.504555,34.013516],[134.504465,34.013572]]]},"properties":{"S_NAME":"八多町水口","HCODE":8101}},{"type":"Feature","geometry":{"type":"Polygon","coordinates":[[[134.470386,34.034095],[134.475215,34.034369],[134.475421,34.034392],[134.475584,34.034456],[134.475691,34.034487],[134.47569,34.034491],[134.47561,34.034845],[134.475607,34.035042],[134.475642,34.035127],[134.4758,34.035297],[134.475911,34.035359],[134.476038,34.035585],[134.476075,34.035615],[134.476214,34.03565],[134.476355,34.035696],[134.476416,34.035775],[134.476469,34.035802],[134.47797,34.036017],[134.479525,34.036228],[134.481038,34.036425],[134.481652,34.036497],[134.481868,34.036517],[134.48177,34.036693],[134.481662,34.036887],[134.481551,34.037192],[134.481537,34.037273],[134.481559,34.037641],[134.481631,34.038141],[134.481597,34.038501],[134.481641,34.038792],[134.481686,34.038952],[134.481789,34.039213],[134.48186,34.039444],[134.481997,34.039732],[134.481819,34.040388],[134.481763,34.040953],[134.481874,34.041425],[134.481663,34.042169],[134.481664,34.042284],[134.481769,34.042904],[134.481746,34.043066],[134.481649,34.043428],[134.481631,34.043531],[134.481698,34.043691],[134.481888,34.043937],[134.48113,34.044962],[134.480959,34.045193],[134.47885,34.044084],[134.478341,34.043869],[134.477549,34.043567],[134.476865,34.043522],[134.476213,34.043514],[134.474943,34.043373],[134.473717,34.043214],[134.473312,34.043195],[134.474149,34.040479],[134.473246,34.040385],[134.472422,34.040294],[134.471609,34.040132],[134.471445,34.04003],[134.471184,34.03934],[134.471034,34.038995],[134.470829,34.03868],[134.470655,34.038449],[134.470297,34.03809],[134.470137,34.03797],[134.470165,34.037816],[134.469988,34.037343],[134.470398,34.03718],[134.470498,34.03534],[134.470421,34.03431],[134.470357,34.034198],[134.470292,34.034096],[134.470386,34.034095]]]},"properties":{"S_NAME":"一宮町東丁","HCODE":8101}},{"type":"Feature","geometry":{"type":"Polygon","coordinates":[[[134.469633,34.050773],[134.469127,34.050702],[134.468569,34.050731],[134.467907,34.051242],[134.467445,34.051191],[134.467059,34.051103],[134.466757,34.050967],[134.466488,34.050802],[134.466351,34.050615],[134.466282,34.050423],[134.466204,34.050305],[134.465698,34.048273],[134.46362,34.048333],[134.462536,34.048364],[134.462316,34.047588],[134.462291,34.046913],[134.462124,34.04621],[134.462125,34.046056],[134.462127,34.04545],[134.462128,34.045021],[134.462154,34.044214],[134.462221,34.043846],[134.463349,34.043838],[134.463359,34.042982],[134.463311,34.042804],[134.463114,34.041919],[134.462806,34.041286],[134.462646,34.040974],[134.462493,34.040682],[134.462059,34.039566],[134.461405,34.0384],[134.460959,34.038189],[134.460833,34.038087],[134.460687,34.037925],[134.46078,34.037907],[134.461115,34.037874],[134.461222,34.037263],[134.461229,34.036971],[134.461183,34.036593],[134.460288,34.036063],[134.460138,34.035917],[134.45997,34.035618],[134.459793,34.035167],[134.459623,34.034811],[134.459602,34.034715],[134.45975,34.034546],[134.459802,34.034507],[134.460125,34.034302],[134.460458,34.034043],[134.460501,34.033892],[134.461943,34.032663],[134.46724,34.032414],[134.467492,34.032508],[134.467586,34.032561],[134.467836,34.032687],[134.46803,34.032688],[134.468405,34.032652],[134.468677,34.032601],[134.468965,34.032532],[134.469238,34.032457],[134.469513,34.032416],[134.469716,34.032413],[134.470093,34.032525],[134.470432,34.032796],[134.470649,34.033073],[134.470772,34.033261],[134.470814,34.033389],[134.470809,34.033568],[134.470664,34.033808],[134.470585,34.033904],[134.470466,34.034027],[134.470386,34.034095],[134.470292,34.034096],[134.470357,34.034198],[134.470421,34.03431],[134.470498,34.03534],[134.470398,34.03718],[134.469988,34.037343],[134.470165,34.037816],[134.470137,34.03797],[134.470297,34.03809],[134.470655,34.038449],[134.470829,34.03868],[134.471034,34.038995],[134.471184,34.03934],[134.471445,34.04003],[134.471609,34.040132],[134.472422,34.040294],[134.473246,34.040385],[134.474149,34.040479],[134.473312,34.043195],[134.473717,34.043214],[134.474943,34.043373],[134.476213,34.043514],[134.476865,34.043522],[134.477549,34.043567],[134.475825,34.045992],[134.475228,34.04607],[134.474983,34.046089],[134.474467,34.046082],[134.47364,34.045895],[134.473597,34.046046],[134.473535,34.046248],[134.473529,34.046322],[134.473472,34.046408],[134.473326,34.046509],[134.47312,34.04657],[134.47306,34.046639],[134.473024,34.046749],[134.473031,34.046845],[134.473063,34.046945],[134.473111,34.047015],[134.473002,34.047103],[134.47292,34.047144],[134.472647,34.047848],[134.472482,34.048349],[134.472337,34.048862],[134.472256,34.049196],[134.469633,34.050773]]]},"properties":{"S_NAME":"一宮町西丁","HCODE":8101}},{"type":"Feature","geometry":{"type":"Polygon","coordinates":[[[134.476892,34.030818],[134.476849,34.031424],[134.476828,34.031559],[134.476807,34.031831],[134.476746,34.032173],[134.476689,34.032254],[134.476601,34.032469],[134.476572,34.032706],[134.476587,34.03278],[134.47648,34.033024],[134.476413,34.033336],[134.476328,34.033548],[134.476185,34.033768],[134.476012,34.033947],[134.475756,34.034279],[134.47571,34.034425],[134.475691,34.034487],[134.475584,34.034456],[134.475421,34.034392],[134.475215,34.034369],[134.470386,34.034095],[134.470466,34.034027],[134.470585,34.033904],[134.470664,34.033808],[134.470809,34.033568],[134.470814,34.033389],[134.470772,34.033261],[134.470649,34.033073],[134.470432,34.032796],[134.470093,34.032525],[134.469716,34.032413],[134.469513,34.032416],[134.469238,34.032457],[134.468965,34.032532],[134.468677,34.032601],[134.468405,34.032652],[134.46803,34.032688],[134.467836,34.032687],[134.467586,34.032561],[134.467492,34.032508],[134.46724,34.032414],[134.461943,34.032663],[134.460501,34.033892],[134.460545,34.033315],[134.46055,34.033045],[134.460608,34.032849],[134.460616,34.032835],[134.460623,34.032807],[134.460647,34.032781],[134.460675,34.032732],[134.46078,34.032633],[134.460797,34.032617],[134.460961,34.032538],[134.461181,34.032442],[134.461486,34.032365],[134.461329,34.032102],[134.461218,34.031952],[134.461053,34.031755],[134.460925,34.031627],[134.460855,34.031547],[134.460838,34.03153],[134.460827,34.031515],[134.460795,34.031478],[134.460496,34.031131],[134.460487,34.031121],[134.46028,34.030768],[134.460113,34.030407],[134.460074,34.030196],[134.460063,34.02997],[134.460025,34.029842],[134.460076,34.02951],[134.460131,34.029227],[134.460209,34.028917],[134.460279,34.028682],[134.460488,34.028292],[134.460675,34.027967],[134.46069,34.027755],[134.46067,34.02759],[134.460487,34.027425],[134.460305,34.027313],[134.45969,34.027081],[134.459581,34.027044],[134.459618,34.025886],[134.459642,34.025675],[134.459788,34.024897],[134.459805,34.024844],[134.457259,34.022884],[134.45704,34.022765],[134.456702,34.022579],[134.456545,34.022559],[134.456285,34.02253],[134.456166,34.022509],[134.455677,34.022527],[134.455279,34.022264],[134.45469,34.021744],[134.454069,34.021242],[134.453619,34.020886],[134.453413,34.020723],[134.453675,34.020395],[134.453739,34.020219],[134.453722,34.020007],[134.453719,34.019777],[134.45368,34.019553],[134.453721,34.019255],[134.453726,34.019061],[134.453893,34.018515],[134.453933,34.018408],[134.453983,34.018298],[134.454131,34.018155],[134.454311,34.017996],[134.454397,34.017838],[134.454472,34.017614],[134.454512,34.017433],[134.454543,34.017261],[134.454542,34.017157],[134.454484,34.016858],[134.454313,34.016508],[134.453369,34.015136],[134.453359,34.015121],[134.453239,34.014939],[134.453081,34.014668],[134.453062,34.01455],[134.453086,34.014425],[134.45309,34.014195],[134.45309,34.014182],[134.453066,34.014169],[134.452907,34.014081],[134.452737,34.013917],[134.45261,34.013682],[134.452587,34.013617],[134.452558,34.013539],[134.452472,34.013466],[134.452439,34.013438],[134.452344,34.013306],[134.45226,34.013237],[134.452225,34.013177],[134.45212,34.012996],[134.452102,34.012965],[134.452094,34.012953],[134.451933,34.012711],[134.451836,34.012583],[134.451742,34.012457],[134.451582,34.012249],[134.451633,34.011863],[134.451673,34.011486],[134.451613,34.01117],[134.451465,34.01098],[134.451143,34.010742],[134.451058,34.010615],[134.450954,34.010362],[134.450933,34.010334],[134.450572,34.009863],[134.450263,34.009508],[134.449827,34.009008],[134.449691,34.008721],[134.449665,34.008667],[134.449528,34.008465],[134.450044,34.008385],[134.450342,34.008277],[134.450539,34.008065],[134.450745,34.007867],[134.451025,34.007782],[134.451124,34.007721],[134.451404,34.007658],[134.451567,34.007649],[134.45172,34.007681],[134.4519,34.007746],[134.452114,34.007904],[134.452251,34.008022],[134.452408,34.008097],[134.452838,34.00833],[134.452966,34.008342],[134.453169,34.008314],[134.453394,34.008389],[134.453754,34.008443],[134.453818,34.008432],[134.454256,34.008329],[134.45434,34.008325],[134.454551,34.008313],[134.45483,34.008212],[134.454965,34.008157],[134.455345,34.007885],[134.455461,34.007854],[134.455713,34.007862],[134.455836,34.007858],[134.4559,34.007824],[134.456334,34.007316],[134.456421,34.007278],[134.456682,34.007182],[134.457027,34.00695],[134.457125,34.006833],[134.457201,34.006799],[134.457472,34.006783],[134.457811,34.006764],[134.457879,34.006773],[134.458151,34.006745],[134.458324,34.006722],[134.458423,34.006658],[134.458542,34.006564],[134.458654,34.00654],[134.458777,34.006522],[134.458892,34.006441],[134.459014,34.006248],[134.459074,34.006247],[134.459591,34.006423],[134.459691,34.006442],[134.460017,34.006471],[134.460229,34.006473],[134.460872,34.006444],[134.46099,34.006367],[134.461094,34.0063],[134.461187,34.006409],[134.461342,34.006575],[134.461484,34.006717],[134.461553,34.006823],[134.461586,34.006889],[134.461635,34.007005],[134.46176,34.007137],[134.461804,34.00715],[134.462008,34.007168],[134.462119,34.007226],[134.462312,34.00739],[134.462389,34.007436],[134.462525,34.007462],[134.462737,34.00747],[134.463043,34.007556],[134.463144,34.007631],[134.463257,34.007734],[134.463437,34.007785],[134.463545,34.007791],[134.46381,34.007902],[134.464003,34.00799],[134.464191,34.008162],[134.46428,34.008299],[134.464362,34.008448],[134.46453,34.008513],[134.464789,34.008645],[134.464962,34.008734],[134.465191,34.008849],[134.465348,34.008967],[134.465477,34.00921],[134.46553,34.009303],[134.465695,34.009444],[134.465988,34.009588],[134.466141,34.009715],[134.466306,34.009856],[134.466437,34.009967],[134.466462,34.009988],[134.466523,34.010068],[134.466556,34.010164],[134.466602,34.010343],[134.46654,34.010466],[134.46644,34.010652],[134.466378,34.010812],[134.466359,34.010922],[134.466376,34.011008],[134.466489,34.011314],[134.466515,34.011437],[134.466521,34.011607],[134.466518,34.011679],[134.46652,34.011722],[134.466545,34.011808],[134.466591,34.011947],[134.466591,34.012023],[134.466538,34.012276],[134.466536,34.012471],[134.466521,34.012697],[134.466495,34.012929],[134.466434,34.013146],[134.46645,34.013317],[134.466465,34.013378],[134.466489,34.013573],[134.466486,34.013673],[134.466417,34.013903],[134.466389,34.013952],[134.466341,34.014084],[134.466362,34.014194],[134.466487,34.014303],[134.466609,34.014421],[134.466833,34.014677],[134.466933,34.014784],[134.467072,34.014968],[134.467248,34.015122],[134.467279,34.01524],[134.46731,34.015339],[134.467344,34.015512],[134.467414,34.015601],[134.467523,34.015817],[134.467599,34.015813],[134.467691,34.015819],[134.467923,34.01579],[134.468193,34.015669],[134.468384,34.015641],[134.468468,34.015653],[134.468637,34.015859],[134.468757,34.016076],[134.468938,34.015987],[134.469134,34.015999],[134.469478,34.016106],[134.469694,34.01614],[134.469923,34.016218],[134.470128,34.016323],[134.4702,34.016319],[134.470573,34.016308],[134.470861,34.016346],[134.471154,34.016466],[134.471394,34.016491],[134.471502,34.01645],[134.47181,34.016488],[134.47213,34.016565],[134.472227,34.01664],[134.472331,34.016646],[134.472283,34.01745],[134.472233,34.017848],[134.472306,34.01854],[134.472511,34.01863],[134.472563,34.018666],[134.473112,34.019051],[134.473758,34.019446],[134.474188,34.019703],[134.47449,34.019823],[134.474858,34.0199],[134.475204,34.020039],[134.475332,34.020175],[134.475438,34.020312],[134.475453,34.020411],[134.475467,34.020501],[134.47548,34.020807],[134.475557,34.020856],[134.475738,34.020846],[134.476647,34.020794],[134.477105,34.020728],[134.477453,34.020714],[134.477758,34.020673],[134.477921,34.020657],[134.478051,34.020694],[134.47818,34.02075],[134.478288,34.020823],[134.478396,34.02086],[134.478613,34.020881],[134.478895,34.02091],[134.479009,34.022433],[134.478962,34.022519],[134.478982,34.022814],[134.478994,34.02284],[134.479055,34.022932],[134.479059,34.023003],[134.479017,34.023087],[134.478977,34.023106],[134.478797,34.023096],[134.478754,34.023103],[134.478678,34.023168],[134.478536,34.023271],[134.478337,34.023426],[134.478317,34.023476],[134.478336,34.023705],[134.478356,34.023738],[134.478463,34.023852],[134.478475,34.023897],[134.478519,34.02413],[134.478548,34.024199],[134.478782,34.024608],[134.478768,34.024658],[134.478646,34.024891],[134.478582,34.025029],[134.478479,34.025148],[134.478426,34.025241],[134.478378,34.02555],[134.478334,34.025813],[134.478247,34.025935],[134.478089,34.026077],[134.47729,34.026576],[134.477201,34.026628],[134.477184,34.026683],[134.477084,34.026864],[134.476977,34.02701],[134.476932,34.027061],[134.476786,34.02726],[134.476792,34.027343],[134.476851,34.027459],[134.476871,34.027859],[134.476956,34.028182],[134.477033,34.028498],[134.477092,34.028706],[134.477078,34.028824],[134.476963,34.029],[134.476845,34.029192],[134.476765,34.029497],[134.476614,34.029972],[134.476588,34.030055],[134.476605,34.030111],[134.476759,34.030348],[134.476807,34.030465],[134.476892,34.030818]]]},"properties":{"S_NAME":"一宮町南丁","HCODE":8101}},{"type":"Feature","geometry":{"type":"Polygon","coordinates":[[[134.483857,34.030463],[134.483899,34.030579],[134.483969,34.030805],[134.483939,34.030972],[134.483949,34.031076],[134.48404,34.031325],[134.483989,34.031446],[134.483632,34.031467],[134.483469,34.031485],[134.483529,34.03179],[134.483551,34.032008],[134.483536,34.032103],[134.483568,34.032172],[134.483652,34.032279],[134.483696,34.03242],[134.483635,34.032542],[134.483606,34.032716],[134.483601,34.032912],[134.483555,34.033228],[134.48348,34.033423],[134.483442,34.033771],[134.483416,34.033834],[134.483263,34.034018],[134.483224,34.034124],[134.483248,34.034269],[134.483361,34.034471],[134.483361,34.034505],[134.483343,34.035082],[134.483348,34.035129],[134.483391,34.035277],[134.483426,34.035484],[134.48345,34.035594],[134.483606,34.036006],[134.482961,34.036759],[134.48177,34.036693],[134.481868,34.036517],[134.481652,34.036497],[134.481038,34.036425],[134.479525,34.036228],[134.47797,34.036017],[134.476469,34.035802],[134.476416,34.035775],[134.476355,34.035696],[134.476214,34.03565],[134.476075,34.035615],[134.476038,34.035585],[134.475911,34.035359],[134.4758,34.035297],[134.475642,34.035127],[134.475607,34.035042],[134.47561,34.034845],[134.47569,34.034491],[134.475691,34.034487],[134.47571,34.034425],[134.475756,34.034279],[134.476012,34.033947],[134.476185,34.033768],[134.476328,34.033548],[134.476413,34.033336],[134.47648,34.033024],[134.476587,34.03278],[134.476572,34.032706],[134.476601,34.032469],[134.476689,34.032254],[134.476746,34.032173],[134.476807,34.031831],[134.476828,34.031559],[134.476849,34.031424],[134.476892,34.030818],[134.47695,34.030778],[134.477082,34.03072],[134.477178,34.03072],[134.477244,34.030805],[134.477388,34.030946],[134.477449,34.030979],[134.477579,34.030972],[134.477837,34.030988],[134.477907,34.030963],[134.477955,34.030917],[134.478066,34.030886],[134.47825,34.030873],[134.478306,34.030864],[134.478492,34.030882],[134.479184,34.030895],[134.479422,34.03087],[134.479651,34.030818],[134.479792,34.030747],[134.480001,34.030569],[134.48022,34.030409],[134.480307,34.030319],[134.480483,34.030159],[134.480647,34.030007],[134.481017,34.029685],[134.481363,34.029532],[134.481615,34.029557],[134.481861,34.029608],[134.482746,34.029937],[134.483098,34.030262],[134.483239,34.030316],[134.483331,34.030382],[134.483441,34.030518],[134.483481,34.030539],[134.483646,34.030531],[134.483857,34.030463]]]},"properties":{"S_NAME":"一宮町片山","HCODE":8101}},{"type":"Feature","geometry":{"type":"Polygon","coordinates":[[[134.495258,34.036623],[134.495136,34.036679],[134.494997,34.036814],[134.49481,34.036986],[134.494711,34.037073],[134.494619,34.037108],[134.494518,34.037115],[134.494373,34.03709],[134.494222,34.037055],[134.494063,34.037035],[134.493894,34.03703],[134.492695,34.036916],[134.491091,34.036865],[134.490633,34.036939],[134.490283,34.036988],[134.490256,34.03681],[134.490194,34.03665],[134.490109,34.036538],[134.48977,34.036664],[134.489693,34.036624],[134.489572,34.036125],[134.489714,34.036012],[134.489731,34.035829],[134.489723,34.035161],[134.48975,34.034994],[134.489656,34.034831],[134.489528,34.034805],[134.489423,34.034822],[134.488864,34.0352],[134.488003,34.035072],[134.486036,34.035064],[134.485996,34.034897],[134.486058,34.03468],[134.486191,34.034171],[134.486294,34.03384],[134.485,34.03384],[134.484409,34.032417],[134.483696,34.03242],[134.483652,34.032279],[134.483568,34.032172],[134.483536,34.032103],[134.483551,34.032008],[134.483529,34.03179],[134.483469,34.031485],[134.483632,34.031467],[134.483989,34.031446],[134.48404,34.031325],[134.483949,34.031076],[134.483939,34.030972],[134.483969,34.030805],[134.483899,34.030579],[134.483857,34.030463],[134.483836,34.030329],[134.483821,34.030241],[134.483726,34.030078],[134.483734,34.029995],[134.483887,34.02974],[134.483934,34.029606],[134.483973,34.029523],[134.48419,34.029422],[134.48433,34.029395],[134.484614,34.029356],[134.485093,34.029152],[134.485373,34.029086],[134.485641,34.028994],[134.485737,34.028936],[134.485783,34.028829],[134.485797,34.028484],[134.485813,34.028437],[134.485858,34.028338],[134.485913,34.028241],[134.486016,34.028107],[134.486631,34.027938],[134.487532,34.027761],[134.48804,34.027667],[134.488447,34.027487],[134.488597,34.027486],[134.488765,34.027662],[134.489113,34.027699],[134.489375,34.027789],[134.489567,34.027952],[134.489663,34.028082],[134.489902,34.028183],[134.490469,34.028291],[134.491314,34.028356],[134.491855,34.02844],[134.492116,34.028434],[134.492433,34.028621],[134.493354,34.028927],[134.49363,34.02899],[134.493687,34.029052],[134.4938,34.029105],[134.494057,34.029203],[134.494367,34.029267],[134.494464,34.02932],[134.494688,34.029423],[134.495053,34.029705],[134.495284,34.029959],[134.495779,34.030522],[134.496179,34.031079],[134.496425,34.031577],[134.496472,34.031747],[134.49653,34.031967],[134.4966,34.03244],[134.496621,34.032894],[134.4964,34.033196],[134.496015,34.033885],[134.495849,34.034244],[134.495532,34.034939],[134.495413,34.035194],[134.49533,34.035448],[134.495202,34.035859],[134.4952,34.036062],[134.495258,34.036623]]]},"properties":{"S_NAME":"上八万町西山","HCODE":8101}},{"type":"Feature","geometry":{"type":"Polygon","coordinates":[[[134.483857,34.030463],[134.483646,34.030531],[134.483481,34.030539],[134.483441,34.030518],[134.483331,34.030382],[134.483239,34.030316],[134.483098,34.030262],[134.482746,34.029937],[134.481861,34.029608],[134.481615,34.029557],[134.481363,34.029532],[134.481017,34.029685],[134.480647,34.030007],[134.480483,34.030159],[134.480307,34.030319],[134.48022,34.030409],[134.480001,34.030569],[134.479792,34.030747],[134.479651,34.030818],[134.479422,34.03087],[134.479184,34.030895],[134.478492,34.030882],[134.478306,34.030864],[134.47825,34.030873],[134.478066,34.030886],[134.477955,34.030917],[134.477907,34.030963],[134.477837,34.030988],[134.477579,34.030972],[134.477449,34.030979],[134.477388,34.030946],[134.477244,34.030805],[134.477178,34.03072],[134.477082,34.03072],[134.47695,34.030778],[134.476892,34.030818],[134.476807,34.030465],[134.476759,34.030348],[134.476605,34.030111],[134.476588,34.030055],[134.476614,34.029972],[134.476765,34.029497],[134.476845,34.029192],[134.476963,34.029],[134.477078,34.028824],[134.477092,34.028706],[134.477033,34.028498],[134.476956,34.028182],[134.476871,34.027859],[134.476851,34.027459],[134.476792,34.027343],[134.476786,34.02726],[134.476932,34.027061],[134.476977,34.02701],[134.477084,34.026864],[134.477184,34.026683],[134.477201,34.026628],[134.47729,34.026576],[134.478089,34.026077],[134.478247,34.025935],[134.478334,34.025813],[134.478378,34.02555],[134.478426,34.025241],[134.478479,34.025148],[134.478582,34.025029],[134.478646,34.024891],[134.478768,34.024658],[134.478782,34.024608],[134.478548,34.024199],[134.478519,34.02413],[134.478475,34.023897],[134.478463,34.023852],[134.478356,34.023738],[134.478336,34.023705],[134.478317,34.023476],[134.478337,34.023426],[134.478536,34.023271],[134.478678,34.023168],[134.478754,34.023103],[134.478797,34.023096],[134.478977,34.023106],[134.479017,34.023087],[134.479059,34.023003],[134.479055,34.022932],[134.478994,34.02284],[134.478982,34.022814],[134.478962,34.022519],[134.479009,34.022433],[134.478895,34.02091],[134.479121,34.020938],[134.479304,34.02096],[134.479486,34.020911],[134.479788,34.020885],[134.480012,34.020988],[134.480202,34.0211],[134.480426,34.021203],[134.480645,34.02132],[134.480806,34.021456],[134.481105,34.021611],[134.481329,34.021718],[134.481421,34.021746],[134.481473,34.021793],[134.481529,34.02199],[134.481697,34.022155],[134.481847,34.022244],[134.482002,34.02231],[134.482393,34.022394],[134.482488,34.022401],[134.482756,34.022361],[134.482899,34.022379],[134.483055,34.022458],[134.483226,34.02249],[134.483392,34.022455],[134.483619,34.022358],[134.483965,34.022166],[134.484154,34.021972],[134.484302,34.021894],[134.484513,34.021845],[134.485488,34.021835],[134.485821,34.021825],[134.486157,34.021756],[134.486459,34.021654],[134.486601,34.021586],[134.487521,34.021141],[134.488043,34.020838],[134.488491,34.020525],[134.489117,34.020057],[134.489244,34.02016],[134.489389,34.020316],[134.489469,34.020368],[134.489533,34.020434],[134.489574,34.020547],[134.489609,34.02058],[134.489735,34.020603],[134.489808,34.020564],[134.489904,34.02044],[134.489965,34.020245],[134.489956,34.020017],[134.490083,34.019588],[134.490087,34.019474],[134.490056,34.018756],[134.490094,34.018618],[134.490385,34.01805],[134.49045,34.017802],[134.490847,34.017255],[134.491111,34.016873],[134.491226,34.016694],[134.491305,34.016655],[134.491447,34.016511],[134.491604,34.016315],[134.492047,34.01604],[134.492166,34.015973],[134.492364,34.015613],[134.492644,34.015068],[134.49292,34.014767],[134.492964,34.014731],[134.493121,34.014601],[134.493263,34.0145],[134.493352,34.014314],[134.49338,34.014266],[134.493454,34.014247],[134.493899,34.014243],[134.494271,34.014235],[134.494307,34.014209],[134.494323,34.014081],[134.494435,34.013899],[134.494702,34.013721],[134.495088,34.013566],[134.495425,34.013568],[134.495723,34.013608],[134.495947,34.013716],[134.496262,34.013866],[134.496426,34.013923],[134.496592,34.013917],[134.496804,34.013972],[134.49695,34.014007],[134.497255,34.020286],[134.499301,34.020345],[134.499533,34.025528],[134.499048,34.025564],[134.498583,34.025657],[134.498094,34.025823],[134.497887,34.025904],[134.497581,34.026056],[134.497248,34.026291],[134.496948,34.026533],[134.496769,34.026665],[134.496662,34.026776],[134.496517,34.026907],[134.496315,34.027058],[134.495986,34.027254],[134.495539,34.027419],[134.494986,34.027669],[134.493968,34.02802],[134.493078,34.028258],[134.492824,34.02831],[134.492512,34.028364],[134.492116,34.028434],[134.491855,34.02844],[134.491314,34.028356],[134.490469,34.028291],[134.489902,34.028183],[134.489663,34.028082],[134.489567,34.027952],[134.489375,34.027789],[134.489113,34.027699],[134.488765,34.027662],[134.488597,34.027486],[134.488447,34.027487],[134.48804,34.027667],[134.487532,34.027761],[134.486631,34.027938],[134.486016,34.028107],[134.485913,34.028241],[134.485858,34.028338],[134.485813,34.028437],[134.485797,34.028484],[134.485783,34.028829],[134.485737,34.028936],[134.485641,34.028994],[134.485373,34.029086],[134.485093,34.029152],[134.484614,34.029356],[134.48433,34.029395],[134.48419,34.029422],[134.483973,34.029523],[134.483934,34.029606],[134.483887,34.02974],[134.483734,34.029995],[134.483726,34.030078],[134.483821,34.030241],[134.483836,34.030329],[134.483857,34.030463]]]},"properties":{"S_NAME":"上八万町田中","HCODE":8101}},{"type":"Feature","geometry":{"type":"Polygon","coordinates":[[[134.5077,34.033321],[134.507681,34.033225],[134.507654,34.033226],[134.507121,34.033248],[134.507109,34.033348],[134.507083,34.033556],[134.507084,34.033567],[134.506932,34.033649],[134.506811,34.033645],[134.506607,34.033504],[134.506574,34.033594],[134.504504,34.03365],[134.504298,34.033656],[134.503902,34.033548],[134.503685,34.033419],[134.502829,34.033358],[134.502562,34.033441],[134.502377,34.033455],[134.502573,34.032043],[134.50261,34.031781],[134.502136,34.031493],[134.501768,34.031246],[134.501626,34.031131],[134.501436,34.030978],[134.501414,34.031277],[134.501408,34.031284],[134.501304,34.031324],[134.501247,34.03141],[134.501178,34.031536],[134.501058,34.031675],[134.501015,34.031725],[134.501004,34.031786],[134.501045,34.032169],[134.500984,34.032391],[134.500987,34.033429],[134.50096,34.033704],[134.500807,34.033972],[134.500781,34.033948],[134.500768,34.033942],[134.500747,34.033931],[134.500726,34.033911],[134.500705,34.033882],[134.500685,34.033869],[134.500621,34.033872],[134.500542,34.033892],[134.500493,34.033911],[134.50045,34.033944],[134.500461,34.033974],[134.499856,34.033975],[134.499089,34.033872],[134.498749,34.033861],[134.498549,34.033876],[134.498355,34.033922],[134.498282,34.03395],[134.498058,34.034037],[134.497692,34.034162],[134.496987,34.03435],[134.496398,34.034678],[134.496169,34.034784],[134.495865,34.034854],[134.495714,34.034866],[134.495532,34.034939],[134.495849,34.034244],[134.496015,34.033885],[134.4964,34.033196],[134.496621,34.032894],[134.4966,34.03244],[134.49653,34.031967],[134.496472,34.031747],[134.496425,34.031577],[134.496179,34.031079],[134.495779,34.030522],[134.495284,34.029959],[134.495053,34.029705],[134.494688,34.029423],[134.494464,34.02932],[134.494367,34.029267],[134.494057,34.029203],[134.4938,34.029105],[134.493687,34.029052],[134.49363,34.02899],[134.493354,34.028927],[134.492433,34.028621],[134.492116,34.028434],[134.492512,34.028364],[134.492824,34.02831],[134.493078,34.028258],[134.493968,34.02802],[134.494986,34.027669],[134.495539,34.027419],[134.495986,34.027254],[134.496315,34.027058],[134.496517,34.026907],[134.496662,34.026776],[134.496769,34.026665],[134.496948,34.026533],[134.497248,34.026291],[134.497581,34.026056],[134.497887,34.025904],[134.498094,34.025823],[134.498583,34.025657],[134.499048,34.025564],[134.499533,34.025528],[134.5,34.02554],[134.500428,34.025597],[134.50144,34.025775],[134.501503,34.025766],[134.501641,34.025491],[134.501693,34.025389],[134.50228,34.025576],[134.502953,34.025801],[134.503525,34.026091],[134.503884,34.026312],[134.504196,34.026494],[134.50461,34.026872],[134.504757,34.027045],[134.505124,34.02726],[134.505276,34.027347],[134.505517,34.027408],[134.505843,34.027446],[134.506213,34.027527],[134.506359,34.027619],[134.506571,34.027823],[134.506787,34.028064],[134.506966,34.028178],[134.507449,34.028352],[134.507795,34.028478],[134.508397,34.028757],[134.508702,34.028981],[134.509034,34.029378],[134.509453,34.030002],[134.509647,34.030316],[134.509729,34.030513],[134.509748,34.031017],[134.50974,34.031212],[134.509802,34.031359],[134.510015,34.031729],[134.510058,34.03189],[134.510027,34.032291],[134.510025,34.032541],[134.510081,34.032626],[134.509907,34.032707],[134.509816,34.032749],[134.508976,34.032793],[134.508974,34.033114],[134.508328,34.033138],[134.508339,34.033298],[134.5077,34.033321]]]},"properties":{"S_NAME":"上八万町花房","HCODE":8101}},{"type":"Feature","geometry":{"type":"Polygon","coordinates":[[[134.515842,34.029564],[134.515828,34.029585],[134.515788,34.029639],[134.515695,34.029724],[134.515511,34.029831],[134.515422,34.029878],[134.515371,34.029905],[134.515363,34.029898],[134.515328,34.029899],[134.515292,34.029903],[134.515244,34.029916],[134.515116,34.02995],[134.514948,34.029935],[134.514909,34.029964],[134.514839,34.030016],[134.514728,34.030099],[134.514666,34.030141],[134.514626,34.030164],[134.51458,34.030177],[134.514514,34.030173],[134.514351,34.030162],[134.514259,34.030178],[134.514183,34.030186],[134.514132,34.030201],[134.514053,34.030228],[134.513995,34.030252],[134.513913,34.030292],[134.513837,34.030336],[134.513804,34.030366],[134.513777,34.030398],[134.513752,34.030434],[134.513727,34.0305],[134.513698,34.030628],[134.513651,34.030782],[134.513621,34.030915],[134.513618,34.030985],[134.513623,34.031055],[134.513651,34.031177],[134.513695,34.0313],[134.513715,34.03141],[134.51372,34.03152],[134.513696,34.031599],[134.513641,34.03171],[134.513597,34.031783],[134.513489,34.031938],[134.513347,34.032141],[134.513246,34.032291],[134.513191,34.03235],[134.513105,34.032403],[134.512967,34.032446],[134.512866,34.032454],[134.512825,34.032472],[134.512801,34.032492],[134.512715,34.032579],[134.512645,34.032635],[134.51258,34.032648],[134.512595,34.032868],[134.512499,34.032903],[134.512408,34.032959],[134.512329,34.033017],[134.512296,34.033055],[134.512234,34.033161],[134.512158,34.033301],[134.512111,34.033387],[134.512084,34.033436],[134.512048,34.033598],[134.512063,34.033785],[134.511976,34.033721],[134.511789,34.033679],[134.511671,34.033662],[134.51157,34.033618],[134.511495,34.033566],[134.511425,34.033544],[134.511233,34.033537],[134.511111,34.033525],[134.511014,34.03349],[134.510939,34.033455],[134.510848,34.033381],[134.510757,34.03331],[134.510655,34.033289],[134.510338,34.033012],[134.510081,34.032626],[134.510025,34.032541],[134.510027,34.032291],[134.510058,34.03189],[134.510015,34.031729],[134.509802,34.031359],[134.50974,34.031212],[134.509748,34.031017],[134.509729,34.030513],[134.509647,34.030316],[134.509453,34.030002],[134.509034,34.029378],[134.508702,34.028981],[134.508397,34.028757],[134.507795,34.028478],[134.507449,34.028352],[134.506966,34.028178],[134.506787,34.028064],[134.506571,34.027823],[134.506359,34.027619],[134.506213,34.027527],[134.505843,34.027446],[134.505517,34.027408],[134.505276,34.027347],[134.505124,34.02726],[134.504757,34.027045],[134.50461,34.026872],[134.504196,34.026494],[134.503884,34.026312],[134.503525,34.026091],[134.502953,34.025801],[134.50228,34.025576],[134.501693,34.025389],[134.501641,34.025491],[134.501503,34.025766],[134.50144,34.025775],[134.500428,34.025597],[134.5,34.02554],[134.499533,34.025528],[134.499301,34.020345],[134.497255,34.020286],[134.49695,34.014007],[134.497236,34.014062],[134.4975,34.014093],[134.497603,34.013934],[134.500158,34.013888],[134.500271,34.01421],[134.500444,34.01444],[134.500663,34.01458],[134.500834,34.014649],[134.501138,34.014717],[134.501259,34.014706],[134.501332,34.014695],[134.501608,34.014481],[134.501764,34.014369],[134.501981,34.014236],[134.502343,34.014082],[134.502935,34.013966],[134.503866,34.013696],[134.504325,34.013581],[134.504465,34.013572],[134.504919,34.013546],[134.505119,34.013529],[134.505643,34.013777],[134.505899,34.013906],[134.506866,34.014655],[134.507403,34.014953],[134.508327,34.015208],[134.508843,34.015289],[134.509667,34.015202],[134.510382,34.015206],[134.510675,34.015406],[134.510978,34.015343],[134.512853,34.017102],[134.51535,34.019884],[134.516956,34.021552],[134.517057,34.021585],[134.518279,34.021966],[134.519102,34.022329],[134.51967,34.022501],[134.520911,34.023074],[134.521038,34.023162],[134.521199,34.02324],[134.521445,34.023482],[134.521695,34.024093],[134.521788,34.024336],[134.521817,34.02454],[134.521822,34.024557],[134.521414,34.024713],[134.521149,34.024845],[134.520629,34.025066],[134.520232,34.025264],[134.519928,34.025442],[134.519729,34.02555],[134.519552,34.025598],[134.519396,34.025627],[134.518997,34.025676],[134.518831,34.025715],[134.518235,34.025956],[134.518019,34.026152],[134.517875,34.026274],[134.517726,34.02638],[134.517577,34.026503],[134.517389,34.026678],[134.51732,34.026778],[134.517224,34.026863],[134.517183,34.027106],[134.517111,34.027155],[134.516812,34.027351],[134.516726,34.027425],[134.516668,34.02751],[134.516638,34.027638],[134.516582,34.0278],[134.516597,34.027868],[134.516639,34.028062],[134.516582,34.028175],[134.516424,34.028431],[134.516371,34.028448],[134.516225,34.028417],[134.516191,34.028433],[134.516151,34.0285],[134.516069,34.028602],[134.515926,34.028761],[134.515792,34.028931],[134.515773,34.028988],[134.515775,34.029174],[134.515773,34.029404],[134.515779,34.029461],[134.515842,34.029564]]]},"properties":{"S_NAME":"上八万町星河内","HCODE":8101}},{"type":"Feature","geometry":{"type":"Polygon","coordinates":[[[134.516685,34.037949],[134.515185,34.03834],[134.515154,34.038063],[134.513878,34.038121],[134.51386,34.038139],[134.513821,34.038414],[134.512671,34.038428],[134.512514,34.038376],[134.512207,34.038386],[134.511816,34.03841],[134.5111,34.038486],[134.51112,34.037629],[134.510406,34.037624],[134.508788,34.037789],[134.507516,34.037937],[134.507586,34.037253],[134.506902,34.037139],[134.506555,34.037137],[134.506096,34.037163],[134.505633,34.03732],[134.505163,34.037396],[134.505145,34.037203],[134.505092,34.036884],[134.505067,34.036591],[134.505119,34.036257],[134.505101,34.036133],[134.505228,34.035796],[134.505316,34.035669],[134.505394,34.035608],[134.505509,34.035553],[134.505822,34.035481],[134.505903,34.035437],[134.505969,34.03532],[134.506033,34.035263],[134.506203,34.035203],[134.506359,34.035173],[134.506532,34.035167],[134.506895,34.035207],[134.50698,34.035282],[134.507276,34.035592],[134.507394,34.035696],[134.507734,34.035428],[134.507917,34.035357],[134.508048,34.03519],[134.508213,34.034973],[134.508269,34.034715],[134.508216,34.034507],[134.508196,34.034201],[134.508118,34.034],[134.507915,34.033695],[134.507779,34.03346],[134.507713,34.033346],[134.5077,34.033321],[134.508339,34.033298],[134.508328,34.033138],[134.508974,34.033114],[134.508976,34.032793],[134.509816,34.032749],[134.509907,34.032707],[134.510081,34.032626],[134.510338,34.033012],[134.510655,34.033289],[134.510757,34.03331],[134.510848,34.033381],[134.510939,34.033455],[134.511014,34.03349],[134.511111,34.033525],[134.511233,34.033537],[134.511425,34.033544],[134.511495,34.033566],[134.51157,34.033618],[134.511671,34.033662],[134.511789,34.033679],[134.511976,34.033721],[134.512063,34.033785],[134.512081,34.033798],[134.512248,34.033983],[134.512378,34.034168],[134.512578,34.034414],[134.5126,34.034472],[134.512623,34.034622],[134.512609,34.034773],[134.512626,34.034883],[134.51267,34.034994],[134.512878,34.035453],[134.512912,34.035594],[134.512955,34.035665],[134.513168,34.035822],[134.51338,34.035994],[134.51353,34.036133],[134.514363,34.036352],[134.515146,34.036506],[134.515387,34.036566],[134.515571,34.036627],[134.515754,34.036712],[134.515868,34.036804],[134.516188,34.037076],[134.516454,34.037531],[134.516685,34.037949]]]},"properties":{"S_NAME":"上八万町樋口","HCODE":8101}},{"type":"Feature","geometry":{"type":"Polygon","coordinates":[[[134.515842,34.029564],[134.515895,34.029652],[134.515862,34.029733],[134.515829,34.029785],[134.515835,34.029886],[134.515797,34.029972],[134.515682,34.030086],[134.515644,34.030159],[134.515593,34.030349],[134.515419,34.030639],[134.515405,34.03068],[134.515429,34.031112],[134.515406,34.031217],[134.515394,34.031647],[134.515378,34.031858],[134.515403,34.031958],[134.515409,34.032251],[134.515549,34.03263],[134.515561,34.032771],[134.515533,34.03308],[134.515427,34.033526],[134.515423,34.033659],[134.515457,34.033831],[134.51562,34.034035],[134.51563,34.0341],[134.515612,34.034177],[134.515478,34.034384],[134.515437,34.034566],[134.515374,34.034851],[134.515246,34.035103],[134.51515,34.035213],[134.515004,34.035557],[134.514944,34.035637],[134.514788,34.035953],[134.514726,34.036083],[134.514702,34.036267],[134.514384,34.036347],[134.514363,34.036352],[134.51353,34.036133],[134.51338,34.035994],[134.513168,34.035822],[134.512955,34.035665],[134.512912,34.035594],[134.512878,34.035453],[134.51267,34.034994],[134.512626,34.034883],[134.512609,34.034773],[134.512623,34.034622],[134.5126,34.034472],[134.512578,34.034414],[134.512378,34.034168],[134.512248,34.033983],[134.512081,34.033798],[134.512063,34.033785],[134.512048,34.033598],[134.512084,34.033436],[134.512111,34.033387],[134.512158,34.033301],[134.512234,34.033161],[134.512296,34.033055],[134.512329,34.033017],[134.512408,34.032959],[134.512499,34.032903],[134.512595,34.032868],[134.51258,34.032648],[134.512645,34.032635],[134.512715,34.032579],[134.512801,34.032492],[134.512825,34.032472],[134.512866,34.032454],[134.512967,34.032446],[134.513105,34.032403],[134.513191,34.03235],[134.513246,34.032291],[134.513347,34.032141],[134.513489,34.031938],[134.513597,34.031783],[134.513641,34.03171],[134.513696,34.031599],[134.51372,34.03152],[134.513715,34.03141],[134.513695,34.0313],[134.513651,34.031177],[134.513623,34.031055],[134.513618,34.030985],[134.513621,34.030915],[134.513651,34.030782],[134.513698,34.030628],[134.513727,34.0305],[134.513752,34.030434],[134.513777,34.030398],[134.513804,34.030366],[134.513837,34.030336],[134.513913,34.030292],[134.513995,34.030252],[134.514053,34.030228],[134.514132,34.030201],[134.514183,34.030186],[134.514259,34.030178],[134.514351,34.030162],[134.514514,34.030173],[134.51458,34.030177],[134.514626,34.030164],[134.514666,34.030141],[134.514728,34.030099],[134.514839,34.030016],[134.514909,34.029964],[134.514948,34.029935],[134.515116,34.02995],[134.515244,34.029916],[134.515292,34.029903],[134.515328,34.029899],[134.515363,34.029898],[134.515371,34.029905],[134.515422,34.029878],[134.515511,34.029831],[134.515695,34.029724],[134.515788,34.029639],[134.515828,34.029585],[134.515842,34.029564]]]},"properties":{"S_NAME":"上八万町東山","HCODE":8101}},{"type":"Feature","geometry":{"type":"Polygon","coordinates":[[[134.525846,34.035989],[134.525634,34.036096],[134.525421,34.036306],[134.5253,34.036368],[134.524959,34.036478],[134.524682,34.03664],[134.524397,34.036824],[134.521478,34.039362],[134.521473,34.0397],[134.521456,34.039748],[134.521255,34.039631],[134.521004,34.039457],[134.52082,34.039394],[134.520644,34.039386],[134.520565,34.039407],[134.520279,34.039525],[134.520116,34.039526],[134.519766,34.039432],[134.519384,34.039287],[134.519133,34.039095],[134.518902,34.038849],[134.518465,34.038633],[134.518247,34.03859],[134.517987,34.038583],[134.517934,34.038562],[134.517837,34.038451],[134.517788,34.038692],[134.517759,34.038872],[134.517254,34.038481],[134.516824,34.038135],[134.516704,34.037982],[134.516685,34.037949],[134.516454,34.037531],[134.516188,34.037076],[134.515868,34.036804],[134.515754,34.036712],[134.515571,34.036627],[134.515387,34.036566],[134.515146,34.036506],[134.514363,34.036352],[134.514384,34.036347],[134.514702,34.036267],[134.514726,34.036083],[134.514788,34.035953],[134.514944,34.035637],[134.515004,34.035557],[134.51515,34.035213],[134.515246,34.035103],[134.515374,34.034851],[134.515437,34.034566],[134.515478,34.034384],[134.515612,34.034177],[134.51563,34.0341],[134.51562,34.034035],[134.515457,34.033831],[134.515423,34.033659],[134.515427,34.033526],[134.515533,34.03308],[134.515561,34.032771],[134.515549,34.03263],[134.515409,34.032251],[134.515403,34.031958],[134.515378,34.031858],[134.515394,34.031647],[134.515406,34.031217],[134.515429,34.031112],[134.515405,34.03068],[134.515419,34.030639],[134.515593,34.030349],[134.515644,34.030159],[134.515682,34.030086],[134.515797,34.029972],[134.515835,34.029886],[134.515829,34.029785],[134.515862,34.029733],[134.515895,34.029652],[134.515842,34.029564],[134.515779,34.029461],[134.515773,34.029404],[134.515775,34.029174],[134.515773,34.028988],[134.515792,34.028931],[134.515926,34.028761],[134.516069,34.028602],[134.516151,34.0285],[134.516191,34.028433],[134.516225,34.028417],[134.516371,34.028448],[134.516424,34.028431],[134.516582,34.028175],[134.516639,34.028062],[134.516597,34.027868],[134.516582,34.0278],[134.516638,34.027638],[134.516668,34.02751],[134.516726,34.027425],[134.516812,34.027351],[134.517111,34.027155],[134.517183,34.027106],[134.517224,34.026863],[134.51732,34.026778],[134.517389,34.026678],[134.517577,34.026503],[134.517726,34.02638],[134.517875,34.026274],[134.518019,34.026152],[134.518235,34.025956],[134.518831,34.025715],[134.518997,34.025676],[134.519396,34.025627],[134.519552,34.025598],[134.519729,34.02555],[134.519928,34.025442],[134.520232,34.025264],[134.520629,34.025066],[134.521149,34.024845],[134.521414,34.024713],[134.521822,34.024557],[134.5219,34.025184],[134.521982,34.025789],[134.522045,34.025953],[134.522353,34.026321],[134.522436,34.026489],[134.522583,34.026842],[134.522692,34.027085],[134.522826,34.027274],[134.522919,34.027408],[134.523125,34.027768],[134.523286,34.028041],[134.523415,34.028259],[134.523435,34.028395],[134.52342,34.029219],[134.52339,34.029474],[134.523356,34.030092],[134.523473,34.030555],[134.523685,34.030958],[134.524051,34.031563],[134.524633,34.032201],[134.52475,34.032316],[134.525132,34.032839],[134.525731,34.035279],[134.525752,34.035568],[134.525712,34.035673],[134.52568,34.035814],[134.525734,34.035935],[134.525776,34.035967],[134.525846,34.035989]]]},"properties":{"S_NAME":"上八万町広田","HCODE":8101}},{"type":"Feature","geometry":{"type":"Polygon","coordinates":[[[134.510843,34.039291],[134.510703,34.039417],[134.51024,34.039117],[134.510023,34.038958],[134.50977,34.038807],[134.50968,34.038768],[134.509585,34.038756],[134.509476,34.038796],[134.509324,34.038874],[134.509273,34.038891],[134.508884,34.03903],[134.508511,34.039164],[134.50776,34.039464],[134.507588,34.039531],[134.507215,34.039676],[134.506956,34.039753],[134.506762,34.039781],[134.505532,34.039914],[134.504675,34.039988],[134.504105,34.040025],[134.503469,34.040133],[134.503011,34.040329],[134.502315,34.040548],[134.501557,34.040785],[134.501095,34.040832],[134.500724,34.040792],[134.500384,34.040761],[134.499736,34.040672],[134.499033,34.040563],[134.498292,34.040316],[134.497867,34.040184],[134.497598,34.040046],[134.497319,34.039837],[134.496924,34.039329],[134.496573,34.038795],[134.496289,34.038126],[134.496037,34.037467],[134.495736,34.036632],[134.495739,34.036519],[134.495502,34.036544],[134.495311,34.036607],[134.495258,34.036623],[134.4952,34.036062],[134.495202,34.035859],[134.49533,34.035448],[134.495413,34.035194],[134.495532,34.034939],[134.495714,34.034866],[134.495865,34.034854],[134.496169,34.034784],[134.496398,34.034678],[134.496987,34.03435],[134.497692,34.034162],[134.498058,34.034037],[134.498282,34.03395],[134.498355,34.033922],[134.498549,34.033876],[134.498749,34.033861],[134.499089,34.033872],[134.499856,34.033975],[134.500461,34.033974],[134.50045,34.033944],[134.500493,34.033911],[134.500542,34.033892],[134.500621,34.033872],[134.500685,34.033869],[134.500705,34.033882],[134.500726,34.033911],[134.500747,34.033931],[134.500768,34.033942],[134.500781,34.033948],[134.500807,34.033972],[134.50096,34.033704],[134.500987,34.033429],[134.500984,34.032391],[134.501045,34.032169],[134.501004,34.031786],[134.501015,34.031725],[134.501058,34.031675],[134.501178,34.031536],[134.501247,34.03141],[134.501304,34.031324],[134.501408,34.031284],[134.501414,34.031277],[134.501436,34.030978],[134.501626,34.031131],[134.501768,34.031246],[134.502136,34.031493],[134.50261,34.031781],[134.502573,34.032043],[134.502377,34.033455],[134.502562,34.033441],[134.502829,34.033358],[134.503685,34.033419],[134.503902,34.033548],[134.504298,34.033656],[134.504504,34.03365],[134.506574,34.033594],[134.506607,34.033504],[134.506811,34.033645],[134.506932,34.033649],[134.507084,34.033567],[134.507083,34.033556],[134.507109,34.033348],[134.507121,34.033248],[134.507654,34.033226],[134.507681,34.033225],[134.5077,34.033321],[134.507713,34.033346],[134.507779,34.03346],[134.507915,34.033695],[134.508118,34.034],[134.508196,34.034201],[134.508216,34.034507],[134.508269,34.034715],[134.508213,34.034973],[134.508048,34.03519],[134.507917,34.035357],[134.507734,34.035428],[134.507394,34.035696],[134.507276,34.035592],[134.50698,34.035282],[134.506895,34.035207],[134.506532,34.035167],[134.506359,34.035173],[134.506203,34.035203],[134.506033,34.035263],[134.505969,34.03532],[134.505903,34.035437],[134.505822,34.035481],[134.505509,34.035553],[134.505394,34.035608],[134.505316,34.035669],[134.505228,34.035796],[134.505101,34.036133],[134.505119,34.036257],[134.505067,34.036591],[134.505092,34.036884],[134.505145,34.037203],[134.505163,34.037396],[134.505633,34.03732],[134.506096,34.037163],[134.506555,34.037137],[134.506902,34.037139],[134.507586,34.037253],[134.507516,34.037937],[134.508788,34.037789],[134.510406,34.037624],[134.51112,34.037629],[134.5111,34.038486],[134.511037,34.039116],[134.510843,34.039291]]]},"properties":{"S_NAME":"上八万町上中筋","HCODE":8101}},{"type":"Feature","geometry":{"type":"Polygon","coordinates":[[[134.519553,34.040279],[134.519433,34.04038],[134.519199,34.040555],[134.51918,34.040683],[134.519036,34.040596],[134.51896,34.04058],[134.518644,34.04054],[134.518461,34.040508],[134.518284,34.040551],[134.518202,34.040506],[134.518137,34.040352],[134.517833,34.040016],[134.517674,34.039874],[134.517515,34.039791],[134.517004,34.039516],[134.516937,34.0395],[134.516805,34.039488],[134.516391,34.039242],[134.516358,34.039253],[134.516187,34.039403],[134.51591,34.03957],[134.515825,34.039693],[134.515755,34.039829],[134.515692,34.040045],[134.515466,34.040283],[134.515196,34.04049],[134.51496,34.040674],[134.514945,34.040678],[134.515008,34.040847],[134.514999,34.04094],[134.514984,34.04102],[134.514902,34.041315],[134.514868,34.04137],[134.514489,34.041338],[134.514098,34.041194],[134.513769,34.040871],[134.513078,34.040921],[134.512727,34.040938],[134.512654,34.040912],[134.512617,34.040882],[134.512612,34.040484],[134.51261,34.040301],[134.512609,34.040189],[134.512477,34.040151],[134.512272,34.040043],[134.512134,34.040038],[134.511279,34.039682],[134.511034,34.039462],[134.510843,34.039291],[134.511037,34.039116],[134.5111,34.038486],[134.511816,34.03841],[134.512207,34.038386],[134.512514,34.038376],[134.512671,34.038428],[134.513821,34.038414],[134.51386,34.038139],[134.513878,34.038121],[134.515154,34.038063],[134.515185,34.03834],[134.516685,34.037949],[134.516704,34.037982],[134.516824,34.038135],[134.517254,34.038481],[134.517759,34.038872],[134.517788,34.038692],[134.517837,34.038451],[134.517934,34.038562],[134.517987,34.038583],[134.518247,34.03859],[134.518465,34.038633],[134.518902,34.038849],[134.519133,34.039095],[134.519384,34.039287],[134.519766,34.039432],[134.520116,34.039526],[134.520279,34.039525],[134.520234,34.039651],[134.520116,34.039693],[134.519921,34.039933],[134.519745,34.040074],[134.51957,34.040264],[134.519553,34.040279]]]},"properties":{"S_NAME":"上八万町下中筋","HCODE":8101}},{"type":"Feature","geometry":{"type":"Polygon","coordinates":[[[134.510739,34.046861],[134.510682,34.046917],[134.510577,34.047046],[134.510008,34.047857],[134.509595,34.048446],[134.509424,34.048675],[134.50938,34.048774],[134.50929,34.048919],[134.508789,34.049659],[134.508654,34.050033],[134.508223,34.051037],[134.507909,34.051932],[134.507699,34.052685],[134.507629,34.05309],[134.507395,34.053049],[134.506194,34.052859],[134.505655,34.052814],[134.505173,34.052871],[134.504865,34.052726],[134.504666,34.052548],[134.504618,34.052487],[134.504562,34.052454],[134.504414,34.052233],[134.504302,34.052234],[134.504175,34.05224],[134.504018,34.05227],[134.50401,34.052268],[134.503824,34.052204],[134.50364,34.052096],[134.503578,34.052046],[134.503425,34.051954],[134.503324,34.051867],[134.503229,34.051775],[134.503108,34.051663],[134.502821,34.051134],[134.502441,34.049983],[134.502419,34.049909],[134.502308,34.049487],[134.502323,34.048943],[134.502304,34.048501],[134.502528,34.047681],[134.502619,34.047427],[134.502912,34.046471],[134.502931,34.046101],[134.502935,34.045449],[134.502811,34.044846],[134.502663,34.044244],[134.502422,34.043623],[134.50225,34.042943],[134.501958,34.04205],[134.501557,34.040785],[134.502315,34.040548],[134.503011,34.040329],[134.503469,34.040133],[134.504105,34.040025],[134.504675,34.039988],[134.505532,34.039914],[134.506762,34.039781],[134.506956,34.039753],[134.507215,34.039676],[134.507588,34.039531],[134.50776,34.039464],[134.508511,34.039164],[134.508884,34.03903],[134.509273,34.038891],[134.509324,34.038874],[134.509476,34.038796],[134.509585,34.038756],[134.50968,34.038768],[134.50977,34.038807],[134.510023,34.038958],[134.51024,34.039117],[134.510703,34.039417],[134.510843,34.039291],[134.511034,34.039462],[134.511279,34.039682],[134.512134,34.040038],[134.512272,34.040043],[134.512477,34.040151],[134.512609,34.040189],[134.51261,34.040301],[134.512612,34.040484],[134.512617,34.040882],[134.512654,34.040912],[134.512727,34.040938],[134.513078,34.040921],[134.513769,34.040871],[134.514098,34.041194],[134.514489,34.041338],[134.514868,34.04137],[134.514614,34.041793],[134.514171,34.04245],[134.513883,34.042862],[134.513605,34.043247],[134.513203,34.043816],[134.513048,34.044009],[134.512884,34.044255],[134.512441,34.044885],[134.511949,34.045413],[134.51166,34.045884],[134.511503,34.046062],[134.511207,34.046399],[134.510756,34.046844],[134.510739,34.046861]]]},"properties":{"S_NAME":"上八万町川北","HCODE":8101}},{"type":"Feature","geometry":{"type":"Polygon","coordinates":[[[134.501557,34.040785],[134.501958,34.04205],[134.50225,34.042943],[134.502422,34.043623],[134.502663,34.044244],[134.502811,34.044846],[134.502935,34.045449],[134.502931,34.046101],[134.502912,34.046471],[134.502619,34.047427],[134.502528,34.047681],[134.502304,34.048501],[134.502323,34.048943],[134.502308,34.049487],[134.501608,34.049394],[134.499783,34.049076],[134.496341,34.048382],[134.495939,34.048286],[134.493053,34.045483],[134.492326,34.045611],[134.490087,34.046396],[134.490104,34.046396],[134.488462,34.047138],[134.488291,34.047184],[134.487725,34.047254],[134.485877,34.047626],[134.483891,34.048075],[134.483283,34.046955],[134.483144,34.046762],[134.48288,34.046468],[134.482629,34.046218],[134.482396,34.046033],[134.482216,34.04591],[134.483432,34.044255],[134.48388,34.043657],[134.484312,34.0431],[134.484858,34.042555],[134.485437,34.042105],[134.486311,34.041855],[134.486748,34.04177],[134.487846,34.041748],[134.488417,34.041755],[134.488859,34.041767],[134.488698,34.038593],[134.489284,34.038493],[134.489582,34.0385],[134.490069,34.038486],[134.490196,34.038461],[134.49023,34.038394],[134.490247,34.037615],[134.490283,34.036988],[134.490633,34.036939],[134.491091,34.036865],[134.492695,34.036916],[134.493894,34.03703],[134.494063,34.037035],[134.494222,34.037055],[134.494373,34.03709],[134.494518,34.037115],[134.494619,34.037108],[134.494711,34.037073],[134.49481,34.036986],[134.494997,34.036814],[134.495136,34.036679],[134.495258,34.036623],[134.495311,34.036607],[134.495502,34.036544],[134.495739,34.036519],[134.495736,34.036632],[134.496037,34.037467],[134.496289,34.038126],[134.496573,34.038795],[134.496924,34.039329],[134.497319,34.039837],[134.497598,34.040046],[134.497867,34.040184],[134.498292,34.040316],[134.499033,34.040563],[134.499736,34.040672],[134.500384,34.040761],[134.500724,34.040792],[134.501095,34.040832],[134.501557,34.040785]]]},"properties":{"S_NAME":"上八万町川西","HCODE":8101}},{"type":"Feature","geometry":{"type":"Polygon","coordinates":[[[134.490283,34.036988],[134.490247,34.037615],[134.49023,34.038394],[134.490196,34.038461],[134.490069,34.038486],[134.489582,34.0385],[134.489284,34.038493],[134.488698,34.038593],[134.488859,34.041767],[134.488417,34.041755],[134.487846,34.041748],[134.486748,34.04177],[134.486311,34.041855],[134.485437,34.042105],[134.484858,34.042555],[134.484312,34.0431],[134.48388,34.043657],[134.483432,34.044255],[134.482216,34.04591],[134.480959,34.045193],[134.48113,34.044962],[134.481888,34.043937],[134.481698,34.043691],[134.481631,34.043531],[134.481649,34.043428],[134.481746,34.043066],[134.481769,34.042904],[134.481664,34.042284],[134.481663,34.042169],[134.481874,34.041425],[134.481763,34.040953],[134.481819,34.040388],[134.481997,34.039732],[134.48186,34.039444],[134.481789,34.039213],[134.481686,34.038952],[134.481641,34.038792],[134.481597,34.038501],[134.481631,34.038141],[134.481559,34.037641],[134.481537,34.037273],[134.481551,34.037192],[134.481662,34.036887],[134.48177,34.036693],[134.482961,34.036759],[134.483606,34.036006],[134.48345,34.035594],[134.483426,34.035484],[134.483391,34.035277],[134.483348,34.035129],[134.483343,34.035082],[134.483361,34.034505],[134.483361,34.034471],[134.483248,34.034269],[134.483224,34.034124],[134.483263,34.034018],[134.483416,34.033834],[134.483442,34.033771],[134.48348,34.033423],[134.483555,34.033228],[134.483601,34.032912],[134.483606,34.032716],[134.483635,34.032542],[134.483696,34.03242],[134.484409,34.032417],[134.485,34.03384],[134.486294,34.03384],[134.486191,34.034171],[134.486058,34.03468],[134.485996,34.034897],[134.486036,34.035064],[134.488003,34.035072],[134.488864,34.0352],[134.489423,34.034822],[134.489528,34.034805],[134.489656,34.034831],[134.48975,34.034994],[134.489723,34.035161],[134.489731,34.035829],[134.489714,34.036012],[134.489572,34.036125],[134.489693,34.036624],[134.48977,34.036664],[134.490109,34.036538],[134.490194,34.03665],[134.490256,34.03681],[134.490283,34.036988]]]},"properties":{"S_NAME":"下町","HCODE":8101}},{"type":"Feature","geometry":{"type":"Polygon","coordinates":[[[134.438576,34.036162],[134.438592,34.036301],[134.438636,34.036498],[134.43867,34.03686],[134.438678,34.036963],[134.43879,34.037357],[134.438812,34.037713],[134.438848,34.038225],[134.438891,34.038294],[134.43899,34.03841],[134.438966,34.038598],[134.439065,34.039143],[134.439116,34.039311],[134.439192,34.039434],[134.439277,34.039584],[134.439353,34.039657],[134.439545,34.039803],[134.439621,34.039957],[134.439627,34.040058],[134.439615,34.04024],[134.439612,34.040356],[134.439528,34.040391],[134.439491,34.040493],[134.43947,34.040683],[134.43948,34.041008],[134.439464,34.041204],[134.439411,34.041397],[134.439246,34.041596],[134.438993,34.04179],[134.438867,34.041923],[134.438817,34.042088],[134.438857,34.042294],[134.439017,34.043081],[134.439167,34.04371],[134.439261,34.043905],[134.439316,34.043982],[134.439659,34.044404],[134.440253,34.044944],[134.438843,34.045166],[134.437783,34.045415],[134.43756,34.045467],[134.436572,34.045801],[134.43603,34.04598],[134.435619,34.046136],[134.434414,34.044726],[134.434581,34.044698],[134.434904,34.044684],[134.435303,34.044638],[134.435643,34.044496],[134.43523,34.044005],[134.435166,34.043798],[134.435072,34.043695],[134.434997,34.043644],[134.434884,34.04361],[134.43479,34.043622],[134.4347,34.043622],[134.434651,34.043596],[134.434315,34.04335],[134.434162,34.043271],[134.433955,34.043219],[134.433739,34.043215],[134.433536,34.043209],[134.43331,34.04316],[134.433201,34.043124],[134.433104,34.043068],[134.433042,34.043023],[134.432964,34.042914],[134.432644,34.042446],[134.43254,34.042331],[134.431931,34.041712],[134.431905,34.041688],[134.431514,34.041015],[134.43137,34.04094],[134.431199,34.04083],[134.431019,34.040701],[134.430655,34.040444],[134.43021,34.040106],[134.430138,34.04006],[134.430075,34.040039],[134.429963,34.04004],[134.429848,34.040043],[134.429762,34.040014],[134.429676,34.039965],[134.429617,34.039914],[134.429568,34.039844],[134.429501,34.039752],[134.429412,34.039676],[134.429217,34.039587],[134.432131,34.036814],[134.433434,34.035787],[134.438576,34.036162]]]},"properties":{"S_NAME":"入田町天ノ原","HCODE":8101}},{"type":"Feature","geometry":{"type":"Polygon","coordinates":[[[134.438576,34.036162],[134.433434,34.035787],[134.432131,34.036814],[134.429217,34.039587],[134.429219,34.039513],[134.429225,34.039412],[134.429208,34.039344],[134.429181,34.039279],[134.429187,34.039216],[134.429219,34.039136],[134.429276,34.038999],[134.429301,34.038837],[134.429287,34.038775],[134.429233,34.038688],[134.429222,34.038632],[134.429271,34.03852],[134.429391,34.038351],[134.429402,34.038257],[134.429313,34.038011],[134.429196,34.037599],[134.429105,34.037234],[134.429067,34.036784],[134.428985,34.036454],[134.428949,34.036244],[134.428804,34.036008],[134.42876,34.035879],[134.42879,34.035522],[134.428831,34.035374],[134.42895,34.035213],[134.428989,34.035147],[134.428948,34.034962],[134.428934,34.034874],[134.428944,34.03459],[134.428948,34.03441],[134.428877,34.034167],[134.428862,34.034074],[134.428913,34.033904],[134.428891,34.033647],[134.428836,34.033445],[134.428814,34.033227],[134.428854,34.033027],[134.429036,34.032774],[134.429086,34.032582],[134.429084,34.03238],[134.428973,34.032121],[134.428924,34.031892],[134.428862,34.031591],[134.428869,34.031414],[134.428861,34.031244],[134.428768,34.031108],[134.42866,34.030912],[134.4286,34.030836],[134.428585,34.030656],[134.428677,34.030308],[134.428655,34.030144],[134.428451,34.029511],[134.428158,34.029153],[134.428041,34.028948],[134.4279,34.028692],[134.427622,34.028541],[134.427374,34.028388],[134.427267,34.028268],[134.427014,34.02792],[134.426954,34.027866],[134.426891,34.027836],[134.426831,34.027771],[134.426711,34.027537],[134.426703,34.027416],[134.426721,34.027387],[134.426793,34.027274],[134.426891,34.02718],[134.42708,34.027069],[134.427197,34.026899],[134.427287,34.026772],[134.427303,34.026433],[134.427357,34.025963],[134.427416,34.025886],[134.427427,34.02576],[134.42745,34.025393],[134.427521,34.025316],[134.428226,34.024906],[134.428507,34.024756],[134.428665,34.024695],[134.428822,34.024628],[134.429117,34.024339],[134.429327,34.024244],[134.429655,34.024225],[134.430081,34.024135],[134.430278,34.024079],[134.430541,34.024066],[134.430771,34.024064],[134.430961,34.024068],[134.431073,34.02404],[134.431204,34.023979],[134.431288,34.023879],[134.431444,34.023698],[134.43151,34.023449],[134.431495,34.023263],[134.431566,34.023142],[134.431854,34.023025],[134.432154,34.022853],[134.432416,34.022791],[134.432516,34.022591],[134.432816,34.022402],[134.432919,34.022205],[134.433154,34.022061],[134.433264,34.022009],[134.43339,34.02195],[134.433611,34.021729],[134.433738,34.021647],[134.433874,34.021626],[134.434201,34.02161],[134.434299,34.021609],[134.434324,34.021595],[134.434461,34.021223],[134.434697,34.020981],[134.434827,34.020846],[134.43498,34.020697],[134.435224,34.020509],[134.435243,34.020463],[134.435291,34.020253],[134.435265,34.020149],[134.435196,34.019974],[134.435268,34.01983],[134.435268,34.019547],[134.435345,34.019195],[134.435296,34.018957],[134.435247,34.018787],[134.435258,34.018755],[134.435482,34.018265],[134.435575,34.018139],[134.435734,34.017985],[134.43589,34.017926],[134.435986,34.017941],[134.436385,34.018034],[134.436569,34.017969],[134.43671,34.017923],[134.436794,34.017923],[134.437025,34.018074],[134.437145,34.018133],[134.437203,34.018162],[134.437523,34.018196],[134.437991,34.018259],[134.438158,34.018137],[134.438353,34.018065],[134.438608,34.017791],[134.438673,34.017765],[134.438784,34.017764],[134.439796,34.017833],[134.440183,34.017803],[134.440254,34.017746],[134.440235,34.017597],[134.440261,34.017492],[134.440314,34.017492],[134.440455,34.017569],[134.44065,34.017652],[134.440723,34.017658],[134.440834,34.017692],[134.4417,34.017683],[134.441857,34.017691],[134.441957,34.017721],[134.441997,34.017729],[134.442116,34.017755],[134.442253,34.017859],[134.442402,34.018051],[134.442518,34.018266],[134.442531,34.018391],[134.442562,34.018516],[134.442636,34.018626],[134.442642,34.018748],[134.442659,34.018833],[134.442819,34.018994],[134.442844,34.019261],[134.443014,34.01974],[134.443149,34.019891],[134.443325,34.02],[134.443516,34.020129],[134.443624,34.020202],[134.443688,34.020242],[134.444001,34.020442],[134.444059,34.020651],[134.444173,34.020867],[134.444566,34.021096],[134.444606,34.021313],[134.444673,34.021444],[134.444922,34.02131],[134.445177,34.02082],[134.445176,34.020651],[134.44518,34.020651],[134.445711,34.020526],[134.445992,34.020467],[134.446566,34.020432],[134.446949,34.020336],[134.447093,34.020328],[134.447419,34.020394],[134.447911,34.020469],[134.448136,34.020536],[134.448268,34.020545],[134.448405,34.020569],[134.448559,34.020619],[134.448646,34.020685],[134.44869,34.020687],[134.448858,34.020582],[134.448963,34.02059],[134.449079,34.020609],[134.449316,34.020647],[134.44951,34.020685],[134.449714,34.020742],[134.449725,34.020745],[134.449919,34.020816],[134.450114,34.02087],[134.450377,34.021153],[134.451066,34.021457],[134.451143,34.021467],[134.451955,34.021136],[134.452237,34.021031],[134.452411,34.020925],[134.452654,34.020879],[134.452909,34.020805],[134.453001,34.020801],[134.453223,34.020775],[134.453413,34.020723],[134.453619,34.020886],[134.454069,34.021242],[134.45469,34.021744],[134.455279,34.022264],[134.455677,34.022527],[134.456166,34.022509],[134.456285,34.02253],[134.456545,34.022559],[134.456702,34.022579],[134.45704,34.022765],[134.457259,34.022884],[134.459805,34.024844],[134.459788,34.024897],[134.459642,34.025675],[134.459618,34.025886],[134.459581,34.027044],[134.459527,34.027126],[134.459315,34.027195],[134.458941,34.027198],[134.458729,34.027166],[134.458374,34.027059],[134.458049,34.026969],[134.458395,34.027618],[134.457484,34.02755],[134.457121,34.027578],[134.457113,34.027746],[134.457006,34.028151],[134.456846,34.02832],[134.456626,34.028507],[134.456526,34.02865],[134.456406,34.028769],[134.456114,34.028872],[134.455488,34.028911],[134.455206,34.028947],[134.454126,34.029132],[134.453338,34.029188],[134.451792,34.029259],[134.45152,34.029345],[134.451134,34.02963],[134.450974,34.029766],[134.450793,34.029877],[134.450461,34.029997],[134.45032,34.030023],[134.45025,34.030074],[134.449988,34.030152],[134.449857,34.030254],[134.449772,34.030347],[134.449658,34.030537],[134.449604,34.030867],[134.449556,34.03107],[134.449506,34.031121],[134.44946,34.031129],[134.449233,34.031173],[134.449022,34.031238],[134.448911,34.031289],[134.448563,34.031567],[134.448473,34.031652],[134.448438,34.031707],[134.44844,34.031913],[134.448444,34.031999],[134.448604,34.03228],[134.448652,34.032511],[134.448684,34.032699],[134.448703,34.032819],[134.44873,34.032928],[134.44869,34.032971],[134.448579,34.033013],[134.44853,34.033106],[134.448512,34.03338],[134.448501,34.033487],[134.448019,34.033743],[134.447933,34.033765],[134.447393,34.033836],[134.447312,34.033875],[134.447086,34.034011],[134.447011,34.034062],[134.446941,34.034075],[134.446703,34.034043],[134.446622,34.034078],[134.446573,34.034158],[134.446581,34.03421],[134.446652,34.034375],[134.446694,34.034411],[134.44675,34.034432],[134.447363,34.034528],[134.447459,34.034586],[134.447506,34.034649],[134.447522,34.034729],[134.447482,34.034809],[134.447412,34.034847],[134.447291,34.034907],[134.44713,34.034988],[134.446918,34.035015],[134.446636,34.03508],[134.446555,34.035115],[134.446485,34.035182],[134.446446,34.035586],[134.44647,34.035998],[134.446424,34.036246],[134.446418,34.03634],[134.446413,34.036427],[134.4464,34.036551],[134.446673,34.037081],[134.446719,34.037149],[134.446399,34.037188],[134.446148,34.037283],[134.446045,34.037408],[134.443615,34.037476],[134.442664,34.036749],[134.442545,34.036539],[134.442542,34.03653],[134.442536,34.036514],[134.442483,34.036372],[134.44238,34.036238],[134.442334,34.03623],[134.442279,34.036251],[134.442194,34.036307],[134.442124,34.036362],[134.442023,34.036451],[134.441953,34.036472],[134.441806,34.036431],[134.441684,34.03634],[134.441541,34.036282],[134.440534,34.036359],[134.438576,34.036162]]]},"properties":{"S_NAME":"入田町南谷","HCODE":8101}},{"type":"Feature","geometry":{"type":"Polygon","coordinates":[[[134.444493,34.04455],[134.442556,34.044791],[134.441592,34.044895],[134.440253,34.044944],[134.439659,34.044404],[134.439316,34.043982],[134.439261,34.043905],[134.439167,34.04371],[134.439017,34.043081],[134.438857,34.042294],[134.438817,34.042088],[134.438867,34.041923],[134.438993,34.04179],[134.439246,34.041596],[134.439411,34.041397],[134.439464,34.041204],[134.43948,34.041008],[134.43947,34.040683],[134.439491,34.040493],[134.439528,34.040391],[134.439612,34.040356],[134.439615,34.04024],[134.439627,34.040058],[134.439621,34.039957],[134.439545,34.039803],[134.439353,34.039657],[134.439277,34.039584],[134.439192,34.039434],[134.439116,34.039311],[134.439065,34.039143],[134.438966,34.038598],[134.43899,34.03841],[134.438891,34.038294],[134.438848,34.038225],[134.438812,34.037713],[134.43879,34.037357],[134.438678,34.036963],[134.43867,34.03686],[134.438636,34.036498],[134.438592,34.036301],[134.438576,34.036162],[134.440534,34.036359],[134.440565,34.037593],[134.44055,34.037974],[134.440475,34.038633],[134.440527,34.038728],[134.440595,34.038951],[134.440571,34.039039],[134.440546,34.039073],[134.440618,34.039169],[134.440689,34.03922],[134.440745,34.039274],[134.440763,34.039313],[134.440771,34.03934],[134.440573,34.039559],[134.440767,34.039945],[134.441006,34.040275],[134.441031,34.04029],[134.441112,34.040317],[134.441279,34.040571],[134.441337,34.040614],[134.441435,34.040643],[134.44156,34.040701],[134.441592,34.040782],[134.441656,34.040907],[134.441828,34.040869],[134.441899,34.040872],[134.441962,34.040894],[134.442131,34.041156],[134.442198,34.041182],[134.442308,34.041155],[134.442357,34.041169],[134.442748,34.041576],[134.442923,34.041752],[134.442922,34.041861],[134.44328,34.042482],[134.443446,34.042676],[134.4437,34.042968],[134.443794,34.043059],[134.444087,34.043669],[134.444295,34.044141],[134.444493,34.04455]]]},"properties":{"S_NAME":"入田町春日","HCODE":8101}},{"type":"Feature","geometry":{"type":"Polygon","coordinates":[[[134.445715,34.044328],[134.445351,34.044368],[134.444493,34.04455],[134.444295,34.044141],[134.444087,34.043669],[134.443794,34.043059],[134.4437,34.042968],[134.443446,34.042676],[134.44328,34.042482],[134.442922,34.041861],[134.442923,34.041752],[134.442748,34.041576],[134.442357,34.041169],[134.442308,34.041155],[134.442198,34.041182],[134.442131,34.041156],[134.441962,34.040894],[134.441899,34.040872],[134.441828,34.040869],[134.441656,34.040907],[134.441592,34.040782],[134.44156,34.040701],[134.441435,34.040643],[134.441337,34.040614],[134.441279,34.040571],[134.441112,34.040317],[134.441031,34.04029],[134.441006,34.040275],[134.440767,34.039945],[134.440573,34.039559],[134.440771,34.03934],[134.440763,34.039313],[134.440745,34.039274],[134.440689,34.03922],[134.440618,34.039169],[134.440546,34.039073],[134.440571,34.039039],[134.440595,34.038951],[134.440527,34.038728],[134.440475,34.038633],[134.44055,34.037974],[134.440565,34.037593],[134.440534,34.036359],[134.441541,34.036282],[134.441684,34.03634],[134.441806,34.036431],[134.441953,34.036472],[134.442023,34.036451],[134.442124,34.036362],[134.442194,34.036307],[134.442279,34.036251],[134.442334,34.03623],[134.44238,34.036238],[134.442483,34.036372],[134.442536,34.036514],[134.442542,34.03653],[134.442545,34.036539],[134.442664,34.036749],[134.443615,34.037476],[134.444037,34.037798],[134.443955,34.038018],[134.443945,34.038132],[134.443958,34.03823],[134.443999,34.038341],[134.444048,34.038307],[134.444126,34.038268],[134.444204,34.038265],[134.444303,34.038254],[134.444569,34.038187],[134.444664,34.038133],[134.444878,34.038091],[134.444938,34.038262],[134.445054,34.038412],[134.445093,34.03852],[134.445153,34.038764],[134.445053,34.039046],[134.445057,34.039091],[134.445184,34.039364],[134.445225,34.039787],[134.445206,34.039818],[134.445051,34.039846],[134.444799,34.03999],[134.44479,34.040022],[134.444999,34.040467],[134.445229,34.040994],[134.445627,34.040896],[134.445697,34.040898],[134.445764,34.040932],[134.445891,34.040997],[134.446066,34.041061],[134.446308,34.041324],[134.446714,34.04164],[134.446896,34.041707],[134.447115,34.041884],[134.447658,34.042293],[134.448765,34.043115],[134.447855,34.043603],[134.447056,34.043964],[134.44641,34.044205],[134.445715,34.044328]]]},"properties":{"S_NAME":"入田町笠木","HCODE":8101}},{"type":"Feature","geometry":{"type":"Polygon","coordinates":[[[134.462059,34.039566],[134.459433,34.038949],[134.459054,34.038851],[134.458295,34.038537],[134.456839,34.038365],[134.456082,34.038346],[134.455455,34.03842],[134.454875,34.038582],[134.454491,34.038742],[134.453828,34.038974],[134.452972,34.039584],[134.452206,34.040068],[134.451268,34.040787],[134.450088,34.04213],[134.449887,34.042337],[134.448963,34.042975],[134.448765,34.043115],[134.447658,34.042293],[134.447115,34.041884],[134.446896,34.041707],[134.446714,34.04164],[134.446308,34.041324],[134.446066,34.041061],[134.445891,34.040997],[134.445764,34.040932],[134.445697,34.040898],[134.445627,34.040896],[134.445229,34.040994],[134.444999,34.040467],[134.44479,34.040022],[134.444799,34.03999],[134.445051,34.039846],[134.445206,34.039818],[134.445225,34.039787],[134.445184,34.039364],[134.445057,34.039091],[134.445053,34.039046],[134.445153,34.038764],[134.445093,34.03852],[134.445054,34.038412],[134.444938,34.038262],[134.444878,34.038091],[134.444664,34.038133],[134.444569,34.038187],[134.444303,34.038254],[134.444204,34.038265],[134.444126,34.038268],[134.444048,34.038307],[134.443999,34.038341],[134.443958,34.03823],[134.443945,34.038132],[134.443955,34.038018],[134.444037,34.037798],[134.443615,34.037476],[134.446045,34.037408],[134.446148,34.037283],[134.446399,34.037188],[134.446719,34.037149],[134.446673,34.037081],[134.4464,34.036551],[134.446413,34.036427],[134.446418,34.03634],[134.446424,34.036246],[134.44647,34.035998],[134.446446,34.035586],[134.446485,34.035182],[134.446555,34.035115],[134.446636,34.03508],[134.446918,34.035015],[134.44713,34.034988],[134.447291,34.034907],[134.447412,34.034847],[134.447482,34.034809],[134.447522,34.034729],[134.447506,34.034649],[134.447459,34.034586],[134.447363,34.034528],[134.44675,34.034432],[134.446694,34.034411],[134.446652,34.034375],[134.446581,34.03421],[134.446573,34.034158],[134.446622,34.034078],[134.446703,34.034043],[134.446941,34.034075],[134.447011,34.034062],[134.447086,34.034011],[134.447312,34.033875],[134.447393,34.033836],[134.447933,34.033765],[134.448019,34.033743],[134.448501,34.033487],[134.448512,34.03338],[134.44853,34.033106],[134.448579,34.033013],[134.44869,34.032971],[134.44873,34.032928],[134.448703,34.032819],[134.448684,34.032699],[134.448652,34.032511],[134.448604,34.03228],[134.448444,34.031999],[134.44844,34.031913],[134.448438,34.031707],[134.448473,34.031652],[134.448563,34.031567],[134.448911,34.031289],[134.449022,34.031238],[134.449233,34.031173],[134.44946,34.031129],[134.449506,34.031121],[134.449556,34.03107],[134.449604,34.030867],[134.449658,34.030537],[134.449772,34.030347],[134.449857,34.030254],[134.449988,34.030152],[134.45025,34.030074],[134.45032,34.030023],[134.450461,34.029997],[134.450793,34.029877],[134.450974,34.029766],[134.451134,34.02963],[134.45152,34.029345],[134.451792,34.029259],[134.453338,34.029188],[134.454126,34.029132],[134.455206,34.028947],[134.455488,34.028911],[134.456114,34.028872],[134.456406,34.028769],[134.456526,34.02865],[134.456626,34.028507],[134.456846,34.02832],[134.457006,34.028151],[134.457113,34.027746],[134.457121,34.027578],[134.457484,34.02755],[134.458395,34.027618],[134.458049,34.026969],[134.458374,34.027059],[134.458729,34.027166],[134.458941,34.027198],[134.459315,34.027195],[134.459527,34.027126],[134.459581,34.027044],[134.45969,34.027081],[134.460305,34.027313],[134.460487,34.027425],[134.46067,34.02759],[134.46069,34.027755],[134.460675,34.027967],[134.460488,34.028292],[134.460279,34.028682],[134.460209,34.028917],[134.460131,34.029227],[134.460076,34.02951],[134.460025,34.029842],[134.460063,34.02997],[134.460074,34.030196],[134.460113,34.030407],[134.46028,34.030768],[134.460487,34.031121],[134.460496,34.031131],[134.460795,34.031478],[134.460827,34.031515],[134.460838,34.03153],[134.460855,34.031547],[134.460925,34.031627],[134.461053,34.031755],[134.461218,34.031952],[134.461329,34.032102],[134.461486,34.032365],[134.461181,34.032442],[134.460961,34.032538],[134.460797,34.032617],[134.46078,34.032633],[134.460675,34.032732],[134.460647,34.032781],[134.460623,34.032807],[134.460616,34.032835],[134.460608,34.032849],[134.46055,34.033045],[134.460545,34.033315],[134.460501,34.033892],[134.460458,34.034043],[134.460125,34.034302],[134.459802,34.034507],[134.45975,34.034546],[134.459602,34.034715],[134.459623,34.034811],[134.459793,34.035167],[134.45997,34.035618],[134.460138,34.035917],[134.460288,34.036063],[134.461183,34.036593],[134.461229,34.036971],[134.461222,34.037263],[134.461115,34.037874],[134.46078,34.037907],[134.460687,34.037925],[134.460833,34.038087],[134.460959,34.038189],[134.461405,34.0384],[134.462059,34.039566]]]},"properties":{"S_NAME":"入田町安都真","HCODE":8101}},{"type":"Feature","geometry":{"type":"Polygon","coordinates":[[[134.445045,34.052951],[134.444871,34.053057],[134.444373,34.053272],[134.444197,34.053356],[134.444097,34.053344],[134.443997,34.05332],[134.443655,34.053098],[134.443603,34.053061],[134.443551,34.053068],[134.44349,34.053113],[134.442955,34.053523],[134.442815,34.053597],[134.44273,34.053643],[134.442638,34.053644],[134.442014,34.05361],[134.441876,34.053598],[134.441753,34.053599],[134.441672,34.053629],[134.441397,34.053765],[134.441136,34.053844],[134.440921,34.053929],[134.440814,34.05393],[134.44046,34.053945],[134.440298,34.053946],[134.440169,34.053949],[134.439971,34.053958],[134.439833,34.053972],[134.43964,34.053942],[134.43941,34.053969],[134.438903,34.05412],[134.438796,34.054121],[134.438557,34.05411],[134.438442,34.05413],[134.437951,34.0543],[134.437789,34.054302],[134.437651,34.054328],[134.437466,34.054278],[134.437041,34.05407],[134.436755,34.053964],[134.436357,34.053868],[134.436173,34.053875],[134.435902,34.053788],[134.435631,34.053604],[134.435585,34.053592],[134.435348,34.053754],[134.435248,34.053774],[134.435032,34.053743],[134.434802,34.053758],[134.434437,34.053834],[134.434291,34.053835],[134.434152,34.053811],[134.434067,34.053767],[134.433895,34.053531],[134.433755,34.053379],[134.433624,34.053354],[134.43347,34.053349],[134.433171,34.053466],[134.433094,34.053448],[134.43297,34.053385],[134.432914,34.053277],[134.432913,34.053276],[134.432807,34.053203],[134.432732,34.053102],[134.432727,34.053099],[134.432593,34.05301],[134.432492,34.052943],[134.432309,34.052913],[134.43198,34.052944],[134.43175,34.053061],[134.431452,34.053243],[134.431314,34.053276],[134.430831,34.053427],[134.430646,34.053428],[134.430362,34.053449],[134.430246,34.053437],[134.43011,34.053333],[134.429948,34.053225],[134.429738,34.053086],[134.429575,34.052959],[134.429429,34.052941],[134.429275,34.052987],[134.428943,34.053211],[134.428828,34.053295],[134.428667,34.053309],[134.428259,34.053273],[134.42802,34.05323],[134.427787,34.053091],[134.427563,34.052984],[134.427301,34.05298],[134.426971,34.053021],[134.426701,34.05301],[134.426493,34.052941],[134.426353,34.05284],[134.426337,34.052808],[134.426321,34.052549],[134.426339,34.052309],[134.426238,34.052185],[134.426214,34.05211],[134.426198,34.05206],[134.426181,34.051849],[134.426179,34.051513],[134.426244,34.051298],[134.426203,34.051049],[134.42617,34.050889],[134.426073,34.050436],[134.426049,34.05034],[134.42601,34.050295],[134.425894,34.050315],[134.425434,34.050447],[134.425249,34.050429],[134.425018,34.050354],[134.424886,34.05024],[134.42483,34.050125],[134.424821,34.05001],[134.424839,34.049936],[134.424796,34.049805],[134.42466,34.049637],[134.424543,34.049567],[134.424405,34.049543],[134.424265,34.049473],[134.42421,34.049359],[134.424009,34.048949],[134.423835,34.048817],[134.423658,34.048774],[134.42321,34.048688],[134.422863,34.048614],[134.422794,34.048595],[134.42253,34.048075],[134.42239,34.047819],[134.422135,34.04735],[134.422225,34.047263],[134.422358,34.047135],[134.422737,34.0473],[134.423107,34.047443],[134.423608,34.04749],[134.423967,34.047437],[134.424581,34.047374],[134.42544,34.047258],[134.426273,34.047142],[134.427403,34.046987],[134.428138,34.046847],[134.429083,34.046677],[134.429798,34.046595],[134.430216,34.046595],[134.431374,34.046627],[134.432279,34.046638],[134.432483,34.046642],[134.432802,34.046621],[134.43353,34.046587],[134.434008,34.046514],[134.434533,34.046393],[134.434875,34.046325],[134.435619,34.046136],[134.43603,34.04598],[134.436572,34.045801],[134.43756,34.045467],[134.437783,34.045415],[134.438843,34.045166],[134.440253,34.044944],[134.441592,34.044895],[134.442556,34.044791],[134.444493,34.04455],[134.445351,34.044368],[134.445715,34.044328],[134.44596,34.044779],[134.446088,34.044784],[134.446138,34.04483],[134.446374,34.045111],[134.446165,34.045388],[134.446112,34.045671],[134.446112,34.046305],[134.44605,34.046447],[134.445875,34.046631],[134.445664,34.046738],[134.445179,34.046941],[134.444779,34.047144],[134.444569,34.047322],[134.444492,34.047428],[134.44441,34.047693],[134.444392,34.047976],[134.444524,34.048724],[134.44455,34.049182],[134.445324,34.05266],[134.445045,34.052951]]]},"properties":{"S_NAME":"入田町月ノ宮","HCODE":8101}},{"type":"Feature","geometry":{"type":"Polygon","coordinates":[[[134.462291,34.046913],[134.460729,34.045986],[134.460734,34.04503],[134.46074,34.043843],[134.455624,34.045643],[134.453669,34.045293],[134.453095,34.045358],[134.453105,34.04554],[134.453103,34.04572],[134.453115,34.04616],[134.453178,34.046462],[134.453156,34.046997],[134.453176,34.047497],[134.45312,34.047526],[134.452703,34.04753],[134.452633,34.047565],[134.452626,34.047642],[134.452643,34.047824],[134.452352,34.047691],[134.452258,34.047586],[134.452236,34.047498],[134.452223,34.046643],[134.452034,34.046139],[134.451838,34.045682],[134.451672,34.045396],[134.451509,34.045327],[134.451178,34.045382],[134.450513,34.045334],[134.450089,34.045326],[134.449961,34.045274],[134.449335,34.044926],[134.449179,34.044869],[134.448925,34.044888],[134.448538,34.044962],[134.447663,34.045133],[134.446784,34.045143],[134.446558,34.04515],[134.446374,34.045111],[134.446138,34.04483],[134.446088,34.044784],[134.44596,34.044779],[134.445715,34.044328],[134.44641,34.044205],[134.447056,34.043964],[134.447855,34.043603],[134.448765,34.043115],[134.448963,34.042975],[134.449887,34.042337],[134.450088,34.04213],[134.451268,34.040787],[134.452206,34.040068],[134.452972,34.039584],[134.453828,34.038974],[134.454491,34.038742],[134.454875,34.038582],[134.455455,34.03842],[134.456082,34.038346],[134.456839,34.038365],[134.458295,34.038537],[134.459054,34.038851],[134.459433,34.038949],[134.462059,34.039566],[134.462493,34.040682],[134.462646,34.040974],[134.462806,34.041286],[134.463114,34.041919],[134.463311,34.042804],[134.463359,34.042982],[134.463349,34.043838],[134.462221,34.043846],[134.462154,34.044214],[134.462128,34.045021],[134.462127,34.04545],[134.462125,34.046056],[134.462124,34.04621],[134.462291,34.046913]]]},"properties":{"S_NAME":"入田町海先","HCODE":8101}},{"type":"Feature","geometry":{"type":"Polygon","coordinates":[[[134.460057,34.059971],[134.459901,34.059913],[134.459808,34.059826],[134.459701,34.059692],[134.45959,34.059281],[134.459539,34.059176],[134.459461,34.059129],[134.459248,34.059055],[134.45905,34.058986],[134.458823,34.058905],[134.458629,34.058782],[134.458286,34.058578],[134.458086,34.05842],[134.457998,34.058238],[134.457877,34.058052],[134.457776,34.057974],[134.457771,34.057966],[134.457699,34.057947],[134.457234,34.058086],[134.457093,34.058075],[134.456993,34.058029],[134.456769,34.057893],[134.456638,34.057753],[134.456504,34.057536],[134.456489,34.057501],[134.45634,34.057458],[134.456324,34.057452],[134.45627,34.057468],[134.455927,34.057741],[134.455757,34.057783],[134.455651,34.057778],[134.455453,34.057715],[134.45529,34.057687],[134.455184,34.05767],[134.455071,34.057545],[134.454794,34.057242],[134.454747,34.057121],[134.454732,34.057086],[134.454411,34.057085],[134.454277,34.057104],[134.45417,34.057093],[134.453886,34.056919],[134.453786,34.056838],[134.453743,34.056768],[134.453589,34.056275],[134.45356,34.056246],[134.453141,34.056032],[134.45307,34.056021],[134.452951,34.056057],[134.452799,34.056061],[134.452671,34.056009],[134.452508,34.055934],[134.452017,34.055644],[134.451861,34.05561],[134.451734,34.05564],[134.451481,34.055724],[134.451276,34.05575],[134.45112,34.055739],[134.451014,34.055687],[134.450683,34.055373],[134.450503,34.0552],[134.450289,34.05499],[134.45009,34.054904],[134.449948,34.05487],[134.449672,34.054813],[134.449071,34.054718],[134.448668,34.054697],[134.448413,34.054646],[134.448221,34.054571],[134.447924,34.054503],[134.44763,34.054455],[134.447453,34.054416],[134.447048,34.054248],[134.446907,34.054244],[134.446752,34.054262],[134.4464,34.054389],[134.446294,34.054389],[134.446194,34.054331],[134.446007,34.054205],[134.445817,34.054134],[134.445782,34.054121],[134.44565,34.054074],[134.445232,34.053948],[134.445168,34.053913],[134.445161,34.053878],[134.445231,34.053842],[134.445323,34.053795],[134.445421,34.053717],[134.445469,34.053605],[134.445496,34.053523],[134.445458,34.053247],[134.445436,34.0532],[134.445258,34.053072],[134.445045,34.052951],[134.445324,34.05266],[134.44455,34.049182],[134.444524,34.048724],[134.444392,34.047976],[134.44441,34.047693],[134.444492,34.047428],[134.444569,34.047322],[134.444779,34.047144],[134.445179,34.046941],[134.445664,34.046738],[134.445875,34.046631],[134.44605,34.046447],[134.446112,34.046305],[134.446112,34.045671],[134.446165,34.045388],[134.446374,34.045111],[134.446558,34.04515],[134.446784,34.045143],[134.447663,34.045133],[134.448538,34.044962],[134.448925,34.044888],[134.449179,34.044869],[134.449335,34.044926],[134.449961,34.045274],[134.450089,34.045326],[134.450513,34.045334],[134.451178,34.045382],[134.451509,34.045327],[134.451672,34.045396],[134.451838,34.045682],[134.452034,34.046139],[134.452223,34.046643],[134.452236,34.047498],[134.452258,34.047586],[134.452352,34.047691],[134.452643,34.047824],[134.452626,34.047642],[134.452633,34.047565],[134.452703,34.04753],[134.45312,34.047526],[134.453176,34.047497],[134.453156,34.046997],[134.453178,34.046462],[134.453115,34.04616],[134.453103,34.04572],[134.453105,34.04554],[134.453095,34.045358],[134.453669,34.045293],[134.455624,34.045643],[134.46074,34.043843],[134.460734,34.04503],[134.460729,34.045986],[134.462291,34.046913],[134.462316,34.047588],[134.462536,34.048364],[134.46362,34.048333],[134.465698,34.048273],[134.466204,34.050305],[134.466282,34.050423],[134.466351,34.050615],[134.466488,34.050802],[134.466757,34.050967],[134.467059,34.051103],[134.467445,34.051191],[134.467907,34.051242],[134.467051,34.051319],[134.465811,34.05134],[134.465167,34.051398],[134.464546,34.051548],[134.464032,34.051932],[134.463869,34.052238],[134.46386,34.052275],[134.463432,34.053074],[134.463082,34.053813],[134.462973,34.054043],[134.462886,34.054643],[134.462459,34.055716],[134.462395,34.055971],[134.46209,34.057181],[134.460057,34.059971]]]},"properties":{"S_NAME":"入田町内ノ御田","HCODE":8101}},{"type":"Feature","geometry":{"type":"Polygon","coordinates":[[[134.435619,34.046136],[134.434875,34.046325],[134.434533,34.046393],[134.434008,34.046514],[134.43353,34.046587],[134.432802,34.046621],[134.432483,34.046642],[134.432279,34.046638],[134.431374,34.046627],[134.430216,34.046595],[134.429798,34.046595],[134.429083,34.046677],[134.428138,34.046847],[134.427403,34.046987],[134.426273,34.047142],[134.42544,34.047258],[134.424581,34.047374],[134.423967,34.047437],[134.423608,34.04749],[134.423107,34.047443],[134.422737,34.0473],[134.422358,34.047135],[134.422935,34.04555],[134.423251,34.044728],[134.423985,34.044829],[134.424099,34.044806],[134.424191,34.044772],[134.424353,34.044738],[134.424462,34.044719],[134.424667,34.044623],[134.4249,34.044595],[134.425048,34.044518],[134.425144,34.044433],[134.42513,34.044356],[134.424971,34.044086],[134.425093,34.043993],[134.425294,34.043886],[134.425437,34.043801],[134.425965,34.04352],[134.42634,34.043489],[134.426461,34.04331],[134.426487,34.043284],[134.426522,34.04328],[134.426641,34.043305],[134.426694,34.043282],[134.426733,34.043238],[134.426747,34.043138],[134.426669,34.042854],[134.426648,34.042478],[134.426682,34.042257],[134.426721,34.042209],[134.426915,34.041894],[134.427067,34.041706],[134.427365,34.041501],[134.427657,34.041302],[134.427775,34.04121],[134.428018,34.040953],[134.428215,34.040756],[134.428271,34.04066],[134.428315,34.040611],[134.428587,34.040302],[134.428786,34.040113],[134.428866,34.040079],[134.429083,34.039991],[134.429155,34.039956],[134.429193,34.039789],[134.429217,34.039587],[134.429412,34.039676],[134.429501,34.039752],[134.429568,34.039844],[134.429617,34.039914],[134.429676,34.039965],[134.429762,34.040014],[134.429848,34.040043],[134.429963,34.04004],[134.430075,34.040039],[134.430138,34.04006],[134.43021,34.040106],[134.430655,34.040444],[134.431019,34.040701],[134.431199,34.04083],[134.43137,34.04094],[134.431514,34.041015],[134.431905,34.041688],[134.431931,34.041712],[134.43254,34.042331],[134.432644,34.042446],[134.432964,34.042914],[134.433042,34.043023],[134.433104,34.043068],[134.433201,34.043124],[134.43331,34.04316],[134.433536,34.043209],[134.433739,34.043215],[134.433955,34.043219],[134.434162,34.043271],[134.434315,34.04335],[134.434651,34.043596],[134.4347,34.043622],[134.43479,34.043622],[134.434884,34.04361],[134.434997,34.043644],[134.435072,34.043695],[134.435166,34.043798],[134.43523,34.044005],[134.435643,34.044496],[134.435303,34.044638],[134.434904,34.044684],[134.434581,34.044698],[134.434414,34.044726],[134.435619,34.046136]]]},"properties":{"S_NAME":"入田町大久","HCODE":8101}},{"type":"Feature","geometry":{"type":"Polygon","coordinates":[[[134.483002,34.057471],[134.483109,34.057936],[134.483114,34.058372],[134.483123,34.058619],[134.48314,34.058684],[134.483068,34.058755],[134.482765,34.059309],[134.483151,34.059655],[134.483177,34.059707],[134.483183,34.059787],[134.483149,34.059944],[134.483034,34.059939],[134.482926,34.059912],[134.48275,34.059868],[134.482575,34.059793],[134.482577,34.059919],[134.482504,34.060151],[134.482263,34.060625],[134.482225,34.060896],[134.482235,34.061242],[134.482062,34.062099],[134.482049,34.062364],[134.482211,34.062953],[134.482302,34.063194],[134.48257,34.063729],[134.482656,34.06407],[134.482851,34.064504],[134.48297,34.064796],[134.483131,34.065187],[134.483157,34.065327],[134.483152,34.065446],[134.482966,34.066541],[134.482932,34.066836],[134.48305,34.066861],[134.483262,34.066865],[134.484228,34.066929],[134.484236,34.066934],[134.484302,34.067024],[134.484375,34.067149],[134.484485,34.067406],[134.484616,34.067738],[134.484654,34.067809],[134.484695,34.067858],[134.48473,34.067891],[134.484753,34.067909],[134.484795,34.067925],[134.484833,34.06794],[134.484903,34.067956],[134.485115,34.067995],[134.48517,34.068004],[134.485214,34.068012],[134.485254,34.068036],[134.485277,34.068055],[134.485336,34.068122],[134.485288,34.068377],[134.485266,34.068532],[134.485251,34.068787],[134.485364,34.069531],[134.48549,34.070158],[134.485477,34.070158],[134.484295,34.069913],[134.483868,34.069904],[134.483434,34.069884],[134.482813,34.069788],[134.482651,34.069758],[134.482146,34.069696],[134.482139,34.069695],[134.481371,34.069582],[134.481202,34.069511],[134.481109,34.069511],[134.480579,34.069485],[134.480523,34.06947],[134.479705,34.069331],[134.479299,34.069277],[134.478644,34.069194],[134.477919,34.069029],[134.476833,34.068877],[134.476065,34.068749],[134.475419,34.068621],[134.475348,34.068446],[134.475326,34.068151],[134.475316,34.06783],[134.475394,34.067293],[134.47543,34.067137],[134.475781,34.065186],[134.475948,34.064542],[134.476072,34.063951],[134.476086,34.063515],[134.476102,34.063041],[134.476294,34.062402],[134.476471,34.061746],[134.476934,34.060097],[134.476985,34.059902],[134.477042,34.059189],[134.477092,34.058655],[134.477177,34.058118],[134.477423,34.057303],[134.477521,34.056718],[134.477888,34.056791],[134.478272,34.056864],[134.478734,34.056961],[134.479297,34.05713],[134.479695,34.057422],[134.480168,34.057765],[134.480252,34.057598],[134.480501,34.057634],[134.480956,34.057659],[134.4812,34.057675],[134.481425,34.057655],[134.481562,34.05764],[134.481676,34.057625],[134.481633,34.057354],[134.481369,34.056733],[134.481173,34.056361],[134.481051,34.05621],[134.481032,34.055779],[134.481056,34.055451],[134.481106,34.055265],[134.481195,34.055055],[134.481465,34.05446],[134.481865,34.053627],[134.481904,34.053513],[134.482007,34.053574],[134.482192,34.053691],[134.482421,34.055005],[134.48263,34.055976],[134.482853,34.056983],[134.483002,34.057471]],[[134.479736,34.057979],[134.479827,34.058299],[134.479898,34.058563],[134.479983,34.058868],[134.480054,34.059121],[134.480189,34.059447],[134.480274,34.059762],[134.480293,34.059834],[134.480356,34.059816],[134.48061,34.059744],[134.480498,34.059268],[134.480406,34.058792],[134.480314,34.058425],[134.480208,34.057871],[134.479736,34.057979]]]},"properties":{"S_NAME":"国府町中","HCODE":8101}},{"type":"Feature","geometry":{"type":"Polygon","coordinates":[[[134.486967,34.055391],[134.485312,34.055783],[134.485192,34.056314],[134.485101,34.056619],[134.484968,34.056885],[134.484845,34.057154],[134.48477,34.057202],[134.484682,34.057207],[134.484414,34.057185],[134.484158,34.057212],[134.483567,34.057362],[134.483002,34.057471],[134.482853,34.056983],[134.48263,34.055976],[134.482421,34.055005],[134.482192,34.053691],[134.482007,34.053574],[134.481904,34.053513],[134.481736,34.0534],[134.481528,34.05323],[134.481314,34.052999],[134.481256,34.052933],[134.480575,34.051888],[134.480104,34.051329],[134.479899,34.051099],[134.479841,34.051053],[134.479404,34.050967],[134.478806,34.055018],[134.478198,34.054901],[134.47792,34.054841],[134.477716,34.054737],[134.477514,34.054692],[134.477039,34.054606],[134.47652,34.05451],[134.476466,34.054497],[134.475976,34.054264],[134.475835,34.05419],[134.475915,34.054106],[134.475912,34.053994],[134.475884,34.053766],[134.475786,34.053585],[134.475595,34.053376],[134.475458,34.05327],[134.475457,34.052985],[134.475438,34.052722],[134.4751,34.052606],[134.474862,34.052591],[134.474509,34.052578],[134.474331,34.052569],[134.467907,34.051242],[134.468569,34.050731],[134.469127,34.050702],[134.469633,34.050773],[134.470073,34.050819],[134.470384,34.050748],[134.471368,34.050288],[134.471824,34.050165],[134.472495,34.049982],[134.476222,34.050843],[134.476264,34.05085],[134.476917,34.050768],[134.477097,34.050805],[134.47745,34.050372],[134.477545,34.050264],[134.47754,34.050181],[134.477425,34.049956],[134.477465,34.049845],[134.477501,34.049727],[134.477505,34.049656],[134.477255,34.049356],[134.477121,34.049183],[134.477111,34.04913],[134.47712,34.049061],[134.477221,34.048922],[134.479122,34.049068],[134.479263,34.048539],[134.479225,34.047809],[134.479187,34.04769],[134.479017,34.047142],[134.479,34.046951],[134.478945,34.046842],[134.478808,34.046545],[134.478684,34.046388],[134.478396,34.045964],[134.47824,34.045752],[134.478164,34.045506],[134.478137,34.045226],[134.478341,34.043869],[134.47885,34.044084],[134.480959,34.045193],[134.482216,34.04591],[134.482396,34.046033],[134.482629,34.046218],[134.48288,34.046468],[134.483144,34.046762],[134.483283,34.046955],[134.483891,34.048075],[134.485177,34.0511],[134.485873,34.052582],[134.486108,34.053081],[134.486638,34.054321],[134.486929,34.055308],[134.486967,34.055391]]]},"properties":{"S_NAME":"国府町延命","HCODE":8101}},{"type":"Feature","geometry":{"type":"Polygon","coordinates":[[[134.475419,34.068621],[134.475461,34.068783],[134.475563,34.068934],[134.475713,34.069135],[134.475934,34.069247],[134.476155,34.069371],[134.476257,34.06949],[134.476424,34.069707],[134.476663,34.069927],[134.476678,34.07003],[134.476666,34.070167],[134.476728,34.070241],[134.476848,34.070445],[134.476886,34.070754],[134.47685,34.071285],[134.475922,34.071173],[134.474494,34.071035],[134.474548,34.071254],[134.474503,34.071298],[134.474492,34.071355],[134.474574,34.071455],[134.474552,34.071551],[134.47445,34.071666],[134.474428,34.071781],[134.474354,34.071868],[134.474338,34.071959],[134.474362,34.072069],[134.474363,34.07216],[134.474287,34.072301],[134.474251,34.072627],[134.474228,34.072694],[134.474207,34.072828],[134.474146,34.073053],[134.474017,34.073298],[134.474034,34.073446],[134.474051,34.073489],[134.474132,34.073577],[134.474126,34.07361],[134.474035,34.073786],[134.47394,34.073871],[134.473884,34.074403],[134.472604,34.074248],[134.472635,34.074083],[134.472669,34.073853],[134.471693,34.073875],[134.471676,34.073537],[134.471218,34.073555],[134.470061,34.073613],[134.470044,34.073461],[134.470129,34.073338],[134.470116,34.073106],[134.470547,34.072958],[134.470779,34.072913],[134.471175,34.072843],[134.471485,34.072778],[134.47156,34.07272],[134.471649,34.072542],[134.471854,34.072273],[134.471447,34.072226],[134.471108,34.07219],[134.47086,34.072144],[134.470545,34.072116],[134.470174,34.072064],[134.470085,34.072048],[134.469405,34.071938],[134.469426,34.071747],[134.469287,34.0717],[134.469184,34.071715],[134.469116,34.071787],[134.469012,34.071822],[134.468851,34.071775],[134.468731,34.071735],[134.468569,34.071773],[134.468448,34.071769],[134.46839,34.071736],[134.468321,34.071684],[134.468263,34.071679],[134.468068,34.071753],[134.467965,34.071773],[134.467826,34.071683],[134.467791,34.071678],[134.467775,34.071803],[134.467725,34.071951],[134.467663,34.072014],[134.467456,34.072068],[134.467308,34.072141],[134.467171,34.072257],[134.466871,34.072477],[134.466837,34.072511],[134.466658,34.07243],[134.466456,34.072361],[134.466232,34.072367],[134.465996,34.072398],[134.465702,34.072357],[134.465998,34.072058],[134.466186,34.071928],[134.466541,34.071714],[134.466666,34.071594],[134.466778,34.071383],[134.466881,34.071286],[134.467254,34.071226],[134.467409,34.070694],[134.467477,34.070617],[134.467534,34.070293],[134.467608,34.069539],[134.467662,34.068847],[134.467878,34.067909],[134.467949,34.067571],[134.467982,34.067516],[134.467997,34.067491],[134.468065,34.06745],[134.468166,34.067387],[134.468194,34.06737],[134.468332,34.067403],[134.468621,34.067446],[134.468672,34.067114],[134.468675,34.067042],[134.46844,34.067013],[134.468471,34.066808],[134.468576,34.06681],[134.468634,34.066423],[134.468636,34.066423],[134.469122,34.066456],[134.469347,34.066481],[134.469419,34.066247],[134.469507,34.065806],[134.469592,34.065598],[134.469672,34.06553],[134.469791,34.065534],[134.470752,34.065723],[134.471601,34.065841],[134.47311,34.066184],[134.473242,34.065167],[134.473872,34.065276],[134.474472,34.06537],[134.474354,34.065956],[134.474139,34.067033],[134.474164,34.06708],[134.474819,34.067152],[134.47543,34.067137],[134.475394,34.067293],[134.475316,34.06783],[134.475326,34.068151],[134.475348,34.068446],[134.475419,34.068621]]]},"properties":{"S_NAME":"国府町観音寺","HCODE":8101}},{"type":"Feature","geometry":{"type":"Polygon","coordinates":[[[134.497371,34.086488],[134.497159,34.086661],[134.497031,34.086687],[134.496839,34.086767],[134.496719,34.086807],[134.496454,34.086812],[134.496215,34.086871],[134.495956,34.086857],[134.495636,34.086899],[134.494885,34.087115],[134.494536,34.087271],[134.494092,34.087514],[134.493811,34.087677],[134.493676,34.087795],[134.493613,34.08792],[134.493617,34.088096],[134.493549,34.088143],[134.493451,34.088165],[134.493357,34.088187],[134.4932,34.088306],[134.492958,34.088482],[134.492679,34.088741],[134.492459,34.088942],[134.492255,34.089086],[134.491979,34.089212],[134.491686,34.089364],[134.491699,34.089224],[134.491878,34.088347],[134.491924,34.088095],[134.491932,34.087876],[134.491941,34.087786],[134.492189,34.087325],[134.492188,34.087264],[134.492075,34.08722],[134.491595,34.087173],[134.490261,34.08707],[134.489869,34.087024],[134.489875,34.086748],[134.48992,34.086343],[134.490098,34.0854],[134.490327,34.084352],[134.489715,34.08427],[134.489516,34.084202],[134.489321,34.084141],[134.489167,34.084142],[134.488333,34.084091],[134.48797,34.084041],[134.487986,34.083731],[134.488031,34.083122],[134.488064,34.083002],[134.488325,34.082397],[134.488395,34.082225],[134.488482,34.081956],[134.488784,34.080894],[134.489753,34.081064],[134.490225,34.081158],[134.490342,34.081182],[134.490646,34.081432],[134.490781,34.081605],[134.490972,34.081892],[134.491038,34.081642],[134.49121,34.081685],[134.491435,34.081777],[134.491526,34.081803],[134.49174,34.081797],[134.492151,34.081776],[134.492302,34.081877],[134.492366,34.081863],[134.492601,34.081592],[134.492665,34.081578],[134.492756,34.081626],[134.493003,34.081722],[134.493192,34.081858],[134.493315,34.081915],[134.493459,34.081905],[134.493595,34.082046],[134.493789,34.082159],[134.493967,34.082311],[134.494188,34.082444],[134.49419,34.082497],[134.494277,34.082554],[134.494453,34.082566],[134.494727,34.082547],[134.495115,34.082657],[134.495475,34.082804],[134.495557,34.082845],[134.495585,34.082967],[134.495869,34.082823],[134.496043,34.08281],[134.496338,34.082862],[134.49665,34.082902],[134.496935,34.082976],[134.496991,34.082998],[134.496997,34.083108],[134.496807,34.083742],[134.496611,34.084607],[134.496563,34.084838],[134.496634,34.086293],[134.496661,34.086311],[134.49728,34.086254],[134.497371,34.086488]]]},"properties":{"S_NAME":"国府町北岩延","HCODE":8101}},{"type":"Feature","geometry":{"type":"Polygon","coordinates":[[[134.487217,34.074642],[134.485939,34.074509],[134.485727,34.075174],[134.485408,34.076222],[134.485247,34.07689],[134.486454,34.077116],[134.486393,34.077288],[134.486315,34.077555],[134.486259,34.077759],[134.486093,34.078237],[134.48606,34.078331],[134.485068,34.078164],[134.484383,34.078066],[134.483394,34.078056],[134.482231,34.077941],[134.482165,34.077925],[134.48194,34.077807],[134.481687,34.077764],[134.481204,34.077664],[134.481253,34.077562],[134.481268,34.077303],[134.481263,34.077264],[134.481234,34.077121],[134.481184,34.076972],[134.481224,34.076962],[134.481326,34.076935],[134.481323,34.076922],[134.481252,34.076817],[134.481207,34.076637],[134.481173,34.076562],[134.481139,34.076495],[134.480878,34.076237],[134.480728,34.076034],[134.480639,34.075953],[134.480319,34.075818],[134.480183,34.075715],[134.479975,34.075677],[134.479609,34.075703],[134.479447,34.07573],[134.479389,34.075776],[134.479088,34.076046],[134.478985,34.076104],[134.478816,34.076157],[134.478544,34.076228],[134.478344,34.07625],[134.47811,34.07623],[134.477688,34.076173],[134.477186,34.076111],[134.476985,34.076078],[134.476995,34.075858],[134.476964,34.075589],[134.47695,34.075227],[134.476898,34.075065],[134.476876,34.075007],[134.476831,34.074988],[134.476696,34.074986],[134.47662,34.074987],[134.476353,34.074885],[134.476101,34.074825],[134.475937,34.074768],[134.475752,34.074771],[134.475552,34.074772],[134.475175,34.07477],[134.47512,34.074782],[134.475034,34.074825],[134.475064,34.074725],[134.47507,34.074647],[134.475003,34.074561],[134.474335,34.074466],[134.473894,34.074404],[134.473884,34.074403],[134.47394,34.073871],[134.474035,34.073786],[134.474126,34.07361],[134.474132,34.073577],[134.474051,34.073489],[134.474034,34.073446],[134.474017,34.073298],[134.474146,34.073053],[134.474207,34.072828],[134.474228,34.072694],[134.474251,34.072627],[134.474287,34.072301],[134.474363,34.07216],[134.474362,34.072069],[134.474338,34.071959],[134.474354,34.071868],[134.474428,34.071781],[134.47445,34.071666],[134.474552,34.071551],[134.474574,34.071455],[134.474492,34.071355],[134.474503,34.071298],[134.474548,34.071254],[134.474494,34.071035],[134.475922,34.071173],[134.47685,34.071285],[134.476886,34.070754],[134.476848,34.070445],[134.476728,34.070241],[134.476666,34.070167],[134.476678,34.07003],[134.476663,34.069927],[134.476424,34.069707],[134.476257,34.06949],[134.476155,34.069371],[134.475934,34.069247],[134.475713,34.069135],[134.475563,34.068934],[134.475461,34.068783],[134.475419,34.068621],[134.476065,34.068749],[134.476833,34.068877],[134.477919,34.069029],[134.478644,34.069194],[134.479299,34.069277],[134.479705,34.069331],[134.480523,34.06947],[134.480579,34.069485],[134.481109,34.069511],[134.481202,34.069511],[134.481371,34.069582],[134.482139,34.069695],[134.482146,34.069696],[134.482651,34.069758],[134.482813,34.069788],[134.483434,34.069884],[134.483868,34.069904],[134.484295,34.069913],[134.485477,34.070158],[134.485656,34.07069],[134.48568,34.071125],[134.485656,34.07119],[134.485438,34.071978],[134.484695,34.07197],[134.484031,34.071978],[134.484014,34.072461],[134.484018,34.072839],[134.484966,34.072953],[134.485338,34.073043],[134.486289,34.073256],[134.487125,34.073373],[134.487497,34.073444],[134.487693,34.0735],[134.48793,34.07358],[134.488094,34.073629],[134.48829,34.073641],[134.488469,34.073659],[134.488681,34.0736],[134.488887,34.073503],[134.48894,34.07366],[134.488948,34.073846],[134.488984,34.073956],[134.488934,34.074621],[134.488919,34.074808],[134.488628,34.074783],[134.488614,34.074782],[134.48817,34.074737],[134.487217,34.074642]]]},"properties":{"S_NAME":"国府町府中","HCODE":8101}},{"type":"Feature","geometry":{"type":"Polygon","coordinates":[[[134.478341,34.043869],[134.478137,34.045226],[134.478164,34.045506],[134.47824,34.045752],[134.478396,34.045964],[134.478684,34.046388],[134.478808,34.046545],[134.478945,34.046842],[134.479,34.046951],[134.479017,34.047142],[134.479187,34.04769],[134.479225,34.047809],[134.479263,34.048539],[134.479122,34.049068],[134.477221,34.048922],[134.47712,34.049061],[134.477111,34.04913],[134.477121,34.049183],[134.477255,34.049356],[134.477505,34.049656],[134.477501,34.049727],[134.477465,34.049845],[134.477425,34.049956],[134.47754,34.050181],[134.477545,34.050264],[134.47745,34.050372],[134.477097,34.050805],[134.476917,34.050768],[134.476264,34.05085],[134.476222,34.050843],[134.472495,34.049982],[134.471824,34.050165],[134.471368,34.050288],[134.470384,34.050748],[134.470073,34.050819],[134.469633,34.050773],[134.472256,34.049196],[134.472337,34.048862],[134.472482,34.048349],[134.472647,34.047848],[134.47292,34.047144],[134.473002,34.047103],[134.473111,34.047015],[134.473063,34.046945],[134.473031,34.046845],[134.473024,34.046749],[134.47306,34.046639],[134.47312,34.04657],[134.473326,34.046509],[134.473472,34.046408],[134.473529,34.046322],[134.473535,34.046248],[134.473597,34.046046],[134.47364,34.045895],[134.474467,34.046082],[134.474983,34.046089],[134.475228,34.04607],[134.475825,34.045992],[134.477549,34.043567],[134.478341,34.043869]]]},"properties":{"S_NAME":"国府町西矢野","HCODE":8101}},{"type":"Feature","geometry":{"type":"Polygon","coordinates":[[[134.469016,34.062314],[134.468546,34.062265],[134.468484,34.062329],[134.46818,34.062406],[134.468114,34.062162],[134.468057,34.062147],[134.467991,34.062129],[134.46767,34.061928],[134.467482,34.061809],[134.467218,34.061588],[134.467029,34.06127],[134.466964,34.061008],[134.466885,34.060954],[134.466624,34.060806],[134.466206,34.060641],[134.465978,34.060497],[134.465912,34.060475],[134.465689,34.060491],[134.465565,34.06047],[134.465489,34.060411],[134.46546,34.060386],[134.465262,34.060179],[134.46484,34.059645],[134.464675,34.059556],[134.46451,34.059452],[134.464207,34.05936],[134.46399,34.059328],[134.463743,34.059344],[134.463184,34.059457],[134.462806,34.059598],[134.462544,34.05982],[134.462418,34.059912],[134.462312,34.05993],[134.462109,34.059912],[134.461592,34.060039],[134.461421,34.060066],[134.460991,34.060055],[134.460403,34.060011],[134.460057,34.059971],[134.46209,34.057181],[134.462395,34.055971],[134.462459,34.055716],[134.462886,34.054643],[134.462973,34.054043],[134.463082,34.053813],[134.463432,34.053074],[134.46386,34.052275],[134.463869,34.052238],[134.464032,34.051932],[134.464546,34.051548],[134.465167,34.051398],[134.465811,34.05134],[134.467051,34.051319],[134.467907,34.051242],[134.474331,34.052569],[134.474509,34.052578],[134.474862,34.052591],[134.4751,34.052606],[134.475438,34.052722],[134.475457,34.052985],[134.475458,34.05327],[134.475595,34.053376],[134.475786,34.053585],[134.475884,34.053766],[134.475912,34.053994],[134.475915,34.054106],[134.475835,34.05419],[134.475834,34.054189],[134.475777,34.054174],[134.475439,34.054341],[134.475185,34.054473],[134.474895,34.054519],[134.474696,34.054485],[134.474537,34.05456],[134.47377,34.05462],[134.473753,34.054639],[134.473646,34.055148],[134.473374,34.055591],[134.473267,34.055669],[134.473111,34.055724],[134.473036,34.055782],[134.472979,34.05594],[134.473058,34.056018],[134.473119,34.056636],[134.473464,34.056638],[134.474014,34.05666],[134.473883,34.056957],[134.473789,34.057195],[134.473779,34.057321],[134.473418,34.057288],[134.472991,34.057265],[134.472772,34.05808],[134.472242,34.057999],[134.471546,34.057862],[134.471552,34.057892],[134.471267,34.058577],[134.471339,34.058755],[134.471102,34.059233],[134.47085,34.059777],[134.470696,34.059813],[134.470623,34.059846],[134.47057,34.059881],[134.470339,34.060147],[134.470216,34.060269],[134.47019,34.060285],[134.470142,34.060436],[134.470134,34.060501],[134.470086,34.060591],[134.469967,34.060724],[134.469843,34.060881],[134.469783,34.060964],[134.469699,34.06109],[134.46972,34.061202],[134.469444,34.061541],[134.469229,34.0616],[134.469115,34.061858],[134.469049,34.062105],[134.469016,34.062314]]]},"properties":{"S_NAME":"国府町西矢野","HCODE":8101}},{"type":"Feature","geometry":{"type":"Polygon","coordinates":[[[134.490024,34.070916],[134.489776,34.070841],[134.489546,34.070838],[134.489258,34.070769],[134.489037,34.07156],[134.487966,34.07153],[134.487895,34.071827],[134.487818,34.072116],[134.487801,34.072177],[134.487766,34.072333],[134.487711,34.072596],[134.48758,34.073152],[134.487497,34.073444],[134.487125,34.073373],[134.486289,34.073256],[134.485338,34.073043],[134.484966,34.072953],[134.484018,34.072839],[134.484014,34.072461],[134.484031,34.071978],[134.484695,34.07197],[134.485438,34.071978],[134.485656,34.07119],[134.48568,34.071125],[134.485656,34.07069],[134.485477,34.070158],[134.48549,34.070158],[134.485364,34.069531],[134.485251,34.068787],[134.485266,34.068532],[134.485288,34.068377],[134.485336,34.068122],[134.485277,34.068055],[134.485254,34.068036],[134.485214,34.068012],[134.48517,34.068004],[134.485115,34.067995],[134.484903,34.067956],[134.484833,34.06794],[134.484795,34.067925],[134.484753,34.067909],[134.48473,34.067891],[134.484695,34.067858],[134.484654,34.067809],[134.484616,34.067738],[134.484485,34.067406],[134.484375,34.067149],[134.484302,34.067024],[134.484236,34.066934],[134.484228,34.066929],[134.483262,34.066865],[134.48305,34.066861],[134.482932,34.066836],[134.482966,34.066541],[134.483152,34.065446],[134.483157,34.065327],[134.483131,34.065187],[134.48297,34.064796],[134.482851,34.064504],[134.482656,34.06407],[134.48257,34.063729],[134.482302,34.063194],[134.482211,34.062953],[134.482049,34.062364],[134.482062,34.062099],[134.482235,34.061242],[134.482225,34.060896],[134.482263,34.060625],[134.482504,34.060151],[134.482577,34.059919],[134.482575,34.059793],[134.48275,34.059868],[134.482926,34.059912],[134.483034,34.059939],[134.483149,34.059944],[134.483183,34.059787],[134.483177,34.059707],[134.483151,34.059655],[134.482765,34.059309],[134.483068,34.058755],[134.48314,34.058684],[134.483123,34.058619],[134.483114,34.058372],[134.483109,34.057936],[134.483002,34.057471],[134.483567,34.057362],[134.484158,34.057212],[134.484414,34.057185],[134.484682,34.057207],[134.48477,34.057202],[134.484845,34.057154],[134.484968,34.056885],[134.485101,34.056619],[134.485192,34.056314],[134.485312,34.055783],[134.486967,34.055391],[134.487169,34.055822],[134.487244,34.055992],[134.487379,34.056299],[134.487635,34.056938],[134.487706,34.057457],[134.488261,34.058688],[134.488469,34.059966],[134.488786,34.06098],[134.489305,34.061888],[134.489508,34.062295],[134.489659,34.063311],[134.489863,34.06377],[134.490518,34.065083],[134.491278,34.066138],[134.491969,34.066994],[134.492248,34.067381],[134.492972,34.068038],[134.493846,34.06886],[134.494452,34.06937],[134.494538,34.069431],[134.493875,34.069965],[134.493824,34.069941],[134.49365,34.069901],[134.493513,34.069885],[134.49334,34.069858],[134.493168,34.0698],[134.49312,34.069783],[134.492923,34.06968],[134.49283,34.069594],[134.492693,34.069658],[134.492613,34.069677],[134.492439,34.069598],[134.492382,34.069622],[134.49232,34.069771],[134.491953,34.069855],[134.492001,34.070017],[134.492095,34.070373],[134.492236,34.070702],[134.491864,34.070786],[134.491263,34.070907],[134.491244,34.070911],[134.490754,34.070876],[134.49064,34.070891],[134.490249,34.070947],[134.490024,34.070916]]]},"properties":{"S_NAME":"国府町早淵","HCODE":8101}},{"type":"Feature","geometry":{"type":"Polygon","coordinates":[[[134.499304,34.086175],[134.498762,34.086302],[134.498259,34.086282],[134.498007,34.086423],[134.49781,34.086365],[134.497651,34.086378],[134.497371,34.086488],[134.49728,34.086254],[134.496661,34.086311],[134.496634,34.086293],[134.496563,34.084838],[134.496611,34.084607],[134.496807,34.083742],[134.496997,34.083108],[134.496991,34.082998],[134.496935,34.082976],[134.49665,34.082902],[134.496338,34.082862],[134.496043,34.08281],[134.495869,34.082823],[134.495585,34.082967],[134.495557,34.082845],[134.495475,34.082804],[134.495115,34.082657],[134.494727,34.082547],[134.494453,34.082566],[134.494277,34.082554],[134.49419,34.082497],[134.494188,34.082444],[134.493967,34.082311],[134.493789,34.082159],[134.493595,34.082046],[134.493459,34.081905],[134.493315,34.081915],[134.493192,34.081858],[134.493003,34.081722],[134.492756,34.081626],[134.492665,34.081578],[134.492601,34.081592],[134.492366,34.081863],[134.492302,34.081877],[134.492151,34.081776],[134.49174,34.081797],[134.491526,34.081803],[134.491435,34.081777],[134.49121,34.081685],[134.491038,34.081642],[134.491268,34.08086],[134.491473,34.080263],[134.49157,34.079919],[134.491656,34.079516],[134.491832,34.079063],[134.491948,34.078693],[134.492118,34.078558],[134.492447,34.076943],[134.492862,34.075805],[134.492453,34.075647],[134.492614,34.075296],[134.492645,34.075208],[134.492588,34.075199],[134.492644,34.075089],[134.492659,34.074854],[134.492596,34.07387],[134.492655,34.073544],[134.492602,34.073212],[134.492528,34.072734],[134.492484,34.072476],[134.492423,34.072171],[134.493045,34.072185],[134.493212,34.072188],[134.494099,34.072287],[134.495119,34.072426],[134.49577,34.072546],[134.496124,34.072893],[134.496486,34.073248],[134.498442,34.072787],[134.498759,34.073198],[134.498844,34.073333],[134.499068,34.073722],[134.49955,34.074599],[134.499953,34.075655],[134.500184,34.076402],[134.500185,34.076405],[134.500679,34.078111],[134.501197,34.079655],[134.50164,34.080682],[134.502318,34.081999],[134.502453,34.082268],[134.502514,34.082389],[134.503151,34.083148],[134.503657,34.083786],[134.503971,34.08425],[134.503957,34.085054],[134.503689,34.085146],[134.503876,34.085489],[134.503119,34.085774],[134.502418,34.085788],[134.501938,34.08603],[134.501867,34.085908],[134.501319,34.085956],[134.499746,34.086023],[134.499638,34.086041],[134.499619,34.086131],[134.499304,34.086175]]]},"properties":{"S_NAME":"国府町南岩延","HCODE":8101}},{"type":"Feature","geometry":{"type":"Polygon","coordinates":[[[134.479736,34.057979],[134.480208,34.057871],[134.480314,34.058425],[134.480406,34.058792],[134.480498,34.059268],[134.48061,34.059744],[134.480356,34.059816],[134.480293,34.059834],[134.480274,34.059762],[134.480189,34.059447],[134.480054,34.059121],[134.479983,34.058868],[134.479898,34.058563],[134.479827,34.058299],[134.479736,34.057979]]]},"properties":{"S_NAME":"国府町矢野","HCODE":8101}},{"type":"Feature","geometry":{"type":"Polygon","coordinates":[[[134.481904,34.053513],[134.481865,34.053627],[134.481465,34.05446],[134.481195,34.055055],[134.481106,34.055265],[134.481056,34.055451],[134.481032,34.055779],[134.481051,34.05621],[134.481173,34.056361],[134.481369,34.056733],[134.481633,34.057354],[134.481676,34.057625],[134.481562,34.05764],[134.481425,34.057655],[134.4812,34.057675],[134.480956,34.057659],[134.480501,34.057634],[134.480252,34.057598],[134.480168,34.057765],[134.479695,34.057422],[134.479297,34.05713],[134.478734,34.056961],[134.478272,34.056864],[134.477888,34.056791],[134.477521,34.056718],[134.477423,34.057303],[134.477177,34.058118],[134.477092,34.058655],[134.477042,34.059189],[134.476985,34.059902],[134.476934,34.060097],[134.476471,34.061746],[134.476294,34.062402],[134.476102,34.063041],[134.476086,34.063515],[134.476072,34.063951],[134.475948,34.064542],[134.475781,34.065186],[134.47543,34.067137],[134.474819,34.067152],[134.474164,34.06708],[134.474139,34.067033],[134.474354,34.065956],[134.474472,34.06537],[134.473872,34.065276],[134.473242,34.065167],[134.47311,34.066184],[134.471601,34.065841],[134.470752,34.065723],[134.469791,34.065534],[134.469672,34.06553],[134.469592,34.065598],[134.469507,34.065806],[134.469419,34.066247],[134.469347,34.066481],[134.469122,34.066456],[134.468636,34.066423],[134.468634,34.066423],[134.468523,34.066416],[134.468151,34.066327],[134.467815,34.066302],[134.467659,34.067131],[134.467425,34.067093],[134.467081,34.067027],[134.467052,34.066913],[134.467049,34.066622],[134.467061,34.066473],[134.467147,34.06621],[134.467111,34.066039],[134.467092,34.065882],[134.467131,34.065676],[134.467155,34.065407],[134.467189,34.065321],[134.46723,34.065321],[134.467251,34.065395],[134.467246,34.065504],[134.467268,34.065635],[134.467426,34.065639],[134.467484,34.06589],[134.467931,34.065955],[134.467984,34.065682],[134.46835,34.065708],[134.468406,34.06542],[134.468425,34.065351],[134.468672,34.064099],[134.468726,34.063707],[134.468751,34.063467],[134.468837,34.063209],[134.468894,34.063023],[134.469016,34.062314],[134.469049,34.062105],[134.469115,34.061858],[134.469229,34.0616],[134.469444,34.061541],[134.46972,34.061202],[134.469699,34.06109],[134.469783,34.060964],[134.469843,34.060881],[134.469967,34.060724],[134.470086,34.060591],[134.470134,34.060501],[134.470142,34.060436],[134.47019,34.060285],[134.470216,34.060269],[134.470339,34.060147],[134.47057,34.059881],[134.470623,34.059846],[134.470696,34.059813],[134.47085,34.059777],[134.471102,34.059233],[134.471339,34.058755],[134.471267,34.058577],[134.471552,34.057892],[134.471546,34.057862],[134.472242,34.057999],[134.472772,34.05808],[134.472991,34.057265],[134.473418,34.057288],[134.473779,34.057321],[134.473789,34.057195],[134.473883,34.056957],[134.474014,34.05666],[134.473464,34.056638],[134.473119,34.056636],[134.473058,34.056018],[134.472979,34.05594],[134.473036,34.055782],[134.473111,34.055724],[134.473267,34.055669],[134.473374,34.055591],[134.473646,34.055148],[134.473753,34.054639],[134.47377,34.05462],[134.474537,34.05456],[134.474696,34.054485],[134.474895,34.054519],[134.475185,34.054473],[134.475439,34.054341],[134.475777,34.054174],[134.475834,34.054189],[134.475835,34.05419],[134.475976,34.054264],[134.476466,34.054497],[134.47652,34.05451],[134.477039,34.054606],[134.477514,34.054692],[134.477716,34.054737],[134.47792,34.054841],[134.478198,34.054901],[134.478806,34.055018],[134.479404,34.050967],[134.479841,34.051053],[134.479899,34.051099],[134.480104,34.051329],[134.480575,34.051888],[134.481256,34.052933],[134.481314,34.052999],[134.481528,34.05323],[134.481736,34.0534],[134.481904,34.053513]]]},"properties":{"S_NAME":"国府町矢野","HCODE":8101}},{"type":"Feature","geometry":{"type":"Polygon","coordinates":[[[134.493045,34.072185],[134.493187,34.07155],[134.49349,34.0716],[134.49368,34.071619],[134.493732,34.071621],[134.493883,34.071619],[134.493971,34.071624],[134.494121,34.071646],[134.494168,34.071653],[134.494459,34.071671],[134.494636,34.071681],[134.494667,34.071667],[134.494693,34.071655],[134.495112,34.071688],[134.495493,34.071803],[134.496294,34.0728],[134.496124,34.072893],[134.49577,34.072546],[134.495119,34.072426],[134.494099,34.072287],[134.493212,34.072188],[134.493045,34.072185]]]},"properties":{"S_NAME":"国府町和田字居内","HCODE":8101}},{"type":"Feature","geometry":{"type":"Polygon","coordinates":[[[134.492423,34.072171],[134.492484,34.072476],[134.492528,34.072734],[134.492602,34.073212],[134.492655,34.073544],[134.492596,34.07387],[134.492659,34.074854],[134.492644,34.075089],[134.492588,34.075199],[134.491793,34.075104],[134.491635,34.075085],[134.491233,34.075043],[134.490713,34.074987],[134.489426,34.074866],[134.488919,34.074808],[134.488934,34.074621],[134.488984,34.073956],[134.488948,34.073846],[134.48894,34.07366],[134.488887,34.073503],[134.488947,34.073466],[134.489553,34.073208],[134.489708,34.073164],[134.490168,34.073112],[134.490673,34.073022],[134.490902,34.072939],[134.48974,34.072726],[134.489728,34.072644],[134.489667,34.072305],[134.489618,34.072071],[134.489691,34.071894],[134.489739,34.07164],[134.490024,34.070916],[134.490249,34.070947],[134.49064,34.070891],[134.490754,34.070876],[134.491244,34.070911],[134.491263,34.070907],[134.491864,34.070786],[134.492236,34.070702],[134.492249,34.071256],[134.492099,34.071272],[134.492075,34.071688],[134.492057,34.071825],[134.492023,34.071854],[134.491942,34.071864],[134.491952,34.072175],[134.49217,34.072163],[134.492423,34.072171]]]},"properties":{"S_NAME":"国府町和田字居内","HCODE":8101}},{"type":"Feature","geometry":{"type":"Polygon","coordinates":[[[134.48817,34.074737],[134.488614,34.074782],[134.488628,34.074783],[134.488919,34.074808],[134.489426,34.074866],[134.490713,34.074987],[134.491233,34.075043],[134.491635,34.075085],[134.491793,34.075104],[134.492588,34.075199],[134.492645,34.075208],[134.492614,34.075296],[134.492453,34.075647],[134.492862,34.075805],[134.492447,34.076943],[134.492118,34.078558],[134.491948,34.078693],[134.491832,34.079063],[134.491656,34.079516],[134.49157,34.079919],[134.491473,34.080263],[134.491268,34.08086],[134.491038,34.081642],[134.490972,34.081892],[134.490781,34.081605],[134.490646,34.081432],[134.490342,34.081182],[134.490225,34.081158],[134.489753,34.081064],[134.488784,34.080894],[134.488997,34.080302],[134.489064,34.080163],[134.489062,34.080049],[134.489101,34.079984],[134.489269,34.079705],[134.489402,34.079547],[134.48952,34.07878],[134.488642,34.078718],[134.488446,34.078658],[134.48843,34.078657],[134.487211,34.078503],[134.4873,34.078136],[134.487341,34.077903],[134.487432,34.077876],[134.487478,34.077615],[134.487737,34.076926],[134.487826,34.076575],[134.487907,34.076193],[134.487996,34.075883],[134.488058,34.075667],[134.48813,34.075165],[134.48817,34.074737]]]},"properties":{"S_NAME":"国府町和田字竹添","HCODE":8101}},{"type":"Feature","geometry":{"type":"Polygon","coordinates":[[[134.487217,34.074642],[134.487025,34.075357],[134.486852,34.075925],[134.48669,34.076456],[134.486454,34.077116],[134.485247,34.07689],[134.485408,34.076222],[134.485727,34.075174],[134.485939,34.074509],[134.487217,34.074642]]]},"properties":{"S_NAME":"国府町和田字七反田","HCODE":8101}},{"type":"Feature","geometry":{"type":"Polygon","coordinates":[[[134.490024,34.070916],[134.489739,34.07164],[134.489691,34.071894],[134.489618,34.072071],[134.489667,34.072305],[134.489728,34.072644],[134.48974,34.072726],[134.490902,34.072939],[134.490673,34.073022],[134.490168,34.073112],[134.489708,34.073164],[134.489553,34.073208],[134.488947,34.073466],[134.488887,34.073503],[134.488681,34.0736],[134.488469,34.073659],[134.48829,34.073641],[134.488094,34.073629],[134.48793,34.07358],[134.487693,34.0735],[134.487497,34.073444],[134.48758,34.073152],[134.487711,34.072596],[134.487766,34.072333],[134.487801,34.072177],[134.487818,34.072116],[134.487895,34.071827],[134.487966,34.07153],[134.489037,34.07156],[134.489258,34.070769],[134.489546,34.070838],[134.489776,34.070841],[134.490024,34.070916]]]},"properties":{"S_NAME":"国府町和田字表","HCODE":8101}},{"type":"Feature","geometry":{"type":"Polygon","coordinates":[[[134.48817,34.074737],[134.48813,34.075165],[134.488058,34.075667],[134.487996,34.075883],[134.487907,34.076193],[134.487826,34.076575],[134.487737,34.076926],[134.487478,34.077615],[134.487432,34.077876],[134.487341,34.077903],[134.48718,34.077937],[134.487001,34.077912],[134.48679,34.077881],[134.486475,34.077827],[134.486259,34.077759],[134.486315,34.077555],[134.486393,34.077288],[134.486454,34.077116],[134.48669,34.076456],[134.486852,34.075925],[134.487025,34.075357],[134.487217,34.074642],[134.48817,34.074737]]]},"properties":{"S_NAME":"国府町和田字五反田","HCODE":8101}},{"type":"Feature","geometry":{"type":"Polygon","coordinates":[[[134.496394,34.070689],[134.497565,34.071541],[134.498049,34.07212],[134.498262,34.072356],[134.498319,34.072419],[134.498442,34.072787],[134.496486,34.073248],[134.496124,34.072893],[134.496294,34.0728],[134.495493,34.071803],[134.495112,34.071688],[134.494693,34.071655],[134.494667,34.071667],[134.494636,34.071681],[134.494459,34.071671],[134.494168,34.071653],[134.494121,34.071646],[134.493971,34.071624],[134.493883,34.071619],[134.493732,34.071621],[134.49368,34.071619],[134.49349,34.0716],[134.493187,34.07155],[134.493045,34.072185],[134.492423,34.072171],[134.49217,34.072163],[134.491952,34.072175],[134.491942,34.071864],[134.492023,34.071854],[134.492057,34.071825],[134.492075,34.071688],[134.492099,34.071272],[134.492249,34.071256],[134.492236,34.070702],[134.492095,34.070373],[134.492001,34.070017],[134.491953,34.069855],[134.49232,34.069771],[134.492382,34.069622],[134.492439,34.069598],[134.492613,34.069677],[134.492693,34.069658],[134.49283,34.069594],[134.492923,34.06968],[134.49312,34.069783],[134.493168,34.0698],[134.49334,34.069858],[134.493513,34.069885],[134.49365,34.069901],[134.493824,34.069941],[134.493875,34.069965],[134.494538,34.069431],[134.494759,34.069587],[134.495466,34.070097],[134.496394,34.070689]]]},"properties":{"S_NAME":"国府町和田字原淵","HCODE":8101}},{"type":"Feature","geometry":{"type":"Polygon","coordinates":[[[134.472604,34.074248],[134.47249,34.074875],[134.472396,34.075342],[134.472297,34.07558],[134.472263,34.075698],[134.472252,34.076292],[134.472217,34.076377],[134.472172,34.076445],[134.472082,34.076534],[134.472042,34.076636],[134.471961,34.07711],[134.471923,34.077581],[134.471815,34.077857],[134.471717,34.078418],[134.471626,34.07893],[134.471597,34.079396],[134.471619,34.07948],[134.471581,34.07974],[134.471525,34.079839],[134.471451,34.07993],[134.471424,34.079981],[134.471277,34.080117],[134.471243,34.080146],[134.471252,34.080293],[134.471225,34.080349],[134.471146,34.080553],[134.470942,34.081443],[134.470675,34.081493],[134.470586,34.081471],[134.470519,34.081443],[134.470345,34.081272],[134.470281,34.081238],[134.470166,34.081218],[134.470029,34.081215],[134.469993,34.081219],[134.469962,34.081289],[134.469786,34.081512],[134.469669,34.081555],[134.469525,34.081607],[134.46968,34.081496],[134.469723,34.081417],[134.469762,34.081339],[134.469763,34.081252],[134.469677,34.081171],[134.469595,34.081126],[134.469525,34.080946],[134.46933,34.080468],[134.469111,34.079999],[134.468998,34.079639],[134.46896,34.07896],[134.46894,34.078368],[134.468904,34.078244],[134.468944,34.078181],[134.469059,34.078085],[134.469078,34.077989],[134.469104,34.077904],[134.469165,34.077886],[134.469286,34.077818],[134.469419,34.077546],[134.469431,34.077461],[134.469396,34.077304],[134.469361,34.077208],[134.469258,34.07713],[134.46908,34.077007],[134.469012,34.076951],[134.4691,34.076934],[134.469276,34.076927],[134.46948,34.076948],[134.469504,34.076688],[134.46947,34.07661],[134.469492,34.076289],[134.469531,34.076187],[134.469575,34.075988],[134.469644,34.075856],[134.469695,34.075672],[134.469807,34.075232],[134.4699,34.074922],[134.469951,34.074721],[134.470007,34.074222],[134.470082,34.074099],[134.470069,34.073858],[134.470061,34.073613],[134.471218,34.073555],[134.471676,34.073537],[134.471693,34.073875],[134.472669,34.073853],[134.472635,34.074083],[134.472604,34.074248]]]},"properties":{"S_NAME":"国府町池尻","HCODE":8101}},{"type":"Feature","geometry":{"type":"Polygon","coordinates":[[[134.483169,34.088626],[134.482429,34.088643],[134.482338,34.088647],[134.482284,34.088604],[134.482248,34.088576],[134.482171,34.088545],[134.482124,34.088545],[134.481946,34.088569],[134.481929,34.088522],[134.482007,34.088246],[134.482066,34.087954],[134.482065,34.087835],[134.481981,34.08781],[134.481768,34.087828],[134.481852,34.086905],[134.481944,34.086252],[134.482601,34.086346],[134.483602,34.086561],[134.483584,34.086695],[134.483408,34.087669],[134.483324,34.088005],[134.483241,34.088338],[134.483205,34.088483],[134.483169,34.088626]]]},"properties":{"S_NAME":"国府町井戸字天満","HCODE":8101}},{"type":"Feature","geometry":{"type":"Polygon","coordinates":[[[134.487986,34.083731],[134.48766,34.083677],[134.486821,34.083617],[134.486776,34.083814],[134.486511,34.083803],[134.486411,34.083823],[134.486178,34.083795],[134.485712,34.083699],[134.485634,34.083655],[134.48478,34.083557],[134.484366,34.083512],[134.484491,34.082911],[134.48457,34.082497],[134.484718,34.081953],[134.484803,34.081542],[134.484892,34.081105],[134.485109,34.08062],[134.485298,34.0802],[134.485588,34.080239],[134.485899,34.08032],[134.486372,34.080312],[134.486368,34.080391],[134.486614,34.080496],[134.486849,34.080557],[134.487531,34.080638],[134.488029,34.080709],[134.488299,34.080798],[134.488784,34.080894],[134.488482,34.081956],[134.488395,34.082225],[134.488325,34.082397],[134.488064,34.083002],[134.488031,34.083122],[134.487986,34.083731]]]},"properties":{"S_NAME":"国府町井戸字南屋敷","HCODE":8101}},{"type":"Feature","geometry":{"type":"Polygon","coordinates":[[[134.48797,34.084041],[134.487812,34.084995],[134.487719,34.085087],[134.487475,34.08603],[134.487435,34.086112],[134.487356,34.086178],[134.487221,34.086272],[134.487077,34.086327],[134.486926,34.086361],[134.486482,34.086339],[134.486325,34.086373],[134.486237,34.08642],[134.486107,34.08677],[134.485955,34.086833],[134.485592,34.086825],[134.484069,34.086759],[134.483584,34.086695],[134.483602,34.086561],[134.483781,34.085817],[134.481352,34.085076],[134.481405,34.084829],[134.481702,34.083408],[134.481825,34.083127],[134.481926,34.082795],[134.482052,34.08247],[134.482122,34.0821],[134.482865,34.082209],[134.483289,34.082315],[134.483702,34.082395],[134.48457,34.082497],[134.484491,34.082911],[134.484366,34.083512],[134.48478,34.083557],[134.485634,34.083655],[134.485712,34.083699],[134.486178,34.083795],[134.486411,34.083823],[134.486511,34.083803],[134.486776,34.083814],[134.486821,34.083617],[134.48766,34.083677],[134.487986,34.083731],[134.48797,34.084041]]]},"properties":{"S_NAME":"国府町井戸字北屋敷","HCODE":8101}},{"type":"Feature","geometry":{"type":"Polygon","coordinates":[[[134.488784,34.080894],[134.488299,34.080798],[134.488029,34.080709],[134.487531,34.080638],[134.486849,34.080557],[134.486614,34.080496],[134.486368,34.080391],[134.486372,34.080312],[134.485899,34.08032],[134.485588,34.080239],[134.485298,34.0802],[134.485109,34.08062],[134.484892,34.081105],[134.484803,34.081542],[134.484718,34.081953],[134.48457,34.082497],[134.483702,34.082395],[134.483289,34.082315],[134.482865,34.082209],[134.482122,34.0821],[134.482177,34.081627],[134.482195,34.081469],[134.482278,34.081323],[134.482465,34.081131],[134.482524,34.081031],[134.482741,34.080596],[134.48276,34.080533],[134.482787,34.080222],[134.482801,34.080172],[134.482904,34.08001],[134.483067,34.079683],[134.483156,34.07957],[134.483344,34.079448],[134.483373,34.079406],[134.483469,34.078881],[134.483457,34.078707],[134.483394,34.078056],[134.484383,34.078066],[134.485068,34.078164],[134.48606,34.078331],[134.486093,34.078237],[134.486259,34.077759],[134.486475,34.077827],[134.48679,34.077881],[134.487001,34.077912],[134.48718,34.077937],[134.487341,34.077903],[134.4873,34.078136],[134.487211,34.078503],[134.48843,34.078657],[134.488446,34.078658],[134.488642,34.078718],[134.48952,34.07878],[134.489402,34.079547],[134.489269,34.079705],[134.489101,34.079984],[134.489062,34.080049],[134.489064,34.080163],[134.488997,34.080302],[134.488784,34.080894]]]},"properties":{"S_NAME":"国府町井戸字城ノ内","HCODE":8101}},{"type":"Feature","geometry":{"type":"Polygon","coordinates":[[[134.476076,34.094983],[134.47539,34.094966],[134.475112,34.095],[134.473926,34.09533],[134.473768,34.095342],[134.473572,34.095317],[134.473067,34.095177],[134.472,34.094864],[134.471353,34.094701],[134.470747,34.094524],[134.47048,34.094405],[134.470371,34.094338],[134.470288,34.094244],[134.470224,34.094139],[134.470187,34.093411],[134.470198,34.093258],[134.470203,34.093201],[134.470283,34.092974],[134.4704,34.09271],[134.470546,34.092422],[134.470575,34.09219],[134.470553,34.09198],[134.470416,34.091581],[134.470263,34.09118],[134.470166,34.091002],[134.470018,34.090835],[134.46952,34.090392],[134.468671,34.089512],[134.46853,34.089382],[134.468378,34.089114],[134.46855,34.088977],[134.468725,34.088666],[134.468835,34.088414],[134.468932,34.088165],[134.469067,34.088051],[134.469321,34.087848],[134.469534,34.087607],[134.469588,34.087353],[134.469557,34.086906],[134.469676,34.086999],[134.469866,34.087053],[134.469907,34.087091],[134.469908,34.087138],[134.469939,34.087624],[134.46995,34.08767],[134.470002,34.087725],[134.470079,34.087767],[134.470834,34.087847],[134.470858,34.087787],[134.470908,34.087629],[134.47089,34.087403],[134.471294,34.087315],[134.471959,34.087895],[134.47238,34.088403],[134.473389,34.089537],[134.473819,34.090098],[134.47402,34.090342],[134.474062,34.09047],[134.47413,34.09096],[134.474199,34.091522],[134.47426,34.091867],[134.474323,34.091947],[134.474415,34.091998],[134.474563,34.09202],[134.474801,34.092],[134.47499,34.092074],[134.47507,34.092135],[134.475151,34.09221],[134.475248,34.092551],[134.475324,34.092664],[134.475616,34.092912],[134.475731,34.09303],[134.476486,34.093364],[134.476768,34.093468],[134.476962,34.093528],[134.477226,34.093724],[134.477358,34.093818],[134.477695,34.093919],[134.47778,34.093956],[134.478139,34.094194],[134.478486,34.094467],[134.478491,34.094471],[134.47867,34.094593],[134.478868,34.094818],[134.477879,34.094872],[134.476076,34.094983]]]},"properties":{"S_NAME":"国府町川原田","HCODE":8101}},{"type":"Feature","geometry":{"type":"Polygon","coordinates":[[[134.465317,34.086411],[134.465262,34.086552],[134.465122,34.086864],[134.464537,34.086754],[134.464203,34.086697],[134.463593,34.086689],[134.46263,34.086765],[134.462364,34.086792],[134.462338,34.086791],[134.462317,34.08679],[134.462328,34.086647],[134.462338,34.086504],[134.462377,34.086303],[134.462414,34.086204],[134.462446,34.086145],[134.462528,34.085833],[134.462546,34.085738],[134.462639,34.085377],[134.46269,34.085243],[134.46275,34.085112],[134.462789,34.084832],[134.462804,34.08472],[134.462914,34.084372],[134.462917,34.084218],[134.462921,34.084128],[134.462964,34.083925],[134.463009,34.083739],[134.463051,34.08364],[134.463134,34.083462],[134.463156,34.083344],[134.463175,34.08334],[134.463261,34.083351],[134.463935,34.083503],[134.463954,34.083452],[134.464108,34.082672],[134.464166,34.082536],[134.464056,34.08245],[134.463938,34.082439],[134.463804,34.082401],[134.46368,34.082331],[134.463528,34.082309],[134.463396,34.082314],[134.463343,34.082298],[134.463343,34.082263],[134.463432,34.081523],[134.463499,34.081215],[134.463534,34.080931],[134.463557,34.080638],[134.463607,34.080425],[134.463667,34.080302],[134.463695,34.080071],[134.463774,34.079605],[134.463775,34.079598],[134.464253,34.079513],[134.464489,34.07947],[134.464902,34.079514],[134.465191,34.079539],[134.465941,34.079624],[134.466478,34.079746],[134.467039,34.079817],[134.467422,34.079876],[134.467718,34.079917],[134.468079,34.079958],[134.468154,34.080036],[134.468311,34.080271],[134.468353,34.080318],[134.468405,34.080339],[134.468466,34.08037],[134.468522,34.080089],[134.468556,34.080036],[134.4686,34.080001],[134.468656,34.079994],[134.469111,34.079999],[134.46933,34.080468],[134.469525,34.080946],[134.469595,34.081126],[134.469677,34.081171],[134.469763,34.081252],[134.469762,34.081339],[134.469723,34.081417],[134.46968,34.081496],[134.469525,34.081607],[134.469471,34.081654],[134.469464,34.081725],[134.469437,34.081924],[134.469344,34.082249],[134.469154,34.083145],[134.469179,34.083202],[134.469366,34.083274],[134.469354,34.083365],[134.469266,34.083716],[134.469252,34.083805],[134.469108,34.08428],[134.469066,34.084479],[134.469009,34.084799],[134.468882,34.085268],[134.468796,34.085677],[134.468744,34.08596],[134.468735,34.086118],[134.468553,34.085868],[134.468336,34.085738],[134.46793,34.0856],[134.46758,34.085518],[134.467282,34.085414],[134.467137,34.085334],[134.466952,34.085293],[134.466689,34.085304],[134.466527,34.085351],[134.466287,34.085404],[134.466032,34.085487],[134.465905,34.085578],[134.465829,34.085668],[134.465719,34.085688],[134.465588,34.085684],[134.465583,34.086119],[134.465546,34.08621],[134.465438,34.086273],[134.46534,34.086293],[134.465317,34.086411]]]},"properties":{"S_NAME":"国府町桜間","HCODE":8101}},{"type":"Feature","geometry":{"type":"Polygon","coordinates":[[[134.469111,34.079999],[134.468656,34.079994],[134.4686,34.080001],[134.468556,34.080036],[134.468522,34.080089],[134.468466,34.08037],[134.468405,34.080339],[134.468353,34.080318],[134.468311,34.080271],[134.468154,34.080036],[134.468079,34.079958],[134.467718,34.079917],[134.467422,34.079876],[134.467039,34.079817],[134.466478,34.079746],[134.465941,34.079624],[134.465191,34.079539],[134.464902,34.079514],[134.464489,34.07947],[134.464253,34.079513],[134.463775,34.079598],[134.463774,34.079499],[134.4638,34.079286],[134.463943,34.079149],[134.464164,34.078966],[134.464281,34.078906],[134.464451,34.078806],[134.464601,34.078703],[134.464653,34.078627],[134.464701,34.078523],[134.464691,34.078491],[134.464511,34.078445],[134.464012,34.078339],[134.463337,34.078147],[134.463206,34.078123],[134.463175,34.078117],[134.463184,34.078093],[134.463192,34.078079],[134.463465,34.077537],[134.46352,34.077372],[134.463542,34.077265],[134.46356,34.077194],[134.463593,34.077166],[134.463713,34.077049],[134.464051,34.076154],[134.464185,34.075845],[134.464368,34.07548],[134.464433,34.075349],[134.464465,34.075262],[134.464491,34.075057],[134.464556,34.074827],[134.464572,34.074762],[134.46455,34.07473],[134.464498,34.074715],[134.464275,34.074695],[134.46415,34.074682],[134.464132,34.074658],[134.464242,34.074478],[134.464366,34.074218],[134.464409,34.074155],[134.464586,34.073896],[134.464746,34.073501],[134.464891,34.07315],[134.465022,34.072953],[134.465489,34.072567],[134.465605,34.072368],[134.465702,34.072357],[134.465996,34.072398],[134.466232,34.072367],[134.466456,34.072361],[134.466658,34.07243],[134.466837,34.072511],[134.466871,34.072477],[134.467171,34.072257],[134.467308,34.072141],[134.467456,34.072068],[134.467663,34.072014],[134.467725,34.071951],[134.467775,34.071803],[134.467791,34.071678],[134.467826,34.071683],[134.467965,34.071773],[134.468068,34.071753],[134.468263,34.071679],[134.468321,34.071684],[134.46839,34.071736],[134.468448,34.071769],[134.468569,34.071773],[134.468731,34.071735],[134.468851,34.071775],[134.469012,34.071822],[134.469116,34.071787],[134.469184,34.071715],[134.469287,34.0717],[134.469426,34.071747],[134.469405,34.071938],[134.470085,34.072048],[134.470174,34.072064],[134.470545,34.072116],[134.47086,34.072144],[134.471108,34.07219],[134.471447,34.072226],[134.471854,34.072273],[134.471649,34.072542],[134.47156,34.07272],[134.471485,34.072778],[134.471175,34.072843],[134.470779,34.072913],[134.470547,34.072958],[134.470116,34.073106],[134.470129,34.073338],[134.470044,34.073461],[134.470061,34.073613],[134.470069,34.073858],[134.470082,34.074099],[134.470007,34.074222],[134.469951,34.074721],[134.4699,34.074922],[134.469807,34.075232],[134.469695,34.075672],[134.469644,34.075856],[134.469575,34.075988],[134.469531,34.076187],[134.469492,34.076289],[134.46947,34.07661],[134.469504,34.076688],[134.46948,34.076948],[134.469276,34.076927],[134.4691,34.076934],[134.469012,34.076951],[134.46908,34.077007],[134.469258,34.07713],[134.469361,34.077208],[134.469396,34.077304],[134.469431,34.077461],[134.469419,34.077546],[134.469286,34.077818],[134.469165,34.077886],[134.469104,34.077904],[134.469078,34.077989],[134.469059,34.078085],[134.468944,34.078181],[134.468904,34.078244],[134.46894,34.078368],[134.46896,34.07896],[134.468998,34.079639],[134.469111,34.079999]]]},"properties":{"S_NAME":"国府町敷地","HCODE":8101}},{"type":"Feature","geometry":{"type":"Polygon","coordinates":[[[134.47925,34.092086],[134.479165,34.092616],[134.479017,34.093119],[134.478945,34.093534],[134.478909,34.093742],[134.478907,34.093749],[134.478667,34.093776],[134.478612,34.093987],[134.478486,34.094467],[134.478139,34.094194],[134.47778,34.093956],[134.477695,34.093919],[134.477358,34.093818],[134.477226,34.093724],[134.476962,34.093528],[134.476768,34.093468],[134.476486,34.093364],[134.475731,34.09303],[134.475616,34.092912],[134.475324,34.092664],[134.475248,34.092551],[134.475151,34.09221],[134.47507,34.092135],[134.47499,34.092074],[134.474801,34.092],[134.474563,34.09202],[134.474415,34.091998],[134.474323,34.091947],[134.47426,34.091867],[134.474199,34.091522],[134.47413,34.09096],[134.474465,34.090939],[134.474778,34.090927],[134.474931,34.090874],[134.475066,34.090794],[134.475352,34.090689],[134.475573,34.090649],[134.475664,34.090634],[134.475794,34.090562],[134.475923,34.090429],[134.476021,34.090415],[134.476247,34.090417],[134.476463,34.090415],[134.476678,34.090333],[134.47695,34.090203],[134.477179,34.090086],[134.47745,34.089932],[134.477743,34.089713],[134.477979,34.089465],[134.477875,34.089834],[134.477416,34.091869],[134.478693,34.091987],[134.47925,34.092086]]]},"properties":{"S_NAME":"国府町西高輪","HCODE":8101}},{"type":"Feature","geometry":{"type":"Polygon","coordinates":[[[134.491432,34.098333],[134.491108,34.098306],[134.490475,34.098254],[134.49026,34.098267],[134.489761,34.098323],[134.489282,34.098453],[134.488791,34.098668],[134.488395,34.098897],[134.487879,34.099153],[134.487614,34.09924],[134.487122,34.09938],[134.486636,34.099505],[134.486229,34.099569],[134.486083,34.099034],[134.486005,34.098819],[134.485882,34.098588],[134.485869,34.098541],[134.48588,34.098289],[134.485901,34.09793],[134.485965,34.097581],[134.48599,34.097322],[134.485997,34.097258],[134.486032,34.097028],[134.486073,34.096754],[134.486077,34.096601],[134.485991,34.096564],[134.485874,34.096539],[134.485528,34.096464],[134.485473,34.096425],[134.485473,34.096238],[134.485488,34.096057],[134.485481,34.095471],[134.485463,34.095198],[134.485601,34.094621],[134.485704,34.09406],[134.484488,34.093907],[134.484657,34.092949],[134.484467,34.092902],[134.483488,34.092724],[134.482947,34.092657],[134.482813,34.092638],[134.482302,34.092524],[134.482402,34.092029],[134.482541,34.091155],[134.48292,34.089611],[134.483169,34.088626],[134.483205,34.088483],[134.483241,34.088338],[134.483324,34.088005],[134.483408,34.087669],[134.483584,34.086695],[134.484069,34.086759],[134.485592,34.086825],[134.485955,34.086833],[134.486107,34.08677],[134.486237,34.08642],[134.486325,34.086373],[134.486482,34.086339],[134.486926,34.086361],[134.487077,34.086327],[134.487221,34.086272],[134.487356,34.086178],[134.487435,34.086112],[134.487475,34.08603],[134.487719,34.085087],[134.487812,34.084995],[134.48797,34.084041],[134.488333,34.084091],[134.489167,34.084142],[134.489321,34.084141],[134.489516,34.084202],[134.489715,34.08427],[134.490327,34.084352],[134.490098,34.0854],[134.48992,34.086343],[134.489875,34.086748],[134.489869,34.087024],[134.490261,34.08707],[134.491595,34.087173],[134.492075,34.08722],[134.492188,34.087264],[134.492189,34.087325],[134.491941,34.087786],[134.491932,34.087876],[134.491924,34.088095],[134.491878,34.088347],[134.491699,34.089224],[134.491686,34.089364],[134.491583,34.089469],[134.491347,34.089624],[134.491269,34.08968],[134.491203,34.089697],[134.490983,34.090022],[134.49068,34.090416],[134.49039,34.090994],[134.490097,34.091586],[134.489925,34.092087],[134.489901,34.092611],[134.489894,34.093159],[134.489965,34.093863],[134.490082,34.094279],[134.490155,34.094555],[134.490251,34.094878],[134.490278,34.094955],[134.490348,34.095164],[134.49055,34.095551],[134.490681,34.095798],[134.490899,34.096087],[134.49094,34.096126],[134.491135,34.09629],[134.491193,34.096316],[134.491309,34.096377],[134.491364,34.096416],[134.491459,34.096472],[134.491507,34.096511],[134.491686,34.096673],[134.491886,34.09701],[134.491977,34.097212],[134.492103,34.097502],[134.492167,34.097712],[134.492159,34.097952],[134.49213,34.098049],[134.492104,34.098132],[134.492018,34.098306],[134.491977,34.098457],[134.491432,34.098333]]]},"properties":{"S_NAME":"国府町花園","HCODE":8101}},{"type":"Feature","geometry":{"type":"Polygon","coordinates":[[[134.481944,34.086252],[134.481148,34.086137],[134.48097,34.086887],[134.480876,34.087486],[134.480674,34.088425],[134.480612,34.088896],[134.480528,34.08908],[134.480311,34.090189],[134.480128,34.09094],[134.480139,34.091115],[134.480189,34.09125],[134.47996,34.092168],[134.47925,34.092086],[134.478693,34.091987],[134.477416,34.091869],[134.477875,34.089834],[134.477979,34.089465],[134.477743,34.089713],[134.47745,34.089932],[134.477179,34.090086],[134.47695,34.090203],[134.476678,34.090333],[134.476463,34.090415],[134.476247,34.090417],[134.476021,34.090415],[134.475923,34.090429],[134.475794,34.090562],[134.475664,34.090634],[134.475573,34.090649],[134.475352,34.090689],[134.475066,34.090794],[134.474931,34.090874],[134.474778,34.090927],[134.474465,34.090939],[134.47413,34.09096],[134.474062,34.09047],[134.47402,34.090342],[134.473819,34.090098],[134.473389,34.089537],[134.47238,34.088403],[134.471959,34.087895],[134.471294,34.087315],[134.47089,34.087403],[134.470908,34.087629],[134.470858,34.087787],[134.470834,34.087847],[134.470079,34.087767],[134.470002,34.087725],[134.46995,34.08767],[134.469939,34.087624],[134.469908,34.087138],[134.469907,34.087091],[134.469866,34.087053],[134.469676,34.086999],[134.469557,34.086906],[134.46955,34.086804],[134.469542,34.086742],[134.469504,34.086585],[134.469359,34.08645],[134.469184,34.086353],[134.46887,34.086228],[134.468735,34.086118],[134.468744,34.08596],[134.468796,34.085677],[134.468882,34.085268],[134.469009,34.084799],[134.469066,34.084479],[134.469108,34.08428],[134.469252,34.083805],[134.469266,34.083716],[134.469354,34.083365],[134.469366,34.083274],[134.469179,34.083202],[134.469154,34.083145],[134.469344,34.082249],[134.469437,34.081924],[134.469464,34.081725],[134.469471,34.081654],[134.469525,34.081607],[134.469669,34.081555],[134.469786,34.081512],[134.469962,34.081289],[134.469993,34.081219],[134.470029,34.081215],[134.470166,34.081218],[134.470281,34.081238],[134.470345,34.081272],[134.470519,34.081443],[134.470586,34.081471],[134.470675,34.081493],[134.470942,34.081443],[134.471146,34.080553],[134.471225,34.080349],[134.471252,34.080293],[134.471243,34.080146],[134.471277,34.080117],[134.471424,34.079981],[134.471451,34.07993],[134.471525,34.079839],[134.471581,34.07974],[134.471619,34.07948],[134.471597,34.079396],[134.471626,34.07893],[134.471717,34.078418],[134.471815,34.077857],[134.471923,34.077581],[134.471961,34.07711],[134.472042,34.076636],[134.472082,34.076534],[134.472172,34.076445],[134.472217,34.076377],[134.472252,34.076292],[134.472263,34.075698],[134.472297,34.07558],[134.472396,34.075342],[134.47249,34.074875],[134.472604,34.074248],[134.473884,34.074403],[134.473894,34.074404],[134.474335,34.074466],[134.475003,34.074561],[134.47507,34.074647],[134.475064,34.074725],[134.475034,34.074825],[134.47512,34.074782],[134.475175,34.07477],[134.475552,34.074772],[134.475752,34.074771],[134.475937,34.074768],[134.476101,34.074825],[134.476353,34.074885],[134.47662,34.074987],[134.476696,34.074986],[134.476831,34.074988],[134.476876,34.075007],[134.476898,34.075065],[134.47695,34.075227],[134.476964,34.075589],[134.476995,34.075858],[134.476985,34.076078],[134.477186,34.076111],[134.477688,34.076173],[134.47811,34.07623],[134.478344,34.07625],[134.478544,34.076228],[134.478816,34.076157],[134.478985,34.076104],[134.479088,34.076046],[134.479389,34.075776],[134.479447,34.07573],[134.479609,34.075703],[134.479975,34.075677],[134.480183,34.075715],[134.480319,34.075818],[134.480639,34.075953],[134.480728,34.076034],[134.480878,34.076237],[134.481139,34.076495],[134.481173,34.076562],[134.481207,34.076637],[134.481252,34.076817],[134.481323,34.076922],[134.481326,34.076935],[134.481224,34.076962],[134.481184,34.076972],[134.481234,34.077121],[134.481263,34.077264],[134.481268,34.077303],[134.481253,34.077562],[134.481204,34.077664],[134.481687,34.077764],[134.48194,34.077807],[134.482165,34.077925],[134.482231,34.077941],[134.483394,34.078056],[134.483457,34.078707],[134.483469,34.078881],[134.483373,34.079406],[134.483344,34.079448],[134.483156,34.07957],[134.483067,34.079683],[134.482904,34.08001],[134.482801,34.080172],[134.482787,34.080222],[134.48276,34.080533],[134.482741,34.080596],[134.482524,34.081031],[134.482465,34.081131],[134.482278,34.081323],[134.482195,34.081469],[134.482177,34.081627],[134.482122,34.0821],[134.482052,34.08247],[134.481926,34.082795],[134.481825,34.083127],[134.481702,34.083408],[134.481405,34.084829],[134.481352,34.085076],[134.483781,34.085817],[134.483602,34.086561],[134.482601,34.086346],[134.481944,34.086252]]]},"properties":{"S_NAME":"国府町日開","HCODE":8101}},{"type":"Feature","geometry":{"type":"Polygon","coordinates":[[[134.483169,34.088626],[134.48292,34.089611],[134.482541,34.091155],[134.482402,34.092029],[134.482302,34.092524],[134.482813,34.092638],[134.482947,34.092657],[134.483488,34.092724],[134.484467,34.092902],[134.484657,34.092949],[134.484488,34.093907],[134.485704,34.09406],[134.485601,34.094621],[134.485463,34.095198],[134.485481,34.095471],[134.485488,34.096057],[134.485473,34.096238],[134.485473,34.096425],[134.485528,34.096464],[134.485874,34.096539],[134.485991,34.096564],[134.486077,34.096601],[134.486073,34.096754],[134.486032,34.097028],[134.485997,34.097258],[134.48599,34.097322],[134.485965,34.097581],[134.485901,34.09793],[134.48588,34.098289],[134.485869,34.098541],[134.485882,34.098588],[134.486005,34.098819],[134.486083,34.099034],[134.486229,34.099569],[134.485799,34.099615],[134.485426,34.099602],[134.484873,34.099449],[134.484353,34.09905],[134.484142,34.098847],[134.4836,34.098113],[134.483539,34.097987],[134.483385,34.097667],[134.483137,34.097085],[134.482881,34.096553],[134.482817,34.096459],[134.482511,34.096272],[134.481951,34.095961],[134.48154,34.095725],[134.48133,34.095606],[134.480606,34.09534],[134.479617,34.095065],[134.478868,34.094818],[134.47867,34.094593],[134.478491,34.094471],[134.478486,34.094467],[134.478612,34.093987],[134.478667,34.093776],[134.478907,34.093749],[134.478909,34.093742],[134.478945,34.093534],[134.479017,34.093119],[134.479165,34.092616],[134.47925,34.092086],[134.47996,34.092168],[134.480189,34.09125],[134.480139,34.091115],[134.480128,34.09094],[134.480311,34.090189],[134.480528,34.08908],[134.480612,34.088896],[134.480674,34.088425],[134.480876,34.087486],[134.48097,34.086887],[134.481148,34.086137],[134.481944,34.086252],[134.481852,34.086905],[134.481768,34.087828],[134.481981,34.08781],[134.482065,34.087835],[134.482066,34.087954],[134.482007,34.088246],[134.481929,34.088522],[134.481946,34.088569],[134.482124,34.088545],[134.482171,34.088545],[134.482248,34.088576],[134.482284,34.088604],[134.482338,34.088647],[134.482429,34.088643],[134.483169,34.088626]]]},"properties":{"S_NAME":"国府町東高輪","HCODE":8101}},{"type":"Feature","geometry":{"type":"Polygon","coordinates":[[[134.485566,34.106881],[134.485444,34.106892],[134.485338,34.106901],[134.485067,34.106896],[134.484744,34.10698],[134.484442,34.107056],[134.484054,34.107196],[134.483507,34.107473],[134.48312,34.107631],[134.482818,34.107742],[134.482474,34.1079],[134.481709,34.108319],[134.479213,34.104566],[134.478408,34.104518],[134.477481,34.103851],[134.477137,34.10353],[134.477076,34.103437],[134.476973,34.103106],[134.476883,34.102831],[134.476855,34.102731],[134.476,34.10291],[134.475834,34.102916],[134.475634,34.102874],[134.475524,34.102358],[134.475502,34.102048],[134.47551,34.101908],[134.475545,34.101658],[134.475595,34.101659],[134.475838,34.101538],[134.475976,34.101485],[134.476305,34.101427],[134.476764,34.10134],[134.476911,34.101287],[134.477083,34.101206],[134.477263,34.101089],[134.477443,34.100968],[134.478475,34.100004],[134.479359,34.099705],[134.479696,34.099615],[134.4797,34.099939],[134.479773,34.100328],[134.479812,34.100438],[134.479775,34.100502],[134.47968,34.100576],[134.479668,34.10064],[134.479741,34.100929],[134.479723,34.100987],[134.479666,34.101025],[134.4793,34.101154],[134.479275,34.101181],[134.479314,34.101254],[134.479399,34.101475],[134.479419,34.101606],[134.47944,34.101733],[134.479485,34.101822],[134.479577,34.102037],[134.479056,34.102276],[134.479203,34.102386],[134.479389,34.102516],[134.47965,34.102662],[134.480264,34.103089],[134.480475,34.10323],[134.480929,34.103542],[134.481116,34.103794],[134.481214,34.104046],[134.481409,34.104354],[134.481699,34.104865],[134.481908,34.104789],[134.48228,34.104628],[134.482614,34.104483],[134.48274,34.104366],[134.482879,34.104302],[134.483061,34.10419],[134.483402,34.104055],[134.483655,34.10399],[134.48395,34.103871],[134.485566,34.106881]]]},"properties":{"S_NAME":"国府町東黒田字朝日","HCODE":8101}},{"type":"Feature","geometry":{"type":"Polygon","coordinates":[[[134.479696,34.099615],[134.479359,34.099705],[134.478475,34.100004],[134.477443,34.100968],[134.477263,34.101089],[134.477083,34.101206],[134.476911,34.101287],[134.476764,34.10134],[134.476305,34.101427],[134.475976,34.101485],[134.475838,34.101538],[134.475595,34.101659],[134.475545,34.101658],[134.475521,34.10126],[134.475512,34.101067],[134.475525,34.101],[134.475606,34.1009],[134.475662,34.1008],[134.475636,34.100641],[134.47547,34.100123],[134.475449,34.099925],[134.475457,34.099592],[134.475475,34.099296],[134.475485,34.098357],[134.475332,34.098325],[134.47535,34.097527],[134.475084,34.097501],[134.475513,34.097305],[134.476052,34.097003],[134.475909,34.096636],[134.475828,34.096521],[134.475823,34.096375],[134.475868,34.095942],[134.475889,34.095502],[134.475962,34.095496],[134.476028,34.09544],[134.476026,34.095313],[134.476076,34.094983],[134.477879,34.094872],[134.478868,34.094818],[134.479617,34.095065],[134.480606,34.09534],[134.48133,34.095606],[134.48154,34.095725],[134.481951,34.095961],[134.482511,34.096272],[134.482817,34.096459],[134.482881,34.096553],[134.483137,34.097085],[134.483385,34.097667],[134.483539,34.097987],[134.4836,34.098113],[134.484142,34.098847],[134.484353,34.09905],[134.484873,34.099449],[134.485426,34.099602],[134.485799,34.099615],[134.486229,34.099569],[134.485806,34.099737],[134.485249,34.099912],[134.48416,34.100136],[134.483262,34.100262],[134.482723,34.100342],[134.482664,34.100268],[134.482382,34.099957],[134.482342,34.099874],[134.482327,34.099781],[134.482333,34.099715],[134.482346,34.099115],[134.481738,34.099196],[134.480964,34.099302],[134.480858,34.099314],[134.480765,34.099281],[134.480725,34.099282],[134.479696,34.099615]]]},"properties":{"S_NAME":"国府町東黒田字榎島","HCODE":8101}},{"type":"Feature","geometry":{"type":"Polygon","coordinates":[[[134.475332,34.098325],[134.474948,34.098301],[134.474444,34.098266],[134.474159,34.098263],[134.473775,34.098293],[134.473418,34.098351],[134.473299,34.098358],[134.473213,34.098358],[134.472958,34.098347],[134.472481,34.098345],[134.472557,34.097747],[134.472643,34.097141],[134.472689,34.096551],[134.47274,34.095813],[134.472838,34.095636],[134.472962,34.095362],[134.473067,34.095177],[134.473572,34.095317],[134.473768,34.095342],[134.473926,34.09533],[134.475112,34.095],[134.47539,34.094966],[134.476076,34.094983],[134.476026,34.095313],[134.476028,34.09544],[134.475962,34.095496],[134.475889,34.095502],[134.475868,34.095942],[134.475823,34.096375],[134.475828,34.096521],[134.475909,34.096636],[134.476052,34.097003],[134.475513,34.097305],[134.475084,34.097501],[134.47535,34.097527],[134.475332,34.098325]]]},"properties":{"S_NAME":"国府町東黒田字古川","HCODE":8101}},{"type":"Feature","geometry":{"type":"Polygon","coordinates":[[[134.481709,34.108319],[134.481724,34.10835],[134.481126,34.108762],[134.478762,34.105172],[134.478672,34.105087],[134.478569,34.105068],[134.478505,34.105077],[134.478293,34.105178],[134.476964,34.105802],[134.476884,34.105825],[134.476811,34.105815],[134.476391,34.10573],[134.475718,34.105608],[134.474806,34.105422],[134.473913,34.105246],[134.473826,34.105203],[134.47359,34.104929],[134.473306,34.104467],[134.473204,34.104313],[134.472488,34.103127],[134.472335,34.10291],[134.472275,34.102371],[134.472265,34.102074],[134.472198,34.101942],[134.472156,34.101805],[134.472072,34.101415],[134.472067,34.101252],[134.472116,34.100905],[134.472301,34.099987],[134.472428,34.099223],[134.472461,34.099163],[134.472481,34.098345],[134.472958,34.098347],[134.473213,34.098358],[134.473299,34.098358],[134.473418,34.098351],[134.473775,34.098293],[134.474159,34.098263],[134.474444,34.098266],[134.474948,34.098301],[134.475332,34.098325],[134.475485,34.098357],[134.475475,34.099296],[134.475457,34.099592],[134.475449,34.099925],[134.47547,34.100123],[134.475636,34.100641],[134.475662,34.1008],[134.475606,34.1009],[134.475525,34.101],[134.475512,34.101067],[134.475521,34.10126],[134.475545,34.101658],[134.47551,34.101908],[134.475502,34.102048],[134.475524,34.102358],[134.475634,34.102874],[134.475834,34.102916],[134.476,34.10291],[134.476855,34.102731],[134.476883,34.102831],[134.476973,34.103106],[134.477076,34.103437],[134.477137,34.10353],[134.477481,34.103851],[134.478408,34.104518],[134.479213,34.104566],[134.481709,34.108319]]]},"properties":{"S_NAME":"国府町東黒田字桜ノ本","HCODE":8101}},{"type":"Feature","geometry":{"type":"Polygon","coordinates":[[[134.48747,34.106867],[134.487326,34.106868],[134.485566,34.106881],[134.48395,34.103871],[134.482979,34.102205],[134.483614,34.101667],[134.482723,34.100342],[134.483262,34.100262],[134.48416,34.100136],[134.485249,34.099912],[134.485806,34.099737],[134.486229,34.099569],[134.486636,34.099505],[134.487122,34.09938],[134.487614,34.09924],[134.487879,34.099153],[134.488395,34.098897],[134.488791,34.098668],[134.489282,34.098453],[134.489761,34.098323],[134.49026,34.098267],[134.490475,34.098254],[134.491108,34.098306],[134.491432,34.098333],[134.491298,34.098734],[134.491217,34.098972],[134.491301,34.099007],[134.491224,34.099206],[134.490996,34.09951],[134.490735,34.099853],[134.4905,34.100099],[134.490343,34.100204],[134.490089,34.100291],[134.489234,34.100469],[134.488623,34.100828],[134.488449,34.100942],[134.4882,34.101104],[134.488116,34.101135],[134.487238,34.101455],[134.487137,34.101874],[134.487275,34.10239],[134.487267,34.102808],[134.487363,34.103127],[134.48747,34.106867]]]},"properties":{"S_NAME":"国府町東黒田字角ノ瀬","HCODE":8101}},{"type":"Feature","geometry":{"type":"Polygon","coordinates":[[[134.48395,34.103871],[134.483655,34.10399],[134.483402,34.104055],[134.483061,34.10419],[134.482879,34.104302],[134.48274,34.104366],[134.482614,34.104483],[134.48228,34.104628],[134.481908,34.104789],[134.481699,34.104865],[134.481409,34.104354],[134.481214,34.104046],[134.481116,34.103794],[134.480929,34.103542],[134.480475,34.10323],[134.480264,34.103089],[134.47965,34.102662],[134.479389,34.102516],[134.479203,34.102386],[134.479056,34.102276],[134.479577,34.102037],[134.479485,34.101822],[134.47944,34.101733],[134.479419,34.101606],[134.479399,34.101475],[134.479314,34.101254],[134.479275,34.101181],[134.4793,34.101154],[134.479666,34.101025],[134.479723,34.100987],[134.479741,34.100929],[134.479668,34.10064],[134.47968,34.100576],[134.479775,34.100502],[134.479812,34.100438],[134.479773,34.100328],[134.4797,34.099939],[134.479696,34.099615],[134.480725,34.099282],[134.480765,34.099281],[134.480858,34.099314],[134.480964,34.099302],[134.481738,34.099196],[134.482346,34.099115],[134.482333,34.099715],[134.482327,34.099781],[134.482342,34.099874],[134.482382,34.099957],[134.482664,34.100268],[134.482723,34.100342],[134.483614,34.101667],[134.482979,34.102205],[134.48395,34.103871]]]},"properties":{"S_NAME":"国府町東黒田字宮ノ北","HCODE":8101}},{"type":"Feature","geometry":{"type":"Polygon","coordinates":[[[134.458199,34.094708],[134.458152,34.094947],[134.458203,34.095421],[134.458555,34.096029],[134.458562,34.096095],[134.458516,34.096123],[134.457895,34.096271],[134.457393,34.096379],[134.457667,34.096859],[134.457898,34.097441],[134.457979,34.097613],[134.455236,34.09798],[134.455486,34.096747],[134.455707,34.096673],[134.455712,34.096525],[134.455723,34.096326],[134.455584,34.096305],[134.455517,34.096295],[134.454335,34.096624],[134.454145,34.096724],[134.453902,34.096779],[134.453868,34.096546],[134.453651,34.095427],[134.453632,34.095325],[134.45363,34.095302],[134.453604,34.094962],[134.453583,34.094476],[134.453529,34.094096],[134.453483,34.094019],[134.453441,34.093948],[134.453217,34.093659],[134.453579,34.093566],[134.453414,34.093299],[134.453192,34.092989],[134.453116,34.092864],[134.453044,34.092721],[134.452927,34.09249],[134.452861,34.092202],[134.452847,34.091821],[134.453257,34.091821],[134.453359,34.091947],[134.453606,34.091945],[134.454061,34.091977],[134.454609,34.092015],[134.454631,34.092299],[134.45464,34.092413],[134.454792,34.092514],[134.455138,34.09289],[134.455323,34.09309],[134.455562,34.093216],[134.456026,34.093416],[134.456177,34.093835],[134.45636,34.094168],[134.456543,34.094552],[134.456877,34.094562],[134.457062,34.094563],[134.457186,34.094559],[134.457299,34.094604],[134.457531,34.094793],[134.457627,34.09475],[134.457722,34.094726],[134.458199,34.094708]]]},"properties":{"S_NAME":"国府町竜王","HCODE":8101}},{"type":"Feature","geometry":{"type":"Polygon","coordinates":[[[134.467384,34.106706],[134.467207,34.10681],[134.467116,34.106878],[134.466925,34.107104],[134.466738,34.107235],[134.466559,34.107409],[134.46627,34.107071],[134.466133,34.106861],[134.466019,34.106773],[134.465716,34.106672],[134.46537,34.106612],[134.464794,34.106644],[134.46421,34.106686],[134.464208,34.106507],[134.463482,34.106562],[134.463202,34.1066],[134.463137,34.106619],[134.4628,34.106823],[134.462298,34.10714],[134.462011,34.107265],[134.461791,34.10733],[134.461441,34.107395],[134.461042,34.107403],[134.460881,34.1074],[134.460832,34.107338],[134.460611,34.10733],[134.460126,34.107334],[134.459555,34.107338],[134.459469,34.107357],[134.4594,34.107429],[134.458956,34.106105],[134.458864,34.105848],[134.459234,34.105689],[134.459216,34.105528],[134.459196,34.104881],[134.459145,34.104006],[134.459105,34.103751],[134.459123,34.103681],[134.459229,34.103764],[134.459302,34.10382],[134.459366,34.103872],[134.45941,34.103879],[134.459463,34.103851],[134.459765,34.103579],[134.459895,34.103521],[134.460049,34.103504],[134.460282,34.103514],[134.46069,34.10362],[134.460927,34.103662],[134.461114,34.103707],[134.461338,34.103826],[134.461495,34.103937],[134.461602,34.104021],[134.461856,34.104216],[134.461924,34.104252],[134.462284,34.104374],[134.462454,34.104433],[134.462518,34.104516],[134.462732,34.104636],[134.462776,34.104652],[134.463481,34.104445],[134.463669,34.104379],[134.463785,34.104402],[134.463872,34.104377],[134.464352,34.104048],[134.464399,34.104014],[134.464175,34.103718],[134.463979,34.103436],[134.463885,34.103238],[134.463798,34.103044],[134.463989,34.103004],[134.464155,34.102991],[134.464373,34.102979],[134.464652,34.102993],[134.464864,34.103057],[134.46503,34.103073],[134.465189,34.10306],[134.46546,34.102998],[134.465612,34.102958],[134.466009,34.102966],[134.466632,34.102999],[134.467242,34.103044],[134.467212,34.103281],[134.467153,34.10377],[134.467138,34.104061],[134.467084,34.104532],[134.467311,34.104562],[134.467242,34.105158],[134.467239,34.105617],[134.467263,34.105995],[134.467384,34.106706]]]},"properties":{"S_NAME":"国府町佐野塚字野神元","HCODE":8101}},{"type":"Feature","geometry":{"type":"Polygon","coordinates":[[[134.467384,34.106706],[134.467526,34.107005],[134.467619,34.107196],[134.467701,34.107362],[134.467886,34.10771],[134.468132,34.108225],[134.4683,34.108493],[134.468416,34.108657],[134.468743,34.109054],[134.469063,34.109439],[134.469161,34.10951],[134.469238,34.109567],[134.469395,34.109629],[134.469675,34.109718],[134.469838,34.109775],[134.470104,34.109825],[134.470536,34.109849],[134.470639,34.109848],[134.471267,34.113116],[134.470703,34.113077],[134.470682,34.113075],[134.469662,34.112973],[134.468524,34.112887],[134.468077,34.112826],[134.467558,34.112755],[134.465872,34.112288],[134.46473,34.111977],[134.464,34.111743],[134.462685,34.111443],[134.462307,34.11134],[134.461609,34.111149],[134.460662,34.110899],[134.459215,34.110457],[134.458822,34.110307],[134.458702,34.11026],[134.458156,34.110046],[134.458555,34.107747],[134.45945,34.107723],[134.4594,34.107429],[134.459469,34.107357],[134.459555,34.107338],[134.460126,34.107334],[134.460611,34.10733],[134.460832,34.107338],[134.460881,34.1074],[134.461042,34.107403],[134.461441,34.107395],[134.461791,34.10733],[134.462011,34.107265],[134.462298,34.10714],[134.4628,34.106823],[134.463137,34.106619],[134.463202,34.1066],[134.463482,34.106562],[134.464208,34.106507],[134.46421,34.106686],[134.464794,34.106644],[134.46537,34.106612],[134.465716,34.106672],[134.466019,34.106773],[134.466133,34.106861],[134.46627,34.107071],[134.466559,34.107409],[134.466738,34.107235],[134.466925,34.107104],[134.467116,34.106878],[134.467207,34.10681],[134.467384,34.106706]]]},"properties":{"S_NAME":"国府町佐野塚字出口","HCODE":8101}},{"type":"Feature","geometry":{"type":"Polygon","coordinates":[[[134.468671,34.089512],[134.468579,34.089797],[134.468552,34.090176],[134.468434,34.090361],[134.468302,34.090535],[134.468172,34.090767],[134.467945,34.091204],[134.467768,34.091348],[134.467565,34.091521],[134.467532,34.091598],[134.467532,34.091837],[134.467529,34.092184],[134.466793,34.092135],[134.465637,34.092063],[134.465289,34.092064],[134.464746,34.092063],[134.464418,34.092096],[134.463932,34.092163],[134.46398,34.091378],[134.464069,34.089907],[134.464152,34.089053],[134.464397,34.089062],[134.464802,34.089109],[134.465371,34.089071],[134.466199,34.089059],[134.466941,34.089086],[134.467358,34.089083],[134.46751,34.089087],[134.467581,34.089102],[134.46763,34.089158],[134.46769,34.089169],[134.468378,34.089114],[134.46853,34.089382],[134.468671,34.089512]]]},"properties":{"S_NAME":"国府町芝原字神楽免","HCODE":8101}},{"type":"Feature","geometry":{"type":"Polygon","coordinates":[[[134.465149,34.097563],[134.465072,34.097184],[134.464985,34.09708],[134.464858,34.09702],[134.463911,34.096961],[134.464037,34.096099],[134.464102,34.095705],[134.464224,34.095362],[134.464269,34.095301],[134.464301,34.095191],[134.464367,34.095119],[134.464802,34.095212],[134.464921,34.094622],[134.464973,34.094544],[134.465101,34.093318],[134.465139,34.093142],[134.465204,34.093004],[134.465208,34.092805],[134.465227,34.092701],[134.465265,34.092612],[134.465293,34.092439],[134.465289,34.092064],[134.465637,34.092063],[134.466793,34.092135],[134.467529,34.092184],[134.467532,34.091837],[134.467532,34.091598],[134.467565,34.091521],[134.467768,34.091348],[134.467945,34.091204],[134.468172,34.090767],[134.468302,34.090535],[134.468434,34.090361],[134.468552,34.090176],[134.468579,34.089797],[134.468671,34.089512],[134.46952,34.090392],[134.470018,34.090835],[134.470166,34.091002],[134.470263,34.09118],[134.470416,34.091581],[134.470553,34.09198],[134.470575,34.09219],[134.470546,34.092422],[134.4704,34.09271],[134.470283,34.092974],[134.470203,34.093201],[134.470198,34.093258],[134.470187,34.093411],[134.470224,34.094139],[134.470288,34.094244],[134.470371,34.094338],[134.47048,34.094405],[134.470747,34.094524],[134.471353,34.094701],[134.472,34.094864],[134.473067,34.095177],[134.472962,34.095362],[134.472838,34.095636],[134.47274,34.095813],[134.472689,34.096551],[134.472643,34.097141],[134.47253,34.097108],[134.472012,34.096997],[134.471587,34.096901],[134.471097,34.096894],[134.470458,34.096962],[134.470372,34.096958],[134.470001,34.096988],[134.469829,34.096962],[134.469551,34.096947],[134.469273,34.096972],[134.468078,34.097061],[134.468038,34.097072],[134.468076,34.097474],[134.46807,34.097524],[134.467799,34.09752],[134.467123,34.09752],[134.466169,34.097511],[134.465851,34.097513],[134.465149,34.097563]]]},"properties":{"S_NAME":"国府町芝原字東分","HCODE":8101}},{"type":"Feature","geometry":{"type":"Polygon","coordinates":[[[134.458199,34.094708],[134.457722,34.094726],[134.457627,34.09475],[134.457531,34.094793],[134.457299,34.094604],[134.457186,34.094559],[134.457062,34.094563],[134.456877,34.094562],[134.456543,34.094552],[134.45636,34.094168],[134.456177,34.093835],[134.456026,34.093416],[134.45649,34.093374],[134.457158,34.093331],[134.457209,34.0933],[134.457226,34.093265],[134.457268,34.093003],[134.457281,34.092788],[134.457367,34.092522],[134.457336,34.092113],[134.457285,34.091933],[134.457199,34.091606],[134.457062,34.091296],[134.456995,34.090985],[134.456934,34.090653],[134.456904,34.09029],[134.456887,34.089643],[134.456895,34.089421],[134.45803,34.089469],[134.45836,34.089529],[134.458828,34.089592],[134.458866,34.089431],[134.459287,34.089427],[134.459863,34.089436],[134.459829,34.090125],[134.459836,34.090169],[134.460062,34.090216],[134.460125,34.090497],[134.460191,34.090507],[134.460103,34.091788],[134.460138,34.09227],[134.46014,34.092402],[134.460144,34.092809],[134.460207,34.093095],[134.460235,34.093472],[134.46054,34.093503],[134.460525,34.094238],[134.46026,34.094234],[134.46023,34.094504],[134.459319,34.09447],[134.458263,34.094441],[134.458199,34.094708]]]},"properties":{"S_NAME":"国府町芝原字橋本","HCODE":8101}},{"type":"Feature","geometry":{"type":"Polygon","coordinates":[[[134.46732,34.101144],[134.467227,34.101167],[134.467042,34.101201],[134.466917,34.101213],[134.466791,34.101203],[134.466579,34.101199],[134.466387,34.101212],[134.465865,34.101343],[134.465687,34.10141],[134.465601,34.101477],[134.465582,34.10151],[134.465535,34.101505],[134.465211,34.101513],[134.464747,34.101517],[134.464707,34.100317],[134.464456,34.100379],[134.464113,34.10047],[134.463677,34.100605],[134.463348,34.100762],[134.463243,34.100868],[134.463227,34.100648],[134.463219,34.100482],[134.463227,34.100369],[134.463231,34.10033],[134.46324,34.100213],[134.463256,34.100017],[134.463235,34.099301],[134.460997,34.099357],[134.459223,34.099454],[134.458986,34.100166],[134.4588,34.100745],[134.458658,34.100477],[134.458329,34.100045],[134.458349,34.099864],[134.45811,34.099794],[134.458052,34.099768],[134.457943,34.09971],[134.457274,34.099267],[134.456653,34.098831],[134.456517,34.098725],[134.456216,34.098526],[134.455964,34.09834],[134.45535,34.09852],[134.455225,34.09856],[134.455056,34.098743],[134.454411,34.099027],[134.454046,34.099198],[134.454032,34.098628],[134.454014,34.097431],[134.453902,34.096779],[134.454145,34.096724],[134.454335,34.096624],[134.455517,34.096295],[134.455584,34.096305],[134.455723,34.096326],[134.455712,34.096525],[134.455707,34.096673],[134.455486,34.096747],[134.455236,34.09798],[134.457979,34.097613],[134.457898,34.097441],[134.457667,34.096859],[134.457393,34.096379],[134.457895,34.096271],[134.458516,34.096123],[134.458562,34.096095],[134.458555,34.096029],[134.458203,34.095421],[134.458152,34.094947],[134.458199,34.094708],[134.458263,34.094441],[134.459319,34.09447],[134.46023,34.094504],[134.460786,34.0945],[134.461343,34.094545],[134.461999,34.094579],[134.461917,34.095254],[134.462481,34.095304],[134.462798,34.095247],[134.463428,34.095247],[134.463726,34.095262],[134.464224,34.095362],[134.464102,34.095705],[134.464037,34.096099],[134.463911,34.096961],[134.464858,34.09702],[134.464985,34.09708],[134.465072,34.097184],[134.465149,34.097563],[134.465398,34.099309],[134.465442,34.099449],[134.465546,34.099528],[134.465546,34.09955],[134.465526,34.100046],[134.465568,34.100277],[134.465608,34.10031],[134.465747,34.100341],[134.466046,34.100378],[134.466305,34.100425],[134.466511,34.100512],[134.466651,34.100577],[134.467024,34.100766],[134.46729,34.100869],[134.46732,34.101144]]]},"properties":{"S_NAME":"国府町芝原字天満","HCODE":8101}},{"type":"Feature","geometry":{"type":"Polygon","coordinates":[[[134.458866,34.089431],[134.458828,34.089592],[134.45836,34.089529],[134.45803,34.089469],[134.456895,34.089421],[134.456887,34.089643],[134.456904,34.09029],[134.456934,34.090653],[134.456995,34.090985],[134.457062,34.091296],[134.457199,34.091606],[134.457285,34.091933],[134.457336,34.092113],[134.457367,34.092522],[134.457281,34.092788],[134.457268,34.093003],[134.457226,34.093265],[134.457209,34.0933],[134.457158,34.093331],[134.45649,34.093374],[134.456026,34.093416],[134.455562,34.093216],[134.455323,34.09309],[134.455138,34.09289],[134.454792,34.092514],[134.45464,34.092413],[134.454631,34.092299],[134.454609,34.092015],[134.454061,34.091977],[134.453606,34.091945],[134.453359,34.091947],[134.453257,34.091821],[134.452847,34.091821],[134.452802,34.091001],[134.452787,34.090313],[134.452769,34.090063],[134.45279,34.089914],[134.452799,34.089752],[134.452821,34.089217],[134.45282,34.089128],[134.452767,34.089116],[134.452683,34.089098],[134.452694,34.088683],[134.452799,34.087837],[134.452796,34.08769],[134.452806,34.087526],[134.452855,34.086754],[134.452925,34.08643],[134.452936,34.086377],[134.452943,34.086361],[134.452982,34.086269],[134.453361,34.086374],[134.453301,34.086398],[134.45325,34.08643],[134.453232,34.086467],[134.453234,34.086513],[134.453244,34.086547],[134.45331,34.086606],[134.453434,34.086728],[134.453618,34.08691],[134.453733,34.087063],[134.453973,34.087312],[134.454071,34.087393],[134.454149,34.087532],[134.454173,34.087726],[134.454173,34.088008],[134.454186,34.088135],[134.454285,34.088306],[134.454642,34.08861],[134.454874,34.088742],[134.454984,34.088804],[134.455256,34.088829],[134.455506,34.088841],[134.455779,34.088924],[134.456105,34.08894],[134.456263,34.088943],[134.456442,34.088955],[134.456594,34.088977],[134.457729,34.089146],[134.457964,34.089235],[134.458526,34.089411],[134.458866,34.089431]]]},"properties":{"S_NAME":"国府町芝原字観音堂","HCODE":8101}},{"type":"Feature","geometry":{"type":"Polygon","coordinates":[[[134.468378,34.089114],[134.46769,34.089169],[134.46763,34.089158],[134.467581,34.089102],[134.46751,34.089087],[134.467358,34.089083],[134.466941,34.089086],[134.466199,34.089059],[134.465371,34.089071],[134.464802,34.089109],[134.464397,34.089062],[134.464152,34.089053],[134.4642,34.088781],[134.46456,34.088408],[134.464795,34.088027],[134.464739,34.087896],[134.464781,34.087785],[134.465018,34.087551],[134.465297,34.087328],[134.465668,34.087048],[134.465877,34.086978],[134.466049,34.086738],[134.466068,34.086652],[134.466073,34.086606],[134.465776,34.086621],[134.465784,34.086429],[134.465317,34.086411],[134.46534,34.086293],[134.465438,34.086273],[134.465546,34.08621],[134.465583,34.086119],[134.465588,34.085684],[134.465719,34.085688],[134.465829,34.085668],[134.465905,34.085578],[134.466032,34.085487],[134.466287,34.085404],[134.466527,34.085351],[134.466689,34.085304],[134.466952,34.085293],[134.467137,34.085334],[134.467282,34.085414],[134.46758,34.085518],[134.46793,34.0856],[134.468336,34.085738],[134.468553,34.085868],[134.468735,34.086118],[134.46887,34.086228],[134.469184,34.086353],[134.469359,34.08645],[134.469504,34.086585],[134.469542,34.086742],[134.46955,34.086804],[134.469557,34.086906],[134.469588,34.087353],[134.469534,34.087607],[134.469321,34.087848],[134.469067,34.088051],[134.468932,34.088165],[134.468835,34.088414],[134.468725,34.088666],[134.46855,34.088977],[134.468378,34.089114]]]},"properties":{"S_NAME":"国府町芝原字野神","HCODE":8101}},{"type":"Feature","geometry":{"type":"Polygon","coordinates":[[[134.465289,34.092064],[134.465293,34.092439],[134.465265,34.092612],[134.465227,34.092701],[134.465208,34.092805],[134.465204,34.093004],[134.465139,34.093142],[134.465101,34.093318],[134.464973,34.094544],[134.464921,34.094622],[134.464802,34.095212],[134.464367,34.095119],[134.464301,34.095191],[134.464269,34.095301],[134.464224,34.095362],[134.463726,34.095262],[134.463428,34.095247],[134.462798,34.095247],[134.462481,34.095304],[134.461917,34.095254],[134.461999,34.094579],[134.461343,34.094545],[134.460786,34.0945],[134.46023,34.094504],[134.46026,34.094234],[134.460525,34.094238],[134.46054,34.093503],[134.460235,34.093472],[134.460207,34.093095],[134.460144,34.092809],[134.46014,34.092402],[134.460138,34.09227],[134.460483,34.0923],[134.461397,34.09232],[134.462418,34.092356],[134.463489,34.092221],[134.463932,34.092163],[134.464418,34.092096],[134.464746,34.092063],[134.465289,34.092064]]]},"properties":{"S_NAME":"国府町芝原字宮ノ本","HCODE":8101}},{"type":"Feature","geometry":{"type":"Polygon","coordinates":[[[134.463932,34.092163],[134.463489,34.092221],[134.462418,34.092356],[134.461397,34.09232],[134.460483,34.0923],[134.460138,34.09227],[134.460103,34.091788],[134.460191,34.090507],[134.460125,34.090497],[134.460062,34.090216],[134.459836,34.090169],[134.459829,34.090125],[134.459863,34.089436],[134.459969,34.089429],[134.460853,34.089314],[134.461317,34.08924],[134.461877,34.089263],[134.461964,34.089253],[134.462707,34.089076],[134.463037,34.089019],[134.463271,34.088977],[134.46345,34.088959],[134.463522,34.088939],[134.463685,34.08885],[134.464044,34.088609],[134.464282,34.088447],[134.464389,34.088344],[134.464572,34.088168],[134.464739,34.087896],[134.464795,34.088027],[134.46456,34.088408],[134.4642,34.088781],[134.464152,34.089053],[134.464069,34.089907],[134.46398,34.091378],[134.463932,34.092163]]]},"properties":{"S_NAME":"国府町芝原字南芝原","HCODE":8101}},{"type":"Feature","geometry":{"type":"Polygon","coordinates":[[[134.481126,34.108762],[134.481071,34.1088],[134.480268,34.109359],[134.479766,34.109751],[134.479317,34.1101],[134.479176,34.110219],[134.479053,34.110323],[134.478979,34.110385],[134.478462,34.110822],[134.477788,34.111281],[134.477091,34.111686],[134.476199,34.11212],[134.475447,34.112453],[134.474952,34.112639],[134.47436,34.112845],[134.473735,34.113032],[134.472989,34.113113],[134.472404,34.113143],[134.472285,34.113149],[134.471787,34.113155],[134.471267,34.113116],[134.470639,34.109848],[134.470536,34.109849],[134.470104,34.109825],[134.469838,34.109775],[134.469675,34.109718],[134.469395,34.109629],[134.469238,34.109567],[134.469161,34.10951],[134.469063,34.109439],[134.468743,34.109054],[134.468416,34.108657],[134.4683,34.108493],[134.468132,34.108225],[134.467886,34.10771],[134.467701,34.107362],[134.467619,34.107196],[134.467526,34.107005],[134.467384,34.106706],[134.467263,34.105995],[134.467239,34.105617],[134.467242,34.105158],[134.467311,34.104562],[134.467084,34.104532],[134.467138,34.104061],[134.467153,34.10377],[134.467212,34.103281],[134.467242,34.103044],[134.467221,34.10234],[134.467305,34.102196],[134.46736,34.102082],[134.467383,34.101708],[134.46734,34.101477],[134.46732,34.101144],[134.46729,34.100869],[134.467464,34.1008],[134.467667,34.100837],[134.467869,34.100874],[134.468045,34.100964],[134.468192,34.10097],[134.468615,34.100998],[134.468735,34.101035],[134.469178,34.101176],[134.469722,34.101348],[134.470193,34.101505],[134.47034,34.101534],[134.470402,34.10135],[134.470482,34.101113],[134.470545,34.101021],[134.47072,34.100996],[134.470812,34.101049],[134.471049,34.101207],[134.471399,34.10141],[134.47164,34.101578],[134.472198,34.101942],[134.472265,34.102074],[134.472275,34.102371],[134.472335,34.10291],[134.472488,34.103127],[134.473204,34.104313],[134.473306,34.104467],[134.47359,34.104929],[134.473826,34.105203],[134.473913,34.105246],[134.474806,34.105422],[134.475718,34.105608],[134.476391,34.10573],[134.476811,34.105815],[134.476884,34.105825],[134.476964,34.105802],[134.478293,34.105178],[134.478505,34.105077],[134.478569,34.105068],[134.478672,34.105087],[134.478762,34.105172],[134.481126,34.108762]]]},"properties":{"S_NAME":"国府町西黒田字東傍示","HCODE":8101}},{"type":"Feature","geometry":{"type":"Polygon","coordinates":[[[134.467242,34.103044],[134.466632,34.102999],[134.466009,34.102966],[134.465612,34.102958],[134.46546,34.102998],[134.465189,34.10306],[134.46503,34.103073],[134.464864,34.103057],[134.464652,34.102993],[134.464373,34.102979],[134.464155,34.102991],[134.463989,34.103004],[134.463798,34.103044],[134.463885,34.103238],[134.463979,34.103436],[134.464175,34.103718],[134.464399,34.104014],[134.464352,34.104048],[134.463872,34.104377],[134.463785,34.104402],[134.463669,34.104379],[134.463481,34.104445],[134.462776,34.104652],[134.462732,34.104636],[134.462518,34.104516],[134.462454,34.104433],[134.462284,34.104374],[134.461924,34.104252],[134.461856,34.104216],[134.461602,34.104021],[134.461495,34.103937],[134.461338,34.103826],[134.461114,34.103707],[134.460927,34.103662],[134.46069,34.10362],[134.460282,34.103514],[134.460049,34.103504],[134.459895,34.103521],[134.459765,34.103579],[134.459463,34.103851],[134.45941,34.103879],[134.459366,34.103872],[134.459302,34.10382],[134.459229,34.103764],[134.459123,34.103681],[134.459218,34.103606],[134.459168,34.10356],[134.459517,34.103288],[134.459261,34.103053],[134.459491,34.102908],[134.459139,34.102532],[134.459289,34.102397],[134.458967,34.102064],[134.458835,34.101929],[134.459144,34.101532],[134.458956,34.101216],[134.458811,34.100947],[134.4588,34.100745],[134.458986,34.100166],[134.459223,34.099454],[134.460997,34.099357],[134.463235,34.099301],[134.463256,34.100017],[134.46324,34.100213],[134.463231,34.10033],[134.463227,34.100369],[134.463219,34.100482],[134.463227,34.100648],[134.463243,34.100868],[134.463348,34.100762],[134.463677,34.100605],[134.464113,34.10047],[134.464456,34.100379],[134.464707,34.100317],[134.464747,34.101517],[134.465211,34.101513],[134.465535,34.101505],[134.465582,34.10151],[134.465601,34.101477],[134.465687,34.10141],[134.465865,34.101343],[134.466387,34.101212],[134.466579,34.101199],[134.466791,34.101203],[134.466917,34.101213],[134.467042,34.101201],[134.467227,34.101167],[134.46732,34.101144],[134.46734,34.101477],[134.467383,34.101708],[134.46736,34.102082],[134.467305,34.102196],[134.467221,34.10234],[134.467242,34.103044]]]},"properties":{"S_NAME":"国府町西黒田字西傍示","HCODE":8101}},{"type":"Feature","geometry":{"type":"Polygon","coordinates":[[[134.472481,34.098345],[134.472461,34.099163],[134.472428,34.099223],[134.472301,34.099987],[134.472116,34.100905],[134.472067,34.101252],[134.472072,34.101415],[134.472156,34.101805],[134.472198,34.101942],[134.47164,34.101578],[134.471399,34.10141],[134.471049,34.101207],[134.470812,34.101049],[134.47072,34.100996],[134.470545,34.101021],[134.470482,34.101113],[134.470402,34.10135],[134.47034,34.101534],[134.470193,34.101505],[134.469722,34.101348],[134.469178,34.101176],[134.468735,34.101035],[134.468615,34.100998],[134.468192,34.10097],[134.468045,34.100964],[134.467869,34.100874],[134.467667,34.100837],[134.467464,34.1008],[134.46729,34.100869],[134.467024,34.100766],[134.466651,34.100577],[134.466511,34.100512],[134.466305,34.100425],[134.466046,34.100378],[134.465747,34.100341],[134.465608,34.10031],[134.465568,34.100277],[134.465526,34.100046],[134.465546,34.09955],[134.465546,34.099528],[134.465442,34.099449],[134.465398,34.099309],[134.465149,34.097563],[134.465851,34.097513],[134.466169,34.097511],[134.467123,34.09752],[134.467799,34.09752],[134.46807,34.097524],[134.468076,34.097474],[134.468038,34.097072],[134.468078,34.097061],[134.469273,34.096972],[134.469551,34.096947],[134.469829,34.096962],[134.470001,34.096988],[134.470372,34.096958],[134.470458,34.096962],[134.471097,34.096894],[134.471587,34.096901],[134.472012,34.096997],[134.47253,34.097108],[134.472643,34.097141],[134.472557,34.097747],[134.472481,34.098345]]]},"properties":{"S_NAME":"国府町西黒田字南傍示","HCODE":8101}},{"type":"Feature","geometry":{"type":"Polygon","coordinates":[[[134.605238,34.0595],[134.60525,34.059522],[134.606595,34.062039],[134.605584,34.062421],[134.603081,34.063356],[134.603833,34.06474],[134.602383,34.065286],[134.599552,34.066347],[134.599175,34.066488],[134.599078,34.066527],[134.599108,34.066596],[134.599273,34.066919],[134.599292,34.06693],[134.599468,34.06726],[134.599455,34.067264],[134.600526,34.069283],[134.600434,34.069313],[134.600195,34.069459],[134.599149,34.067574],[134.598627,34.067354],[134.596909,34.067965],[134.596733,34.067891],[134.595637,34.06614],[134.594429,34.063645],[134.594354,34.063503],[134.595545,34.063126],[134.601538,34.060918],[134.605238,34.0595]]]},"properties":{"S_NAME":"東沖洲一丁目","HCODE":8101}},{"type":"Feature","geometry":{"type":"Polygon","coordinates":[[[134.588504,34.056458],[134.58866,34.056411],[134.588988,34.056311],[134.59031,34.055875],[134.590535,34.056358],[134.590629,34.05633],[134.590733,34.056298],[134.590497,34.055808],[134.590804,34.055712],[134.591026,34.055685],[134.591243,34.055658],[134.591733,34.055492],[134.59172,34.055459],[134.592565,34.055183],[134.592533,34.055117],[134.592557,34.055109],[134.592546,34.055085],[134.592469,34.05511],[134.592437,34.055043],[134.592417,34.05505],[134.592403,34.055024],[134.592424,34.055017],[134.592404,34.054974],[134.592394,34.054976],[134.592384,34.054954],[134.592394,34.054951],[134.592379,34.054921],[134.592366,34.054924],[134.592354,34.054897],[134.592367,34.054894],[134.592347,34.054852],[134.592334,34.054857],[134.592324,34.054838],[134.592337,34.054834],[134.59232,34.054798],[134.592306,34.054802],[134.592295,34.05478],[134.592309,34.054775],[134.59229,34.054735],[134.592278,34.054738],[134.59227,34.054722],[134.592282,34.054719],[134.592271,34.054694],[134.592471,34.054629],[134.592481,34.054649],[134.592496,34.054645],[134.592504,34.054663],[134.592489,34.054667],[134.592509,34.054709],[134.592525,34.054704],[134.592536,34.054728],[134.59252,34.054734],[134.592535,34.054767],[134.59255,34.054761],[134.59256,34.054782],[134.592545,34.054787],[134.592566,34.054831],[134.592582,34.054826],[134.592592,34.054847],[134.592576,34.054852],[134.592592,34.054884],[134.592608,34.054879],[134.592617,34.054897],[134.592601,34.054902],[134.592624,34.054952],[134.592643,34.054945],[134.592658,34.054976],[134.59264,34.054982],[134.592669,34.055044],[134.592588,34.055071],[134.5926,34.055095],[134.592631,34.055085],[134.592634,34.055089],[134.592653,34.055082],[134.592682,34.055145],[134.593352,34.054926],[134.593297,34.054811],[134.59328,34.054818],[134.593266,34.054789],[134.593284,34.054783],[134.593258,34.054729],[134.593239,34.054735],[134.593089,34.054428],[134.593174,34.0544],[134.593324,34.054707],[134.593296,34.054716],[134.593322,34.05477],[134.593343,34.054762],[134.593358,34.054791],[134.593335,34.054798],[134.59339,34.054913],[134.594054,34.054696],[134.594002,34.054585],[134.593989,34.05459],[134.593969,34.054551],[134.593984,34.054546],[134.593962,34.054499],[134.593932,34.054508],[134.593783,34.054197],[134.593876,34.054166],[134.594025,34.054478],[134.593994,34.054488],[134.594016,34.054535],[134.59404,34.054525],[134.59406,34.054564],[134.594034,34.054573],[134.59408,34.054669],[134.594122,34.054655],[134.594843,34.054416],[134.594414,34.053506],[134.594195,34.053035],[134.594265,34.053011],[134.594503,34.053505],[134.594658,34.053843],[134.595124,34.053723],[134.59524,34.05405],[134.597631,34.053471],[134.597637,34.053467],[134.597964,34.054049],[134.598082,34.054269],[134.599591,34.057079],[134.602264,34.056079],[134.603185,34.05574],[134.603271,34.055707],[134.603298,34.053426],[134.603299,34.051503],[134.603402,34.051503],[134.603401,34.053425],[134.603368,34.055748],[134.603291,34.055749],[134.60324,34.055765],[134.604137,34.057441],[134.604395,34.057924],[134.605238,34.0595],[134.601538,34.060918],[134.595545,34.063126],[134.594354,34.063503],[134.593928,34.062691],[134.592569,34.060105],[134.5924,34.059791],[134.591222,34.0576],[134.590676,34.056432],[134.590676,34.05643],[134.58882,34.057007],[134.588699,34.057044],[134.588681,34.056994],[134.588676,34.056991],[134.588504,34.056458]]]},"properties":{"S_NAME":"東沖洲二丁目","HCODE":8101}},{"type":"Feature","geometry":{"type":"Polygon","coordinates":[[[134.515603,34.078919],[134.515632,34.079084],[134.515695,34.07931],[134.51579,34.079562],[134.516163,34.080084],[134.516533,34.080469],[134.516909,34.080705],[134.517055,34.080849],[134.517106,34.0809],[134.517204,34.08107],[134.517187,34.081068],[134.517041,34.081044],[134.51689,34.080987],[134.516839,34.080968],[134.516749,34.080959],[134.516586,34.080963],[134.516364,34.080971],[134.516114,34.080966],[134.515926,34.080981],[134.515777,34.08098],[134.515647,34.080945],[134.515511,34.080841],[134.515337,34.080707],[134.51529,34.08065],[134.515297,34.08062],[134.514786,34.080233],[134.513942,34.079876],[134.51415,34.079537],[134.514639,34.078766],[134.515603,34.078919]]]},"properties":{"S_NAME":"南島田町一丁目","HCODE":8101}},{"type":"Feature","geometry":{"type":"Polygon","coordinates":[[[134.513942,34.079876],[134.513453,34.08073],[134.513361,34.080682],[134.513115,34.080697],[134.512876,34.080682],[134.512699,34.080622],[134.512461,34.080624],[134.512171,34.080607],[134.511732,34.080568],[134.511502,34.080558],[134.511473,34.081102],[134.511502,34.081137],[134.511717,34.08113],[134.511771,34.081434],[134.51172,34.081446],[134.511584,34.081493],[134.511451,34.081526],[134.510832,34.081717],[134.51042,34.081856],[134.510087,34.081638],[134.509927,34.081496],[134.509804,34.08139],[134.50991,34.081252],[134.509978,34.080965],[134.510006,34.080851],[134.510182,34.080563],[134.510373,34.080347],[134.510233,34.080014],[134.510203,34.079931],[134.510116,34.079878],[134.50999,34.079867],[134.509813,34.079767],[134.509849,34.079384],[134.509748,34.079075],[134.509036,34.079136],[134.508428,34.079145],[134.50849,34.078996],[134.508537,34.078655],[134.508612,34.077789],[134.509627,34.07796],[134.510346,34.078073],[134.510935,34.078158],[134.511405,34.078236],[134.512138,34.078358],[134.51332,34.078547],[134.513352,34.078553],[134.514639,34.078766],[134.51415,34.079537],[134.513942,34.079876]]]},"properties":{"S_NAME":"南島田町二丁目","HCODE":8101}},{"type":"Feature","geometry":{"type":"Polygon","coordinates":[[[134.508612,34.077789],[134.508537,34.078655],[134.50849,34.078996],[134.508428,34.079145],[134.509036,34.079136],[134.509748,34.079075],[134.509849,34.079384],[134.509813,34.079767],[134.50999,34.079867],[134.510116,34.079878],[134.510203,34.079931],[134.510233,34.080014],[134.510373,34.080347],[134.510182,34.080563],[134.510006,34.080851],[134.509978,34.080965],[134.50991,34.081252],[134.509804,34.08139],[134.509666,34.081254],[134.509556,34.081076],[134.50943,34.080755],[134.509354,34.080628],[134.509279,34.080505],[134.509254,34.080416],[134.509259,34.080278],[134.509184,34.079945],[134.50921,34.079712],[134.509001,34.07969],[134.507651,34.079653],[134.506466,34.079621],[134.506564,34.079056],[134.506669,34.078894],[134.506714,34.078428],[134.506719,34.078267],[134.506767,34.078022],[134.506507,34.078018],[134.50652,34.077878],[134.506456,34.077872],[134.506436,34.077995],[134.505999,34.077987],[134.506011,34.077828],[134.505282,34.077756],[134.505322,34.077258],[134.506805,34.077502],[134.507656,34.077642],[134.50789,34.077678],[134.508134,34.077715],[134.508612,34.077789]]]},"properties":{"S_NAME":"南島田町三丁目","HCODE":8101}},{"type":"Feature","geometry":{"type":"Polygon","coordinates":[[[134.505322,34.077258],[134.505282,34.077756],[134.506011,34.077828],[134.505999,34.077987],[134.506436,34.077995],[134.506456,34.077872],[134.50652,34.077878],[134.506507,34.078018],[134.506767,34.078022],[134.506719,34.078267],[134.506714,34.078428],[134.506669,34.078894],[134.506564,34.079056],[134.506466,34.079621],[134.50634,34.080404],[134.50621,34.081217],[134.50608,34.081723],[134.506058,34.082471],[134.506098,34.08283],[134.506198,34.083527],[134.505748,34.083554],[134.504473,34.084037],[134.503971,34.08425],[134.503657,34.083786],[134.503151,34.083148],[134.502514,34.082389],[134.502453,34.082268],[134.502318,34.081999],[134.50164,34.080682],[134.501197,34.079655],[134.500679,34.078111],[134.500185,34.076405],[134.500256,34.076413],[134.500445,34.076437],[134.501982,34.076726],[134.503594,34.076984],[134.503604,34.076986],[134.504581,34.077139],[134.505099,34.077218],[134.505322,34.077258]]]},"properties":{"S_NAME":"南島田町四丁目","HCODE":8101}},{"type":"Feature","geometry":{"type":"Polygon","coordinates":[[[134.536124,34.075869],[134.536031,34.075867],[134.535881,34.075926],[134.535574,34.075922],[134.535472,34.075923],[134.535434,34.07591],[134.535414,34.075601],[134.535442,34.075534],[134.535396,34.074984],[134.535353,34.074796],[134.535323,34.07475],[134.535266,34.074656],[134.535152,34.074436],[134.535102,34.07433],[134.535086,34.074299],[134.535018,34.074246],[134.534978,34.074254],[134.534932,34.074284],[134.534882,34.074318],[134.534785,34.074365],[134.534668,34.074419],[134.534419,34.074508],[134.534141,34.074498],[134.533912,34.074363],[134.533783,34.074156],[134.533722,34.073981],[134.533713,34.073947],[134.533597,34.073762],[134.533516,34.073674],[134.53346,34.073735],[134.533415,34.073785],[134.533323,34.073889],[134.533271,34.073933],[134.533161,34.073997],[134.53304,34.074061],[134.532903,34.074132],[134.532797,34.074187],[134.532777,34.0742],[134.532759,34.0742],[134.532757,34.074198],[134.532432,34.07412],[134.532251,34.074065],[134.531937,34.073961],[134.531695,34.07387],[134.531841,34.073535],[134.531835,34.073512],[134.531834,34.073507],[134.531759,34.073504],[134.531723,34.073517],[134.531689,34.07354],[134.531652,34.073584],[134.531624,34.073603],[134.531545,34.073633],[134.531447,34.073663],[134.531373,34.073684],[134.531284,34.073691],[134.5312,34.073695],[134.531167,34.073687],[134.531136,34.073669],[134.531082,34.073618],[134.531033,34.07357],[134.530977,34.073519],[134.530945,34.073485],[134.530899,34.073458],[134.530837,34.073463],[134.530793,34.073477],[134.53077,34.073492],[134.530747,34.073522],[134.530717,34.073578],[134.530672,34.073674],[134.530641,34.073736],[134.530603,34.073753],[134.530556,34.073757],[134.53051,34.073747],[134.530441,34.073705],[134.530365,34.073652],[134.53026,34.073586],[134.530178,34.073529],[134.53004,34.073376],[134.529992,34.073344],[134.529985,34.07334],[134.529985,34.073341],[134.529984,34.073339],[134.529885,34.073292],[134.529779,34.073248],[134.529765,34.073249],[134.529765,34.073245],[134.529726,34.072669],[134.529657,34.072728],[134.529609,34.072773],[134.529553,34.07282],[134.529522,34.072846],[134.529442,34.072892],[134.529393,34.072919],[134.529326,34.072949],[134.529269,34.072961],[134.529214,34.072973],[134.529148,34.072976],[134.529096,34.072979],[134.529008,34.072965],[134.528844,34.072926],[134.528785,34.072936],[134.528717,34.072948],[134.528698,34.072952],[134.528624,34.072954],[134.528605,34.072952],[134.528474,34.072928],[134.528362,34.072846],[134.52828,34.072703],[134.528205,34.072547],[134.528124,34.072318],[134.528156,34.072059],[134.528167,34.071952],[134.528174,34.071905],[134.528172,34.071748],[134.528156,34.071692],[134.528136,34.071621],[134.528112,34.071567],[134.528096,34.071528],[134.528042,34.071465],[134.527979,34.071419],[134.527951,34.0714],[134.527739,34.071293],[134.52767,34.071259],[134.527624,34.071246],[134.527605,34.071243],[134.527473,34.071238],[134.527413,34.071246],[134.527376,34.071254],[134.527277,34.071289],[134.527234,34.071297],[134.527178,34.071304],[134.527158,34.071303],[134.527114,34.071299],[134.527082,34.07129],[134.527081,34.071292],[134.526712,34.071177],[134.526572,34.071157],[134.526529,34.07116],[134.526565,34.071225],[134.52658,34.07127],[134.526583,34.071291],[134.52658,34.071306],[134.526578,34.07132],[134.526568,34.071337],[134.526537,34.071382],[134.526477,34.071464],[134.526436,34.071521],[134.526413,34.071554],[134.52638,34.071602],[134.526345,34.07165],[134.526324,34.071678],[134.5263,34.071711],[134.526273,34.071745],[134.526253,34.071774],[134.526241,34.07179],[134.526231,34.071804],[134.526212,34.071827],[134.526211,34.071829],[134.526195,34.071844],[134.526188,34.071848],[134.526121,34.071838],[134.526074,34.071835],[134.526029,34.071831],[134.52599,34.071828],[134.525929,34.071824],[134.52589,34.071822],[134.525869,34.07182],[134.525825,34.071817],[134.525794,34.071815],[134.525732,34.07181],[134.525653,34.071804],[134.525599,34.071799],[134.525531,34.071794],[134.52547,34.071788],[134.525421,34.071784],[134.525358,34.071779],[134.525324,34.071776],[134.525299,34.071775],[134.525294,34.07178],[134.525292,34.071784],[134.525287,34.071791],[134.525273,34.071808],[134.525259,34.071822],[134.525246,34.071833],[134.525237,34.07184],[134.525211,34.071857],[134.525196,34.071872],[134.525191,34.071878],[134.52519,34.071886],[134.525192,34.071888],[134.525197,34.071899],[134.525216,34.071923],[134.525235,34.071952],[134.525258,34.071989],[134.525279,34.072027],[134.52532,34.07211],[134.525356,34.072169],[134.525369,34.072186],[134.52539,34.072209],[134.525424,34.072233],[134.525438,34.072251],[134.525443,34.072265],[134.525444,34.072278],[134.525446,34.072296],[134.525444,34.072308],[134.525438,34.07233],[134.525412,34.072412],[134.525401,34.072449],[134.525392,34.072473],[134.525391,34.072481],[134.525393,34.072486],[134.525404,34.072494],[134.525419,34.0725],[134.525437,34.072501],[134.52549,34.072486],[134.525682,34.072433],[134.525732,34.072426],[134.525762,34.072423],[134.525831,34.072601],[134.525843,34.07262],[134.525849,34.072639],[134.525865,34.072663],[134.525884,34.072691],[134.525907,34.07271],[134.525928,34.07274],[134.525926,34.072764],[134.525937,34.072834],[134.525957,34.073005],[134.525957,34.073006],[134.525757,34.073014],[134.525713,34.072928],[134.525606,34.072981],[134.525537,34.073039],[134.525461,34.073102],[134.52536,34.073171],[134.525217,34.073161],[134.525134,34.073622],[134.525133,34.073624],[134.525038,34.073626],[134.525003,34.073514],[134.524962,34.073417],[134.524947,34.073407],[134.524951,34.073338],[134.524943,34.073287],[134.524936,34.073257],[134.524917,34.073224],[134.52488,34.073162],[134.524791,34.073035],[134.524695,34.072914],[134.524688,34.072899],[134.524683,34.072878],[134.524724,34.072723],[134.524722,34.0727],[134.524716,34.072684],[134.524696,34.072654],[134.524648,34.072602],[134.524619,34.072564],[134.524593,34.072552],[134.524543,34.072522],[134.524502,34.072489],[134.524479,34.072457],[134.524468,34.072432],[134.524459,34.072389],[134.524452,34.072311],[134.524447,34.072216],[134.524315,34.072381],[134.524289,34.072404],[134.524235,34.072457],[134.524207,34.072494],[134.524197,34.072515],[134.524172,34.07249],[134.524141,34.072471],[134.523968,34.072366],[134.523972,34.072186],[134.523726,34.072153],[134.523722,34.072152],[134.523721,34.072135],[134.523733,34.071925],[134.523745,34.071727],[134.523756,34.071534],[134.523769,34.071307],[134.523775,34.071191],[134.522875,34.072051],[134.522789,34.072139],[134.522753,34.072165],[134.521813,34.071814],[134.521741,34.071895],[134.521559,34.072056],[134.521214,34.072358],[134.521105,34.072449],[134.521143,34.07237],[134.521198,34.072274],[134.52121,34.072168],[134.521232,34.072138],[134.521304,34.072061],[134.521336,34.072015],[134.521366,34.071704],[134.521434,34.071207],[134.521461,34.070733],[134.521622,34.070222],[134.521755,34.069568],[134.521891,34.068612],[134.52193,34.068144],[134.522036,34.066808],[134.522245,34.065196],[134.522258,34.065199],[134.522289,34.065221],[134.522358,34.065256],[134.522471,34.065298],[134.52259,34.065351],[134.522652,34.065388],[134.522765,34.065552],[134.522846,34.065609],[134.522919,34.06564],[134.522991,34.065658],[134.523121,34.065664],[134.523285,34.065656],[134.523411,34.065645],[134.523492,34.06567],[134.523622,34.065704],[134.523799,34.065782],[134.523951,34.065928],[134.523975,34.065982],[134.523994,34.066001],[134.523998,34.066017],[134.524041,34.066061],[134.524075,34.066067],[134.524121,34.066073],[134.524171,34.066073],[134.524198,34.066076],[134.524331,34.066043],[134.524434,34.066035],[134.524537,34.066057],[134.524606,34.066066],[134.524771,34.066112],[134.524898,34.066152],[134.524955,34.066168],[134.525067,34.066234],[134.525132,34.066311],[134.525148,34.066341],[134.525164,34.066357],[134.525226,34.06648],[134.525284,34.066521],[134.525349,34.066552],[134.525419,34.066593],[134.525473,34.066649],[134.525534,34.066793],[134.525716,34.067011],[134.525847,34.067102],[134.525939,34.06713],[134.526099,34.067148],[134.526183,34.067147],[134.526321,34.067136],[134.526787,34.067158],[134.526848,34.067148],[134.526882,34.067135],[134.526912,34.067093],[134.526927,34.067042],[134.526942,34.066978],[134.526937,34.066934],[134.526891,34.066874],[134.526855,34.066808],[134.526854,34.066719],[134.526903,34.066652],[134.526949,34.066626],[134.527026,34.066576],[134.527072,34.066553],[134.52718,34.066506],[134.527226,34.066493],[134.527258,34.066476],[134.527342,34.066418],[134.52741,34.066376],[134.527489,34.06627],[134.527549,34.066194],[134.52772,34.06583],[134.527765,34.065712],[134.52781,34.065629],[134.527847,34.065604],[134.528075,34.065468],[134.528105,34.065468],[134.528192,34.065467],[134.528199,34.065477],[134.528251,34.065505],[134.528282,34.065549],[134.528314,34.065609],[134.528303,34.065673],[134.528304,34.065752],[134.528323,34.0658],[134.528366,34.065834],[134.528423,34.065866],[134.528483,34.065898],[134.528537,34.065933],[134.528568,34.065996],[134.528565,34.06606],[134.528523,34.066169],[134.528518,34.066228],[134.52853,34.066273],[134.528603,34.066307],[134.528664,34.066354],[134.528734,34.066424],[134.528769,34.06648],[134.528769,34.066631],[134.528762,34.066711],[134.528782,34.066768],[134.528871,34.066897],[134.528946,34.067046],[134.529066,34.067191],[134.529161,34.067489],[134.529182,34.067605],[134.529264,34.067579],[134.529371,34.067548],[134.529514,34.067517],[134.529646,34.067491],[134.529758,34.06743],[134.529956,34.067365],[134.530038,34.06733],[134.530145,34.067321],[134.530222,34.06735],[134.530232,34.067371],[134.530259,34.067439],[134.530245,34.067545],[134.530225,34.067592],[134.53019,34.067686],[134.530216,34.067724],[134.530289,34.067783],[134.530381,34.067837],[134.530484,34.067849],[134.530585,34.067831],[134.531003,34.067675],[134.531059,34.067649],[134.53118,34.067656],[134.531628,34.067634],[134.531832,34.067747],[134.532128,34.068106],[134.53237,34.068534],[134.532516,34.068841],[134.532589,34.068951],[134.532657,34.069087],[134.532756,34.069214],[134.532882,34.069401],[134.53297,34.069511],[134.533063,34.069565],[134.53316,34.069607],[134.533248,34.069629],[134.533315,34.069623],[134.533438,34.069605],[134.53353,34.069566],[134.53357,34.06948],[134.533645,34.069334],[134.533683,34.069117],[134.533646,34.068998],[134.53365,34.068912],[134.533679,34.068801],[134.533714,34.06869],[134.53376,34.068647],[134.533801,34.068651],[134.533842,34.068659],[134.533924,34.068654],[134.533939,34.068663],[134.533935,34.068731],[134.533947,34.068859],[134.533947,34.068914],[134.53401,34.068994],[134.534083,34.069066],[134.53415,34.069126],[134.534285,34.069244],[134.534399,34.069337],[134.534471,34.069366],[134.534522,34.069374],[134.534625,34.069369],[134.534768,34.069342],[134.534845,34.069329],[134.534901,34.069328],[134.535003,34.069293],[134.535075,34.069284],[134.535322,34.069329],[134.535419,34.069336],[134.535537,34.069306],[134.535649,34.069254],[134.535741,34.069219],[134.535873,34.069162],[134.535889,34.069171],[134.535842,34.06931],[134.535822,34.069408],[134.535778,34.069562],[134.535759,34.069651],[134.53578,34.069736],[134.535849,34.069787],[134.535906,34.06985],[134.535973,34.069943],[134.535984,34.070037],[134.535976,34.070123],[134.535986,34.07024],[134.536035,34.070342],[134.536064,34.070412],[134.536102,34.070466],[134.536181,34.070558],[134.536258,34.07069],[134.536298,34.070726],[134.536342,34.070737],[134.536379,34.070738],[134.536414,34.070724],[134.53643,34.070692],[134.536455,34.070618],[134.536486,34.070512],[134.536519,34.070461],[134.536574,34.070359],[134.536644,34.070303],[134.536695,34.070283],[134.536759,34.070269],[134.536834,34.070323],[134.536891,34.070327],[134.536936,34.070316],[134.53696,34.070285],[134.537007,34.070239],[134.537034,34.070246],[134.53712,34.070321],[134.537179,34.070381],[134.537237,34.070429],[134.537329,34.070511],[134.537589,34.070771],[134.537893,34.071129],[134.537967,34.071199],[134.538124,34.071324],[134.538172,34.07138],[134.538288,34.07148],[134.538405,34.071575],[134.538534,34.071698],[134.53872,34.071819],[134.538885,34.071954],[134.539023,34.072037],[134.539424,34.072243],[134.53994,34.072515],[134.540457,34.07274],[134.540802,34.072925],[134.540937,34.073011],[134.541206,34.073207],[134.541252,34.073258],[134.54144,34.073467],[134.541525,34.073631],[134.541581,34.073813],[134.541649,34.074139],[134.541714,34.074272],[134.54176,34.074367],[134.541784,34.074415],[134.541807,34.074481],[134.541842,34.074583],[134.541873,34.074675],[134.541914,34.074794],[134.541945,34.074886],[134.541936,34.074886],[134.541395,34.07488],[134.541248,34.074877],[134.540947,34.074841],[134.540712,34.074792],[134.540609,34.07477],[134.540387,34.074709],[134.540289,34.074698],[134.540227,34.074698],[134.540121,34.074698],[134.540003,34.074701],[134.539784,34.074737],[134.53952,34.074775],[134.539519,34.074775],[134.539337,34.074797],[134.539222,34.074798],[134.538972,34.074781],[134.538692,34.074778],[134.538653,34.074776],[134.538533,34.074718],[134.53845,34.074462],[134.538433,34.074358],[134.538427,34.074224],[134.538359,34.074087],[134.538273,34.073954],[134.538173,34.073884],[134.53809,34.073874],[134.537973,34.07389],[134.537912,34.073852],[134.537833,34.073796],[134.537804,34.073745],[134.537792,34.073661],[134.537775,34.073598],[134.537758,34.073635],[134.537757,34.07363],[134.537593,34.07386],[134.537432,34.074041],[134.537369,34.074119],[134.537123,34.074539],[134.536954,34.074841],[134.536945,34.074859],[134.536825,34.075072],[134.536714,34.075177],[134.536559,34.075286],[134.536362,34.075338],[134.536173,34.075358],[134.536124,34.075869]]]},"properties":{"S_NAME":"佐古山町","HCODE":8101}}]}