{"type":"FeatureCollection","features":[{"type":"Feature","geometry":{"type":"Polygon","coordinates":[[[134.214762,34.086718],[134.21474,34.08686],[134.214703,34.087073],[134.214644,34.087226],[134.214519,34.087406],[134.214456,34.087521],[134.21439,34.087656],[134.21435,34.087851],[134.214317,34.088025],[134.214276,34.088148],[134.214135,34.088365],[134.214097,34.088485],[134.214102,34.088597],[134.21406,34.088694],[134.213973,34.088782],[134.213967,34.0889],[134.213959,34.089234],[134.214022,34.089483],[134.214052,34.089639],[134.214012,34.089771],[134.213591,34.090308],[134.212841,34.090943],[134.212442,34.091512],[134.212303,34.091699],[134.21179,34.092053],[134.211313,34.092314],[134.211118,34.092243],[134.211108,34.09195],[134.211064,34.091864],[134.21106,34.091818],[134.211181,34.09129],[134.211286,34.090766],[134.211441,34.089895],[134.211592,34.08909],[134.21164,34.088588],[134.211695,34.088087],[134.211773,34.088084],[134.211945,34.087756],[134.212049,34.087508],[134.212055,34.087419],[134.212037,34.08714],[134.212039,34.086645],[134.212064,34.086544],[134.212143,34.08644],[134.212195,34.086405],[134.212363,34.086418],[134.21291,34.086442],[134.213339,34.086499],[134.213787,34.086571],[134.213896,34.08658],[134.214101,34.086596],[134.214762,34.086718]]]},"properties":{"S_NAME":"阿波町十善地","HCODE":8101}},{"type":"Feature","geometry":{"type":"Polygon","coordinates":[[[134.220126,34.09116],[134.220078,34.091391],[134.219957,34.091706],[134.219884,34.091882],[134.219853,34.092058],[134.219847,34.092203],[134.219879,34.092429],[134.219889,34.092662],[134.219907,34.093046],[134.219957,34.093612],[134.219929,34.093889],[134.219802,34.094029],[134.219766,34.094163],[134.219752,34.094271],[134.219789,34.094341],[134.21988,34.094497],[134.219946,34.094666],[134.220021,34.094858],[134.22003,34.095041],[134.22001,34.095324],[134.219831,34.095215],[134.219002,34.09476],[134.218843,34.094837],[134.218746,34.094963],[134.218694,34.095052],[134.218627,34.095178],[134.218415,34.095248],[134.218272,34.0953],[134.218137,34.095502],[134.217612,34.096053],[134.217414,34.096207],[134.217356,34.096218],[134.217219,34.096067],[134.217036,34.095917],[134.21645,34.095625],[134.21588,34.095314],[134.215621,34.095101],[134.21533,34.094719],[134.215147,34.09455],[134.214393,34.094038],[134.213669,34.093621],[134.213254,34.093449],[134.212971,34.093322],[134.212797,34.093209],[134.212752,34.093516],[134.21268,34.093629],[134.212469,34.093693],[134.211811,34.093653],[134.211243,34.0936],[134.210726,34.09355],[134.210664,34.093442],[134.210613,34.093295],[134.210582,34.09317],[134.210596,34.093088],[134.211112,34.092343],[134.211118,34.092243],[134.211313,34.092314],[134.21179,34.092053],[134.212303,34.091699],[134.212442,34.091512],[134.212841,34.090943],[134.213591,34.090308],[134.214012,34.089771],[134.214052,34.089639],[134.214022,34.089483],[134.213959,34.089234],[134.213967,34.0889],[134.213973,34.088782],[134.21406,34.088694],[134.214102,34.088597],[134.214097,34.088485],[134.214135,34.088365],[134.214276,34.088148],[134.214317,34.088025],[134.21435,34.087851],[134.21439,34.087656],[134.214456,34.087521],[134.214519,34.087406],[134.214644,34.087226],[134.214703,34.087073],[134.21474,34.08686],[134.214762,34.086718],[134.215011,34.08677],[134.215358,34.086876],[134.215765,34.0871],[134.216183,34.087355],[134.217757,34.088171],[134.218636,34.088658],[134.218942,34.089159],[134.219456,34.08998],[134.219974,34.090902],[134.220079,34.091058],[134.220126,34.09116]]]},"properties":{"S_NAME":"阿波町小倉","HCODE":8101}},{"type":"Feature","geometry":{"type":"Polygon","coordinates":[[[134.226132,34.096618],[134.226054,34.096697],[134.225967,34.096736],[134.22585,34.096754],[134.225699,34.096758],[134.225399,34.096764],[134.225216,34.096806],[134.225083,34.096828],[134.224966,34.096846],[134.224866,34.096875],[134.224756,34.096922],[134.224361,34.097101],[134.22428,34.097121],[134.224171,34.097135],[134.223996,34.097126],[134.223875,34.097113],[134.223816,34.097092],[134.223608,34.096967],[134.223537,34.096947],[134.223485,34.097004],[134.223433,34.096996],[134.222745,34.096552],[134.222752,34.095962],[134.222758,34.095412],[134.222752,34.0949],[134.22273,34.094524],[134.222722,34.094338],[134.22265,34.093963],[134.222516,34.093473],[134.22234,34.09266],[134.222147,34.091726],[134.222311,34.091769],[134.223016,34.091896],[134.224219,34.09212],[134.225065,34.09229],[134.225337,34.092347],[134.225945,34.092488],[134.226402,34.092576],[134.226653,34.092647],[134.226857,34.092708],[134.227287,34.092888],[134.22769,34.093079],[134.227864,34.093123],[134.228179,34.093144],[134.228795,34.093178],[134.228728,34.093796],[134.228631,34.094266],[134.228547,34.09449],[134.228397,34.094741],[134.228173,34.094639],[134.227923,34.094493],[134.22773,34.094333],[134.22752,34.094199],[134.227252,34.094047],[134.227229,34.094061],[134.227143,34.094177],[134.227085,34.094202],[134.226506,34.09421],[134.225963,34.094119],[134.225763,34.094094],[134.22571,34.094109],[134.225676,34.094196],[134.225411,34.094158],[134.225397,34.094776],[134.225438,34.095441],[134.225674,34.09592],[134.225802,34.096256],[134.225928,34.096456],[134.226132,34.096618]]]},"properties":{"S_NAME":"阿波町西柴生","HCODE":8101}},{"type":"Feature","geometry":{"type":"Polygon","coordinates":[[[134.22712,34.097198],[134.226879,34.09713],[134.226652,34.097068],[134.226518,34.096958],[134.226371,34.096795],[134.226184,34.096656],[134.226132,34.096618],[134.225928,34.096456],[134.225802,34.096256],[134.225674,34.09592],[134.225438,34.095441],[134.225397,34.094776],[134.225411,34.094158],[134.225676,34.094196],[134.22571,34.094109],[134.225763,34.094094],[134.225963,34.094119],[134.226506,34.09421],[134.227085,34.094202],[134.227143,34.094177],[134.227229,34.094061],[134.227252,34.094047],[134.22752,34.094199],[134.22773,34.094333],[134.227923,34.094493],[134.228173,34.094639],[134.228397,34.094741],[134.228102,34.09549],[134.227915,34.095925],[134.227809,34.096145],[134.227682,34.096388],[134.227423,34.096782],[134.227192,34.097123],[134.22712,34.097198]]]},"properties":{"S_NAME":"阿波町北柴生","HCODE":8101}},{"type":"Feature","geometry":{"type":"Polygon","coordinates":[[[134.233323,34.099669],[134.233241,34.099871],[134.233091,34.100178],[134.233051,34.100232],[134.232946,34.100179],[134.232745,34.100072],[134.232529,34.099979],[134.232271,34.099896],[134.231823,34.099788],[134.231483,34.099744],[134.231175,34.099754],[134.231017,34.099821],[134.230877,34.099831],[134.230724,34.099809],[134.230306,34.099792],[134.229999,34.099802],[134.229746,34.09987],[134.229639,34.099893],[134.229531,34.099891],[134.229374,34.099823],[134.229192,34.09976],[134.228915,34.099749],[134.22866,34.099761],[134.228353,34.099776],[134.226611,34.098854],[134.226728,34.09866],[134.226784,34.098561],[134.226846,34.098417],[134.226888,34.09829],[134.226908,34.097926],[134.226922,34.097487],[134.226945,34.097401],[134.22701,34.097299],[134.22712,34.097198],[134.227192,34.097123],[134.227423,34.096782],[134.227682,34.096388],[134.227809,34.096145],[134.227915,34.095925],[134.228102,34.09549],[134.228397,34.094741],[134.228547,34.09449],[134.228631,34.094266],[134.228728,34.093796],[134.228795,34.093178],[134.229076,34.093209],[134.229944,34.093272],[134.230554,34.093263],[134.231171,34.093248],[134.231426,34.093762],[134.231561,34.0941],[134.231694,34.09475],[134.23184,34.09538],[134.231915,34.095542],[134.232127,34.095798],[134.232167,34.095894],[134.232184,34.096008],[134.232209,34.096329],[134.232217,34.096654],[134.232275,34.096915],[134.232399,34.097314],[134.232456,34.097497],[134.232592,34.097758],[134.232696,34.098024],[134.232796,34.098376],[134.232922,34.098614],[134.233122,34.098898],[134.233176,34.099152],[134.233257,34.099316],[134.233265,34.099498],[134.233283,34.099599],[134.233323,34.099669]]]},"properties":{"S_NAME":"阿波町山ノ神","HCODE":8101}},{"type":"Feature","geometry":{"type":"Polygon","coordinates":[[[134.231171,34.093248],[134.230554,34.093263],[134.229944,34.093272],[134.229076,34.093209],[134.228795,34.093178],[134.228832,34.092986],[134.228956,34.092562],[134.229268,34.091688],[134.229664,34.090977],[134.229874,34.090532],[134.230939,34.090782],[134.231987,34.091049],[134.231962,34.091301],[134.231985,34.091457],[134.231969,34.091535],[134.231931,34.091572],[134.231876,34.091595],[134.231694,34.091615],[134.23165,34.091665],[134.231554,34.091996],[134.231461,34.092111],[134.230945,34.09233],[134.230875,34.092374],[134.230833,34.092434],[134.230833,34.092498],[134.230963,34.092804],[134.231171,34.093248]]]},"properties":{"S_NAME":"阿波町東柴生","HCODE":8101}},{"type":"Feature","geometry":{"type":"Polygon","coordinates":[[[134.236144,34.099745],[134.236137,34.099782],[134.236064,34.099888],[134.235992,34.099934],[134.234892,34.100324],[134.234832,34.100097],[134.234744,34.09982],[134.234628,34.099474],[134.23422,34.099538],[134.233972,34.099575],[134.233323,34.099669],[134.233283,34.099599],[134.233265,34.099498],[134.233257,34.099316],[134.233176,34.099152],[134.233122,34.098898],[134.232922,34.098614],[134.232796,34.098376],[134.232696,34.098024],[134.232592,34.097758],[134.232456,34.097497],[134.232399,34.097314],[134.232275,34.096915],[134.232217,34.096654],[134.232209,34.096329],[134.232184,34.096008],[134.232167,34.095894],[134.232127,34.095798],[134.231915,34.095542],[134.23184,34.09538],[134.231694,34.09475],[134.231561,34.0941],[134.231426,34.093762],[134.231171,34.093248],[134.232884,34.093184],[134.233908,34.093138],[134.235821,34.09303],[134.236067,34.093017],[134.236318,34.092967],[134.236654,34.092836],[134.236795,34.092785],[134.237045,34.092693],[134.237163,34.092654],[134.237078,34.092994],[134.236907,34.093585],[134.236675,34.094408],[134.236555,34.094876],[134.236453,34.095214],[134.236392,34.095465],[134.236411,34.095832],[134.236496,34.096218],[134.236614,34.096524],[134.23664,34.096677],[134.236655,34.096832],[134.236633,34.096984],[134.236542,34.097193],[134.236383,34.097474],[134.236317,34.097589],[134.235995,34.097905],[134.2359,34.098246],[134.235964,34.098567],[134.235992,34.09864],[134.235968,34.098711],[134.235825,34.098919],[134.235708,34.099181],[134.235691,34.099375],[134.235767,34.099561],[134.23587,34.09966],[134.235939,34.099693],[134.236059,34.099727],[134.236144,34.099745]]]},"properties":{"S_NAME":"阿波町北五味知","HCODE":8101}},{"type":"Feature","geometry":{"type":"Polygon","coordinates":[[[134.238002,34.088473],[134.237937,34.088837],[134.23785,34.089135],[134.237697,34.089432],[134.23747,34.089875],[134.237396,34.090198],[134.237418,34.09096],[134.237414,34.091025],[134.237459,34.09171],[134.237479,34.092144],[134.237445,34.092507],[134.237373,34.092577],[134.237277,34.092616],[134.237163,34.092654],[134.237045,34.092693],[134.236795,34.092785],[134.236654,34.092836],[134.236318,34.092967],[134.236067,34.093017],[134.235821,34.09303],[134.233908,34.093138],[134.232884,34.093184],[134.231171,34.093248],[134.230963,34.092804],[134.230833,34.092498],[134.230833,34.092434],[134.230875,34.092374],[134.230945,34.09233],[134.231461,34.092111],[134.231554,34.091996],[134.23165,34.091665],[134.231694,34.091615],[134.231876,34.091595],[134.231931,34.091572],[134.231969,34.091535],[134.231985,34.091457],[134.231962,34.091301],[134.231987,34.091049],[134.230939,34.090782],[134.229874,34.090532],[134.229997,34.090255],[134.230126,34.089979],[134.230204,34.089894],[134.230341,34.089848],[134.230433,34.08986],[134.230592,34.089883],[134.230819,34.089873],[134.231127,34.089827],[134.231857,34.089644],[134.23204,34.089635],[134.232474,34.089617],[134.232553,34.089243],[134.232669,34.088552],[134.232698,34.08845],[134.232898,34.088116],[134.233056,34.087986],[134.233301,34.087598],[134.233526,34.087355],[134.233692,34.087058],[134.233822,34.086605],[134.234164,34.085895],[134.234309,34.08564],[134.234551,34.085427],[134.23469,34.085258],[134.234808,34.085009],[134.23486,34.084812],[134.234943,34.084564],[134.235036,34.084525],[134.235153,34.084526],[134.235707,34.084594],[134.236243,34.084627],[134.236991,34.084647],[134.237009,34.084409],[134.23695,34.08387],[134.237461,34.083918],[134.237665,34.083926],[134.237682,34.084135],[134.237689,34.084452],[134.237629,34.084999],[134.237494,34.085566],[134.237431,34.086048],[134.237471,34.086385],[134.237574,34.086682],[134.237609,34.086873],[134.237917,34.087677],[134.237976,34.087886],[134.238005,34.088145],[134.238002,34.088473]]]},"properties":{"S_NAME":"阿波町南五味知","HCODE":8101}},{"type":"Feature","geometry":{"type":"Polygon","coordinates":[[[134.237665,34.083926],[134.237461,34.083918],[134.23695,34.08387],[134.237009,34.084409],[134.236991,34.084647],[134.236243,34.084627],[134.235707,34.084594],[134.235153,34.084526],[134.235036,34.084525],[134.234943,34.084564],[134.23486,34.084812],[134.234808,34.085009],[134.23469,34.085258],[134.234551,34.085427],[134.234309,34.08564],[134.234164,34.085895],[134.233822,34.086605],[134.233692,34.087058],[134.233526,34.087355],[134.233301,34.087598],[134.233056,34.087986],[134.232898,34.088116],[134.232698,34.08845],[134.232669,34.088552],[134.232553,34.089243],[134.232474,34.089617],[134.23204,34.089635],[134.231857,34.089644],[134.231127,34.089827],[134.230819,34.089873],[134.230592,34.089883],[134.230433,34.08986],[134.230341,34.089848],[134.230486,34.089661],[134.230591,34.089406],[134.230611,34.089161],[134.23065,34.088987],[134.230722,34.088878],[134.230868,34.088755],[134.231015,34.088632],[134.231059,34.088575],[134.231059,34.088499],[134.231018,34.088354],[134.230948,34.08809],[134.230951,34.087617],[134.230971,34.087497],[134.231047,34.087357],[134.231118,34.087344],[134.23122,34.087284],[134.231321,34.087188],[134.231563,34.086818],[134.231912,34.086278],[134.232102,34.086132],[134.232245,34.085952],[134.23243,34.085457],[134.232585,34.084747],[134.232891,34.084162],[134.233143,34.083858],[134.233208,34.083773],[134.233273,34.083671],[134.233364,34.083479],[134.233412,34.083359],[134.233517,34.082949],[134.233611,34.082521],[134.233698,34.082283],[134.234057,34.081532],[134.234265,34.081404],[134.234574,34.081237],[134.234998,34.080903],[134.235288,34.080568],[134.235454,34.080541],[134.235643,34.080525],[134.23581,34.080528],[134.236491,34.080743],[134.237056,34.08089],[134.237201,34.080928],[134.237134,34.081191],[134.23715,34.081594],[134.23724,34.082224],[134.237468,34.083107],[134.237665,34.083926]]]},"properties":{"S_NAME":"阿波町東原","HCODE":8101}},{"type":"Feature","geometry":{"type":"Polygon","coordinates":[[[134.225337,34.092347],[134.225427,34.09209],[134.225819,34.091191],[134.226218,34.090084],[134.226379,34.089656],[134.226606,34.089021],[134.22672,34.088692],[134.226779,34.088408],[134.22681,34.08792],[134.22682,34.087732],[134.22673,34.08738],[134.226701,34.086519],[134.226741,34.085727],[134.226895,34.084524],[134.227039,34.083735],[134.227208,34.08309],[134.227409,34.082645],[134.227525,34.082375],[134.227661,34.082402],[134.227997,34.082436],[134.228777,34.082574],[134.230702,34.082933],[134.230645,34.083494],[134.230494,34.084721],[134.230476,34.085235],[134.23054,34.085774],[134.230696,34.086776],[134.230768,34.087246],[134.231047,34.087357],[134.230971,34.087497],[134.230951,34.087617],[134.230948,34.08809],[134.231018,34.088354],[134.231059,34.088499],[134.231059,34.088575],[134.231015,34.088632],[134.230868,34.088755],[134.230722,34.088878],[134.23065,34.088987],[134.230611,34.089161],[134.230591,34.089406],[134.230486,34.089661],[134.230341,34.089848],[134.230204,34.089894],[134.230126,34.089979],[134.229997,34.090255],[134.229874,34.090532],[134.229664,34.090977],[134.229268,34.091688],[134.228956,34.092562],[134.228832,34.092986],[134.228795,34.093178],[134.228179,34.093144],[134.227864,34.093123],[134.22769,34.093079],[134.227287,34.092888],[134.226857,34.092708],[134.226653,34.092647],[134.226402,34.092576],[134.225945,34.092488],[134.225337,34.092347]]]},"properties":{"S_NAME":"阿波町南柴生","HCODE":8101}},{"type":"Feature","geometry":{"type":"Polygon","coordinates":[[[134.230702,34.082933],[134.228777,34.082574],[134.227997,34.082436],[134.227661,34.082402],[134.227525,34.082375],[134.227409,34.082645],[134.227208,34.08309],[134.227039,34.083735],[134.226895,34.084524],[134.226741,34.085727],[134.226701,34.086519],[134.22673,34.08738],[134.22682,34.087732],[134.22681,34.08792],[134.226779,34.088408],[134.22672,34.088692],[134.226606,34.089021],[134.226379,34.089656],[134.226218,34.090084],[134.225819,34.091191],[134.225427,34.09209],[134.225337,34.092347],[134.225065,34.09229],[134.224219,34.09212],[134.223016,34.091896],[134.222311,34.091769],[134.222147,34.091726],[134.22213,34.091664],[134.222083,34.091471],[134.222005,34.091077],[134.221803,34.089993],[134.221694,34.089134],[134.221713,34.088727],[134.221744,34.088408],[134.221849,34.088023],[134.221955,34.087724],[134.222227,34.087051],[134.222912,34.085932],[134.223486,34.084895],[134.223733,34.084452],[134.224017,34.083888],[134.224213,34.083426],[134.224323,34.082893],[134.224332,34.082518],[134.224306,34.082284],[134.224263,34.082019],[134.22407,34.081329],[134.223914,34.080955],[134.223751,34.080695],[134.223277,34.080133],[134.22299,34.079691],[134.222929,34.079591],[134.222984,34.079562],[134.223043,34.079554],[134.223253,34.07956],[134.223544,34.079584],[134.22437,34.079652],[134.224529,34.079815],[134.224591,34.079843],[134.225279,34.079915],[134.225392,34.079939],[134.225592,34.080029],[134.227009,34.080754],[134.228087,34.081326],[134.228157,34.081192],[134.228257,34.08095],[134.228477,34.079907],[134.228646,34.079906],[134.228964,34.079927],[134.228934,34.080104],[134.228915,34.080201],[134.228941,34.080269],[134.229023,34.080299],[134.229314,34.080267],[134.229728,34.080217],[134.230072,34.080116],[134.230112,34.08013],[134.230152,34.080167],[134.230238,34.08027],[134.230307,34.080374],[134.23042,34.080378],[134.230572,34.080344],[134.230742,34.080282],[134.230911,34.080257],[134.230827,34.080684],[134.23078,34.081056],[134.230771,34.081409],[134.230775,34.081809],[134.230789,34.08221],[134.230748,34.082638],[134.230702,34.082933]]]},"properties":{"S_NAME":"阿波町綱懸","HCODE":8101}},{"type":"Feature","geometry":{"type":"Polygon","coordinates":[[[134.22299,34.079691],[134.223277,34.080133],[134.223751,34.080695],[134.223914,34.080955],[134.22407,34.081329],[134.224263,34.082019],[134.224306,34.082284],[134.224332,34.082518],[134.224323,34.082893],[134.224213,34.083426],[134.224017,34.083888],[134.223733,34.084452],[134.223486,34.084895],[134.222912,34.085932],[134.222227,34.087051],[134.221955,34.087724],[134.221849,34.088023],[134.221744,34.088408],[134.221713,34.088727],[134.221694,34.089134],[134.221803,34.089993],[134.222005,34.091077],[134.222083,34.091471],[134.22213,34.091664],[134.222147,34.091726],[134.22137,34.091604],[134.220436,34.091395],[134.220297,34.091323],[134.220126,34.09116],[134.220079,34.091058],[134.220064,34.090942],[134.220051,34.090851],[134.219989,34.090688],[134.219865,34.090368],[134.219779,34.089697],[134.219734,34.089206],[134.219753,34.089037],[134.219835,34.088315],[134.219886,34.088137],[134.220073,34.087883],[134.22013,34.087791],[134.220154,34.087582],[134.220134,34.087219],[134.220192,34.086605],[134.220217,34.086344],[134.220237,34.086124],[134.22024,34.086025],[134.220182,34.085901],[134.220117,34.085771],[134.220094,34.085643],[134.220121,34.085184],[134.22012,34.085074],[134.22011,34.084961],[134.220042,34.08473],[134.219961,34.084496],[134.219933,34.084324],[134.219961,34.08403],[134.220033,34.083711],[134.220105,34.083372],[134.220147,34.082656],[134.220148,34.082455],[134.220143,34.082341],[134.220123,34.082075],[134.220062,34.081785],[134.219911,34.080855],[134.219854,34.080517],[134.21983,34.079623],[134.219814,34.079431],[134.219662,34.078755],[134.21983,34.078903],[134.220105,34.079172],[134.220322,34.079305],[134.220567,34.079376],[134.220844,34.079416],[134.221137,34.079448],[134.221451,34.079462],[134.222136,34.079559],[134.222942,34.079713],[134.22299,34.079691]]]},"properties":{"S_NAME":"阿波町東条","HCODE":8101}},{"type":"Feature","geometry":{"type":"Polygon","coordinates":[[[134.220079,34.091058],[134.219974,34.090902],[134.219456,34.08998],[134.218942,34.089159],[134.218636,34.088658],[134.217757,34.088171],[134.216183,34.087355],[134.215765,34.0871],[134.215358,34.086876],[134.215011,34.08677],[134.214762,34.086718],[134.214101,34.086596],[134.213896,34.08658],[134.213913,34.086488],[134.213965,34.086384],[134.21401,34.086349],[134.21417,34.086284],[134.214692,34.085912],[134.214889,34.085744],[134.215048,34.085503],[134.215199,34.085184],[134.215304,34.08481],[134.215423,34.084058],[134.215405,34.083984],[134.21532,34.083913],[134.215255,34.083833],[134.21526,34.083443],[134.215331,34.082627],[134.21546,34.081827],[134.216197,34.081856],[134.218096,34.081965],[134.220123,34.082075],[134.220143,34.082341],[134.220148,34.082455],[134.220147,34.082656],[134.220105,34.083372],[134.220033,34.083711],[134.219961,34.08403],[134.219933,34.084324],[134.219961,34.084496],[134.220042,34.08473],[134.22011,34.084961],[134.22012,34.085074],[134.220121,34.085184],[134.220094,34.085643],[134.220117,34.085771],[134.220182,34.085901],[134.22024,34.086025],[134.220237,34.086124],[134.220217,34.086344],[134.220192,34.086605],[134.220134,34.087219],[134.220154,34.087582],[134.22013,34.087791],[134.220073,34.087883],[134.219886,34.088137],[134.219835,34.088315],[134.219753,34.089037],[134.219734,34.089206],[134.219779,34.089697],[134.219865,34.090368],[134.219989,34.090688],[134.220051,34.090851],[134.220064,34.090942],[134.220079,34.091058]]]},"properties":{"S_NAME":"阿波町真福寺","HCODE":8101}},{"type":"Feature","geometry":{"type":"Polygon","coordinates":[[[134.227822,34.076532],[134.228031,34.077621],[134.228255,34.078768],[134.228417,34.079568],[134.228453,34.079756],[134.228477,34.079907],[134.228257,34.08095],[134.228157,34.081192],[134.228087,34.081326],[134.227009,34.080754],[134.225592,34.080029],[134.225392,34.079939],[134.225279,34.079915],[134.224591,34.079843],[134.224529,34.079815],[134.22437,34.079652],[134.223544,34.079584],[134.223253,34.07956],[134.223043,34.079554],[134.222984,34.079562],[134.222929,34.079591],[134.222803,34.079421],[134.222669,34.079165],[134.222617,34.078956],[134.222519,34.078398],[134.22245,34.077711],[134.222416,34.077359],[134.222392,34.077142],[134.222375,34.076979],[134.222333,34.07662],[134.222407,34.076112],[134.222449,34.075817],[134.222481,34.075578],[134.222592,34.075055],[134.222668,34.074663],[134.223804,34.074626],[134.225231,34.074555],[134.226793,34.074498],[134.226859,34.074495],[134.227842,34.074468],[134.227824,34.074764],[134.227791,34.074971],[134.227694,34.075495],[134.22769,34.075702],[134.227787,34.076289],[134.227822,34.076532]]]},"properties":{"S_NAME":"阿波町丸山","HCODE":8101}},{"type":"Feature","geometry":{"type":"Polygon","coordinates":[[[134.231047,34.087357],[134.230768,34.087246],[134.230696,34.086776],[134.23054,34.085774],[134.230476,34.085235],[134.230494,34.084721],[134.230645,34.083494],[134.230702,34.082933],[134.230748,34.082638],[134.230789,34.08221],[134.230775,34.081809],[134.230771,34.081409],[134.23078,34.081056],[134.230827,34.080684],[134.230911,34.080257],[134.231418,34.0802],[134.232526,34.08014],[134.232665,34.08003],[134.232811,34.079963],[134.233077,34.079919],[134.233485,34.079931],[134.233677,34.079935],[134.23406,34.079934],[134.234487,34.079906],[134.234747,34.079895],[134.234821,34.079904],[134.2349,34.079908],[134.234974,34.079894],[134.235036,34.079842],[134.235086,34.079738],[134.235635,34.079791],[134.235526,34.080115],[134.235386,34.080395],[134.235288,34.080568],[134.234998,34.080903],[134.234574,34.081237],[134.234265,34.081404],[134.234057,34.081532],[134.233698,34.082283],[134.233611,34.082521],[134.233517,34.082949],[134.233412,34.083359],[134.233364,34.083479],[134.233273,34.083671],[134.233208,34.083773],[134.233143,34.083858],[134.232891,34.084162],[134.232585,34.084747],[134.23243,34.085457],[134.232245,34.085952],[134.232102,34.086132],[134.231912,34.086278],[134.231563,34.086818],[134.231321,34.087188],[134.23122,34.087284],[134.231118,34.087344],[134.231047,34.087357]]]},"properties":{"S_NAME":"阿波町北原","HCODE":8101}},{"type":"Feature","geometry":{"type":"Polygon","coordinates":[[[134.233677,34.079935],[134.233485,34.079931],[134.233077,34.079919],[134.232811,34.079963],[134.232665,34.08003],[134.232526,34.08014],[134.231418,34.0802],[134.230911,34.080257],[134.230742,34.080282],[134.230572,34.080344],[134.23042,34.080378],[134.230307,34.080374],[134.230238,34.08027],[134.230152,34.080167],[134.230112,34.08013],[134.230072,34.080116],[134.229728,34.080217],[134.229314,34.080267],[134.229023,34.080299],[134.228941,34.080269],[134.228915,34.080201],[134.228934,34.080104],[134.228964,34.079927],[134.228646,34.079906],[134.228477,34.079907],[134.228453,34.079756],[134.228417,34.079568],[134.228255,34.078768],[134.228031,34.077621],[134.227822,34.076532],[134.228048,34.076516],[134.228343,34.076519],[134.228864,34.076535],[134.229238,34.076617],[134.229615,34.076734],[134.229846,34.076826],[134.229863,34.076873],[134.229842,34.077024],[134.229888,34.077089],[134.229962,34.077136],[134.230098,34.077177],[134.230558,34.077302],[134.231047,34.077481],[134.231143,34.077539],[134.231141,34.077673],[134.231138,34.077944],[134.231408,34.077951],[134.231829,34.077942],[134.231916,34.077912],[134.231958,34.0778],[134.232037,34.077776],[134.232619,34.077809],[134.233374,34.077853],[134.233611,34.077842],[134.233747,34.077789],[134.233842,34.077737],[134.233927,34.077633],[134.233946,34.077882],[134.233924,34.078014],[134.233863,34.078142],[134.233689,34.078317],[134.233554,34.078402],[134.233488,34.078503],[134.233494,34.078994],[134.233506,34.07906],[134.233615,34.079266],[134.233677,34.079935]]]},"properties":{"S_NAME":"阿波町中原","HCODE":8101}},{"type":"Feature","geometry":{"type":"Polygon","coordinates":[[[134.235635,34.079791],[134.235086,34.079738],[134.235036,34.079842],[134.234974,34.079894],[134.2349,34.079908],[134.234821,34.079904],[134.234747,34.079895],[134.234487,34.079906],[134.23406,34.079934],[134.233677,34.079935],[134.233615,34.079266],[134.233506,34.07906],[134.233494,34.078994],[134.233488,34.078503],[134.233554,34.078402],[134.233689,34.078317],[134.233863,34.078142],[134.233924,34.078014],[134.233946,34.077882],[134.233927,34.077633],[134.233917,34.07748],[134.233801,34.077193],[134.233692,34.077029],[134.23364,34.076874],[134.233639,34.07677],[134.233716,34.076553],[134.233766,34.076426],[134.233828,34.076383],[134.234123,34.076405],[134.234468,34.07645],[134.23478,34.076457],[134.235459,34.076392],[134.235601,34.076518],[134.235676,34.076536],[134.23634,34.076526],[134.236316,34.077006],[134.23633,34.077251],[134.236345,34.077741],[134.23624,34.07801],[134.235921,34.078753],[134.235745,34.079329],[134.235696,34.079583],[134.235635,34.079791]]]},"properties":{"S_NAME":"阿波町岡地","HCODE":8101}},{"type":"Feature","geometry":{"type":"Polygon","coordinates":[[[134.237201,34.080928],[134.237056,34.08089],[134.236491,34.080743],[134.23581,34.080528],[134.235643,34.080525],[134.235454,34.080541],[134.235288,34.080568],[134.235386,34.080395],[134.235526,34.080115],[134.235635,34.079791],[134.235696,34.079583],[134.235745,34.079329],[134.235921,34.078753],[134.23624,34.07801],[134.236345,34.077741],[134.23633,34.077251],[134.236316,34.077006],[134.23634,34.076526],[134.236374,34.076151],[134.236428,34.075812],[134.236448,34.075524],[134.236405,34.0752],[134.236411,34.07487],[134.236405,34.074185],[134.236403,34.073912],[134.236409,34.072812],[134.236462,34.072487],[134.236522,34.072286],[134.236605,34.071848],[134.236694,34.071404],[134.237007,34.069978],[134.237195,34.069135],[134.237331,34.06918],[134.2382,34.069433],[134.238644,34.069562],[134.240752,34.070162],[134.241049,34.070246],[134.24079,34.072438],[134.24062,34.074179],[134.24053,34.074932],[134.240424,34.07589],[134.240395,34.076095],[134.240361,34.076149],[134.240344,34.076203],[134.240386,34.076328],[134.240412,34.076444],[134.240413,34.076498],[134.240379,34.07658],[134.240333,34.076721],[134.24021,34.077002],[134.239971,34.077341],[134.239592,34.077759],[134.239303,34.078122],[134.239077,34.07849],[134.23862,34.079079],[134.238595,34.07911],[134.238539,34.07918],[134.237956,34.079773],[134.237462,34.080414],[134.237201,34.080928]]]},"properties":{"S_NAME":"阿波町元町","HCODE":8101}},{"type":"Feature","geometry":{"type":"Polygon","coordinates":[[[134.233927,34.077633],[134.233842,34.077737],[134.233747,34.077789],[134.233611,34.077842],[134.233374,34.077853],[134.232619,34.077809],[134.232037,34.077776],[134.231958,34.0778],[134.231916,34.077912],[134.231829,34.077942],[134.231408,34.077951],[134.231138,34.077944],[134.231141,34.077673],[134.231143,34.077539],[134.231047,34.077481],[134.230558,34.077302],[134.230098,34.077177],[134.229962,34.077136],[134.229888,34.077089],[134.229842,34.077024],[134.229863,34.076873],[134.229846,34.076826],[134.229615,34.076734],[134.229238,34.076617],[134.228864,34.076535],[134.228343,34.076519],[134.228048,34.076516],[134.227822,34.076532],[134.227787,34.076289],[134.22769,34.075702],[134.227694,34.075495],[134.227791,34.074971],[134.227824,34.074764],[134.227842,34.074468],[134.228303,34.074491],[134.22949,34.074571],[134.231086,34.074691],[134.232188,34.074791],[134.233487,34.074918],[134.235157,34.075073],[134.236405,34.0752],[134.236448,34.075524],[134.236428,34.075812],[134.236374,34.076151],[134.23634,34.076526],[134.235676,34.076536],[134.235601,34.076518],[134.235459,34.076392],[134.23478,34.076457],[134.234468,34.07645],[134.234123,34.076405],[134.233828,34.076383],[134.233766,34.076426],[134.233716,34.076553],[134.233639,34.07677],[134.23364,34.076874],[134.233692,34.077029],[134.233801,34.077193],[134.233917,34.07748],[134.233927,34.077633]]]},"properties":{"S_NAME":"阿波町伊沢田","HCODE":8101}},{"type":"Feature","geometry":{"type":"Polygon","coordinates":[[[134.236405,34.0752],[134.235157,34.075073],[134.233487,34.074918],[134.232188,34.074791],[134.231086,34.074691],[134.22949,34.074571],[134.228303,34.074491],[134.227842,34.074468],[134.227837,34.074331],[134.227846,34.074193],[134.227866,34.074072],[134.227949,34.07394],[134.228085,34.07369],[134.228062,34.073436],[134.22835,34.073326],[134.228824,34.073108],[134.229118,34.073008],[134.229321,34.072988],[134.229588,34.072969],[134.230024,34.073002],[134.23071,34.073112],[134.230772,34.07308],[134.230857,34.072905],[134.230824,34.072627],[134.230754,34.072411],[134.230704,34.07236],[134.230338,34.072279],[134.23004,34.072209],[134.23006,34.072036],[134.230335,34.07128],[134.230629,34.070856],[134.2308,34.070855],[134.230787,34.070532],[134.230761,34.069842],[134.230755,34.068901],[134.230769,34.067682],[134.231583,34.067875],[134.231676,34.067897],[134.231949,34.067962],[134.231978,34.067968],[134.23443,34.068494],[134.235779,34.068794],[134.235953,34.068836],[134.237195,34.069135],[134.237007,34.069978],[134.236694,34.071404],[134.236605,34.071848],[134.236522,34.072286],[134.236462,34.072487],[134.236409,34.072812],[134.236403,34.073912],[134.236405,34.074185],[134.236411,34.07487],[134.236405,34.0752]]]},"properties":{"S_NAME":"阿波町大道北","HCODE":8101}},{"type":"Feature","geometry":{"type":"Polygon","coordinates":[[[134.230769,34.067682],[134.230755,34.068901],[134.230761,34.069842],[134.230787,34.070532],[134.2308,34.070855],[134.230629,34.070856],[134.230335,34.07128],[134.23006,34.072036],[134.23004,34.072209],[134.230338,34.072279],[134.230704,34.07236],[134.230754,34.072411],[134.230824,34.072627],[134.230857,34.072905],[134.230772,34.07308],[134.23071,34.073112],[134.230024,34.073002],[134.229588,34.072969],[134.229321,34.072988],[134.229118,34.073008],[134.228824,34.073108],[134.22835,34.073326],[134.228062,34.073436],[134.228085,34.07369],[134.227949,34.07394],[134.227866,34.074072],[134.227846,34.074193],[134.227837,34.074331],[134.227842,34.074468],[134.226859,34.074495],[134.226793,34.074498],[134.225231,34.074555],[134.223804,34.074626],[134.222668,34.074663],[134.2227,34.074444],[134.222746,34.074292],[134.222814,34.074034],[134.222922,34.073624],[134.223064,34.073063],[134.22343,34.07184],[134.22374,34.07076],[134.22386,34.070343],[134.223891,34.070163],[134.223899,34.069948],[134.223889,34.069496],[134.223832,34.068871],[134.223793,34.067688],[134.223839,34.066504],[134.224251,34.066511],[134.224438,34.066516],[134.225902,34.066542],[134.226042,34.066548],[134.226187,34.066562],[134.226306,34.06659],[134.226414,34.066614],[134.2265,34.066634],[134.22727,34.066806],[134.22771,34.066924],[134.229079,34.067289],[134.230769,34.067682]]]},"properties":{"S_NAME":"阿波町西原","HCODE":8101}},{"type":"Feature","geometry":{"type":"Polygon","coordinates":[[[134.215905,34.078746],[134.215918,34.079426],[134.215899,34.079601],[134.215825,34.07974],[134.215628,34.079936],[134.215523,34.081067],[134.21546,34.081827],[134.215331,34.082627],[134.21526,34.083443],[134.215255,34.083833],[134.21532,34.083913],[134.215405,34.083984],[134.215423,34.084058],[134.215304,34.08481],[134.215199,34.085184],[134.215048,34.085503],[134.214889,34.085744],[134.214692,34.085912],[134.21417,34.086284],[134.21401,34.086349],[134.213965,34.086384],[134.213913,34.086488],[134.213896,34.08658],[134.213787,34.086571],[134.213339,34.086499],[134.21291,34.086442],[134.212363,34.086418],[134.212195,34.086405],[134.210854,34.086356],[134.210828,34.086345],[134.210899,34.086084],[134.210973,34.08568],[134.210948,34.085233],[134.210796,34.084817],[134.210696,34.0846],[134.210664,34.084454],[134.210672,34.084304],[134.210688,34.084218],[134.210653,34.084154],[134.210571,34.084079],[134.210467,34.084015],[134.210394,34.083944],[134.210348,34.083841],[134.210347,34.083639],[134.210247,34.082609],[134.210201,34.082378],[134.210183,34.08232],[134.210136,34.082317],[134.210144,34.082281],[134.210187,34.082194],[134.210208,34.082125],[134.210198,34.082002],[134.210141,34.081879],[134.209842,34.081531],[134.209826,34.081442],[134.20986,34.081319],[134.209916,34.081293],[134.209945,34.081101],[134.209962,34.081062],[134.210048,34.081],[134.210452,34.08089],[134.211044,34.080721],[134.2111,34.080645],[134.211112,34.080576],[134.210996,34.080154],[134.211156,34.08012],[134.211269,34.080094],[134.211403,34.080032],[134.211502,34.079955],[134.211563,34.079883],[134.211649,34.079749],[134.212031,34.079743],[134.212709,34.079742],[134.213056,34.079726],[134.213501,34.079705],[134.213678,34.079722],[134.213795,34.07975],[134.213873,34.079768],[134.214037,34.079731],[134.214473,34.079599],[134.214576,34.079534],[134.21461,34.079469],[134.214606,34.078987],[134.214642,34.078917],[134.214728,34.078841],[134.214887,34.078789],[134.215094,34.078745],[134.215455,34.078738],[134.215905,34.078746]]]},"properties":{"S_NAME":"阿波町十善地","HCODE":8101}},{"type":"Feature","geometry":{"type":"Polygon","coordinates":[[[134.215094,34.078745],[134.214887,34.078789],[134.214728,34.078841],[134.214642,34.078917],[134.214606,34.078987],[134.21461,34.079469],[134.214576,34.079534],[134.214473,34.079599],[134.214037,34.079731],[134.213873,34.079768],[134.213795,34.07975],[134.213678,34.079722],[134.213501,34.079705],[134.213056,34.079726],[134.212709,34.079742],[134.212031,34.079743],[134.211649,34.079749],[134.211563,34.079883],[134.211502,34.079955],[134.211403,34.080032],[134.211269,34.080094],[134.211156,34.08012],[134.210996,34.080154],[134.210692,34.080293],[134.210712,34.080022],[134.210775,34.079452],[134.210785,34.079137],[134.210832,34.078828],[134.210874,34.078621],[134.210916,34.078408],[134.210931,34.078198],[134.210925,34.077981],[134.210935,34.07786],[134.210973,34.077741],[134.211038,34.077664],[134.211089,34.077599],[134.211135,34.077356],[134.211168,34.076951],[134.211296,34.07609],[134.211364,34.075789],[134.211376,34.075493],[134.211293,34.075198],[134.211268,34.075112],[134.211492,34.074847],[134.211727,34.074623],[134.212058,34.074278],[134.212238,34.074029],[134.212288,34.0739],[134.212293,34.073708],[134.212302,34.073436],[134.212217,34.072684],[134.212168,34.072202],[134.212843,34.072189],[134.214093,34.072215],[134.214925,34.072237],[134.21517,34.072295],[134.215309,34.072362],[134.215478,34.072458],[134.215617,34.072569],[134.215814,34.072827],[134.215945,34.073009],[134.216052,34.073108],[134.216071,34.073294],[134.216103,34.073575],[134.216178,34.073761],[134.216358,34.07399],[134.21658,34.074183],[134.216615,34.07423],[134.216653,34.074363],[134.216804,34.074899],[134.216848,34.074996],[134.21694,34.075136],[134.217016,34.075426],[134.217062,34.075723],[134.217074,34.075912],[134.217149,34.076071],[134.216648,34.07616],[134.216526,34.07601],[134.216499,34.075927],[134.216481,34.075773],[134.216467,34.075719],[134.216415,34.075705],[134.216164,34.075692],[134.216103,34.075588],[134.215382,34.075643],[134.215351,34.075799],[134.21524,34.076034],[134.215268,34.076289],[134.215257,34.076504],[134.215142,34.076753],[134.215179,34.07729],[134.215198,34.077438],[134.215161,34.077707],[134.215189,34.07788],[134.215177,34.078006],[134.215065,34.078068],[134.214892,34.078108],[134.214891,34.078247],[134.214888,34.078322],[134.21491,34.078437],[134.215028,34.078623],[134.215094,34.078745]]]},"properties":{"S_NAME":"阿波町高垣","HCODE":8101}},{"type":"Feature","geometry":{"type":"Polygon","coordinates":[[[134.215905,34.078746],[134.215455,34.078738],[134.215094,34.078745],[134.215028,34.078623],[134.21491,34.078437],[134.214888,34.078322],[134.214891,34.078247],[134.214892,34.078108],[134.215065,34.078068],[134.215177,34.078006],[134.215189,34.07788],[134.215161,34.077707],[134.215198,34.077438],[134.215179,34.07729],[134.215142,34.076753],[134.215257,34.076504],[134.215268,34.076289],[134.21524,34.076034],[134.215351,34.075799],[134.215382,34.075643],[134.216103,34.075588],[134.216164,34.075692],[134.216415,34.075705],[134.216467,34.075719],[134.216481,34.075773],[134.216499,34.075927],[134.216526,34.07601],[134.216648,34.07616],[134.217149,34.076071],[134.217074,34.075912],[134.217062,34.075723],[134.217663,34.075561],[134.218167,34.075436],[134.217735,34.074539],[134.218082,34.074516],[134.218445,34.074503],[134.219109,34.074483],[134.220148,34.074482],[134.220952,34.074485],[134.221381,34.074554],[134.222024,34.074678],[134.222101,34.075102],[134.222116,34.075317],[134.221696,34.075516],[134.221292,34.075759],[134.220944,34.076016],[134.220377,34.076537],[134.220253,34.07661],[134.220063,34.076661],[134.219929,34.076655],[134.219739,34.076631],[134.219644,34.076664],[134.219554,34.076783],[134.219417,34.07696],[134.219309,34.077007],[134.219193,34.07703],[134.218952,34.077066],[134.218729,34.077099],[134.218582,34.077136],[134.218401,34.077191],[134.21825,34.077253],[134.217335,34.077952],[134.216807,34.078386],[134.21649,34.078513],[134.216252,34.078642],[134.216099,34.078716],[134.215905,34.078746]]]},"properties":{"S_NAME":"阿波町居屋敷","HCODE":8101}},{"type":"Feature","geometry":{"type":"Polygon","coordinates":[[[134.220123,34.082075],[134.218096,34.081965],[134.216197,34.081856],[134.21546,34.081827],[134.215523,34.081067],[134.215628,34.079936],[134.215825,34.07974],[134.215899,34.079601],[134.215918,34.079426],[134.215905,34.078746],[134.216099,34.078716],[134.216252,34.078642],[134.21649,34.078513],[134.216807,34.078386],[134.217335,34.077952],[134.21825,34.077253],[134.218401,34.077191],[134.218582,34.077136],[134.218729,34.077099],[134.218952,34.077066],[134.219171,34.077577],[134.219468,34.078309],[134.219662,34.078755],[134.219814,34.079431],[134.21983,34.079623],[134.219854,34.080517],[134.219911,34.080855],[134.220062,34.081785],[134.220123,34.082075]]]},"properties":{"S_NAME":"阿波町医王寺","HCODE":8101}},{"type":"Feature","geometry":{"type":"Polygon","coordinates":[[[134.222668,34.074663],[134.222592,34.075055],[134.222481,34.075578],[134.222449,34.075817],[134.222407,34.076112],[134.222333,34.07662],[134.222375,34.076979],[134.222392,34.077142],[134.222416,34.077359],[134.22245,34.077711],[134.222519,34.078398],[134.222617,34.078956],[134.222669,34.079165],[134.222803,34.079421],[134.222929,34.079591],[134.22299,34.079691],[134.222942,34.079713],[134.222136,34.079559],[134.221451,34.079462],[134.221137,34.079448],[134.220844,34.079416],[134.220567,34.079376],[134.220322,34.079305],[134.220105,34.079172],[134.21983,34.078903],[134.219662,34.078755],[134.219468,34.078309],[134.219171,34.077577],[134.218952,34.077066],[134.219193,34.07703],[134.219309,34.077007],[134.219417,34.07696],[134.219554,34.076783],[134.219644,34.076664],[134.219739,34.076631],[134.219929,34.076655],[134.220063,34.076661],[134.220253,34.07661],[134.220377,34.076537],[134.220944,34.076016],[134.221292,34.075759],[134.221696,34.075516],[134.222116,34.075317],[134.222101,34.075102],[134.222024,34.074678],[134.222154,34.074681],[134.222668,34.074663]]]},"properties":{"S_NAME":"阿波町東条","HCODE":8101}},{"type":"Feature","geometry":{"type":"Polygon","coordinates":[[[134.222668,34.074663],[134.222154,34.074681],[134.222024,34.074678],[134.221381,34.074554],[134.220952,34.074485],[134.220148,34.074482],[134.219109,34.074483],[134.218445,34.074503],[134.218082,34.074516],[134.21806,34.074316],[134.218047,34.074194],[134.218011,34.073647],[134.218142,34.073321],[134.218289,34.073022],[134.218382,34.072762],[134.21842,34.072541],[134.218472,34.072242],[134.218456,34.07196],[134.2184,34.071752],[134.21827,34.071567],[134.218085,34.07141],[134.218031,34.071348],[134.218018,34.07129],[134.218072,34.071052],[134.21825,34.070356],[134.218361,34.069888],[134.218317,34.069578],[134.218323,34.069471],[134.218411,34.069414],[134.218601,34.069404],[134.218637,34.069325],[134.218623,34.069252],[134.218491,34.068892],[134.218247,34.068848],[134.218179,34.068803],[134.218446,34.068768],[134.218575,34.068687],[134.218584,34.068427],[134.218581,34.067918],[134.218579,34.067614],[134.218625,34.067501],[134.218699,34.067427],[134.218753,34.067359],[134.218812,34.067139],[134.218876,34.066715],[134.218875,34.0663],[134.221034,34.066399],[134.223839,34.066504],[134.223793,34.067688],[134.223832,34.068871],[134.223889,34.069496],[134.223899,34.069948],[134.223891,34.070163],[134.22386,34.070343],[134.22374,34.07076],[134.22343,34.07184],[134.223064,34.073063],[134.222922,34.073624],[134.222814,34.074034],[134.222746,34.074292],[134.2227,34.074444],[134.222668,34.074663]]]},"properties":{"S_NAME":"阿波町川久保","HCODE":8101}},{"type":"Feature","geometry":{"type":"Polygon","coordinates":[[[134.218082,34.074516],[134.217735,34.074539],[134.218167,34.075436],[134.217663,34.075561],[134.217062,34.075723],[134.217016,34.075426],[134.21694,34.075136],[134.216848,34.074996],[134.216804,34.074899],[134.216653,34.074363],[134.216615,34.07423],[134.21658,34.074183],[134.216358,34.07399],[134.216178,34.073761],[134.216103,34.073575],[134.216071,34.073294],[134.216052,34.073108],[134.215945,34.073009],[134.215814,34.072827],[134.215617,34.072569],[134.215478,34.072458],[134.215309,34.072362],[134.21517,34.072295],[134.214925,34.072237],[134.214093,34.072215],[134.212843,34.072189],[134.212168,34.072202],[134.212091,34.071788],[134.211994,34.071051],[134.211973,34.070703],[134.212033,34.070462],[134.212129,34.070249],[134.21232,34.069915],[134.212476,34.069676],[134.212626,34.069441],[134.212719,34.069306],[134.212764,34.069113],[134.212841,34.068243],[134.212996,34.066417],[134.213006,34.066068],[134.21525,34.066142],[134.216518,34.066206],[134.216947,34.066218],[134.217234,34.066227],[134.218875,34.0663],[134.218876,34.066715],[134.218812,34.067139],[134.218753,34.067359],[134.218699,34.067427],[134.218625,34.067501],[134.218579,34.067614],[134.218581,34.067918],[134.218584,34.068427],[134.218575,34.068687],[134.218446,34.068768],[134.218179,34.068803],[134.218247,34.068848],[134.218491,34.068892],[134.218623,34.069252],[134.218637,34.069325],[134.218601,34.069404],[134.218411,34.069414],[134.218323,34.069471],[134.218317,34.069578],[134.218361,34.069888],[134.21825,34.070356],[134.218072,34.071052],[134.218018,34.07129],[134.218031,34.071348],[134.218085,34.07141],[134.21827,34.071567],[134.2184,34.071752],[134.218456,34.07196],[134.218472,34.072242],[134.21842,34.072541],[134.218382,34.072762],[134.218289,34.073022],[134.218142,34.073321],[134.218011,34.073647],[134.218047,34.074194],[134.21806,34.074316],[134.218082,34.074516]]]},"properties":{"S_NAME":"阿波町三本柳","HCODE":8101}},{"type":"Feature","geometry":{"type":"Polygon","coordinates":[[[134.202624,34.10846],[134.202485,34.108404],[134.202127,34.108247],[134.201823,34.108167],[134.20168,34.108116],[134.201541,34.10805],[134.201447,34.107936],[134.201325,34.107766],[134.20121,34.107598],[134.200869,34.107329],[134.200582,34.107179],[134.200359,34.107147],[134.200096,34.107148],[134.199576,34.107266],[134.199295,34.107283],[134.199139,34.107235],[134.199112,34.10722],[134.199013,34.107166],[134.198851,34.107003],[134.198537,34.106701],[134.198117,34.106033],[134.197954,34.1057],[134.197869,34.105175],[134.197828,34.104448],[134.197547,34.10399],[134.197186,34.103407],[134.196959,34.102867],[134.196699,34.102131],[134.196561,34.101665],[134.196406,34.101162],[134.196227,34.100581],[134.19617,34.100181],[134.196255,34.099603],[134.196448,34.099275],[134.196226,34.099144],[134.195956,34.099029],[134.195675,34.098915],[134.195276,34.098711],[134.194822,34.098468],[134.194377,34.098224],[134.194132,34.098091],[134.193481,34.097577],[134.19269,34.096839],[134.191961,34.095761],[134.19174,34.09534],[134.191546,34.094831],[134.191219,34.094172],[134.191104,34.093823],[134.190976,34.093566],[134.190958,34.093529],[134.190642,34.093443],[134.190307,34.093439],[134.190304,34.093438],[134.189873,34.09339],[134.189439,34.093378],[134.18893,34.09334],[134.188604,34.093281],[134.188291,34.09323],[134.187973,34.093104],[134.187618,34.092901],[134.187335,34.09257],[134.187227,34.092466],[134.187004,34.092252],[134.186644,34.092131],[134.18643,34.092115],[134.186247,34.092038],[134.185892,34.091854],[134.185668,34.091689],[134.185465,34.091299],[134.185204,34.091017],[134.185417,34.090765],[134.18578,34.090279],[134.186249,34.08966],[134.186363,34.089532],[134.186606,34.089359],[134.186978,34.089058],[134.187452,34.088649],[134.188178,34.088128],[134.189015,34.087759],[134.189649,34.087553],[134.189878,34.087478],[134.189993,34.087496],[134.190154,34.087476],[134.190336,34.087393],[134.190648,34.087219],[134.190908,34.087129],[134.191114,34.087096],[134.191336,34.087133],[134.191766,34.087404],[134.192096,34.087612],[134.19294,34.08813],[134.192983,34.088234],[134.192957,34.088336],[134.192937,34.08844],[134.192953,34.088561],[134.192999,34.08863],[134.19316,34.088667],[134.193274,34.088715],[134.193332,34.088783],[134.193349,34.088871],[134.193367,34.089088],[134.193409,34.089258],[134.193486,34.08943],[134.193579,34.089569],[134.193823,34.089773],[134.194143,34.089982],[134.194283,34.090022],[134.194422,34.090049],[134.194618,34.090007],[134.194853,34.089898],[134.195088,34.089734],[134.195218,34.089539],[134.195324,34.089487],[134.195459,34.08948],[134.195618,34.08951],[134.195716,34.089488],[134.195773,34.089424],[134.195839,34.088916],[134.195945,34.088429],[134.196051,34.088354],[134.196296,34.088298],[134.196321,34.088561],[134.19634,34.088835],[134.196336,34.08891],[134.196475,34.0889],[134.196749,34.088856],[134.196912,34.088962],[134.197552,34.089321],[134.198443,34.089702],[134.198648,34.089777],[134.198877,34.089827],[134.199526,34.089884],[134.199985,34.089914],[134.200993,34.089836],[134.201076,34.089843],[134.201285,34.089926],[134.201537,34.090032],[134.201638,34.090151],[134.201813,34.09043],[134.201964,34.090537],[134.202829,34.090961],[134.203048,34.090993],[134.203255,34.090941],[134.203876,34.090535],[134.204329,34.090532],[134.205635,34.09059],[134.20565,34.090697],[134.205738,34.090983],[134.205911,34.091376],[134.205926,34.091457],[134.205918,34.091548],[134.205861,34.091662],[134.205954,34.091799],[134.206025,34.091902],[134.206092,34.09194],[134.206147,34.091912],[134.206273,34.091723],[134.206446,34.09157],[134.206555,34.091491],[134.206844,34.091436],[134.20699,34.09142],[134.207118,34.09146],[134.207227,34.091501],[134.207386,34.091561],[134.207496,34.091622],[134.207656,34.091762],[134.2078,34.091941],[134.207881,34.092063],[134.207949,34.092184],[134.208043,34.092384],[134.208094,34.092545],[134.208164,34.092806],[134.208185,34.092935],[134.208149,34.092927],[134.208016,34.092747],[134.207914,34.092645],[134.207847,34.092603],[134.20776,34.092594],[134.207703,34.092607],[134.207826,34.092733],[134.20783,34.092774],[134.207819,34.092894],[134.207831,34.092976],[134.207852,34.093158],[134.207853,34.093244],[134.207871,34.093603],[134.207856,34.093666],[134.207795,34.093629],[134.207615,34.093387],[134.207616,34.093535],[134.207683,34.093844],[134.207696,34.094265],[134.207694,34.094417],[134.207611,34.094515],[134.207445,34.094633],[134.207341,34.094733],[134.207308,34.094818],[134.207305,34.094932],[134.207326,34.095194],[134.207252,34.095335],[134.207067,34.095491],[134.206692,34.095788],[134.206666,34.095822],[134.206686,34.095912],[134.206806,34.096048],[134.206907,34.096085],[134.207064,34.096096],[134.207229,34.096179],[134.207307,34.096182],[134.207415,34.096144],[134.207854,34.095934],[134.208033,34.095898],[134.208272,34.0959],[134.20853,34.095948],[134.208679,34.096006],[134.208695,34.096062],[134.208488,34.096293],[134.208379,34.096487],[134.20838,34.096587],[134.208602,34.0972],[134.208812,34.097428],[134.208955,34.097521],[134.209075,34.097545],[134.209164,34.097495],[134.209238,34.097389],[134.209311,34.097214],[134.209442,34.096891],[134.209569,34.096822],[134.20977,34.09679],[134.209875,34.09682],[134.209935,34.096882],[134.209984,34.097399],[134.209967,34.097517],[134.209872,34.09776],[134.209846,34.097852],[134.209922,34.097874],[134.210015,34.097895],[134.210125,34.097884],[134.210196,34.097857],[134.210266,34.097824],[134.210473,34.097609],[134.21056,34.097513],[134.210798,34.09729],[134.210908,34.097427],[134.211029,34.097479],[134.211171,34.09748],[134.211207,34.09749],[134.211217,34.09752],[134.211159,34.097609],[134.211082,34.097701],[134.210762,34.098046],[134.210594,34.098345],[134.210528,34.098473],[134.210561,34.0986],[134.210686,34.098688],[134.210899,34.098699],[134.21104,34.098767],[134.211109,34.098896],[134.211182,34.098951],[134.211558,34.098933],[134.21163,34.098979],[134.211648,34.099123],[134.211716,34.099243],[134.211902,34.099328],[134.211939,34.0994],[134.211919,34.099525],[134.211947,34.099705],[134.212002,34.099784],[134.212121,34.09989],[134.212271,34.099936],[134.212487,34.099892],[134.212654,34.099803],[134.212736,34.099781],[134.212928,34.099926],[134.213018,34.099975],[134.213307,34.099943],[134.213571,34.100053],[134.213664,34.100108],[134.21382,34.100225],[134.213893,34.100334],[134.213911,34.100439],[134.2139,34.100655],[134.213864,34.100816],[134.213773,34.101122],[134.213815,34.101194],[134.213906,34.101255],[134.213954,34.101268],[134.214094,34.101316],[134.2142,34.101332],[134.214546,34.101346],[134.214626,34.101378],[134.214872,34.101818],[134.21486,34.10188],[134.214771,34.102105],[134.214777,34.102212],[134.214904,34.102453],[134.215357,34.103105],[134.21541,34.103336],[134.215498,34.104012],[134.215447,34.104151],[134.215256,34.104369],[134.214924,34.104596],[134.214829,34.104661],[134.214839,34.104712],[134.214866,34.104858],[134.214827,34.105056],[134.214549,34.105266],[134.214066,34.105443],[134.213453,34.105648],[134.212913,34.105736],[134.212275,34.105771],[134.211636,34.105752],[134.211214,34.105758],[134.210837,34.105843],[134.210397,34.106019],[134.209978,34.106177],[134.209984,34.105926],[134.209854,34.105919],[134.209606,34.106003],[134.20937,34.106077],[134.209143,34.106098],[134.208775,34.10613],[134.208427,34.106242],[134.208281,34.106289],[134.208177,34.106425],[134.208028,34.106624],[134.207668,34.10705],[134.20717,34.107595],[134.206595,34.108069],[134.205886,34.10832],[134.205228,34.108632],[134.205059,34.108654],[134.204908,34.108634],[134.20466,34.108558],[134.204361,34.108393],[134.204032,34.108277],[134.203809,34.108292],[134.203604,34.108331],[134.203278,34.108389],[134.202881,34.108426],[134.202624,34.10846]]]},"properties":{"S_NAME":"阿波町栩ケ窪","HCODE":8101}},{"type":"Feature","geometry":{"type":"Polygon","coordinates":[[[134.210726,34.09355],[134.21079,34.093727],[134.210831,34.093888],[134.210837,34.094057],[134.210828,34.094623],[134.210728,34.094989],[134.210618,34.09543],[134.210535,34.095965],[134.210533,34.096116],[134.21061,34.09663],[134.210646,34.096954],[134.210639,34.097044],[134.210611,34.097202],[134.210529,34.097345],[134.210305,34.097673],[134.210283,34.097721],[134.210266,34.097824],[134.210196,34.097857],[134.210125,34.097884],[134.210015,34.097895],[134.209922,34.097874],[134.209846,34.097852],[134.209872,34.09776],[134.209967,34.097517],[134.209984,34.097399],[134.209935,34.096882],[134.209875,34.09682],[134.20977,34.09679],[134.209569,34.096822],[134.209442,34.096891],[134.209311,34.097214],[134.209238,34.097389],[134.209164,34.097495],[134.209075,34.097545],[134.208955,34.097521],[134.208812,34.097428],[134.208602,34.0972],[134.20838,34.096587],[134.208379,34.096487],[134.208488,34.096293],[134.208695,34.096062],[134.208679,34.096006],[134.20853,34.095948],[134.208272,34.0959],[134.208033,34.095898],[134.207854,34.095934],[134.207415,34.096144],[134.207307,34.096182],[134.207229,34.096179],[134.207064,34.096096],[134.206907,34.096085],[134.206806,34.096048],[134.206686,34.095912],[134.206666,34.095822],[134.206692,34.095788],[134.207067,34.095491],[134.207252,34.095335],[134.207326,34.095194],[134.207305,34.094932],[134.207308,34.094818],[134.207341,34.094733],[134.207445,34.094633],[134.207611,34.094515],[134.207694,34.094417],[134.207696,34.094265],[134.207683,34.093844],[134.207616,34.093535],[134.207615,34.093387],[134.207795,34.093629],[134.207856,34.093666],[134.207871,34.093603],[134.207853,34.093244],[134.207852,34.093158],[134.207831,34.092976],[134.207819,34.092894],[134.20783,34.092774],[134.207826,34.092733],[134.207703,34.092607],[134.20776,34.092594],[134.207847,34.092603],[134.207914,34.092645],[134.208016,34.092747],[134.208149,34.092927],[134.208185,34.092935],[134.208164,34.092806],[134.208094,34.092545],[134.208043,34.092384],[134.207949,34.092184],[134.207881,34.092063],[134.2078,34.091941],[134.207656,34.091762],[134.207496,34.091622],[134.207386,34.091561],[134.207227,34.091501],[134.207118,34.09146],[134.20699,34.09142],[134.206844,34.091436],[134.206555,34.091491],[134.206446,34.09157],[134.206273,34.091723],[134.206147,34.091912],[134.206092,34.09194],[134.206025,34.091902],[134.205954,34.091799],[134.205861,34.091662],[134.205918,34.091548],[134.205926,34.091457],[134.205911,34.091376],[134.205738,34.090983],[134.20565,34.090697],[134.205635,34.09059],[134.204329,34.090532],[134.203876,34.090535],[134.203255,34.090941],[134.203048,34.090993],[134.202829,34.090961],[134.201964,34.090537],[134.201813,34.09043],[134.201638,34.090151],[134.201537,34.090032],[134.201285,34.089926],[134.201076,34.089843],[134.200993,34.089836],[134.201067,34.089438],[134.201244,34.089051],[134.20143,34.088743],[134.20166,34.088466],[134.201873,34.088043],[134.201912,34.087816],[134.201902,34.087464],[134.201828,34.08672],[134.201853,34.086424],[134.201897,34.085964],[134.202157,34.085501],[134.202273,34.085127],[134.20235,34.084621],[134.202346,34.084092],[134.202389,34.083964],[134.202457,34.083839],[134.202524,34.083697],[134.20255,34.08352],[134.202521,34.083344],[134.202298,34.082846],[134.20229,34.082641],[134.202671,34.082632],[134.203115,34.082591],[134.203423,34.08258],[134.203588,34.082593],[134.20376,34.082692],[134.203955,34.082838],[134.204165,34.083062],[134.204326,34.08325],[134.204401,34.083368],[134.204454,34.083605],[134.204513,34.083861],[134.204681,34.084284],[134.20476,34.084412],[134.204902,34.084523],[134.205142,34.084655],[134.205535,34.084811],[134.205938,34.084941],[134.206121,34.08494],[134.206309,34.084915],[134.206389,34.084857],[134.206451,34.084791],[134.206568,34.084491],[134.20673,34.084106],[134.206795,34.083981],[134.206976,34.083866],[134.207153,34.083831],[134.207421,34.083835],[134.207957,34.08395],[134.20813,34.084082],[134.208233,34.084223],[134.208306,34.08441],[134.208398,34.085216],[134.208446,34.085514],[134.208499,34.085642],[134.208619,34.08576],[134.208811,34.085856],[134.2096,34.086046],[134.210108,34.086209],[134.210491,34.086325],[134.210828,34.086345],[134.210854,34.086356],[134.212195,34.086405],[134.212143,34.08644],[134.212064,34.086544],[134.212039,34.086645],[134.212037,34.08714],[134.212055,34.087419],[134.212049,34.087508],[134.211945,34.087756],[134.211773,34.088084],[134.211695,34.088087],[134.21164,34.088588],[134.211592,34.08909],[134.211441,34.089895],[134.211286,34.090766],[134.211181,34.09129],[134.21106,34.091818],[134.211064,34.091864],[134.211108,34.09195],[134.211118,34.092243],[134.211112,34.092343],[134.210596,34.093088],[134.210582,34.09317],[134.210613,34.093295],[134.210664,34.093442],[134.210726,34.09355]]]},"properties":{"S_NAME":"阿波町桜ノ岡","HCODE":8101}},{"type":"Feature","geometry":{"type":"Polygon","coordinates":[[[134.202346,34.084092],[134.20235,34.084621],[134.202273,34.085127],[134.202157,34.085501],[134.201897,34.085964],[134.201853,34.086424],[134.201828,34.08672],[134.201902,34.087464],[134.201912,34.087816],[134.201873,34.088043],[134.20166,34.088466],[134.20143,34.088743],[134.201244,34.089051],[134.201067,34.089438],[134.200993,34.089836],[134.199985,34.089914],[134.199526,34.089884],[134.198877,34.089827],[134.198648,34.089777],[134.198443,34.089702],[134.197552,34.089321],[134.196912,34.088962],[134.196749,34.088856],[134.196475,34.0889],[134.196336,34.08891],[134.19634,34.088835],[134.196321,34.088561],[134.196296,34.088298],[134.196213,34.087899],[134.196064,34.087501],[134.195845,34.087035],[134.195341,34.086238],[134.194997,34.085845],[134.1948,34.085619],[134.194681,34.08548],[134.194636,34.085382],[134.19459,34.085206],[134.194573,34.084911],[134.19459,34.084288],[134.194573,34.084186],[134.194532,34.083701],[134.194583,34.082975],[134.194615,34.082798],[134.194713,34.082579],[134.19473,34.082505],[134.194679,34.082445],[134.194583,34.082343],[134.194604,34.082228],[134.194681,34.082174],[134.195007,34.082122],[134.195108,34.082071],[134.195172,34.082007],[134.195247,34.081862],[134.195434,34.081468],[134.195581,34.08112],[134.195684,34.080755],[134.195744,34.08052],[134.195763,34.080425],[134.195825,34.080174],[134.195887,34.079935],[134.195895,34.079871],[134.195868,34.079785],[134.195798,34.07967],[134.195638,34.079519],[134.195544,34.079415],[134.195396,34.079194],[134.195286,34.079073],[134.195131,34.078949],[134.195061,34.078875],[134.195032,34.078801],[134.195035,34.07867],[134.195058,34.078534],[134.195082,34.078447],[134.195111,34.078072],[134.195171,34.077852],[134.195157,34.077714],[134.195165,34.077664],[134.195167,34.077641],[134.195346,34.07759],[134.195662,34.077508],[134.195895,34.077474],[134.196018,34.077468],[134.196438,34.077492],[134.196564,34.076591],[134.19695,34.074835],[134.197062,34.07428],[134.197155,34.073779],[134.199599,34.074106],[134.199525,34.074467],[134.199492,34.074625],[134.199378,34.075115],[134.200618,34.075274],[134.200196,34.077232],[134.199994,34.077993],[134.199678,34.078873],[134.199489,34.079352],[134.199447,34.079459],[134.199488,34.079719],[134.198961,34.079686],[134.198854,34.079687],[134.198533,34.079792],[134.198512,34.079824],[134.198509,34.079985],[134.198498,34.080524],[134.198568,34.080666],[134.198603,34.080824],[134.198634,34.08129],[134.198521,34.081575],[134.198741,34.081701],[134.198907,34.081792],[134.198963,34.081867],[134.198961,34.082041],[134.198977,34.082112],[134.199009,34.082197],[134.199104,34.082285],[134.199176,34.08234],[134.199212,34.082409],[134.199228,34.082494],[134.19917,34.082609],[134.199108,34.082685],[134.198963,34.082829],[134.198956,34.082882],[134.198976,34.082931],[134.199047,34.082937],[134.199109,34.082917],[134.199188,34.082851],[134.19925,34.082785],[134.199328,34.082749],[134.199435,34.082722],[134.199525,34.082748],[134.199633,34.082881],[134.199744,34.082966],[134.19985,34.083044],[134.199882,34.083073],[134.199966,34.083171],[134.200014,34.083301],[134.200046,34.083367],[134.200081,34.083376],[134.200113,34.083356],[134.200116,34.083301],[134.200116,34.083274],[134.200111,34.08314],[134.200111,34.083111],[134.200134,34.083091],[134.200221,34.08312],[134.200269,34.083152],[134.200344,34.083218],[134.200479,34.083351],[134.200503,34.083387],[134.200538,34.083396],[134.20057,34.083393],[134.200585,34.08337],[134.200581,34.083328],[134.200493,34.083213],[134.200398,34.083113],[134.200235,34.082963],[134.199974,34.082699],[134.19987,34.082585],[134.199858,34.082526],[134.199862,34.082481],[134.199909,34.082461],[134.199972,34.08247],[134.200051,34.082522],[134.200193,34.08259],[134.20074,34.082769],[134.200911,34.082797],[134.20109,34.08276],[134.201244,34.08263],[134.20134,34.082624],[134.201381,34.082646],[134.201388,34.082703],[134.201281,34.082948],[134.201282,34.08309],[134.201413,34.083248],[134.20147,34.083453],[134.201424,34.083709],[134.201439,34.083884],[134.201542,34.083952],[134.201645,34.083963],[134.201883,34.083865],[134.201959,34.083921],[134.202103,34.084023],[134.202346,34.084092]]]},"properties":{"S_NAME":"阿波町馬場","HCODE":8101}},{"type":"Feature","geometry":{"type":"Polygon","coordinates":[[[134.196296,34.088298],[134.196051,34.088354],[134.195945,34.088429],[134.195839,34.088916],[134.195773,34.089424],[134.195716,34.089488],[134.195618,34.08951],[134.195459,34.08948],[134.195324,34.089487],[134.195218,34.089539],[134.195088,34.089734],[134.194853,34.089898],[134.194618,34.090007],[134.194422,34.090049],[134.194283,34.090022],[134.194143,34.089982],[134.193823,34.089773],[134.193579,34.089569],[134.193486,34.08943],[134.193409,34.089258],[134.193367,34.089088],[134.193349,34.088871],[134.193332,34.088783],[134.193274,34.088715],[134.19316,34.088667],[134.192999,34.08863],[134.192953,34.088561],[134.192937,34.08844],[134.192957,34.088336],[134.192983,34.088234],[134.19294,34.08813],[134.192096,34.087612],[134.191766,34.087404],[134.191336,34.087133],[134.191114,34.087096],[134.190908,34.087129],[134.190648,34.087219],[134.190336,34.087393],[134.190154,34.087476],[134.189993,34.087496],[134.189878,34.087478],[134.189649,34.087553],[134.189015,34.087759],[134.188178,34.088128],[134.187452,34.088649],[134.186978,34.089058],[134.186606,34.089359],[134.186363,34.089532],[134.186249,34.08966],[134.18578,34.090279],[134.185417,34.090765],[134.185204,34.091017],[134.184929,34.090559],[134.184834,34.090452],[134.184716,34.090394],[134.184481,34.090395],[134.184263,34.090362],[134.183975,34.090349],[134.183704,34.090338],[134.183684,34.090337],[134.18354,34.090332],[134.183422,34.090313],[134.182949,34.090231],[134.182673,34.090048],[134.182409,34.089718],[134.182102,34.089298],[134.18184,34.088855],[134.181625,34.0884],[134.181231,34.088154],[134.18079,34.087911],[134.180325,34.087567],[134.180084,34.087376],[134.180197,34.087221],[134.180259,34.087029],[134.180326,34.086773],[134.180332,34.086561],[134.180265,34.086334],[134.180062,34.085983],[134.179905,34.085695],[134.179756,34.085344],[134.179714,34.085158],[134.179754,34.0849],[134.179907,34.084281],[134.179937,34.084135],[134.179989,34.083774],[134.180042,34.083522],[134.180086,34.083291],[134.180142,34.083069],[134.18021,34.08304],[134.180297,34.083043],[134.180534,34.083089],[134.180925,34.0832],[134.181169,34.082848],[134.181348,34.082591],[134.18136,34.082523],[134.181345,34.082435],[134.181295,34.082258],[134.181322,34.082201],[134.181595,34.081867],[134.181813,34.081562],[134.181959,34.081341],[134.182459,34.081018],[134.182548,34.080926],[134.182715,34.080572],[134.183039,34.079967],[134.183609,34.079215],[134.184273,34.078526],[134.184478,34.078319],[134.185418,34.0766],[134.18587,34.075939],[134.187345,34.076628],[134.187967,34.076934],[134.189376,34.077498],[134.191503,34.078345],[134.192484,34.078763],[134.195744,34.08052],[134.195684,34.080755],[134.195581,34.08112],[134.195434,34.081468],[134.195247,34.081862],[134.195172,34.082007],[134.195108,34.082071],[134.195007,34.082122],[134.194681,34.082174],[134.194604,34.082228],[134.194583,34.082343],[134.194679,34.082445],[134.19473,34.082505],[134.194713,34.082579],[134.194615,34.082798],[134.194583,34.082975],[134.194532,34.083701],[134.194573,34.084186],[134.19459,34.084288],[134.194573,34.084911],[134.19459,34.085206],[134.194636,34.085382],[134.194681,34.08548],[134.1948,34.085619],[134.194997,34.085845],[134.195341,34.086238],[134.195845,34.087035],[134.196064,34.087501],[134.196213,34.087899],[134.196296,34.088298]]]},"properties":{"S_NAME":"阿波町中長峰","HCODE":8101}},{"type":"Feature","geometry":{"type":"Polygon","coordinates":[[[134.18587,34.075939],[134.185418,34.0766],[134.184478,34.078319],[134.184273,34.078526],[134.183609,34.079215],[134.183039,34.079967],[134.182715,34.080572],[134.182548,34.080926],[134.182459,34.081018],[134.181959,34.081341],[134.181813,34.081562],[134.181595,34.081867],[134.181322,34.082201],[134.181295,34.082258],[134.181345,34.082435],[134.18136,34.082523],[134.181348,34.082591],[134.181169,34.082848],[134.180925,34.0832],[134.180534,34.083089],[134.180297,34.083043],[134.18021,34.08304],[134.180142,34.083069],[134.180086,34.083291],[134.180042,34.083522],[134.179989,34.083774],[134.179937,34.084135],[134.179907,34.084281],[134.179754,34.0849],[134.179714,34.085158],[134.179756,34.085344],[134.179905,34.085695],[134.180062,34.085983],[134.180265,34.086334],[134.180332,34.086561],[134.180326,34.086773],[134.180259,34.087029],[134.180197,34.087221],[134.180084,34.087376],[134.179983,34.087234],[134.179857,34.086988],[134.179781,34.08679],[134.179715,34.086481],[134.179651,34.086251],[134.179509,34.085859],[134.179501,34.085838],[134.179418,34.085674],[134.1793,34.085366],[134.179293,34.085197],[134.179342,34.085159],[134.179357,34.085125],[134.179384,34.084223],[134.179308,34.084214],[134.179327,34.083955],[134.179315,34.083864],[134.179246,34.083754],[134.179044,34.08308],[134.178886,34.082438],[134.17887,34.082363],[134.178883,34.082261],[134.178981,34.081792],[134.17906,34.081542],[134.179257,34.08107],[134.179378,34.080714],[134.179446,34.080607],[134.179612,34.080344],[134.179663,34.080202],[134.179696,34.080061],[134.179899,34.079662],[134.179928,34.079524],[134.179908,34.079381],[134.1799,34.079323],[134.179868,34.079154],[134.179883,34.079056],[134.179946,34.078911],[134.179991,34.078683],[134.180087,34.078153],[134.180246,34.077672],[134.180379,34.077329],[134.180472,34.077203],[134.180787,34.076877],[134.180908,34.076712],[134.180954,34.076644],[134.180977,34.076578],[134.180978,34.076575],[134.181014,34.076461],[134.181068,34.076109],[134.181267,34.07558],[134.181459,34.075151],[134.181467,34.075074],[134.181392,34.0749],[134.181285,34.074709],[134.181072,34.074477],[134.181005,34.074429],[134.18101,34.074055],[134.181018,34.073878],[134.181089,34.07378],[134.181313,34.073496],[134.181603,34.073147],[134.181713,34.073001],[134.181773,34.072912],[134.181978,34.072625],[134.182045,34.072474],[134.182048,34.072358],[134.182009,34.072207],[134.182034,34.071981],[134.182149,34.071761],[134.182286,34.071613],[134.182295,34.071603],[134.182396,34.071536],[134.182462,34.071489],[134.182745,34.071597],[134.182928,34.07173],[134.18321,34.071517],[134.183687,34.07123],[134.184554,34.070792],[134.184799,34.070715],[134.18499,34.070663],[134.185046,34.070555],[134.185112,34.070388],[134.185364,34.070138],[134.185774,34.069998],[134.18593,34.070045],[134.186256,34.070198],[134.186709,34.07042],[134.187304,34.070805],[134.187467,34.07091],[134.188657,34.071725],[134.188475,34.071852],[134.188292,34.071974],[134.187773,34.072458],[134.187412,34.072941],[134.187214,34.073285],[134.186917,34.073854],[134.186684,34.074495],[134.186676,34.074521],[134.186638,34.0747],[134.186564,34.074883],[134.186333,34.075303],[134.18602,34.075739],[134.18587,34.075939]]]},"properties":{"S_NAME":"阿波町西長峰","HCODE":8101}},{"type":"Feature","geometry":{"type":"Polygon","coordinates":[[[134.195167,34.077641],[134.195165,34.077664],[134.195157,34.077714],[134.195171,34.077852],[134.195111,34.078072],[134.195082,34.078447],[134.195058,34.078534],[134.195035,34.07867],[134.195032,34.078801],[134.195061,34.078875],[134.195131,34.078949],[134.195286,34.079073],[134.195396,34.079194],[134.195544,34.079415],[134.195638,34.079519],[134.195798,34.07967],[134.195868,34.079785],[134.195895,34.079871],[134.195887,34.079935],[134.195825,34.080174],[134.195763,34.080425],[134.195744,34.08052],[134.192484,34.078763],[134.191503,34.078345],[134.189376,34.077498],[134.187967,34.076934],[134.187345,34.076628],[134.18587,34.075939],[134.18602,34.075739],[134.186333,34.075303],[134.186564,34.074883],[134.186638,34.0747],[134.186676,34.074521],[134.186684,34.074495],[134.186917,34.073854],[134.187214,34.073285],[134.187412,34.072941],[134.187773,34.072458],[134.188292,34.071974],[134.188475,34.071852],[134.188657,34.071725],[134.188849,34.071855],[134.189436,34.072231],[134.189614,34.072403],[134.189867,34.072736],[134.189971,34.072881],[134.190104,34.073114],[134.190169,34.073255],[134.190222,34.073259],[134.190302,34.073245],[134.190366,34.073252],[134.190439,34.073302],[134.190534,34.073376],[134.190621,34.073433],[134.190733,34.073476],[134.190839,34.073494],[134.190937,34.073549],[134.19116,34.07371],[134.191227,34.073747],[134.191252,34.073654],[134.191271,34.073584],[134.191295,34.07351],[134.191342,34.073486],[134.191485,34.073454],[134.191898,34.073521],[134.192244,34.073874],[134.192876,34.074403],[134.193449,34.074917],[134.193983,34.075393],[134.194084,34.075736],[134.194109,34.075757],[134.194141,34.075907],[134.194122,34.075942],[134.19418,34.076245],[134.194189,34.076289],[134.194266,34.076448],[134.194839,34.077259],[134.195114,34.077656],[134.195167,34.077641]]]},"properties":{"S_NAME":"阿波町北西谷","HCODE":8101}},{"type":"Feature","geometry":{"type":"Polygon","coordinates":[[[134.197155,34.073779],[134.197062,34.07428],[134.19695,34.074835],[134.196564,34.076591],[134.196438,34.077492],[134.196018,34.077468],[134.195895,34.077474],[134.195662,34.077508],[134.195346,34.07759],[134.195167,34.077641],[134.195114,34.077656],[134.194839,34.077259],[134.194266,34.076448],[134.194189,34.076289],[134.19418,34.076245],[134.194122,34.075942],[134.194141,34.075907],[134.194109,34.075757],[134.194084,34.075736],[134.193983,34.075393],[134.193449,34.074917],[134.192876,34.074403],[134.192244,34.073874],[134.191898,34.073521],[134.191751,34.073245],[134.191573,34.072832],[134.191541,34.072485],[134.191574,34.071775],[134.19163,34.070916],[134.191649,34.070535],[134.191617,34.070344],[134.191536,34.070162],[134.191433,34.069997],[134.191369,34.069919],[134.191563,34.069896],[134.192122,34.069997],[134.192633,34.070069],[134.193653,34.07019],[134.193854,34.070216],[134.194352,34.070267],[134.195307,34.070388],[134.195491,34.070427],[134.19577,34.070522],[134.196198,34.07067],[134.19649,34.070798],[134.196396,34.071148],[134.196309,34.071584],[134.195915,34.073601],[134.197155,34.073779]]]},"properties":{"S_NAME":"阿波町北整理","HCODE":8101}},{"type":"Feature","geometry":{"type":"Polygon","coordinates":[[[134.20229,34.082641],[134.202298,34.082846],[134.202521,34.083344],[134.20255,34.08352],[134.202524,34.083697],[134.202457,34.083839],[134.202389,34.083964],[134.202346,34.084092],[134.202103,34.084023],[134.201959,34.083921],[134.201883,34.083865],[134.201645,34.083963],[134.201542,34.083952],[134.201439,34.083884],[134.201424,34.083709],[134.20147,34.083453],[134.201413,34.083248],[134.201282,34.08309],[134.201281,34.082948],[134.201388,34.082703],[134.201381,34.082646],[134.20134,34.082624],[134.201244,34.08263],[134.20109,34.08276],[134.200911,34.082797],[134.20074,34.082769],[134.200193,34.08259],[134.200051,34.082522],[134.199972,34.08247],[134.199909,34.082461],[134.199862,34.082481],[134.199858,34.082526],[134.19987,34.082585],[134.199974,34.082699],[134.200235,34.082963],[134.200398,34.083113],[134.200493,34.083213],[134.200581,34.083328],[134.200585,34.08337],[134.20057,34.083393],[134.200538,34.083396],[134.200503,34.083387],[134.200479,34.083351],[134.200344,34.083218],[134.200269,34.083152],[134.200221,34.08312],[134.200134,34.083091],[134.200111,34.083111],[134.200111,34.08314],[134.200116,34.083274],[134.200116,34.083301],[134.200113,34.083356],[134.200081,34.083376],[134.200046,34.083367],[134.200014,34.083301],[134.199966,34.083171],[134.199882,34.083073],[134.19985,34.083044],[134.199744,34.082966],[134.199633,34.082881],[134.199525,34.082748],[134.199435,34.082722],[134.199328,34.082749],[134.19925,34.082785],[134.199188,34.082851],[134.199109,34.082917],[134.199047,34.082937],[134.198976,34.082931],[134.198956,34.082882],[134.198963,34.082829],[134.199108,34.082685],[134.19917,34.082609],[134.199228,34.082494],[134.199212,34.082409],[134.199176,34.08234],[134.199104,34.082285],[134.199009,34.082197],[134.198977,34.082112],[134.198961,34.082041],[134.198963,34.081867],[134.198907,34.081792],[134.198741,34.081701],[134.198521,34.081575],[134.198634,34.08129],[134.198603,34.080824],[134.198568,34.080666],[134.199087,34.080649],[134.199356,34.080644],[134.200225,34.080759],[134.200354,34.080808],[134.200616,34.080892],[134.20083,34.080919],[134.200963,34.080908],[134.201056,34.080814],[134.201681,34.080754],[134.201968,34.080709],[134.202229,34.080647],[134.202483,34.080526],[134.202643,34.080758],[134.202699,34.080898],[134.202657,34.081148],[134.202551,34.08148],[134.202499,34.081789],[134.202468,34.081943],[134.202289,34.082153],[134.202206,34.082317],[134.202157,34.08253],[134.202135,34.082616],[134.20229,34.082641]]]},"properties":{"S_NAME":"阿波町王子川","HCODE":8101}},{"type":"Feature","geometry":{"type":"Polygon","coordinates":[[[134.202483,34.080526],[134.202229,34.080647],[134.201968,34.080709],[134.201681,34.080754],[134.201056,34.080814],[134.200963,34.080908],[134.20083,34.080919],[134.200616,34.080892],[134.200354,34.080808],[134.200225,34.080759],[134.199356,34.080644],[134.199087,34.080649],[134.198568,34.080666],[134.198498,34.080524],[134.198509,34.079985],[134.198512,34.079824],[134.198533,34.079792],[134.198854,34.079687],[134.198961,34.079686],[134.199488,34.079719],[134.199447,34.079459],[134.199489,34.079352],[134.199678,34.078873],[134.199994,34.077993],[134.200196,34.077232],[134.200618,34.075274],[134.202875,34.075567],[134.202682,34.076833],[134.202473,34.077521],[134.202402,34.078085],[134.202265,34.078662],[134.202148,34.078974],[134.201906,34.079363],[134.201861,34.079466],[134.201898,34.079629],[134.201997,34.079806],[134.202285,34.080245],[134.20235,34.08033],[134.202483,34.080526]]]},"properties":{"S_NAME":"阿波町梅川内","HCODE":8101}},{"type":"Feature","geometry":{"type":"Polygon","coordinates":[[[134.205204,34.082988],[134.2052,34.083029],[134.20515,34.083199],[134.205057,34.083397],[134.204955,34.083568],[134.204898,34.083687],[134.204821,34.084109],[134.20476,34.084412],[134.204681,34.084284],[134.204513,34.083861],[134.204454,34.083605],[134.204401,34.083368],[134.204326,34.08325],[134.204165,34.083062],[134.203955,34.082838],[134.20376,34.082692],[134.203588,34.082593],[134.203423,34.08258],[134.203115,34.082591],[134.202671,34.082632],[134.20229,34.082641],[134.202135,34.082616],[134.202157,34.08253],[134.202206,34.082317],[134.202289,34.082153],[134.202468,34.081943],[134.202499,34.081789],[134.202551,34.08148],[134.202657,34.081148],[134.202699,34.080898],[134.202643,34.080758],[134.202483,34.080526],[134.20235,34.08033],[134.202473,34.080362],[134.202737,34.080439],[134.203313,34.08064],[134.204372,34.081103],[134.204532,34.081138],[134.204928,34.081127],[134.205425,34.081081],[134.205554,34.081071],[134.205438,34.08133],[134.205259,34.081654],[134.205014,34.082143],[134.205001,34.082216],[134.205019,34.082309],[134.205148,34.082718],[134.205204,34.082988]]]},"properties":{"S_NAME":"阿波町五明","HCODE":8101}},{"type":"Feature","geometry":{"type":"Polygon","coordinates":[[[134.205554,34.081071],[134.205425,34.081081],[134.204928,34.081127],[134.204532,34.081138],[134.204372,34.081103],[134.203313,34.08064],[134.202737,34.080439],[134.202473,34.080362],[134.20235,34.08033],[134.202285,34.080245],[134.201997,34.079806],[134.201898,34.079629],[134.201861,34.079466],[134.201906,34.079363],[134.202148,34.078974],[134.202265,34.078662],[134.202402,34.078085],[134.202473,34.077521],[134.202682,34.076833],[134.202875,34.075567],[134.202917,34.075335],[134.20299,34.075285],[134.203053,34.075217],[134.203074,34.075085],[134.203187,34.074556],[134.203298,34.074053],[134.203392,34.073642],[134.203618,34.073771],[134.204357,34.074156],[134.204676,34.074321],[134.205525,34.074744],[134.206172,34.075016],[134.206744,34.07517],[134.206894,34.075611],[134.206974,34.076159],[134.207097,34.076828],[134.207313,34.077227],[134.207314,34.077324],[134.207142,34.077762],[134.20697,34.07885],[134.206883,34.079583],[134.206879,34.079835],[134.20692,34.080211],[134.207024,34.080749],[134.207061,34.080958],[134.205554,34.081071]]]},"properties":{"S_NAME":"阿波町松川内","HCODE":8101}},{"type":"Feature","geometry":{"type":"Polygon","coordinates":[[[134.20476,34.084412],[134.204821,34.084109],[134.204898,34.083687],[134.204955,34.083568],[134.205057,34.083397],[134.20515,34.083199],[134.2052,34.083029],[134.205204,34.082988],[134.205323,34.082979],[134.205475,34.082908],[134.205587,34.082873],[134.205818,34.082847],[134.206489,34.082703],[134.207428,34.082592],[134.207787,34.08259],[134.208295,34.082528],[134.208808,34.082465],[134.208969,34.082496],[134.209265,34.082449],[134.210136,34.082317],[134.210183,34.08232],[134.210201,34.082378],[134.210247,34.082609],[134.210347,34.083639],[134.210348,34.083841],[134.210394,34.083944],[134.210467,34.084015],[134.210571,34.084079],[134.210653,34.084154],[134.210688,34.084218],[134.210672,34.084304],[134.210664,34.084454],[134.210696,34.0846],[134.210796,34.084817],[134.210948,34.085233],[134.210973,34.08568],[134.210899,34.086084],[134.210828,34.086345],[134.210491,34.086325],[134.210108,34.086209],[134.2096,34.086046],[134.208811,34.085856],[134.208619,34.08576],[134.208499,34.085642],[134.208446,34.085514],[134.208398,34.085216],[134.208306,34.08441],[134.208233,34.084223],[134.20813,34.084082],[134.207957,34.08395],[134.207421,34.083835],[134.207153,34.083831],[134.206976,34.083866],[134.206795,34.083981],[134.20673,34.084106],[134.206568,34.084491],[134.206451,34.084791],[134.206389,34.084857],[134.206309,34.084915],[134.206121,34.08494],[134.205938,34.084941],[134.205535,34.084811],[134.205142,34.084655],[134.204902,34.084523],[134.20476,34.084412]]]},"properties":{"S_NAME":"阿波町善地","HCODE":8101}},{"type":"Feature","geometry":{"type":"Polygon","coordinates":[[[134.210136,34.082317],[134.209265,34.082449],[134.208969,34.082496],[134.208808,34.082465],[134.208295,34.082528],[134.207787,34.08259],[134.207428,34.082592],[134.206489,34.082703],[134.205818,34.082847],[134.205587,34.082873],[134.205475,34.082908],[134.205323,34.082979],[134.205204,34.082988],[134.205148,34.082718],[134.205019,34.082309],[134.205001,34.082216],[134.205014,34.082143],[134.205259,34.081654],[134.205438,34.08133],[134.205554,34.081071],[134.207061,34.080958],[134.207024,34.080749],[134.20692,34.080211],[134.206879,34.079835],[134.206883,34.079583],[134.20697,34.07885],[134.207142,34.077762],[134.207314,34.077324],[134.207313,34.077227],[134.207097,34.076828],[134.206974,34.076159],[134.206894,34.075611],[134.206744,34.07517],[134.206993,34.075214],[134.207433,34.075269],[134.208899,34.075191],[134.20948,34.075184],[134.210911,34.075123],[134.211268,34.075112],[134.211293,34.075198],[134.211376,34.075493],[134.211364,34.075789],[134.211296,34.07609],[134.211168,34.076951],[134.211135,34.077356],[134.211089,34.077599],[134.211038,34.077664],[134.210973,34.077741],[134.210935,34.07786],[134.210925,34.077981],[134.210931,34.078198],[134.210916,34.078408],[134.210874,34.078621],[134.210832,34.078828],[134.210785,34.079137],[134.210775,34.079452],[134.210712,34.080022],[134.210692,34.080293],[134.210996,34.080154],[134.211112,34.080576],[134.2111,34.080645],[134.211044,34.080721],[134.210452,34.08089],[134.210048,34.081],[134.209962,34.081062],[134.209945,34.081101],[134.209916,34.081293],[134.20986,34.081319],[134.209826,34.081442],[134.209842,34.081531],[134.210141,34.081879],[134.210198,34.082002],[134.210208,34.082125],[134.210187,34.082194],[134.210144,34.082281],[134.210136,34.082317]]]},"properties":{"S_NAME":"阿波町中坪","HCODE":8101}},{"type":"Feature","geometry":{"type":"Polygon","coordinates":[[[134.199614,34.067793],[134.199782,34.067844],[134.200536,34.068038],[134.200938,34.068153],[134.202313,34.068543],[134.204136,34.069119],[134.205497,34.069547],[134.205964,34.069697],[134.207726,34.070262],[134.20765,34.070498],[134.207571,34.070778],[134.207481,34.07109],[134.207378,34.071475],[134.207269,34.071916],[134.207687,34.071919],[134.20828,34.071935],[134.209189,34.071951],[134.209568,34.07196],[134.210202,34.071959],[134.211203,34.071819],[134.211283,34.071899],[134.211432,34.072004],[134.211596,34.0721],[134.211771,34.072152],[134.212168,34.072202],[134.212217,34.072684],[134.212302,34.073436],[134.212293,34.073708],[134.212288,34.0739],[134.212238,34.074029],[134.212058,34.074278],[134.211727,34.074623],[134.211492,34.074847],[134.211268,34.075112],[134.210911,34.075123],[134.20948,34.075184],[134.208899,34.075191],[134.207433,34.075269],[134.206993,34.075214],[134.206744,34.07517],[134.206172,34.075016],[134.205525,34.074744],[134.204676,34.074321],[134.204357,34.074156],[134.203618,34.073771],[134.203392,34.073642],[134.202873,34.07337],[134.202613,34.073233],[134.202937,34.072854],[134.203266,34.072469],[134.203482,34.072197],[134.203618,34.072006],[134.203655,34.071918],[134.203663,34.071788],[134.203709,34.071689],[134.203804,34.071561],[134.204078,34.071208],[134.204588,34.070611],[134.204657,34.070535],[134.204767,34.070398],[134.202423,34.070355],[134.20166,34.070343],[134.200628,34.070287],[134.199708,34.070153],[134.199295,34.070094],[134.199465,34.069049],[134.199614,34.067793]]]},"properties":{"S_NAME":"阿波町東川原","HCODE":8101}},{"type":"Feature","geometry":{"type":"Polygon","coordinates":[[[134.212168,34.072202],[134.211771,34.072152],[134.211596,34.0721],[134.211432,34.072004],[134.211283,34.071899],[134.211203,34.071819],[134.210202,34.071959],[134.209568,34.07196],[134.209189,34.071951],[134.20828,34.071935],[134.207687,34.071919],[134.207269,34.071916],[134.207378,34.071475],[134.207481,34.07109],[134.207571,34.070778],[134.20765,34.070498],[134.207726,34.070262],[134.205964,34.069697],[134.205497,34.069547],[134.204136,34.069119],[134.202313,34.068543],[134.200938,34.068153],[134.200536,34.068038],[134.199782,34.067844],[134.199614,34.067793],[134.199716,34.06708],[134.199799,34.066125],[134.199843,34.065428],[134.200186,34.065451],[134.200398,34.065459],[134.201515,34.065504],[134.203843,34.065618],[134.204375,34.065658],[134.204637,34.065677],[134.204788,34.065689],[134.20588,34.065771],[134.206638,34.065798],[134.206846,34.065804],[134.208216,34.065847],[134.208706,34.065887],[134.209456,34.065906],[134.210384,34.065928],[134.211147,34.065963],[134.211189,34.065965],[134.213006,34.066068],[134.212996,34.066417],[134.212841,34.068243],[134.212764,34.069113],[134.212719,34.069306],[134.212626,34.069441],[134.212476,34.069676],[134.21232,34.069915],[134.212129,34.070249],[134.212033,34.070462],[134.211973,34.070703],[134.211994,34.071051],[134.212091,34.071788],[134.212168,34.072202]]]},"properties":{"S_NAME":"阿波町南川原","HCODE":8101}},{"type":"Feature","geometry":{"type":"Polygon","coordinates":[[[134.199295,34.070094],[134.199708,34.070153],[134.200628,34.070287],[134.20166,34.070343],[134.202423,34.070355],[134.204767,34.070398],[134.204657,34.070535],[134.204588,34.070611],[134.204078,34.071208],[134.203804,34.071561],[134.203709,34.071689],[134.203663,34.071788],[134.203655,34.071918],[134.203618,34.072006],[134.203482,34.072197],[134.203266,34.072469],[134.202937,34.072854],[134.202613,34.073233],[134.200681,34.07222],[134.199024,34.071377],[134.199175,34.070811],[134.199241,34.070384],[134.199295,34.070094]]]},"properties":{"S_NAME":"阿波町中川原","HCODE":8101}},{"type":"Feature","geometry":{"type":"Polygon","coordinates":[[[134.202875,34.075567],[134.200618,34.075274],[134.199378,34.075115],[134.199492,34.074625],[134.199525,34.074467],[134.199599,34.074106],[134.197155,34.073779],[134.195915,34.073601],[134.196309,34.071584],[134.196396,34.071148],[134.19649,34.070798],[134.196682,34.070485],[134.196855,34.07055],[134.197206,34.070675],[134.198239,34.071052],[134.199024,34.071377],[134.200681,34.07222],[134.202613,34.073233],[134.202873,34.07337],[134.203392,34.073642],[134.203298,34.074053],[134.203187,34.074556],[134.203074,34.075085],[134.203053,34.075217],[134.20299,34.075285],[134.202917,34.075335],[134.202875,34.075567]]]},"properties":{"S_NAME":"阿波町東整理","HCODE":8101}},{"type":"Feature","geometry":{"type":"Polygon","coordinates":[[[134.199295,34.070094],[134.199241,34.070384],[134.199175,34.070811],[134.199024,34.071377],[134.198239,34.071052],[134.197206,34.070675],[134.196855,34.07055],[134.196682,34.070485],[134.19649,34.070798],[134.196198,34.07067],[134.19577,34.070522],[134.195491,34.070427],[134.195307,34.070388],[134.195358,34.070296],[134.195454,34.070183],[134.195631,34.069767],[134.195814,34.069169],[134.195906,34.068561],[134.19626,34.068622],[134.197299,34.068787],[134.198361,34.068931],[134.199465,34.069049],[134.199295,34.070094]]]},"properties":{"S_NAME":"阿波町南整理","HCODE":8101}},{"type":"Feature","geometry":{"type":"Polygon","coordinates":[[[134.199465,34.069049],[134.198361,34.068931],[134.197299,34.068787],[134.19626,34.068622],[134.195906,34.068561],[134.195924,34.068394],[134.196022,34.067667],[134.196126,34.066631],[134.196188,34.065907],[134.196186,34.065596],[134.196202,34.065219],[134.197126,34.065239],[134.19739,34.06525],[134.19742,34.065252],[134.197535,34.065261],[134.198144,34.065311],[134.198198,34.065316],[134.199041,34.065385],[134.199206,34.065399],[134.199843,34.065428],[134.199799,34.066125],[134.199716,34.06708],[134.199614,34.067793],[134.199465,34.069049]]]},"properties":{"S_NAME":"阿波町東村","HCODE":8101}},{"type":"Feature","geometry":{"type":"Polygon","coordinates":[[[134.195906,34.068561],[134.195814,34.069169],[134.195631,34.069767],[134.195454,34.070183],[134.195358,34.070296],[134.195307,34.070388],[134.194352,34.070267],[134.193854,34.070216],[134.193653,34.07019],[134.192633,34.070069],[134.192122,34.069997],[134.191563,34.069896],[134.191369,34.069919],[134.191302,34.069842],[134.191275,34.069696],[134.191353,34.068667],[134.191314,34.068373],[134.19121,34.067992],[134.191081,34.067663],[134.190755,34.066956],[134.190682,34.066816],[134.19083,34.066825],[134.191096,34.066831],[134.191378,34.066813],[134.191985,34.066651],[134.192602,34.066475],[134.193003,34.066391],[134.193259,34.066371],[134.193609,34.066369],[134.19386,34.066376],[134.194003,34.06638],[134.19443,34.066404],[134.195097,34.066486],[134.195417,34.06652],[134.196126,34.066631],[134.196022,34.067667],[134.195924,34.068394],[134.195906,34.068561]]]},"properties":{"S_NAME":"阿波町岩津","HCODE":8101}},{"type":"Feature","geometry":{"type":"Polygon","coordinates":[[[134.196126,34.066631],[134.195417,34.06652],[134.195097,34.066486],[134.19443,34.066404],[134.194003,34.06638],[134.19386,34.066376],[134.193609,34.066369],[134.193259,34.066371],[134.193003,34.066391],[134.192602,34.066475],[134.191985,34.066651],[134.191378,34.066813],[134.191096,34.066831],[134.19083,34.066825],[134.190682,34.066816],[134.190421,34.066598],[134.190095,34.066375],[134.189928,34.066286],[134.189614,34.066203],[134.189236,34.066127],[134.188794,34.066101],[134.188505,34.066148],[134.188334,34.066185],[134.188138,34.066203],[134.187942,34.066196],[134.187584,34.066181],[134.186707,34.06615],[134.185605,34.066153],[134.185903,34.065156],[134.186068,34.064632],[134.186161,34.064378],[134.186232,34.064051],[134.186299,34.063745],[134.186957,34.063842],[134.187688,34.06399],[134.188534,34.064173],[134.189561,34.064326],[134.190882,34.064528],[134.191424,34.064611],[134.192846,34.064844],[134.193441,34.064936],[134.194021,34.065038],[134.194124,34.065044],[134.194484,34.065065],[134.194939,34.065103],[134.196202,34.065219],[134.196186,34.065596],[134.196188,34.065907],[134.196126,34.066631]]]},"properties":{"S_NAME":"阿波町乙岩津","HCODE":8101}},{"type":"Feature","geometry":{"type":"Polygon","coordinates":[[[134.191898,34.073521],[134.191485,34.073454],[134.191342,34.073486],[134.191295,34.07351],[134.191271,34.073584],[134.191252,34.073654],[134.191227,34.073747],[134.19116,34.07371],[134.190937,34.073549],[134.190839,34.073494],[134.190733,34.073476],[134.190621,34.073433],[134.190534,34.073376],[134.190439,34.073302],[134.190366,34.073252],[134.190302,34.073245],[134.190222,34.073259],[134.190169,34.073255],[134.190104,34.073114],[134.189971,34.072881],[134.189867,34.072736],[134.189614,34.072403],[134.189436,34.072231],[134.188849,34.071855],[134.188657,34.071725],[134.187467,34.07091],[134.187304,34.070805],[134.186709,34.07042],[134.186256,34.070198],[134.186364,34.069804],[134.186654,34.069173],[134.186835,34.068734],[134.186841,34.068602],[134.186795,34.068349],[134.18675,34.06828],[134.186743,34.068206],[134.186769,34.068075],[134.186844,34.067854],[134.186994,34.067827],[134.187369,34.067762],[134.187411,34.068064],[134.187403,34.068259],[134.187443,34.068382],[134.187473,34.068528],[134.187485,34.068707],[134.18752,34.068866],[134.187613,34.069084],[134.187786,34.069319],[134.187819,34.069702],[134.187857,34.070124],[134.187849,34.070279],[134.187908,34.070191],[134.187971,34.070096],[134.188059,34.070063],[134.188323,34.070034],[134.188559,34.070044],[134.188817,34.070107],[134.189013,34.070307],[134.189187,34.070375],[134.189041,34.070643],[134.189179,34.07084],[134.189334,34.070938],[134.189743,34.071113],[134.190216,34.071098],[134.190462,34.071067],[134.190669,34.071051],[134.191221,34.070944],[134.19163,34.070916],[134.191574,34.071775],[134.191541,34.072485],[134.191573,34.072832],[134.191751,34.073245],[134.191898,34.073521]]]},"properties":{"S_NAME":"阿波町北岡","HCODE":8101}},{"type":"Feature","geometry":{"type":"Polygon","coordinates":[[[134.191369,34.069919],[134.191433,34.069997],[134.191536,34.070162],[134.191617,34.070344],[134.191649,34.070535],[134.19163,34.070916],[134.191221,34.070944],[134.190669,34.071051],[134.190462,34.071067],[134.190216,34.071098],[134.189743,34.071113],[134.189334,34.070938],[134.189179,34.07084],[134.189041,34.070643],[134.189187,34.070375],[134.189013,34.070307],[134.188817,34.070107],[134.188559,34.070044],[134.188323,34.070034],[134.188059,34.070063],[134.187971,34.070096],[134.187908,34.070191],[134.187849,34.070279],[134.187857,34.070124],[134.187819,34.069702],[134.187786,34.069319],[134.187613,34.069084],[134.18752,34.068866],[134.187485,34.068707],[134.187473,34.068528],[134.187443,34.068382],[134.187403,34.068259],[134.187411,34.068064],[134.187369,34.067762],[134.187388,34.067607],[134.187472,34.067134],[134.187542,34.066964],[134.187622,34.066589],[134.187176,34.066559],[134.186323,34.066572],[134.185473,34.066709],[134.185558,34.066436],[134.185605,34.066153],[134.186707,34.06615],[134.187584,34.066181],[134.187942,34.066196],[134.188138,34.066203],[134.188334,34.066185],[134.188505,34.066148],[134.188794,34.066101],[134.189236,34.066127],[134.189614,34.066203],[134.189928,34.066286],[134.190095,34.066375],[134.190421,34.066598],[134.190682,34.066816],[134.190755,34.066956],[134.191081,34.067663],[134.19121,34.067992],[134.191314,34.068373],[134.191353,34.068667],[134.191275,34.069696],[134.191302,34.069842],[134.191369,34.069919]]]},"properties":{"S_NAME":"阿波町西林","HCODE":8101}},{"type":"Feature","geometry":{"type":"Polygon","coordinates":[[[134.186256,34.070198],[134.18593,34.070045],[134.185774,34.069998],[134.185364,34.070138],[134.185112,34.070388],[134.185046,34.070555],[134.18499,34.070663],[134.184799,34.070715],[134.184554,34.070792],[134.183687,34.07123],[134.18321,34.071517],[134.182928,34.07173],[134.182745,34.071597],[134.182462,34.071489],[134.182714,34.07137],[134.183127,34.071174],[134.183549,34.070952],[134.183934,34.070692],[134.184151,34.070506],[134.184342,34.070448],[134.184491,34.070284],[134.184837,34.069877],[134.184926,34.069753],[134.184972,34.069629],[134.184997,34.069561],[134.185013,34.069472],[134.184999,34.069379],[134.184956,34.069287],[134.184835,34.06916],[134.184813,34.069113],[134.184808,34.06901],[134.184858,34.06885],[134.184995,34.068333],[134.185049,34.068102],[134.185099,34.067976],[134.185193,34.067743],[134.185287,34.067559],[134.185206,34.067519],[134.185248,34.067402],[134.185356,34.067056],[134.185447,34.066781],[134.185473,34.066709],[134.186323,34.066572],[134.187176,34.066559],[134.187622,34.066589],[134.187542,34.066964],[134.187472,34.067134],[134.187388,34.067607],[134.187369,34.067762],[134.186994,34.067827],[134.186844,34.067854],[134.186769,34.068075],[134.186743,34.068206],[134.18675,34.06828],[134.186795,34.068349],[134.186841,34.068602],[134.186835,34.068734],[134.186654,34.069173],[134.186364,34.069804],[134.186256,34.070198]]]},"properties":{"S_NAME":"阿波町植桜","HCODE":8101}},{"type":"Feature","geometry":{"type":"Polygon","coordinates":[[[134.220884,34.163658],[134.220758,34.16345],[134.220702,34.163357],[134.220599,34.1627],[134.220582,34.162482],[134.220799,34.161424],[134.220917,34.161005],[134.221419,34.159174],[134.221601,34.158505],[134.221694,34.157849],[134.22173,34.157063],[134.221537,34.155741],[134.221469,34.155191],[134.221205,34.154637],[134.219134,34.152874],[134.21818,34.152125],[134.217624,34.151919],[134.217139,34.151754],[134.217036,34.151521],[134.217207,34.150841],[134.217407,34.150111],[134.217694,34.149175],[134.217953,34.147981],[134.218045,34.147325],[134.218172,34.146463],[134.218246,34.145575],[134.218157,34.145167],[134.218157,34.144875],[134.21777,34.142959],[134.217622,34.142153],[134.217375,34.141585],[134.217211,34.141217],[134.217269,34.140949],[134.217432,34.140617],[134.21714,34.139944],[134.216832,34.139334],[134.216145,34.138451],[134.215708,34.137776],[134.21532,34.137376],[134.214958,34.137151],[134.214795,34.136901],[134.213548,34.135869],[134.213184,34.135704],[134.21249,34.134636],[134.211472,34.133762],[134.211358,34.133685],[134.211133,34.133301],[134.211221,34.132601],[134.211487,34.131799],[134.211588,34.131462],[134.211744,34.130701],[134.21174,34.130152],[134.211643,34.129144],[134.211565,34.128909],[134.211497,34.128797],[134.210814,34.127856],[134.210688,34.127506],[134.210674,34.127468],[134.210791,34.126383],[134.210809,34.125348],[134.210796,34.124802],[134.210674,34.124066],[134.211303,34.124133],[134.212119,34.124297],[134.212397,34.124421],[134.212812,34.124778],[134.213145,34.12512],[134.213435,34.125238],[134.214301,34.125181],[134.215078,34.125195],[134.215567,34.125195],[134.215788,34.125276],[134.216137,34.125556],[134.216784,34.125956],[134.217282,34.126262],[134.217738,34.126368],[134.218294,34.126445],[134.218789,34.126356],[134.219532,34.126099],[134.219942,34.12604],[134.220251,34.126039],[134.221923,34.126166],[134.222542,34.126059],[134.222816,34.126031],[134.223743,34.125898],[134.224682,34.125792],[134.224691,34.125791],[134.22477,34.125759],[134.224788,34.125686],[134.224806,34.125446],[134.224782,34.125],[134.224847,34.124829],[134.225021,34.1247],[134.225396,34.124636],[134.225598,34.124648],[134.225641,34.124705],[134.22569,34.124811],[134.225846,34.125594],[134.225872,34.125744],[134.225957,34.125752],[134.226057,34.125681],[134.226094,34.125593],[134.22615,34.124891],[134.226154,34.124433],[134.226019,34.123868],[134.225994,34.123556],[134.226024,34.12329],[134.226074,34.123052],[134.226117,34.121644],[134.226238,34.121282],[134.226235,34.120911],[134.226194,34.120488],[134.226277,34.119878],[134.226339,34.119728],[134.226463,34.119425],[134.226635,34.119005],[134.226643,34.118499],[134.226528,34.118129],[134.226389,34.117789],[134.22636,34.117356],[134.226693,34.117465],[134.228128,34.117511],[134.230409,34.117511],[134.23193,34.117602],[134.232901,34.117729],[134.233116,34.118015],[134.233095,34.11859],[134.23294,34.119166],[134.232839,34.119808],[134.232816,34.120229],[134.232932,34.120602],[134.23236,34.12121],[134.231952,34.121819],[134.231903,34.122336],[134.23188,34.122779],[134.231965,34.123419],[134.231935,34.123826],[134.231846,34.124119],[134.23159,34.124706],[134.231304,34.125217],[134.231993,34.125251],[134.232714,34.125488],[134.233021,34.125512],[134.233435,34.125611],[134.23377,34.125886],[134.234252,34.126268],[134.235231,34.127171],[134.23594,34.127752],[134.236496,34.128309],[134.236932,34.129146],[134.237781,34.130728],[134.238088,34.131263],[134.238351,34.131721],[134.238766,34.13234],[134.239138,34.132872],[134.239763,34.133329],[134.23977,34.133363],[134.239787,34.133421],[134.239821,34.133495],[134.23986,34.133558],[134.239892,34.133613],[134.23991,34.133656],[134.239915,34.133665],[134.239932,34.133728],[134.239938,34.133801],[134.239934,34.133832],[134.239927,34.133855],[134.239918,34.133867],[134.239904,34.133876],[134.239853,34.133898],[134.239797,34.133924],[134.239742,34.133964],[134.239724,34.133987],[134.239712,34.134009],[134.239711,34.134036],[134.239722,34.134057],[134.239744,34.134078],[134.239795,34.134107],[134.239856,34.134133],[134.239935,34.134168],[134.240012,34.134209],[134.240155,34.134294],[134.240264,34.134362],[134.240341,34.134409],[134.240424,34.134454],[134.240487,34.134482],[134.240555,34.134516],[134.240589,34.134539],[134.240614,34.134562],[134.240636,34.134591],[134.240654,34.134627],[134.240687,34.134715],[134.240734,34.13482],[134.240803,34.134943],[134.240855,34.135036],[134.240906,34.135135],[134.240945,34.135232],[134.240961,34.13528],[134.240984,34.135373],[134.240992,34.135466],[134.240989,34.135507],[134.240977,34.135594],[134.240964,34.135667],[134.240959,34.135736],[134.240961,34.135805],[134.240971,34.13589],[134.240982,34.135986],[134.240996,34.136076],[134.241006,34.136125],[134.241024,34.13617],[134.241045,34.13621],[134.241088,34.136285],[134.241134,34.136352],[134.241179,34.136404],[134.24122,34.136452],[134.241233,34.136476],[134.241242,34.136503],[134.241249,34.136537],[134.241252,34.136573],[134.241252,34.136651],[134.241246,34.136733],[134.241241,34.136843],[134.241235,34.13701],[134.241233,34.137039],[134.241224,34.137098],[134.241189,34.13729],[134.241154,34.137487],[134.241139,34.137563],[134.241127,34.137649],[134.241114,34.137749],[134.241105,34.137848],[134.241101,34.137936],[134.241102,34.13801],[134.241098,34.138081],[134.241092,34.138157],[134.24108,34.138264],[134.241071,34.138339],[134.241065,34.138369],[134.241053,34.138439],[134.241029,34.138513],[134.241002,34.138587],[134.240963,34.13867],[134.240936,34.138736],[134.24091,34.138794],[134.240886,34.138864],[134.240866,34.138924],[134.240849,34.138983],[134.240836,34.139045],[134.240823,34.139114],[134.240809,34.139192],[134.240794,34.139273],[134.240784,34.139349],[134.240777,34.139419],[134.240771,34.139493],[134.240762,34.139576],[134.240754,34.139668],[134.240746,34.139765],[134.240737,34.139861],[134.240724,34.139951],[134.240718,34.139982],[134.240706,34.140026],[134.240678,34.14009],[134.240642,34.140154],[134.240602,34.14021],[134.240557,34.140263],[134.240471,34.140355],[134.240411,34.140412],[134.240355,34.140467],[134.240304,34.140521],[134.24025,34.140575],[134.240189,34.140631],[134.240127,34.140693],[134.240051,34.140773],[134.239999,34.140825],[134.239942,34.140882],[134.239909,34.14092],[134.239853,34.140969],[134.239788,34.141027],[134.239759,34.141051],[134.239732,34.141076],[134.239719,34.141102],[134.239704,34.141139],[134.239688,34.141208],[134.239668,34.14131],[134.239641,34.141437],[134.239605,34.141578],[134.239565,34.141719],[134.239541,34.141808],[134.239529,34.14185],[134.239497,34.141969],[134.239465,34.142084],[134.239431,34.1422],[134.239396,34.14231],[134.239366,34.142408],[134.239339,34.142496],[134.239306,34.142593],[134.239262,34.142709],[134.239211,34.14284],[134.239159,34.142967],[134.239107,34.143088],[134.239052,34.143208],[134.238993,34.143328],[134.238934,34.143441],[134.23888,34.143536],[134.23883,34.143614],[134.238785,34.143685],[134.238745,34.14375],[134.23874,34.143758],[134.238695,34.143831],[134.238671,34.143868],[134.238618,34.143937],[134.238586,34.143975],[134.238566,34.143998],[134.238522,34.144046],[134.238486,34.144084],[134.238472,34.144102],[134.238453,34.144129],[134.238441,34.144144],[134.238402,34.144232],[134.238384,34.144282],[134.238353,34.144373],[134.238311,34.144508],[134.238285,34.144599],[134.238263,34.144672],[134.238243,34.144747],[134.23822,34.144834],[134.2382,34.144901],[134.238156,34.145034],[134.238146,34.145066],[134.238126,34.145122],[134.238108,34.145176],[134.238092,34.14522],[134.238076,34.145264],[134.238049,34.145327],[134.238013,34.145406],[134.237988,34.145456],[134.23793,34.145562],[134.237853,34.145685],[134.237843,34.145702],[134.23779,34.145784],[134.237679,34.145926],[134.237626,34.145987],[134.237569,34.14605],[134.237503,34.146114],[134.237471,34.146144],[134.237444,34.146171],[134.237235,34.14633],[134.236978,34.146524],[134.236887,34.1466],[134.236801,34.146672],[134.236727,34.146738],[134.236661,34.146799],[134.2366,34.146861],[134.236537,34.146925],[134.236475,34.146995],[134.236411,34.147069],[134.236349,34.147139],[134.236296,34.1472],[134.236255,34.147251],[134.236237,34.147281],[134.23623,34.147298],[134.23622,34.147322],[134.23621,34.147377],[134.236199,34.147443],[134.236181,34.147522],[134.236157,34.147608],[134.236135,34.147695],[134.236116,34.147778],[134.236096,34.147857],[134.23607,34.147929],[134.236045,34.148001],[134.236022,34.148078],[134.236001,34.148158],[134.23598,34.148231],[134.235963,34.148297],[134.235948,34.148358],[134.235937,34.148426],[134.235931,34.148503],[134.235931,34.148586],[134.235935,34.148666],[134.235945,34.148745],[134.235961,34.14882],[134.23598,34.148894],[134.236001,34.148965],[134.236019,34.149035],[134.236038,34.149108],[134.236059,34.149191],[134.236082,34.14928],[134.236099,34.149364],[134.236104,34.149434],[134.236098,34.149499],[134.236084,34.149567],[134.236064,34.149642],[134.236043,34.149718],[134.236021,34.14979],[134.236004,34.14986],[134.235993,34.149927],[134.235988,34.149997],[134.235986,34.150072],[134.23598,34.150154],[134.235973,34.150237],[134.235968,34.150312],[134.235966,34.150383],[134.235959,34.15046],[134.235944,34.150551],[134.235929,34.150643],[134.235917,34.150717],[134.235911,34.150773],[134.235908,34.150829],[134.235908,34.150845],[134.235907,34.150898],[134.235909,34.150937],[134.235922,34.151024],[134.235948,34.151115],[134.235984,34.151203],[134.23602,34.151281],[134.236054,34.151349],[134.236081,34.151416],[134.236097,34.151489],[134.236104,34.151562],[134.236105,34.151595],[134.236101,34.15165],[134.236101,34.151654],[134.236097,34.151704],[134.236097,34.151768],[134.236104,34.151847],[134.236112,34.151891],[134.236139,34.151985],[134.236176,34.152081],[134.236218,34.152169],[134.236256,34.152243],[134.236291,34.152311],[134.236325,34.152385],[134.23634,34.152425],[134.236352,34.152467],[134.23636,34.15251],[134.236365,34.152553],[134.236363,34.152594],[134.236346,34.152676],[134.236335,34.152711],[134.236316,34.152751],[134.236276,34.15282],[134.236229,34.152887],[134.236173,34.152963],[134.236111,34.153043],[134.23605,34.153121],[134.235993,34.15319],[134.235944,34.153252],[134.235904,34.153313],[134.235867,34.153372],[134.235844,34.153399],[134.235817,34.153424],[134.235786,34.153445],[134.235745,34.153465],[134.235658,34.153501],[134.235568,34.153544],[134.235478,34.153594],[134.235382,34.15365],[134.235276,34.153707],[134.235222,34.153738],[134.23517,34.153772],[134.235122,34.15381],[134.235079,34.153851],[134.235041,34.153895],[134.234973,34.153989],[134.234909,34.154082],[134.234841,34.154171],[134.234766,34.154264],[134.23468,34.154362],[134.234597,34.154456],[134.234528,34.154538],[134.234473,34.154604],[134.234421,34.154668],[134.234358,34.154737],[134.234291,34.154811],[134.234224,34.154889],[134.234162,34.154966],[134.234107,34.155038],[134.234058,34.155098],[134.234012,34.155149],[134.23399,34.155172],[134.233945,34.155209],[134.233901,34.155245],[134.23386,34.155285],[134.23379,34.155366],[134.233718,34.155471],[134.233697,34.155513],[134.233678,34.155563],[134.233663,34.155632],[134.233653,34.155717],[134.233648,34.155802],[134.233644,34.155873],[134.233643,34.155932],[134.233645,34.155991],[134.233649,34.156054],[134.233656,34.15612],[134.233664,34.156194],[134.233674,34.156274],[134.233687,34.156361],[134.233701,34.156453],[134.233718,34.156544],[134.233735,34.15663],[134.233754,34.156712],[134.233773,34.156791],[134.233794,34.156873],[134.233825,34.156963],[134.233863,34.157068],[134.233908,34.157174],[134.233949,34.157271],[134.23398,34.157352],[134.233995,34.157415],[134.233995,34.15744],[134.23399,34.157462],[134.233972,34.157498],[134.23395,34.15753],[134.233925,34.157561],[134.233898,34.157596],[134.233865,34.157637],[134.233825,34.157689],[134.233775,34.157753],[134.233716,34.15783],[134.233652,34.157912],[134.233584,34.157994],[134.233517,34.158074],[134.233455,34.158149],[134.233402,34.15822],[134.23336,34.158285],[134.233331,34.158347],[134.233323,34.158376],[134.233318,34.158428],[134.23332,34.158451],[134.233326,34.158472],[134.233336,34.158493],[134.23335,34.158513],[134.233387,34.158557],[134.233435,34.158604],[134.233481,34.158651],[134.2335,34.158675],[134.233532,34.158719],[134.23356,34.158764],[134.233588,34.158815],[134.233617,34.158868],[134.233644,34.158923],[134.23367,34.158981],[134.233695,34.159046],[134.23372,34.159121],[134.233745,34.159209],[134.233776,34.159311],[134.233811,34.159424],[134.233847,34.159534],[134.233879,34.159638],[134.233914,34.159746],[134.233951,34.159873],[134.233952,34.159875],[134.233993,34.160025],[134.234034,34.160173],[134.23407,34.160299],[134.234106,34.160401],[134.234125,34.160442],[134.234164,34.160506],[134.234207,34.160557],[134.234249,34.160612],[134.234283,34.160673],[134.234295,34.160704],[134.234304,34.160735],[134.234308,34.160793],[134.234305,34.160821],[134.2343,34.160878],[134.234298,34.160936],[134.234302,34.161003],[134.23431,34.16108],[134.234318,34.161163],[134.234319,34.161166],[134.234323,34.161253],[134.234317,34.16133],[134.234305,34.161395],[134.234294,34.16144],[134.234277,34.161474],[134.234259,34.161503],[134.234194,34.161585],[134.234136,34.161665],[134.234088,34.161736],[134.234071,34.161767],[134.234044,34.161825],[134.234021,34.161884],[134.233994,34.161944],[134.233977,34.161972],[134.233957,34.161998],[134.233932,34.162018],[134.233905,34.162034],[134.233849,34.16206],[134.2338,34.162082],[134.233758,34.162108],[134.233737,34.162125],[134.233683,34.162171],[134.233621,34.162233],[134.233592,34.162269],[134.233567,34.162306],[134.233548,34.162342],[134.233534,34.162379],[134.233525,34.162414],[134.233514,34.162477],[134.233509,34.162527],[134.233509,34.162577],[134.233511,34.162643],[134.233516,34.162726],[134.233517,34.162812],[134.233513,34.16285],[134.2335,34.162924],[134.23348,34.162996],[134.233454,34.163068],[134.233431,34.163143],[134.233413,34.163216],[134.233397,34.163287],[134.233383,34.163321],[134.233365,34.163355],[134.233338,34.163388],[134.233304,34.163422],[134.233268,34.163453],[134.233189,34.163516],[134.233114,34.163575],[134.233082,34.163606],[134.233054,34.163638],[134.233033,34.163676],[134.233019,34.163715],[134.233009,34.163758],[134.233004,34.163802],[134.232996,34.163888],[134.232982,34.163962],[134.232963,34.164026],[134.232944,34.164084],[134.232922,34.164141],[134.232892,34.164206],[134.232868,34.164243],[134.232811,34.164322],[134.232767,34.164388],[134.232734,34.164537],[134.232719,34.164624],[134.232708,34.164666],[134.232693,34.164704],[134.23267,34.164733],[134.232644,34.164758],[134.232581,34.164802],[134.232516,34.164844],[134.232449,34.164875],[134.232408,34.164888],[134.2323,34.164911],[134.232199,34.164928],[134.232113,34.16494],[134.232064,34.164944],[134.231974,34.164947],[134.231902,34.164954],[134.231845,34.164974],[134.231769,34.16501],[134.231729,34.165024],[134.231653,34.165042],[134.231614,34.165047],[134.231543,34.165048],[134.231513,34.165043],[134.231483,34.165035],[134.23142,34.16501],[134.231352,34.164974],[134.231289,34.16494],[134.231262,34.164933],[134.231234,34.164935],[134.231204,34.164946],[134.231135,34.164988],[134.23105,34.165041],[134.230951,34.165097],[134.230904,34.165129],[134.23086,34.165164],[134.230779,34.16524],[134.230701,34.1653],[134.230642,34.165342],[134.23058,34.165392],[134.230472,34.165472],[134.230414,34.165506],[134.230361,34.165524],[134.230313,34.16553],[134.230266,34.16553],[134.230165,34.165526],[134.230047,34.165515],[134.229919,34.165496],[134.229855,34.165481],[134.229794,34.165464],[134.229735,34.165443],[134.229625,34.165396],[134.229581,34.165379],[134.229545,34.165371],[134.229504,34.165362],[134.229146,34.165272],[134.229049,34.165246],[134.228987,34.165235],[134.228962,34.165237],[134.228937,34.165243],[134.228915,34.165253],[134.228894,34.165266],[134.228858,34.165294],[134.228829,34.165316],[134.228803,34.165338],[134.228769,34.165366],[134.228723,34.1654],[134.228664,34.16543],[134.228628,34.165441],[134.22859,34.165449],[134.228514,34.165459],[134.228445,34.165462],[134.228381,34.165461],[134.228308,34.16546],[134.228216,34.165457],[134.228118,34.165448],[134.228072,34.165441],[134.227987,34.165414],[134.227948,34.165397],[134.227864,34.16536],[134.227767,34.165323],[134.227668,34.165292],[134.227578,34.165273],[134.227536,34.165269],[134.227457,34.165268],[134.227371,34.165272],[134.227277,34.165273],[134.227234,34.16527],[134.227194,34.165264],[134.227158,34.165251],[134.227127,34.165235],[134.227101,34.165217],[134.227056,34.165174],[134.227014,34.165131],[134.226972,34.165089],[134.226926,34.165047],[134.226878,34.165],[134.226855,34.16497],[134.226834,34.164936],[134.226815,34.164895],[134.22678,34.164811],[134.22676,34.164776],[134.226737,34.164751],[134.226709,34.164737],[134.226678,34.164736],[134.226646,34.164742],[134.226616,34.164752],[134.226563,34.164775],[134.226522,34.164794],[134.226479,34.164812],[134.226424,34.164832],[134.226361,34.164854],[134.226294,34.164872],[134.226223,34.164888],[134.22614,34.164904],[134.226037,34.16492],[134.225928,34.164936],[134.225828,34.164951],[134.225742,34.164961],[134.225669,34.164964],[134.225635,34.16496],[134.22557,34.164946],[134.225498,34.164926],[134.225413,34.1649],[134.225324,34.164872],[134.22524,34.164843],[134.225162,34.164814],[134.225079,34.164789],[134.224982,34.164767],[134.224882,34.164747],[134.224789,34.164726],[134.224705,34.164707],[134.224632,34.164694],[134.224565,34.16469],[134.224498,34.16469],[134.224422,34.164689],[134.224337,34.164686],[134.224247,34.164686],[134.224155,34.164694],[134.22411,34.164702],[134.224016,34.164721],[134.223917,34.164742],[134.223871,34.164749],[134.223826,34.164751],[134.223787,34.164746],[134.223752,34.164731],[134.22372,34.164708],[134.22369,34.16468],[134.223621,34.164612],[134.223577,34.164576],[134.223477,34.164502],[134.223387,34.164443],[134.223341,34.164428],[134.223235,34.164404],[134.223178,34.164396],[134.223116,34.164391],[134.22305,34.16439],[134.222982,34.164391],[134.222844,34.164394],[134.222705,34.164393],[134.222638,34.164389],[134.222572,34.164382],[134.222511,34.164371],[134.222451,34.164354],[134.222395,34.164334],[134.222288,34.16429],[134.222179,34.164251],[134.222068,34.16422],[134.221957,34.164195],[134.221848,34.164168],[134.221756,34.164141],[134.221722,34.164128],[134.221696,34.164113],[134.221659,34.164081],[134.221612,34.164037],[134.221526,34.163974],[134.221401,34.163898],[134.221388,34.163891],[134.221369,34.16388],[134.221357,34.163874],[134.221325,34.163859],[134.22123,34.163812],[134.22113,34.163767],[134.221049,34.163729],[134.220969,34.163694],[134.220884,34.163658]]]},"properties":{"S_NAME":"阿波町立割","HCODE":8101}},{"type":"Feature","geometry":{"type":"Polygon","coordinates":[[[134.22636,34.117356],[134.226389,34.117789],[134.226528,34.118129],[134.226643,34.118499],[134.226635,34.119005],[134.226463,34.119425],[134.226339,34.119728],[134.226277,34.119878],[134.226194,34.120488],[134.226235,34.120911],[134.226238,34.121282],[134.226117,34.121644],[134.226074,34.123052],[134.226024,34.12329],[134.225994,34.123556],[134.226019,34.123868],[134.226154,34.124433],[134.22615,34.124891],[134.226094,34.125593],[134.226057,34.125681],[134.225957,34.125752],[134.225872,34.125744],[134.225846,34.125594],[134.22569,34.124811],[134.225641,34.124705],[134.225598,34.124648],[134.225396,34.124636],[134.225021,34.1247],[134.224847,34.124829],[134.224782,34.125],[134.224806,34.125446],[134.224788,34.125686],[134.22477,34.125759],[134.224691,34.125791],[134.224682,34.125792],[134.223743,34.125898],[134.222816,34.126031],[134.222542,34.126059],[134.221923,34.126166],[134.220251,34.126039],[134.219942,34.12604],[134.219532,34.126099],[134.218789,34.126356],[134.218294,34.126445],[134.217738,34.126368],[134.217282,34.126262],[134.216784,34.125956],[134.216137,34.125556],[134.215788,34.125276],[134.215567,34.125195],[134.215078,34.125195],[134.214301,34.125181],[134.213435,34.125238],[134.213145,34.12512],[134.212812,34.124778],[134.212397,34.124421],[134.212119,34.124297],[134.211303,34.124133],[134.210674,34.124066],[134.21053,34.123334],[134.210467,34.122846],[134.210385,34.122326],[134.210322,34.12187],[134.210202,34.120848],[134.210092,34.12043],[134.209877,34.120013],[134.209498,34.119068],[134.2092,34.118299],[134.208746,34.117528],[134.208534,34.117211],[134.209246,34.116512],[134.209334,34.116287],[134.20936,34.115924],[134.20908,34.115507],[134.208507,34.11497],[134.207556,34.113952],[134.207642,34.11355],[134.207663,34.113078],[134.207685,34.112973],[134.207749,34.112972],[134.207939,34.113304],[134.208028,34.113038],[134.208092,34.113004],[134.208166,34.113132],[134.208555,34.113936],[134.208653,34.113984],[134.208778,34.113974],[134.208849,34.113868],[134.208902,34.113463],[134.208968,34.113374],[134.209401,34.11311],[134.209737,34.112963],[134.209916,34.112869],[134.210241,34.112629],[134.210411,34.112477],[134.210542,34.112339],[134.210605,34.112122],[134.21062,34.111336],[134.210662,34.111091],[134.210606,34.110929],[134.210455,34.110738],[134.210432,34.110634],[134.210431,34.110498],[134.210462,34.110331],[134.210521,34.110213],[134.210613,34.110172],[134.210825,34.110161],[134.21094,34.11013],[134.211103,34.110062],[134.211284,34.1099],[134.211461,34.109784],[134.211636,34.109625],[134.21175,34.109577],[134.211864,34.109536],[134.211908,34.109492],[134.211973,34.109407],[134.21227,34.109109],[134.212463,34.108932],[134.212667,34.108834],[134.21297,34.108733],[134.213436,34.108598],[134.21366,34.108469],[134.2138,34.108354],[134.2139,34.108251],[134.213966,34.108218],[134.214155,34.108184],[134.214314,34.108187],[134.214442,34.108215],[134.214605,34.10824],[134.214854,34.108196],[134.21503,34.108162],[134.215135,34.108085],[134.215288,34.108],[134.215398,34.107911],[134.215468,34.107859],[134.215525,34.107844],[134.215649,34.107866],[134.215781,34.107901],[134.216041,34.107907],[134.216174,34.107939],[134.216386,34.108008],[134.21658,34.108113],[134.216696,34.108193],[134.216775,34.108222],[134.217033,34.108273],[134.217325,34.10829],[134.217567,34.108274],[134.217813,34.108261],[134.218012,34.108271],[134.218158,34.10834],[134.21833,34.108434],[134.21852,34.108506],[134.218688,34.10856],[134.218924,34.108561],[134.219152,34.108461],[134.219986,34.108481],[134.220228,34.108531],[134.22037,34.108607],[134.220507,34.108672],[134.220582,34.108672],[134.220978,34.10864],[134.221196,34.10863],[134.221469,34.108617],[134.221698,34.108572],[134.221848,34.108534],[134.221975,34.108512],[134.222068,34.108559],[134.222197,34.10862],[134.22228,34.108635],[134.222299,34.109609],[134.222424,34.110278],[134.222677,34.111082],[134.222979,34.111889],[134.22336,34.112704],[134.223849,34.113593],[134.224308,34.114264],[134.224989,34.115119],[134.225226,34.115486],[134.225307,34.115576],[134.225372,34.115613],[134.225516,34.115641],[134.226018,34.116757],[134.226227,34.117174],[134.226283,34.117265],[134.22636,34.117356]]]},"properties":{"S_NAME":"阿波町北久保","HCODE":8101}},{"type":"Feature","geometry":{"type":"Polygon","coordinates":[[[134.239763,34.133329],[134.239138,34.132872],[134.238766,34.13234],[134.238351,34.131721],[134.238088,34.131263],[134.237781,34.130728],[134.236932,34.129146],[134.236496,34.128309],[134.23594,34.127752],[134.235231,34.127171],[134.234252,34.126268],[134.23377,34.125886],[134.233435,34.125611],[134.233021,34.125512],[134.232714,34.125488],[134.231993,34.125251],[134.231304,34.125217],[134.23159,34.124706],[134.231846,34.124119],[134.231935,34.123826],[134.231965,34.123419],[134.23188,34.122779],[134.231903,34.122336],[134.231952,34.121819],[134.23236,34.12121],[134.232932,34.120602],[134.232816,34.120229],[134.232839,34.119808],[134.23294,34.119166],[134.233095,34.11859],[134.233116,34.118015],[134.232901,34.117729],[134.23193,34.117602],[134.230409,34.117511],[134.228128,34.117511],[134.226693,34.117465],[134.22636,34.117356],[134.226311,34.116713],[134.226306,34.116143],[134.226246,34.11561],[134.226232,34.115243],[134.226183,34.11471],[134.226043,34.113847],[134.225591,34.112599],[134.224963,34.111565],[134.224939,34.111353],[134.224956,34.110792],[134.224854,34.11042],[134.224823,34.11034],[134.224752,34.110178],[134.224671,34.109801],[134.224602,34.109453],[134.224718,34.108179],[134.224931,34.107222],[134.225059,34.106715],[134.225167,34.106374],[134.225373,34.105877],[134.225568,34.105471],[134.225894,34.10478],[134.226353,34.104125],[134.226461,34.10383],[134.226517,34.103529],[134.226842,34.103256],[134.227165,34.102952],[134.227544,34.102715],[134.227708,34.102586],[134.227803,34.10251],[134.22792,34.102477],[134.228061,34.102472],[134.228247,34.102491],[134.228488,34.102526],[134.229362,34.102708],[134.23032,34.102899],[134.231287,34.103148],[134.231732,34.10335],[134.233197,34.104317],[134.233841,34.104866],[134.234071,34.105125],[134.234301,34.105099],[134.234471,34.105088],[134.234775,34.105187],[134.235018,34.105233],[134.235179,34.10528],[134.235254,34.105349],[134.23542,34.105385],[134.235586,34.105441],[134.235821,34.105534],[134.236233,34.105688],[134.23638,34.105895],[134.236494,34.105962],[134.236632,34.106055],[134.236945,34.106272],[134.236982,34.106308],[134.237023,34.106338],[134.23712,34.106365],[134.237488,34.106389],[134.237733,34.106413],[134.237899,34.106462],[134.238053,34.106499],[134.238195,34.106518],[134.238296,34.106531],[134.238402,34.106584],[134.238503,34.106644],[134.238589,34.106741],[134.238707,34.106794],[134.2388,34.106817],[134.239047,34.106869],[134.23912,34.106906],[134.239498,34.107308],[134.239641,34.107479],[134.239812,34.107619],[134.240165,34.107875],[134.240411,34.108182],[134.240771,34.108949],[134.240904,34.108533],[134.240986,34.108336],[134.241041,34.108085],[134.241048,34.107971],[134.241066,34.107738],[134.241111,34.10778],[134.24123,34.107909],[134.241299,34.107994],[134.241334,34.108088],[134.241408,34.108265],[134.2415,34.108397],[134.241649,34.10851],[134.241741,34.108623],[134.241845,34.108755],[134.242057,34.109029],[134.242278,34.10915],[134.242366,34.109194],[134.242535,34.10923],[134.243174,34.109195],[134.243693,34.109115],[134.244191,34.109052],[134.244559,34.109035],[134.245024,34.109125],[134.24551,34.10926],[134.245791,34.109368],[134.246018,34.109441],[134.246386,34.109441],[134.246721,34.109612],[134.247023,34.109918],[134.247401,34.11008],[134.248148,34.110054],[134.248808,34.109911],[134.249317,34.109705],[134.249464,34.109665],[134.249555,34.109641],[134.249551,34.1098],[134.250157,34.110341],[134.250466,34.110921],[134.250581,34.111097],[134.250616,34.111183],[134.250664,34.111384],[134.250734,34.111709],[134.250892,34.111992],[134.251104,34.112301],[134.251449,34.112719],[134.251522,34.112943],[134.251712,34.113483],[134.251731,34.113746],[134.25177,34.114198],[134.251784,34.114425],[134.251723,34.114744],[134.251629,34.115121],[134.251543,34.115401],[134.251497,34.116058],[134.251458,34.11637],[134.251423,34.116554],[134.251349,34.116736],[134.251291,34.116839],[134.251201,34.116924],[134.250996,34.117008],[134.250942,34.117022],[134.250882,34.11704],[134.250814,34.117068],[134.250747,34.117101],[134.250689,34.11713],[134.250639,34.117155],[134.250593,34.117186],[134.250542,34.117225],[134.250495,34.117269],[134.250459,34.117308],[134.250434,34.117342],[134.250416,34.117379],[134.250397,34.117425],[134.250379,34.117476],[134.250362,34.117531],[134.250347,34.117585],[134.250331,34.117641],[134.250312,34.117696],[134.250294,34.117751],[134.250283,34.117803],[134.250281,34.117829],[134.250281,34.117881],[134.250286,34.117938],[134.250292,34.118],[134.250298,34.118058],[134.250302,34.11811],[134.250308,34.118161],[134.250322,34.118216],[134.250341,34.118277],[134.250362,34.118336],[134.250377,34.118389],[134.250387,34.11844],[134.250394,34.118494],[134.250397,34.118552],[134.250396,34.118609],[134.250388,34.118662],[134.250374,34.118712],[134.250354,34.118766],[134.25033,34.118822],[134.250304,34.118869],[134.250275,34.118907],[134.250229,34.118948],[134.250148,34.119016],[134.250034,34.119109],[134.249909,34.119205],[134.249645,34.119429],[134.249614,34.119462],[134.249586,34.119491],[134.249556,34.119514],[134.249536,34.119523],[134.249491,34.119539],[134.249443,34.119549],[134.249395,34.119554],[134.249354,34.119562],[134.249339,34.119571],[134.249326,34.119581],[134.249317,34.119595],[134.249309,34.119612],[134.249291,34.119652],[134.249264,34.119697],[134.249233,34.119748],[134.249204,34.119805],[134.249177,34.119865],[134.24915,34.11993],[134.24912,34.119996],[134.249088,34.120062],[134.249056,34.120128],[134.249025,34.120192],[134.248993,34.120253],[134.248957,34.120311],[134.24892,34.120367],[134.248886,34.120424],[134.248854,34.120481],[134.248824,34.120535],[134.248794,34.120579],[134.248764,34.12062],[134.248732,34.120659],[134.248693,34.120693],[134.248672,34.120705],[134.248649,34.120712],[134.248623,34.12071],[134.248597,34.120704],[134.24857,34.120693],[134.248518,34.120666],[134.248471,34.120637],[134.248422,34.120611],[134.248363,34.120585],[134.248295,34.120561],[134.248224,34.120544],[134.248152,34.120532],[134.248078,34.120529],[134.247994,34.12053],[134.247899,34.120536],[134.247797,34.120546],[134.247688,34.120561],[134.247479,34.120595],[134.247235,34.120628],[134.247169,34.12064],[134.247098,34.120653],[134.247022,34.120668],[134.246937,34.120681],[134.246892,34.120685],[134.246798,34.120691],[134.246707,34.120696],[134.246621,34.120701],[134.246542,34.120706],[134.246466,34.120713],[134.246393,34.12072],[134.246321,34.120727],[134.246245,34.120733],[134.246169,34.120739],[134.246093,34.120745],[134.246016,34.12075],[134.245936,34.120753],[134.245849,34.120754],[134.245765,34.120752],[134.245692,34.120747],[134.24563,34.120739],[134.245573,34.120729],[134.245381,34.120695],[134.244852,34.120612],[134.244704,34.120594],[134.244548,34.12058],[134.244382,34.120566],[134.244203,34.120547],[134.244014,34.120523],[134.243828,34.1205],[134.24365,34.120484],[134.243479,34.120476],[134.243311,34.120472],[134.243141,34.120468],[134.24296,34.12046],[134.242771,34.120446],[134.242689,34.120444],[134.242623,34.120448],[134.2426,34.120454],[134.242589,34.120459],[134.242582,34.120463],[134.242572,34.120475],[134.242568,34.120489],[134.24257,34.120507],[134.242578,34.120526],[134.242656,34.120871],[134.242605,34.121356],[134.242586,34.121731],[134.242574,34.122124],[134.242588,34.122456],[134.242594,34.122515],[134.242618,34.122626],[134.242641,34.122736],[134.242647,34.122792],[134.242659,34.122905],[134.242672,34.122958],[134.242693,34.123009],[134.242722,34.123055],[134.242798,34.123145],[134.242831,34.123193],[134.242856,34.123247],[134.242868,34.123307],[134.242867,34.123372],[134.242861,34.12344],[134.24285,34.123507],[134.24283,34.123626],[134.24282,34.123723],[134.242816,34.123757],[134.242813,34.123789],[134.242814,34.123791],[134.242811,34.123807],[134.242797,34.123887],[134.242777,34.123974],[134.242752,34.124082],[134.242725,34.124205],[134.242698,34.124329],[134.242669,34.124438],[134.242643,34.124538],[134.242619,34.124639],[134.242594,34.12474],[134.242578,34.124785],[134.24256,34.124825],[134.242538,34.124857],[134.242511,34.124885],[134.242481,34.124908],[134.242447,34.124929],[134.242372,34.124968],[134.242292,34.125013],[134.242255,34.125038],[134.242225,34.125068],[134.2422,34.125101],[134.242181,34.125138],[134.242153,34.125223],[134.242125,34.125319],[134.242092,34.125418],[134.242053,34.125511],[134.242032,34.125551],[134.241988,34.125622],[134.241937,34.125686],[134.241877,34.125747],[134.241816,34.12581],[134.241764,34.12588],[134.24172,34.125955],[134.241676,34.126035],[134.241626,34.126115],[134.241575,34.126194],[134.241528,34.126269],[134.241484,34.126335],[134.24146,34.126363],[134.241433,34.126388],[134.241402,34.126406],[134.241366,34.126421],[134.241326,34.12643],[134.241284,34.126436],[134.241238,34.126439],[134.241188,34.126439],[134.241091,34.126441],[134.241051,34.126448],[134.241021,34.126461],[134.241002,34.126483],[134.240993,34.126512],[134.240995,34.12658],[134.241002,34.126645],[134.241005,34.126702],[134.241011,34.126769],[134.24102,34.126852],[134.24102,34.126896],[134.241013,34.12694],[134.240996,34.126982],[134.240965,34.127018],[134.240924,34.127051],[134.240834,34.127113],[134.240795,34.127146],[134.240764,34.127181],[134.24074,34.127218],[134.240722,34.127256],[134.240693,34.127336],[134.24066,34.127414],[134.240639,34.127449],[134.240616,34.127482],[134.240588,34.12751],[134.240554,34.127532],[134.240518,34.127549],[134.240477,34.127563],[134.240431,34.127573],[134.240331,34.127588],[134.240224,34.127605],[134.240171,34.127619],[134.240122,34.127638],[134.240074,34.127664],[134.24003,34.127694],[134.239939,34.127764],[134.23989,34.127798],[134.239778,34.127859],[134.239662,34.127914],[134.239563,34.12797],[134.239521,34.128],[134.239443,34.128066],[134.239162,34.128304],[134.239159,34.128307],[134.239145,34.128325],[134.239136,34.12834],[134.239125,34.128359],[134.239114,34.128381],[134.239107,34.128398],[134.239096,34.128438],[134.239092,34.128464],[134.239093,34.128494],[134.239095,34.128521],[134.239097,34.128547],[134.239101,34.128575],[134.239103,34.128598],[134.239103,34.128613],[134.239104,34.128665],[134.239104,34.128716],[134.239101,34.128768],[134.239088,34.128829],[134.239076,34.12886],[134.239042,34.128923],[134.239001,34.128975],[134.238948,34.129022],[134.238893,34.129058],[134.238833,34.129096],[134.23877,34.129148],[134.23874,34.129182],[134.238716,34.129218],[134.238689,34.129267],[134.238676,34.129302],[134.238646,34.1294],[134.23864,34.129435],[134.238637,34.129456],[134.238638,34.12948],[134.238644,34.129497],[134.23867,34.129574],[134.238738,34.129767],[134.238752,34.129815],[134.238769,34.129872],[134.238785,34.129916],[134.238807,34.129959],[134.238827,34.130001],[134.238844,34.130052],[134.238862,34.13011],[134.238884,34.130166],[134.238906,34.130209],[134.238939,34.130267],[134.238963,34.130315],[134.238969,34.130333],[134.238971,34.130357],[134.238967,34.130384],[134.238956,34.130415],[134.238938,34.130451],[134.238902,34.130533],[134.23889,34.130581],[134.238886,34.130621],[134.238889,34.130667],[134.238896,34.130696],[134.238921,34.130774],[134.238938,34.130836],[134.238957,34.130896],[134.238995,34.130986],[134.239031,34.131058],[134.23907,34.131132],[134.239096,34.131188],[134.239135,34.131252],[134.239158,34.131282],[134.239232,34.131366],[134.239327,34.131468],[134.239392,34.131549],[134.239414,34.131583],[134.239431,34.131615],[134.23944,34.131643],[134.239448,34.131683],[134.239454,34.131767],[134.239453,34.131861],[134.239445,34.131943],[134.239434,34.132013],[134.239417,34.132081],[134.239392,34.132158],[134.239367,34.132248],[134.239354,34.132316],[134.239349,34.132394],[134.239354,34.132474],[134.239364,34.132565],[134.239377,34.132648],[134.239393,34.13272],[134.239416,34.132779],[134.239424,34.132793],[134.23943,34.132804],[134.239435,34.132812],[134.239453,34.132837],[134.239511,34.1329],[134.239577,34.132961],[134.239641,34.133018],[134.239693,34.133072],[134.239714,34.133103],[134.23973,34.133137],[134.23974,34.133176],[134.239748,34.133225],[134.239763,34.133329]]]},"properties":{"S_NAME":"阿波町大久保","HCODE":8101}},{"type":"Feature","geometry":{"type":"Polygon","coordinates":[[[134.239914,34.10646],[134.240114,34.106584],[134.240317,34.106759],[134.240663,34.10714],[134.240804,34.107284],[134.240847,34.107363],[134.240873,34.1075],[134.240919,34.107604],[134.241066,34.107738],[134.241048,34.107971],[134.241041,34.108085],[134.240986,34.108336],[134.240904,34.108533],[134.240771,34.108949],[134.240411,34.108182],[134.240165,34.107875],[134.239812,34.107619],[134.239641,34.107479],[134.239498,34.107308],[134.23912,34.106906],[134.239047,34.106869],[134.2388,34.106817],[134.238707,34.106794],[134.238589,34.106741],[134.238503,34.106644],[134.238402,34.106584],[134.238296,34.106531],[134.238195,34.106518],[134.238053,34.106499],[134.237899,34.106462],[134.237733,34.106413],[134.237488,34.106389],[134.23712,34.106365],[134.237023,34.106338],[134.236982,34.106308],[134.236945,34.106272],[134.236632,34.106055],[134.236494,34.105962],[134.23638,34.105895],[134.236233,34.105688],[134.235821,34.105534],[134.235586,34.105441],[134.23542,34.105385],[134.235254,34.105349],[134.235179,34.10528],[134.235018,34.105233],[134.234775,34.105187],[134.234471,34.105088],[134.234301,34.105099],[134.234071,34.105125],[134.233841,34.104866],[134.233197,34.104317],[134.231732,34.10335],[134.231287,34.103148],[134.231393,34.102661],[134.231495,34.102381],[134.231536,34.102211],[134.231614,34.101897],[134.231675,34.101478],[134.231672,34.101299],[134.231682,34.101258],[134.231731,34.101229],[134.231938,34.101107],[134.232189,34.100964],[134.232402,34.100828],[134.23272,34.10051],[134.232814,34.100427],[134.232947,34.100315],[134.233051,34.100232],[134.233091,34.100178],[134.233241,34.099871],[134.233323,34.099669],[134.233972,34.099575],[134.23422,34.099538],[134.234628,34.099474],[134.234744,34.09982],[134.234832,34.100097],[134.234892,34.100324],[134.235992,34.099934],[134.236064,34.099888],[134.236137,34.099782],[134.236144,34.099745],[134.236236,34.099813],[134.236286,34.09987],[134.236317,34.099933],[134.236348,34.100012],[134.236371,34.100084],[134.236387,34.100166],[134.236366,34.100337],[134.236363,34.100378],[134.236331,34.100472],[134.236283,34.100576],[134.236196,34.100684],[134.236128,34.100742],[134.236041,34.100783],[134.235924,34.10085],[134.235875,34.100923],[134.235861,34.101018],[134.235879,34.10119],[134.235968,34.101329],[134.236037,34.101429],[134.236187,34.101542],[134.236396,34.101648],[134.236618,34.101745],[134.236847,34.101886],[134.237194,34.102064],[134.237351,34.102161],[134.237525,34.102322],[134.237622,34.102537],[134.237627,34.102657],[134.237586,34.10278],[134.23747,34.102914],[134.237345,34.103009],[134.237221,34.103144],[134.237101,34.103377],[134.237112,34.103489],[134.237185,34.103644],[134.237402,34.103961],[134.237607,34.104105],[134.237728,34.104255],[134.237716,34.104603],[134.237748,34.104729],[134.237821,34.104817],[134.237973,34.104923],[134.238365,34.105109],[134.238525,34.105241],[134.238736,34.105464],[134.239169,34.106003],[134.239303,34.106126],[134.239436,34.106194],[134.239764,34.106371],[134.239787,34.106376],[134.239914,34.10646]]]},"properties":{"S_NAME":"阿波町西ノ岡","HCODE":8101}},{"type":"Feature","geometry":{"type":"Polygon","coordinates":[[[134.231287,34.103148],[134.23032,34.102899],[134.229362,34.102708],[134.228488,34.102526],[134.228247,34.102491],[134.228061,34.102472],[134.22792,34.102477],[134.227803,34.10251],[134.227708,34.102586],[134.227544,34.102715],[134.227165,34.102952],[134.226842,34.103256],[134.226517,34.103529],[134.226626,34.103055],[134.226562,34.102717],[134.226349,34.102332],[134.226317,34.101266],[134.225974,34.101204],[134.225705,34.10116],[134.225882,34.101078],[134.226078,34.100648],[134.226185,34.100184],[134.226231,34.100044],[134.226292,34.099858],[134.226311,34.099695],[134.226305,34.099376],[134.226314,34.099242],[134.226464,34.099053],[134.226611,34.098854],[134.228353,34.099776],[134.22866,34.099761],[134.228915,34.099749],[134.229192,34.09976],[134.229374,34.099823],[134.229531,34.099891],[134.229639,34.099893],[134.229746,34.09987],[134.229999,34.099802],[134.230306,34.099792],[134.230724,34.099809],[134.230877,34.099831],[134.231017,34.099821],[134.231175,34.099754],[134.231483,34.099744],[134.231823,34.099788],[134.232271,34.099896],[134.232529,34.099979],[134.232745,34.100072],[134.232946,34.100179],[134.233051,34.100232],[134.232947,34.100315],[134.232814,34.100427],[134.23272,34.10051],[134.232402,34.100828],[134.232189,34.100964],[134.231938,34.101107],[134.231731,34.101229],[134.231682,34.101258],[134.231672,34.101299],[134.231675,34.101478],[134.231614,34.101897],[134.231536,34.102211],[134.231495,34.102381],[134.231393,34.102661],[134.231287,34.103148]]]},"properties":{"S_NAME":"阿波町八丁原","HCODE":8101}},{"type":"Feature","geometry":{"type":"Polygon","coordinates":[[[134.226132,34.096618],[134.226184,34.096656],[134.226371,34.096795],[134.226518,34.096958],[134.226652,34.097068],[134.226879,34.09713],[134.22712,34.097198],[134.22701,34.097299],[134.226945,34.097401],[134.226922,34.097487],[134.226908,34.097926],[134.226888,34.09829],[134.226846,34.098417],[134.226784,34.098561],[134.226728,34.09866],[134.226611,34.098854],[134.226464,34.099053],[134.226314,34.099242],[134.226305,34.099376],[134.226311,34.099695],[134.226292,34.099858],[134.226231,34.100044],[134.226185,34.100184],[134.226078,34.100648],[134.225882,34.101078],[134.225705,34.10116],[134.225974,34.101204],[134.226317,34.101266],[134.226349,34.102332],[134.226562,34.102717],[134.226626,34.103055],[134.226517,34.103529],[134.226461,34.10383],[134.226353,34.104125],[134.225894,34.10478],[134.225568,34.105471],[134.225373,34.105877],[134.225167,34.106374],[134.225059,34.106715],[134.224931,34.107222],[134.224718,34.108179],[134.224602,34.109453],[134.224671,34.109801],[134.224752,34.110178],[134.224823,34.11034],[134.224854,34.11042],[134.224956,34.110792],[134.224939,34.111353],[134.224963,34.111565],[134.225591,34.112599],[134.226043,34.113847],[134.226183,34.11471],[134.226232,34.115243],[134.226246,34.11561],[134.226306,34.116143],[134.226311,34.116713],[134.22636,34.117356],[134.226283,34.117265],[134.226227,34.117174],[134.226018,34.116757],[134.225516,34.115641],[134.225372,34.115613],[134.225307,34.115576],[134.225226,34.115486],[134.224989,34.115119],[134.224308,34.114264],[134.223849,34.113593],[134.22336,34.112704],[134.222979,34.111889],[134.222677,34.111082],[134.222424,34.110278],[134.222299,34.109609],[134.22228,34.108635],[134.222399,34.108608],[134.222504,34.108549],[134.222627,34.108405],[134.222735,34.108173],[134.222797,34.107992],[134.222849,34.107827],[134.222833,34.107556],[134.222763,34.10728],[134.222717,34.107112],[134.222575,34.106301],[134.222359,34.105263],[134.222161,34.103749],[134.222201,34.10179],[134.222441,34.099949],[134.22268,34.097561],[134.222703,34.097308],[134.22271,34.097124],[134.222745,34.096552],[134.223433,34.096996],[134.223485,34.097004],[134.223537,34.096947],[134.223608,34.096967],[134.223816,34.097092],[134.223875,34.097113],[134.223996,34.097126],[134.224171,34.097135],[134.22428,34.097121],[134.224361,34.097101],[134.224756,34.096922],[134.224866,34.096875],[134.224966,34.096846],[134.225083,34.096828],[134.225216,34.096806],[134.225399,34.096764],[134.225699,34.096758],[134.22585,34.096754],[134.225967,34.096736],[134.226054,34.096697],[134.226132,34.096618]]]},"properties":{"S_NAME":"阿波町梅ノ木原","HCODE":8101}},{"type":"Feature","geometry":{"type":"Polygon","coordinates":[[[134.22228,34.108635],[134.222197,34.10862],[134.222068,34.108559],[134.221975,34.108512],[134.221848,34.108534],[134.221698,34.108572],[134.221469,34.108617],[134.221196,34.10863],[134.220978,34.10864],[134.220582,34.108672],[134.220507,34.108672],[134.22037,34.108607],[134.220228,34.108531],[134.219986,34.108481],[134.219152,34.108461],[134.218924,34.108561],[134.218688,34.10856],[134.21852,34.108506],[134.21833,34.108434],[134.218158,34.10834],[134.218012,34.108271],[134.217813,34.108261],[134.217567,34.108274],[134.217325,34.10829],[134.217033,34.108273],[134.216775,34.108222],[134.216696,34.108193],[134.21658,34.108113],[134.216386,34.108008],[134.216174,34.107939],[134.216041,34.107907],[134.215781,34.107901],[134.215649,34.107866],[134.215525,34.107844],[134.215468,34.107859],[134.215398,34.107911],[134.215288,34.108],[134.215135,34.108085],[134.21503,34.108162],[134.214854,34.108196],[134.214605,34.10824],[134.214442,34.108215],[134.214314,34.108187],[134.214155,34.108184],[134.213966,34.108218],[134.2139,34.108251],[134.2138,34.108354],[134.21366,34.108469],[134.213436,34.108598],[134.21297,34.108733],[134.212667,34.108834],[134.212463,34.108932],[134.21227,34.109109],[134.211973,34.109407],[134.211908,34.109492],[134.211864,34.109536],[134.21175,34.109577],[134.211636,34.109625],[134.211461,34.109784],[134.211284,34.1099],[134.211103,34.110062],[134.21094,34.11013],[134.210825,34.110161],[134.210613,34.110172],[134.210521,34.110213],[134.210462,34.110331],[134.210431,34.110498],[134.210432,34.110634],[134.210455,34.110738],[134.210606,34.110929],[134.210662,34.111091],[134.21062,34.111336],[134.210605,34.112122],[134.210542,34.112339],[134.210411,34.112477],[134.210241,34.112629],[134.209916,34.112869],[134.209737,34.112963],[134.209401,34.11311],[134.208968,34.113374],[134.208902,34.113463],[134.208849,34.113868],[134.208778,34.113974],[134.208653,34.113984],[134.208555,34.113936],[134.208166,34.113132],[134.208092,34.113004],[134.208028,34.113038],[134.207939,34.113304],[134.207749,34.112972],[134.207685,34.112973],[134.207663,34.113078],[134.207642,34.11355],[134.207556,34.113952],[134.206191,34.112825],[134.205789,34.112495],[134.205664,34.112341],[134.20553,34.112216],[134.205168,34.111581],[134.205034,34.11122],[134.204851,34.110597],[134.204713,34.110353],[134.204568,34.110209],[134.204355,34.110022],[134.204076,34.109865],[134.203647,34.109617],[134.203621,34.10957],[134.20365,34.109482],[134.203653,34.109369],[134.203622,34.109309],[134.203519,34.109187],[134.203371,34.109022],[134.203256,34.108831],[134.203161,34.10875],[134.20302,34.108688],[134.202808,34.108611],[134.202624,34.10846],[134.202881,34.108426],[134.203278,34.108389],[134.203604,34.108331],[134.203809,34.108292],[134.204032,34.108277],[134.204361,34.108393],[134.20466,34.108558],[134.204908,34.108634],[134.205059,34.108654],[134.205228,34.108632],[134.205886,34.10832],[134.206595,34.108069],[134.20717,34.107595],[134.207668,34.10705],[134.208028,34.106624],[134.208177,34.106425],[134.208281,34.106289],[134.208427,34.106242],[134.208775,34.10613],[134.209143,34.106098],[134.20937,34.106077],[134.209606,34.106003],[134.209854,34.105919],[134.209984,34.105926],[134.209978,34.106177],[134.210397,34.106019],[134.210837,34.105843],[134.211214,34.105758],[134.211636,34.105752],[134.212275,34.105771],[134.212913,34.105736],[134.213453,34.105648],[134.214066,34.105443],[134.214549,34.105266],[134.214827,34.105056],[134.214866,34.104858],[134.214839,34.104712],[134.214829,34.104661],[134.214924,34.104596],[134.215256,34.104369],[134.215447,34.104151],[134.215498,34.104012],[134.21541,34.103336],[134.215357,34.103105],[134.214904,34.102453],[134.214777,34.102212],[134.214771,34.102105],[134.21486,34.10188],[134.214872,34.101818],[134.214626,34.101378],[134.214546,34.101346],[134.2142,34.101332],[134.214094,34.101316],[134.213954,34.101268],[134.213906,34.101255],[134.213815,34.101194],[134.213773,34.101122],[134.213864,34.100816],[134.2139,34.100655],[134.213911,34.100439],[134.213893,34.100334],[134.21382,34.100225],[134.213664,34.100108],[134.213571,34.100053],[134.213307,34.099943],[134.213018,34.099975],[134.212928,34.099926],[134.212736,34.099781],[134.212654,34.099803],[134.212487,34.099892],[134.212271,34.099936],[134.212121,34.09989],[134.212002,34.099784],[134.211947,34.099705],[134.211919,34.099525],[134.211939,34.0994],[134.211902,34.099328],[134.211716,34.099243],[134.211648,34.099123],[134.21163,34.098979],[134.211558,34.098933],[134.211182,34.098951],[134.211109,34.098896],[134.21104,34.098767],[134.210899,34.098699],[134.210686,34.098688],[134.210561,34.0986],[134.210528,34.098473],[134.210594,34.098345],[134.210762,34.098046],[134.211082,34.097701],[134.211159,34.097609],[134.211217,34.09752],[134.211207,34.09749],[134.211171,34.09748],[134.211029,34.097479],[134.210908,34.097427],[134.210798,34.09729],[134.21056,34.097513],[134.210473,34.097609],[134.210266,34.097824],[134.210283,34.097721],[134.210305,34.097673],[134.210529,34.097345],[134.210611,34.097202],[134.210639,34.097044],[134.210646,34.096954],[134.21061,34.09663],[134.210533,34.096116],[134.210535,34.095965],[134.210618,34.09543],[134.210728,34.094989],[134.210828,34.094623],[134.210837,34.094057],[134.210831,34.093888],[134.21079,34.093727],[134.210726,34.09355],[134.211243,34.0936],[134.211811,34.093653],[134.212469,34.093693],[134.21268,34.093629],[134.212752,34.093516],[134.212797,34.093209],[134.212971,34.093322],[134.213254,34.093449],[134.213669,34.093621],[134.214393,34.094038],[134.215147,34.09455],[134.21533,34.094719],[134.215621,34.095101],[134.21588,34.095314],[134.21645,34.095625],[134.217036,34.095917],[134.217219,34.096067],[134.217356,34.096218],[134.217414,34.096207],[134.217612,34.096053],[134.218137,34.095502],[134.218272,34.0953],[134.218415,34.095248],[134.218627,34.095178],[134.218694,34.095052],[134.218746,34.094963],[134.218843,34.094837],[134.219002,34.09476],[134.219831,34.095215],[134.22001,34.095324],[134.22003,34.095041],[134.220021,34.094858],[134.219946,34.094666],[134.21988,34.094497],[134.219789,34.094341],[134.219752,34.094271],[134.219766,34.094163],[134.219802,34.094029],[134.219929,34.093889],[134.219957,34.093612],[134.219907,34.093046],[134.219889,34.092662],[134.219879,34.092429],[134.219847,34.092203],[134.219853,34.092058],[134.219884,34.091882],[134.219957,34.091706],[134.220078,34.091391],[134.220126,34.09116],[134.220297,34.091323],[134.220436,34.091395],[134.22137,34.091604],[134.222147,34.091726],[134.22234,34.09266],[134.222516,34.093473],[134.22265,34.093963],[134.222722,34.094338],[134.22273,34.094524],[134.222752,34.0949],[134.222758,34.095412],[134.222752,34.095962],[134.222745,34.096552],[134.22271,34.097124],[134.222703,34.097308],[134.22268,34.097561],[134.222441,34.099949],[134.222201,34.10179],[134.222161,34.103749],[134.222359,34.105263],[134.222575,34.106301],[134.222717,34.107112],[134.222763,34.10728],[134.222833,34.107556],[134.222849,34.107827],[134.222797,34.107992],[134.222735,34.108173],[134.222627,34.108405],[134.222504,34.108549],[134.222399,34.108608],[134.22228,34.108635]]]},"properties":{"S_NAME":"阿波町東正広","HCODE":8101}},{"type":"Feature","geometry":{"type":"Polygon","coordinates":[[[134.245705,34.0708],[134.245731,34.071544],[134.245776,34.073472],[134.245777,34.073633],[134.245813,34.074135],[134.245812,34.074151],[134.245759,34.075426],[134.245757,34.075489],[134.245195,34.07568],[134.244245,34.075892],[134.243435,34.076041],[134.242634,34.076072],[134.241563,34.076034],[134.240731,34.075964],[134.240632,34.075978],[134.240524,34.076026],[134.240395,34.076095],[134.240424,34.07589],[134.24053,34.074932],[134.24062,34.074179],[134.24079,34.072438],[134.241049,34.070246],[134.241438,34.070338],[134.242566,34.07064],[134.243477,34.070922],[134.244212,34.070908],[134.245153,34.07084],[134.245705,34.0708]]]},"properties":{"S_NAME":"阿波町伊沢市","HCODE":8101}},{"type":"Feature","geometry":{"type":"Polygon","coordinates":[[[134.244024,34.099992],[134.244051,34.100585],[134.244044,34.101026],[134.243753,34.101107],[134.243419,34.101183],[134.243089,34.101242],[134.24294,34.101254],[134.24262,34.101286],[134.242467,34.101302],[134.242076,34.101304],[134.241883,34.101279],[134.241701,34.101229],[134.241531,34.101224],[134.241288,34.101279],[134.241102,34.101339],[134.240993,34.101388],[134.240817,34.101513],[134.240481,34.101808],[134.240402,34.101918],[134.240141,34.102613],[134.240022,34.103015],[134.239852,34.103412],[134.239765,34.103755],[134.23976,34.103921],[134.239865,34.104134],[134.239966,34.104281],[134.239879,34.104726],[134.239921,34.105116],[134.23986,34.105459],[134.239721,34.105762],[134.239693,34.105869],[134.239713,34.105987],[134.239753,34.106099],[134.239831,34.106238],[134.239878,34.106371],[134.239914,34.10646],[134.239787,34.106376],[134.239764,34.106371],[134.239436,34.106194],[134.239303,34.106126],[134.239169,34.106003],[134.238736,34.105464],[134.238525,34.105241],[134.238365,34.105109],[134.237973,34.104923],[134.237821,34.104817],[134.237748,34.104729],[134.237716,34.104603],[134.237728,34.104255],[134.237607,34.104105],[134.237402,34.103961],[134.237185,34.103644],[134.237112,34.103489],[134.237101,34.103377],[134.237221,34.103144],[134.237345,34.103009],[134.23747,34.102914],[134.237586,34.10278],[134.237627,34.102657],[134.237622,34.102537],[134.237525,34.102322],[134.237351,34.102161],[134.237194,34.102064],[134.236847,34.101886],[134.236618,34.101745],[134.236396,34.101648],[134.236187,34.101542],[134.236037,34.101429],[134.235968,34.101329],[134.235879,34.10119],[134.235861,34.101018],[134.235875,34.100923],[134.235924,34.10085],[134.236041,34.100783],[134.236128,34.100742],[134.236196,34.100684],[134.236283,34.100576],[134.236331,34.100472],[134.236363,34.100378],[134.236366,34.100337],[134.236387,34.100166],[134.236371,34.100084],[134.236348,34.100012],[134.236317,34.099933],[134.236286,34.09987],[134.236236,34.099813],[134.236144,34.099745],[134.236205,34.099638],[134.236287,34.099601],[134.23636,34.099592],[134.236561,34.099568],[134.237146,34.099515],[134.238,34.099431],[134.238482,34.099444],[134.239232,34.099482],[134.239345,34.09926],[134.239373,34.099233],[134.239611,34.09922],[134.239815,34.09921],[134.240157,34.099232],[134.240418,34.099312],[134.240509,34.099236],[134.240613,34.099184],[134.240893,34.099093],[134.241453,34.098994],[134.241763,34.098991],[134.242035,34.099011],[134.24219,34.099034],[134.242471,34.099071],[134.242658,34.099085],[134.242906,34.099084],[134.243114,34.099055],[134.24339,34.098961],[134.243598,34.098888],[134.243799,34.098863],[134.243975,34.098853],[134.244024,34.099992]]]},"properties":{"S_NAME":"阿波町井出口","HCODE":8101}},{"type":"Feature","geometry":{"type":"Polygon","coordinates":[[[134.249555,34.109641],[134.249464,34.109665],[134.249317,34.109705],[134.248808,34.109911],[134.248148,34.110054],[134.247401,34.11008],[134.247023,34.109918],[134.246721,34.109612],[134.246386,34.109441],[134.246018,34.109441],[134.245791,34.109368],[134.24551,34.10926],[134.245024,34.109125],[134.244559,34.109035],[134.244191,34.109052],[134.243693,34.109115],[134.243174,34.109195],[134.242535,34.10923],[134.242366,34.109194],[134.242278,34.10915],[134.242057,34.109029],[134.241845,34.108755],[134.241741,34.108623],[134.241649,34.10851],[134.2415,34.108397],[134.241408,34.108265],[134.241334,34.108088],[134.241299,34.107994],[134.24123,34.107909],[134.241111,34.10778],[134.241066,34.107738],[134.240919,34.107604],[134.240873,34.1075],[134.240847,34.107363],[134.240804,34.107284],[134.240663,34.10714],[134.240317,34.106759],[134.240114,34.106584],[134.239914,34.10646],[134.239878,34.106371],[134.239831,34.106238],[134.239753,34.106099],[134.239713,34.105987],[134.239693,34.105869],[134.239721,34.105762],[134.23986,34.105459],[134.239921,34.105116],[134.239879,34.104726],[134.239966,34.104281],[134.239865,34.104134],[134.23976,34.103921],[134.239765,34.103755],[134.239852,34.103412],[134.240022,34.103015],[134.240141,34.102613],[134.240402,34.101918],[134.240481,34.101808],[134.240817,34.101513],[134.240993,34.101388],[134.241102,34.101339],[134.241288,34.101279],[134.241531,34.101224],[134.241701,34.101229],[134.241883,34.101279],[134.242076,34.101304],[134.242467,34.101302],[134.24262,34.101286],[134.24294,34.101254],[134.243089,34.101242],[134.243419,34.101183],[134.243753,34.101107],[134.244044,34.101026],[134.244051,34.100585],[134.244024,34.099992],[134.244717,34.099829],[134.245052,34.099767],[134.245358,34.099707],[134.24551,34.100026],[134.245881,34.099967],[134.24632,34.099913],[134.246414,34.10001],[134.246538,34.100015],[134.247312,34.099938],[134.24794,34.099869],[134.248297,34.099788],[134.248567,34.099713],[134.248795,34.099633],[134.248848,34.099635],[134.24895,34.099726],[134.24905,34.099799],[134.249465,34.09987],[134.250412,34.100024],[134.25039,34.100045],[134.25027,34.100108],[134.250103,34.100261],[134.250019,34.100356],[134.250002,34.100406],[134.250004,34.100469],[134.25005,34.100682],[134.250052,34.100829],[134.250076,34.100928],[134.25008,34.101021],[134.250116,34.101139],[134.250224,34.101148],[134.250405,34.101198],[134.250456,34.101246],[134.250484,34.10138],[134.250576,34.101719],[134.250512,34.102338],[134.250579,34.10294],[134.250542,34.103161],[134.250499,34.103453],[134.250542,34.103577],[134.250617,34.103817],[134.250599,34.104086],[134.250722,34.104528],[134.250743,34.104748],[134.250694,34.104851],[134.250444,34.105119],[134.250322,34.105324],[134.250251,34.105552],[134.250243,34.105866],[134.250218,34.106341],[134.250402,34.107038],[134.25038,34.10716],[134.250358,34.107301],[134.250253,34.107603],[134.250241,34.108078],[134.250157,34.108578],[134.250044,34.108881],[134.24967,34.109344],[134.249557,34.109569],[134.249555,34.109641]]]},"properties":{"S_NAME":"阿波町山尻","HCODE":8101}},{"type":"Feature","geometry":{"type":"Polygon","coordinates":[[[134.250412,34.100024],[134.249465,34.09987],[134.24905,34.099799],[134.24895,34.099726],[134.248848,34.099635],[134.248795,34.099633],[134.248567,34.099713],[134.248446,34.099399],[134.248352,34.09898],[134.248326,34.098832],[134.248294,34.098015],[134.248258,34.097568],[134.248212,34.097312],[134.248119,34.096961],[134.248099,34.096682],[134.248063,34.09621],[134.247962,34.09587],[134.247893,34.095599],[134.247774,34.095288],[134.247695,34.095137],[134.247593,34.094976],[134.247495,34.094822],[134.247379,34.094628],[134.247004,34.09385],[134.246843,34.093452],[134.246795,34.093297],[134.246766,34.093111],[134.246744,34.092962],[134.246712,34.09291],[134.246466,34.092669],[134.246264,34.092439],[134.246188,34.092305],[134.245979,34.091781],[134.245859,34.091447],[134.246127,34.091406],[134.246679,34.091317],[134.247155,34.09129],[134.247669,34.09132],[134.24853,34.091363],[134.249363,34.091407],[134.250343,34.091366],[134.250428,34.092433],[134.249588,34.092459],[134.249601,34.093366],[134.249617,34.093599],[134.249826,34.093572],[134.249931,34.093689],[134.250195,34.093774],[134.24985,34.094171],[134.249933,34.094256],[134.250028,34.094347],[134.250148,34.094463],[134.250218,34.094547],[134.250279,34.094666],[134.250306,34.094775],[134.250318,34.09484],[134.250278,34.094905],[134.250238,34.09495],[134.250219,34.095],[134.250251,34.095061],[134.250344,34.095222],[134.250407,34.095335],[134.250425,34.095372],[134.250435,34.095398],[134.25044,34.095418],[134.250536,34.095722],[134.250537,34.095748],[134.250525,34.095773],[134.250476,34.095853],[134.250435,34.095941],[134.250439,34.095972],[134.250455,34.096002],[134.250506,34.096073],[134.250573,34.096171],[134.250647,34.096287],[134.250707,34.096375],[134.250726,34.096407],[134.250734,34.096438],[134.25073,34.096475],[134.250707,34.096554],[134.250697,34.096586],[134.250694,34.096616],[134.2507,34.096647],[134.250704,34.096661],[134.250712,34.096681],[134.250749,34.096754],[134.250774,34.096825],[134.250783,34.09686],[134.250802,34.096973],[134.251255,34.096617],[134.251325,34.096764],[134.251368,34.096932],[134.251414,34.097204],[134.251362,34.097447],[134.251336,34.097557],[134.25134,34.097678],[134.251434,34.09783],[134.251537,34.098041],[134.251616,34.098317],[134.25172,34.098563],[134.251823,34.098943],[134.251531,34.099131],[134.251331,34.099246],[134.251265,34.099331],[134.251135,34.099504],[134.250787,34.099665],[134.250548,34.099895],[134.250412,34.100024]]]},"properties":{"S_NAME":"阿波町伊勢","HCODE":8101}},{"type":"Feature","geometry":{"type":"Polygon","coordinates":[[[134.248567,34.099713],[134.248297,34.099788],[134.24794,34.099869],[134.247312,34.099938],[134.246538,34.100015],[134.246414,34.10001],[134.24632,34.099913],[134.245881,34.099967],[134.24551,34.100026],[134.245358,34.099707],[134.245052,34.099767],[134.244717,34.099829],[134.244024,34.099992],[134.243975,34.098853],[134.244021,34.098478],[134.244034,34.098259],[134.244031,34.097894],[134.24407,34.097555],[134.244126,34.097103],[134.244136,34.096583],[134.244327,34.096444],[134.244441,34.096199],[134.244665,34.095742],[134.244783,34.095451],[134.244958,34.095221],[134.245008,34.095133],[134.24502,34.095026],[134.245004,34.094854],[134.244994,34.09451],[134.244964,34.093821],[134.244932,34.093399],[134.244952,34.093337],[134.245015,34.093285],[134.245193,34.093254],[134.245341,34.093301],[134.245591,34.093316],[134.245788,34.093335],[134.245932,34.093335],[134.246157,34.093292],[134.246766,34.093111],[134.246795,34.093297],[134.246843,34.093452],[134.247004,34.09385],[134.247379,34.094628],[134.247495,34.094822],[134.247593,34.094976],[134.247695,34.095137],[134.247774,34.095288],[134.247893,34.095599],[134.247962,34.09587],[134.248063,34.09621],[134.248099,34.096682],[134.248119,34.096961],[134.248212,34.097312],[134.248258,34.097568],[134.248294,34.098015],[134.248326,34.098832],[134.248352,34.09898],[134.248446,34.099399],[134.248567,34.099713]]]},"properties":{"S_NAME":"阿波町北ノ名","HCODE":8101}},{"type":"Feature","geometry":{"type":"Polygon","coordinates":[[[134.243975,34.098853],[134.243799,34.098863],[134.243598,34.098888],[134.24339,34.098961],[134.243114,34.099055],[134.242906,34.099084],[134.242658,34.099085],[134.242471,34.099071],[134.24219,34.099034],[134.242035,34.099011],[134.241763,34.098991],[134.241453,34.098994],[134.240893,34.099093],[134.240613,34.099184],[134.240509,34.099236],[134.240418,34.099312],[134.240157,34.099232],[134.239815,34.09921],[134.239611,34.09922],[134.239373,34.099233],[134.239345,34.09926],[134.239232,34.099482],[134.238482,34.099444],[134.238,34.099431],[134.237146,34.099515],[134.236561,34.099568],[134.23636,34.099592],[134.236287,34.099601],[134.236205,34.099638],[134.236144,34.099745],[134.236059,34.099727],[134.235939,34.099693],[134.23587,34.09966],[134.235767,34.099561],[134.235691,34.099375],[134.235708,34.099181],[134.235825,34.098919],[134.235968,34.098711],[134.235992,34.09864],[134.235964,34.098567],[134.2359,34.098246],[134.235995,34.097905],[134.236317,34.097589],[134.236383,34.097474],[134.236542,34.097193],[134.236633,34.096984],[134.236655,34.096832],[134.23664,34.096677],[134.236614,34.096524],[134.236496,34.096218],[134.236411,34.095832],[134.236392,34.095465],[134.236452,34.095461],[134.236793,34.095321],[134.237032,34.095241],[134.237271,34.095172],[134.237809,34.095052],[134.237963,34.094989],[134.238025,34.094926],[134.23805,34.094837],[134.238048,34.094603],[134.23834,34.094532],[134.238437,34.094489],[134.238492,34.094406],[134.238602,34.094202],[134.238688,34.094164],[134.23881,34.094153],[134.238926,34.094166],[134.238986,34.094142],[134.239039,34.093754],[134.239429,34.093631],[134.239731,34.093529],[134.239907,34.093492],[134.240027,34.09347],[134.240614,34.093434],[134.240652,34.093418],[134.240695,34.093365],[134.240756,34.093322],[134.240813,34.093313],[134.241135,34.093316],[134.241381,34.093341],[134.241431,34.093351],[134.241489,34.093316],[134.241482,34.093227],[134.241503,34.09315],[134.241557,34.093108],[134.241718,34.093051],[134.241876,34.093029],[134.24209,34.093038],[134.242242,34.093053],[134.242526,34.093096],[134.242595,34.09309],[134.242897,34.09301],[134.243136,34.092964],[134.243426,34.092917],[134.243679,34.092894],[134.243717,34.092787],[134.243941,34.092774],[134.244169,34.092792],[134.244469,34.092786],[134.244803,34.092736],[134.245102,34.09267],[134.245193,34.093254],[134.245015,34.093285],[134.244952,34.093337],[134.244932,34.093399],[134.244964,34.093821],[134.244994,34.09451],[134.245004,34.094854],[134.24502,34.095026],[134.245008,34.095133],[134.244958,34.095221],[134.244783,34.095451],[134.244665,34.095742],[134.244441,34.096199],[134.244327,34.096444],[134.244136,34.096583],[134.244126,34.097103],[134.24407,34.097555],[134.244031,34.097894],[134.244034,34.098259],[134.244021,34.098478],[134.243975,34.098853]]]},"properties":{"S_NAME":"阿波町早田","HCODE":8101}},{"type":"Feature","geometry":{"type":"Polygon","coordinates":[[[134.245193,34.093254],[134.245102,34.09267],[134.244803,34.092736],[134.244469,34.092786],[134.244169,34.092792],[134.243941,34.092774],[134.243717,34.092787],[134.243679,34.092894],[134.243426,34.092917],[134.243136,34.092964],[134.242897,34.09301],[134.242595,34.09309],[134.242526,34.093096],[134.242242,34.093053],[134.24209,34.093038],[134.241876,34.093029],[134.241718,34.093051],[134.241557,34.093108],[134.241503,34.09315],[134.241482,34.093227],[134.241489,34.093316],[134.241431,34.093351],[134.241381,34.093341],[134.241135,34.093316],[134.240813,34.093313],[134.240756,34.093322],[134.240695,34.093365],[134.240652,34.093418],[134.240614,34.093434],[134.240027,34.09347],[134.239907,34.093492],[134.239731,34.093529],[134.239429,34.093631],[134.239039,34.093754],[134.238986,34.094142],[134.238926,34.094166],[134.23881,34.094153],[134.238688,34.094164],[134.238602,34.094202],[134.238492,34.094406],[134.238437,34.094489],[134.23834,34.094532],[134.238048,34.094603],[134.23805,34.094837],[134.238025,34.094926],[134.237963,34.094989],[134.237809,34.095052],[134.237271,34.095172],[134.237032,34.095241],[134.236793,34.095321],[134.236452,34.095461],[134.236392,34.095465],[134.236453,34.095214],[134.236555,34.094876],[134.236675,34.094408],[134.236907,34.093585],[134.237078,34.092994],[134.237163,34.092654],[134.237277,34.092616],[134.237373,34.092577],[134.237445,34.092507],[134.237479,34.092144],[134.237459,34.09171],[134.237414,34.091025],[134.237418,34.09096],[134.237396,34.090198],[134.23747,34.089875],[134.237697,34.089432],[134.23785,34.089135],[134.237937,34.088837],[134.238002,34.088473],[134.238229,34.088478],[134.238813,34.08851],[134.239447,34.088601],[134.240067,34.088642],[134.240868,34.088616],[134.241113,34.088605],[134.241926,34.088644],[134.242095,34.08865],[134.242265,34.088637],[134.242419,34.08861],[134.242625,34.088555],[134.243107,34.088416],[134.243502,34.088323],[134.243347,34.088028],[134.243167,34.087691],[134.243141,34.087494],[134.243145,34.087347],[134.243143,34.086841],[134.24318,34.086536],[134.243184,34.086449],[134.243178,34.086384],[134.24347,34.086377],[134.24389,34.086349],[134.244043,34.086428],[134.244224,34.086466],[134.244605,34.086453],[134.244749,34.086632],[134.244915,34.086705],[134.245045,34.086725],[134.245208,34.086735],[134.245509,34.086725],[134.245573,34.087791],[134.245621,34.089396],[134.245655,34.089772],[134.245703,34.090439],[134.245722,34.090755],[134.245776,34.091073],[134.245859,34.091447],[134.245979,34.091781],[134.246188,34.092305],[134.246264,34.092439],[134.246466,34.092669],[134.246712,34.09291],[134.246744,34.092962],[134.246766,34.093111],[134.246157,34.093292],[134.245932,34.093335],[134.245788,34.093335],[134.245591,34.093316],[134.245341,34.093301],[134.245193,34.093254]]]},"properties":{"S_NAME":"阿波町本町","HCODE":8101}},{"type":"Feature","geometry":{"type":"Polygon","coordinates":[[[134.245509,34.086725],[134.245208,34.086735],[134.245045,34.086725],[134.244915,34.086705],[134.244749,34.086632],[134.244605,34.086453],[134.244224,34.086466],[134.244043,34.086428],[134.24389,34.086349],[134.24347,34.086377],[134.243178,34.086384],[134.243184,34.086449],[134.24318,34.086536],[134.243143,34.086841],[134.243145,34.087347],[134.243141,34.087494],[134.243167,34.087691],[134.243347,34.088028],[134.243502,34.088323],[134.243107,34.088416],[134.242625,34.088555],[134.242419,34.08861],[134.242265,34.088637],[134.242095,34.08865],[134.241926,34.088644],[134.241113,34.088605],[134.240868,34.088616],[134.240067,34.088642],[134.239447,34.088601],[134.238813,34.08851],[134.238229,34.088478],[134.238002,34.088473],[134.238005,34.088145],[134.237976,34.087886],[134.237917,34.087677],[134.237609,34.086873],[134.237574,34.086682],[134.237625,34.086599],[134.237753,34.086442],[134.237889,34.086313],[134.238118,34.086151],[134.23837,34.08602],[134.238577,34.085941],[134.238919,34.085865],[134.239554,34.085841],[134.240136,34.085748],[134.240126,34.08567],[134.24012,34.08556],[134.240166,34.08538],[134.240206,34.085219],[134.240215,34.085071],[134.240136,34.084735],[134.240196,34.084571],[134.2403,34.084407],[134.240619,34.084432],[134.241417,34.084474],[134.242441,34.084553],[134.242824,34.084571],[134.243421,34.084556],[134.244953,34.084431],[134.245405,34.084394],[134.245473,34.085972],[134.245509,34.086725]]]},"properties":{"S_NAME":"阿波町安政","HCODE":8101}},{"type":"Feature","geometry":{"type":"Polygon","coordinates":[[[134.244953,34.084431],[134.243421,34.084556],[134.242824,34.084571],[134.242441,34.084553],[134.241417,34.084474],[134.240619,34.084432],[134.2403,34.084407],[134.240196,34.084571],[134.240136,34.084735],[134.240215,34.085071],[134.240206,34.085219],[134.240166,34.08538],[134.24012,34.08556],[134.240126,34.08567],[134.240136,34.085748],[134.239554,34.085841],[134.238919,34.085865],[134.238577,34.085941],[134.23837,34.08602],[134.238118,34.086151],[134.237889,34.086313],[134.237753,34.086442],[134.237625,34.086599],[134.237574,34.086682],[134.237471,34.086385],[134.237431,34.086048],[134.237494,34.085566],[134.237629,34.084999],[134.237689,34.084452],[134.237682,34.084135],[134.237665,34.083926],[134.237468,34.083107],[134.23724,34.082224],[134.23715,34.081594],[134.237134,34.081191],[134.237201,34.080928],[134.237462,34.080414],[134.237956,34.079773],[134.238539,34.07918],[134.238595,34.07911],[134.238617,34.079219],[134.238677,34.079241],[134.239445,34.079265],[134.239438,34.079332],[134.239459,34.079395],[134.239531,34.079531],[134.239772,34.080003],[134.239802,34.080043],[134.239891,34.080078],[134.239979,34.080101],[134.240097,34.080109],[134.240113,34.080105],[134.240158,34.08006],[134.240216,34.080042],[134.240317,34.080021],[134.240609,34.079992],[134.240684,34.080157],[134.240727,34.080691],[134.240729,34.080891],[134.24079,34.080951],[134.240959,34.08097],[134.241272,34.080988],[134.241712,34.080975],[134.241757,34.08095],[134.241785,34.080762],[134.242192,34.080742],[134.24224,34.080898],[134.242311,34.081081],[134.242357,34.081183],[134.242453,34.08128],[134.242632,34.081401],[134.242754,34.081471],[134.242999,34.081478],[134.243693,34.081428],[134.24406,34.081386],[134.244162,34.08133],[134.244234,34.081314],[134.244337,34.081384],[134.244657,34.081407],[134.245073,34.081425],[134.245115,34.081445],[134.24514,34.081525],[134.24518,34.081682],[134.245229,34.081722],[134.245955,34.081705],[134.246009,34.0817],[134.246038,34.081639],[134.246123,34.081639],[134.246224,34.081453],[134.246482,34.081426],[134.247098,34.081276],[134.247614,34.081098],[134.247678,34.081307],[134.247655,34.08147],[134.247568,34.081695],[134.247545,34.081905],[134.247547,34.082183],[134.247568,34.082356],[134.247293,34.082451],[134.247149,34.08255],[134.247068,34.082639],[134.247044,34.082698],[134.247029,34.082793],[134.247003,34.082848],[134.246957,34.082913],[134.246926,34.083006],[134.246923,34.083102],[134.246893,34.083314],[134.246819,34.08344],[134.246684,34.083498],[134.246427,34.083623],[134.24633,34.083705],[134.24625,34.083811],[134.246154,34.083962],[134.246097,34.084101],[134.245877,34.084051],[134.245692,34.084047],[134.245396,34.084057],[134.245205,34.084106],[134.245114,34.084173],[134.245035,34.084276],[134.244974,34.084377],[134.244953,34.084431]]]},"properties":{"S_NAME":"阿波町大次郎","HCODE":8101}},{"type":"Feature","geometry":{"type":"Polygon","coordinates":[[[134.250343,34.091366],[134.249363,34.091407],[134.24853,34.091363],[134.247669,34.09132],[134.247155,34.09129],[134.246679,34.091317],[134.246127,34.091406],[134.245859,34.091447],[134.245776,34.091073],[134.245722,34.090755],[134.245703,34.090439],[134.245655,34.089772],[134.245621,34.089396],[134.245573,34.087791],[134.246382,34.087801],[134.250018,34.087807],[134.251961,34.08783],[134.252014,34.08897],[134.250247,34.089017],[134.250343,34.091366]]]},"properties":{"S_NAME":"阿波町四歩一","HCODE":8101}},{"type":"Feature","geometry":{"type":"Polygon","coordinates":[[[134.251961,34.08783],[134.250018,34.087807],[134.246382,34.087801],[134.245573,34.087791],[134.245509,34.086725],[134.245473,34.085972],[134.245405,34.084394],[134.244953,34.084431],[134.244974,34.084377],[134.245035,34.084276],[134.245114,34.084173],[134.245205,34.084106],[134.245396,34.084057],[134.245692,34.084047],[134.245877,34.084051],[134.246097,34.084101],[134.246154,34.083962],[134.24625,34.083811],[134.24633,34.083705],[134.246427,34.083623],[134.246684,34.083498],[134.246819,34.08344],[134.246893,34.083314],[134.246923,34.083102],[134.246926,34.083006],[134.246957,34.082913],[134.247003,34.082848],[134.247029,34.082793],[134.247044,34.082698],[134.247068,34.082639],[134.247149,34.08255],[134.247293,34.082451],[134.247568,34.082356],[134.247915,34.082375],[134.248173,34.082368],[134.2484,34.08233],[134.248581,34.082229],[134.248773,34.082014],[134.249185,34.081494],[134.249326,34.081386],[134.249629,34.081234],[134.250236,34.080938],[134.250864,34.080589],[134.251016,34.080364],[134.251114,34.080108],[134.251353,34.080109],[134.251637,34.080105],[134.251699,34.080055],[134.251755,34.079981],[134.251888,34.079956],[134.252086,34.079939],[134.252199,34.079907],[134.252252,34.079873],[134.252321,34.07982],[134.252693,34.079776],[134.252765,34.079796],[134.252835,34.079869],[134.252863,34.079952],[134.252893,34.080255],[134.25288,34.080611],[134.252841,34.081044],[134.252879,34.081123],[134.253232,34.081705],[134.253265,34.081821],[134.253175,34.081946],[134.253021,34.082067],[134.253006,34.082161],[134.253066,34.082325],[134.253117,34.082619],[134.253137,34.082753],[134.253178,34.083306],[134.253189,34.08347],[134.253212,34.083763],[134.253225,34.083863],[134.255818,34.084464],[134.255726,34.084932],[134.255713,34.085185],[134.255701,34.085453],[134.255639,34.085514],[134.255664,34.085785],[134.255655,34.085848],[134.255636,34.085941],[134.255331,34.086921],[134.2549,34.086946],[134.251922,34.087006],[134.251961,34.08783]]]},"properties":{"S_NAME":"阿波町森沢","HCODE":8101}},{"type":"Feature","geometry":{"type":"Polygon","coordinates":[[[134.252835,34.079869],[134.253426,34.079678],[134.253558,34.079637],[134.253531,34.079262],[134.25499,34.079743],[134.256203,34.080131],[134.256636,34.080264],[134.257226,34.080401],[134.257803,34.08046],[134.257981,34.080782],[134.258145,34.081108],[134.25782,34.081153],[134.257682,34.081174],[134.257603,34.081224],[134.257471,34.081422],[134.257285,34.081655],[134.256992,34.08205],[134.256908,34.082354],[134.256879,34.082445],[134.256825,34.082519],[134.256709,34.082588],[134.256481,34.082785],[134.256364,34.082921],[134.256305,34.083061],[134.256263,34.083358],[134.256245,34.083535],[134.256212,34.083667],[134.256153,34.083783],[134.255866,34.084344],[134.255818,34.084464],[134.253225,34.083863],[134.253212,34.083763],[134.253189,34.08347],[134.253178,34.083306],[134.253137,34.082753],[134.253117,34.082619],[134.253066,34.082325],[134.253006,34.082161],[134.253021,34.082067],[134.253175,34.081946],[134.253265,34.081821],[134.253232,34.081705],[134.252879,34.081123],[134.252841,34.081044],[134.25288,34.080611],[134.252893,34.080255],[134.252863,34.079952],[134.252835,34.079869]]]},"properties":{"S_NAME":"阿波町王地","HCODE":8101}},{"type":"Feature","geometry":{"type":"Polygon","coordinates":[[[134.262458,34.085907],[134.262433,34.086005],[134.262397,34.086091],[134.262357,34.086153],[134.262257,34.086245],[134.262047,34.086425],[134.261791,34.086619],[134.261373,34.086952],[134.261082,34.087186],[134.260889,34.087358],[134.260762,34.087528],[134.260698,34.087702],[134.260614,34.08796],[134.260609,34.088052],[134.260619,34.08814],[134.260691,34.088254],[134.260605,34.088293],[134.2604,34.088443],[134.260315,34.08852],[134.259801,34.089118],[134.25991,34.087051],[134.257845,34.086976],[134.257625,34.086446],[134.257401,34.086006],[134.257194,34.085643],[134.256837,34.085109],[134.2565,34.084713],[134.256308,34.084895],[134.256108,34.085068],[134.255835,34.085319],[134.255701,34.085453],[134.255713,34.085185],[134.255726,34.084932],[134.255818,34.084464],[134.255866,34.084344],[134.256153,34.083783],[134.256212,34.083667],[134.256245,34.083535],[134.256263,34.083358],[134.256305,34.083061],[134.256364,34.082921],[134.256481,34.082785],[134.256709,34.082588],[134.256825,34.082519],[134.256879,34.082445],[134.256908,34.082354],[134.256992,34.08205],[134.257285,34.081655],[134.257471,34.081422],[134.257603,34.081224],[134.257682,34.081174],[134.25782,34.081153],[134.258145,34.081108],[134.258293,34.08118],[134.258711,34.081347],[134.259091,34.081467],[134.25927,34.081512],[134.259546,34.081568],[134.259938,34.081605],[134.260685,34.081669],[134.261228,34.081731],[134.261481,34.081746],[134.261957,34.081803],[134.262457,34.081888],[134.262643,34.081904],[134.262899,34.081906],[134.262863,34.082188],[134.262819,34.082426],[134.262735,34.082747],[134.262693,34.082899],[134.262592,34.083152],[134.262504,34.08333],[134.262413,34.083445],[134.26234,34.083543],[134.262209,34.083658],[134.262086,34.083752],[134.262001,34.083886],[134.261906,34.084091],[134.261861,34.084268],[134.261876,34.084407],[134.26192,34.084552],[134.262011,34.084796],[134.262315,34.085443],[134.262441,34.085708],[134.262465,34.085808],[134.262458,34.085907]]]},"properties":{"S_NAME":"阿波町谷島北","HCODE":8101}},{"type":"Feature","geometry":{"type":"Polygon","coordinates":[[[134.26477,34.069627],[134.264848,34.074034],[134.264897,34.076839],[134.264949,34.077937],[134.264947,34.078032],[134.264924,34.078098],[134.264824,34.078243],[134.26479,34.078307],[134.264782,34.078369],[134.264844,34.078517],[134.26487,34.07859],[134.264859,34.078645],[134.264785,34.0787],[134.264683,34.078755],[134.264487,34.078846],[134.264143,34.078981],[134.263516,34.079228],[134.263149,34.079454],[134.263009,34.079547],[134.262943,34.079616],[134.262856,34.079795],[134.262813,34.07997],[134.262777,34.080165],[134.262764,34.080263],[134.262835,34.080716],[134.26284,34.080752],[134.262869,34.080972],[134.262907,34.081594],[134.262899,34.081906],[134.262643,34.081904],[134.262457,34.081888],[134.261957,34.081803],[134.261481,34.081746],[134.261228,34.081731],[134.260685,34.081669],[134.259938,34.081605],[134.259546,34.081568],[134.25927,34.081512],[134.259091,34.081467],[134.258711,34.081347],[134.258293,34.08118],[134.258145,34.081108],[134.257981,34.080782],[134.257803,34.08046],[134.258662,34.080548],[134.258392,34.080372],[134.258297,34.080314],[134.258301,34.080265],[134.258359,34.080004],[134.258432,34.0799],[134.25857,34.079693],[134.258746,34.079374],[134.25875,34.079299],[134.258687,34.079194],[134.258634,34.079077],[134.258558,34.078908],[134.258546,34.078734],[134.258611,34.078484],[134.258556,34.077348],[134.258551,34.076753],[134.258563,34.074762],[134.258556,34.074001],[134.258561,34.070035],[134.260401,34.069892],[134.261186,34.069832],[134.261815,34.069783],[134.262131,34.069759],[134.262497,34.069741],[134.264149,34.069658],[134.264496,34.069641],[134.26477,34.069627]]]},"properties":{"S_NAME":"阿波町谷島","HCODE":8101}},{"type":"Feature","geometry":{"type":"Polygon","coordinates":[[[134.266249,34.097536],[134.26622,34.097544],[134.265996,34.097554],[134.265554,34.097609],[134.265125,34.09773],[134.264695,34.097831],[134.264537,34.097859],[134.264114,34.097896],[134.263435,34.097873],[134.262972,34.097872],[134.262562,34.097915],[134.262315,34.097984],[134.262125,34.09784],[134.261953,34.097699],[134.261531,34.097368],[134.261482,34.097344],[134.261135,34.097187],[134.260687,34.097015],[134.260336,34.096902],[134.260021,34.096856],[134.259844,34.096665],[134.259804,34.096611],[134.25976,34.096537],[134.25923,34.096784],[134.259239,34.096648],[134.259213,34.096604],[134.258809,34.09662],[134.258812,34.096006],[134.258857,34.092855],[134.259119,34.092858],[134.259123,34.092569],[134.258846,34.092563],[134.258848,34.090825],[134.259702,34.091017],[134.259801,34.089118],[134.260315,34.08852],[134.2604,34.088443],[134.260605,34.088293],[134.260691,34.088254],[134.260619,34.08814],[134.260609,34.088052],[134.260614,34.08796],[134.260698,34.087702],[134.260762,34.087528],[134.260889,34.087358],[134.261082,34.087186],[134.261373,34.086952],[134.261791,34.086619],[134.262047,34.086425],[134.262257,34.086245],[134.262357,34.086153],[134.262397,34.086091],[134.262433,34.086005],[134.262458,34.085907],[134.263937,34.086073],[134.263832,34.086629],[134.263824,34.086953],[134.263864,34.087153],[134.263978,34.087346],[134.264351,34.087968],[134.26461,34.088406],[134.264699,34.08856],[134.264674,34.089241],[134.264693,34.089469],[134.264722,34.089674],[134.264855,34.090158],[134.264962,34.090394],[134.265007,34.090572],[134.265018,34.090842],[134.265061,34.091113],[134.265093,34.091298],[134.265279,34.09193],[134.265439,34.092639],[134.265552,34.093338],[134.26555,34.093693],[134.265537,34.094039],[134.265516,34.094286],[134.265508,34.094759],[134.265473,34.095034],[134.265396,34.095997],[134.265448,34.096271],[134.265531,34.096608],[134.265622,34.096945],[134.26596,34.097308],[134.266249,34.097536]]]},"properties":{"S_NAME":"阿波町清原","HCODE":8101}},{"type":"Feature","geometry":{"type":"Polygon","coordinates":[[[134.275473,34.096771],[134.27565,34.097309],[134.274474,34.097608],[134.273789,34.097758],[134.273612,34.097748],[134.273481,34.097631],[134.273292,34.097412],[134.273219,34.097352],[134.272949,34.097312],[134.272462,34.097276],[134.272254,34.097169],[134.272035,34.096829],[134.271976,34.096755],[134.271503,34.096643],[134.271023,34.096561],[134.270658,34.096581],[134.270351,34.09664],[134.270154,34.096857],[134.270065,34.096885],[134.269658,34.096867],[134.268988,34.096862],[134.267891,34.097149],[134.266987,34.097371],[134.266569,34.097471],[134.266277,34.097527],[134.266249,34.097536],[134.26596,34.097308],[134.265622,34.096945],[134.265531,34.096608],[134.265448,34.096271],[134.265396,34.095997],[134.265473,34.095034],[134.265508,34.094759],[134.265516,34.094286],[134.265537,34.094039],[134.26555,34.093693],[134.265552,34.093338],[134.265439,34.092639],[134.265279,34.09193],[134.265093,34.091298],[134.265061,34.091113],[134.265018,34.090842],[134.265007,34.090572],[134.264962,34.090394],[134.264855,34.090158],[134.264722,34.089674],[134.264693,34.089469],[134.266091,34.089231],[134.266393,34.089151],[134.266878,34.08911],[134.26722,34.089078],[134.267311,34.088826],[134.267402,34.088622],[134.267558,34.088485],[134.267645,34.088349],[134.267857,34.088052],[134.267972,34.087785],[134.268048,34.087911],[134.268103,34.088157],[134.268116,34.088346],[134.268089,34.088535],[134.268075,34.08923],[134.268125,34.089637],[134.268391,34.089722],[134.26878,34.089713],[134.269235,34.089704],[134.26993,34.08972],[134.269867,34.089369],[134.269829,34.089157],[134.269791,34.089002],[134.269784,34.088937],[134.270111,34.088915],[134.271095,34.088883],[134.273748,34.088885],[134.273869,34.088943],[134.274977,34.088935],[134.274996,34.089839],[134.27505,34.091207],[134.275069,34.091576],[134.275104,34.092106],[134.275128,34.092386],[134.275191,34.093099],[134.275192,34.093573],[134.275197,34.09575],[134.275473,34.096771]]]},"properties":{"S_NAME":"阿波町下喜来","HCODE":8101}},{"type":"Feature","geometry":{"type":"Polygon","coordinates":[[[134.274977,34.088935],[134.273869,34.088943],[134.273748,34.088885],[134.271095,34.088883],[134.270111,34.088915],[134.269784,34.088937],[134.269791,34.089002],[134.269829,34.089157],[134.269867,34.089369],[134.26993,34.08972],[134.269235,34.089704],[134.26878,34.089713],[134.268391,34.089722],[134.268125,34.089637],[134.268075,34.08923],[134.268089,34.088535],[134.268116,34.088346],[134.268103,34.088157],[134.268048,34.087911],[134.267972,34.087785],[134.267857,34.088052],[134.267645,34.088349],[134.267558,34.088485],[134.267402,34.088622],[134.267311,34.088826],[134.26722,34.089078],[134.266878,34.08911],[134.266393,34.089151],[134.266091,34.089231],[134.264693,34.089469],[134.264674,34.089241],[134.264699,34.08856],[134.26461,34.088406],[134.264351,34.087968],[134.263978,34.087346],[134.263864,34.087153],[134.263824,34.086953],[134.263832,34.086629],[134.263937,34.086073],[134.264474,34.086135],[134.264979,34.086005],[134.266368,34.085636],[134.267086,34.085449],[134.267603,34.085203],[134.26824,34.084906],[134.269677,34.084156],[134.272175,34.082905],[134.272208,34.082889],[134.272293,34.082868],[134.272507,34.082923],[134.275567,34.083715],[134.275343,34.084469],[134.275289,34.084803],[134.275209,34.085214],[134.275227,34.085307],[134.275271,34.085386],[134.275318,34.08547],[134.275317,34.085614],[134.275314,34.085643],[134.275247,34.086391],[134.274974,34.088065],[134.27496,34.088105],[134.274977,34.088935]]]},"properties":{"S_NAME":"阿波町下喜来南","HCODE":8101}},{"type":"Feature","geometry":{"type":"Polygon","coordinates":[[[134.275567,34.083715],[134.272507,34.082923],[134.272293,34.082868],[134.272208,34.082889],[134.272175,34.082905],[134.269677,34.084156],[134.26824,34.084906],[134.268373,34.084654],[134.268741,34.084014],[134.268873,34.083754],[134.268964,34.08346],[134.268961,34.083176],[134.268932,34.08291],[134.268472,34.082917],[134.268155,34.082882],[134.267896,34.082807],[134.267533,34.082631],[134.267104,34.082521],[134.26643,34.08238],[134.26631,34.082354],[134.265879,34.082273],[134.264864,34.082072],[134.263798,34.081855],[134.263667,34.081851],[134.263468,34.081852],[134.263191,34.081867],[134.262962,34.081895],[134.262899,34.081906],[134.262907,34.081594],[134.262869,34.080972],[134.26284,34.080752],[134.262835,34.080716],[134.262764,34.080263],[134.262777,34.080165],[134.262813,34.07997],[134.262856,34.079795],[134.262943,34.079616],[134.263009,34.079547],[134.263149,34.079454],[134.263516,34.079228],[134.264143,34.078981],[134.264487,34.078846],[134.264683,34.078755],[134.264785,34.0787],[134.264859,34.078645],[134.26487,34.07859],[134.264844,34.078517],[134.264782,34.078369],[134.26479,34.078307],[134.264824,34.078243],[134.264924,34.078098],[134.264947,34.078032],[134.264949,34.077937],[134.264897,34.076839],[134.264848,34.074034],[134.26477,34.069627],[134.266371,34.069494],[134.266811,34.069484],[134.267427,34.069471],[134.267982,34.069459],[134.268772,34.069397],[134.269138,34.069372],[134.269652,34.069336],[134.270059,34.069308],[134.270378,34.069314],[134.271735,34.069337],[134.273948,34.069321],[134.273995,34.069321],[134.275477,34.069365],[134.275508,34.070801],[134.275576,34.073966],[134.275589,34.075551],[134.275614,34.076234],[134.275606,34.078891],[134.275571,34.081623],[134.275605,34.082131],[134.275582,34.082561],[134.275679,34.083176],[134.275683,34.083315],[134.275572,34.083697],[134.275567,34.083715]]]},"properties":{"S_NAME":"阿波町勝命","HCODE":8101}},{"type":"Feature","geometry":{"type":"Polygon","coordinates":[[[134.262899,34.081906],[134.262962,34.081895],[134.263191,34.081867],[134.263468,34.081852],[134.263667,34.081851],[134.263798,34.081855],[134.264864,34.082072],[134.265879,34.082273],[134.26631,34.082354],[134.26643,34.08238],[134.267104,34.082521],[134.267533,34.082631],[134.267896,34.082807],[134.268155,34.082882],[134.268472,34.082917],[134.268932,34.08291],[134.268961,34.083176],[134.268964,34.08346],[134.268873,34.083754],[134.268741,34.084014],[134.268373,34.084654],[134.26824,34.084906],[134.267603,34.085203],[134.267086,34.085449],[134.266368,34.085636],[134.264979,34.086005],[134.264474,34.086135],[134.263937,34.086073],[134.262458,34.085907],[134.262465,34.085808],[134.262441,34.085708],[134.262315,34.085443],[134.262011,34.084796],[134.26192,34.084552],[134.261876,34.084407],[134.261861,34.084268],[134.261906,34.084091],[134.262001,34.083886],[134.262086,34.083752],[134.262209,34.083658],[134.26234,34.083543],[134.262413,34.083445],[134.262504,34.08333],[134.262592,34.083152],[134.262693,34.082899],[134.262735,34.082747],[134.262819,34.082426],[134.262863,34.082188],[134.262899,34.081906]]]},"properties":{"S_NAME":"阿波町勝命北","HCODE":8101}},{"type":"Feature","geometry":{"type":"Polygon","coordinates":[[[134.258561,34.070035],[134.258556,34.074001],[134.258563,34.074762],[134.258551,34.076753],[134.258556,34.077348],[134.258611,34.078484],[134.258546,34.078734],[134.258558,34.078908],[134.258634,34.079077],[134.258687,34.079194],[134.25875,34.079299],[134.258746,34.079374],[134.25857,34.079693],[134.258432,34.0799],[134.258359,34.080004],[134.258301,34.080265],[134.258297,34.080314],[134.258392,34.080372],[134.258662,34.080548],[134.257803,34.08046],[134.257617,34.08014],[134.257392,34.079898],[134.257037,34.079656],[134.256633,34.079455],[134.256005,34.079178],[134.255798,34.079071],[134.255453,34.078865],[134.255191,34.078718],[134.254902,34.078616],[134.254685,34.078576],[134.254581,34.078563],[134.254564,34.078527],[134.254588,34.07843],[134.254614,34.078285],[134.254648,34.077842],[134.254709,34.07738],[134.254733,34.076991],[134.254973,34.076964],[134.255175,34.076923],[134.255479,34.076844],[134.255576,34.076776],[134.255623,34.076704],[134.255565,34.076692],[134.255148,34.076605],[134.254527,34.076455],[134.254045,34.076308],[134.253824,34.076206],[134.253671,34.076116],[134.253549,34.076002],[134.253149,34.075858],[134.252522,34.075794],[134.252044,34.07569],[134.251861,34.07563],[134.251688,34.075569],[134.251691,34.075502],[134.251553,34.074221],[134.251554,34.074116],[134.251586,34.070431],[134.252073,34.070378],[134.253652,34.07029],[134.255519,34.070182],[134.255753,34.070169],[134.256107,34.070148],[134.257587,34.070075],[134.258039,34.070053],[134.258561,34.070035]]]},"properties":{"S_NAME":"阿波町南谷島","HCODE":8101}},{"type":"Feature","geometry":{"type":"Polygon","coordinates":[[[134.252835,34.079869],[134.252765,34.079796],[134.252693,34.079776],[134.252321,34.07982],[134.252252,34.079873],[134.252199,34.079907],[134.252086,34.079939],[134.251888,34.079956],[134.251755,34.079981],[134.251699,34.080055],[134.251637,34.080105],[134.251353,34.080109],[134.251114,34.080108],[134.251111,34.079994],[134.251135,34.079816],[134.251171,34.079627],[134.25122,34.07949],[134.251288,34.07929],[134.251336,34.079081],[134.251321,34.078834],[134.251339,34.078265],[134.251429,34.077809],[134.251152,34.077737],[134.250847,34.077634],[134.250487,34.07751],[134.250603,34.077436],[134.25067,34.077376],[134.250804,34.077314],[134.25089,34.077267],[134.251014,34.077104],[134.251113,34.077028],[134.251286,34.076936],[134.25139,34.076675],[134.251504,34.076332],[134.251664,34.075891],[134.251684,34.07566],[134.251688,34.075569],[134.251861,34.07563],[134.252044,34.07569],[134.252522,34.075794],[134.253149,34.075858],[134.253549,34.076002],[134.253671,34.076116],[134.253824,34.076206],[134.254045,34.076308],[134.254527,34.076455],[134.255148,34.076605],[134.255565,34.076692],[134.255623,34.076704],[134.255576,34.076776],[134.255479,34.076844],[134.255175,34.076923],[134.254973,34.076964],[134.254733,34.076991],[134.254709,34.07738],[134.254648,34.077842],[134.254614,34.078285],[134.254588,34.07843],[134.254564,34.078527],[134.254581,34.078563],[134.254685,34.078576],[134.254902,34.078616],[134.255191,34.078718],[134.255453,34.078865],[134.255798,34.079071],[134.256005,34.079178],[134.256633,34.079455],[134.257037,34.079656],[134.257392,34.079898],[134.257617,34.08014],[134.257803,34.08046],[134.257226,34.080401],[134.256636,34.080264],[134.256203,34.080131],[134.25499,34.079743],[134.253531,34.079262],[134.253558,34.079637],[134.253426,34.079678],[134.252835,34.079869]]]},"properties":{"S_NAME":"阿波町庚申原","HCODE":8101}},{"type":"Feature","geometry":{"type":"Polygon","coordinates":[[[134.247568,34.082356],[134.247547,34.082183],[134.247545,34.081905],[134.247568,34.081695],[134.247655,34.08147],[134.247678,34.081307],[134.247614,34.081098],[134.247548,34.080862],[134.247584,34.080569],[134.247606,34.080228],[134.247554,34.08005],[134.247527,34.079908],[134.247542,34.079817],[134.247579,34.079711],[134.247797,34.079343],[134.247858,34.079175],[134.247889,34.078737],[134.247806,34.077936],[134.24806,34.077909],[134.248713,34.077851],[134.248881,34.077818],[134.249136,34.077731],[134.249347,34.077657],[134.249483,34.07762],[134.24989,34.077536],[134.250101,34.077513],[134.250487,34.07751],[134.250847,34.077634],[134.251152,34.077737],[134.251429,34.077809],[134.251339,34.078265],[134.251321,34.078834],[134.251336,34.079081],[134.251288,34.07929],[134.25122,34.07949],[134.251171,34.079627],[134.251135,34.079816],[134.251111,34.079994],[134.251114,34.080108],[134.251016,34.080364],[134.250864,34.080589],[134.250236,34.080938],[134.249629,34.081234],[134.249326,34.081386],[134.249185,34.081494],[134.248773,34.082014],[134.248581,34.082229],[134.2484,34.08233],[134.248173,34.082368],[134.247915,34.082375],[134.247568,34.082356]]]},"properties":{"S_NAME":"阿波町王地南","HCODE":8101}},{"type":"Feature","geometry":{"type":"Polygon","coordinates":[[[134.247614,34.081098],[134.247098,34.081276],[134.246482,34.081426],[134.246224,34.081453],[134.246123,34.081639],[134.246038,34.081639],[134.246009,34.0817],[134.245955,34.081705],[134.245229,34.081722],[134.24518,34.081682],[134.24514,34.081525],[134.245115,34.081445],[134.245073,34.081425],[134.244657,34.081407],[134.244337,34.081384],[134.244234,34.081314],[134.244162,34.08133],[134.24406,34.081386],[134.243693,34.081428],[134.242999,34.081478],[134.242754,34.081471],[134.242791,34.081049],[134.242768,34.080873],[134.242679,34.080675],[134.24267,34.08056],[134.24271,34.080185],[134.242799,34.079692],[134.243002,34.07886],[134.243084,34.078399],[134.243116,34.078056],[134.2432,34.077371],[134.243229,34.077197],[134.243436,34.077199],[134.243622,34.077255],[134.243796,34.077337],[134.243988,34.077415],[134.244255,34.077465],[134.245114,34.077597],[134.245144,34.07759],[134.245927,34.077695],[134.247218,34.077896],[134.247806,34.077936],[134.247889,34.078737],[134.247858,34.079175],[134.247797,34.079343],[134.247579,34.079711],[134.247542,34.079817],[134.247527,34.079908],[134.247554,34.08005],[134.247606,34.080228],[134.247584,34.080569],[134.247548,34.080862],[134.247614,34.081098]]]},"properties":{"S_NAME":"阿波町大原","HCODE":8101}},{"type":"Feature","geometry":{"type":"Polygon","coordinates":[[[134.250487,34.07751],[134.250101,34.077513],[134.24989,34.077536],[134.249483,34.07762],[134.249347,34.077657],[134.249136,34.077731],[134.248881,34.077818],[134.248713,34.077851],[134.24806,34.077909],[134.247806,34.077936],[134.247218,34.077896],[134.245927,34.077695],[134.245144,34.07759],[134.245114,34.077597],[134.244255,34.077465],[134.243988,34.077415],[134.243796,34.077337],[134.243622,34.077255],[134.243436,34.077199],[134.243229,34.077197],[134.2432,34.077371],[134.242909,34.077277],[134.24089,34.076619],[134.240412,34.076444],[134.240386,34.076328],[134.240344,34.076203],[134.240361,34.076149],[134.240395,34.076095],[134.240524,34.076026],[134.240632,34.075978],[134.240731,34.075964],[134.241563,34.076034],[134.242634,34.076072],[134.243435,34.076041],[134.244245,34.075892],[134.245195,34.07568],[134.245757,34.075489],[134.245759,34.075426],[134.245812,34.074151],[134.245813,34.074135],[134.245777,34.073633],[134.245776,34.073472],[134.245731,34.071544],[134.245705,34.0708],[134.246417,34.070686],[134.248644,34.0706],[134.248677,34.070599],[134.251586,34.070431],[134.251554,34.074116],[134.251553,34.074221],[134.251691,34.075502],[134.251688,34.075569],[134.251684,34.07566],[134.251664,34.075891],[134.251504,34.076332],[134.25139,34.076675],[134.251286,34.076936],[134.251113,34.077028],[134.251014,34.077104],[134.25089,34.077267],[134.250804,34.077314],[134.25067,34.077376],[134.250603,34.077436],[134.250487,34.07751]]]},"properties":{"S_NAME":"阿波町大道南","HCODE":8101}},{"type":"Feature","geometry":{"type":"Polygon","coordinates":[[[134.2432,34.077371],[134.243116,34.078056],[134.243084,34.078399],[134.243002,34.07886],[134.242799,34.079692],[134.24271,34.080185],[134.24267,34.08056],[134.242679,34.080675],[134.242768,34.080873],[134.242791,34.081049],[134.242754,34.081471],[134.242632,34.081401],[134.242453,34.08128],[134.242357,34.081183],[134.242311,34.081081],[134.24224,34.080898],[134.242192,34.080742],[134.241785,34.080762],[134.241757,34.08095],[134.241712,34.080975],[134.241272,34.080988],[134.240959,34.08097],[134.24079,34.080951],[134.240729,34.080891],[134.240727,34.080691],[134.240684,34.080157],[134.240609,34.079992],[134.240317,34.080021],[134.240216,34.080042],[134.240158,34.08006],[134.240113,34.080105],[134.240097,34.080109],[134.239979,34.080101],[134.239891,34.080078],[134.239802,34.080043],[134.239772,34.080003],[134.239531,34.079531],[134.239459,34.079395],[134.239438,34.079332],[134.239445,34.079265],[134.238677,34.079241],[134.238617,34.079219],[134.238595,34.07911],[134.23862,34.079079],[134.239077,34.07849],[134.239303,34.078122],[134.239592,34.077759],[134.239971,34.077341],[134.24021,34.077002],[134.240333,34.076721],[134.240379,34.07658],[134.240413,34.076498],[134.240412,34.076444],[134.24089,34.076619],[134.242909,34.077277],[134.2432,34.077371]]]},"properties":{"S_NAME":"阿波町新開","HCODE":8101}},{"type":"Feature","geometry":{"type":"Polygon","coordinates":[[[134.305277,34.115547],[134.305314,34.115761],[134.305362,34.115909],[134.305447,34.116297],[134.305654,34.116666],[134.305941,34.116977],[134.306262,34.117304],[134.306375,34.117512],[134.306278,34.117727],[134.305986,34.117895],[134.30546,34.118113],[134.304477,34.118539],[134.304341,34.118601],[134.303763,34.118862],[134.303588,34.118954],[134.303288,34.119429],[134.303325,34.119879],[134.303538,34.120596],[134.304037,34.121604],[134.304412,34.122012],[134.305425,34.12287],[134.305737,34.12327],[134.3058,34.123629],[134.305775,34.123787],[134.305512,34.124262],[134.305162,34.124645],[134.304925,34.124962],[134.304925,34.125011],[134.304925,34.125187],[134.305162,34.125387],[134.305312,34.125637],[134.305425,34.126378],[134.305987,34.127345],[134.306287,34.128112],[134.306436,34.128786],[134.306137,34.129278],[134.305787,34.129503],[134.304912,34.129728],[134.303825,34.129937],[134.30315,34.130453],[134.302675,34.130545],[134.302237,34.13052],[134.301887,34.13057],[134.301325,34.130812],[134.3008,34.131178],[134.300537,34.13147],[134.300175,34.131653],[134.299675,34.131853],[134.299291,34.131953],[134.29865,34.13212],[134.298461,34.132254],[134.296618,34.126637],[134.29658,34.126528],[134.294688,34.123252],[134.29272,34.121105],[134.290269,34.119154],[134.288176,34.117926],[134.280478,34.114483],[134.279888,34.113973],[134.279608,34.113583],[134.279565,34.112515],[134.279511,34.110942],[134.27933,34.110051],[134.278706,34.108983],[134.277942,34.107851],[134.277421,34.107113],[134.277405,34.105896],[134.277004,34.1041],[134.276854,34.103601],[134.276839,34.10355],[134.276826,34.103505],[134.276394,34.102575],[134.275689,34.100388],[134.275553,34.100032],[134.275335,34.099531],[134.274941,34.0986],[134.274864,34.098437],[134.274791,34.098305],[134.27475,34.098194],[134.274474,34.097608],[134.27565,34.097309],[134.275473,34.096771],[134.275993,34.096846],[134.276647,34.096854],[134.277509,34.096836],[134.277695,34.096862],[134.278015,34.096973],[134.278224,34.096944],[134.278364,34.096941],[134.278505,34.09695],[134.278773,34.096981],[134.27954,34.096976],[134.279584,34.09706],[134.279726,34.09715],[134.27983,34.097228],[134.280061,34.097326],[134.280982,34.097743],[134.281716,34.098104],[134.282326,34.098266],[134.282419,34.098279],[134.282524,34.098278],[134.282788,34.098314],[134.282941,34.098377],[134.283021,34.098436],[134.283054,34.098565],[134.283052,34.098622],[134.283032,34.098689],[134.282932,34.098868],[134.282893,34.098983],[134.282935,34.098967],[134.282963,34.098954],[134.282982,34.098943],[134.282997,34.09893],[134.283012,34.098911],[134.283024,34.098894],[134.283044,34.098867],[134.283065,34.098842],[134.283087,34.098821],[134.283108,34.098805],[134.283123,34.098795],[134.283138,34.098787],[134.283155,34.098781],[134.283173,34.098777],[134.283199,34.098775],[134.28322,34.098776],[134.283296,34.098783],[134.283381,34.098794],[134.283529,34.098817],[134.283674,34.09884],[134.284058,34.098904],[134.28496,34.099088],[134.286245,34.0995],[134.287549,34.099854],[134.288005,34.09996],[134.288361,34.100041],[134.288557,34.10012],[134.288765,34.100226],[134.289562,34.100624],[134.28998,34.100759],[134.290635,34.100956],[134.290476,34.101104],[134.290375,34.101177],[134.290198,34.101238],[134.290106,34.101277],[134.289785,34.101482],[134.2893,34.101768],[134.289181,34.101866],[134.289039,34.10201],[134.289097,34.102182],[134.288943,34.102474],[134.288885,34.102669],[134.288846,34.102819],[134.288821,34.102941],[134.288809,34.103091],[134.288836,34.103291],[134.288898,34.103511],[134.289004,34.103659],[134.289197,34.10376],[134.289558,34.103866],[134.290025,34.104135],[134.290062,34.104171],[134.290086,34.104259],[134.290116,34.10432],[134.29021,34.104372],[134.29085,34.104607],[134.290947,34.104667],[134.291123,34.104893],[134.291137,34.104971],[134.291084,34.105334],[134.291054,34.105413],[134.290949,34.105582],[134.290798,34.1058],[134.290758,34.105883],[134.29077,34.106192],[134.290785,34.106325],[134.290841,34.106406],[134.291142,34.106635],[134.291541,34.107348],[134.291849,34.107684],[134.292906,34.10868],[134.294489,34.109599],[134.295517,34.110037],[134.296404,34.110764],[134.297634,34.11155],[134.297705,34.111594],[134.298475,34.111977],[134.299662,34.112563],[134.301296,34.11327],[134.30258,34.11388],[134.305236,34.115171],[134.305277,34.115547]]]},"properties":{"S_NAME":"市場町尾開","HCODE":8101}},{"type":"Feature","geometry":{"type":"Polygon","coordinates":[[[134.292287,34.091202],[134.292332,34.090759],[134.292343,34.090529],[134.292338,34.0902],[134.292308,34.089875],[134.292281,34.089574],[134.292233,34.089157],[134.292234,34.088943],[134.292261,34.088722],[134.292302,34.088533],[134.292789,34.088686],[134.292946,34.088774],[134.293584,34.089021],[134.29345,34.089483],[134.293379,34.089793],[134.293348,34.089967],[134.293313,34.090236],[134.29326,34.090416],[134.293253,34.090458],[134.293249,34.090509],[134.293269,34.090677],[134.292918,34.090766],[134.292643,34.090851],[134.292554,34.090906],[134.292489,34.090965],[134.292416,34.091045],[134.292308,34.091204],[134.292287,34.091202]]]},"properties":{"S_NAME":"市場町市場","HCODE":8101}},{"type":"Feature","geometry":{"type":"Polygon","coordinates":[[[134.290782,34.091306],[134.290552,34.091571],[134.29034,34.091868],[134.290302,34.091896],[134.290035,34.091975],[134.289766,34.092029],[134.289559,34.092232],[134.289309,34.092466],[134.289153,34.092719],[134.288995,34.093072],[134.288895,34.093434],[134.288805,34.093632],[134.288732,34.09375],[134.288535,34.094109],[134.288456,34.094202],[134.288335,34.094323],[134.288274,34.094385],[134.288215,34.094472],[134.288014,34.094755],[134.287924,34.094741],[134.287849,34.095074],[134.287834,34.095183],[134.287823,34.095393],[134.287828,34.095534],[134.287852,34.095736],[134.28789,34.09593],[134.287904,34.096031],[134.287875,34.096137],[134.287828,34.096312],[134.287828,34.096448],[134.287815,34.096733],[134.287801,34.096947],[134.287768,34.097045],[134.287544,34.097456],[134.287061,34.098457],[134.286974,34.098633],[134.286813,34.09881],[134.286434,34.0992],[134.286411,34.099225],[134.286245,34.0995],[134.28496,34.099088],[134.284058,34.098904],[134.283674,34.09884],[134.283529,34.098817],[134.283381,34.098794],[134.283296,34.098783],[134.28322,34.098776],[134.283199,34.098775],[134.283173,34.098777],[134.283155,34.098781],[134.283138,34.098787],[134.283123,34.098795],[134.283108,34.098805],[134.283087,34.098821],[134.283065,34.098842],[134.283044,34.098867],[134.283024,34.098894],[134.283012,34.098911],[134.282997,34.09893],[134.282982,34.098943],[134.282963,34.098954],[134.282935,34.098967],[134.282893,34.098983],[134.282932,34.098868],[134.283032,34.098689],[134.283052,34.098622],[134.283054,34.098565],[134.283021,34.098436],[134.282941,34.098377],[134.282788,34.098314],[134.282524,34.098278],[134.282419,34.098279],[134.282326,34.098266],[134.281716,34.098104],[134.280982,34.097743],[134.280061,34.097326],[134.27983,34.097228],[134.279726,34.09715],[134.279584,34.09706],[134.27954,34.096976],[134.278773,34.096981],[134.278505,34.09695],[134.278364,34.096941],[134.278224,34.096944],[134.278015,34.096973],[134.277695,34.096862],[134.277509,34.096836],[134.276647,34.096854],[134.275993,34.096846],[134.275473,34.096771],[134.275197,34.09575],[134.275192,34.093573],[134.275191,34.093099],[134.275128,34.092386],[134.275104,34.092106],[134.275069,34.091576],[134.27505,34.091207],[134.274996,34.089839],[134.274977,34.088935],[134.27496,34.088105],[134.274974,34.088065],[134.275247,34.086391],[134.275314,34.085643],[134.275317,34.085614],[134.275318,34.08547],[134.275271,34.085386],[134.275227,34.085307],[134.275209,34.085214],[134.275289,34.084803],[134.275343,34.084469],[134.275567,34.083715],[134.275572,34.083697],[134.276611,34.083963],[134.277517,34.084078],[134.278333,34.084133],[134.278506,34.084166],[134.279631,34.08434],[134.281474,34.08464],[134.282203,34.0849],[134.283142,34.085254],[134.283693,34.085434],[134.284058,34.085567],[134.284327,34.085667],[134.28563,34.086],[134.286179,34.086107],[134.286573,34.086167],[134.287606,34.08632],[134.288254,34.086413],[134.288864,34.086552],[134.289044,34.086624],[134.288801,34.086747],[134.28871,34.086812],[134.288657,34.086907],[134.28862,34.087013],[134.288608,34.087089],[134.288624,34.087189],[134.288683,34.087293],[134.289485,34.087957],[134.289971,34.088461],[134.290144,34.088625],[134.290163,34.08867],[134.29017,34.088692],[134.290179,34.088735],[134.290182,34.08876],[134.290184,34.088794],[134.290186,34.088828],[134.290188,34.088857],[134.290195,34.088893],[134.290203,34.088931],[134.29021,34.088954],[134.290233,34.088994],[134.290258,34.089017],[134.290287,34.089034],[134.29032,34.08905],[134.290354,34.089076],[134.290386,34.089126],[134.290401,34.089162],[134.290414,34.089205],[134.29044,34.089306],[134.290467,34.089414],[134.290498,34.089515],[134.29053,34.089603],[134.290558,34.08968],[134.290578,34.089749],[134.290584,34.089812],[134.290596,34.089887],[134.290597,34.089929],[134.290582,34.090013],[134.290539,34.090052],[134.290313,34.09016],[134.290292,34.09017],[134.290274,34.090186],[134.290256,34.090208],[134.290239,34.090236],[134.289976,34.091219],[134.289891,34.091379],[134.290285,34.091344],[134.290547,34.091346],[134.290782,34.091306]]]},"properties":{"S_NAME":"市場町市場","HCODE":8101}},{"type":"Feature","geometry":{"type":"Polygon","coordinates":[[[134.298225,34.093422],[134.298146,34.093467],[134.298075,34.09349],[134.297874,34.093534],[134.297506,34.093609],[134.297424,34.093617],[134.297489,34.093869],[134.297507,34.094074],[134.297484,34.094447],[134.297498,34.094742],[134.297466,34.094873],[134.297215,34.095436],[134.297412,34.095479],[134.298061,34.095612],[134.298284,34.095622],[134.29822,34.095796],[134.298118,34.09595],[134.298034,34.096061],[134.297982,34.096215],[134.297942,34.096458],[134.297913,34.096652],[134.297923,34.096892],[134.297928,34.097003],[134.297957,34.097083],[134.298015,34.097223],[134.298085,34.097362],[134.298115,34.097402],[134.298163,34.097525],[134.298165,34.097636],[134.298129,34.097802],[134.298077,34.097966],[134.298038,34.098036],[134.297901,34.098202],[134.297807,34.098249],[134.297741,34.098296],[134.297702,34.098385],[134.297691,34.098492],[134.297647,34.098589],[134.297478,34.098743],[134.297388,34.098832],[134.297338,34.098904],[134.297124,34.098965],[134.296938,34.099027],[134.296772,34.099116],[134.296722,34.099151],[134.296646,34.099199],[134.296606,34.099211],[134.296567,34.099217],[134.296545,34.09922],[134.296129,34.099241],[134.295803,34.099252],[134.295561,34.099271],[134.295362,34.099322],[134.294971,34.099316],[134.294672,34.099335],[134.2946,34.099348],[134.294562,34.099389],[134.294564,34.099599],[134.294558,34.099619],[134.294539,34.099636],[134.294382,34.09969],[134.294167,34.099792],[134.293912,34.099944],[134.29355,34.100033],[134.293456,34.100058],[134.293548,34.100258],[134.293579,34.100383],[134.293599,34.100543],[134.293561,34.100898],[134.293535,34.10127],[134.293501,34.101484],[134.292965,34.101336],[134.292632,34.101258],[134.292414,34.101241],[134.292015,34.101227],[134.291713,34.101184],[134.291073,34.101069],[134.290905,34.101037],[134.290635,34.100956],[134.28998,34.100759],[134.289562,34.100624],[134.288765,34.100226],[134.288557,34.10012],[134.288361,34.100041],[134.288005,34.09996],[134.287549,34.099854],[134.286245,34.0995],[134.286411,34.099225],[134.286434,34.0992],[134.286813,34.09881],[134.286974,34.098633],[134.287061,34.098457],[134.287544,34.097456],[134.287768,34.097045],[134.287801,34.096947],[134.287815,34.096733],[134.287828,34.096448],[134.287828,34.096312],[134.287875,34.096137],[134.287904,34.096031],[134.28789,34.09593],[134.287852,34.095736],[134.287828,34.095534],[134.287823,34.095393],[134.287834,34.095183],[134.287849,34.095074],[134.287924,34.094741],[134.288014,34.094755],[134.288215,34.094472],[134.288274,34.094385],[134.288335,34.094323],[134.288456,34.094202],[134.288535,34.094109],[134.288732,34.09375],[134.288805,34.093632],[134.288895,34.093434],[134.288995,34.093072],[134.289153,34.092719],[134.289309,34.092466],[134.289559,34.092232],[134.289766,34.092029],[134.290035,34.091975],[134.290302,34.091896],[134.29034,34.091868],[134.290552,34.091571],[134.290782,34.091306],[134.2909,34.091259],[134.29103,34.091198],[134.291768,34.091169],[134.292287,34.091202],[134.292308,34.091204],[134.292416,34.091045],[134.292489,34.090965],[134.292554,34.090906],[134.292643,34.090851],[134.292918,34.090766],[134.293269,34.090677],[134.293509,34.09063],[134.293663,34.090571],[134.293828,34.090473],[134.294157,34.090257],[134.294501,34.08999],[134.294612,34.089903],[134.295264,34.089962],[134.295482,34.089978],[134.295953,34.089992],[134.296069,34.089994],[134.296192,34.089914],[134.296705,34.090104],[134.297453,34.090382],[134.298293,34.090654],[134.298888,34.090781],[134.299207,34.090879],[134.299096,34.090981],[134.298961,34.091083],[134.298906,34.091144],[134.298998,34.091278],[134.298982,34.091397],[134.298917,34.091544],[134.298825,34.091664],[134.298613,34.091935],[134.298441,34.092129],[134.298349,34.09219],[134.298231,34.092265],[134.298122,34.092313],[134.297575,34.092468],[134.297451,34.092505],[134.297961,34.093007],[134.298006,34.093071],[134.298022,34.09315],[134.298052,34.093218],[134.298225,34.093422]]]},"properties":{"S_NAME":"市場町興崎","HCODE":8101}},{"type":"Feature","geometry":{"type":"Polygon","coordinates":[[[134.290782,34.091306],[134.290547,34.091346],[134.290285,34.091344],[134.289891,34.091379],[134.289976,34.091219],[134.290239,34.090236],[134.290256,34.090208],[134.290274,34.090186],[134.290292,34.09017],[134.290313,34.09016],[134.290539,34.090052],[134.290582,34.090013],[134.290597,34.089929],[134.290596,34.089887],[134.290584,34.089812],[134.290578,34.089749],[134.290558,34.08968],[134.29053,34.089603],[134.290498,34.089515],[134.290467,34.089414],[134.29044,34.089306],[134.290414,34.089205],[134.290401,34.089162],[134.290386,34.089126],[134.290354,34.089076],[134.29032,34.08905],[134.290287,34.089034],[134.290258,34.089017],[134.290233,34.088994],[134.29021,34.088954],[134.290203,34.088931],[134.290195,34.088893],[134.290188,34.088857],[134.290186,34.088828],[134.290184,34.088794],[134.290182,34.08876],[134.290179,34.088735],[134.29017,34.088692],[134.290163,34.08867],[134.290144,34.088625],[134.289971,34.088461],[134.289485,34.087957],[134.288683,34.087293],[134.288624,34.087189],[134.288608,34.087089],[134.28862,34.087013],[134.288657,34.086907],[134.28871,34.086812],[134.288801,34.086747],[134.289044,34.086624],[134.288864,34.086552],[134.288254,34.086413],[134.287606,34.08632],[134.286573,34.086167],[134.286179,34.086107],[134.28563,34.086],[134.284327,34.085667],[134.284058,34.085567],[134.283693,34.085434],[134.283142,34.085254],[134.282203,34.0849],[134.281474,34.08464],[134.279631,34.08434],[134.278506,34.084166],[134.278333,34.084133],[134.277517,34.084078],[134.276611,34.083963],[134.275572,34.083697],[134.275683,34.083315],[134.275679,34.083176],[134.275582,34.082561],[134.275605,34.082131],[134.275571,34.081623],[134.275606,34.078891],[134.275614,34.076234],[134.275589,34.075551],[134.27608,34.07485],[134.276255,34.074598],[134.276678,34.074287],[134.27698,34.074107],[134.277578,34.073904],[134.278277,34.073836],[134.278917,34.073835],[134.279542,34.073873],[134.280015,34.07393],[134.280442,34.074027],[134.281109,34.074149],[134.28245,34.074439],[134.282859,34.074553],[134.283314,34.074665],[134.284674,34.075014],[134.285648,34.075285],[134.286652,34.075551],[134.287812,34.075955],[134.288956,34.076413],[134.289682,34.076729],[134.290626,34.077219],[134.291705,34.077856],[134.292857,34.078553],[134.29392,34.079184],[134.295752,34.080324],[134.296355,34.080567],[134.296755,34.080685],[134.297128,34.080801],[134.297798,34.081017],[134.298264,34.08112],[134.29913,34.081197],[134.299745,34.081201],[134.300612,34.081233],[134.300804,34.081269],[134.301842,34.081608],[134.30243,34.08173],[134.303404,34.081895],[134.303813,34.081933],[134.304826,34.082004],[134.304799,34.082167],[134.304804,34.082196],[134.304866,34.082245],[134.3049,34.082276],[134.304911,34.08232],[134.304917,34.082504],[134.304912,34.082764],[134.304789,34.084462],[134.304799,34.084613],[134.304734,34.084763],[134.30454,34.084757],[134.304218,34.084702],[134.304026,34.08465],[134.303665,34.084502],[134.303211,34.085678],[134.303136,34.08561],[134.303062,34.08558],[134.302759,34.0855],[134.302619,34.085471],[134.302539,34.085465],[134.302311,34.085503],[134.301961,34.085446],[134.301897,34.085448],[134.30187,34.085445],[134.301787,34.085426],[134.30113,34.085298],[134.301112,34.085983],[134.301017,34.08603],[134.300928,34.086092],[134.300869,34.086124],[134.300795,34.086127],[134.300708,34.086121],[134.300498,34.086044],[134.300436,34.086034],[134.300273,34.086043],[134.299779,34.086051],[134.299765,34.086204],[134.299743,34.086636],[134.299618,34.08662],[134.299315,34.086569],[134.298796,34.086704],[134.298497,34.086807],[134.298051,34.086922],[134.297873,34.087024],[134.29771,34.087166],[134.297526,34.087358],[134.296897,34.087886],[134.296403,34.088288],[134.295905,34.088696],[134.29535,34.089237],[134.295084,34.089516],[134.296192,34.089914],[134.296069,34.089994],[134.295953,34.089992],[134.295482,34.089978],[134.295264,34.089962],[134.294612,34.089903],[134.294501,34.08999],[134.294157,34.090257],[134.293828,34.090473],[134.293663,34.090571],[134.293509,34.09063],[134.293269,34.090677],[134.293249,34.090509],[134.293253,34.090458],[134.29326,34.090416],[134.293313,34.090236],[134.293348,34.089967],[134.293379,34.089793],[134.29345,34.089483],[134.293584,34.089021],[134.292946,34.088774],[134.292789,34.088686],[134.292302,34.088533],[134.292261,34.088722],[134.292234,34.088943],[134.292233,34.089157],[134.292281,34.089574],[134.292308,34.089875],[134.292338,34.0902],[134.292343,34.090529],[134.292332,34.090759],[134.292287,34.091202],[134.291768,34.091169],[134.29103,34.091198],[134.2909,34.091259],[134.290782,34.091306]]]},"properties":{"S_NAME":"市場町香美","HCODE":8101}},{"type":"Feature","geometry":{"type":"Polygon","coordinates":[[[134.257356,34.116609],[134.256946,34.116405],[134.256751,34.116356],[134.256383,34.116278],[134.255713,34.116282],[134.255545,34.116283],[134.254912,34.11639],[134.254389,34.116463],[134.254214,34.11649],[134.253855,34.116545],[134.253321,34.11659],[134.252886,34.116584],[134.252529,34.116479],[134.252151,34.116301],[134.251861,34.116116],[134.251497,34.116058],[134.251543,34.115401],[134.251629,34.115121],[134.251723,34.114744],[134.251784,34.114425],[134.25177,34.114198],[134.251731,34.113746],[134.251712,34.113483],[134.251522,34.112943],[134.251449,34.112719],[134.251104,34.112301],[134.250892,34.111992],[134.250734,34.111709],[134.250664,34.111384],[134.250616,34.111183],[134.250581,34.111097],[134.250466,34.110921],[134.250157,34.110341],[134.249551,34.1098],[134.249555,34.109641],[134.249557,34.109569],[134.24967,34.109344],[134.250044,34.108881],[134.250157,34.108578],[134.250241,34.108078],[134.250253,34.107603],[134.250358,34.107301],[134.25038,34.10716],[134.250402,34.107038],[134.250218,34.106341],[134.250243,34.105866],[134.250251,34.105552],[134.250322,34.105324],[134.250444,34.105119],[134.250694,34.104851],[134.250743,34.104748],[134.250722,34.104528],[134.250599,34.104086],[134.250617,34.103817],[134.250542,34.103577],[134.250499,34.103453],[134.250542,34.103161],[134.250579,34.10294],[134.250512,34.102338],[134.250576,34.101719],[134.250484,34.10138],[134.250456,34.101246],[134.250405,34.101198],[134.250224,34.101148],[134.250116,34.101139],[134.25008,34.101021],[134.250076,34.100928],[134.250052,34.100829],[134.25005,34.100682],[134.250004,34.100469],[134.250002,34.100406],[134.250019,34.100356],[134.250103,34.100261],[134.25027,34.100108],[134.25039,34.100045],[134.250412,34.100024],[134.250548,34.099895],[134.250787,34.099665],[134.251135,34.099504],[134.251265,34.099331],[134.251331,34.099246],[134.251531,34.099131],[134.251823,34.098943],[134.25172,34.098563],[134.251616,34.098317],[134.251537,34.098041],[134.251434,34.09783],[134.25134,34.097678],[134.251336,34.097557],[134.251362,34.097447],[134.251414,34.097204],[134.251368,34.096932],[134.251325,34.096764],[134.251255,34.096617],[134.250802,34.096973],[134.250783,34.09686],[134.250774,34.096825],[134.250749,34.096754],[134.250712,34.096681],[134.250704,34.096661],[134.2507,34.096647],[134.250694,34.096616],[134.250697,34.096586],[134.250707,34.096554],[134.25073,34.096475],[134.250734,34.096438],[134.250726,34.096407],[134.250707,34.096375],[134.250647,34.096287],[134.250573,34.096171],[134.250506,34.096073],[134.250455,34.096002],[134.250439,34.095972],[134.250435,34.095941],[134.250476,34.095853],[134.250525,34.095773],[134.250537,34.095748],[134.250536,34.095722],[134.25044,34.095418],[134.250435,34.095398],[134.250425,34.095372],[134.250407,34.095335],[134.250344,34.095222],[134.250251,34.095061],[134.250219,34.095],[134.250238,34.09495],[134.250278,34.094905],[134.250318,34.09484],[134.250306,34.094775],[134.250279,34.094666],[134.250218,34.094547],[134.250148,34.094463],[134.250028,34.094347],[134.249933,34.094256],[134.24985,34.094171],[134.250195,34.093774],[134.249931,34.093689],[134.249826,34.093572],[134.249617,34.093599],[134.249601,34.093366],[134.249588,34.092459],[134.250428,34.092433],[134.250343,34.091366],[134.250247,34.089017],[134.252014,34.08897],[134.251961,34.08783],[134.251922,34.087006],[134.2549,34.086946],[134.255331,34.086921],[134.255636,34.085941],[134.255655,34.085848],[134.255664,34.085785],[134.255639,34.085514],[134.255701,34.085453],[134.255835,34.085319],[134.256108,34.085068],[134.256308,34.084895],[134.2565,34.084713],[134.256837,34.085109],[134.257194,34.085643],[134.257401,34.086006],[134.257625,34.086446],[134.257845,34.086976],[134.25991,34.087051],[134.259801,34.089118],[134.259702,34.091017],[134.258848,34.090825],[134.258846,34.092563],[134.259123,34.092569],[134.259119,34.092858],[134.258857,34.092855],[134.258812,34.096006],[134.258809,34.09662],[134.259213,34.096604],[134.259239,34.096648],[134.25923,34.096784],[134.25976,34.096537],[134.259804,34.096611],[134.259844,34.096665],[134.260021,34.096856],[134.260336,34.096902],[134.260687,34.097015],[134.261135,34.097187],[134.261482,34.097344],[134.261531,34.097368],[134.261953,34.097699],[134.262125,34.09784],[134.262315,34.097984],[134.262412,34.098207],[134.262552,34.098547],[134.262613,34.098731],[134.262646,34.098888],[134.262668,34.098982],[134.262695,34.099172],[134.262711,34.099375],[134.262748,34.099509],[134.262832,34.099821],[134.262857,34.099908],[134.262895,34.099962],[134.262933,34.100015],[134.263042,34.100128],[134.263118,34.100217],[134.263199,34.100346],[134.263219,34.100392],[134.263281,34.100572],[134.263301,34.100669],[134.2633,34.100732],[134.263296,34.100765],[134.263275,34.100788],[134.263241,34.100802],[134.26314,34.100824],[134.263092,34.100829],[134.263073,34.100831],[134.263053,34.100835],[134.263034,34.100841],[134.263022,34.100848],[134.263011,34.100856],[134.263,34.100866],[134.262992,34.100879],[134.262986,34.100894],[134.26298,34.100915],[134.262976,34.100932],[134.262973,34.10095],[134.262968,34.100989],[134.262966,34.101033],[134.262925,34.101249],[134.262907,34.101325],[134.262891,34.101397],[134.262876,34.101453],[134.262854,34.101533],[134.262836,34.101596],[134.262821,34.101657],[134.262808,34.101715],[134.262802,34.101758],[134.262802,34.101795],[134.262804,34.101832],[134.262813,34.101884],[134.262821,34.10193],[134.262829,34.101962],[134.262836,34.102],[134.262838,34.10204],[134.262836,34.102082],[134.262828,34.102123],[134.262814,34.102172],[134.262803,34.102195],[134.262785,34.102222],[134.26276,34.10225],[134.26273,34.10228],[134.262712,34.102297],[134.262691,34.102319],[134.262648,34.10236],[134.262603,34.102424],[134.262529,34.102652],[134.262536,34.102675],[134.262661,34.102737],[134.262741,34.102785],[134.262827,34.102857],[134.262894,34.102916],[134.262956,34.103002],[134.262702,34.102955],[134.262605,34.102938],[134.26247,34.102918],[134.262209,34.102889],[134.262172,34.102901],[134.262071,34.102965],[134.262015,34.103008],[134.261995,34.103031],[134.261974,34.103058],[134.26196,34.103081],[134.261941,34.10313],[134.261926,34.103178],[134.261913,34.103218],[134.261895,34.103258],[134.261878,34.103305],[134.261852,34.103364],[134.261832,34.103419],[134.261815,34.103474],[134.261797,34.103541],[134.26179,34.103593],[134.261789,34.103642],[134.261792,34.103683],[134.2618,34.10372],[134.26181,34.103751],[134.261822,34.103796],[134.261825,34.103829],[134.26182,34.103852],[134.261811,34.103873],[134.261803,34.103884],[134.261763,34.10392],[134.261725,34.103945],[134.261684,34.103966],[134.261625,34.104],[134.261602,34.104014],[134.261548,34.104056],[134.261493,34.104105],[134.261456,34.104144],[134.261405,34.104211],[134.261393,34.104225],[134.261369,34.104263],[134.261345,34.10431],[134.261821,34.104411],[134.2622,34.104567],[134.262872,34.104708],[134.263206,34.104826],[134.262299,34.105077],[134.261279,34.105364],[134.261268,34.105384],[134.261293,34.105487],[134.26148,34.105738],[134.261491,34.105816],[134.261471,34.105964],[134.261415,34.106125],[134.261354,34.106296],[134.261315,34.106461],[134.26132,34.106613],[134.261375,34.106778],[134.261213,34.107066],[134.261064,34.107301],[134.260855,34.107695],[134.260532,34.10829],[134.260448,34.108563],[134.260407,34.108935],[134.260407,34.109283],[134.260348,34.10986],[134.260355,34.110211],[134.26031,34.110456],[134.25998,34.111032],[134.259736,34.11141],[134.259264,34.112067],[134.258865,34.112432],[134.25832,34.112836],[134.258146,34.113169],[134.257968,34.113761],[134.257892,34.114013],[134.257718,34.115182],[134.257685,34.115312],[134.257356,34.116609]]]},"properties":{"S_NAME":"市場町大俣","HCODE":8101}},{"type":"Feature","geometry":{"type":"Polygon","coordinates":[[[134.2687,34.11741],[134.26838,34.117085],[134.268126,34.11689],[134.267813,34.116702],[134.267378,34.116465],[134.267202,34.116422],[134.267081,34.116409],[134.266921,34.116418],[134.266806,34.116442],[134.266742,34.116467],[134.266429,34.116607],[134.265997,34.116761],[134.265617,34.11698],[134.265201,34.117413],[134.264994,34.117641],[134.264922,34.117686],[134.264805,34.117706],[134.264591,34.117723],[134.264174,34.117753],[134.263735,34.117813],[134.262981,34.117943],[134.262396,34.118036],[134.261869,34.118123],[134.261379,34.11812],[134.261004,34.118052],[134.26027,34.117863],[134.259729,34.117675],[134.259201,34.117441],[134.258564,34.117169],[134.257884,34.116861],[134.257356,34.116609],[134.257685,34.115312],[134.257718,34.115182],[134.257892,34.114013],[134.257968,34.113761],[134.258146,34.113169],[134.25832,34.112836],[134.258865,34.112432],[134.259264,34.112067],[134.259736,34.11141],[134.25998,34.111032],[134.26031,34.110456],[134.260355,34.110211],[134.260348,34.10986],[134.260407,34.109283],[134.260407,34.108935],[134.260448,34.108563],[134.260532,34.10829],[134.260855,34.107695],[134.261064,34.107301],[134.261213,34.107066],[134.261375,34.106778],[134.26132,34.106613],[134.261315,34.106461],[134.261354,34.106296],[134.261415,34.106125],[134.261471,34.105964],[134.261491,34.105816],[134.26148,34.105738],[134.261293,34.105487],[134.261268,34.105384],[134.261279,34.105364],[134.262299,34.105077],[134.263206,34.104826],[134.262872,34.104708],[134.2622,34.104567],[134.261821,34.104411],[134.261345,34.10431],[134.261369,34.104263],[134.261393,34.104225],[134.261405,34.104211],[134.261456,34.104144],[134.261493,34.104105],[134.261548,34.104056],[134.261602,34.104014],[134.261625,34.104],[134.261684,34.103966],[134.261725,34.103945],[134.261763,34.10392],[134.261803,34.103884],[134.261811,34.103873],[134.26182,34.103852],[134.261825,34.103829],[134.261822,34.103796],[134.26181,34.103751],[134.2618,34.10372],[134.261792,34.103683],[134.261789,34.103642],[134.26179,34.103593],[134.261797,34.103541],[134.261815,34.103474],[134.261832,34.103419],[134.261852,34.103364],[134.261878,34.103305],[134.261895,34.103258],[134.261913,34.103218],[134.261926,34.103178],[134.261941,34.10313],[134.26196,34.103081],[134.261974,34.103058],[134.261995,34.103031],[134.262015,34.103008],[134.262071,34.102965],[134.262172,34.102901],[134.262209,34.102889],[134.26247,34.102918],[134.262605,34.102938],[134.262702,34.102955],[134.262956,34.103002],[134.262894,34.102916],[134.262827,34.102857],[134.262741,34.102785],[134.262661,34.102737],[134.262536,34.102675],[134.262529,34.102652],[134.262603,34.102424],[134.262648,34.10236],[134.262691,34.102319],[134.262712,34.102297],[134.26273,34.10228],[134.26276,34.10225],[134.262785,34.102222],[134.262803,34.102195],[134.262814,34.102172],[134.262828,34.102123],[134.262836,34.102082],[134.262838,34.10204],[134.262836,34.102],[134.262829,34.101962],[134.262821,34.10193],[134.262813,34.101884],[134.262804,34.101832],[134.262802,34.101795],[134.262802,34.101758],[134.262808,34.101715],[134.262821,34.101657],[134.262836,34.101596],[134.262854,34.101533],[134.262876,34.101453],[134.262891,34.101397],[134.262907,34.101325],[134.262925,34.101249],[134.262966,34.101033],[134.262968,34.100989],[134.262973,34.10095],[134.262976,34.100932],[134.26298,34.100915],[134.262986,34.100894],[134.262992,34.100879],[134.263,34.100866],[134.263011,34.100856],[134.263022,34.100848],[134.263034,34.100841],[134.263053,34.100835],[134.263073,34.100831],[134.263092,34.100829],[134.26314,34.100824],[134.263241,34.100802],[134.263275,34.100788],[134.263296,34.100765],[134.2633,34.100732],[134.263301,34.100669],[134.263281,34.100572],[134.263219,34.100392],[134.263199,34.100346],[134.263118,34.100217],[134.263042,34.100128],[134.262933,34.100015],[134.262895,34.099962],[134.262857,34.099908],[134.262832,34.099821],[134.262748,34.099509],[134.262711,34.099375],[134.262695,34.099172],[134.262668,34.098982],[134.262646,34.098888],[134.262613,34.098731],[134.262552,34.098547],[134.262412,34.098207],[134.262315,34.097984],[134.262562,34.097915],[134.262972,34.097872],[134.263435,34.097873],[134.264114,34.097896],[134.264537,34.097859],[134.264695,34.097831],[134.265125,34.09773],[134.265554,34.097609],[134.265996,34.097554],[134.26622,34.097544],[134.266249,34.097536],[134.266277,34.097527],[134.266569,34.097471],[134.266987,34.097371],[134.267891,34.097149],[134.268988,34.096862],[134.269658,34.096867],[134.270065,34.096885],[134.270154,34.096857],[134.270351,34.09664],[134.270658,34.096581],[134.271023,34.096561],[134.271503,34.096643],[134.271976,34.096755],[134.272035,34.096829],[134.272254,34.097169],[134.272462,34.097276],[134.272949,34.097312],[134.273219,34.097352],[134.273292,34.097412],[134.273481,34.097631],[134.273612,34.097748],[134.273789,34.097758],[134.274474,34.097608],[134.27475,34.098194],[134.274791,34.098305],[134.274864,34.098437],[134.274941,34.0986],[134.275335,34.099531],[134.275553,34.100032],[134.275689,34.100388],[134.276394,34.102575],[134.276826,34.103505],[134.276839,34.10355],[134.276854,34.103601],[134.277004,34.1041],[134.277405,34.105896],[134.277421,34.107113],[134.277356,34.108128],[134.276424,34.109503],[134.276044,34.110032],[134.275104,34.111269],[134.274875,34.111502],[134.274327,34.111988],[134.273526,34.112415],[134.272962,34.112829],[134.272353,34.113374],[134.272302,34.11342],[134.271775,34.113895],[134.271559,34.114111],[134.27104,34.114506],[134.270333,34.114964],[134.269506,34.115495],[134.26923,34.115594],[134.269066,34.11562],[134.26884,34.115579],[134.268729,34.115608],[134.268618,34.115673],[134.268507,34.115796],[134.26842,34.116001],[134.268408,34.116167],[134.268463,34.116432],[134.268674,34.116926],[134.268716,34.117184],[134.2687,34.11741]]]},"properties":{"S_NAME":"市場町上喜来","HCODE":8101}},{"type":"Feature","geometry":{"type":"Polygon","coordinates":[[[134.25482,34.180077],[134.254602,34.180299],[134.254303,34.180427],[134.25391,34.180552],[134.253398,34.180669],[134.251215,34.18062],[134.250827,34.180554],[134.249668,34.180458],[134.24915,34.180375],[134.247843,34.180052],[134.247637,34.179959],[134.247396,34.179827],[134.24727,34.179721],[134.247119,34.179605],[134.247046,34.179481],[134.246991,34.179233],[134.246946,34.17909],[134.246788,34.179102],[134.246695,34.179141],[134.246596,34.179181],[134.246494,34.179216],[134.246388,34.179248],[134.246274,34.179282],[134.246153,34.179319],[134.246037,34.179363],[134.245982,34.179385],[134.245896,34.179422],[134.245871,34.179436],[134.245537,34.179636],[134.245479,34.179669],[134.245431,34.179694],[134.245382,34.179716],[134.245332,34.179734],[134.245281,34.179745],[134.245232,34.179752],[134.245182,34.179754],[134.245129,34.17975],[134.245067,34.179743],[134.244991,34.179729],[134.244916,34.179714],[134.244855,34.179704],[134.244814,34.179703],[134.244782,34.179708],[134.244754,34.179717],[134.244728,34.179729],[134.244707,34.179741],[134.244684,34.179757],[134.244657,34.179779],[134.244618,34.17981],[134.24457,34.179852],[134.244518,34.179902],[134.244461,34.179959],[134.2444,34.180025],[134.24433,34.1801],[134.244254,34.18018],[134.244174,34.180263],[134.244096,34.180344],[134.24403,34.180414],[134.243922,34.180525],[134.243793,34.180918],[134.243748,34.180927],[134.243725,34.180952],[134.243687,34.180946],[134.243645,34.180931],[134.243596,34.180905],[134.243534,34.180863],[134.24347,34.180814],[134.243411,34.180767],[134.24336,34.180724],[134.243314,34.180685],[134.243268,34.180644],[134.243226,34.180608],[134.24319,34.180579],[134.243155,34.180549],[134.243106,34.180498],[134.243029,34.180413],[134.242937,34.180312],[134.242846,34.180217],[134.242765,34.180137],[134.242695,34.180069],[134.242636,34.180006],[134.242585,34.179953],[134.242542,34.179915],[134.242501,34.17989],[134.242463,34.179875],[134.242425,34.179865],[134.242384,34.179862],[134.242333,34.179863],[134.242272,34.179869],[134.242207,34.179879],[134.242142,34.179892],[134.242079,34.179908],[134.242019,34.179923],[134.241963,34.179939],[134.241906,34.17996],[134.241847,34.179989],[134.24178,34.180028],[134.2417,34.180075],[134.241611,34.180129],[134.241524,34.180181],[134.241447,34.180225],[134.241372,34.180265],[134.24129,34.180307],[134.241197,34.180349],[134.241103,34.180389],[134.241058,34.180404],[134.240973,34.18043],[134.240896,34.180449],[134.240825,34.180459],[134.24076,34.180463],[134.240701,34.180463],[134.240648,34.180461],[134.240596,34.180458],[134.240541,34.180454],[134.240489,34.180451],[134.240445,34.180444],[134.24041,34.180434],[134.24038,34.180422],[134.240346,34.180408],[134.240309,34.180391],[134.24027,34.180367],[134.240232,34.180337],[134.240198,34.180303],[134.24017,34.180266],[134.24015,34.180229],[134.240132,34.180193],[134.240115,34.180157],[134.240102,34.180118],[134.240089,34.180073],[134.24008,34.180026],[134.24007,34.179983],[134.24006,34.179944],[134.240048,34.179911],[134.240032,34.179881],[134.240015,34.179857],[134.239993,34.179837],[134.239966,34.179821],[134.239935,34.17981],[134.239902,34.1798],[134.239865,34.179794],[134.239823,34.179791],[134.239779,34.179791],[134.239737,34.179796],[134.239697,34.179803],[134.239652,34.179817],[134.239592,34.179841],[134.239516,34.179872],[134.239437,34.179908],[134.239363,34.179941],[134.239292,34.179975],[134.239219,34.180009],[134.239142,34.180042],[134.239061,34.180075],[134.238977,34.180105],[134.238892,34.180134],[134.238809,34.180157],[134.23873,34.18018],[134.238658,34.180202],[134.23859,34.180224],[134.238528,34.180249],[134.238461,34.180279],[134.238392,34.180309],[134.238328,34.180334],[134.238273,34.18035],[134.238226,34.180358],[134.238185,34.180363],[134.238144,34.180364],[134.238089,34.18036],[134.238015,34.180348],[134.237934,34.180334],[134.237867,34.180325],[134.237819,34.180324],[134.237785,34.180329],[134.237768,34.180333],[134.237755,34.180337],[134.237721,34.180352],[134.237671,34.180381],[134.237604,34.180419],[134.237527,34.180463],[134.237449,34.180504],[134.237376,34.180541],[134.237319,34.180571],[134.237275,34.180592],[134.237235,34.18061],[134.237189,34.180622],[134.237144,34.180633],[134.237104,34.180638],[134.237069,34.180639],[134.237031,34.180636],[134.23698,34.180626],[134.236922,34.180611],[134.236865,34.180594],[134.236808,34.180576],[134.236747,34.180559],[134.236679,34.180544],[134.236606,34.18053],[134.236535,34.180515],[134.236466,34.180497],[134.23639,34.180478],[134.236303,34.180455],[134.236212,34.180431],[134.236129,34.180408],[134.236052,34.180387],[134.23598,34.180366],[134.235904,34.180342],[134.235834,34.180321],[134.235782,34.180304],[134.235744,34.18029],[134.235708,34.180271],[134.235662,34.180239],[134.235612,34.1802],[134.235561,34.180163],[134.235514,34.180128],[134.235471,34.180096],[134.235426,34.180065],[134.235382,34.180037],[134.23534,34.180012],[134.235298,34.179993],[134.235256,34.179979],[134.23521,34.179968],[134.235163,34.179962],[134.235116,34.17996],[134.235067,34.179962],[134.235012,34.17997],[134.234945,34.179985],[134.234872,34.180006],[134.234799,34.18003],[134.234719,34.18006],[134.23462,34.180106],[134.234492,34.180173],[134.234353,34.18025],[134.234226,34.180322],[134.234124,34.18038],[134.234045,34.180422],[134.233983,34.180447],[134.233933,34.18046],[134.233887,34.180468],[134.233844,34.180473],[134.233808,34.180474],[134.233781,34.180468],[134.233758,34.180457],[134.233728,34.180444],[134.23369,34.180429],[134.233653,34.180413],[134.233621,34.180397],[134.233588,34.180385],[134.233549,34.18038],[134.2335,34.180384],[134.233445,34.180393],[134.233386,34.180403],[134.233329,34.180415],[134.233275,34.18043],[134.233224,34.180448],[134.233178,34.180472],[134.233133,34.180502],[134.23309,34.180538],[134.233045,34.180578],[134.232997,34.180621],[134.232947,34.180661],[134.232895,34.180693],[134.232847,34.18072],[134.232801,34.18074],[134.232761,34.180754],[134.23272,34.180766],[134.232675,34.180774],[134.23263,34.18078],[134.232591,34.18078],[134.232559,34.180775],[134.232529,34.180766],[134.2325,34.180753],[134.232471,34.180736],[134.23244,34.180715],[134.232406,34.18069],[134.23237,34.18066],[134.232331,34.180627],[134.232285,34.180591],[134.232225,34.180549],[134.232139,34.180497],[134.232009,34.180417],[134.231827,34.180303],[134.231635,34.180181],[134.231481,34.180086],[134.231378,34.180026],[134.231299,34.179986],[134.231216,34.17995],[134.231134,34.179918],[134.231062,34.179892],[134.231,34.179874],[134.230945,34.179863],[134.230893,34.179856],[134.230843,34.179855],[134.230792,34.179858],[134.230741,34.179865],[134.230696,34.179874],[134.230658,34.179885],[134.230623,34.179903],[134.230587,34.179928],[134.230545,34.179962],[134.230501,34.179999],[134.230451,34.180039],[134.230379,34.180101],[134.230264,34.180201],[134.230114,34.18033],[134.229976,34.180451],[134.22988,34.180531],[134.229812,34.180585],[134.229746,34.180636],[134.229668,34.180694],[134.229636,34.180722],[134.229569,34.18077],[134.229493,34.180816],[134.22943,34.180848],[134.229374,34.180873],[134.229324,34.180891],[134.229274,34.180906],[134.229222,34.180919],[134.229167,34.18093],[134.229105,34.18094],[134.229037,34.180948],[134.228965,34.180955],[134.228895,34.18096],[134.228826,34.180961],[134.228759,34.180961],[134.228691,34.180957],[134.228617,34.180952],[134.228539,34.180944],[134.228458,34.180932],[134.228378,34.180917],[134.228298,34.180897],[134.228221,34.180875],[134.228149,34.180853],[134.228083,34.180833],[134.228025,34.180814],[134.227973,34.180795],[134.227929,34.180772],[134.227889,34.180743],[134.227857,34.180711],[134.227829,34.180678],[134.227807,34.180648],[134.22779,34.180619],[134.227777,34.180592],[134.227769,34.180566],[134.227763,34.180539],[134.22776,34.180508],[134.227759,34.180469],[134.22776,34.180416],[134.22776,34.18035],[134.227761,34.180275],[134.22776,34.180197],[134.227757,34.180116],[134.227753,34.180038],[134.227748,34.17996],[134.227744,34.179887],[134.227739,34.179815],[134.227736,34.17975],[134.227734,34.179692],[134.227732,34.17964],[134.227733,34.179596],[134.227736,34.179558],[134.227742,34.179526],[134.22775,34.179495],[134.227761,34.179465],[134.227776,34.179432],[134.227792,34.179393],[134.22781,34.179352],[134.227826,34.179311],[134.227837,34.179273],[134.227842,34.17924],[134.227843,34.179208],[134.227838,34.179176],[134.227828,34.17914],[134.227815,34.179101],[134.227796,34.179058],[134.227773,34.179011],[134.227745,34.178959],[134.227711,34.178904],[134.22767,34.178848],[134.227622,34.178787],[134.227572,34.178726],[134.22752,34.17866],[134.227474,34.17859],[134.227431,34.178517],[134.227392,34.178444],[134.227354,34.178377],[134.227313,34.178316],[134.227271,34.178262],[134.227225,34.178213],[134.227175,34.178168],[134.227121,34.178126],[134.227066,34.178089],[134.227014,34.17806],[134.226964,34.178038],[134.226916,34.178023],[134.226865,34.178016],[134.226807,34.178015],[134.226742,34.178021],[134.226673,34.178033],[134.226603,34.178053],[134.226532,34.178079],[134.226465,34.178112],[134.226399,34.178151],[134.226337,34.178196],[134.226276,34.178243],[134.226218,34.178291],[134.226166,34.178337],[134.226116,34.178377],[134.226072,34.178413],[134.226036,34.178447],[134.22601,34.178479],[134.225993,34.178512],[134.225981,34.178548],[134.225973,34.178592],[134.225964,34.178641],[134.225957,34.178695],[134.225949,34.17875],[134.225941,34.178801],[134.225931,34.178846],[134.225919,34.178886],[134.225903,34.178921],[134.22588,34.178952],[134.225853,34.178981],[134.22582,34.179009],[134.225782,34.179037],[134.22574,34.179066],[134.225693,34.179095],[134.225643,34.179125],[134.225589,34.179152],[134.225535,34.179177],[134.22548,34.179202],[134.225426,34.179224],[134.225373,34.179245],[134.225321,34.179264],[134.225271,34.17928],[134.22522,34.179295],[134.225171,34.179311],[134.225119,34.179333],[134.225064,34.179362],[134.225006,34.179399],[134.22495,34.179439],[134.224898,34.17948],[134.224849,34.179516],[134.224802,34.179551],[134.22475,34.179583],[134.224688,34.179616],[134.224614,34.179649],[134.224525,34.179684],[134.224421,34.17972],[134.224302,34.179755],[134.224179,34.179792],[134.224061,34.17983],[134.22396,34.179867],[134.223918,34.179887],[134.223845,34.179923],[134.223783,34.179958],[134.223727,34.179989],[134.223672,34.180017],[134.223614,34.18004],[134.22355,34.180057],[134.223476,34.180067],[134.223401,34.180069],[134.223332,34.180062],[134.223301,34.180055],[134.223251,34.180033],[134.223231,34.180019],[134.223195,34.179985],[134.223158,34.179947],[134.223116,34.179906],[134.223067,34.179864],[134.223012,34.179822],[134.222953,34.179778],[134.22289,34.179735],[134.222828,34.179692],[134.222771,34.179648],[134.22272,34.179603],[134.222678,34.179561],[134.22264,34.179523],[134.222606,34.179491],[134.222574,34.179467],[134.222543,34.179448],[134.222514,34.179432],[134.222484,34.179418],[134.222454,34.179408],[134.222428,34.1794],[134.222406,34.179396],[134.222389,34.179397],[134.222371,34.179402],[134.22235,34.179411],[134.222321,34.179423],[134.222281,34.17944],[134.222225,34.179467],[134.222149,34.179503],[134.222057,34.17955],[134.22196,34.1796],[134.22187,34.179648],[134.221795,34.179689],[134.221731,34.179726],[134.221669,34.179764],[134.221598,34.179807],[134.221522,34.179853],[134.221493,34.179869],[134.221444,34.179898],[134.221373,34.179934],[134.221312,34.179958],[134.221257,34.179973],[134.221199,34.179984],[134.221129,34.179997],[134.221046,34.180011],[134.220956,34.180024],[134.220864,34.180031],[134.220818,34.18003],[134.220729,34.180023],[134.220687,34.180016],[134.220603,34.180001],[134.220523,34.179981],[134.220447,34.179961],[134.220378,34.179938],[134.22032,34.179913],[134.220275,34.179885],[134.220238,34.179851],[134.220224,34.179832],[134.220197,34.179784],[134.220169,34.179724],[134.220142,34.179655],[134.220115,34.179585],[134.220085,34.179517],[134.220054,34.179454],[134.220024,34.179396],[134.219995,34.17934],[134.219969,34.179286],[134.219943,34.179236],[134.219912,34.17919],[134.219876,34.179149],[134.219829,34.179111],[134.21977,34.179074],[134.219697,34.179035],[134.219608,34.17899],[134.21951,34.178941],[134.21941,34.17889],[134.219313,34.178837],[134.219224,34.178785],[134.219143,34.178735],[134.21907,34.178686],[134.219003,34.178639],[134.21894,34.178593],[134.218878,34.178546],[134.218812,34.178496],[134.218744,34.178444],[134.218677,34.178396],[134.218617,34.178357],[134.218566,34.178329],[134.218522,34.178313],[134.218482,34.178305],[134.218441,34.178301],[134.218396,34.1783],[134.218351,34.178299],[134.218306,34.1783],[134.218262,34.1783],[134.218217,34.178297],[134.218174,34.178289],[134.218129,34.178274],[134.218084,34.178253],[134.218042,34.178228],[134.218007,34.178204],[134.217979,34.178181],[134.217955,34.178163],[134.217926,34.178148],[134.21789,34.17814],[134.217842,34.178135],[134.21779,34.178135],[134.217739,34.178134],[134.217691,34.178132],[134.217647,34.178128],[134.217608,34.17812],[134.217572,34.178108],[134.217539,34.178089],[134.217506,34.178063],[134.217474,34.17803],[134.217451,34.178001],[134.217441,34.177987],[134.217408,34.177941],[134.217374,34.177898],[134.217337,34.177862],[134.2173,34.177837],[134.217265,34.177816],[134.217239,34.177799],[134.217221,34.17778],[134.217217,34.17777],[134.217211,34.177749],[134.217212,34.177724],[134.217214,34.177695],[134.217217,34.177667],[134.217222,34.177638],[134.21723,34.177612],[134.217235,34.177588],[134.217236,34.177568],[134.217226,34.177551],[134.217202,34.177534],[134.217165,34.177521],[134.217118,34.177512],[134.217063,34.177508],[134.217003,34.177509],[134.216945,34.177513],[134.216894,34.177517],[134.216853,34.177517],[134.216823,34.177514],[134.2168,34.177505],[134.216785,34.17749],[134.216773,34.177467],[134.216766,34.177439],[134.216764,34.17741],[134.216765,34.177377],[134.216769,34.177346],[134.216773,34.177318],[134.216777,34.177295],[134.216781,34.177276],[134.216783,34.177258],[134.216786,34.177236],[134.216787,34.177208],[134.216784,34.177176],[134.216769,34.177145],[134.216757,34.17713],[134.216739,34.177116],[134.216693,34.177094],[134.216637,34.177077],[134.216581,34.177069],[134.216527,34.177067],[134.216476,34.177067],[134.216425,34.17706],[134.216399,34.177052],[134.216371,34.17704],[134.216344,34.177023],[134.216291,34.176985],[134.216241,34.176943],[134.216199,34.176904],[134.216165,34.17687],[134.216134,34.17684],[134.216103,34.176809],[134.216066,34.176776],[134.216027,34.176743],[134.215986,34.176712],[134.215943,34.176686],[134.215898,34.176665],[134.215872,34.176658],[134.215811,34.176649],[134.215776,34.176647],[134.215688,34.176648],[134.215587,34.176654],[134.21548,34.176662],[134.215371,34.17667],[134.215267,34.176676],[134.215169,34.176679],[134.215074,34.176676],[134.214984,34.176665],[134.214897,34.17665],[134.214808,34.176634],[134.214715,34.176618],[134.214614,34.176604],[134.214506,34.176587],[134.214391,34.176564],[134.214329,34.176548],[134.214204,34.176513],[134.214081,34.176476],[134.213968,34.17644],[134.213867,34.17641],[134.213775,34.176386],[134.213684,34.176363],[134.213585,34.176339],[134.213475,34.176313],[134.21336,34.176285],[134.213327,34.176277],[134.213292,34.176269],[134.213197,34.176244],[134.213103,34.176215],[134.213006,34.176178],[134.212909,34.176139],[134.212811,34.1761],[134.212714,34.176066],[134.212616,34.176037],[134.21252,34.17601],[134.212428,34.175981],[134.212339,34.175949],[134.212254,34.175915],[134.212174,34.175885],[134.2121,34.175862],[134.212031,34.175846],[134.211964,34.175829],[134.211896,34.175807],[134.211825,34.175774],[134.211756,34.175734],[134.21169,34.175694],[134.21163,34.175659],[134.211577,34.175629],[134.211522,34.175605],[134.21146,34.175585],[134.211385,34.175565],[134.211304,34.175548],[134.21122,34.175533],[134.211141,34.175523],[134.211068,34.175513],[134.211004,34.175504],[134.210947,34.17549],[134.210894,34.17547],[134.210843,34.175446],[134.210786,34.175421],[134.210717,34.175398],[134.210636,34.175378],[134.210554,34.175362],[134.210479,34.17535],[134.210414,34.17534],[134.210344,34.175331],[134.210251,34.175315],[134.210113,34.175291],[134.209928,34.175255],[134.209711,34.175213],[134.209479,34.175167],[134.20891,34.175029],[134.208861,34.175018],[134.208844,34.174939],[134.208829,34.174859],[134.208814,34.174779],[134.208801,34.174698],[134.20879,34.174616],[134.208786,34.17453],[134.208791,34.174443],[134.208806,34.174351],[134.208819,34.174306],[134.208853,34.174222],[134.208876,34.174185],[134.208902,34.174153],[134.208932,34.174125],[134.208963,34.174103],[134.209032,34.174067],[134.209102,34.174039],[134.209137,34.174026],[134.209198,34.173996],[134.209256,34.173963],[134.209314,34.173926],[134.209377,34.173884],[134.209444,34.173838],[134.209511,34.173783],[134.209541,34.173753],[134.209569,34.173721],[134.209614,34.173647],[134.209695,34.173538],[134.209717,34.173502],[134.209722,34.173483],[134.209712,34.173456],[134.209683,34.173402],[134.209661,34.173377],[134.209602,34.173327],[134.209541,34.173278],[134.209517,34.173252],[134.209499,34.173225],[134.209491,34.173195],[134.209494,34.173163],[134.209508,34.173128],[134.209529,34.173092],[134.209585,34.173022],[134.209644,34.172958],[134.209689,34.172905],[134.209729,34.17286],[134.209771,34.172818],[134.209828,34.172773],[134.209903,34.172727],[134.209947,34.172703],[134.209997,34.172681],[134.21005,34.172662],[134.210107,34.172645],[134.210168,34.17263],[134.210297,34.172607],[134.210431,34.172588],[134.210557,34.172567],[134.210672,34.172538],[134.21079,34.172498],[134.210927,34.172446],[134.211099,34.172378],[134.211304,34.172295],[134.211517,34.172204],[134.211716,34.17211],[134.211883,34.172016],[134.212026,34.171922],[134.212161,34.171825],[134.212301,34.171722],[134.212448,34.171615],[134.212586,34.171517],[134.212704,34.171438],[134.212791,34.171382],[134.212854,34.171341],[134.212908,34.171301],[134.212936,34.171276],[134.212995,34.171212],[134.213059,34.171136],[134.213281,34.170856],[134.213354,34.170764],[134.213394,34.170697],[134.213427,34.170646],[134.213455,34.170599],[134.213483,34.170544],[134.213511,34.170482],[134.21354,34.170411],[134.213567,34.170338],[134.213598,34.170273],[134.213631,34.170225],[134.213669,34.170184],[134.21371,34.17014],[134.213755,34.170089],[134.213809,34.170032],[134.213868,34.169973],[134.213933,34.169915],[134.213982,34.169873],[134.214017,34.16984],[134.214061,34.169802],[134.214121,34.169747],[134.214191,34.169685],[134.214256,34.169626],[134.214315,34.169573],[134.214369,34.169525],[134.214424,34.169476],[134.214483,34.169429],[134.214542,34.169383],[134.214604,34.169337],[134.214674,34.16929],[134.214751,34.169239],[134.214828,34.169189],[134.214889,34.169144],[134.21494,34.169103],[134.214996,34.169056],[134.215064,34.168999],[134.215068,34.168996],[134.215145,34.168936],[134.215208,34.168891],[134.215252,34.168865],[134.215273,34.168856],[134.215319,34.168845],[134.215377,34.168836],[134.215445,34.168825],[134.21552,34.168808],[134.215597,34.168789],[134.215664,34.168769],[134.215721,34.168749],[134.215772,34.168726],[134.215818,34.168696],[134.215864,34.16866],[134.215914,34.168618],[134.215966,34.168572],[134.216017,34.168523],[134.216067,34.168471],[134.216115,34.168421],[134.216165,34.168372],[134.216214,34.168325],[134.216261,34.168281],[134.216304,34.168237],[134.216347,34.168194],[134.216397,34.168147],[134.216451,34.168097],[134.216499,34.16805],[134.216536,34.168007],[134.216573,34.167967],[134.216625,34.167926],[134.216691,34.16788],[134.216761,34.167835],[134.216822,34.167792],[134.216877,34.167749],[134.216932,34.167706],[134.216986,34.16766],[134.217039,34.167613],[134.217088,34.167562],[134.217136,34.167511],[134.217181,34.167463],[134.217224,34.167415],[134.217265,34.167368],[134.217303,34.16732],[134.21734,34.16727],[134.217377,34.167212],[134.217411,34.167149],[134.217441,34.167087],[134.217462,34.167029],[134.217479,34.166975],[134.217493,34.166917],[134.217503,34.166857],[134.217514,34.166797],[134.217522,34.166739],[134.217537,34.166688],[134.217549,34.166664],[134.217565,34.166642],[134.217585,34.166621],[134.21763,34.166585],[134.217675,34.166554],[134.217719,34.166527],[134.217767,34.166504],[134.217822,34.166481],[134.217883,34.166463],[134.217944,34.166454],[134.218,34.166452],[134.218052,34.166451],[134.218096,34.166445],[134.218135,34.166433],[134.218155,34.166425],[134.21819,34.166401],[134.218225,34.166373],[134.21826,34.166341],[134.218298,34.166307],[134.218337,34.166268],[134.218375,34.166223],[134.218416,34.166179],[134.218456,34.166143],[134.218495,34.166114],[134.218533,34.166094],[134.218569,34.166077],[134.218609,34.166059],[134.218656,34.166035],[134.218711,34.166007],[134.218768,34.16598],[134.218822,34.16596],[134.218874,34.165946],[134.218924,34.165935],[134.218973,34.165926],[134.219021,34.165918],[134.219071,34.165909],[134.219119,34.165901],[134.219161,34.165891],[134.219199,34.165878],[134.219237,34.165861],[134.219276,34.165837],[134.219319,34.165808],[134.219361,34.165775],[134.219405,34.16574],[134.21945,34.165702],[134.219497,34.165663],[134.219543,34.165626],[134.219585,34.165593],[134.219624,34.165563],[134.219662,34.165533],[134.219704,34.165496],[134.219756,34.165453],[134.219821,34.165401],[134.219893,34.165345],[134.219959,34.165295],[134.220007,34.165258],[134.220046,34.165226],[134.220089,34.165186],[134.220136,34.165135],[134.220177,34.165082],[134.220203,34.165029],[134.220221,34.164981],[134.22024,34.164936],[134.220263,34.164893],[134.220291,34.164846],[134.22032,34.164792],[134.220348,34.164738],[134.220371,34.16469],[134.22039,34.16465],[134.22041,34.164616],[134.220432,34.164582],[134.220486,34.164514],[134.220517,34.16446],[134.220567,34.164349],[134.22063,34.164204],[134.220688,34.16406],[134.220741,34.163924],[134.220791,34.163812],[134.220836,34.163734],[134.220884,34.163658],[134.220969,34.163694],[134.221049,34.163729],[134.22113,34.163767],[134.22123,34.163812],[134.221325,34.163859],[134.221357,34.163874],[134.221369,34.16388],[134.221388,34.163891],[134.221401,34.163898],[134.221526,34.163974],[134.221612,34.164037],[134.221659,34.164081],[134.221696,34.164113],[134.221722,34.164128],[134.221756,34.164141],[134.221848,34.164168],[134.221957,34.164195],[134.222068,34.16422],[134.222179,34.164251],[134.222288,34.16429],[134.222395,34.164334],[134.222451,34.164354],[134.222511,34.164371],[134.222572,34.164382],[134.222638,34.164389],[134.222705,34.164393],[134.222844,34.164394],[134.222982,34.164391],[134.22305,34.16439],[134.223116,34.164391],[134.223178,34.164396],[134.223235,34.164404],[134.223341,34.164428],[134.223387,34.164443],[134.223477,34.164502],[134.223577,34.164576],[134.223621,34.164612],[134.22369,34.16468],[134.22372,34.164708],[134.223752,34.164731],[134.223787,34.164746],[134.223826,34.164751],[134.223871,34.164749],[134.223917,34.164742],[134.224016,34.164721],[134.22411,34.164702],[134.224155,34.164694],[134.224247,34.164686],[134.224337,34.164686],[134.224422,34.164689],[134.224498,34.16469],[134.224565,34.16469],[134.224632,34.164694],[134.224705,34.164707],[134.224789,34.164726],[134.224882,34.164747],[134.224982,34.164767],[134.225079,34.164789],[134.225162,34.164814],[134.22524,34.164843],[134.225324,34.164872],[134.225413,34.1649],[134.225498,34.164926],[134.22557,34.164946],[134.225635,34.16496],[134.225669,34.164964],[134.225742,34.164961],[134.225828,34.164951],[134.225928,34.164936],[134.226037,34.16492],[134.22614,34.164904],[134.226223,34.164888],[134.226294,34.164872],[134.226361,34.164854],[134.226424,34.164832],[134.226479,34.164812],[134.226522,34.164794],[134.226563,34.164775],[134.226616,34.164752],[134.226646,34.164742],[134.226678,34.164736],[134.226709,34.164737],[134.226737,34.164751],[134.22676,34.164776],[134.22678,34.164811],[134.226815,34.164895],[134.226834,34.164936],[134.226855,34.16497],[134.226878,34.165],[134.226926,34.165047],[134.226972,34.165089],[134.227014,34.165131],[134.227056,34.165174],[134.227101,34.165217],[134.227127,34.165235],[134.227158,34.165251],[134.227194,34.165264],[134.227234,34.16527],[134.227277,34.165273],[134.227371,34.165272],[134.227457,34.165268],[134.227536,34.165269],[134.227578,34.165273],[134.227668,34.165292],[134.227767,34.165323],[134.227864,34.16536],[134.227948,34.165397],[134.227987,34.165414],[134.228072,34.165441],[134.228118,34.165448],[134.228216,34.165457],[134.228308,34.16546],[134.228381,34.165461],[134.228445,34.165462],[134.228514,34.165459],[134.22859,34.165449],[134.228628,34.165441],[134.228664,34.16543],[134.228723,34.1654],[134.228769,34.165366],[134.228803,34.165338],[134.228829,34.165316],[134.228858,34.165294],[134.228894,34.165266],[134.228915,34.165253],[134.228937,34.165243],[134.228962,34.165237],[134.228987,34.165235],[134.229049,34.165246],[134.229146,34.165272],[134.229504,34.165362],[134.229545,34.165371],[134.229581,34.165379],[134.229625,34.165396],[134.229735,34.165443],[134.229794,34.165464],[134.229855,34.165481],[134.229919,34.165496],[134.230047,34.165515],[134.230165,34.165526],[134.230266,34.16553],[134.230313,34.16553],[134.230361,34.165524],[134.230414,34.165506],[134.230472,34.165472],[134.23058,34.165392],[134.230642,34.165342],[134.230701,34.1653],[134.230779,34.16524],[134.23086,34.165164],[134.230904,34.165129],[134.230951,34.165097],[134.23105,34.165041],[134.231135,34.164988],[134.231204,34.164946],[134.231234,34.164935],[134.231262,34.164933],[134.231289,34.16494],[134.231352,34.164974],[134.23142,34.16501],[134.231483,34.165035],[134.231513,34.165043],[134.231543,34.165048],[134.231614,34.165047],[134.231653,34.165042],[134.231729,34.165024],[134.231769,34.16501],[134.231845,34.164974],[134.231902,34.164954],[134.231974,34.164947],[134.232064,34.164944],[134.232113,34.16494],[134.232199,34.164928],[134.2323,34.164911],[134.232408,34.164888],[134.232449,34.164875],[134.232516,34.164844],[134.232581,34.164802],[134.232644,34.164758],[134.23267,34.164733],[134.232693,34.164704],[134.232708,34.164666],[134.232719,34.164624],[134.232734,34.164537],[134.232767,34.164388],[134.232811,34.164322],[134.232868,34.164243],[134.232892,34.164206],[134.232922,34.164141],[134.232944,34.164084],[134.232963,34.164026],[134.232982,34.163962],[134.232996,34.163888],[134.233004,34.163802],[134.233009,34.163758],[134.233019,34.163715],[134.233033,34.163676],[134.233054,34.163638],[134.233082,34.163606],[134.233114,34.163575],[134.233189,34.163516],[134.233268,34.163453],[134.233304,34.163422],[134.233338,34.163388],[134.233365,34.163355],[134.233383,34.163321],[134.233397,34.163287],[134.233413,34.163216],[134.233431,34.163143],[134.233454,34.163068],[134.23348,34.162996],[134.2335,34.162924],[134.233513,34.16285],[134.233517,34.162812],[134.233516,34.162726],[134.233511,34.162643],[134.233509,34.162577],[134.233509,34.162527],[134.233514,34.162477],[134.233525,34.162414],[134.233534,34.162379],[134.233548,34.162342],[134.233567,34.162306],[134.233592,34.162269],[134.233621,34.162233],[134.233683,34.162171],[134.233737,34.162125],[134.233758,34.162108],[134.2338,34.162082],[134.233849,34.16206],[134.233905,34.162034],[134.233932,34.162018],[134.233957,34.161998],[134.233977,34.161972],[134.233994,34.161944],[134.234021,34.161884],[134.234044,34.161825],[134.234071,34.161767],[134.234088,34.161736],[134.234136,34.161665],[134.234194,34.161585],[134.234259,34.161503],[134.237298,34.162283],[134.247518,34.162988],[134.251809,34.163405],[134.251787,34.163773],[134.251733,34.163985],[134.251611,34.164196],[134.251375,34.164341],[134.251291,34.164406],[134.251251,34.1645],[134.251308,34.164583],[134.251488,34.164666],[134.252091,34.164859],[134.25295,34.165094],[134.253354,34.165254],[134.253432,34.165305],[134.253489,34.165398],[134.253529,34.165546],[134.253575,34.165968],[134.253715,34.166973],[134.253784,34.168167],[134.253725,34.168737],[134.253672,34.169187],[134.253612,34.169376],[134.253433,34.169561],[134.253177,34.169691],[134.252742,34.169784],[134.252616,34.170897],[134.252543,34.171253],[134.25259,34.171423],[134.252729,34.171636],[134.253311,34.172021],[134.253518,34.172234],[134.253596,34.172391],[134.253644,34.17275],[134.253725,34.172807],[134.253945,34.172827],[134.254596,34.172615],[134.25522,34.172389],[134.255654,34.172262],[134.255821,34.172267],[134.255985,34.172326],[134.256062,34.172445],[134.256043,34.172631],[134.255978,34.172954],[134.255863,34.17326],[134.255684,34.173921],[134.255543,34.174259],[134.255434,34.174357],[134.255324,34.174399],[134.255172,34.174419],[134.254508,34.174439],[134.254448,34.17448],[134.254389,34.174553],[134.254334,34.174705],[134.254306,34.174976],[134.254353,34.175594],[134.254268,34.175831],[134.253785,34.176642],[134.253748,34.176743],[134.253757,34.176897],[134.254049,34.177713],[134.254303,34.178266],[134.254572,34.178817],[134.254803,34.179165],[134.25479,34.17967],[134.254808,34.179963],[134.25482,34.180077]]]},"properties":{"S_NAME":"市場町大影","HCODE":8101}},{"type":"Feature","geometry":{"type":"Polygon","coordinates":[[[134.297862,34.168606],[134.297718,34.16868],[134.297588,34.168764],[134.297505,34.168868],[134.297235,34.169102],[134.29691,34.169252],[134.296803,34.169336],[134.296754,34.169445],[134.296738,34.169563],[134.296746,34.169691],[134.296795,34.169967],[134.296799,34.169985],[134.296811,34.17004],[134.296819,34.170094],[134.296821,34.170149],[134.296814,34.170207],[134.296796,34.170266],[134.296782,34.170298],[134.296743,34.17036],[134.296697,34.170423],[134.29665,34.170484],[134.29661,34.170542],[134.29658,34.170595],[134.296558,34.170643],[134.296541,34.170686],[134.296526,34.170723],[134.296516,34.17076],[134.296513,34.170801],[134.296521,34.170851],[134.296537,34.170912],[134.296556,34.170979],[134.29657,34.17105],[134.296575,34.171121],[134.296575,34.171192],[134.296573,34.171262],[134.296572,34.171331],[134.296571,34.171397],[134.296566,34.171461],[134.296559,34.171492],[134.296549,34.171523],[134.296515,34.171579],[134.296472,34.171632],[134.296428,34.171682],[134.296392,34.171729],[134.296376,34.171763],[134.296358,34.171816],[134.296331,34.171863],[134.296294,34.171915],[134.296247,34.171965],[134.296243,34.171986],[134.296245,34.172033],[134.296257,34.172085],[134.296275,34.17214],[134.29629,34.172194],[134.296301,34.172247],[134.296304,34.172299],[134.296298,34.172351],[134.296282,34.172402],[134.296259,34.172452],[134.296234,34.1725],[134.29621,34.172544],[134.296187,34.172586],[134.296159,34.172631],[134.296121,34.172685],[134.296068,34.172749],[134.296008,34.172821],[134.295952,34.17289],[134.295909,34.17295],[134.295884,34.172999],[134.29588,34.173008],[134.295858,34.173072],[134.295828,34.173126],[134.295793,34.173174],[134.295753,34.17322],[134.295711,34.173268],[134.295664,34.17332],[134.295615,34.173376],[134.295559,34.173433],[134.295496,34.173488],[134.295459,34.173512],[134.29538,34.17356],[134.295293,34.173608],[134.295201,34.173662],[134.295105,34.173724],[134.295009,34.173792],[134.294917,34.173861],[134.294831,34.173926],[134.294752,34.173986],[134.294708,34.174023],[134.294687,34.174044],[134.294662,34.174074],[134.294611,34.174134],[134.294574,34.174181],[134.294561,34.174203],[134.294549,34.174232],[134.294546,34.174245],[134.294548,34.174256],[134.294584,34.174264],[134.294642,34.174278],[134.294664,34.174286],[134.294696,34.174297],[134.294734,34.174313],[134.294768,34.17433],[134.29483,34.174372],[134.294883,34.174413],[134.294921,34.174453],[134.294934,34.174474],[134.294943,34.174495],[134.294947,34.174515],[134.294945,34.174538],[134.294936,34.17456],[134.294908,34.174608],[134.294887,34.174632],[134.294841,34.174683],[134.29479,34.174736],[134.294742,34.174792],[134.294693,34.174848],[134.294669,34.174875],[134.294603,34.174949],[134.29453,34.175028],[134.294464,34.175097],[134.294405,34.175162],[134.294354,34.175222],[134.294317,34.175277],[134.29429,34.175336],[134.294258,34.175409],[134.294221,34.175471],[134.294173,34.175543],[134.29411,34.175624],[134.293962,34.175816],[134.293898,34.17591],[134.293855,34.175989],[134.293835,34.176052],[134.293836,34.176096],[134.293848,34.176132],[134.293869,34.176165],[134.293894,34.176198],[134.293915,34.176231],[134.293929,34.176264],[134.293941,34.176306],[134.293945,34.17634],[134.293947,34.176387],[134.293943,34.176437],[134.293929,34.176522],[134.293907,34.176606],[134.293893,34.176637],[134.293875,34.176664],[134.29385,34.176689],[134.293794,34.176736],[134.29374,34.176794],[134.293723,34.17682],[134.293707,34.176856],[134.293702,34.17688],[134.293702,34.17691],[134.293708,34.176944],[134.293722,34.176998],[134.293738,34.17707],[134.293743,34.177113],[134.293747,34.177186],[134.29375,34.177269],[134.293748,34.177362],[134.293742,34.177409],[134.293728,34.177487],[134.293715,34.17753],[134.293711,34.177539],[134.293703,34.177566],[134.293682,34.177608],[134.293637,34.177688],[134.293592,34.177751],[134.293536,34.177811],[134.293464,34.177872],[134.293371,34.177941],[134.293263,34.178015],[134.293149,34.178091],[134.293047,34.178158],[134.292967,34.178217],[134.292903,34.178274],[134.292858,34.178324],[134.292819,34.17838],[134.29278,34.178439],[134.29274,34.178503],[134.292705,34.17856],[134.292653,34.178638],[134.292605,34.178702],[134.292539,34.178768],[134.292485,34.178812],[134.2924,34.178875],[134.292333,34.178918],[134.292241,34.178973],[134.29217,34.179008],[134.292081,34.179045],[134.292019,34.17907],[134.291942,34.179095],[134.291855,34.179112],[134.291769,34.179114],[134.291687,34.179109],[134.291603,34.179103],[134.29152,34.179099],[134.291438,34.179097],[134.291355,34.179094],[134.291265,34.17909],[134.291161,34.179084],[134.291043,34.179073],[134.290924,34.179062],[134.290811,34.179047],[134.290708,34.179034],[134.290617,34.179026],[134.290543,34.179025],[134.290505,34.179028],[134.290441,34.179041],[134.29037,34.179064],[134.29031,34.179087],[134.290227,34.179115],[134.290176,34.179128],[134.290097,34.179137],[134.290003,34.179132],[134.289948,34.179125],[134.289854,34.17911],[134.289767,34.179094],[134.289684,34.17908],[134.289612,34.179066],[134.289506,34.179039],[134.289434,34.179018],[134.289342,34.178985],[134.289248,34.178957],[134.289211,34.17895],[134.289119,34.178943],[134.289022,34.178939],[134.288978,34.178933],[134.288871,34.178903],[134.288783,34.178872],[134.288748,34.178862],[134.28872,34.178858],[134.288691,34.178857],[134.288673,34.17886],[134.288646,34.178868],[134.28859,34.178896],[134.288531,34.178931],[134.288444,34.178977],[134.288408,34.17899],[134.28832,34.179017],[134.288229,34.179058],[134.288138,34.179074],[134.288041,34.179105],[134.287998,34.179115],[134.287933,34.179126],[134.287828,34.179146],[134.287777,34.179162],[134.287735,34.179184],[134.287701,34.179209],[134.287667,34.179248],[134.287637,34.17929],[134.287587,34.179372],[134.287548,34.179426],[134.287509,34.179478],[134.287476,34.179529],[134.287464,34.179554],[134.287443,34.179612],[134.287425,34.179674],[134.287411,34.179731],[134.287397,34.179792],[134.287374,34.179848],[134.287357,34.179876],[134.287332,34.179901],[134.287301,34.179923],[134.287268,34.179934],[134.287221,34.179942],[134.287146,34.179943],[134.28708,34.179939],[134.287021,34.179937],[134.286961,34.179937],[134.286883,34.17994],[134.286794,34.179944],[134.286709,34.179949],[134.28662,34.17995],[134.286581,34.179947],[134.286577,34.179947],[134.28653,34.179943],[134.286476,34.179931],[134.286368,34.1799],[134.286327,34.179884],[134.286273,34.179861],[134.286194,34.179815],[134.286141,34.17978],[134.28608,34.179751],[134.286048,34.179739],[134.28598,34.179722],[134.285911,34.17971],[134.285841,34.179704],[134.285778,34.179699],[134.285717,34.179695],[134.285659,34.179695],[134.285575,34.179705],[134.285478,34.179716],[134.285423,34.179714],[134.285368,34.1797],[134.285321,34.179674],[134.285282,34.179639],[134.28526,34.179611],[134.285231,34.17957],[134.285195,34.179519],[134.28516,34.17948],[134.285122,34.179443],[134.285069,34.179392],[134.285011,34.179348],[134.284984,34.179337],[134.284956,34.179331],[134.284927,34.17933],[134.284865,34.17934],[134.284811,34.179354],[134.284745,34.179366],[134.284687,34.179383],[134.284622,34.179404],[134.284547,34.179424],[134.284504,34.179426],[134.284463,34.179417],[134.284431,34.179404],[134.284402,34.179386],[134.284372,34.179362],[134.284341,34.17933],[134.284309,34.179293],[134.284268,34.179256],[134.284197,34.179199],[134.284112,34.179134],[134.284019,34.179061],[134.283943,34.178996],[134.283851,34.17891],[134.283777,34.178835],[134.283709,34.178768],[134.283654,34.178722],[134.283624,34.178704],[134.283605,34.178694],[134.283583,34.178689],[134.283557,34.178686],[134.283529,34.178687],[134.283503,34.178692],[134.283429,34.178709],[134.283347,34.178724],[134.283274,34.178732],[134.283205,34.178733],[134.283147,34.178724],[134.283105,34.178709],[134.28306,34.178688],[134.283018,34.178673],[134.282996,34.17867],[134.28297,34.178671],[134.282928,34.178677],[134.282892,34.178687],[134.282855,34.1787],[134.282818,34.178717],[134.282796,34.178732],[134.282748,34.178771],[134.282724,34.178787],[134.282688,34.178798],[134.282646,34.178796],[134.282598,34.178779],[134.282541,34.178753],[134.282517,34.17874],[134.282413,34.178675],[134.282363,34.178635],[134.282328,34.178601],[134.28228,34.178562],[134.282209,34.178513],[134.282139,34.17847],[134.28209,34.178447],[134.282071,34.178441],[134.282024,34.178426],[134.281957,34.178402],[134.281895,34.178373],[134.281865,34.178348],[134.281848,34.178325],[134.281839,34.178299],[134.281837,34.178274],[134.28184,34.178225],[134.281838,34.178201],[134.281829,34.178141],[134.281821,34.178115],[134.281811,34.178092],[134.281798,34.178071],[134.281762,34.178031],[134.281724,34.177996],[134.281677,34.177945],[134.281634,34.177892],[134.281601,34.177831],[134.281579,34.17777],[134.281554,34.177676],[134.281541,34.177614],[134.28154,34.177608],[134.281538,34.177597],[134.281521,34.177501],[134.281505,34.177406],[134.281489,34.177313],[134.281481,34.177267],[134.281466,34.177272],[134.281373,34.1773],[134.281285,34.17733],[134.281188,34.177363],[134.28114,34.177373],[134.281084,34.177374],[134.281039,34.177363],[134.280991,34.177346],[134.280872,34.177279],[134.280837,34.177262],[134.280801,34.17725],[134.280768,34.177242],[134.28073,34.177236],[134.280688,34.177231],[134.280601,34.177227],[134.280511,34.177232],[134.280434,34.177245],[134.280351,34.17727],[134.280272,34.177295],[134.280188,34.177318],[134.280102,34.177347],[134.280026,34.177383],[134.279943,34.177426],[134.279898,34.177443],[134.279847,34.177451],[134.279794,34.177444],[134.279753,34.177428],[134.27971,34.177404],[134.279644,34.177355],[134.279441,34.177174],[134.279427,34.177166],[134.279395,34.177157],[134.279359,34.177152],[134.279298,34.177148],[134.279235,34.177148],[134.2791,34.17715],[134.278981,34.177149],[134.278875,34.177147],[134.278769,34.177151],[134.278659,34.177154],[134.278601,34.177153],[134.278556,34.177148],[134.278496,34.177133],[134.278458,34.177116],[134.278419,34.177092],[134.278111,34.176921],[134.277992,34.176849],[134.277885,34.176779],[134.277785,34.17671],[134.27769,34.176643],[134.277607,34.176579],[134.277536,34.17652],[134.277471,34.176465],[134.2774,34.176411],[134.277322,34.176364],[134.277281,34.176346],[134.277244,34.176336],[134.277207,34.176331],[134.277172,34.176334],[134.277135,34.176345],[134.277095,34.176363],[134.276997,34.176419],[134.276878,34.176494],[134.276755,34.176576],[134.276639,34.176652],[134.276529,34.17673],[134.276418,34.17682],[134.276309,34.176918],[134.276212,34.177014],[134.276134,34.177095],[134.276071,34.177163],[134.276019,34.177222],[134.27597,34.177279],[134.275912,34.177343],[134.275834,34.17742],[134.275743,34.177507],[134.275644,34.177597],[134.275589,34.177646],[134.275545,34.177685],[134.275452,34.177771],[134.27537,34.177852],[134.275293,34.177932],[134.275219,34.178013],[134.275141,34.178095],[134.275055,34.17818],[134.274957,34.178267],[134.27486,34.178348],[134.274777,34.17842],[134.274706,34.178477],[134.274632,34.178523],[134.274588,34.178541],[134.274498,34.178579],[134.274452,34.178603],[134.274412,34.178632],[134.274376,34.178667],[134.274345,34.178708],[134.274318,34.178749],[134.27427,34.178828],[134.274225,34.178884],[134.274191,34.178932],[134.274179,34.178959],[134.274172,34.178988],[134.274169,34.179023],[134.274171,34.179095],[134.274181,34.179166],[134.274185,34.179231],[134.27418,34.179263],[134.274167,34.179296],[134.274144,34.179328],[134.274116,34.179361],[134.274051,34.179423],[134.273994,34.179473],[134.27394,34.179512],[134.273869,34.179564],[134.273764,34.179637],[134.273676,34.179698],[134.273568,34.179766],[134.273469,34.179823],[134.273366,34.179869],[134.27325,34.179902],[134.273129,34.17993],[134.273011,34.179958],[134.272903,34.179983],[134.272853,34.179989],[134.272808,34.17999],[134.272767,34.179981],[134.272729,34.179966],[134.272693,34.179944],[134.272658,34.179917],[134.272586,34.179855],[134.27251,34.179786],[134.272433,34.179727],[134.272394,34.179704],[134.272353,34.179684],[134.272312,34.179669],[134.272267,34.179657],[134.272136,34.179631],[134.272057,34.179622],[134.271995,34.17962],[134.271947,34.179624],[134.271899,34.179633],[134.271842,34.179651],[134.271761,34.179685],[134.271665,34.179729],[134.271554,34.17978],[134.271433,34.179835],[134.27131,34.179891],[134.271196,34.179943],[134.271094,34.179985],[134.271002,34.180017],[134.270958,34.180028],[134.270865,34.18004],[134.270775,34.180043],[134.270694,34.180044],[134.270611,34.180046],[134.270508,34.180047],[134.270368,34.180048],[134.27031,34.180049],[134.270215,34.18005],[134.270081,34.180052],[134.269971,34.180054],[134.269868,34.18006],[134.269754,34.180069],[134.26964,34.180083],[134.269538,34.180104],[134.269491,34.180118],[134.269449,34.180135],[134.269408,34.180157],[134.269369,34.180184],[134.26933,34.180217],[134.269256,34.180294],[134.269189,34.180374],[134.269126,34.180443],[134.269069,34.180509],[134.269043,34.180544],[134.268985,34.180619],[134.268924,34.180696],[134.26889,34.18073],[134.268817,34.180788],[134.26875,34.180845],[134.268725,34.180877],[134.268704,34.180912],[134.268678,34.180995],[134.268653,34.181081],[134.268634,34.181123],[134.268588,34.181203],[134.268538,34.181275],[134.268492,34.181337],[134.268442,34.181401],[134.268373,34.181476],[134.268286,34.181561],[134.268193,34.181642],[134.268148,34.181678],[134.268062,34.181739],[134.267975,34.181794],[134.267927,34.18182],[134.267833,34.181871],[134.267744,34.181924],[134.267665,34.181976],[134.267596,34.182018],[134.267564,34.182033],[134.26753,34.182041],[134.267495,34.182045],[134.267423,34.182049],[134.267384,34.182055],[134.26734,34.182064],[134.267294,34.182077],[134.267199,34.182112],[134.267164,34.182127],[134.267104,34.182151],[134.267018,34.18218],[134.266599,34.182483],[134.266367,34.182837],[134.266077,34.183092],[134.265787,34.183166],[134.265601,34.183113],[134.265397,34.182856],[134.265272,34.182844],[134.265109,34.182902],[134.264769,34.18309],[134.2645,34.183196],[134.264375,34.183187],[134.264057,34.182896],[134.263792,34.182828],[134.263245,34.18281],[134.262722,34.182939],[134.262081,34.182946],[134.261873,34.183093],[134.261551,34.183218],[134.261361,34.18338],[134.261138,34.183463],[134.260723,34.183409],[134.260166,34.183516],[134.25993,34.183499],[134.259861,34.183446],[134.259731,34.183297],[134.25964,34.183113],[134.25946,34.182918],[134.25847,34.182593],[134.257877,34.182341],[134.257322,34.182048],[134.257078,34.181984],[134.256695,34.182002],[134.256561,34.181864],[134.256539,34.181695],[134.256627,34.181045],[134.256661,34.180942],[134.25658,34.180848],[134.255991,34.180845],[134.255673,34.180507],[134.255204,34.180339],[134.25482,34.180077],[134.254808,34.179963],[134.25479,34.17967],[134.254803,34.179165],[134.254572,34.178817],[134.254303,34.178266],[134.254049,34.177713],[134.253757,34.176897],[134.253748,34.176743],[134.253785,34.176642],[134.254268,34.175831],[134.254353,34.175594],[134.254306,34.174976],[134.254334,34.174705],[134.254389,34.174553],[134.254448,34.17448],[134.254508,34.174439],[134.255172,34.174419],[134.255324,34.174399],[134.255434,34.174357],[134.255543,34.174259],[134.255684,34.173921],[134.255863,34.17326],[134.255978,34.172954],[134.256043,34.172631],[134.256062,34.172445],[134.255985,34.172326],[134.255821,34.172267],[134.255654,34.172262],[134.25522,34.172389],[134.254596,34.172615],[134.253945,34.172827],[134.253725,34.172807],[134.253644,34.17275],[134.253596,34.172391],[134.253518,34.172234],[134.253311,34.172021],[134.252729,34.171636],[134.25259,34.171423],[134.252543,34.171253],[134.252616,34.170897],[134.252742,34.169784],[134.253177,34.169691],[134.253433,34.169561],[134.253612,34.169376],[134.253672,34.169187],[134.253725,34.168737],[134.253784,34.168167],[134.253715,34.166973],[134.253575,34.165968],[134.253529,34.165546],[134.253489,34.165398],[134.253432,34.165305],[134.253354,34.165254],[134.25295,34.165094],[134.252091,34.164859],[134.251488,34.164666],[134.251308,34.164583],[134.251251,34.1645],[134.251291,34.164406],[134.251375,34.164341],[134.251611,34.164196],[134.251733,34.163985],[134.251787,34.163773],[134.251809,34.163405],[134.252031,34.162737],[134.252519,34.162159],[134.252646,34.161864],[134.252563,34.161681],[134.252017,34.161226],[134.251838,34.160781],[134.251949,34.160156],[134.252311,34.159438],[134.252559,34.15872],[134.252861,34.157911],[134.253457,34.157082],[134.253843,34.156651],[134.254297,34.156373],[134.254804,34.156217],[134.255385,34.15614],[134.255965,34.15602],[134.256416,34.155803],[134.256474,34.155638],[134.256406,34.155449],[134.25619,34.155267],[134.255991,34.155112],[134.255496,34.154735],[134.254905,34.154116],[134.254577,34.153607],[134.25433,34.153155],[134.254261,34.152868],[134.254284,34.152532],[134.254345,34.152329],[134.254523,34.152082],[134.254816,34.151762],[134.255769,34.151012],[134.256147,34.150434],[134.256512,34.14992],[134.257318,34.149164],[134.257894,34.148653],[134.258394,34.148114],[134.258582,34.147718],[134.25588,34.147875],[134.255637,34.147856],[134.255462,34.1478],[134.255299,34.147708],[134.25521,34.147548],[134.255246,34.147371],[134.25535,34.147174],[134.255511,34.147054],[134.256337,34.146785],[134.256551,34.146628],[134.256963,34.146061],[134.257551,34.14494],[134.257718,34.144778],[134.257929,34.144668],[134.258134,34.144636],[134.258678,34.144581],[134.25972,34.144437],[134.26073,34.144145],[134.261319,34.143767],[134.261845,34.143554],[134.262185,34.143325],[134.262402,34.14309],[134.262648,34.142609],[134.262694,34.142459],[134.262867,34.141609],[134.263006,34.141163],[134.263258,34.140737],[134.263886,34.140163],[134.264451,34.139792],[134.264662,34.13961],[134.264802,34.13935],[134.264728,34.138739],[134.264727,34.138558],[134.264806,34.138361],[134.265241,34.137939],[134.265457,34.137715],[134.265777,34.13719],[134.265818,34.136988],[134.265791,34.136714],[134.26559,34.13656],[134.265121,34.136335],[134.264606,34.136224],[134.264206,34.136087],[134.263962,34.135959],[134.263438,34.135838],[134.262963,34.135696],[134.262764,34.135666],[134.262248,34.135809],[134.261986,34.135811],[134.261774,34.135745],[134.261417,34.135509],[134.261234,34.135298],[134.260931,34.13489],[134.260866,34.134482],[134.260891,34.134238],[134.261014,34.134051],[134.261225,34.133874],[134.261628,34.133732],[134.262157,34.13363],[134.262511,34.133581],[134.262872,34.133512],[134.263046,34.133448],[134.263194,34.133292],[134.263249,34.133157],[134.263256,34.132924],[134.263314,34.132484],[134.263406,34.132286],[134.263641,34.132047],[134.264297,34.131597],[134.264587,34.131316],[134.264976,34.130958],[134.265317,34.130773],[134.265684,34.130662],[134.266273,34.130465],[134.267031,34.130416],[134.267093,34.130516],[134.267004,34.130965],[134.266881,34.131229],[134.266912,34.13147],[134.267103,34.13164],[134.26735,34.131672],[134.267602,34.131665],[134.267852,34.131606],[134.268123,34.1314],[134.268356,34.130992],[134.268718,34.130581],[134.268897,34.130466],[134.269075,34.130434],[134.269208,34.13043],[134.269356,34.130515],[134.269514,34.130794],[134.269596,34.130969],[134.269779,34.131147],[134.270101,34.131305],[134.27065,34.131535],[134.270843,34.131606],[134.271077,34.131594],[134.271228,34.131534],[134.271337,34.131437],[134.271454,34.131268],[134.271545,34.131047],[134.271403,34.130487],[134.271346,34.130383],[134.271124,34.130207],[134.270639,34.129915],[134.270339,34.129258],[134.270243,34.128475],[134.270094,34.128218],[134.26991,34.127886],[134.269719,34.127654],[134.269276,34.127134],[134.268974,34.126865],[134.268654,34.126683],[134.268097,34.126477],[134.267359,34.125936],[134.266709,34.125374],[134.266187,34.12496],[134.26587,34.124678],[134.265504,34.124289],[134.265325,34.123817],[134.265207,34.123374],[134.265236,34.123206],[134.265408,34.122852],[134.265646,34.122406],[134.26648,34.121522],[134.267231,34.121165],[134.267838,34.121127],[134.268503,34.121244],[134.269015,34.12163],[134.269388,34.121775],[134.269564,34.121744],[134.269651,34.121669],[134.269703,34.121605],[134.269906,34.121355],[134.270305,34.120557],[134.270395,34.11999],[134.270005,34.119187],[134.269415,34.118311],[134.2687,34.11741],[134.268716,34.117184],[134.268674,34.116926],[134.268463,34.116432],[134.268408,34.116167],[134.26842,34.116001],[134.268507,34.115796],[134.268618,34.115673],[134.268729,34.115608],[134.26884,34.115579],[134.269066,34.11562],[134.26923,34.115594],[134.269506,34.115495],[134.270333,34.114964],[134.27104,34.114506],[134.271559,34.114111],[134.271775,34.113895],[134.272302,34.11342],[134.272353,34.113374],[134.272962,34.112829],[134.273526,34.112415],[134.274327,34.111988],[134.274875,34.111502],[134.275104,34.111269],[134.276044,34.110032],[134.276424,34.109503],[134.277356,34.108128],[134.277421,34.107113],[134.277942,34.107851],[134.278706,34.108983],[134.27933,34.110051],[134.279511,34.110942],[134.279565,34.112515],[134.279608,34.113583],[134.279888,34.113973],[134.280478,34.114483],[134.288176,34.117926],[134.290269,34.119154],[134.29272,34.121105],[134.294688,34.123252],[134.29658,34.126528],[134.296618,34.126637],[134.298461,34.132254],[134.29845,34.132261],[134.298413,34.132461],[134.298475,34.132795],[134.298275,34.133586],[134.298425,34.133628],[134.298687,34.133653],[134.299125,34.133745],[134.29945,34.134011],[134.299625,34.134303],[134.299887,34.134595],[134.3003,34.134711],[134.300537,34.135094],[134.300662,34.135453],[134.300862,34.135636],[134.301537,34.135786],[134.301662,34.135853],[134.30195,34.136236],[134.302187,34.136644],[134.302399,34.137186],[134.302612,34.138086],[134.302787,34.138402],[134.303024,34.138486],[134.303899,34.138552],[134.304049,34.138602],[134.304399,34.139027],[134.304699,34.139544],[134.304999,34.140219],[134.305324,34.141169],[134.305849,34.14141],[134.306086,34.141619],[134.306174,34.141952],[134.306349,34.142085],[134.306524,34.14231],[134.307061,34.142585],[134.307261,34.142852],[134.307561,34.142918],[134.307799,34.143035],[134.308261,34.143527],[134.308736,34.143793],[134.309298,34.144426],[134.309298,34.144588],[134.309298,34.14461],[134.308973,34.144851],[134.308773,34.145168],[134.308623,34.145601],[134.308482,34.14588],[134.308361,34.146118],[134.308011,34.146568],[134.307773,34.146968],[134.307748,34.147284],[134.307986,34.147601],[134.308161,34.147693],[134.308448,34.147959],[134.308636,34.148526],[134.308511,34.148767],[134.308073,34.149042],[134.307598,34.149492],[134.307111,34.150034],[134.306611,34.150234],[134.305986,34.150417],[134.305611,34.150576],[134.305551,34.151045],[134.305344,34.151757],[134.305286,34.152284],[134.305261,34.15285],[134.305473,34.153367],[134.305411,34.153817],[134.305267,34.15415],[134.304411,34.15485],[134.303949,34.155433],[134.303643,34.155748],[134.303474,34.156041],[134.303274,34.156358],[134.303149,34.156783],[134.303011,34.1571],[134.302336,34.157508],[134.302074,34.157891],[134.302186,34.158158],[134.302211,34.158499],[134.302011,34.158724],[134.301686,34.158974],[134.301486,34.159307],[134.301336,34.159807],[134.301111,34.160907],[134.300849,34.161449],[134.300374,34.161765],[134.299436,34.162215],[134.298999,34.16264],[134.298911,34.163023],[134.299174,34.163407],[134.299499,34.163607],[134.299586,34.163807],[134.299587,34.163923],[134.299261,34.164282],[134.298387,34.16494],[134.298237,34.16514],[134.297949,34.165998],[134.297824,34.166081],[134.297537,34.166398],[134.297212,34.166673],[134.296649,34.166873],[134.296449,34.167123],[134.296624,34.167348],[134.296737,34.167364],[134.297212,34.167773],[134.297599,34.168156],[134.297862,34.168606]]]},"properties":{"S_NAME":"市場町日開谷","HCODE":8101}},{"type":"Feature","geometry":{"type":"Polygon","coordinates":[[[134.2687,34.11741],[134.269415,34.118311],[134.270005,34.119187],[134.270395,34.11999],[134.270305,34.120557],[134.269906,34.121355],[134.269703,34.121605],[134.269651,34.121669],[134.269564,34.121744],[134.269388,34.121775],[134.269015,34.12163],[134.268503,34.121244],[134.267838,34.121127],[134.267231,34.121165],[134.26648,34.121522],[134.265646,34.122406],[134.265408,34.122852],[134.265236,34.123206],[134.265207,34.123374],[134.265325,34.123817],[134.265504,34.124289],[134.26587,34.124678],[134.266187,34.12496],[134.266709,34.125374],[134.267359,34.125936],[134.268097,34.126477],[134.268654,34.126683],[134.268974,34.126865],[134.269276,34.127134],[134.269719,34.127654],[134.26991,34.127886],[134.270094,34.128218],[134.270243,34.128475],[134.270339,34.129258],[134.270639,34.129915],[134.271124,34.130207],[134.271346,34.130383],[134.271403,34.130487],[134.271545,34.131047],[134.271454,34.131268],[134.271337,34.131437],[134.271228,34.131534],[134.271077,34.131594],[134.270843,34.131606],[134.27065,34.131535],[134.270101,34.131305],[134.269779,34.131147],[134.269596,34.130969],[134.269514,34.130794],[134.269356,34.130515],[134.269208,34.13043],[134.269075,34.130434],[134.268897,34.130466],[134.268718,34.130581],[134.268356,34.130992],[134.268123,34.1314],[134.267852,34.131606],[134.267602,34.131665],[134.26735,34.131672],[134.267103,34.13164],[134.266912,34.13147],[134.266881,34.131229],[134.267004,34.130965],[134.267093,34.130516],[134.267031,34.130416],[134.266273,34.130465],[134.265684,34.130662],[134.265317,34.130773],[134.264976,34.130958],[134.264587,34.131316],[134.264297,34.131597],[134.263641,34.132047],[134.263406,34.132286],[134.263314,34.132484],[134.263256,34.132924],[134.263249,34.133157],[134.263194,34.133292],[134.263046,34.133448],[134.262872,34.133512],[134.262511,34.133581],[134.262157,34.13363],[134.261628,34.133732],[134.261225,34.133874],[134.261014,34.134051],[134.260891,34.134238],[134.260866,34.134482],[134.260931,34.13489],[134.261234,34.135298],[134.261417,34.135509],[134.261774,34.135745],[134.261986,34.135811],[134.262248,34.135809],[134.262764,34.135666],[134.262963,34.135696],[134.263438,34.135838],[134.263962,34.135959],[134.264206,34.136087],[134.264606,34.136224],[134.265121,34.136335],[134.26559,34.13656],[134.265791,34.136714],[134.265818,34.136988],[134.265777,34.13719],[134.265457,34.137715],[134.265241,34.137939],[134.264806,34.138361],[134.264727,34.138558],[134.264728,34.138739],[134.264802,34.13935],[134.264662,34.13961],[134.264451,34.139792],[134.263886,34.140163],[134.263258,34.140737],[134.263006,34.141163],[134.262867,34.141609],[134.262694,34.142459],[134.262648,34.142609],[134.262402,34.14309],[134.262185,34.143325],[134.261845,34.143554],[134.261319,34.143767],[134.26073,34.144145],[134.25972,34.144437],[134.258678,34.144581],[134.258134,34.144636],[134.257929,34.144668],[134.257718,34.144778],[134.257551,34.14494],[134.256963,34.146061],[134.256551,34.146628],[134.256337,34.146785],[134.255511,34.147054],[134.25535,34.147174],[134.255246,34.147371],[134.25521,34.147548],[134.255299,34.147708],[134.255462,34.1478],[134.255637,34.147856],[134.25588,34.147875],[134.258582,34.147718],[134.258394,34.148114],[134.257894,34.148653],[134.257318,34.149164],[134.256512,34.14992],[134.256147,34.150434],[134.255769,34.151012],[134.254816,34.151762],[134.254523,34.152082],[134.254345,34.152329],[134.254284,34.152532],[134.254261,34.152868],[134.25433,34.153155],[134.254577,34.153607],[134.254905,34.154116],[134.255496,34.154735],[134.255991,34.155112],[134.25619,34.155267],[134.256406,34.155449],[134.256474,34.155638],[134.256416,34.155803],[134.255965,34.15602],[134.255385,34.15614],[134.254804,34.156217],[134.254297,34.156373],[134.253843,34.156651],[134.253457,34.157082],[134.252861,34.157911],[134.252559,34.15872],[134.252311,34.159438],[134.251949,34.160156],[134.251838,34.160781],[134.252017,34.161226],[134.252563,34.161681],[134.252646,34.161864],[134.252519,34.162159],[134.252031,34.162737],[134.251809,34.163405],[134.247518,34.162988],[134.237298,34.162283],[134.234259,34.161503],[134.234277,34.161474],[134.234294,34.16144],[134.234305,34.161395],[134.234317,34.16133],[134.234323,34.161253],[134.234319,34.161166],[134.234318,34.161163],[134.23431,34.16108],[134.234302,34.161003],[134.234298,34.160936],[134.2343,34.160878],[134.234305,34.160821],[134.234308,34.160793],[134.234304,34.160735],[134.234295,34.160704],[134.234283,34.160673],[134.234249,34.160612],[134.234207,34.160557],[134.234164,34.160506],[134.234125,34.160442],[134.234106,34.160401],[134.23407,34.160299],[134.234034,34.160173],[134.233993,34.160025],[134.233952,34.159875],[134.233951,34.159873],[134.233914,34.159746],[134.233879,34.159638],[134.233847,34.159534],[134.233811,34.159424],[134.233776,34.159311],[134.233745,34.159209],[134.23372,34.159121],[134.233695,34.159046],[134.23367,34.158981],[134.233644,34.158923],[134.233617,34.158868],[134.233588,34.158815],[134.23356,34.158764],[134.233532,34.158719],[134.2335,34.158675],[134.233481,34.158651],[134.233435,34.158604],[134.233387,34.158557],[134.23335,34.158513],[134.233336,34.158493],[134.233326,34.158472],[134.23332,34.158451],[134.233318,34.158428],[134.233323,34.158376],[134.233331,34.158347],[134.23336,34.158285],[134.233402,34.15822],[134.233455,34.158149],[134.233517,34.158074],[134.233584,34.157994],[134.233652,34.157912],[134.233716,34.15783],[134.233775,34.157753],[134.233825,34.157689],[134.233865,34.157637],[134.233898,34.157596],[134.233925,34.157561],[134.23395,34.15753],[134.233972,34.157498],[134.23399,34.157462],[134.233995,34.15744],[134.233995,34.157415],[134.23398,34.157352],[134.233949,34.157271],[134.233908,34.157174],[134.233863,34.157068],[134.233825,34.156963],[134.233794,34.156873],[134.233773,34.156791],[134.233754,34.156712],[134.233735,34.15663],[134.233718,34.156544],[134.233701,34.156453],[134.233687,34.156361],[134.233674,34.156274],[134.233664,34.156194],[134.233656,34.15612],[134.233649,34.156054],[134.233645,34.155991],[134.233643,34.155932],[134.233644,34.155873],[134.233648,34.155802],[134.233653,34.155717],[134.233663,34.155632],[134.233678,34.155563],[134.233697,34.155513],[134.233718,34.155471],[134.23379,34.155366],[134.23386,34.155285],[134.233901,34.155245],[134.233945,34.155209],[134.23399,34.155172],[134.234012,34.155149],[134.234058,34.155098],[134.234107,34.155038],[134.234162,34.154966],[134.234224,34.154889],[134.234291,34.154811],[134.234358,34.154737],[134.234421,34.154668],[134.234473,34.154604],[134.234528,34.154538],[134.234597,34.154456],[134.23468,34.154362],[134.234766,34.154264],[134.234841,34.154171],[134.234909,34.154082],[134.234973,34.153989],[134.235041,34.153895],[134.235079,34.153851],[134.235122,34.15381],[134.23517,34.153772],[134.235222,34.153738],[134.235276,34.153707],[134.235382,34.15365],[134.235478,34.153594],[134.235568,34.153544],[134.235658,34.153501],[134.235745,34.153465],[134.235786,34.153445],[134.235817,34.153424],[134.235844,34.153399],[134.235867,34.153372],[134.235904,34.153313],[134.235944,34.153252],[134.235993,34.15319],[134.23605,34.153121],[134.236111,34.153043],[134.236173,34.152963],[134.236229,34.152887],[134.236276,34.15282],[134.236316,34.152751],[134.236335,34.152711],[134.236346,34.152676],[134.236363,34.152594],[134.236365,34.152553],[134.23636,34.15251],[134.236352,34.152467],[134.23634,34.152425],[134.236325,34.152385],[134.236291,34.152311],[134.236256,34.152243],[134.236218,34.152169],[134.236176,34.152081],[134.236139,34.151985],[134.236112,34.151891],[134.236104,34.151847],[134.236097,34.151768],[134.236097,34.151704],[134.236101,34.151654],[134.236101,34.15165],[134.236105,34.151595],[134.236104,34.151562],[134.236097,34.151489],[134.236081,34.151416],[134.236054,34.151349],[134.23602,34.151281],[134.235984,34.151203],[134.235948,34.151115],[134.235922,34.151024],[134.235909,34.150937],[134.235907,34.150898],[134.235908,34.150845],[134.235908,34.150829],[134.235911,34.150773],[134.235917,34.150717],[134.235929,34.150643],[134.235944,34.150551],[134.235959,34.15046],[134.235966,34.150383],[134.235968,34.150312],[134.235973,34.150237],[134.23598,34.150154],[134.235986,34.150072],[134.235988,34.149997],[134.235993,34.149927],[134.236004,34.14986],[134.236021,34.14979],[134.236043,34.149718],[134.236064,34.149642],[134.236084,34.149567],[134.236098,34.149499],[134.236104,34.149434],[134.236099,34.149364],[134.236082,34.14928],[134.236059,34.149191],[134.236038,34.149108],[134.236019,34.149035],[134.236001,34.148965],[134.23598,34.148894],[134.235961,34.14882],[134.235945,34.148745],[134.235935,34.148666],[134.235931,34.148586],[134.235931,34.148503],[134.235937,34.148426],[134.235948,34.148358],[134.235963,34.148297],[134.23598,34.148231],[134.236001,34.148158],[134.236022,34.148078],[134.236045,34.148001],[134.23607,34.147929],[134.236096,34.147857],[134.236116,34.147778],[134.236135,34.147695],[134.236157,34.147608],[134.236181,34.147522],[134.236199,34.147443],[134.23621,34.147377],[134.23622,34.147322],[134.23623,34.147298],[134.236237,34.147281],[134.236255,34.147251],[134.236296,34.1472],[134.236349,34.147139],[134.236411,34.147069],[134.236475,34.146995],[134.236537,34.146925],[134.2366,34.146861],[134.236661,34.146799],[134.236727,34.146738],[134.236801,34.146672],[134.236887,34.1466],[134.236978,34.146524],[134.237235,34.14633],[134.237444,34.146171],[134.237471,34.146144],[134.237503,34.146114],[134.237569,34.14605],[134.237626,34.145987],[134.237679,34.145926],[134.23779,34.145784],[134.237843,34.145702],[134.237853,34.145685],[134.23793,34.145562],[134.237988,34.145456],[134.238013,34.145406],[134.238049,34.145327],[134.238076,34.145264],[134.238092,34.14522],[134.238108,34.145176],[134.238126,34.145122],[134.238146,34.145066],[134.238156,34.145034],[134.2382,34.144901],[134.23822,34.144834],[134.238243,34.144747],[134.238263,34.144672],[134.238285,34.144599],[134.238311,34.144508],[134.238353,34.144373],[134.238384,34.144282],[134.238402,34.144232],[134.238441,34.144144],[134.238453,34.144129],[134.238472,34.144102],[134.238486,34.144084],[134.238522,34.144046],[134.238566,34.143998],[134.238586,34.143975],[134.238618,34.143937],[134.238671,34.143868],[134.238695,34.143831],[134.23874,34.143758],[134.238745,34.14375],[134.238785,34.143685],[134.23883,34.143614],[134.23888,34.143536],[134.238934,34.143441],[134.238993,34.143328],[134.239052,34.143208],[134.239107,34.143088],[134.239159,34.142967],[134.239211,34.14284],[134.239262,34.142709],[134.239306,34.142593],[134.239339,34.142496],[134.239366,34.142408],[134.239396,34.14231],[134.239431,34.1422],[134.239465,34.142084],[134.239497,34.141969],[134.239529,34.14185],[134.239541,34.141808],[134.239565,34.141719],[134.239605,34.141578],[134.239641,34.141437],[134.239668,34.14131],[134.239688,34.141208],[134.239704,34.141139],[134.239719,34.141102],[134.239732,34.141076],[134.239759,34.141051],[134.239788,34.141027],[134.239853,34.140969],[134.239909,34.14092],[134.239942,34.140882],[134.239999,34.140825],[134.240051,34.140773],[134.240127,34.140693],[134.240189,34.140631],[134.24025,34.140575],[134.240304,34.140521],[134.240355,34.140467],[134.240411,34.140412],[134.240471,34.140355],[134.240557,34.140263],[134.240602,34.14021],[134.240642,34.140154],[134.240678,34.14009],[134.240706,34.140026],[134.240718,34.139982],[134.240724,34.139951],[134.240737,34.139861],[134.240746,34.139765],[134.240754,34.139668],[134.240762,34.139576],[134.240771,34.139493],[134.240777,34.139419],[134.240784,34.139349],[134.240794,34.139273],[134.240809,34.139192],[134.240823,34.139114],[134.240836,34.139045],[134.240849,34.138983],[134.240866,34.138924],[134.240886,34.138864],[134.24091,34.138794],[134.240936,34.138736],[134.240963,34.13867],[134.241002,34.138587],[134.241029,34.138513],[134.241053,34.138439],[134.241065,34.138369],[134.241071,34.138339],[134.24108,34.138264],[134.241092,34.138157],[134.241098,34.138081],[134.241102,34.13801],[134.241101,34.137936],[134.241105,34.137848],[134.241114,34.137749],[134.241127,34.137649],[134.241139,34.137563],[134.241154,34.137487],[134.241189,34.13729],[134.241224,34.137098],[134.241233,34.137039],[134.241235,34.13701],[134.241241,34.136843],[134.241246,34.136733],[134.241252,34.136651],[134.241252,34.136573],[134.241249,34.136537],[134.241242,34.136503],[134.241233,34.136476],[134.24122,34.136452],[134.241179,34.136404],[134.241134,34.136352],[134.241088,34.136285],[134.241045,34.13621],[134.241024,34.13617],[134.241006,34.136125],[134.240996,34.136076],[134.240982,34.135986],[134.240971,34.13589],[134.240961,34.135805],[134.240959,34.135736],[134.240964,34.135667],[134.240977,34.135594],[134.240989,34.135507],[134.240992,34.135466],[134.240984,34.135373],[134.240961,34.13528],[134.240945,34.135232],[134.240906,34.135135],[134.240855,34.135036],[134.240803,34.134943],[134.240734,34.13482],[134.240687,34.134715],[134.240654,34.134627],[134.240636,34.134591],[134.240614,34.134562],[134.240589,34.134539],[134.240555,34.134516],[134.240487,34.134482],[134.240424,34.134454],[134.240341,34.134409],[134.240264,34.134362],[134.240155,34.134294],[134.240012,34.134209],[134.239935,34.134168],[134.239856,34.134133],[134.239795,34.134107],[134.239744,34.134078],[134.239722,34.134057],[134.239711,34.134036],[134.239712,34.134009],[134.239724,34.133987],[134.239742,34.133964],[134.239797,34.133924],[134.239853,34.133898],[134.239904,34.133876],[134.239918,34.133867],[134.239927,34.133855],[134.239934,34.133832],[134.239938,34.133801],[134.239932,34.133728],[134.239915,34.133665],[134.23991,34.133656],[134.239892,34.133613],[134.23986,34.133558],[134.239821,34.133495],[134.239787,34.133421],[134.23977,34.133363],[134.239763,34.133329],[134.239748,34.133225],[134.23974,34.133176],[134.23973,34.133137],[134.239714,34.133103],[134.239693,34.133072],[134.239641,34.133018],[134.239577,34.132961],[134.239511,34.1329],[134.239453,34.132837],[134.239435,34.132812],[134.23943,34.132804],[134.239424,34.132793],[134.239416,34.132779],[134.239393,34.13272],[134.239377,34.132648],[134.239364,34.132565],[134.239354,34.132474],[134.239349,34.132394],[134.239354,34.132316],[134.239367,34.132248],[134.239392,34.132158],[134.239417,34.132081],[134.239434,34.132013],[134.239445,34.131943],[134.239453,34.131861],[134.239454,34.131767],[134.239448,34.131683],[134.23944,34.131643],[134.239431,34.131615],[134.239414,34.131583],[134.239392,34.131549],[134.239327,34.131468],[134.239232,34.131366],[134.239158,34.131282],[134.239135,34.131252],[134.239096,34.131188],[134.23907,34.131132],[134.239031,34.131058],[134.238995,34.130986],[134.238957,34.130896],[134.238938,34.130836],[134.238921,34.130774],[134.238896,34.130696],[134.238889,34.130667],[134.238886,34.130621],[134.23889,34.130581],[134.238902,34.130533],[134.238938,34.130451],[134.238956,34.130415],[134.238967,34.130384],[134.238971,34.130357],[134.238969,34.130333],[134.238963,34.130315],[134.238939,34.130267],[134.238906,34.130209],[134.238884,34.130166],[134.238862,34.13011],[134.238844,34.130052],[134.238827,34.130001],[134.238807,34.129959],[134.238785,34.129916],[134.238769,34.129872],[134.238752,34.129815],[134.238738,34.129767],[134.23867,34.129574],[134.238644,34.129497],[134.238638,34.12948],[134.238637,34.129456],[134.23864,34.129435],[134.238646,34.1294],[134.238676,34.129302],[134.238689,34.129267],[134.238716,34.129218],[134.23874,34.129182],[134.23877,34.129148],[134.238833,34.129096],[134.238893,34.129058],[134.238948,34.129022],[134.239001,34.128975],[134.239042,34.128923],[134.239076,34.12886],[134.239088,34.128829],[134.239101,34.128768],[134.239104,34.128716],[134.239104,34.128665],[134.239103,34.128613],[134.239103,34.128598],[134.239101,34.128575],[134.239097,34.128547],[134.239095,34.128521],[134.239093,34.128494],[134.239092,34.128464],[134.239096,34.128438],[134.239107,34.128398],[134.239114,34.128381],[134.239125,34.128359],[134.239136,34.12834],[134.239145,34.128325],[134.239159,34.128307],[134.239162,34.128304],[134.239443,34.128066],[134.239521,34.128],[134.239563,34.12797],[134.239662,34.127914],[134.239778,34.127859],[134.23989,34.127798],[134.239939,34.127764],[134.24003,34.127694],[134.240074,34.127664],[134.240122,34.127638],[134.240171,34.127619],[134.240224,34.127605],[134.240331,34.127588],[134.240431,34.127573],[134.240477,34.127563],[134.240518,34.127549],[134.240554,34.127532],[134.240588,34.12751],[134.240616,34.127482],[134.240639,34.127449],[134.24066,34.127414],[134.240693,34.127336],[134.240722,34.127256],[134.24074,34.127218],[134.240764,34.127181],[134.240795,34.127146],[134.240834,34.127113],[134.240924,34.127051],[134.240965,34.127018],[134.240996,34.126982],[134.241013,34.12694],[134.24102,34.126896],[134.24102,34.126852],[134.241011,34.126769],[134.241005,34.126702],[134.241002,34.126645],[134.240995,34.12658],[134.240993,34.126512],[134.241002,34.126483],[134.241021,34.126461],[134.241051,34.126448],[134.241091,34.126441],[134.241188,34.126439],[134.241238,34.126439],[134.241284,34.126436],[134.241326,34.12643],[134.241366,34.126421],[134.241402,34.126406],[134.241433,34.126388],[134.24146,34.126363],[134.241484,34.126335],[134.241528,34.126269],[134.241575,34.126194],[134.241626,34.126115],[134.241676,34.126035],[134.24172,34.125955],[134.241764,34.12588],[134.241816,34.12581],[134.241877,34.125747],[134.241937,34.125686],[134.241988,34.125622],[134.242032,34.125551],[134.242053,34.125511],[134.242092,34.125418],[134.242125,34.125319],[134.242153,34.125223],[134.242181,34.125138],[134.2422,34.125101],[134.242225,34.125068],[134.242255,34.125038],[134.242292,34.125013],[134.242372,34.124968],[134.242447,34.124929],[134.242481,34.124908],[134.242511,34.124885],[134.242538,34.124857],[134.24256,34.124825],[134.242578,34.124785],[134.242594,34.12474],[134.242619,34.124639],[134.242643,34.124538],[134.242669,34.124438],[134.242698,34.124329],[134.242725,34.124205],[134.242752,34.124082],[134.242777,34.123974],[134.242797,34.123887],[134.242811,34.123807],[134.242814,34.123791],[134.242813,34.123789],[134.242816,34.123757],[134.24282,34.123723],[134.24283,34.123626],[134.24285,34.123507],[134.242861,34.12344],[134.242867,34.123372],[134.242868,34.123307],[134.242856,34.123247],[134.242831,34.123193],[134.242798,34.123145],[134.242722,34.123055],[134.242693,34.123009],[134.242672,34.122958],[134.242659,34.122905],[134.242647,34.122792],[134.242641,34.122736],[134.242618,34.122626],[134.242594,34.122515],[134.242588,34.122456],[134.242574,34.122124],[134.242586,34.121731],[134.242605,34.121356],[134.242656,34.120871],[134.242578,34.120526],[134.24257,34.120507],[134.242568,34.120489],[134.242572,34.120475],[134.242582,34.120463],[134.242589,34.120459],[134.2426,34.120454],[134.242623,34.120448],[134.242689,34.120444],[134.242771,34.120446],[134.24296,34.12046],[134.243141,34.120468],[134.243311,34.120472],[134.243479,34.120476],[134.24365,34.120484],[134.243828,34.1205],[134.244014,34.120523],[134.244203,34.120547],[134.244382,34.120566],[134.244548,34.12058],[134.244704,34.120594],[134.244852,34.120612],[134.245381,34.120695],[134.245573,34.120729],[134.24563,34.120739],[134.245692,34.120747],[134.245765,34.120752],[134.245849,34.120754],[134.245936,34.120753],[134.246016,34.12075],[134.246093,34.120745],[134.246169,34.120739],[134.246245,34.120733],[134.246321,34.120727],[134.246393,34.12072],[134.246466,34.120713],[134.246542,34.120706],[134.246621,34.120701],[134.246707,34.120696],[134.246798,34.120691],[134.246892,34.120685],[134.246937,34.120681],[134.247022,34.120668],[134.247098,34.120653],[134.247169,34.12064],[134.247235,34.120628],[134.247479,34.120595],[134.247688,34.120561],[134.247797,34.120546],[134.247899,34.120536],[134.247994,34.12053],[134.248078,34.120529],[134.248152,34.120532],[134.248224,34.120544],[134.248295,34.120561],[134.248363,34.120585],[134.248422,34.120611],[134.248471,34.120637],[134.248518,34.120666],[134.24857,34.120693],[134.248597,34.120704],[134.248623,34.12071],[134.248649,34.120712],[134.248672,34.120705],[134.248693,34.120693],[134.248732,34.120659],[134.248764,34.12062],[134.248794,34.120579],[134.248824,34.120535],[134.248854,34.120481],[134.248886,34.120424],[134.24892,34.120367],[134.248957,34.120311],[134.248993,34.120253],[134.249025,34.120192],[134.249056,34.120128],[134.249088,34.120062],[134.24912,34.119996],[134.24915,34.11993],[134.249177,34.119865],[134.249204,34.119805],[134.249233,34.119748],[134.249264,34.119697],[134.249291,34.119652],[134.249309,34.119612],[134.249317,34.119595],[134.249326,34.119581],[134.249339,34.119571],[134.249354,34.119562],[134.249395,34.119554],[134.249443,34.119549],[134.249491,34.119539],[134.249536,34.119523],[134.249556,34.119514],[134.249586,34.119491],[134.249614,34.119462],[134.249645,34.119429],[134.249909,34.119205],[134.250034,34.119109],[134.250148,34.119016],[134.250229,34.118948],[134.250275,34.118907],[134.250304,34.118869],[134.25033,34.118822],[134.250354,34.118766],[134.250374,34.118712],[134.250388,34.118662],[134.250396,34.118609],[134.250397,34.118552],[134.250394,34.118494],[134.250387,34.11844],[134.250377,34.118389],[134.250362,34.118336],[134.250341,34.118277],[134.250322,34.118216],[134.250308,34.118161],[134.250302,34.11811],[134.250298,34.118058],[134.250292,34.118],[134.250286,34.117938],[134.250281,34.117881],[134.250281,34.117829],[134.250283,34.117803],[134.250294,34.117751],[134.250312,34.117696],[134.250331,34.117641],[134.250347,34.117585],[134.250362,34.117531],[134.250379,34.117476],[134.250397,34.117425],[134.250416,34.117379],[134.250434,34.117342],[134.250459,34.117308],[134.250495,34.117269],[134.250542,34.117225],[134.250593,34.117186],[134.250639,34.117155],[134.250689,34.11713],[134.250747,34.117101],[134.250814,34.117068],[134.250882,34.11704],[134.250942,34.117022],[134.250996,34.117008],[134.251201,34.116924],[134.251291,34.116839],[134.251349,34.116736],[134.251423,34.116554],[134.251458,34.11637],[134.251497,34.116058],[134.251861,34.116116],[134.252151,34.116301],[134.252529,34.116479],[134.252886,34.116584],[134.253321,34.11659],[134.253855,34.116545],[134.254214,34.11649],[134.254389,34.116463],[134.254912,34.11639],[134.255545,34.116283],[134.255713,34.116282],[134.256383,34.116278],[134.256751,34.116356],[134.256946,34.116405],[134.257356,34.116609],[134.257884,34.116861],[134.258564,34.117169],[134.259201,34.117441],[134.259729,34.117675],[134.26027,34.117863],[134.261004,34.118052],[134.261379,34.11812],[134.261869,34.118123],[134.262396,34.118036],[134.262981,34.117943],[134.263735,34.117813],[134.264174,34.117753],[134.264591,34.117723],[134.264805,34.117706],[134.264922,34.117686],[134.264994,34.117641],[134.265201,34.117413],[134.265617,34.11698],[134.265997,34.116761],[134.266429,34.116607],[134.266742,34.116467],[134.266806,34.116442],[134.266921,34.116418],[134.267081,34.116409],[134.267202,34.116422],[134.267378,34.116465],[134.267813,34.116702],[134.268126,34.11689],[134.26838,34.117085],[134.2687,34.11741]]]},"properties":{"S_NAME":"市場町犬墓","HCODE":8101}},{"type":"Feature","geometry":{"type":"Polygon","coordinates":[[[134.311418,34.095284],[134.311257,34.095516],[134.311162,34.095702],[134.311188,34.095887],[134.311127,34.096097],[134.311057,34.096307],[134.311079,34.096629],[134.311198,34.096862],[134.311199,34.097011],[134.311047,34.097113],[134.310846,34.097316],[134.31063,34.09749],[134.310413,34.097613],[134.310182,34.097771],[134.30996,34.097934],[134.309776,34.098298],[134.309632,34.099134],[134.309805,34.099228],[134.309976,34.099401],[134.310113,34.099526],[134.310197,34.099676],[134.310251,34.099807],[134.31026,34.099889],[134.310254,34.100065],[134.310218,34.100278],[134.310167,34.100479],[134.310131,34.100643],[134.310057,34.100838],[134.310006,34.101008],[134.309955,34.101196],[134.309956,34.101328],[134.310011,34.101516],[134.310027,34.101635],[134.310032,34.101713],[134.309871,34.101832],[134.309213,34.102114],[134.308894,34.102319],[134.308757,34.102488],[134.308705,34.102639],[134.3087,34.102654],[134.308674,34.102843],[134.308661,34.103086],[134.308682,34.103199],[134.308865,34.103864],[134.308992,34.104386],[134.309342,34.104882],[134.309408,34.105429],[134.309613,34.105888],[134.309487,34.106239],[134.30927,34.106924],[134.309025,34.10733],[134.308582,34.10762],[134.308088,34.107713],[134.307833,34.107886],[134.307755,34.108157],[134.307728,34.108587],[134.3077,34.10893],[134.307533,34.109432],[134.307523,34.109913],[134.307517,34.110344],[134.307451,34.110951],[134.307261,34.111248],[134.306898,34.111436],[134.306534,34.111582],[134.306201,34.11182],[134.306053,34.111956],[134.30595,34.11205],[134.30588,34.112227],[134.305977,34.112758],[134.305772,34.113072],[134.3054,34.113504],[134.30524,34.113767],[134.305163,34.114363],[134.3052,34.11483],[134.305236,34.115171],[134.30258,34.11388],[134.301296,34.11327],[134.299662,34.112563],[134.298475,34.111977],[134.297705,34.111594],[134.297634,34.11155],[134.296404,34.110764],[134.295517,34.110037],[134.294489,34.109599],[134.292906,34.10868],[134.291849,34.107684],[134.291541,34.107348],[134.291142,34.106635],[134.290841,34.106406],[134.290785,34.106325],[134.29077,34.106192],[134.290758,34.105883],[134.290798,34.1058],[134.290949,34.105582],[134.291054,34.105413],[134.291084,34.105334],[134.291137,34.104971],[134.291123,34.104893],[134.290947,34.104667],[134.29085,34.104607],[134.29021,34.104372],[134.290116,34.10432],[134.290086,34.104259],[134.290062,34.104171],[134.290025,34.104135],[134.289558,34.103866],[134.289197,34.10376],[134.289004,34.103659],[134.288898,34.103511],[134.288836,34.103291],[134.288809,34.103091],[134.288821,34.102941],[134.288846,34.102819],[134.288885,34.102669],[134.288943,34.102474],[134.289097,34.102182],[134.289039,34.10201],[134.289181,34.101866],[134.2893,34.101768],[134.289785,34.101482],[134.290106,34.101277],[134.290198,34.101238],[134.290375,34.101177],[134.290476,34.101104],[134.290635,34.100956],[134.290905,34.101037],[134.291073,34.101069],[134.291713,34.101184],[134.292015,34.101227],[134.292414,34.101241],[134.292632,34.101258],[134.292965,34.101336],[134.293501,34.101484],[134.293535,34.10127],[134.293561,34.100898],[134.293599,34.100543],[134.293579,34.100383],[134.293548,34.100258],[134.293456,34.100058],[134.29355,34.100033],[134.293912,34.099944],[134.294167,34.099792],[134.294382,34.09969],[134.294539,34.099636],[134.294558,34.099619],[134.294564,34.099599],[134.294562,34.099389],[134.2946,34.099348],[134.294672,34.099335],[134.294971,34.099316],[134.295362,34.099322],[134.295561,34.099271],[134.295803,34.099252],[134.296129,34.099241],[134.296545,34.09922],[134.296567,34.099217],[134.296606,34.099211],[134.296646,34.099199],[134.296722,34.099151],[134.296772,34.099116],[134.296938,34.099027],[134.297124,34.098965],[134.297338,34.098904],[134.297388,34.098832],[134.297478,34.098743],[134.297647,34.098589],[134.297691,34.098492],[134.297702,34.098385],[134.297741,34.098296],[134.297807,34.098249],[134.297901,34.098202],[134.298038,34.098036],[134.298077,34.097966],[134.298129,34.097802],[134.298165,34.097636],[134.298163,34.097525],[134.298115,34.097402],[134.298085,34.097362],[134.298015,34.097223],[134.297957,34.097083],[134.297928,34.097003],[134.297923,34.096892],[134.297913,34.096652],[134.297942,34.096458],[134.297982,34.096215],[134.298034,34.096061],[134.298118,34.09595],[134.29822,34.095796],[134.298284,34.095622],[134.298061,34.095612],[134.297412,34.095479],[134.297215,34.095436],[134.297466,34.094873],[134.297498,34.094742],[134.297484,34.094447],[134.297507,34.094074],[134.297489,34.093869],[134.297424,34.093617],[134.297506,34.093609],[134.297874,34.093534],[134.298075,34.09349],[134.298146,34.093467],[134.298225,34.093422],[134.298468,34.093271],[134.298559,34.093247],[134.298633,34.093232],[134.299178,34.093163],[134.299957,34.093072],[134.300505,34.092997],[134.300624,34.09295],[134.300975,34.092651],[134.301334,34.09237],[134.30148,34.092286],[134.301482,34.092532],[134.301517,34.09264],[134.301684,34.092812],[134.302241,34.092857],[134.302248,34.092986],[134.302386,34.093038],[134.302836,34.093032],[134.30341,34.093023],[134.303588,34.093018],[134.304083,34.093003],[134.304212,34.093022],[134.30445,34.093008],[134.30477,34.092875],[134.304865,34.092856],[134.305163,34.092759],[134.30544,34.092647],[134.305613,34.092614],[134.306294,34.092445],[134.306559,34.092417],[134.306713,34.092399],[134.306776,34.092427],[134.306913,34.092846],[134.307036,34.093165],[134.307314,34.093509],[134.307386,34.093656],[134.307565,34.093821],[134.307881,34.094018],[134.308211,34.094159],[134.30841,34.094136],[134.308561,34.094164],[134.309606,34.09453],[134.30986,34.094683],[134.310201,34.094818],[134.310455,34.094898],[134.310727,34.095023],[134.311286,34.095246],[134.311418,34.095284]]]},"properties":{"S_NAME":"市場町切幡","HCODE":8101}},{"type":"Feature","geometry":{"type":"Polygon","coordinates":[[[134.306776,34.092427],[134.306713,34.092399],[134.306559,34.092417],[134.306294,34.092445],[134.305613,34.092614],[134.30544,34.092647],[134.305163,34.092759],[134.304865,34.092856],[134.30477,34.092875],[134.30445,34.093008],[134.304212,34.093022],[134.304083,34.093003],[134.303588,34.093018],[134.30341,34.093023],[134.302836,34.093032],[134.302386,34.093038],[134.302248,34.092986],[134.302241,34.092857],[134.301684,34.092812],[134.301517,34.09264],[134.301482,34.092532],[134.30148,34.092286],[134.301334,34.09237],[134.300975,34.092651],[134.300624,34.09295],[134.300505,34.092997],[134.299957,34.093072],[134.299178,34.093163],[134.298633,34.093232],[134.298559,34.093247],[134.298468,34.093271],[134.298225,34.093422],[134.298052,34.093218],[134.298022,34.09315],[134.298006,34.093071],[134.297961,34.093007],[134.297451,34.092505],[134.297575,34.092468],[134.298122,34.092313],[134.298231,34.092265],[134.298349,34.09219],[134.298441,34.092129],[134.298613,34.091935],[134.298825,34.091664],[134.298917,34.091544],[134.298982,34.091397],[134.298998,34.091278],[134.298906,34.091144],[134.298961,34.091083],[134.299096,34.090981],[134.299207,34.090879],[134.298888,34.090781],[134.298293,34.090654],[134.297453,34.090382],[134.296705,34.090104],[134.296192,34.089914],[134.295084,34.089516],[134.29535,34.089237],[134.295905,34.088696],[134.296403,34.088288],[134.296897,34.087886],[134.297526,34.087358],[134.29771,34.087166],[134.297873,34.087024],[134.298051,34.086922],[134.298497,34.086807],[134.298796,34.086704],[134.299315,34.086569],[134.299618,34.08662],[134.299743,34.086636],[134.299765,34.086204],[134.299779,34.086051],[134.300273,34.086043],[134.300436,34.086034],[134.300498,34.086044],[134.300708,34.086121],[134.300795,34.086127],[134.300869,34.086124],[134.300928,34.086092],[134.301017,34.08603],[134.301112,34.085983],[134.30113,34.085298],[134.301787,34.085426],[134.30187,34.085445],[134.301897,34.085448],[134.301961,34.085446],[134.302311,34.085503],[134.302539,34.085465],[134.302619,34.085471],[134.302759,34.0855],[134.303062,34.08558],[134.303136,34.08561],[134.303211,34.085678],[134.303665,34.084502],[134.304026,34.08465],[134.304218,34.084702],[134.30454,34.084757],[134.304734,34.084763],[134.304696,34.084893],[134.304638,34.085019],[134.304491,34.085221],[134.304809,34.085571],[134.305016,34.085681],[134.305968,34.086059],[134.30672,34.086433],[134.307508,34.086787],[134.307888,34.086954],[134.308361,34.0872],[134.308747,34.08739],[134.309064,34.087508],[134.309737,34.087774],[134.310148,34.087991],[134.310051,34.088073],[134.309976,34.088149],[134.309776,34.088488],[134.309668,34.088609],[134.309542,34.088707],[134.309291,34.088843],[134.309058,34.088961],[134.308777,34.089214],[134.308706,34.089301],[134.308673,34.089332],[134.308657,34.089383],[134.308691,34.089823],[134.308655,34.089936],[134.308492,34.090454],[134.308398,34.090915],[134.308371,34.090991],[134.308194,34.091254],[134.308186,34.091315],[134.308283,34.091705],[134.308475,34.091672],[134.308402,34.092018],[134.308358,34.092204],[134.308313,34.092234],[134.308271,34.092254],[134.308233,34.092277],[134.308153,34.092395],[134.308104,34.092408],[134.307959,34.092418],[134.307759,34.092555],[134.307636,34.092548],[134.307403,34.092556],[134.307311,34.092537],[134.306776,34.092427]]]},"properties":{"S_NAME":"市場町山野上","HCODE":8101}},{"type":"Feature","geometry":{"type":"Polygon","coordinates":[[[134.314122,34.092492],[134.313704,34.092478],[134.312943,34.092459],[134.312828,34.092545],[134.312707,34.092662],[134.312636,34.092731],[134.31195,34.093445],[134.311802,34.093655],[134.311415,34.093795],[134.311253,34.094005],[134.311169,34.094328],[134.311195,34.094537],[134.311322,34.094694],[134.311348,34.094875],[134.311425,34.095039],[134.311453,34.095233],[134.311418,34.095284],[134.311286,34.095246],[134.310727,34.095023],[134.310455,34.094898],[134.310201,34.094818],[134.30986,34.094683],[134.309606,34.09453],[134.308561,34.094164],[134.30841,34.094136],[134.308211,34.094159],[134.307881,34.094018],[134.307565,34.093821],[134.307386,34.093656],[134.307314,34.093509],[134.307036,34.093165],[134.306913,34.092846],[134.306776,34.092427],[134.307311,34.092537],[134.307403,34.092556],[134.307636,34.092548],[134.307759,34.092555],[134.307959,34.092418],[134.308104,34.092408],[134.308153,34.092395],[134.308233,34.092277],[134.308271,34.092254],[134.308313,34.092234],[134.308358,34.092204],[134.308402,34.092018],[134.308475,34.091672],[134.308283,34.091705],[134.308186,34.091315],[134.308194,34.091254],[134.308371,34.090991],[134.308398,34.090915],[134.308492,34.090454],[134.308655,34.089936],[134.308691,34.089823],[134.308657,34.089383],[134.308673,34.089332],[134.308706,34.089301],[134.308777,34.089214],[134.309058,34.088961],[134.309291,34.088843],[134.309542,34.088707],[134.309668,34.088609],[134.309776,34.088488],[134.309976,34.088149],[134.310051,34.088073],[134.310148,34.087991],[134.309737,34.087774],[134.309064,34.087508],[134.308747,34.08739],[134.308361,34.0872],[134.307888,34.086954],[134.307508,34.086787],[134.30672,34.086433],[134.305968,34.086059],[134.305016,34.085681],[134.304809,34.085571],[134.304491,34.085221],[134.304638,34.085019],[134.304696,34.084893],[134.304734,34.084763],[134.304799,34.084613],[134.304789,34.084462],[134.304912,34.082764],[134.304917,34.082504],[134.304911,34.08232],[134.3049,34.082276],[134.304866,34.082245],[134.304804,34.082196],[134.304799,34.082167],[134.304826,34.082004],[134.3055,34.082058],[134.306278,34.082087],[134.307002,34.082018],[134.307446,34.081945],[134.30852,34.081605],[134.309538,34.081192],[134.310239,34.081014],[134.310852,34.080967],[134.311385,34.081033],[134.311946,34.081166],[134.312592,34.081372],[134.313611,34.081891],[134.315126,34.082774],[134.316294,34.083416],[134.317297,34.083836],[134.317736,34.08405],[134.318817,34.084682],[134.319928,34.085346],[134.319703,34.085965],[134.319297,34.08587],[134.318801,34.085711],[134.318274,34.085546],[134.318247,34.08578],[134.318194,34.085993],[134.318181,34.086025],[134.318036,34.08624],[134.318,34.086339],[134.31794,34.086706],[134.317866,34.086746],[134.317813,34.08677],[134.317769,34.086821],[134.317785,34.086892],[134.317982,34.087573],[134.318117,34.087808],[134.318321,34.088073],[134.318618,34.088367],[134.318185,34.088262],[134.318008,34.088591],[134.3178,34.088998],[134.317687,34.089016],[134.317549,34.089089],[134.317424,34.089134],[134.317383,34.089164],[134.317356,34.089223],[134.31735,34.089291],[134.317376,34.089467],[134.31737,34.089534],[134.317354,34.089617],[134.317316,34.08975],[134.31726,34.089896],[134.317233,34.089941],[134.31718,34.08996],[134.316555,34.090004],[134.316508,34.090012],[134.316468,34.090028],[134.316436,34.090054],[134.316407,34.090097],[134.316316,34.090266],[134.316182,34.090347],[134.316076,34.090454],[134.315982,34.090645],[134.315905,34.090812],[134.315794,34.091066],[134.315713,34.091146],[134.314806,34.091312],[134.314357,34.091339],[134.314138,34.091468],[134.314059,34.092096],[134.314122,34.092492]],[[134.313421,34.089774],[134.312987,34.089846],[134.312559,34.089931],[134.312622,34.09025],[134.312709,34.090536],[134.312895,34.090547],[134.312955,34.090766],[134.312952,34.09103],[134.313017,34.091145],[134.313271,34.09109],[134.313594,34.091105],[134.31384,34.091062],[134.314061,34.091032],[134.314035,34.09094],[134.314688,34.09089],[134.314685,34.090564],[134.314639,34.090345],[134.314418,34.090342],[134.314449,34.090209],[134.314533,34.089904],[134.314558,34.089752],[134.31374,34.089723],[134.313421,34.089774]]]},"properties":{"S_NAME":"市場町大野島","HCODE":8101}},{"type":"Feature","geometry":{"type":"Polygon","coordinates":[[[134.332865,34.08848],[134.33258,34.089232],[134.332575,34.089272],[134.332541,34.089584],[134.33248,34.089802],[134.332483,34.09016],[134.332055,34.091162],[134.331653,34.091808],[134.331515,34.092481],[134.331404,34.092981],[134.331231,34.093599],[134.330678,34.094912],[134.330497,34.095097],[134.329613,34.095261],[134.328407,34.095068],[134.326596,34.094846],[134.326193,34.094719],[134.325153,34.094626],[134.324975,34.094611],[134.324542,34.094525],[134.32312,34.094329],[134.323273,34.093777],[134.323434,34.093158],[134.322827,34.093227],[134.321448,34.093173],[134.320571,34.093052],[134.320463,34.093037],[134.31943,34.092903],[134.319147,34.092893],[134.318886,34.092895],[134.318526,34.092849],[134.317565,34.092827],[134.317105,34.09282],[134.316919,34.092826],[134.316903,34.092769],[134.316895,34.092517],[134.316889,34.09242],[134.316862,34.092368],[134.316847,34.092363],[134.316803,34.09235],[134.316593,34.092374],[134.315945,34.092436],[134.315571,34.092599],[134.315186,34.092652],[134.314678,34.092571],[134.31422,34.092495],[134.314122,34.092492],[134.314059,34.092096],[134.314138,34.091468],[134.314357,34.091339],[134.314806,34.091312],[134.315713,34.091146],[134.315794,34.091066],[134.315905,34.090812],[134.315982,34.090645],[134.316076,34.090454],[134.316182,34.090347],[134.316316,34.090266],[134.316407,34.090097],[134.316436,34.090054],[134.316468,34.090028],[134.316508,34.090012],[134.316555,34.090004],[134.31718,34.08996],[134.317233,34.089941],[134.31726,34.089896],[134.317316,34.08975],[134.317354,34.089617],[134.31737,34.089534],[134.317376,34.089467],[134.31735,34.089291],[134.317356,34.089223],[134.317383,34.089164],[134.317424,34.089134],[134.317549,34.089089],[134.317687,34.089016],[134.3178,34.088998],[134.318008,34.088591],[134.318185,34.088262],[134.318618,34.088367],[134.318321,34.088073],[134.318117,34.087808],[134.317982,34.087573],[134.317785,34.086892],[134.317769,34.086821],[134.317813,34.08677],[134.317866,34.086746],[134.31794,34.086706],[134.318,34.086339],[134.318036,34.08624],[134.318181,34.086025],[134.318194,34.085993],[134.318247,34.08578],[134.318274,34.085546],[134.318801,34.085711],[134.319297,34.08587],[134.319703,34.085965],[134.319928,34.085346],[134.320631,34.085725],[134.321668,34.086167],[134.323162,34.086742],[134.324548,34.087269],[134.325379,34.087603],[134.325841,34.087815],[134.326953,34.087986],[134.327955,34.088048],[134.328118,34.088056],[134.328172,34.08812],[134.328178,34.08821],[134.328187,34.088558],[134.328201,34.088608],[134.328273,34.088657],[134.328573,34.088698],[134.328873,34.088701],[134.330222,34.088527],[134.332054,34.088474],[134.332865,34.08848]]]},"properties":{"S_NAME":"市場町伊月","HCODE":8101}},{"type":"Feature","geometry":{"type":"Polygon","coordinates":[[[134.313421,34.089774],[134.31374,34.089723],[134.314558,34.089752],[134.314533,34.089904],[134.314449,34.090209],[134.314418,34.090342],[134.314639,34.090345],[134.314685,34.090564],[134.314688,34.09089],[134.314035,34.09094],[134.314061,34.091032],[134.31384,34.091062],[134.313594,34.091105],[134.313271,34.09109],[134.313017,34.091145],[134.312952,34.09103],[134.312955,34.090766],[134.312895,34.090547],[134.312709,34.090536],[134.312622,34.09025],[134.312559,34.089931],[134.312987,34.089846],[134.313421,34.089774]]]},"properties":{"S_NAME":"市場町八幡","HCODE":8101}},{"type":"Feature","geometry":{"type":"Polygon","coordinates":[[[134.304826,34.082004],[134.303813,34.081933],[134.303404,34.081895],[134.30243,34.08173],[134.301842,34.081608],[134.300804,34.081269],[134.300612,34.081233],[134.299745,34.081201],[134.29913,34.081197],[134.298264,34.08112],[134.297798,34.081017],[134.297128,34.080801],[134.296755,34.080685],[134.296355,34.080567],[134.295752,34.080324],[134.29392,34.079184],[134.292857,34.078553],[134.291705,34.077856],[134.290626,34.077219],[134.289682,34.076729],[134.288956,34.076413],[134.287812,34.075955],[134.286652,34.075551],[134.285648,34.075285],[134.284674,34.075014],[134.283314,34.074665],[134.282859,34.074553],[134.28245,34.074439],[134.281109,34.074149],[134.280442,34.074027],[134.280015,34.07393],[134.279542,34.073873],[134.278917,34.073835],[134.278277,34.073836],[134.277578,34.073904],[134.27698,34.074107],[134.276678,34.074287],[134.276255,34.074598],[134.27608,34.07485],[134.275589,34.075551],[134.275576,34.073966],[134.275508,34.070801],[134.275477,34.069365],[134.279425,34.069394],[134.279427,34.069978],[134.280549,34.069989],[134.281756,34.07],[134.282014,34.070002],[134.28488,34.0701],[134.284933,34.069804],[134.28516,34.069796],[134.285758,34.069821],[134.286043,34.069874],[134.286521,34.069903],[134.286901,34.069908],[134.287672,34.069918],[134.287753,34.068533],[134.288518,34.068543],[134.288708,34.068546],[134.291774,34.068694],[134.293513,34.068761],[134.294621,34.068796],[134.296217,34.069025],[134.296359,34.069045],[134.297579,34.06922],[134.30197,34.069947],[134.302513,34.070023],[134.303636,34.070209],[134.305674,34.07053],[134.306743,34.070698],[134.308596,34.070976],[134.307381,34.074722],[134.30684,34.076024],[134.3056,34.079419],[134.305275,34.080326],[134.305085,34.080887],[134.304826,34.082004]]]},"properties":{"S_NAME":"市場町","HCODE":8101}},{"type":"Feature","geometry":{"type":"Polygon","coordinates":[[[134.332865,34.08848],[134.332054,34.088474],[134.330222,34.088527],[134.328873,34.088701],[134.328573,34.088698],[134.328273,34.088657],[134.328201,34.088608],[134.328187,34.088558],[134.328178,34.08821],[134.328172,34.08812],[134.328118,34.088056],[134.327955,34.088048],[134.326953,34.087986],[134.325841,34.087815],[134.325379,34.087603],[134.324548,34.087269],[134.323162,34.086742],[134.321668,34.086167],[134.320631,34.085725],[134.319928,34.085346],[134.318817,34.084682],[134.317736,34.08405],[134.317297,34.083836],[134.316294,34.083416],[134.315126,34.082774],[134.313611,34.081891],[134.312592,34.081372],[134.311946,34.081166],[134.311385,34.081033],[134.310852,34.080967],[134.310239,34.081014],[134.309538,34.081192],[134.30852,34.081605],[134.307446,34.081945],[134.307002,34.082018],[134.306278,34.082087],[134.3055,34.082058],[134.304826,34.082004],[134.305085,34.080887],[134.305275,34.080326],[134.3056,34.079419],[134.30684,34.076024],[134.307381,34.074722],[134.308596,34.070976],[134.309102,34.070038],[134.310581,34.070978],[134.312123,34.069212],[134.312819,34.068434],[134.313509,34.068493],[134.313676,34.068465],[134.313934,34.068415],[134.31427,34.068402],[134.322611,34.069434],[134.325274,34.070557],[134.325534,34.070878],[134.326911,34.071308],[134.327672,34.071574],[134.328486,34.071907],[134.329306,34.072243],[134.329917,34.072533],[134.332043,34.073371],[134.333043,34.073722],[134.334134,34.074113],[134.334145,34.074161],[134.334045,34.075188],[134.333963,34.075622],[134.33385,34.076056],[134.333706,34.076511],[134.333509,34.076931],[134.333222,34.07726],[134.332251,34.078724],[134.334338,34.079953],[134.334416,34.085009],[134.334145,34.085803],[134.333126,34.087883],[134.332891,34.088413],[134.332865,34.08848]]]},"properties":{"S_NAME":"市場町","HCODE":8101}},{"type":"Feature","geometry":{"type":"Polygon","coordinates":[[[134.38512,34.117103],[134.384903,34.117971],[134.385069,34.118003],[134.385069,34.118034],[134.384971,34.118297],[134.384892,34.118304],[134.384178,34.118366],[134.384121,34.118519],[134.384103,34.118561],[134.384086,34.118598],[134.384067,34.118631],[134.384043,34.118664],[134.384014,34.11869],[134.383977,34.118704],[134.383938,34.118708],[134.383898,34.118704],[134.383862,34.118699],[134.383847,34.118702],[134.383835,34.118709],[134.383824,34.118722],[134.383817,34.118741],[134.383804,34.118792],[134.383792,34.11885],[134.383775,34.118912],[134.383757,34.118981],[134.383733,34.119058],[134.383704,34.119149],[134.383666,34.11926],[134.383619,34.119388],[134.383569,34.119507],[134.383316,34.119422],[134.383085,34.11937],[134.382734,34.119306],[134.382738,34.119321],[134.38269,34.119686],[134.382665,34.119846],[134.38264,34.119981],[134.382611,34.120089],[134.382596,34.120129],[134.382579,34.120165],[134.382545,34.120218],[134.382511,34.120261],[134.382477,34.120301],[134.38244,34.120343],[134.382407,34.120378],[134.382396,34.12039],[134.382351,34.120443],[134.38231,34.120499],[134.382276,34.120554],[134.382245,34.120597],[134.382229,34.120611],[134.382213,34.120621],[134.382175,34.120633],[134.382127,34.120644],[134.38207,34.120658],[134.382006,34.120673],[134.381938,34.120685],[134.381868,34.1207],[134.381794,34.120719],[134.381757,34.120732],[134.38169,34.120762],[134.381639,34.120793],[134.381621,34.120811],[134.381593,34.120851],[134.381569,34.120901],[134.381546,34.120961],[134.38154,34.120975],[134.381522,34.12102],[134.381495,34.12107],[134.381467,34.121119],[134.381432,34.121173],[134.381403,34.121223],[134.38138,34.121257],[134.381348,34.1213],[134.381308,34.121339],[134.381269,34.121375],[134.381231,34.121409],[134.381195,34.121442],[134.381154,34.121478],[134.381111,34.121511],[134.381074,34.12154],[134.381047,34.12156],[134.381029,34.121581],[134.381015,34.121615],[134.381003,34.121658],[134.380989,34.1217],[134.380973,34.121729],[134.380962,34.121752],[134.380963,34.121779],[134.380976,34.121811],[134.380994,34.121841],[134.381008,34.121863],[134.381019,34.121883],[134.381028,34.121908],[134.381033,34.12194],[134.381029,34.121978],[134.38101,34.122018],[134.380996,34.122038],[134.380961,34.122079],[134.380918,34.122117],[134.380871,34.122157],[134.380828,34.122203],[134.380809,34.122229],[134.380777,34.122285],[134.380767,34.122313],[134.380753,34.12237],[134.380752,34.122426],[134.380757,34.122478],[134.380762,34.122527],[134.380763,34.122584],[134.380752,34.122652],[134.38074,34.122691],[134.380708,34.122773],[134.380666,34.122843],[134.380658,34.122857],[134.380603,34.122941],[134.380554,34.12302],[134.380511,34.123092],[134.380466,34.12316],[134.380404,34.123221],[134.38033,34.123281],[134.38025,34.123342],[134.380163,34.123404],[134.380072,34.123465],[134.380022,34.123494],[134.379928,34.123555],[134.379887,34.123586],[134.379851,34.123621],[134.379823,34.123657],[134.379801,34.123696],[134.379783,34.123738],[134.379749,34.123828],[134.379728,34.123875],[134.379681,34.12397],[134.379637,34.124054],[134.379602,34.124118],[134.379572,34.124174],[134.37954,34.12424],[134.379511,34.1243],[134.379504,34.124317],[134.37947,34.124394],[134.379438,34.124461],[134.379406,34.124524],[134.379363,34.124619],[134.379335,34.124664],[134.379291,34.124716],[134.379224,34.12478],[134.379174,34.124821],[134.379127,34.12487],[134.379087,34.12493],[134.379072,34.124964],[134.379061,34.124998],[134.379055,34.125032],[134.379054,34.125068],[134.379059,34.125139],[134.379069,34.125203],[134.379075,34.125266],[134.379076,34.125335],[134.379067,34.125415],[134.379053,34.125499],[134.379038,34.125577],[134.379021,34.125644],[134.379007,34.125706],[134.378993,34.125767],[134.378982,34.12583],[134.378974,34.125893],[134.378966,34.125962],[134.378957,34.126025],[134.378955,34.126042],[134.378934,34.126138],[134.378907,34.126238],[134.378879,34.126331],[134.378849,34.126412],[134.378821,34.126493],[134.378792,34.126578],[134.378765,34.126666],[134.378739,34.126753],[134.378713,34.126838],[134.378689,34.126924],[134.378665,34.12701],[134.378642,34.127103],[134.378615,34.127206],[134.378585,34.127317],[134.378539,34.128357],[134.378499,34.128505],[134.378404,34.128751],[134.37835,34.128906],[134.377915,34.130017],[134.3779,34.130103],[134.377911,34.130173],[134.378358,34.130829],[134.378639,34.131189],[134.379162,34.132037],[134.379163,34.132038],[134.379253,34.132175],[134.379331,34.132305],[134.379397,34.132426],[134.379457,34.132542],[134.379521,34.132664],[134.37956,34.132729],[134.37964,34.13287],[134.379678,34.132943],[134.37971,34.13302],[134.379737,34.133096],[134.379758,34.133174],[134.379775,34.13325],[134.379805,34.133398],[134.379839,34.133533],[134.379871,34.13366],[134.379894,34.133786],[134.379909,34.133905],[134.37992,34.13396],[134.379935,34.134012],[134.379957,34.134056],[134.379983,34.134097],[134.380043,34.134173],[134.380103,34.134256],[134.380159,34.134347],[134.380182,34.134395],[134.380205,34.134444],[134.380325,34.13447],[134.380444,34.134535],[134.381154,34.135053],[134.38127,34.135177],[134.381382,34.135305],[134.381799,34.136096],[134.381826,34.136127],[134.381851,34.136161],[134.38189,34.136241],[134.381919,34.136333],[134.381925,34.136357],[134.38197,34.136584],[134.381999,34.136755],[134.382031,34.13689],[134.382051,34.136944],[134.382078,34.137],[134.382148,34.137128],[134.38222,34.137244],[134.38228,34.13734],[134.382332,34.137437],[134.382358,34.137479],[134.382384,34.13751],[134.382412,34.137536],[134.38248,34.137591],[134.382558,34.137648],[134.382595,34.137664],[134.382634,34.137676],[134.382678,34.137682],[134.38273,34.137684],[134.382831,34.137685],[134.382887,34.13768],[134.382912,34.13768],[134.383071,34.137718],[134.383168,34.137781],[134.383204,34.137827],[134.383216,34.137878],[134.383337,34.138421],[134.383321,34.138472],[134.383169,34.138856],[134.383124,34.138953],[134.383045,34.139109],[134.383006,34.139172],[134.382964,34.13923],[134.382919,34.139278],[134.382864,34.139316],[134.382797,34.139348],[134.382712,34.139377],[134.382493,34.139432],[134.382394,34.13946],[134.382321,34.139488],[134.382268,34.139519],[134.382223,34.139555],[134.382175,34.139598],[134.382132,34.139651],[134.382095,34.139719],[134.382069,34.139801],[134.382053,34.139893],[134.382024,34.14008],[134.382006,34.140171],[134.381982,34.140263],[134.381916,34.140441],[134.381872,34.140551],[134.381847,34.14059],[134.381799,34.140651],[134.38171,34.140752],[134.38161,34.140867],[134.381463,34.141032],[134.381205,34.141315],[134.380989,34.141561],[134.380797,34.141787],[134.380584,34.142031],[134.38048,34.142158],[134.380384,34.142284],[134.380185,34.142553],[134.380064,34.142701],[134.379826,34.142988],[134.379733,34.143106],[134.379657,34.14321],[134.379513,34.143412],[134.379435,34.143512],[134.379353,34.143606],[134.379267,34.143687],[134.379112,34.143821],[134.379051,34.143878],[134.378965,34.143964],[134.378928,34.143986],[134.37888,34.143999],[134.378703,34.144034],[134.378423,34.144088],[134.378125,34.144142],[134.377993,34.144174],[134.377878,34.144209],[134.377777,34.144249],[134.377588,34.144337],[134.377493,34.144388],[134.377401,34.144451],[134.377311,34.144528],[134.377228,34.144621],[134.377154,34.144726],[134.377089,34.14484],[134.377035,34.144959],[134.376991,34.145079],[134.376954,34.145193],[134.376924,34.145305],[134.3769,34.145408],[134.37569,34.147495],[134.375219,34.148278],[134.374576,34.148697],[134.373325,34.149054],[134.37284,34.149113],[134.372311,34.14957],[134.371961,34.149995],[134.371411,34.150609],[134.371011,34.150867],[134.370805,34.150952],[134.370444,34.150989],[134.369422,34.151129],[134.369147,34.151309],[134.369131,34.15132],[134.369118,34.151335],[134.369107,34.151353],[134.369095,34.1514],[134.369094,34.151423],[134.369016,34.151324],[134.368814,34.151044],[134.368516,34.150686],[134.368279,34.1504],[134.368051,34.150164],[134.367745,34.149864],[134.367483,34.149643],[134.367413,34.149578],[134.367376,34.149377],[134.367285,34.14896],[134.367133,34.148472],[134.36714,34.148313],[134.367025,34.148091],[134.36657,34.147932],[134.365908,34.147506],[134.365364,34.147175],[134.365071,34.14692],[134.364853,34.146592],[134.364456,34.146071],[134.364383,34.145849],[134.364383,34.145835],[134.364394,34.145498],[134.364413,34.144896],[134.364397,34.144058],[134.36434,34.143699],[134.364235,34.143411],[134.364024,34.143076],[134.363662,34.142741],[134.363137,34.142318],[134.362674,34.141982],[134.362395,34.141567],[134.362081,34.141064],[134.361803,34.140672],[134.36158,34.140277],[134.361027,34.139659],[134.361468,34.138924],[134.361575,34.138578],[134.361659,34.138279],[134.361797,34.137977],[134.361856,34.137701],[134.361913,34.137404],[134.361927,34.137244],[134.361928,34.136927],[134.361845,34.136592],[134.361765,34.136279],[134.361485,34.135525],[134.361372,34.135146],[134.361133,34.134571],[134.360881,34.134155],[134.3604,34.133276],[134.360224,34.132738],[134.360182,34.132609],[134.36003,34.132096],[134.359897,34.13147],[134.359908,34.130948],[134.359861,34.130384],[134.359735,34.129848],[134.359737,34.128896],[134.359803,34.128371],[134.359949,34.127842],[134.360187,34.127103],[134.36059,34.12606],[134.360718,34.125677],[134.360721,34.125668],[134.360807,34.12548],[134.361297,34.124411],[134.361846,34.123496],[134.362027,34.123055],[134.36205,34.122313],[134.362,34.121894],[134.361778,34.121477],[134.363805,34.119895],[134.364182,34.119565],[134.364838,34.118907],[134.365668,34.118089],[134.366546,34.1172],[134.367611,34.116468],[134.368473,34.115976],[134.369563,34.11538],[134.370137,34.115115],[134.370811,34.114907],[134.371628,34.1147],[134.371591,34.11456],[134.371923,34.114457],[134.372181,34.114398],[134.372717,34.114322],[134.372768,34.114315],[134.373697,34.114148],[134.374337,34.114032],[134.375453,34.113962],[134.376188,34.113904],[134.376319,34.113893],[134.376915,34.113855],[134.379368,34.113848],[134.379818,34.113853],[134.380865,34.113863],[134.381086,34.113838],[134.381683,34.113842],[134.382875,34.113942],[134.384701,34.113879],[134.384646,34.114799],[134.384276,34.115989],[134.384546,34.116093],[134.384552,34.116368],[134.383791,34.116269],[134.383839,34.116435],[134.383829,34.11648],[134.383716,34.116552],[134.383675,34.116606],[134.383043,34.116322],[134.382851,34.116525],[134.382166,34.116169],[134.381861,34.116566],[134.382921,34.117155],[134.383085,34.116989],[134.383982,34.117444],[134.383976,34.117322],[134.383997,34.117248],[134.384061,34.117057],[134.384069,34.116953],[134.384547,34.116922],[134.384739,34.116978],[134.384826,34.116969],[134.384923,34.117108],[134.38512,34.117103]]]},"properties":{"S_NAME":"土成町高尾","HCODE":8101}},{"type":"Feature","geometry":{"type":"Polygon","coordinates":[[[134.369094,34.151423],[134.369093,34.151453],[134.369096,34.151506],[134.369097,34.151563],[134.369095,34.151593],[134.369089,34.151624],[134.369063,34.151693],[134.36902,34.151776],[134.368955,34.15187],[134.368886,34.151962],[134.368825,34.152034],[134.368779,34.152087],[134.368758,34.152112],[134.368719,34.152178],[134.368678,34.152262],[134.368638,34.152347],[134.368601,34.15242],[134.368572,34.152481],[134.368553,34.152535],[134.368546,34.15259],[134.36855,34.152648],[134.368561,34.152716],[134.36858,34.15279],[134.368602,34.15287],[134.368627,34.15295],[134.368645,34.153023],[134.36865,34.153054],[134.368648,34.153113],[134.368643,34.153142],[134.36862,34.153209],[134.368583,34.153287],[134.368559,34.153328],[134.368533,34.153368],[134.368472,34.153442],[134.368408,34.153515],[134.368352,34.153587],[134.368306,34.153666],[134.368285,34.153708],[134.368246,34.153805],[134.368213,34.153909],[134.36819,34.154003],[134.368177,34.154077],[134.368142,34.154487],[134.368129,34.154596],[134.368108,34.154672],[134.36808,34.154748],[134.368044,34.154825],[134.368021,34.154866],[134.367968,34.154949],[134.367915,34.155034],[134.367867,34.155111],[134.367825,34.155185],[134.367783,34.155253],[134.367739,34.155315],[134.367696,34.155373],[134.367688,34.155384],[134.367656,34.155426],[134.367639,34.155453],[134.367626,34.15548],[134.367618,34.15551],[134.367616,34.155541],[134.367619,34.155574],[134.367635,34.155639],[134.367656,34.155698],[134.36768,34.15575],[134.367692,34.155773],[134.36771,34.155806],[134.36775,34.15587],[134.367798,34.155944],[134.368032,34.156337],[134.368078,34.156418],[134.368092,34.156446],[134.368104,34.156476],[134.36812,34.156546],[134.36813,34.156618],[134.368134,34.156692],[134.368134,34.156765],[134.368131,34.156836],[134.368131,34.156909],[134.368132,34.156984],[134.368132,34.15704],[134.368132,34.15706],[134.368131,34.157132],[134.368131,34.1572],[134.368135,34.157234],[134.368146,34.157267],[134.368163,34.157299],[134.368186,34.157332],[134.368214,34.157365],[134.368278,34.157426],[134.368346,34.157482],[134.368414,34.157536],[134.368477,34.157592],[134.368506,34.157622],[134.368562,34.157685],[134.368613,34.157752],[134.368663,34.157822],[134.368708,34.157893],[134.368748,34.15796],[134.368786,34.158025],[134.368828,34.158088],[134.368878,34.158151],[134.368935,34.158222],[134.368999,34.158302],[134.369068,34.158383],[134.369136,34.158455],[134.369198,34.158514],[134.369244,34.158565],[134.369259,34.158589],[134.369269,34.158613],[134.369281,34.15867],[134.369293,34.158744],[134.36931,34.158837],[134.369328,34.158945],[134.369334,34.158986],[134.369345,34.15906],[134.36936,34.15918],[134.36937,34.159302],[134.369374,34.159418],[134.369367,34.15952],[134.369345,34.159599],[134.369317,34.15966],[134.369295,34.15971],[134.369279,34.159758],[134.369266,34.159813],[134.369249,34.159879],[134.369236,34.159948],[134.369229,34.160009],[134.36923,34.160034],[134.369239,34.160081],[134.369258,34.160129],[134.369287,34.160179],[134.36932,34.160227],[134.369355,34.160268],[134.369392,34.160304],[134.369434,34.160335],[134.369484,34.160363],[134.36955,34.160393],[134.369636,34.160428],[134.36973,34.16047],[134.369775,34.160495],[134.369814,34.160522],[134.369849,34.160552],[134.36988,34.160583],[134.369908,34.160617],[134.369934,34.160653],[134.369978,34.160728],[134.370016,34.160809],[134.370049,34.160893],[134.370078,34.160978],[134.370104,34.161068],[134.370123,34.161163],[134.370138,34.161258],[134.37015,34.161349],[134.37016,34.161435],[134.370165,34.161518],[134.370166,34.161598],[134.370168,34.161674],[134.370174,34.161738],[134.370188,34.16179],[134.370199,34.161813],[134.370228,34.161856],[134.370264,34.161897],[134.370306,34.161931],[134.370347,34.16196],[134.370389,34.161987],[134.370431,34.162013],[134.370474,34.162046],[134.370519,34.162086],[134.370563,34.162134],[134.370601,34.162188],[134.37063,34.162242],[134.370647,34.162293],[134.37066,34.162346],[134.370674,34.162401],[134.37069,34.162454],[134.370704,34.162502],[134.370719,34.162544],[134.370735,34.16259],[134.370752,34.162643],[134.370778,34.162696],[134.370796,34.162719],[134.370815,34.162736],[134.370837,34.162749],[134.370885,34.162769],[134.370932,34.16279],[134.370975,34.162813],[134.371022,34.162835],[134.371072,34.162853],[134.371124,34.162873],[134.371169,34.162902],[134.371189,34.16292],[134.371207,34.162942],[134.371235,34.162992],[134.371245,34.163019],[134.371261,34.163079],[134.37127,34.163144],[134.37127,34.163212],[134.371266,34.163284],[134.371254,34.163362],[134.37123,34.163426],[134.3712,34.16348],[134.371129,34.163583],[134.371025,34.163703],[134.370969,34.16377],[134.370919,34.163837],[134.37084,34.163958],[134.370773,34.16404],[134.370729,34.164083],[134.370606,34.164194],[134.370547,34.164254],[134.370501,34.164309],[134.37047,34.164363],[134.370451,34.164417],[134.370442,34.164471],[134.370443,34.164528],[134.37046,34.164583],[134.37049,34.164637],[134.370568,34.16474],[134.370602,34.164786],[134.370632,34.164833],[134.370658,34.164883],[134.370706,34.165001],[134.370771,34.165156],[134.37084,34.165314],[134.370863,34.165372],[134.370884,34.165417],[134.370913,34.165454],[134.370954,34.165487],[134.371078,34.165563],[134.371154,34.165612],[134.371318,34.165726],[134.371393,34.16578],[134.371459,34.165832],[134.371507,34.165881],[134.371534,34.165927],[134.371545,34.165971],[134.371549,34.166016],[134.37155,34.166113],[134.37156,34.166253],[134.37157,34.166335],[134.371585,34.166411],[134.371604,34.166469],[134.371634,34.166512],[134.37168,34.166545],[134.371742,34.16657],[134.371898,34.166619],[134.371973,34.166648],[134.372045,34.166682],[134.37211,34.166722],[134.372169,34.166766],[134.372224,34.166815],[134.372275,34.16687],[134.372306,34.166908],[134.372325,34.166931],[134.372426,34.167072],[134.372527,34.167226],[134.372565,34.167291],[134.372584,34.167339],[134.372586,34.167374],[134.372576,34.167403],[134.372553,34.167428],[134.372492,34.167476],[134.372461,34.167497],[134.372435,34.167521],[134.372417,34.167556],[134.372406,34.167604],[134.372402,34.167663],[134.372404,34.167787],[134.372412,34.167921],[134.372415,34.167979],[134.372418,34.168075],[134.372426,34.168196],[134.372436,34.168237],[134.372457,34.168273],[134.372492,34.168308],[134.37254,34.168343],[134.372597,34.168375],[134.37272,34.168434],[134.372786,34.168471],[134.372851,34.168521],[134.372913,34.168579],[134.372972,34.168641],[134.37302,34.168705],[134.373064,34.168774],[134.373158,34.168945],[134.373265,34.169143],[134.373366,34.169317],[134.373443,34.169452],[134.373468,34.169509],[134.373484,34.169563],[134.373499,34.169665],[134.373515,34.169711],[134.373547,34.169752],[134.373593,34.169789],[134.373652,34.169826],[134.373791,34.169902],[134.373904,34.169965],[134.374373,34.17023],[134.374534,34.170376],[134.375063,34.17112],[134.375321,34.171506],[134.375498,34.171734],[134.375611,34.171802],[134.375218,34.172464],[134.375131,34.172731],[134.375106,34.173047],[134.375043,34.173156],[134.373668,34.174289],[134.373181,34.174605],[134.372988,34.174783],[134.372416,34.175063],[134.372143,34.175205],[134.371906,34.175405],[134.371694,34.175471],[134.371255,34.175449],[134.370771,34.175502],[134.370343,34.175722],[134.369993,34.17593],[134.369768,34.176263],[134.369768,34.176605],[134.369681,34.177013],[134.369381,34.177372],[134.368944,34.177822],[134.368269,34.178363],[134.367681,34.178721],[134.366869,34.179396],[134.366156,34.17983],[134.365894,34.179913],[134.365019,34.180321],[134.364481,34.180679],[134.363894,34.181021],[134.363255,34.181567],[134.363231,34.181588],[134.362694,34.181854],[134.362282,34.181854],[134.361694,34.181629],[134.360644,34.181879],[134.360217,34.181999],[134.359615,34.182393],[134.358865,34.183027],[134.358868,34.183303],[134.359114,34.183653],[134.358981,34.184006],[134.358444,34.184312],[134.357944,34.184587],[134.357309,34.184797],[134.356676,34.18499],[134.355603,34.185161],[134.354863,34.185242],[134.354212,34.185246],[134.353689,34.185174],[134.35307,34.185129],[134.352373,34.185171],[134.35198,34.185212],[134.351423,34.185542],[134.35092,34.185537],[134.350357,34.185379],[134.349807,34.185421],[134.349507,34.185262],[134.349307,34.184996],[134.348482,34.184437],[134.348032,34.183896],[134.347945,34.183396],[134.347445,34.182229],[134.34712,34.181738],[134.347125,34.18168],[134.3472,34.180934],[134.347465,34.180153],[134.34717,34.179705],[134.34687,34.179055],[134.346557,34.178721],[134.346457,34.178246],[134.346495,34.17768],[134.346345,34.177255],[134.346307,34.176805],[134.34637,34.176263],[134.346332,34.175722],[134.34607,34.175047],[134.34522,34.173922],[134.344682,34.172847],[134.34427,34.172572],[134.344117,34.172534],[134.343745,34.172439],[134.34307,34.172489],[134.342245,34.172756],[134.340633,34.173389],[134.33987,34.173731],[134.33807,34.174114],[134.337065,34.174292],[134.33631,34.174473],[134.334909,34.175086],[134.334474,34.175441],[134.333871,34.175514],[134.333233,34.17513],[134.332846,34.174855],[134.332696,34.174789],[134.331084,34.174772],[134.330346,34.174639],[134.329734,34.174414],[134.329171,34.174122],[134.328913,34.17382],[134.328637,34.173407],[134.328309,34.173239],[134.327198,34.173616],[134.326909,34.173714],[134.326084,34.174097],[134.325348,34.174384],[134.324622,34.174339],[134.324018,34.174469],[134.323444,34.174561],[134.322191,34.174896],[134.32162,34.175264],[134.321408,34.175303],[134.320711,34.175182],[134.320107,34.175287],[134.31936,34.175322],[134.31836,34.175522],[134.318035,34.175655],[134.316485,34.17658],[134.314846,34.177295],[134.314361,34.177185],[134.313685,34.17663],[134.311835,34.175305],[134.310473,34.174722],[134.309861,34.173663],[134.309323,34.172564],[134.309061,34.171797],[134.308823,34.17128],[134.308498,34.170939],[134.308388,34.170907],[134.308123,34.17083],[134.306973,34.170939],[134.306411,34.170939],[134.306261,34.170922],[134.305848,34.170672],[134.305411,34.170314],[134.305173,34.170222],[134.304849,34.170181],[134.304061,34.17043],[134.303386,34.170514],[134.303124,34.170589],[134.302499,34.170606],[134.301999,34.170447],[134.301499,34.170381],[134.300824,34.170431],[134.300099,34.170297],[134.299687,34.170072],[134.299687,34.169964],[134.299712,34.169931],[134.299449,34.169772],[134.299162,34.169664],[134.298749,34.169389],[134.298687,34.169306],[134.298574,34.168897],[134.298362,34.168672],[134.297862,34.168606],[134.297599,34.168156],[134.297212,34.167773],[134.296737,34.167364],[134.296624,34.167348],[134.296449,34.167123],[134.296649,34.166873],[134.297212,34.166673],[134.297537,34.166398],[134.297824,34.166081],[134.297949,34.165998],[134.298237,34.16514],[134.298387,34.16494],[134.299261,34.164282],[134.299587,34.163923],[134.299586,34.163807],[134.299499,34.163607],[134.299174,34.163407],[134.298911,34.163023],[134.298999,34.16264],[134.299436,34.162215],[134.300374,34.161765],[134.300849,34.161449],[134.301111,34.160907],[134.301336,34.159807],[134.301486,34.159307],[134.301686,34.158974],[134.302011,34.158724],[134.302211,34.158499],[134.302186,34.158158],[134.302074,34.157891],[134.302336,34.157508],[134.303011,34.1571],[134.303149,34.156783],[134.303274,34.156358],[134.303474,34.156041],[134.303643,34.155748],[134.303949,34.155433],[134.304411,34.15485],[134.305267,34.15415],[134.305411,34.153817],[134.305473,34.153367],[134.305261,34.15285],[134.305286,34.152284],[134.305344,34.151757],[134.305551,34.151045],[134.305611,34.150576],[134.305986,34.150417],[134.306611,34.150234],[134.307111,34.150034],[134.307598,34.149492],[134.308073,34.149042],[134.308511,34.148767],[134.308636,34.148526],[134.308448,34.147959],[134.308161,34.147693],[134.307986,34.147601],[134.307748,34.147284],[134.307773,34.146968],[134.308011,34.146568],[134.308361,34.146118],[134.308482,34.14588],[134.308623,34.145601],[134.308773,34.145168],[134.308973,34.144851],[134.309298,34.14461],[134.309584,34.144572],[134.309977,34.144531],[134.310806,34.144706],[134.311679,34.144687],[134.312402,34.144572],[134.312962,34.144359],[134.313365,34.144211],[134.313965,34.144045],[134.314657,34.143709],[134.315088,34.143549],[134.315103,34.143543],[134.315166,34.143499],[134.315544,34.143262],[134.315576,34.143219],[134.315644,34.143172],[134.316287,34.142728],[134.317113,34.142205],[134.318114,34.141669],[134.319538,34.141047],[134.320118,34.140832],[134.320354,34.140794],[134.32065,34.140804],[134.320913,34.140853],[134.320989,34.140851],[134.322386,34.1405],[134.322998,34.140321],[134.323926,34.139983],[134.324738,34.139781],[134.325992,34.139416],[134.327608,34.13878],[134.32813,34.13863],[134.328785,34.13861],[134.330182,34.138802],[134.332255,34.139386],[134.333148,34.139495],[134.333982,34.139461],[134.335173,34.139525],[134.335814,34.139673],[134.337169,34.139986],[134.337748,34.140186],[134.338161,34.14042],[134.338478,34.14051],[134.338773,34.140554],[134.338961,34.140503],[134.339083,34.140469],[134.339165,34.140447],[134.339449,34.14006],[134.339612,34.139529],[134.339637,34.138895],[134.339673,34.138379],[134.339739,34.137999],[134.339899,34.137491],[134.340121,34.137061],[134.340504,34.136271],[134.340646,34.136029],[134.34091,34.135706],[134.340925,34.135687],[134.34127,34.135237],[134.341424,34.134795],[134.341482,34.134269],[134.341507,34.133827],[134.341536,34.133561],[134.341553,34.133515],[134.341581,34.132375],[134.34161,34.131465],[134.341679,34.129836],[134.341636,34.129335],[134.342922,34.129201],[134.343319,34.129065],[134.343728,34.128747],[134.344254,34.127879],[134.346491,34.12786],[134.347844,34.1279],[134.348469,34.127524],[134.349328,34.127236],[134.349371,34.126589],[134.349542,34.126353],[134.350008,34.126341],[134.35022,34.1263],[134.350601,34.125998],[134.350862,34.125915],[134.351356,34.125911],[134.351644,34.125779],[134.351901,34.125606],[134.352447,34.12507],[134.352807,34.124716],[134.352617,34.12407],[134.353115,34.124167],[134.353403,34.123654],[134.35368,34.123028],[134.353958,34.122942],[134.354264,34.122834],[134.354759,34.122611],[134.355116,34.122424],[134.355422,34.122272],[134.356031,34.121881],[134.356567,34.121578],[134.356803,34.121374],[134.356991,34.121118],[134.35711,34.120827],[134.357256,34.12065],[134.357519,34.120427],[134.357776,34.120277],[134.358028,34.120126],[134.358142,34.119853],[134.35823,34.119477],[134.358364,34.119232],[134.35854,34.119064],[134.358583,34.118925],[134.358639,34.118536],[134.358518,34.118136],[134.358506,34.117878],[134.358644,34.117661],[134.358811,34.117496],[134.358901,34.117185],[134.359084,34.1167],[134.359207,34.116601],[134.359474,34.116223],[134.359533,34.115974],[134.359565,34.115674],[134.360516,34.114622],[134.361156,34.11391],[134.361515,34.113566],[134.361719,34.113444],[134.362,34.11317],[134.362202,34.11288],[134.362857,34.112087],[134.363755,34.111269],[134.364081,34.110742],[134.364504,34.11049],[134.364659,34.110227],[134.365114,34.11004],[134.365427,34.109946],[134.365903,34.109783],[134.366371,34.109585],[134.366858,34.109346],[134.367131,34.109029],[134.367637,34.108462],[134.368059,34.108091],[134.368602,34.107239],[134.368721,34.107261],[134.368969,34.107332],[134.369207,34.107421],[134.369619,34.107611],[134.369982,34.10774],[134.370219,34.107813],[134.371214,34.107924],[134.37198,34.107973],[134.374178,34.108241],[134.373097,34.109034],[134.3724,34.109524],[134.371691,34.110162],[134.371967,34.110356],[134.372247,34.11053],[134.371916,34.110886],[134.371849,34.111042],[134.37185,34.111142],[134.371944,34.111315],[134.371839,34.111547],[134.371644,34.111697],[134.371432,34.111842],[134.3709,34.112169],[134.370992,34.112243],[134.370606,34.112564],[134.370709,34.112634],[134.370537,34.112916],[134.370364,34.113115],[134.370517,34.11317],[134.370788,34.113233],[134.371037,34.113278],[134.371268,34.11331],[134.371365,34.113928],[134.371431,34.114611],[134.371591,34.11456],[134.371628,34.1147],[134.370811,34.114907],[134.370137,34.115115],[134.369563,34.11538],[134.368473,34.115976],[134.367611,34.116468],[134.366546,34.1172],[134.365668,34.118089],[134.364838,34.118907],[134.364182,34.119565],[134.363805,34.119895],[134.361778,34.121477],[134.362,34.121894],[134.36205,34.122313],[134.362027,34.123055],[134.361846,34.123496],[134.361297,34.124411],[134.360807,34.12548],[134.360721,34.125668],[134.360718,34.125677],[134.36059,34.12606],[134.360187,34.127103],[134.359949,34.127842],[134.359803,34.128371],[134.359737,34.128896],[134.359735,34.129848],[134.359861,34.130384],[134.359908,34.130948],[134.359897,34.13147],[134.36003,34.132096],[134.360182,34.132609],[134.360224,34.132738],[134.3604,34.133276],[134.360881,34.134155],[134.361133,34.134571],[134.361372,34.135146],[134.361485,34.135525],[134.361765,34.136279],[134.361845,34.136592],[134.361928,34.136927],[134.361927,34.137244],[134.361913,34.137404],[134.361856,34.137701],[134.361797,34.137977],[134.361659,34.138279],[134.361575,34.138578],[134.361468,34.138924],[134.361027,34.139659],[134.36158,34.140277],[134.361803,34.140672],[134.362081,34.141064],[134.362395,34.141567],[134.362674,34.141982],[134.363137,34.142318],[134.363662,34.142741],[134.364024,34.143076],[134.364235,34.143411],[134.36434,34.143699],[134.364397,34.144058],[134.364413,34.144896],[134.364394,34.145498],[134.364383,34.145835],[134.364383,34.145849],[134.364456,34.146071],[134.364853,34.146592],[134.365071,34.14692],[134.365364,34.147175],[134.365908,34.147506],[134.36657,34.147932],[134.367025,34.148091],[134.36714,34.148313],[134.367133,34.148472],[134.367285,34.14896],[134.367376,34.149377],[134.367413,34.149578],[134.367483,34.149643],[134.367745,34.149864],[134.368051,34.150164],[134.368279,34.1504],[134.368516,34.150686],[134.368814,34.151044],[134.369016,34.151324],[134.369094,34.151423]]]},"properties":{"S_NAME":"土成町宮川内","HCODE":8101}},{"type":"Feature","geometry":{"type":"Polygon","coordinates":[[[134.368602,34.107239],[134.368059,34.108091],[134.367637,34.108462],[134.367131,34.109029],[134.366858,34.109346],[134.366371,34.109585],[134.365903,34.109783],[134.365427,34.109946],[134.365114,34.11004],[134.364659,34.110227],[134.364504,34.11049],[134.364081,34.110742],[134.363755,34.111269],[134.362857,34.112087],[134.362202,34.11288],[134.362,34.11317],[134.361719,34.113444],[134.361515,34.113566],[134.361156,34.11391],[134.360516,34.114622],[134.359565,34.115674],[134.359533,34.115974],[134.359474,34.116223],[134.359207,34.116601],[134.359084,34.1167],[134.358901,34.117185],[134.358811,34.117496],[134.358644,34.117661],[134.358506,34.117878],[134.358518,34.118136],[134.358639,34.118536],[134.358583,34.118925],[134.35854,34.119064],[134.358364,34.119232],[134.35823,34.119477],[134.358142,34.119853],[134.358028,34.120126],[134.357776,34.120277],[134.357519,34.120427],[134.357256,34.12065],[134.35711,34.120827],[134.356991,34.121118],[134.356803,34.121374],[134.356567,34.121578],[134.356031,34.121881],[134.355422,34.122272],[134.355116,34.122424],[134.354759,34.122611],[134.354264,34.122834],[134.353958,34.122942],[134.35368,34.123028],[134.353403,34.123654],[134.353115,34.124167],[134.352617,34.12407],[134.352807,34.124716],[134.352447,34.12507],[134.351901,34.125606],[134.351644,34.125779],[134.351356,34.125911],[134.350862,34.125915],[134.350601,34.125998],[134.35022,34.1263],[134.350008,34.126341],[134.349542,34.126353],[134.349371,34.126589],[134.349328,34.127236],[134.348469,34.127524],[134.347844,34.1279],[134.346491,34.12786],[134.344254,34.127879],[134.343728,34.128747],[134.343319,34.129065],[134.342922,34.129201],[134.341636,34.129335],[134.341541,34.128242],[134.341564,34.127474],[134.341823,34.12652],[134.341946,34.125795],[134.342043,34.125131],[134.342165,34.122314],[134.342164,34.122179],[134.342155,34.12134],[134.342193,34.12075],[134.342202,34.120597],[134.342436,34.119714],[134.342706,34.118615],[134.342727,34.118219],[134.342795,34.117122],[134.34295,34.116746],[134.343032,34.1164],[134.343114,34.116044],[134.34325,34.115605],[134.343312,34.115007],[134.343613,34.11466],[134.343926,34.11416],[134.344395,34.113375],[134.34455,34.113007],[134.344652,34.112765],[134.344744,34.112327],[134.344766,34.112053],[134.345298,34.11149],[134.345333,34.111297],[134.345278,34.11077],[134.345298,34.110313],[134.345378,34.109703],[134.345537,34.108846],[134.345639,34.10833],[134.345806,34.107943],[134.346006,34.107659],[134.346194,34.107294],[134.346317,34.107096],[134.346429,34.107211],[134.346541,34.107558],[134.34777,34.107305],[134.347545,34.106529],[134.347235,34.105991],[134.347972,34.104979],[134.348231,34.104711],[134.348467,34.104295],[134.348473,34.104285],[134.348488,34.104268],[134.348614,34.104068],[134.348795,34.104119],[134.348963,34.103949],[134.350239,34.104074],[134.350193,34.1044],[134.350174,34.104573],[134.35085,34.104583],[134.350914,34.104418],[134.351227,34.104449],[134.351247,34.104578],[134.351451,34.104603],[134.351465,34.104549],[134.351663,34.10458],[134.351705,34.104441],[134.352132,34.104468],[134.352178,34.104174],[134.352359,34.104183],[134.352786,34.104202],[134.353681,34.104213],[134.353702,34.104272],[134.353693,34.104389],[134.354022,34.104404],[134.353999,34.104671],[134.354341,34.104656],[134.354365,34.104655],[134.355051,34.104624],[134.35509,34.104419],[134.355786,34.104496],[134.355688,34.104936],[134.356183,34.105022],[134.357253,34.105132],[134.357282,34.104945],[134.357295,34.104946],[134.357734,34.104973],[134.357769,34.104777],[134.359019,34.104913],[134.359634,34.105047],[134.360237,34.105195],[134.361435,34.10545],[134.36235,34.105606],[134.362713,34.105667],[134.363758,34.105873],[134.364461,34.10604],[134.364692,34.106095],[134.366221,34.106536],[134.367812,34.107055],[134.368416,34.107204],[134.368602,34.107239]]]},"properties":{"S_NAME":"土成町吉田","HCODE":8101}},{"type":"Feature","geometry":{"type":"Polygon","coordinates":[[[134.341636,34.129335],[134.341679,34.129836],[134.34161,34.131465],[134.341581,34.132375],[134.341553,34.133515],[134.341536,34.133561],[134.341507,34.133827],[134.341482,34.134269],[134.341424,34.134795],[134.34127,34.135237],[134.340925,34.135687],[134.34091,34.135706],[134.340646,34.136029],[134.340504,34.136271],[134.340121,34.137061],[134.339899,34.137491],[134.339739,34.137999],[134.339673,34.138379],[134.339637,34.138895],[134.339612,34.139529],[134.339449,34.14006],[134.339165,34.140447],[134.339083,34.140469],[134.338961,34.140503],[134.338773,34.140554],[134.338478,34.14051],[134.338161,34.14042],[134.337748,34.140186],[134.337169,34.139986],[134.335814,34.139673],[134.335173,34.139525],[134.333982,34.139461],[134.333148,34.139495],[134.332255,34.139386],[134.330182,34.138802],[134.328785,34.13861],[134.32813,34.13863],[134.327608,34.13878],[134.326917,34.137939],[134.32604,34.136624],[134.325302,34.135286],[134.324793,34.134478],[134.324282,34.133544],[134.32404,34.132978],[134.323918,34.132596],[134.323836,34.132319],[134.323712,34.131555],[134.323661,34.130571],[134.323715,34.129644],[134.323846,34.128809],[134.32399,34.127789],[134.324023,34.126213],[134.323977,34.125762],[134.323945,34.125368],[134.323923,34.12475],[134.323982,34.124422],[134.324169,34.123973],[134.324223,34.123458],[134.324312,34.1232],[134.324755,34.122833],[134.324868,34.122669],[134.32515,34.121793],[134.325545,34.120222],[134.325589,34.120032],[134.325694,34.119584],[134.325738,34.11918],[134.325841,34.118757],[134.326145,34.117248],[134.326319,34.11686],[134.326489,34.116541],[134.326576,34.116108],[134.326436,34.115708],[134.326303,34.11514],[134.326337,34.114951],[134.326545,34.114722],[134.326685,34.114128],[134.326711,34.114017],[134.326762,34.113763],[134.326889,34.113129],[134.327022,34.112257],[134.327127,34.111786],[134.327082,34.110995],[134.327055,34.110179],[134.327033,34.109693],[134.327013,34.109248],[134.327089,34.108556],[134.327222,34.108013],[134.327323,34.107163],[134.327244,34.10655],[134.326925,34.106074],[134.326694,34.105673],[134.32663,34.105282],[134.326708,34.104864],[134.326815,34.104606],[134.326986,34.104317],[134.327482,34.103859],[134.327639,34.103616],[134.327829,34.10344],[134.3281,34.103203],[134.328443,34.102822],[134.328615,34.1027],[134.328887,34.102562],[134.329086,34.102409],[134.329212,34.102104],[134.329254,34.1019],[134.329182,34.101529],[134.329158,34.100923],[134.329393,34.100506],[134.329476,34.100217],[134.32944,34.099762],[134.329313,34.099157],[134.330923,34.099737],[134.331635,34.099876],[134.332191,34.099903],[134.333375,34.09988],[134.334141,34.09989],[134.334651,34.099886],[134.335115,34.099902],[134.335483,34.099926],[134.335668,34.099931],[134.335913,34.099923],[134.336119,34.09993],[134.33674,34.09993],[134.337386,34.099857],[134.337786,34.0998],[134.338109,34.099922],[134.338216,34.099962],[134.338542,34.100092],[134.338471,34.100701],[134.339261,34.100456],[134.339578,34.100362],[134.34044,34.100598],[134.340663,34.100619],[134.342853,34.101144],[134.343392,34.101317],[134.343557,34.10137],[134.343816,34.10145],[134.345055,34.10194],[134.345254,34.10207],[134.346183,34.102335],[134.346916,34.102497],[134.348099,34.102724],[134.348358,34.102776],[134.349068,34.102959],[134.349062,34.103074],[134.349029,34.103291],[134.348953,34.103519],[134.34885,34.103684],[134.348716,34.103835],[134.348521,34.104041],[134.348614,34.104068],[134.348488,34.104268],[134.348473,34.104285],[134.348467,34.104295],[134.348231,34.104711],[134.347972,34.104979],[134.347235,34.105991],[134.347545,34.106529],[134.34777,34.107305],[134.346541,34.107558],[134.346429,34.107211],[134.346317,34.107096],[134.346194,34.107294],[134.346006,34.107659],[134.345806,34.107943],[134.345639,34.10833],[134.345537,34.108846],[134.345378,34.109703],[134.345298,34.110313],[134.345278,34.11077],[134.345333,34.111297],[134.345298,34.11149],[134.344766,34.112053],[134.344744,34.112327],[134.344652,34.112765],[134.34455,34.113007],[134.344395,34.113375],[134.343926,34.11416],[134.343613,34.11466],[134.343312,34.115007],[134.34325,34.115605],[134.343114,34.116044],[134.343032,34.1164],[134.34295,34.116746],[134.342795,34.117122],[134.342727,34.118219],[134.342706,34.118615],[134.342436,34.119714],[134.342202,34.120597],[134.342193,34.12075],[134.342155,34.12134],[134.342164,34.122179],[134.342165,34.122314],[134.342043,34.125131],[134.341946,34.125795],[134.341823,34.12652],[134.341564,34.127474],[134.341541,34.128242],[134.341636,34.129335]]]},"properties":{"S_NAME":"土成町土成","HCODE":8101}},{"type":"Feature","geometry":{"type":"Polygon","coordinates":[[[134.336944,34.085067],[134.336353,34.088792],[134.336239,34.08958],[134.336201,34.090085],[134.33616,34.090266],[134.336156,34.090576],[134.336129,34.091004],[134.33604,34.091312],[134.336033,34.091597],[134.336614,34.091673],[134.33657,34.092192],[134.336544,34.092274],[134.336285,34.092932],[134.336169,34.093187],[134.33572,34.095137],[134.335665,34.095272],[134.335601,34.095486],[134.335538,34.095777],[134.33556,34.09598],[134.335617,34.096226],[134.335582,34.096347],[134.335319,34.096832],[134.335294,34.097252],[134.335324,34.0976],[134.335212,34.097688],[134.335323,34.097921],[134.335317,34.098225],[134.335354,34.098507],[134.33543,34.098869],[134.335402,34.099906],[134.335483,34.099926],[134.335115,34.099902],[134.334651,34.099886],[134.334141,34.09989],[134.333375,34.09988],[134.332191,34.099903],[134.331635,34.099876],[134.330923,34.099737],[134.331348,34.099446],[134.33141,34.099279],[134.331453,34.098953],[134.331568,34.098589],[134.331491,34.098195],[134.331604,34.097626],[134.331506,34.09693],[134.33179,34.096163],[134.332011,34.095442],[134.332159,34.094789],[134.332239,34.094572],[134.332351,34.094113],[134.332379,34.093929],[134.332445,34.093666],[134.332486,34.093408],[134.33252,34.093225],[134.332537,34.093066],[134.332536,34.092902],[134.332557,34.092792],[134.332591,34.092723],[134.332626,34.092605],[134.332715,34.092339],[134.332786,34.092163],[134.332858,34.091977],[134.33287,34.091825],[134.33285,34.091646],[134.332874,34.091566],[134.332938,34.091547],[134.333029,34.091505],[134.33311,34.091439],[134.333146,34.091341],[134.333185,34.091154],[134.333211,34.090998],[134.333306,34.090971],[134.333384,34.090963],[134.33341,34.090784],[134.33342,34.090546],[134.333408,34.09015],[134.333446,34.090073],[134.333546,34.090001],[134.333815,34.089877],[134.334078,34.089735],[134.33421,34.089624],[134.3344,34.08947],[134.334495,34.089371],[134.334595,34.089283],[134.334695,34.089252],[134.3348,34.08924],[134.335018,34.08908],[134.335552,34.085049],[134.336944,34.085067]]]},"properties":{"S_NAME":"土成町郡","HCODE":8101}},{"type":"Feature","geometry":{"type":"Polygon","coordinates":[[[134.326685,34.114128],[134.326591,34.114258],[134.326533,34.114282],[134.326415,34.114291],[134.326346,34.114243],[134.326297,34.114194],[134.326198,34.114081],[134.326129,34.114081],[134.325974,34.114229],[134.325827,34.114271],[134.32567,34.11428],[134.325572,34.114265],[134.325464,34.114208],[134.325394,34.114127],[134.325344,34.113997],[134.325303,34.1138],[134.325622,34.113341],[134.324996,34.113697],[134.323822,34.114204],[134.323138,34.114466],[134.322904,34.11463],[134.322712,34.11471],[134.322243,34.114891],[134.321901,34.115001],[134.321477,34.115106],[134.321131,34.115199],[134.321496,34.112476],[134.321708,34.111504],[134.32187,34.11123],[134.322048,34.110818],[134.322336,34.110376],[134.322694,34.110005],[134.322856,34.109538],[134.322732,34.109113],[134.322522,34.108818],[134.32241,34.1085],[134.322429,34.108124],[134.322495,34.107907],[134.322566,34.107693],[134.322501,34.10758],[134.322389,34.107329],[134.322461,34.107208],[134.322542,34.107063],[134.322695,34.106857],[134.322666,34.106645],[134.322691,34.106447],[134.322681,34.10631],[134.322534,34.106205],[134.322526,34.105894],[134.322525,34.105804],[134.322522,34.105537],[134.321936,34.105079],[134.321657,34.104821],[134.321665,34.103773],[134.32181,34.102671],[134.321892,34.101713],[134.321608,34.101639],[134.321624,34.101373],[134.322299,34.101293],[134.322743,34.101133],[134.323247,34.101089],[134.323692,34.10082],[134.32359,34.100205],[134.323778,34.099786],[134.323939,34.099489],[134.324037,34.099238],[134.324189,34.098865],[134.324123,34.098622],[134.324112,34.098432],[134.324091,34.098197],[134.324154,34.09806],[134.324234,34.097862],[134.32422,34.097551],[134.324401,34.09723],[134.324499,34.096941],[134.324504,34.096561],[134.324529,34.096054],[134.324613,34.095792],[134.324799,34.095272],[134.324975,34.094611],[134.325153,34.094626],[134.326193,34.094719],[134.326596,34.094846],[134.328407,34.095068],[134.329613,34.095261],[134.330497,34.095097],[134.330678,34.094912],[134.331231,34.093599],[134.331404,34.092981],[134.331515,34.092481],[134.331653,34.091808],[134.332055,34.091162],[134.332483,34.09016],[134.33248,34.089802],[134.332541,34.089584],[134.332575,34.089272],[134.33258,34.089232],[134.332865,34.08848],[134.332891,34.088413],[134.333126,34.087883],[134.334145,34.085803],[134.334416,34.085009],[134.335004,34.085021],[134.335552,34.085049],[134.335018,34.08908],[134.3348,34.08924],[134.334695,34.089252],[134.334595,34.089283],[134.334495,34.089371],[134.3344,34.08947],[134.33421,34.089624],[134.334078,34.089735],[134.333815,34.089877],[134.333546,34.090001],[134.333446,34.090073],[134.333408,34.09015],[134.33342,34.090546],[134.33341,34.090784],[134.333384,34.090963],[134.333306,34.090971],[134.333211,34.090998],[134.333185,34.091154],[134.333146,34.091341],[134.33311,34.091439],[134.333029,34.091505],[134.332938,34.091547],[134.332874,34.091566],[134.33285,34.091646],[134.33287,34.091825],[134.332858,34.091977],[134.332786,34.092163],[134.332715,34.092339],[134.332626,34.092605],[134.332591,34.092723],[134.332557,34.092792],[134.332536,34.092902],[134.332537,34.093066],[134.33252,34.093225],[134.332486,34.093408],[134.332445,34.093666],[134.332379,34.093929],[134.332351,34.094113],[134.332239,34.094572],[134.332159,34.094789],[134.332011,34.095442],[134.33179,34.096163],[134.331506,34.09693],[134.331604,34.097626],[134.331491,34.098195],[134.331568,34.098589],[134.331453,34.098953],[134.33141,34.099279],[134.331348,34.099446],[134.330923,34.099737],[134.329313,34.099157],[134.32944,34.099762],[134.329476,34.100217],[134.329393,34.100506],[134.329158,34.100923],[134.329182,34.101529],[134.329254,34.1019],[134.329212,34.102104],[134.329086,34.102409],[134.328887,34.102562],[134.328615,34.1027],[134.328443,34.102822],[134.3281,34.103203],[134.327829,34.10344],[134.327639,34.103616],[134.327482,34.103859],[134.326986,34.104317],[134.326815,34.104606],[134.326708,34.104864],[134.32663,34.105282],[134.326694,34.105673],[134.326925,34.106074],[134.327244,34.10655],[134.327323,34.107163],[134.327222,34.108013],[134.327089,34.108556],[134.327013,34.109248],[134.327033,34.109693],[134.327055,34.110179],[134.327082,34.110995],[134.327127,34.111786],[134.327022,34.112257],[134.326889,34.113129],[134.326762,34.113763],[134.326711,34.114017],[134.326685,34.114128]]]},"properties":{"S_NAME":"土成町成当","HCODE":8101}},{"type":"Feature","geometry":{"type":"Polygon","coordinates":[[[134.327608,34.13878],[134.325992,34.139416],[134.324738,34.139781],[134.323926,34.139983],[134.322998,34.140321],[134.322386,34.1405],[134.320989,34.140851],[134.320913,34.140853],[134.32065,34.140804],[134.320354,34.140794],[134.320118,34.140832],[134.319538,34.141047],[134.318114,34.141669],[134.317113,34.142205],[134.316287,34.142728],[134.315644,34.143172],[134.315576,34.143219],[134.315544,34.143262],[134.315166,34.143499],[134.315103,34.143543],[134.315088,34.143549],[134.314657,34.143709],[134.313965,34.144045],[134.313365,34.144211],[134.312962,34.144359],[134.312402,34.144572],[134.311679,34.144687],[134.310806,34.144706],[134.309977,34.144531],[134.309584,34.144572],[134.309298,34.14461],[134.309298,34.144588],[134.309298,34.144426],[134.308736,34.143793],[134.308261,34.143527],[134.307799,34.143035],[134.307561,34.142918],[134.307261,34.142852],[134.307061,34.142585],[134.306524,34.14231],[134.306349,34.142085],[134.306174,34.141952],[134.306086,34.141619],[134.305849,34.14141],[134.305324,34.141169],[134.304999,34.140219],[134.304699,34.139544],[134.304399,34.139027],[134.304049,34.138602],[134.303899,34.138552],[134.303024,34.138486],[134.302787,34.138402],[134.302612,34.138086],[134.302399,34.137186],[134.302187,34.136644],[134.30195,34.136236],[134.301662,34.135853],[134.301537,34.135786],[134.300862,34.135636],[134.300662,34.135453],[134.300537,34.135094],[134.3003,34.134711],[134.299887,34.134595],[134.299625,34.134303],[134.29945,34.134011],[134.299125,34.133745],[134.298687,34.133653],[134.298425,34.133628],[134.298275,34.133586],[134.298475,34.132795],[134.298413,34.132461],[134.29845,34.132261],[134.298461,34.132254],[134.29865,34.13212],[134.299291,34.131953],[134.299675,34.131853],[134.300175,34.131653],[134.300537,34.13147],[134.3008,34.131178],[134.301325,34.130812],[134.301887,34.13057],[134.302237,34.13052],[134.302675,34.130545],[134.30315,34.130453],[134.303825,34.129937],[134.304912,34.129728],[134.305787,34.129503],[134.306137,34.129278],[134.306436,34.128786],[134.306287,34.128112],[134.305987,34.127345],[134.305425,34.126378],[134.305312,34.125637],[134.305162,34.125387],[134.304925,34.125187],[134.304925,34.125011],[134.304925,34.124962],[134.305162,34.124645],[134.305512,34.124262],[134.305775,34.123787],[134.3058,34.123629],[134.305737,34.12327],[134.305425,34.12287],[134.304412,34.122012],[134.304037,34.121604],[134.303538,34.120596],[134.303325,34.119879],[134.303288,34.119429],[134.303588,34.118954],[134.303763,34.118862],[134.304341,34.118601],[134.304477,34.118539],[134.30546,34.118113],[134.305986,34.117895],[134.306278,34.117727],[134.306375,34.117512],[134.306262,34.117304],[134.305941,34.116977],[134.305654,34.116666],[134.305447,34.116297],[134.305362,34.115909],[134.305314,34.115761],[134.305277,34.115547],[134.305628,34.115427],[134.306261,34.115326],[134.307013,34.115321],[134.307916,34.115276],[134.30848,34.115301],[134.308864,34.1153],[134.3093,34.115363],[134.310739,34.115823],[134.311327,34.115897],[134.31238,34.116029],[134.313325,34.116002],[134.313826,34.115949],[134.314495,34.115895],[134.315104,34.115802],[134.315546,34.115739],[134.316013,34.115737],[134.316604,34.115874],[134.317358,34.115902],[134.317829,34.115823],[134.318265,34.115862],[134.3188,34.115823],[134.321131,34.115199],[134.321477,34.115106],[134.321901,34.115001],[134.322243,34.114891],[134.322712,34.11471],[134.322904,34.11463],[134.323138,34.114466],[134.323822,34.114204],[134.324996,34.113697],[134.325622,34.113341],[134.325303,34.1138],[134.325344,34.113997],[134.325394,34.114127],[134.325464,34.114208],[134.325572,34.114265],[134.32567,34.11428],[134.325827,34.114271],[134.325974,34.114229],[134.326129,34.114081],[134.326198,34.114081],[134.326297,34.114194],[134.326346,34.114243],[134.326415,34.114291],[134.326533,34.114282],[134.326591,34.114258],[134.326685,34.114128],[134.326545,34.114722],[134.326337,34.114951],[134.326303,34.11514],[134.326436,34.115708],[134.326576,34.116108],[134.326489,34.116541],[134.326319,34.11686],[134.326145,34.117248],[134.325841,34.118757],[134.325738,34.11918],[134.325694,34.119584],[134.325589,34.120032],[134.325545,34.120222],[134.32515,34.121793],[134.324868,34.122669],[134.324755,34.122833],[134.324312,34.1232],[134.324223,34.123458],[134.324169,34.123973],[134.323982,34.124422],[134.323923,34.12475],[134.323945,34.125368],[134.323977,34.125762],[134.324023,34.126213],[134.32399,34.127789],[134.323846,34.128809],[134.323715,34.129644],[134.323661,34.130571],[134.323712,34.131555],[134.323836,34.132319],[134.323918,34.132596],[134.32404,34.132978],[134.324282,34.133544],[134.324793,34.134478],[134.325302,34.135286],[134.32604,34.136624],[134.326917,34.137939],[134.327608,34.13878]]]},"properties":{"S_NAME":"土成町浦池","HCODE":8101}},{"type":"Feature","geometry":{"type":"Polygon","coordinates":[[[134.316847,34.092363],[134.316783,34.092633],[134.316777,34.092756],[134.31672,34.093092],[134.316663,34.093779],[134.316569,34.094285],[134.316597,34.095389],[134.316531,34.095679],[134.316385,34.096512],[134.316151,34.09758],[134.315598,34.09748],[134.315214,34.097448],[134.314791,34.097514],[134.314417,34.097474],[134.314167,34.097472],[134.313973,34.097487],[134.31396,34.097818],[134.313848,34.098161],[134.31376,34.098474],[134.313391,34.098814],[134.313078,34.098922],[134.312757,34.099009],[134.312633,34.099284],[134.31255,34.099461],[134.312551,34.099587],[134.312502,34.099847],[134.312466,34.100206],[134.312328,34.10049],[134.31244,34.100736],[134.312442,34.100982],[134.312575,34.101549],[134.313044,34.102414],[134.312982,34.102999],[134.312856,34.104021],[134.312795,34.104239],[134.312815,34.104598],[134.312987,34.104886],[134.313171,34.105047],[134.313443,34.105657],[134.313284,34.105806],[134.313014,34.105935],[134.312982,34.106118],[134.313162,34.106363],[134.31314,34.106998],[134.313111,34.10729],[134.313129,34.107653],[134.313243,34.108137],[134.3132,34.108292],[134.313159,34.108968],[134.313194,34.109195],[134.313208,34.109288],[134.313341,34.109592],[134.313445,34.109784],[134.31357,34.110016],[134.313691,34.110432],[134.313851,34.111281],[134.314192,34.112504],[134.314304,34.112984],[134.31448,34.113411],[134.315157,34.114814],[134.315202,34.115066],[134.3151,34.115205],[134.315033,34.115296],[134.314455,34.115353],[134.313898,34.115375],[134.313201,34.115284],[134.313101,34.115263],[134.311922,34.11501],[134.310591,34.114438],[134.309709,34.114012],[134.30827,34.113161],[134.307059,34.112485],[134.306053,34.111956],[134.306201,34.11182],[134.306534,34.111582],[134.306898,34.111436],[134.307261,34.111248],[134.307451,34.110951],[134.307517,34.110344],[134.307523,34.109913],[134.307533,34.109432],[134.3077,34.10893],[134.307728,34.108587],[134.307755,34.108157],[134.307833,34.107886],[134.308088,34.107713],[134.308582,34.10762],[134.309025,34.10733],[134.30927,34.106924],[134.309487,34.106239],[134.309613,34.105888],[134.309408,34.105429],[134.309342,34.104882],[134.308992,34.104386],[134.308865,34.103864],[134.308682,34.103199],[134.308661,34.103086],[134.308674,34.102843],[134.3087,34.102654],[134.308705,34.102639],[134.308757,34.102488],[134.308894,34.102319],[134.309213,34.102114],[134.309871,34.101832],[134.310032,34.101713],[134.310027,34.101635],[134.310011,34.101516],[134.309956,34.101328],[134.309955,34.101196],[134.310006,34.101008],[134.310057,34.100838],[134.310131,34.100643],[134.310167,34.100479],[134.310218,34.100278],[134.310254,34.100065],[134.31026,34.099889],[134.310251,34.099807],[134.310197,34.099676],[134.310113,34.099526],[134.309976,34.099401],[134.309805,34.099228],[134.309632,34.099134],[134.309776,34.098298],[134.30996,34.097934],[134.310182,34.097771],[134.310413,34.097613],[134.31063,34.09749],[134.310846,34.097316],[134.311047,34.097113],[134.311199,34.097011],[134.311198,34.096862],[134.311079,34.096629],[134.311057,34.096307],[134.311127,34.096097],[134.311188,34.095887],[134.311162,34.095702],[134.311257,34.095516],[134.311418,34.095284],[134.311453,34.095233],[134.311425,34.095039],[134.311348,34.094875],[134.311322,34.094694],[134.311195,34.094537],[134.311169,34.094328],[134.311253,34.094005],[134.311415,34.093795],[134.311802,34.093655],[134.31195,34.093445],[134.312636,34.092731],[134.312707,34.092662],[134.312828,34.092545],[134.312943,34.092459],[134.313704,34.092478],[134.314122,34.092492],[134.31422,34.092495],[134.314678,34.092571],[134.315186,34.092652],[134.315571,34.092599],[134.315945,34.092436],[134.316593,34.092374],[134.316803,34.09235],[134.316847,34.092363]]]},"properties":{"S_NAME":"土成町水田","HCODE":8101}},{"type":"Feature","geometry":{"type":"Polygon","coordinates":[[[134.317358,34.115902],[134.317527,34.115032],[134.31786,34.113359],[134.317957,34.113001],[134.31803,34.112688],[134.318089,34.112433],[134.318119,34.11231],[134.318105,34.112199],[134.318054,34.11213],[134.31797,34.112083],[134.317855,34.112015],[134.317682,34.111916],[134.317591,34.111762],[134.317519,34.111609],[134.31744,34.111392],[134.317407,34.111217],[134.317399,34.111069],[134.317391,34.11091],[134.317351,34.110745],[134.317337,34.110555],[134.317392,34.110368],[134.317586,34.109861],[134.317685,34.10916],[134.317683,34.108832],[134.317707,34.10865],[134.31779,34.108399],[134.317774,34.108013],[134.317787,34.107921],[134.317773,34.107841],[134.317811,34.107745],[134.317874,34.107724],[134.317957,34.107702],[134.317988,34.107612],[134.318032,34.107564],[134.318147,34.107526],[134.318242,34.107456],[134.318279,34.10736],[134.318278,34.107265],[134.318226,34.107148],[134.318231,34.107064],[134.318262,34.106952],[134.318274,34.106809],[134.318291,34.106634],[134.31795,34.106471],[134.317962,34.106448],[134.31804,34.106341],[134.318103,34.106151],[134.318102,34.10606],[134.317937,34.10589],[134.317802,34.105568],[134.317676,34.105431],[134.317411,34.105214],[134.317221,34.104876],[134.317246,34.104611],[134.317361,34.104363],[134.317622,34.104125],[134.317751,34.103859],[134.317761,34.103422],[134.317716,34.103123],[134.317414,34.102692],[134.317419,34.102495],[134.317572,34.102327],[134.318454,34.101903],[134.319,34.101611],[134.319126,34.101435],[134.319168,34.101086],[134.319216,34.100394],[134.319432,34.099588],[134.319558,34.099351],[134.31973,34.099206],[134.319912,34.099091],[134.32012,34.09896],[134.320274,34.098739],[134.320534,34.098297],[134.321092,34.097868],[134.321454,34.097539],[134.321882,34.097437],[134.322293,34.097285],[134.322709,34.097355],[134.322667,34.096939],[134.322703,34.096736],[134.322859,34.096448],[134.323029,34.096284],[134.323128,34.096201],[134.322842,34.095771],[134.322739,34.095583],[134.322601,34.095404],[134.322442,34.095276],[134.322169,34.09507],[134.321865,34.094878],[134.321689,34.094721],[134.321482,34.094489],[134.321349,34.094384],[134.321066,34.094253],[134.320741,34.094057],[134.320506,34.093887],[134.320175,34.093651],[134.319876,34.093423],[134.319763,34.093314],[134.31956,34.093157],[134.319147,34.092893],[134.31943,34.092903],[134.320463,34.093037],[134.320571,34.093052],[134.321448,34.093173],[134.322827,34.093227],[134.323434,34.093158],[134.323273,34.093777],[134.32312,34.094329],[134.324542,34.094525],[134.324975,34.094611],[134.324799,34.095272],[134.324613,34.095792],[134.324529,34.096054],[134.324504,34.096561],[134.324499,34.096941],[134.324401,34.09723],[134.32422,34.097551],[134.324234,34.097862],[134.324154,34.09806],[134.324091,34.098197],[134.324112,34.098432],[134.324123,34.098622],[134.324189,34.098865],[134.324037,34.099238],[134.323939,34.099489],[134.323778,34.099786],[134.32359,34.100205],[134.323692,34.10082],[134.323247,34.101089],[134.322743,34.101133],[134.322299,34.101293],[134.321624,34.101373],[134.321608,34.101639],[134.321892,34.101713],[134.32181,34.102671],[134.321665,34.103773],[134.321657,34.104821],[134.321936,34.105079],[134.322522,34.105537],[134.322525,34.105804],[134.322526,34.105894],[134.322534,34.106205],[134.322681,34.10631],[134.322691,34.106447],[134.322666,34.106645],[134.322695,34.106857],[134.322542,34.107063],[134.322461,34.107208],[134.322389,34.107329],[134.322501,34.10758],[134.322566,34.107693],[134.322495,34.107907],[134.322429,34.108124],[134.32241,34.1085],[134.322522,34.108818],[134.322732,34.109113],[134.322856,34.109538],[134.322694,34.110005],[134.322336,34.110376],[134.322048,34.110818],[134.32187,34.11123],[134.321708,34.111504],[134.321496,34.112476],[134.321131,34.115199],[134.3188,34.115823],[134.318265,34.115862],[134.317829,34.115823],[134.317358,34.115902]]]},"properties":{"S_NAME":"土成町水田","HCODE":8101}},{"type":"Feature","geometry":{"type":"Polygon","coordinates":[[[134.317358,34.115902],[134.316604,34.115874],[134.316013,34.115737],[134.315546,34.115739],[134.315104,34.115802],[134.314495,34.115895],[134.313826,34.115949],[134.313325,34.116002],[134.31238,34.116029],[134.311327,34.115897],[134.310739,34.115823],[134.3093,34.115363],[134.308864,34.1153],[134.30848,34.115301],[134.307916,34.115276],[134.307013,34.115321],[134.306261,34.115326],[134.305628,34.115427],[134.305277,34.115547],[134.305236,34.115171],[134.3052,34.11483],[134.305163,34.114363],[134.30524,34.113767],[134.3054,34.113504],[134.305772,34.113072],[134.305977,34.112758],[134.30588,34.112227],[134.30595,34.11205],[134.306053,34.111956],[134.307059,34.112485],[134.30827,34.113161],[134.309709,34.114012],[134.310591,34.114438],[134.311922,34.11501],[134.313101,34.115263],[134.313201,34.115284],[134.313898,34.115375],[134.314455,34.115353],[134.315033,34.115296],[134.3151,34.115205],[134.315202,34.115066],[134.315157,34.114814],[134.31448,34.113411],[134.314304,34.112984],[134.314192,34.112504],[134.313851,34.111281],[134.313691,34.110432],[134.31357,34.110016],[134.313445,34.109784],[134.313341,34.109592],[134.313208,34.109288],[134.313194,34.109195],[134.313159,34.108968],[134.3132,34.108292],[134.313243,34.108137],[134.313129,34.107653],[134.313111,34.10729],[134.31314,34.106998],[134.313162,34.106363],[134.312982,34.106118],[134.313014,34.105935],[134.313284,34.105806],[134.313443,34.105657],[134.313171,34.105047],[134.312987,34.104886],[134.312815,34.104598],[134.312795,34.104239],[134.312856,34.104021],[134.312982,34.102999],[134.313044,34.102414],[134.312575,34.101549],[134.312442,34.100982],[134.31244,34.100736],[134.312328,34.10049],[134.312466,34.100206],[134.312502,34.099847],[134.312551,34.099587],[134.31255,34.099461],[134.312633,34.099284],[134.312757,34.099009],[134.313078,34.098922],[134.313391,34.098814],[134.31376,34.098474],[134.313848,34.098161],[134.31396,34.097818],[134.313973,34.097487],[134.314167,34.097472],[134.314417,34.097474],[134.314791,34.097514],[134.315214,34.097448],[134.315598,34.09748],[134.316151,34.09758],[134.316385,34.096512],[134.316531,34.095679],[134.316597,34.095389],[134.316569,34.094285],[134.316663,34.093779],[134.31672,34.093092],[134.316777,34.092756],[134.316783,34.092633],[134.316847,34.092363],[134.316862,34.092368],[134.316889,34.09242],[134.316895,34.092517],[134.316903,34.092769],[134.316919,34.092826],[134.317105,34.09282],[134.317565,34.092827],[134.318526,34.092849],[134.318886,34.092895],[134.319147,34.092893],[134.31956,34.093157],[134.319763,34.093314],[134.319876,34.093423],[134.320175,34.093651],[134.320506,34.093887],[134.320741,34.094057],[134.321066,34.094253],[134.321349,34.094384],[134.321482,34.094489],[134.321689,34.094721],[134.321865,34.094878],[134.322169,34.09507],[134.322442,34.095276],[134.322601,34.095404],[134.322739,34.095583],[134.322842,34.095771],[134.323128,34.096201],[134.323029,34.096284],[134.322859,34.096448],[134.322703,34.096736],[134.322667,34.096939],[134.322709,34.097355],[134.322293,34.097285],[134.321882,34.097437],[134.321454,34.097539],[134.321092,34.097868],[134.320534,34.098297],[134.320274,34.098739],[134.32012,34.09896],[134.319912,34.099091],[134.31973,34.099206],[134.319558,34.099351],[134.319432,34.099588],[134.319216,34.100394],[134.319168,34.101086],[134.319126,34.101435],[134.319,34.101611],[134.318454,34.101903],[134.317572,34.102327],[134.317419,34.102495],[134.317414,34.102692],[134.317716,34.103123],[134.317761,34.103422],[134.317751,34.103859],[134.317622,34.104125],[134.317361,34.104363],[134.317246,34.104611],[134.317221,34.104876],[134.317411,34.105214],[134.317676,34.105431],[134.317802,34.105568],[134.317937,34.10589],[134.318102,34.10606],[134.318103,34.106151],[134.31804,34.106341],[134.317962,34.106448],[134.31795,34.106471],[134.318291,34.106634],[134.318274,34.106809],[134.318262,34.106952],[134.318231,34.107064],[134.318226,34.107148],[134.318278,34.107265],[134.318279,34.10736],[134.318242,34.107456],[134.318147,34.107526],[134.318032,34.107564],[134.317988,34.107612],[134.317957,34.107702],[134.317874,34.107724],[134.317811,34.107745],[134.317773,34.107841],[134.317787,34.107921],[134.317774,34.108013],[134.31779,34.108399],[134.317707,34.10865],[134.317683,34.108832],[134.317685,34.10916],[134.317586,34.109861],[134.317392,34.110368],[134.317337,34.110555],[134.317351,34.110745],[134.317391,34.11091],[134.317399,34.111069],[134.317407,34.111217],[134.31744,34.111392],[134.317519,34.111609],[134.317591,34.111762],[134.317682,34.111916],[134.317855,34.112015],[134.31797,34.112083],[134.318054,34.11213],[134.318105,34.112199],[134.318119,34.11231],[134.318089,34.112433],[134.31803,34.112688],[134.317957,34.113001],[134.31786,34.113359],[134.317527,34.115032],[134.317358,34.115902]]]},"properties":{"S_NAME":"土成町秋月","HCODE":8101}},{"type":"Feature","geometry":{"type":"Polygon","coordinates":[[[134.394506,34.099429],[134.394517,34.099579],[134.394636,34.100633],[134.394484,34.101418],[134.394198,34.102639],[134.39417,34.103539],[134.394136,34.104226],[134.395569,34.104527],[134.396278,34.104615],[134.39692,34.104636],[134.396975,34.103701],[134.397226,34.103792],[134.39799,34.104288],[134.397988,34.104391],[134.398554,34.104633],[134.398629,34.104554],[134.398891,34.104664],[134.399092,34.104372],[134.399653,34.104619],[134.40002,34.104778],[134.400235,34.104927],[134.400603,34.105201],[134.40096,34.10566],[134.401044,34.10576],[134.40122,34.105971],[134.401321,34.106092],[134.401387,34.106169],[134.401479,34.106544],[134.401582,34.10694],[134.401604,34.107056],[134.401611,34.107098],[134.401639,34.107262],[134.401667,34.10746],[134.401692,34.107653],[134.401714,34.107834],[134.401736,34.107998],[134.40174,34.108034],[134.401756,34.108145],[134.40177,34.108274],[134.401779,34.108393],[134.40178,34.108516],[134.401773,34.108655],[134.401762,34.108804],[134.40175,34.108954],[134.40174,34.109091],[134.401731,34.109124],[134.401706,34.109166],[134.401654,34.109238],[134.401547,34.109377],[134.401418,34.109539],[134.401343,34.109637],[134.401321,34.109665],[134.401282,34.109727],[134.401241,34.1098],[134.401161,34.109972],[134.401068,34.110174],[134.40095,34.110417],[134.400825,34.110674],[134.400733,34.110884],[134.400692,34.11097],[134.400601,34.11112],[134.400558,34.111191],[134.40052,34.111268],[134.400455,34.111412],[134.400396,34.111521],[134.400372,34.11157],[134.400336,34.111686],[134.400312,34.111743],[134.400278,34.111797],[134.400191,34.111895],[134.400211,34.112013],[134.400219,34.112077],[134.400223,34.112147],[134.400224,34.11223],[134.40022,34.112334],[134.400194,34.112594],[134.400175,34.112802],[134.40016,34.112954],[134.400137,34.113078],[134.400123,34.113148],[134.400106,34.113228],[134.400093,34.113271],[134.400092,34.113289],[134.400107,34.113294],[134.400228,34.113314],[134.400199,34.113413],[134.400178,34.113478],[134.400108,34.113648],[134.400091,34.113686],[134.400016,34.113849],[134.399897,34.114087],[134.399799,34.114276],[134.399787,34.114301],[134.399746,34.114379],[134.399676,34.114508],[134.399605,34.114639],[134.399492,34.114847],[134.399475,34.114883],[134.399432,34.114974],[134.399349,34.115148],[134.399366,34.115312],[134.399419,34.115709],[134.399245,34.115745],[134.398893,34.115823],[134.398945,34.115958],[134.398985,34.116083],[134.399017,34.116196],[134.397832,34.116471],[134.396644,34.116768],[134.396073,34.116965],[134.396036,34.116912],[134.395174,34.115657],[134.395085,34.115608],[134.394991,34.11557],[134.394893,34.115558],[134.394807,34.115556],[134.39436,34.115619],[134.394176,34.115625],[134.394171,34.115625],[134.394048,34.115614],[134.393795,34.115562],[134.392083,34.115123],[134.391822,34.115057],[134.391741,34.115037],[134.390764,34.114791],[134.39012,34.114616],[134.388508,34.114133],[134.388556,34.114026],[134.388673,34.113773],[134.388809,34.113525],[134.389176,34.112956],[134.389241,34.112876],[134.389286,34.112616],[134.389479,34.111562],[134.389518,34.111216],[134.389628,34.110764],[134.389804,34.110202],[134.390051,34.109683],[134.389979,34.109794],[134.390342,34.109145],[134.390355,34.10907],[134.390369,34.108948],[134.390398,34.108869],[134.390459,34.108788],[134.390483,34.108746],[134.390539,34.108405],[134.390632,34.10815],[134.390777,34.107763],[134.39089,34.107571],[134.390988,34.107449],[134.39106,34.107379],[134.391093,34.107332],[134.391094,34.107296],[134.39082,34.10578],[134.390644,34.104939],[134.390542,34.104413],[134.390841,34.104074],[134.390864,34.104015],[134.390874,34.103924],[134.390862,34.10384],[134.390771,34.10362],[134.390631,34.103327],[134.390466,34.102911],[134.390427,34.10277],[134.390344,34.102523],[134.390424,34.102508],[134.390814,34.102479],[134.391062,34.102568],[134.391385,34.102587],[134.391541,34.102635],[134.391695,34.10267],[134.391979,34.102671],[134.392351,34.102668],[134.392601,34.102623],[134.392509,34.101954],[134.392468,34.101866],[134.391953,34.101528],[134.392026,34.100715],[134.392073,34.100632],[134.392619,34.10063],[134.392759,34.100545],[134.392965,34.100544],[134.393168,34.10054],[134.393252,34.100191],[134.393332,34.099751],[134.393396,34.099577],[134.393421,34.099449],[134.393424,34.099047],[134.394045,34.099224],[134.394506,34.099429]]]},"properties":{"S_NAME":"吉野町五条","HCODE":8101}},{"type":"Feature","geometry":{"type":"Polygon","coordinates":[[[134.38512,34.117103],[134.384923,34.117108],[134.384826,34.116969],[134.384739,34.116978],[134.384547,34.116922],[134.384069,34.116953],[134.384061,34.117057],[134.383997,34.117248],[134.383976,34.117322],[134.383982,34.117444],[134.383085,34.116989],[134.382921,34.117155],[134.381861,34.116566],[134.382166,34.116169],[134.382851,34.116525],[134.383043,34.116322],[134.383675,34.116606],[134.383716,34.116552],[134.383829,34.11648],[134.383839,34.116435],[134.383791,34.116269],[134.384552,34.116368],[134.384546,34.116093],[134.384276,34.115989],[134.384646,34.114799],[134.384701,34.113879],[134.382875,34.113942],[134.381683,34.113842],[134.381086,34.113838],[134.380865,34.113863],[134.379818,34.113853],[134.379368,34.113848],[134.376915,34.113855],[134.376319,34.113893],[134.376188,34.113904],[134.375453,34.113962],[134.374337,34.114032],[134.373697,34.114148],[134.372768,34.114315],[134.372717,34.114322],[134.372181,34.114398],[134.371923,34.114457],[134.371591,34.11456],[134.371431,34.114611],[134.371365,34.113928],[134.371268,34.11331],[134.371037,34.113278],[134.370788,34.113233],[134.370517,34.11317],[134.370364,34.113115],[134.370537,34.112916],[134.370709,34.112634],[134.370606,34.112564],[134.370992,34.112243],[134.3709,34.112169],[134.371432,34.111842],[134.371644,34.111697],[134.371839,34.111547],[134.371944,34.111315],[134.37185,34.111142],[134.371849,34.111042],[134.371916,34.110886],[134.372247,34.11053],[134.371967,34.110356],[134.371691,34.110162],[134.3724,34.109524],[134.373097,34.109034],[134.374178,34.108241],[134.37198,34.107973],[134.371214,34.107924],[134.370219,34.107813],[134.369982,34.10774],[134.369619,34.107611],[134.369207,34.107421],[134.368969,34.107332],[134.368721,34.107261],[134.368602,34.107239],[134.368416,34.107204],[134.367812,34.107055],[134.366221,34.106536],[134.364692,34.106095],[134.364872,34.105531],[134.364949,34.105355],[134.364924,34.105278],[134.364825,34.105169],[134.364801,34.10501],[134.365507,34.104935],[134.365475,34.104772],[134.365093,34.104818],[134.365099,34.104618],[134.365194,34.103959],[134.365334,34.103515],[134.365398,34.103344],[134.366592,34.103037],[134.366969,34.102562],[134.367142,34.102201],[134.367366,34.101877],[134.367423,34.101697],[134.367753,34.101591],[134.368849,34.10036],[134.368924,34.10029],[134.368981,34.099953],[134.369351,34.099963],[134.369203,34.09971],[134.369168,34.09958],[134.369162,34.099469],[134.369256,34.098375],[134.369304,34.098107],[134.369369,34.097355],[134.369476,34.09703],[134.369654,34.096738],[134.36973,34.096517],[134.369924,34.096229],[134.370071,34.096204],[134.37013,34.096177],[134.370186,34.096097],[134.370349,34.09556],[134.371472,34.094932],[134.371871,34.094606],[134.371988,34.094511],[134.37228,34.094291],[134.372411,34.094106],[134.372792,34.09307],[134.373054,34.092372],[134.373227,34.091931],[134.373432,34.091385],[134.373776,34.090797],[134.374297,34.090043],[134.374681,34.089487],[134.374866,34.089228],[134.375099,34.088742],[134.382764,34.088377],[134.383413,34.088467],[134.387318,34.089824],[134.395789,34.092767],[134.394776,34.096318],[134.394521,34.09721],[134.394363,34.097814],[134.394458,34.098491],[134.394479,34.099065],[134.394506,34.099429],[134.394045,34.099224],[134.393424,34.099047],[134.393421,34.099449],[134.393396,34.099577],[134.393332,34.099751],[134.393252,34.100191],[134.393168,34.10054],[134.392965,34.100544],[134.392759,34.100545],[134.392619,34.10063],[134.392073,34.100632],[134.392026,34.100715],[134.391953,34.101528],[134.392468,34.101866],[134.392509,34.101954],[134.392601,34.102623],[134.392351,34.102668],[134.391979,34.102671],[134.391695,34.10267],[134.391541,34.102635],[134.391385,34.102587],[134.391062,34.102568],[134.390814,34.102479],[134.390424,34.102508],[134.390344,34.102523],[134.390427,34.10277],[134.390466,34.102911],[134.390631,34.103327],[134.390771,34.10362],[134.390862,34.10384],[134.390874,34.103924],[134.390864,34.104015],[134.390841,34.104074],[134.390542,34.104413],[134.390644,34.104939],[134.39082,34.10578],[134.391094,34.107296],[134.391093,34.107332],[134.39106,34.107379],[134.390988,34.107449],[134.39089,34.107571],[134.390777,34.107763],[134.390632,34.10815],[134.390539,34.108405],[134.390483,34.108746],[134.390459,34.108788],[134.390398,34.108869],[134.390369,34.108948],[134.390355,34.10907],[134.390342,34.109145],[134.389979,34.109794],[134.390051,34.109683],[134.389804,34.110202],[134.389628,34.110764],[134.389518,34.111216],[134.389479,34.111562],[134.389286,34.112616],[134.389241,34.112876],[134.389176,34.112956],[134.388809,34.113525],[134.388673,34.113773],[134.388556,34.114026],[134.388508,34.114133],[134.388214,34.114045],[134.387648,34.113907],[134.387403,34.113852],[134.386872,34.113781],[134.386298,34.113737],[134.386102,34.113731],[134.386033,34.113749],[134.386008,34.113779],[134.385991,34.113861],[134.385948,34.114422],[134.385909,34.114991],[134.385874,34.115238],[134.385824,34.115502],[134.385813,34.115679],[134.385803,34.115953],[134.385773,34.11613],[134.385748,34.116232],[134.385697,34.116319],[134.385634,34.116421],[134.385627,34.116434],[134.385583,34.116512],[134.385565,34.116598],[134.385546,34.116706],[134.38551,34.116862],[134.385447,34.117071],[134.385428,34.117135],[134.385409,34.117163],[134.385351,34.117141],[134.385254,34.117121],[134.385177,34.117111],[134.38512,34.117103]]]},"properties":{"S_NAME":"吉野町西条","HCODE":8101}},{"type":"Feature","geometry":{"type":"Polygon","coordinates":[[[134.375099,34.088742],[134.374866,34.089228],[134.374681,34.089487],[134.374297,34.090043],[134.373776,34.090797],[134.373432,34.091385],[134.373227,34.091931],[134.373054,34.092372],[134.372792,34.09307],[134.372411,34.094106],[134.37228,34.094291],[134.371988,34.094511],[134.371871,34.094606],[134.371472,34.094932],[134.370349,34.09556],[134.370186,34.096097],[134.37013,34.096177],[134.370071,34.096204],[134.369924,34.096229],[134.36973,34.096517],[134.369654,34.096738],[134.369476,34.09703],[134.369369,34.097355],[134.369304,34.098107],[134.369256,34.098375],[134.369162,34.099469],[134.369168,34.09958],[134.369203,34.09971],[134.369351,34.099963],[134.368981,34.099953],[134.368924,34.10029],[134.368849,34.10036],[134.367753,34.101591],[134.367423,34.101697],[134.367366,34.101877],[134.367142,34.102201],[134.366969,34.102562],[134.366592,34.103037],[134.365398,34.103344],[134.365334,34.103515],[134.365194,34.103959],[134.365099,34.104618],[134.365093,34.104818],[134.365475,34.104772],[134.365507,34.104935],[134.364801,34.10501],[134.364825,34.105169],[134.364924,34.105278],[134.364949,34.105355],[134.364872,34.105531],[134.364692,34.106095],[134.364461,34.10604],[134.363758,34.105873],[134.362713,34.105667],[134.36235,34.105606],[134.361435,34.10545],[134.360237,34.105195],[134.359634,34.105047],[134.359019,34.104913],[134.357769,34.104777],[134.357734,34.104973],[134.357295,34.104946],[134.357282,34.104945],[134.357253,34.105132],[134.356183,34.105022],[134.355688,34.104936],[134.355786,34.104496],[134.35509,34.104419],[134.355051,34.104624],[134.354365,34.104655],[134.354341,34.104656],[134.353999,34.104671],[134.354022,34.104404],[134.353693,34.104389],[134.353702,34.104272],[134.353681,34.104213],[134.352786,34.104202],[134.352359,34.104183],[134.352178,34.104174],[134.352132,34.104468],[134.351705,34.104441],[134.351663,34.10458],[134.351465,34.104549],[134.351451,34.104603],[134.351247,34.104578],[134.351227,34.104449],[134.350914,34.104418],[134.35085,34.104583],[134.350174,34.104573],[134.350193,34.1044],[134.350239,34.104074],[134.348963,34.103949],[134.348795,34.104119],[134.348614,34.104068],[134.348521,34.104041],[134.348716,34.103835],[134.34885,34.103684],[134.348953,34.103519],[134.349029,34.103291],[134.349062,34.103074],[134.349068,34.102959],[134.348358,34.102776],[134.348099,34.102724],[134.346916,34.102497],[134.346183,34.102335],[134.345254,34.10207],[134.345055,34.10194],[134.343816,34.10145],[134.343557,34.10137],[134.343392,34.101317],[134.342853,34.101144],[134.340663,34.100619],[134.34044,34.100598],[134.339578,34.100362],[134.339261,34.100456],[134.338471,34.100701],[134.338542,34.100092],[134.338216,34.099962],[134.338109,34.099922],[134.337786,34.0998],[134.337386,34.099857],[134.33674,34.09993],[134.336119,34.09993],[134.335913,34.099923],[134.335668,34.099931],[134.335483,34.099926],[134.335402,34.099906],[134.33543,34.098869],[134.335354,34.098507],[134.335317,34.098225],[134.335323,34.097921],[134.335212,34.097688],[134.335324,34.0976],[134.335294,34.097252],[134.335319,34.096832],[134.335582,34.096347],[134.335617,34.096226],[134.33556,34.09598],[134.335538,34.095777],[134.335601,34.095486],[134.335665,34.095272],[134.33572,34.095137],[134.336169,34.093187],[134.336285,34.092932],[134.336544,34.092274],[134.33657,34.092192],[134.336614,34.091673],[134.336033,34.091597],[134.33604,34.091312],[134.336129,34.091004],[134.336156,34.090576],[134.33616,34.090266],[134.336201,34.090085],[134.336239,34.08958],[134.336353,34.088792],[134.336944,34.085067],[134.342779,34.085553],[134.346277,34.085767],[134.34628,34.085767],[134.346327,34.085766],[134.346407,34.085763],[134.356759,34.085802],[134.357226,34.085804],[134.366619,34.086095],[134.37146,34.086244],[134.375394,34.086114],[134.376541,34.086028],[134.37683,34.086006],[134.375099,34.088742]]]},"properties":{"S_NAME":"吉野町柿原","HCODE":8101}}]}