{"type":"FeatureCollection","features":[{"type":"Feature","geometry":{"type":"Polygon","coordinates":[[[134.437696,34.076039],[134.437391,34.076329],[134.437135,34.07654],[134.436987,34.076525],[134.436568,34.076465],[134.436078,34.076596],[134.435653,34.076764],[134.435641,34.077038],[134.435612,34.077238],[134.435493,34.077421],[134.434835,34.077333],[134.434336,34.077256],[134.433932,34.07723],[134.433717,34.077208],[134.43363,34.077215],[134.433531,34.077286],[134.433449,34.077375],[134.433402,34.077425],[134.433299,34.077502],[134.432819,34.077592],[134.43277,34.077386],[134.432651,34.076973],[134.432533,34.076655],[134.43237,34.076418],[134.432119,34.07624],[134.431873,34.076046],[134.431643,34.075867],[134.431529,34.075718],[134.431499,34.075622],[134.431515,34.075503],[134.431473,34.075387],[134.43133,34.075146],[134.431307,34.075103],[134.431262,34.075033],[134.431132,34.074815],[134.43105,34.074666],[134.430983,34.074533],[134.430854,34.074446],[134.430706,34.074359],[134.430435,34.074162],[134.430147,34.074019],[134.429931,34.073917],[134.42963,34.073769],[134.429122,34.073505],[134.428901,34.073366],[134.428586,34.073215],[134.428361,34.073096],[134.428114,34.072974],[134.428023,34.072907],[134.427929,34.072864],[134.427789,34.072783],[134.427392,34.072625],[134.427055,34.07252],[134.427326,34.071582],[134.427465,34.071258],[134.427539,34.07093],[134.427588,34.070704],[134.427627,34.070418],[134.427734,34.070109],[134.427864,34.06962],[134.427918,34.069254],[134.427928,34.068985],[134.427885,34.068775],[134.427846,34.068529],[134.427803,34.06818],[134.427754,34.068097],[134.427681,34.067943],[134.427575,34.067743],[134.427482,34.067555],[134.427697,34.067441],[134.427772,34.067412],[134.427866,34.067374],[134.427979,34.067371],[134.42809,34.067383],[134.428015,34.067426],[134.427762,34.067493],[134.427789,34.067514],[134.42788,34.067513],[134.428044,34.06748],[134.428141,34.067448],[134.428285,34.067374],[134.428501,34.067257],[134.428785,34.067061],[134.429248,34.066702],[134.429893,34.066356],[134.430306,34.066181],[134.430545,34.066158],[134.430647,34.066262],[134.430699,34.066392],[134.430776,34.066544],[134.430941,34.066684],[134.431112,34.066766],[134.431332,34.066785],[134.431577,34.066747],[134.431859,34.06664],[134.43206,34.066549],[134.432254,34.066506],[134.432463,34.066546],[134.432697,34.066639],[134.432873,34.066669],[134.433055,34.066646],[134.433238,34.066619],[134.433372,34.066539],[134.433523,34.066502],[134.433712,34.066505],[134.433907,34.066551],[134.434128,34.066638],[134.434362,34.066726],[134.434654,34.066896],[134.435103,34.067107],[134.43558,34.067229],[134.435893,34.067341],[134.436357,34.067606],[134.436529,34.067709],[134.436705,34.067756],[134.436731,34.067906],[134.436762,34.068053],[134.436768,34.068241],[134.436787,34.068459],[134.436857,34.069244],[134.43696,34.069323],[134.437007,34.069539],[134.437081,34.069958],[134.437141,34.070251],[134.437203,34.070631],[134.437213,34.070687],[134.437286,34.071061],[134.437377,34.071446],[134.437425,34.071682],[134.437443,34.071888],[134.43745,34.072021],[134.437451,34.072115],[134.437452,34.072199],[134.437448,34.07231],[134.43744,34.072421],[134.437431,34.072536],[134.437233,34.072552],[134.437231,34.072813],[134.437212,34.072905],[134.437194,34.073034],[134.437144,34.073239],[134.437107,34.073375],[134.437046,34.073556],[134.436999,34.073629],[134.436917,34.073697],[134.436676,34.073884],[134.436591,34.074061],[134.43655,34.074286],[134.436537,34.074414],[134.436548,34.074507],[134.436575,34.074634],[134.436604,34.074762],[134.436697,34.074869],[134.436858,34.074994],[134.436964,34.075077],[134.43707,34.075219],[134.437174,34.075353],[134.437271,34.075468],[134.43739,34.07562],[134.437465,34.075766],[134.437563,34.075936],[134.437696,34.076039]]]},"properties":{"S_NAME":"石井字重松","HCODE":8101}},{"type":"Feature","geometry":{"type":"Polygon","coordinates":[[[134.42712,34.058],[134.427867,34.058214],[134.428068,34.058423],[134.428117,34.058502],[134.42814,34.058568],[134.42818,34.058827],[134.428461,34.058828],[134.428567,34.058747],[134.428875,34.058582],[134.429197,34.058422],[134.429358,34.058337],[134.42988,34.058158],[134.430525,34.057989],[134.430546,34.058043],[134.430738,34.058279],[134.431059,34.058526],[134.431299,34.058594],[134.43144,34.058587],[134.43154,34.058516],[134.431662,34.058375],[134.431683,34.058372],[134.431798,34.058415],[134.431947,34.058423],[134.432118,34.058409],[134.432325,34.05839],[134.432535,34.058262],[134.432744,34.058131],[134.432892,34.058099],[134.43304,34.058081],[134.433195,34.058108],[134.433351,34.058053],[134.433451,34.057987],[134.433507,34.057851],[134.433529,34.057758],[134.433477,34.057651],[134.433509,34.057525],[134.433591,34.057314],[134.43368,34.057234],[134.433792,34.057186],[134.434161,34.057044],[134.434245,34.057034],[134.434425,34.057079],[134.434571,34.057138],[134.43474,34.057212],[134.434972,34.05735],[134.435354,34.057464],[134.435384,34.057566],[134.435498,34.057724],[134.435533,34.057864],[134.435529,34.058065],[134.43547,34.058252],[134.435471,34.058415],[134.435558,34.058587],[134.435663,34.058715],[134.435792,34.058816],[134.435932,34.058863],[134.436081,34.058904],[134.436344,34.058995],[134.436398,34.059014],[134.436511,34.059098],[134.43663,34.059158],[134.436782,34.059217],[134.437036,34.059341],[134.436933,34.059995],[134.436921,34.060091],[134.436884,34.060392],[134.436865,34.060573],[134.436829,34.060848],[134.436771,34.061327],[134.436754,34.061449],[134.436725,34.061639],[134.436682,34.061943],[134.436565,34.06329],[134.436659,34.063284],[134.437057,34.06327],[134.437515,34.063227],[134.437995,34.063199],[134.43801,34.063507],[134.438029,34.063651],[134.438059,34.063737],[134.438111,34.063781],[134.438211,34.063806],[134.438335,34.063818],[134.438325,34.064],[134.43828,34.064206],[134.438239,34.064332],[134.438188,34.064424],[134.438084,34.064416],[134.438027,34.06508],[134.437854,34.065087],[134.437878,34.065462],[134.437944,34.065626],[134.437626,34.066296],[134.437549,34.066405],[134.437345,34.06665],[134.43717,34.066832],[134.437043,34.066915],[134.437022,34.066963],[134.436958,34.067108],[134.436777,34.067524],[134.436705,34.067756],[134.436529,34.067709],[134.436357,34.067606],[134.435893,34.067341],[134.43558,34.067229],[134.435103,34.067107],[134.434654,34.066896],[134.434362,34.066726],[134.434128,34.066638],[134.433907,34.066551],[134.433712,34.066505],[134.433523,34.066502],[134.433372,34.066539],[134.433238,34.066619],[134.433055,34.066646],[134.432873,34.066669],[134.432697,34.066639],[134.432463,34.066546],[134.432254,34.066506],[134.43206,34.066549],[134.431859,34.06664],[134.431577,34.066747],[134.431332,34.066785],[134.431112,34.066766],[134.430941,34.066684],[134.430776,34.066544],[134.430699,34.066392],[134.430647,34.066262],[134.430545,34.066158],[134.430306,34.066181],[134.429893,34.066356],[134.429248,34.066702],[134.428785,34.067061],[134.428501,34.067257],[134.428285,34.067374],[134.428141,34.067448],[134.428044,34.06748],[134.42788,34.067513],[134.427789,34.067514],[134.427762,34.067493],[134.428015,34.067426],[134.42809,34.067383],[134.427979,34.067371],[134.427866,34.067374],[134.427772,34.067412],[134.427697,34.067441],[134.427482,34.067555],[134.427392,34.067421],[134.427174,34.067034],[134.427062,34.066776],[134.426903,34.066829],[134.426719,34.066896],[134.426517,34.066949],[134.426471,34.066802],[134.426523,34.066099],[134.426523,34.065074],[134.426842,34.064774],[134.427349,34.064756],[134.427153,34.063864],[134.427225,34.063546],[134.427303,34.063323],[134.42733,34.063073],[134.427331,34.062635],[134.427345,34.06237],[134.427353,34.062317],[134.427357,34.062284],[134.427333,34.06229],[134.427193,34.062268],[134.427223,34.061991],[134.427245,34.061854],[134.427255,34.061703],[134.427233,34.06158],[134.42721,34.061497],[134.427219,34.061485],[134.427185,34.061317],[134.427146,34.061082],[134.427153,34.060648],[134.42712,34.058]]]},"properties":{"S_NAME":"石井字城ノ内","HCODE":8101}},{"type":"Feature","geometry":{"type":"Polygon","coordinates":[[[134.462048,34.069318],[134.461919,34.069317],[134.461827,34.069254],[134.461734,34.069071],[134.46158,34.068933],[134.461411,34.068783],[134.461226,34.068525],[134.461049,34.068393],[134.460901,34.068245],[134.46085,34.068046],[134.460863,34.067866],[134.460919,34.067749],[134.46105,34.067679],[134.461138,34.067608],[134.461195,34.067556],[134.46117,34.067386],[134.461121,34.067328],[134.460926,34.067299],[134.460855,34.067293],[134.460818,34.067239],[134.46081,34.067184],[134.460802,34.067109],[134.460761,34.067012],[134.46072,34.066964],[134.460684,34.066928],[134.460647,34.066904],[134.460592,34.06688],[134.460501,34.066872],[134.460443,34.066891],[134.460407,34.066939],[134.460386,34.066988],[134.460357,34.067037],[134.460296,34.067073],[134.460201,34.067101],[134.459986,34.067137],[134.459717,34.067173],[134.459728,34.067086],[134.45964,34.067057],[134.459506,34.067097],[134.45936,34.067147],[134.459266,34.067128],[134.459155,34.067095],[134.458996,34.067067],[134.458821,34.067063],[134.458686,34.067069],[134.458558,34.06709],[134.4584,34.067086],[134.458315,34.067023],[134.45823,34.066931],[134.458188,34.066814],[134.458191,34.066615],[134.458171,34.066488],[134.458119,34.066389],[134.457985,34.066519],[134.457879,34.066583],[134.457858,34.066728],[134.457786,34.066845],[134.4577,34.066964],[134.45758,34.067047],[134.457403,34.067057],[134.457241,34.067018],[134.457124,34.066873],[134.457031,34.066592],[134.45699,34.066411],[134.456986,34.066311],[134.456884,34.066229],[134.45669,34.066145],[134.456618,34.066596],[134.456566,34.066784],[134.456626,34.066915],[134.456581,34.067338],[134.456581,34.067567],[134.456562,34.067825],[134.456532,34.068014],[134.45646,34.068177],[134.456405,34.06834],[134.456348,34.068483],[134.456288,34.068739],[134.456126,34.068708],[134.455912,34.068688],[134.455841,34.069439],[134.455906,34.069807],[134.455918,34.069808],[134.456086,34.069828],[134.456053,34.070257],[134.456043,34.070706],[134.456038,34.070821],[134.455378,34.070829],[134.455411,34.070949],[134.455439,34.071089],[134.455457,34.071216],[134.455453,34.071348],[134.45544,34.071441],[134.455409,34.071495],[134.455353,34.071595],[134.45532,34.071691],[134.455308,34.071778],[134.455281,34.071873],[134.455281,34.071936],[134.455319,34.072044],[134.455428,34.072215],[134.455493,34.07235],[134.455528,34.072414],[134.455561,34.072497],[134.455623,34.072621],[134.455637,34.072709],[134.455652,34.072805],[134.455568,34.072796],[134.454571,34.072703],[134.453543,34.072607],[134.453485,34.072602],[134.453323,34.072593],[134.453193,34.072585],[134.453095,34.072581],[134.452976,34.072573],[134.452835,34.072569],[134.4527,34.072561],[134.452537,34.072544],[134.452342,34.072523],[134.452098,34.072492],[134.451751,34.07244],[134.45086,34.072301],[134.450487,34.072233],[134.450285,34.072195],[134.449997,34.072135],[134.449897,34.072095],[134.449745,34.072068],[134.449539,34.072024],[134.449328,34.071976],[134.449157,34.071941],[134.448807,34.071868],[134.446717,34.071505],[134.446216,34.071407],[134.445983,34.071363],[134.445744,34.07132],[134.445555,34.071289],[134.445384,34.071267],[134.445197,34.071239],[134.445116,34.071214],[134.444931,34.071193],[134.444812,34.071189],[134.444728,34.071185],[134.44346,34.071073],[134.442018,34.070955],[134.441808,34.071656],[134.441755,34.071867],[134.441639,34.072364],[134.439836,34.072247],[134.439422,34.072223],[134.439348,34.072215],[134.439342,34.072099],[134.439167,34.07209],[134.439026,34.072091],[134.438814,34.072092],[134.438646,34.072071],[134.438457,34.072058],[134.43846,34.072358],[134.438466,34.072454],[134.437431,34.072536],[134.43744,34.072421],[134.437448,34.07231],[134.437452,34.072199],[134.437451,34.072115],[134.43745,34.072021],[134.437443,34.071888],[134.437425,34.071682],[134.437377,34.071446],[134.437286,34.071061],[134.437213,34.070687],[134.437203,34.070631],[134.437141,34.070251],[134.437081,34.069958],[134.437007,34.069539],[134.43696,34.069323],[134.436857,34.069244],[134.436787,34.068459],[134.436768,34.068241],[134.436762,34.068053],[134.436731,34.067906],[134.436705,34.067756],[134.436777,34.067524],[134.436958,34.067108],[134.437022,34.066963],[134.437043,34.066915],[134.43717,34.066832],[134.437345,34.06665],[134.437549,34.066405],[134.437626,34.066296],[134.437944,34.065626],[134.437878,34.065462],[134.437854,34.065087],[134.438027,34.06508],[134.438084,34.064416],[134.438188,34.064424],[134.438239,34.064332],[134.43828,34.064206],[134.438325,34.064],[134.438335,34.063818],[134.438211,34.063806],[134.438111,34.063781],[134.438059,34.063737],[134.438029,34.063651],[134.43801,34.063507],[134.437995,34.063199],[134.437515,34.063227],[134.437057,34.06327],[134.436659,34.063284],[134.436565,34.06329],[134.436682,34.061943],[134.436725,34.061639],[134.436754,34.061449],[134.436771,34.061327],[134.436829,34.060848],[134.436865,34.060573],[134.436884,34.060392],[134.436921,34.060091],[134.436933,34.059995],[134.437036,34.059341],[134.436782,34.059217],[134.43663,34.059158],[134.436511,34.059098],[134.436398,34.059014],[134.436344,34.058995],[134.436081,34.058904],[134.435932,34.058863],[134.435792,34.058816],[134.435663,34.058715],[134.435558,34.058587],[134.435471,34.058415],[134.43547,34.058252],[134.435529,34.058065],[134.435533,34.057864],[134.435498,34.057724],[134.435384,34.057566],[134.435354,34.057464],[134.434972,34.05735],[134.43474,34.057212],[134.434571,34.057138],[134.434425,34.057079],[134.434245,34.057034],[134.434161,34.057044],[134.433792,34.057186],[134.43368,34.057234],[134.433591,34.057314],[134.433509,34.057525],[134.433477,34.057651],[134.433529,34.057758],[134.433507,34.057851],[134.433451,34.057987],[134.433351,34.058053],[134.433195,34.058108],[134.43304,34.058081],[134.432892,34.058099],[134.432744,34.058131],[134.432535,34.058262],[134.432325,34.05839],[134.432118,34.058409],[134.431947,34.058423],[134.431798,34.058415],[134.431683,34.058372],[134.431662,34.058375],[134.43154,34.058516],[134.43144,34.058587],[134.431299,34.058594],[134.431059,34.058526],[134.430738,34.058279],[134.430546,34.058043],[134.430525,34.057989],[134.42988,34.058158],[134.429358,34.058337],[134.429197,34.058422],[134.428875,34.058582],[134.428567,34.058747],[134.428461,34.058828],[134.42818,34.058827],[134.42814,34.058568],[134.428117,34.058502],[134.428068,34.058423],[134.427867,34.058214],[134.42712,34.058],[134.423396,34.056297],[134.423449,34.056132],[134.423517,34.05597],[134.423589,34.055846],[134.423751,34.05554],[134.423853,34.055355],[134.424099,34.054996],[134.4243,34.054743],[134.424549,34.054494],[134.424847,34.054182],[134.424982,34.054046],[134.425166,34.053861],[134.425397,34.053648],[134.425694,34.05339],[134.425874,34.053227],[134.426075,34.053043],[134.42621,34.052936],[134.426284,34.05286],[134.426353,34.05284],[134.426493,34.052941],[134.426701,34.05301],[134.426971,34.053021],[134.427301,34.05298],[134.427563,34.052984],[134.427787,34.053091],[134.42802,34.05323],[134.428259,34.053273],[134.428667,34.053309],[134.428828,34.053295],[134.428943,34.053211],[134.429275,34.052987],[134.429429,34.052941],[134.429575,34.052959],[134.429738,34.053086],[134.429948,34.053225],[134.43011,34.053333],[134.430246,34.053437],[134.430362,34.053449],[134.430646,34.053428],[134.430831,34.053427],[134.431314,34.053276],[134.431452,34.053243],[134.43175,34.053061],[134.43198,34.052944],[134.432309,34.052913],[134.432492,34.052943],[134.432593,34.05301],[134.432727,34.053099],[134.432732,34.053102],[134.432807,34.053203],[134.432913,34.053276],[134.432914,34.053277],[134.43297,34.053385],[134.433094,34.053448],[134.433171,34.053466],[134.43347,34.053349],[134.433624,34.053354],[134.433755,34.053379],[134.433895,34.053531],[134.434067,34.053767],[134.434152,34.053811],[134.434291,34.053835],[134.434437,34.053834],[134.434802,34.053758],[134.435032,34.053743],[134.435248,34.053774],[134.435348,34.053754],[134.435585,34.053592],[134.435631,34.053604],[134.435902,34.053788],[134.436173,34.053875],[134.436357,34.053868],[134.436755,34.053964],[134.437041,34.05407],[134.437466,34.054278],[134.437651,34.054328],[134.437789,34.054302],[134.437951,34.0543],[134.438442,34.05413],[134.438557,34.05411],[134.438796,34.054121],[134.438903,34.05412],[134.43941,34.053969],[134.43964,34.053942],[134.439833,34.053972],[134.439971,34.053958],[134.440169,34.053949],[134.440298,34.053946],[134.44046,34.053945],[134.440814,34.05393],[134.440921,34.053929],[134.441136,34.053844],[134.441397,34.053765],[134.441672,34.053629],[134.441753,34.053599],[134.441876,34.053598],[134.442014,34.05361],[134.442638,34.053644],[134.44273,34.053643],[134.442815,34.053597],[134.442955,34.053523],[134.44349,34.053113],[134.443551,34.053068],[134.443603,34.053061],[134.443655,34.053098],[134.443997,34.05332],[134.444097,34.053344],[134.444197,34.053356],[134.444373,34.053272],[134.444871,34.053057],[134.445045,34.052951],[134.445258,34.053072],[134.445436,34.0532],[134.445458,34.053247],[134.445496,34.053523],[134.445469,34.053605],[134.445421,34.053717],[134.445323,34.053795],[134.445231,34.053842],[134.445161,34.053878],[134.445168,34.053913],[134.445232,34.053948],[134.44565,34.054074],[134.445782,34.054121],[134.445817,34.054134],[134.446007,34.054205],[134.446194,34.054331],[134.446294,34.054389],[134.4464,34.054389],[134.446752,34.054262],[134.446907,34.054244],[134.447048,34.054248],[134.447453,34.054416],[134.44763,34.054455],[134.447924,34.054503],[134.448221,34.054571],[134.448413,34.054646],[134.448668,34.054697],[134.449071,34.054718],[134.449672,34.054813],[134.449948,34.05487],[134.45009,34.054904],[134.450289,34.05499],[134.450503,34.0552],[134.450683,34.055373],[134.451014,34.055687],[134.45112,34.055739],[134.451276,34.05575],[134.451481,34.055724],[134.451734,34.05564],[134.451861,34.05561],[134.452017,34.055644],[134.452508,34.055934],[134.452671,34.056009],[134.452799,34.056061],[134.452951,34.056057],[134.45307,34.056021],[134.453141,34.056032],[134.45356,34.056246],[134.453589,34.056275],[134.453743,34.056768],[134.453786,34.056838],[134.453886,34.056919],[134.45417,34.057093],[134.454277,34.057104],[134.454411,34.057085],[134.454732,34.057086],[134.454747,34.057121],[134.454794,34.057242],[134.455071,34.057545],[134.455184,34.05767],[134.45529,34.057687],[134.455453,34.057715],[134.455651,34.057778],[134.455757,34.057783],[134.455927,34.057741],[134.45627,34.057468],[134.456324,34.057452],[134.45634,34.057458],[134.456489,34.057501],[134.456504,34.057536],[134.456638,34.057753],[134.456769,34.057893],[134.456993,34.058029],[134.457093,34.058075],[134.457234,34.058086],[134.457699,34.057947],[134.457771,34.057966],[134.457776,34.057974],[134.457877,34.058052],[134.457998,34.058238],[134.458086,34.05842],[134.458286,34.058578],[134.458629,34.058782],[134.458823,34.058905],[134.45905,34.058986],[134.459248,34.059055],[134.459461,34.059129],[134.459539,34.059176],[134.45959,34.059281],[134.459701,34.059692],[134.459808,34.059826],[134.459901,34.059913],[134.460057,34.059971],[134.460403,34.060011],[134.460991,34.060055],[134.461421,34.060066],[134.461592,34.060039],[134.462109,34.059912],[134.462312,34.05993],[134.462418,34.059912],[134.462544,34.05982],[134.462806,34.059598],[134.463184,34.059457],[134.463743,34.059344],[134.46399,34.059328],[134.464207,34.05936],[134.46451,34.059452],[134.464675,34.059556],[134.46484,34.059645],[134.465262,34.060179],[134.46546,34.060386],[134.465489,34.060411],[134.465565,34.06047],[134.465689,34.060491],[134.465912,34.060475],[134.465978,34.060497],[134.466206,34.060641],[134.466624,34.060806],[134.466885,34.060954],[134.466964,34.061008],[134.467029,34.06127],[134.467218,34.061588],[134.467482,34.061809],[134.46767,34.061928],[134.467631,34.061952],[134.467553,34.062001],[134.467449,34.062057],[134.467343,34.062137],[134.46714,34.062201],[134.466961,34.062172],[134.466857,34.06211],[134.466794,34.062087],[134.466736,34.062063],[134.466636,34.062043],[134.466517,34.062008],[134.466313,34.061993],[134.466164,34.06196],[134.466074,34.061946],[134.466027,34.061971],[134.466004,34.062045],[134.466023,34.062105],[134.465999,34.062174],[134.465911,34.062235],[134.465815,34.06225],[134.465696,34.062261],[134.465571,34.062257],[134.465458,34.062253],[134.46538,34.062229],[134.465338,34.062194],[134.465302,34.062155],[134.465235,34.062076],[134.465144,34.061983],[134.46509,34.061933],[134.465033,34.061914],[134.46495,34.061928],[134.46486,34.06197],[134.46478,34.061996],[134.464663,34.062077],[134.464518,34.062241],[134.464342,34.062369],[134.464276,34.062452],[134.464219,34.062544],[134.464045,34.062732],[134.463854,34.062867],[134.463677,34.062981],[134.463522,34.063145],[134.463252,34.063391],[134.463168,34.06345],[134.463079,34.063454],[134.462826,34.063458],[134.46251,34.063457],[134.462284,34.063459],[134.462201,34.063479],[134.462129,34.063514],[134.462082,34.063564],[134.462035,34.063629],[134.462012,34.063674],[134.462036,34.063723],[134.462085,34.063763],[134.46221,34.063777],[134.462406,34.063755],[134.462556,34.063754],[134.46274,34.063763],[134.462934,34.06378],[134.463122,34.063807],[134.463455,34.063961],[134.463596,34.064118],[134.463581,34.064321],[134.463419,34.064478],[134.463067,34.064604],[134.462959,34.064656],[134.46294,34.06474],[134.463035,34.064843],[134.463131,34.064904],[134.463187,34.065028],[134.463182,34.065182],[134.463285,34.065237],[134.463591,34.065227],[134.463766,34.065239],[134.463852,34.065267],[134.463924,34.065351],[134.463943,34.06543],[134.463945,34.065569],[134.463881,34.065723],[134.463763,34.065858],[134.463646,34.066003],[134.463581,34.066102],[134.46357,34.066192],[134.463625,34.066261],[134.463703,34.066305],[134.463816,34.066343],[134.464037,34.066498],[134.464122,34.066648],[134.464185,34.066774],[134.464345,34.066793],[134.464464,34.066848],[134.464489,34.066928],[134.464382,34.066998],[134.464316,34.067077],[134.464239,34.067298],[134.464227,34.067339],[134.464213,34.067386],[134.464034,34.067455],[134.463926,34.067447],[134.463669,34.067266],[134.463556,34.067114],[134.463235,34.066902],[134.463232,34.067059],[134.463281,34.067245],[134.463272,34.067387],[134.463212,34.067519],[134.463289,34.067582],[134.463426,34.067672],[134.463527,34.067817],[134.463513,34.067925],[134.463498,34.067974],[134.463479,34.068222],[134.463388,34.068691],[134.463343,34.068912],[134.463268,34.069052],[134.46317,34.069146],[134.463021,34.069194],[134.462657,34.069311],[134.46247,34.069341],[134.462221,34.069319],[134.462048,34.069318]]]},"properties":{"S_NAME":"石井字石井","HCODE":8101}},{"type":"Feature","geometry":{"type":"Polygon","coordinates":[[[134.455652,34.072805],[134.455637,34.072709],[134.455623,34.072621],[134.455561,34.072497],[134.455528,34.072414],[134.455493,34.07235],[134.455428,34.072215],[134.455319,34.072044],[134.455281,34.071936],[134.455281,34.071873],[134.455308,34.071778],[134.45532,34.071691],[134.455353,34.071595],[134.455409,34.071495],[134.45544,34.071441],[134.455453,34.071348],[134.455457,34.071216],[134.455439,34.071089],[134.455411,34.070949],[134.455378,34.070829],[134.456038,34.070821],[134.456043,34.070706],[134.456053,34.070257],[134.456086,34.069828],[134.455918,34.069808],[134.455906,34.069807],[134.455841,34.069439],[134.455912,34.068688],[134.456126,34.068708],[134.456288,34.068739],[134.456348,34.068483],[134.456405,34.06834],[134.45646,34.068177],[134.456532,34.068014],[134.456562,34.067825],[134.456581,34.067567],[134.456581,34.067338],[134.456626,34.066915],[134.456566,34.066784],[134.456618,34.066596],[134.45669,34.066145],[134.456884,34.066229],[134.456986,34.066311],[134.45699,34.066411],[134.457031,34.066592],[134.457124,34.066873],[134.457241,34.067018],[134.457403,34.067057],[134.45758,34.067047],[134.4577,34.066964],[134.457786,34.066845],[134.457858,34.066728],[134.457879,34.066583],[134.457985,34.066519],[134.458119,34.066389],[134.458171,34.066488],[134.458191,34.066615],[134.458188,34.066814],[134.45823,34.066931],[134.458315,34.067023],[134.4584,34.067086],[134.458558,34.06709],[134.458686,34.067069],[134.458821,34.067063],[134.458996,34.067067],[134.459155,34.067095],[134.459266,34.067128],[134.45936,34.067147],[134.459506,34.067097],[134.45964,34.067057],[134.459728,34.067086],[134.459717,34.067173],[134.459986,34.067137],[134.460201,34.067101],[134.460296,34.067073],[134.460357,34.067037],[134.460386,34.066988],[134.460407,34.066939],[134.460443,34.066891],[134.460501,34.066872],[134.460592,34.06688],[134.460647,34.066904],[134.460684,34.066928],[134.46072,34.066964],[134.460761,34.067012],[134.460802,34.067109],[134.46081,34.067184],[134.460818,34.067239],[134.460855,34.067293],[134.460926,34.067299],[134.461121,34.067328],[134.46117,34.067386],[134.461195,34.067556],[134.461138,34.067608],[134.46105,34.067679],[134.460919,34.067749],[134.460863,34.067866],[134.46085,34.068046],[134.460901,34.068245],[134.461049,34.068393],[134.461226,34.068525],[134.461411,34.068783],[134.46158,34.068933],[134.461734,34.069071],[134.461827,34.069254],[134.461919,34.069317],[134.462048,34.069318],[134.462714,34.069699],[134.462524,34.069982],[134.462698,34.070346],[134.462876,34.070366],[134.462884,34.070366],[134.463114,34.070384],[134.463938,34.070457],[134.464755,34.0705],[134.464601,34.071323],[134.464309,34.071408],[134.464118,34.071522],[134.464202,34.071706],[134.464305,34.072094],[134.465702,34.072357],[134.465605,34.072368],[134.465489,34.072567],[134.465022,34.072953],[134.464891,34.07315],[134.464746,34.073501],[134.464586,34.073896],[134.464409,34.074155],[134.463833,34.074071],[134.46303,34.073931],[134.46266,34.073874],[134.461723,34.073734],[134.461505,34.073711],[134.461146,34.073633],[134.45965,34.073423],[134.458782,34.073275],[134.457942,34.073109],[134.457407,34.073067],[134.456527,34.072958],[134.45621,34.072939],[134.45579,34.072905],[134.455664,34.07285],[134.455652,34.072805]]]},"properties":{"S_NAME":"石井字白鳥","HCODE":8101}},{"type":"Feature","geometry":{"type":"Polygon","coordinates":[[[134.468166,34.067387],[134.468065,34.06745],[134.467997,34.067491],[134.467982,34.067516],[134.467949,34.067571],[134.467878,34.067909],[134.467662,34.068847],[134.467608,34.069539],[134.467534,34.070293],[134.467477,34.070617],[134.467409,34.070694],[134.467254,34.071226],[134.466881,34.071286],[134.466778,34.071383],[134.466666,34.071594],[134.466541,34.071714],[134.466186,34.071928],[134.465998,34.072058],[134.465702,34.072357],[134.464305,34.072094],[134.464202,34.071706],[134.464118,34.071522],[134.464309,34.071408],[134.464601,34.071323],[134.464755,34.0705],[134.463938,34.070457],[134.463114,34.070384],[134.462884,34.070366],[134.462876,34.070366],[134.462698,34.070346],[134.462524,34.069982],[134.462714,34.069699],[134.462048,34.069318],[134.462221,34.069319],[134.46247,34.069341],[134.462657,34.069311],[134.463021,34.069194],[134.46317,34.069146],[134.463268,34.069052],[134.463343,34.068912],[134.463388,34.068691],[134.463479,34.068222],[134.463498,34.067974],[134.463513,34.067925],[134.463527,34.067817],[134.463426,34.067672],[134.463289,34.067582],[134.463212,34.067519],[134.463272,34.067387],[134.463281,34.067245],[134.463232,34.067059],[134.463235,34.066902],[134.463556,34.067114],[134.463669,34.067266],[134.463926,34.067447],[134.464034,34.067455],[134.464213,34.067386],[134.464227,34.067339],[134.464298,34.067406],[134.46436,34.067481],[134.464422,34.067557],[134.464475,34.067569],[134.464894,34.067629],[134.464951,34.067261],[134.465068,34.067141],[134.465154,34.067057],[134.465236,34.066937],[134.465281,34.066872],[134.465349,34.066758],[134.465623,34.066794],[134.465958,34.066849],[134.466423,34.066933],[134.467064,34.067042],[134.467081,34.067027],[134.467425,34.067093],[134.467659,34.067131],[134.468033,34.067222],[134.468166,34.067387]]]},"properties":{"S_NAME":"石井字尼寺","HCODE":8101}},{"type":"Feature","geometry":{"type":"Polygon","coordinates":[[[134.467081,34.067027],[134.467064,34.067042],[134.466423,34.066933],[134.465958,34.066849],[134.465623,34.066794],[134.465349,34.066758],[134.465281,34.066872],[134.465236,34.066937],[134.465154,34.067057],[134.465068,34.067141],[134.464951,34.067261],[134.464894,34.067629],[134.464475,34.067569],[134.464422,34.067557],[134.46436,34.067481],[134.464298,34.067406],[134.464227,34.067339],[134.464239,34.067298],[134.464316,34.067077],[134.464382,34.066998],[134.464489,34.066928],[134.464464,34.066848],[134.464345,34.066793],[134.464185,34.066774],[134.464122,34.066648],[134.464037,34.066498],[134.463816,34.066343],[134.463703,34.066305],[134.463625,34.066261],[134.46357,34.066192],[134.463581,34.066102],[134.463646,34.066003],[134.463763,34.065858],[134.463881,34.065723],[134.463945,34.065569],[134.463943,34.06543],[134.463924,34.065351],[134.463852,34.065267],[134.463766,34.065239],[134.463591,34.065227],[134.463285,34.065237],[134.463182,34.065182],[134.463187,34.065028],[134.463131,34.064904],[134.463035,34.064843],[134.46294,34.06474],[134.462959,34.064656],[134.463067,34.064604],[134.463419,34.064478],[134.463581,34.064321],[134.463596,34.064118],[134.463455,34.063961],[134.463122,34.063807],[134.462934,34.06378],[134.46274,34.063763],[134.462556,34.063754],[134.462406,34.063755],[134.46221,34.063777],[134.462085,34.063763],[134.462036,34.063723],[134.462012,34.063674],[134.462035,34.063629],[134.462082,34.063564],[134.462129,34.063514],[134.462201,34.063479],[134.462284,34.063459],[134.46251,34.063457],[134.462826,34.063458],[134.463079,34.063454],[134.463168,34.06345],[134.463252,34.063391],[134.463522,34.063145],[134.463677,34.062981],[134.463854,34.062867],[134.464045,34.062732],[134.464219,34.062544],[134.464276,34.062452],[134.464342,34.062369],[134.464518,34.062241],[134.464663,34.062077],[134.46478,34.061996],[134.46486,34.06197],[134.46495,34.061928],[134.465033,34.061914],[134.46509,34.061933],[134.465144,34.061983],[134.465235,34.062076],[134.465302,34.062155],[134.465338,34.062194],[134.46538,34.062229],[134.465458,34.062253],[134.465571,34.062257],[134.465696,34.062261],[134.465815,34.06225],[134.465911,34.062235],[134.465999,34.062174],[134.466023,34.062105],[134.466004,34.062045],[134.466027,34.061971],[134.466074,34.061946],[134.466164,34.06196],[134.466313,34.061993],[134.466517,34.062008],[134.466636,34.062043],[134.466736,34.062063],[134.466794,34.062087],[134.466857,34.06211],[134.466961,34.062172],[134.46714,34.062201],[134.467343,34.062137],[134.467449,34.062057],[134.467553,34.062001],[134.467631,34.061952],[134.46767,34.061928],[134.467991,34.062129],[134.468057,34.062147],[134.468114,34.062162],[134.46818,34.062406],[134.468484,34.062329],[134.468546,34.062265],[134.469016,34.062314],[134.468894,34.063023],[134.468837,34.063209],[134.468751,34.063467],[134.468726,34.063707],[134.468672,34.064099],[134.468425,34.065351],[134.468406,34.06542],[134.46835,34.065708],[134.467984,34.065682],[134.467931,34.065955],[134.467484,34.06589],[134.467426,34.065639],[134.467268,34.065635],[134.467246,34.065504],[134.467251,34.065395],[134.46723,34.065321],[134.467189,34.065321],[134.467155,34.065407],[134.467131,34.065676],[134.467092,34.065882],[134.467111,34.066039],[134.467147,34.06621],[134.467061,34.066473],[134.467049,34.066622],[134.467052,34.066913],[134.467081,34.067027]]]},"properties":{"S_NAME":"石井字内谷","HCODE":8101}},{"type":"Feature","geometry":{"type":"Polygon","coordinates":[[[134.467659,34.067131],[134.467815,34.066302],[134.468151,34.066327],[134.468523,34.066416],[134.468634,34.066423],[134.468576,34.06681],[134.468471,34.066808],[134.46844,34.067013],[134.468675,34.067042],[134.468672,34.067114],[134.468621,34.067446],[134.468332,34.067403],[134.468194,34.06737],[134.468166,34.067387],[134.468033,34.067222],[134.467659,34.067131]]]},"properties":{"S_NAME":"石井字内谷","HCODE":8101}},{"type":"Feature","geometry":{"type":"Polygon","coordinates":[[[134.410068,34.06971],[134.409869,34.069786],[134.409692,34.069778],[134.409203,34.06974],[134.409044,34.06972],[134.409091,34.070165],[134.408671,34.070284],[134.407936,34.070627],[134.407424,34.070888],[134.406765,34.071281],[134.406338,34.071464],[134.405743,34.07166],[134.405294,34.071831],[134.405074,34.071923],[134.404808,34.07201],[134.404658,34.072081],[134.404646,34.072318],[134.404601,34.072686],[134.40453,34.073004],[134.404469,34.073442],[134.404489,34.074405],[134.404626,34.07441],[134.404931,34.074451],[134.405167,34.074474],[134.405137,34.074907],[134.405076,34.075364],[134.405063,34.07556],[134.405063,34.075969],[134.405031,34.076165],[134.404984,34.07637],[134.40485,34.07675],[134.402007,34.076669],[134.401967,34.07658],[134.401922,34.076502],[134.401821,34.076404],[134.401783,34.076365],[134.401728,34.076312],[134.401745,34.075569],[134.401727,34.075291],[134.401722,34.074528],[134.401716,34.074413],[134.401711,34.074246],[134.40169,34.074095],[134.401683,34.073871],[134.401671,34.073707],[134.401677,34.073328],[134.401664,34.073005],[134.401664,34.072585],[134.401628,34.072293],[134.401624,34.072149],[134.401597,34.071968],[134.401602,34.071778],[134.401639,34.071542],[134.401676,34.071192],[134.40169,34.071078],[134.401704,34.071008],[134.401713,34.070976],[134.401753,34.070824],[134.40184,34.070636],[134.401878,34.070533],[134.401891,34.070415],[134.401875,34.070289],[134.401848,34.070109],[134.401819,34.069838],[134.401811,34.069576],[134.401844,34.069378],[134.401896,34.069095],[134.402009,34.068857],[134.402096,34.068696],[134.402103,34.068548],[134.402126,34.068429],[134.4021,34.06824],[134.402095,34.068075],[134.402074,34.067952],[134.402073,34.067946],[134.402015,34.067682],[134.402,34.067563],[134.401956,34.067393],[134.401973,34.067221],[134.402023,34.067057],[134.402082,34.066857],[134.402174,34.066647],[134.402213,34.066539],[134.402229,34.066493],[134.402265,34.066392],[134.402363,34.066028],[134.402473,34.065691],[134.402516,34.065292],[134.402581,34.064875],[134.402679,34.064474],[134.40279,34.064168],[134.402833,34.063913],[134.402919,34.063625],[134.403004,34.06332],[134.403029,34.063047],[134.403045,34.062958],[134.403046,34.062952],[134.403073,34.062815],[134.403082,34.062774],[134.403169,34.062707],[134.403298,34.062608],[134.403354,34.06252],[134.403385,34.062374],[134.403405,34.062199],[134.403404,34.062074],[134.403373,34.061851],[134.403351,34.061685],[134.403337,34.061523],[134.403292,34.061422],[134.403201,34.061284],[134.403066,34.061143],[134.403004,34.061018],[134.402942,34.060883],[134.403165,34.060991],[134.403307,34.061057],[134.403479,34.06109],[134.403611,34.061131],[134.403769,34.061142],[134.403855,34.061122],[134.403931,34.061111],[134.404096,34.061085],[134.404275,34.061067],[134.404384,34.061042],[134.40449,34.061035],[134.404575,34.061034],[134.404644,34.061051],[134.404695,34.061074],[134.404715,34.06114],[134.404805,34.061307],[134.40491,34.061488],[134.404973,34.061619],[134.405039,34.061686],[134.405088,34.061747],[134.405154,34.061787],[134.405203,34.061793],[134.405272,34.061789],[134.405365,34.061752],[134.405449,34.061697],[134.40551,34.061639],[134.405578,34.061534],[134.405617,34.061429],[134.405644,34.0613],[134.405651,34.061209],[134.405675,34.061094],[134.405759,34.060829],[134.405828,34.060474],[134.405812,34.060285],[134.405813,34.059968],[134.405762,34.059689],[134.405721,34.0594],[134.405683,34.059202],[134.405688,34.059021],[134.405822,34.058747],[134.405902,34.05889],[134.40596,34.059006],[134.406029,34.059131],[134.40614,34.059201],[134.406261,34.059244],[134.406393,34.059305],[134.406561,34.059464],[134.406739,34.059614],[134.406872,34.059693],[134.406981,34.059708],[134.407033,34.059617],[134.407048,34.059467],[134.407026,34.059341],[134.406988,34.059184],[134.407009,34.059121],[134.407084,34.059127],[134.407207,34.059233],[134.407385,34.059383],[134.407528,34.059444],[134.407683,34.059412],[134.407754,34.059339],[134.407793,34.059203],[134.407789,34.059049],[134.407828,34.058904],[134.40787,34.05884],[134.407979,34.058837],[134.4081,34.058889],[134.408165,34.058878],[134.408251,34.058841],[134.408389,34.058711],[134.408384,34.058928],[134.408347,34.059079],[134.408256,34.059113],[134.408166,34.059232],[134.408037,34.059409],[134.407974,34.059678],[134.407986,34.059821],[134.407999,34.060038],[134.407898,34.060251],[134.407866,34.060333],[134.4079,34.060455],[134.408017,34.060653],[134.408095,34.060847],[134.408094,34.060978],[134.407984,34.061082],[134.407931,34.061281],[134.407815,34.061411],[134.407787,34.061558],[134.407748,34.06188],[134.407892,34.061963],[134.408049,34.062056],[134.408193,34.062152],[134.408338,34.06226],[134.408457,34.062336],[134.40855,34.062398],[134.408617,34.062432],[134.408727,34.062467],[134.408863,34.06257],[134.408982,34.062737],[134.409076,34.062911],[134.409228,34.06298],[134.409388,34.062993],[134.409691,34.063088],[134.409745,34.063152],[134.409778,34.063253],[134.409787,34.063337],[134.409788,34.063442],[134.409778,34.063594],[134.409763,34.063699],[134.409732,34.063787],[134.409671,34.063941],[134.409639,34.064032],[134.40964,34.064214],[134.409717,34.064332],[134.409861,34.064373],[134.409911,34.064386],[134.410012,34.064421],[134.410239,34.064447],[134.410801,34.064366],[134.410927,34.064472],[134.410993,34.064651],[134.411004,34.064937],[134.410986,34.06532],[134.410886,34.065773],[134.410808,34.066581],[134.410793,34.066738],[134.410656,34.066822],[134.410625,34.067025],[134.410581,34.067358],[134.410528,34.067729],[134.410402,34.068236],[134.410264,34.068869],[134.410257,34.068961],[134.410068,34.06971]]]},"properties":{"S_NAME":"浦庄字上浦","HCODE":8101}},{"type":"Feature","geometry":{"type":"Polygon","coordinates":[[[134.412689,34.079411],[134.412478,34.079572],[134.412214,34.079693],[134.412034,34.07982],[134.411901,34.080087],[134.411864,34.080283],[134.411778,34.080447],[134.411701,34.080586],[134.411566,34.080837],[134.411489,34.081],[134.411364,34.081259],[134.411291,34.081329],[134.411169,34.081354],[134.411007,34.081355],[134.410677,34.081284],[134.410451,34.081249],[134.41017,34.081165],[134.40984,34.081078],[134.409581,34.081026],[134.409296,34.080951],[134.409085,34.0809],[134.408859,34.080873],[134.40855,34.080896],[134.408348,34.080885],[134.408205,34.080833],[134.408043,34.080789],[134.407792,34.08075],[134.407586,34.080744],[134.407414,34.080737],[134.407272,34.08075],[134.407094,34.080736],[134.406878,34.08071],[134.406737,34.080671],[134.406685,34.080657],[134.406478,34.080561],[134.406134,34.080509],[134.405895,34.080464],[134.405663,34.080344],[134.405605,34.08006],[134.405353,34.079903],[134.405224,34.079814],[134.405075,34.079651],[134.404926,34.079497],[134.404782,34.079311],[134.404633,34.079132],[134.404521,34.078982],[134.404368,34.078889],[134.40419,34.07878],[134.404032,34.078712],[134.403874,34.078644],[134.403746,34.078579],[134.403642,34.078535],[134.403519,34.078483],[134.403405,34.078435],[134.403286,34.078373],[134.403254,34.078357],[134.403122,34.078302],[134.402973,34.078201],[134.40284,34.078157],[134.402752,34.078125],[134.40251,34.078045],[134.40242,34.077997],[134.40241,34.077993],[134.402178,34.077853],[134.401902,34.077613],[134.401742,34.077446],[134.401721,34.077403],[134.40171,34.077393],[134.401661,34.077274],[134.401649,34.077249],[134.401645,34.07721],[134.401631,34.07715],[134.401643,34.077096],[134.401667,34.077043],[134.401673,34.077024],[134.401717,34.076976],[134.401759,34.076906],[134.401877,34.076797],[134.401996,34.076706],[134.402007,34.076669],[134.40485,34.07675],[134.404984,34.07637],[134.405031,34.076165],[134.405063,34.075969],[134.405063,34.07556],[134.405076,34.075364],[134.405137,34.074907],[134.405167,34.074474],[134.404931,34.074451],[134.404626,34.07441],[134.404489,34.074405],[134.404469,34.073442],[134.40453,34.073004],[134.404601,34.072686],[134.404646,34.072318],[134.404658,34.072081],[134.404808,34.07201],[134.405074,34.071923],[134.405294,34.071831],[134.405743,34.07166],[134.406338,34.071464],[134.406765,34.071281],[134.407424,34.070888],[134.407936,34.070627],[134.408671,34.070284],[134.409091,34.070165],[134.409044,34.06972],[134.409203,34.06974],[134.409692,34.069778],[134.409869,34.069786],[134.410068,34.06971],[134.41057,34.069473],[134.411715,34.069138],[134.41251,34.068903],[134.412652,34.068906],[134.413075,34.068923],[134.413522,34.068965],[134.414003,34.069006],[134.415291,34.069131],[134.416337,34.069226],[134.41673,34.069235],[134.417013,34.069245],[134.417479,34.069233],[134.41794,34.06923],[134.418274,34.069227],[134.418475,34.069246],[134.418722,34.069351],[134.418857,34.069435],[134.418439,34.069716],[134.418346,34.069816],[134.418216,34.07004],[134.418179,34.070175],[134.418275,34.070379],[134.418434,34.070601],[134.418615,34.070851],[134.418744,34.071127],[134.41883,34.071375],[134.418783,34.071543],[134.418599,34.071838],[134.418392,34.072185],[134.418067,34.072569],[134.417887,34.072895],[134.417695,34.073131],[134.417506,34.073365],[134.41734,34.073456],[134.417105,34.073527],[134.416915,34.073619],[134.41673,34.073747],[134.416633,34.073854],[134.416497,34.073973],[134.416351,34.074133],[134.416239,34.07424],[134.416155,34.074412],[134.416078,34.07456],[134.416001,34.074675],[134.415919,34.074786],[134.415812,34.07488],[134.415666,34.075053],[134.415532,34.075328],[134.415454,34.07563],[134.415334,34.075888],[134.415302,34.076117],[134.415286,34.076424],[134.415355,34.076672],[134.415387,34.076892],[134.415349,34.077007],[134.415262,34.077191],[134.415117,34.077389],[134.41492,34.077566],[134.414697,34.077767],[134.414405,34.078047],[134.414201,34.078269],[134.414031,34.078434],[134.413752,34.078705],[134.413616,34.078845],[134.413514,34.078909],[134.413362,34.078957],[134.413181,34.07904],[134.412857,34.079218],[134.412689,34.079411]]]},"properties":{"S_NAME":"浦庄字諏訪","HCODE":8101}},{"type":"Feature","geometry":{"type":"Polygon","coordinates":[[[134.427055,34.07252],[134.426918,34.072916],[134.426593,34.073757],[134.426148,34.075504],[134.426116,34.075791],[134.426143,34.075971],[134.42616,34.07626],[134.426112,34.076767],[134.426086,34.077516],[134.426097,34.078274],[134.426106,34.078461],[134.426108,34.078657],[134.426066,34.078887],[134.426041,34.079158],[134.426041,34.079495],[134.426089,34.079809],[134.42619,34.080095],[134.426378,34.080489],[134.426502,34.080602],[134.42631,34.08051],[134.426049,34.080399],[134.425729,34.080234],[134.425277,34.080044],[134.424879,34.079867],[134.424348,34.079728],[134.424068,34.079627],[134.423673,34.079499],[134.423209,34.079337],[134.42299,34.079306],[134.422632,34.079272],[134.422042,34.079243],[134.421571,34.079218],[134.421428,34.079207],[134.421325,34.079159],[134.421196,34.079111],[134.420975,34.079031],[134.420557,34.078973],[134.420541,34.078912],[134.420516,34.078802],[134.420485,34.078671],[134.420468,34.078496],[134.420473,34.078226],[134.420528,34.077883],[134.42053,34.077687],[134.420522,34.077386],[134.420529,34.077119],[134.420525,34.076768],[134.420577,34.076507],[134.420629,34.076359],[134.420631,34.076118],[134.42059,34.075914],[134.420533,34.07567],[134.420481,34.075425],[134.420404,34.075099],[134.420327,34.07481],[134.419716,34.075215],[134.419451,34.074833],[134.419197,34.074479],[134.418968,34.074175],[134.418658,34.073822],[134.418424,34.073526],[134.418299,34.07338],[134.418225,34.073299],[134.41814,34.073201],[134.418026,34.07306],[134.417887,34.072895],[134.418067,34.072569],[134.418392,34.072185],[134.418599,34.071838],[134.418783,34.071543],[134.41883,34.071375],[134.418744,34.071127],[134.418615,34.070851],[134.418434,34.070601],[134.418275,34.070379],[134.418179,34.070175],[134.418216,34.07004],[134.418346,34.069816],[134.418439,34.069716],[134.418857,34.069435],[134.419105,34.069323],[134.419489,34.069059],[134.419616,34.068997],[134.419909,34.068942],[134.419969,34.068917],[134.420057,34.068851],[134.42006,34.068687],[134.419964,34.068476],[134.419893,34.068266],[134.419837,34.068015],[134.419884,34.067948],[134.419994,34.067915],[134.420254,34.067975],[134.420273,34.06798],[134.42049,34.068036],[134.420737,34.068076],[134.42096,34.068157],[134.421083,34.068281],[134.42113,34.068502],[134.421127,34.06876],[134.421139,34.068857],[134.421218,34.068958],[134.421375,34.069054],[134.421608,34.069103],[134.421897,34.069128],[134.422141,34.069177],[134.422394,34.069238],[134.422552,34.06925],[134.422873,34.069242],[134.422921,34.06924],[134.423346,34.069242],[134.423784,34.069225],[134.424047,34.069223],[134.424407,34.069137],[134.424734,34.069093],[134.424983,34.069059],[134.425181,34.068877],[134.425473,34.068677],[134.425655,34.068601],[134.425994,34.068433],[134.426419,34.068208],[134.427208,34.067712],[134.427356,34.067624],[134.427482,34.067555],[134.427575,34.067743],[134.427681,34.067943],[134.427754,34.068097],[134.427803,34.06818],[134.427846,34.068529],[134.427885,34.068775],[134.427928,34.068985],[134.427918,34.069254],[134.427864,34.06962],[134.427734,34.070109],[134.427627,34.070418],[134.427588,34.070704],[134.427539,34.07093],[134.427465,34.071258],[134.427326,34.071582],[134.427055,34.07252]]]},"properties":{"S_NAME":"浦庄字国実","HCODE":8101}},{"type":"Feature","geometry":{"type":"Polygon","coordinates":[[[134.427055,34.07252],[134.427392,34.072625],[134.427789,34.072783],[134.427929,34.072864],[134.428023,34.072907],[134.428114,34.072974],[134.428361,34.073096],[134.428586,34.073215],[134.428901,34.073366],[134.429122,34.073505],[134.42963,34.073769],[134.429931,34.073917],[134.430147,34.074019],[134.430435,34.074162],[134.430706,34.074359],[134.430854,34.074446],[134.430983,34.074533],[134.43105,34.074666],[134.431132,34.074815],[134.431262,34.075033],[134.430208,34.076413],[134.430128,34.076542],[134.42987,34.077006],[134.429683,34.077336],[134.429482,34.077685],[134.42914,34.077827],[134.429178,34.077949],[134.429186,34.078058],[134.429173,34.078168],[134.42916,34.078255],[134.429138,34.078357],[134.429108,34.078464],[134.429027,34.078721],[134.42894,34.078942],[134.42884,34.079162],[134.428726,34.079467],[134.428584,34.07987],[134.428483,34.080146],[134.428131,34.080586],[134.427959,34.080834],[134.427773,34.081063],[134.427695,34.081133],[134.427678,34.081139],[134.427644,34.081106],[134.427246,34.080918],[134.426502,34.080602],[134.426378,34.080489],[134.42619,34.080095],[134.426089,34.079809],[134.426041,34.079495],[134.426041,34.079158],[134.426066,34.078887],[134.426108,34.078657],[134.426106,34.078461],[134.426097,34.078274],[134.426086,34.077516],[134.426112,34.076767],[134.42616,34.07626],[134.426143,34.075971],[134.426116,34.075791],[134.426148,34.075504],[134.426593,34.073757],[134.426918,34.072916],[134.427055,34.07252]]]},"properties":{"S_NAME":"浦庄字大万","HCODE":8101}},{"type":"Feature","geometry":{"type":"Polygon","coordinates":[[[134.418857,34.069435],[134.418722,34.069351],[134.418475,34.069246],[134.418274,34.069227],[134.41794,34.06923],[134.417479,34.069233],[134.417013,34.069245],[134.41673,34.069235],[134.416337,34.069226],[134.415291,34.069131],[134.414003,34.069006],[134.413522,34.068965],[134.413075,34.068923],[134.412652,34.068906],[134.41251,34.068903],[134.411715,34.069138],[134.41057,34.069473],[134.410068,34.06971],[134.410257,34.068961],[134.410264,34.068869],[134.410402,34.068236],[134.410528,34.067729],[134.410581,34.067358],[134.410625,34.067025],[134.410656,34.066822],[134.410793,34.066738],[134.410808,34.066581],[134.410886,34.065773],[134.410986,34.06532],[134.411004,34.064937],[134.410993,34.064651],[134.410927,34.064472],[134.410801,34.064366],[134.410239,34.064447],[134.410012,34.064421],[134.409911,34.064386],[134.409861,34.064373],[134.409717,34.064332],[134.40964,34.064214],[134.409639,34.064032],[134.409671,34.063941],[134.409732,34.063787],[134.409763,34.063699],[134.409778,34.063594],[134.409788,34.063442],[134.409787,34.063337],[134.409778,34.063253],[134.409745,34.063152],[134.409691,34.063088],[134.409388,34.062993],[134.409228,34.06298],[134.409076,34.062911],[134.408982,34.062737],[134.408863,34.06257],[134.408727,34.062467],[134.408617,34.062432],[134.40855,34.062398],[134.408457,34.062336],[134.408338,34.06226],[134.408193,34.062152],[134.408049,34.062056],[134.407892,34.061963],[134.407748,34.06188],[134.407787,34.061558],[134.407815,34.061411],[134.407931,34.061281],[134.407984,34.061082],[134.408094,34.060978],[134.408095,34.060847],[134.408017,34.060653],[134.4079,34.060455],[134.407866,34.060333],[134.407898,34.060251],[134.407999,34.060038],[134.407986,34.059821],[134.407974,34.059678],[134.408037,34.059409],[134.408166,34.059232],[134.408256,34.059113],[134.408347,34.059079],[134.408384,34.058928],[134.408389,34.058711],[134.408251,34.058841],[134.408165,34.058878],[134.4081,34.058889],[134.407979,34.058837],[134.40787,34.05884],[134.407828,34.058904],[134.407789,34.059049],[134.407793,34.059203],[134.407754,34.059339],[134.407683,34.059412],[134.407528,34.059444],[134.407385,34.059383],[134.407207,34.059233],[134.407084,34.059127],[134.407009,34.059121],[134.406988,34.059184],[134.407026,34.059341],[134.407048,34.059467],[134.407033,34.059617],[134.406981,34.059708],[134.406872,34.059693],[134.406739,34.059614],[134.406561,34.059464],[134.406393,34.059305],[134.406261,34.059244],[134.40614,34.059201],[134.406029,34.059131],[134.40596,34.059006],[134.405902,34.05889],[134.405822,34.058747],[134.405688,34.059021],[134.405683,34.059202],[134.405721,34.0594],[134.405762,34.059689],[134.405813,34.059968],[134.405812,34.060285],[134.405828,34.060474],[134.405759,34.060829],[134.405675,34.061094],[134.405651,34.061209],[134.405644,34.0613],[134.405617,34.061429],[134.405578,34.061534],[134.40551,34.061639],[134.405449,34.061697],[134.405365,34.061752],[134.405272,34.061789],[134.405203,34.061793],[134.405154,34.061787],[134.405088,34.061747],[134.405039,34.061686],[134.404973,34.061619],[134.40491,34.061488],[134.404805,34.061307],[134.404715,34.06114],[134.404695,34.061074],[134.404644,34.061051],[134.404575,34.061034],[134.40449,34.061035],[134.404384,34.061042],[134.404275,34.061067],[134.404096,34.061085],[134.403931,34.061111],[134.403855,34.061122],[134.403769,34.061142],[134.403611,34.061131],[134.403479,34.06109],[134.403307,34.061057],[134.403165,34.060991],[134.402942,34.060883],[134.402843,34.060727],[134.402739,34.060503],[134.402607,34.060289],[134.402585,34.060113],[134.402695,34.059995],[134.402865,34.059876],[134.403085,34.059622],[134.403234,34.059428],[134.403374,34.059242],[134.403375,34.059151],[134.403372,34.059051],[134.403369,34.059019],[134.403356,34.05888],[134.403307,34.058691],[134.403233,34.058361],[134.403176,34.058185],[134.403222,34.057987],[134.403263,34.057881],[134.403302,34.057763],[134.403331,34.057595],[134.403369,34.057402],[134.403408,34.05725],[134.403466,34.056964],[134.403438,34.056842],[134.403461,34.056628],[134.403516,34.056091],[134.403538,34.055847],[134.403559,34.055573],[134.403647,34.054958],[134.403722,34.054525],[134.40381,34.054247],[134.40392,34.054029],[134.403968,34.053948],[134.404088,34.053744],[134.404184,34.053561],[134.404242,34.053337],[134.404289,34.053005],[134.404291,34.052706],[134.404234,34.052536],[134.404355,34.052529],[134.404465,34.052535],[134.40477,34.052581],[134.404929,34.052633],[134.405357,34.052761],[134.405614,34.052871],[134.405884,34.052991],[134.406161,34.053096],[134.406374,34.0532],[134.406567,34.053278],[134.406723,34.05337],[134.406762,34.053582],[134.406801,34.053856],[134.40684,34.054058],[134.406952,34.054342],[134.407212,34.054705],[134.407447,34.054956],[134.407643,34.055117],[134.407803,34.055207],[134.407949,34.055216],[134.408181,34.055194],[134.408546,34.055181],[134.408924,34.055179],[134.409149,34.055241],[134.409254,34.055318],[134.409424,34.055458],[134.409525,34.055549],[134.409697,34.0557],[134.409857,34.055841],[134.410005,34.055961],[134.41013,34.056305],[134.410291,34.056477],[134.410525,34.056718],[134.410804,34.056873],[134.41136,34.057021],[134.411741,34.057101],[134.41202,34.057234],[134.412198,34.057291],[134.412401,34.057289],[134.41256,34.057251],[134.412778,34.057127],[134.413033,34.056963],[134.413183,34.056855],[134.413277,34.056851],[134.413341,34.056903],[134.413416,34.056965],[134.413669,34.057161],[134.413963,34.057352],[134.414073,34.057361],[134.414218,34.057279],[134.414338,34.057095],[134.414532,34.056952],[134.414604,34.05684],[134.414699,34.056657],[134.414832,34.056534],[134.414992,34.056401],[134.415147,34.056359],[134.415306,34.056429],[134.415355,34.056479],[134.415429,34.05656],[134.415479,34.056671],[134.415615,34.056771],[134.415724,34.056771],[134.41598,34.056698],[134.416247,34.056556],[134.416392,34.056512],[134.416635,34.056449],[134.416868,34.056539],[134.417039,34.056609],[134.417312,34.05666],[134.417564,34.056645],[134.417952,34.05646],[134.418111,34.05629],[134.418368,34.056208],[134.41863,34.056171],[134.418873,34.056164],[134.419142,34.056168],[134.419503,34.056188],[134.419814,34.056226],[134.420012,34.056247],[134.420372,34.056279],[134.420496,34.056255],[134.420642,34.056266],[134.420815,34.056282],[134.420982,34.056321],[134.421134,34.056348],[134.421293,34.056359],[134.421494,34.056363],[134.421764,34.056367],[134.422083,34.05641],[134.422222,34.056461],[134.422354,34.056495],[134.422561,34.056493],[134.422734,34.056486],[134.422893,34.056421],[134.423099,34.056339],[134.423224,34.056304],[134.423396,34.056297],[134.42712,34.058],[134.427153,34.060648],[134.427146,34.061082],[134.427185,34.061317],[134.427219,34.061485],[134.42721,34.061497],[134.427233,34.06158],[134.427255,34.061703],[134.427245,34.061854],[134.427223,34.061991],[134.427193,34.062268],[134.427333,34.06229],[134.427357,34.062284],[134.427353,34.062317],[134.427345,34.06237],[134.427331,34.062635],[134.42733,34.063073],[134.427303,34.063323],[134.427225,34.063546],[134.427153,34.063864],[134.427349,34.064756],[134.426842,34.064774],[134.426523,34.065074],[134.426523,34.066099],[134.426471,34.066802],[134.426517,34.066949],[134.426719,34.066896],[134.426903,34.066829],[134.427062,34.066776],[134.427174,34.067034],[134.427392,34.067421],[134.427482,34.067555],[134.427356,34.067624],[134.427208,34.067712],[134.426419,34.068208],[134.425994,34.068433],[134.425655,34.068601],[134.425473,34.068677],[134.425181,34.068877],[134.424983,34.069059],[134.424734,34.069093],[134.424407,34.069137],[134.424047,34.069223],[134.423784,34.069225],[134.423346,34.069242],[134.422921,34.06924],[134.422873,34.069242],[134.422552,34.06925],[134.422394,34.069238],[134.422141,34.069177],[134.421897,34.069128],[134.421608,34.069103],[134.421375,34.069054],[134.421218,34.068958],[134.421139,34.068857],[134.421127,34.06876],[134.42113,34.068502],[134.421083,34.068281],[134.42096,34.068157],[134.420737,34.068076],[134.42049,34.068036],[134.420273,34.06798],[134.420254,34.067975],[134.419994,34.067915],[134.419884,34.067948],[134.419837,34.068015],[134.419893,34.068266],[134.419964,34.068476],[134.42006,34.068687],[134.420057,34.068851],[134.419969,34.068917],[134.419909,34.068942],[134.419616,34.068997],[134.419489,34.069059],[134.419105,34.069323],[134.418857,34.069435]]]},"properties":{"S_NAME":"浦庄字下浦","HCODE":8101}},{"type":"Feature","geometry":{"type":"Polygon","coordinates":[[[134.406737,34.080671],[134.406525,34.080722],[134.406464,34.081195],[134.406444,34.081366],[134.406438,34.081521],[134.406438,34.081583],[134.406418,34.081805],[134.406449,34.081827],[134.406471,34.082063],[134.406468,34.082236],[134.406459,34.082583],[134.40637,34.082599],[134.406175,34.082637],[134.406379,34.083558],[134.406413,34.083781],[134.406324,34.084099],[134.406185,34.084553],[134.406179,34.085011],[134.406185,34.085156],[134.405774,34.08499],[134.405631,34.084918],[134.405511,34.08518],[134.405386,34.085452],[134.405053,34.086012],[134.404967,34.085904],[134.404882,34.085807],[134.40472,34.085617],[134.404497,34.085349],[134.404336,34.085206],[134.404146,34.085063],[134.403759,34.084788],[134.403385,34.084581],[134.402976,34.084384],[134.402597,34.084205],[134.402094,34.084001],[134.401624,34.083785],[134.401266,34.083655],[134.400832,34.083474],[134.400452,34.083339],[134.400042,34.083151],[134.399508,34.082939],[134.399126,34.082766],[134.398863,34.082622],[134.398532,34.082325],[134.398638,34.082102],[134.398717,34.081901],[134.398848,34.081335],[134.399002,34.080799],[134.399096,34.08042],[134.399303,34.079455],[134.399307,34.079425],[134.399311,34.079398],[134.399329,34.079278],[134.399388,34.079004],[134.399447,34.078775],[134.399508,34.078508],[134.399597,34.078108],[134.399667,34.077715],[134.399733,34.077437],[134.399819,34.077],[134.399823,34.076982],[134.39987,34.076771],[134.399964,34.076394],[134.400055,34.075916],[134.400135,34.075568],[134.400216,34.075363],[134.400254,34.075245],[134.400369,34.07495],[134.400389,34.074901],[134.400421,34.074823],[134.400687,34.07489],[134.400826,34.074996],[134.400945,34.075154],[134.40109,34.075328],[134.401196,34.075613],[134.401291,34.075805],[134.401466,34.07611],[134.401575,34.076215],[134.401728,34.076312],[134.401783,34.076365],[134.401821,34.076404],[134.401922,34.076502],[134.401967,34.07658],[134.402007,34.076669],[134.401996,34.076706],[134.401877,34.076797],[134.401759,34.076906],[134.401717,34.076976],[134.401673,34.077024],[134.401667,34.077043],[134.401643,34.077096],[134.401631,34.07715],[134.401645,34.07721],[134.401649,34.077249],[134.401661,34.077274],[134.40171,34.077393],[134.401721,34.077403],[134.401742,34.077446],[134.401902,34.077613],[134.402178,34.077853],[134.40241,34.077993],[134.40242,34.077997],[134.40251,34.078045],[134.402752,34.078125],[134.40284,34.078157],[134.402973,34.078201],[134.403122,34.078302],[134.403254,34.078357],[134.403286,34.078373],[134.403405,34.078435],[134.403519,34.078483],[134.403642,34.078535],[134.403746,34.078579],[134.403874,34.078644],[134.404032,34.078712],[134.40419,34.07878],[134.404368,34.078889],[134.404521,34.078982],[134.404633,34.079132],[134.404782,34.079311],[134.404926,34.079497],[134.405075,34.079651],[134.405224,34.079814],[134.405353,34.079903],[134.405605,34.08006],[134.405663,34.080344],[134.405895,34.080464],[134.406134,34.080509],[134.406478,34.080561],[134.406685,34.080657],[134.406737,34.080671]]]},"properties":{"S_NAME":"高原字関","HCODE":8101}},{"type":"Feature","geometry":{"type":"Polygon","coordinates":[[[134.413102,34.089641],[134.413052,34.089632],[134.413416,34.090231],[134.412513,34.09063],[134.411416,34.09027],[134.4114,34.090091],[134.411351,34.0899],[134.411311,34.089678],[134.411135,34.089503],[134.410842,34.089275],[134.409488,34.088626],[134.409278,34.088744],[134.40916,34.088735],[134.408959,34.088719],[134.408438,34.088747],[134.40788,34.088848],[134.407823,34.088704],[134.407756,34.088623],[134.40769,34.088584],[134.40736,34.088435],[134.406367,34.087954],[134.406155,34.087874],[134.406015,34.087791],[134.405926,34.087674],[134.405842,34.08754],[134.405764,34.087383],[134.405719,34.087268],[134.405643,34.087106],[134.405556,34.086926],[134.405511,34.086792],[134.405426,34.086577],[134.405336,34.086408],[134.405217,34.086234],[134.405053,34.086012],[134.405386,34.085452],[134.405511,34.08518],[134.405631,34.084918],[134.405774,34.08499],[134.406185,34.085156],[134.406179,34.085011],[134.406185,34.084553],[134.406324,34.084099],[134.406413,34.083781],[134.406379,34.083558],[134.406175,34.082637],[134.40637,34.082599],[134.406459,34.082583],[134.406468,34.082236],[134.406471,34.082063],[134.406449,34.081827],[134.406418,34.081805],[134.406438,34.081583],[134.406438,34.081521],[134.406444,34.081366],[134.406464,34.081195],[134.406525,34.080722],[134.406737,34.080671],[134.406878,34.08071],[134.407094,34.080736],[134.407272,34.08075],[134.407414,34.080737],[134.407586,34.080744],[134.407792,34.08075],[134.408043,34.080789],[134.408205,34.080833],[134.408348,34.080885],[134.40855,34.080896],[134.408859,34.080873],[134.409085,34.0809],[134.409296,34.080951],[134.409581,34.081026],[134.40984,34.081078],[134.41017,34.081165],[134.410451,34.081249],[134.410677,34.081284],[134.411007,34.081355],[134.411169,34.081354],[134.411291,34.081329],[134.411364,34.081259],[134.411489,34.081],[134.411566,34.080837],[134.411701,34.080586],[134.411778,34.080447],[134.411864,34.080283],[134.411901,34.080087],[134.412034,34.07982],[134.412214,34.079693],[134.412478,34.079572],[134.412689,34.079411],[134.413089,34.0795],[134.413179,34.079871],[134.413295,34.080383],[134.413528,34.080702],[134.413763,34.081478],[134.413904,34.081444],[134.413915,34.081467],[134.413995,34.081699],[134.414049,34.081928],[134.414203,34.082355],[134.413172,34.082896],[134.41303,34.082811],[134.412858,34.082765],[134.412651,34.082721],[134.412565,34.08272],[134.41271,34.08313],[134.412483,34.083252],[134.412648,34.083727],[134.412859,34.08412],[134.412964,34.084342],[134.413186,34.084836],[134.413358,34.085147],[134.413492,34.08538],[134.413516,34.085469],[134.413504,34.085669],[134.413376,34.086001],[134.41321,34.08628],[134.413068,34.086534],[134.412981,34.086758],[134.413321,34.086747],[134.413261,34.087477],[134.413197,34.088714],[134.413102,34.089641]]]},"properties":{"S_NAME":"高原字平島","HCODE":8101}},{"type":"Feature","geometry":{"type":"Polygon","coordinates":[[[134.420652,34.085381],[134.420667,34.086015],[134.420703,34.086504],[134.420505,34.086506],[134.420554,34.086996],[134.420356,34.087017],[134.419941,34.087012],[134.419415,34.086997],[134.418576,34.086949],[134.418124,34.086968],[134.417936,34.087069],[134.417702,34.08714],[134.417698,34.087232],[134.417703,34.087416],[134.417682,34.087604],[134.417662,34.087861],[134.417617,34.088308],[134.417588,34.088605],[134.41758,34.088867],[134.417574,34.089245],[134.417525,34.089714],[134.417443,34.090174],[134.417389,34.090348],[134.417285,34.090656],[134.413102,34.089641],[134.413197,34.088714],[134.413261,34.087477],[134.413321,34.086747],[134.412981,34.086758],[134.413068,34.086534],[134.41321,34.08628],[134.413376,34.086001],[134.413504,34.085669],[134.413516,34.085469],[134.413492,34.08538],[134.413358,34.085147],[134.413186,34.084836],[134.412964,34.084342],[134.412859,34.08412],[134.412648,34.083727],[134.412483,34.083252],[134.41271,34.08313],[134.412565,34.08272],[134.412651,34.082721],[134.412858,34.082765],[134.41303,34.082811],[134.413172,34.082896],[134.414203,34.082355],[134.414049,34.081928],[134.413995,34.081699],[134.413915,34.081467],[134.413904,34.081444],[134.413763,34.081478],[134.413528,34.080702],[134.413295,34.080383],[134.413179,34.079871],[134.413089,34.0795],[134.412689,34.079411],[134.412857,34.079218],[134.413181,34.07904],[134.413362,34.078957],[134.413514,34.078909],[134.413616,34.078845],[134.413752,34.078705],[134.414031,34.078434],[134.414201,34.078269],[134.414405,34.078047],[134.414697,34.077767],[134.41492,34.077566],[134.415117,34.077389],[134.415262,34.077191],[134.415349,34.077007],[134.415387,34.076892],[134.415355,34.076672],[134.415286,34.076424],[134.415566,34.076466],[134.415515,34.076562],[134.415516,34.076662],[134.415524,34.076819],[134.415571,34.076995],[134.415625,34.077223],[134.415664,34.077571],[134.415672,34.07796],[134.415696,34.078147],[134.415771,34.078242],[134.415881,34.078374],[134.415967,34.078602],[134.415967,34.079134],[134.416517,34.079184],[134.417549,34.079229],[134.418059,34.079272],[134.418592,34.079333],[134.418586,34.079816],[134.418596,34.080136],[134.418591,34.08025],[134.418615,34.080331],[134.418823,34.080544],[134.419074,34.080792],[134.419381,34.081024],[134.419679,34.081318],[134.419784,34.081399],[134.419933,34.081988],[134.420418,34.081832],[134.420425,34.081998],[134.420509,34.082246],[134.420605,34.08252],[134.42063,34.082869],[134.420672,34.083917],[134.42066,34.084933],[134.420652,34.085381]]]},"properties":{"S_NAME":"高原字西高原","HCODE":8101}},{"type":"Feature","geometry":{"type":"Polygon","coordinates":[[[134.425174,34.084408],[134.425165,34.084642],[134.425167,34.084811],[134.425134,34.085028],[134.425048,34.085333],[134.424999,34.085578],[134.424871,34.085963],[134.424715,34.086328],[134.424583,34.08682],[134.424533,34.087142],[134.424573,34.087418],[134.42459,34.087648],[134.424577,34.087763],[134.424509,34.087848],[134.42492,34.08791],[134.42534,34.087991],[134.425515,34.088017],[134.425433,34.08838],[134.425383,34.088765],[134.425321,34.088999],[134.425268,34.089249],[134.425175,34.089526],[134.425124,34.089745],[134.424703,34.092528],[134.421951,34.09187],[134.419956,34.091395],[134.417285,34.090656],[134.417389,34.090348],[134.417443,34.090174],[134.417525,34.089714],[134.417574,34.089245],[134.41758,34.088867],[134.417588,34.088605],[134.417617,34.088308],[134.417662,34.087861],[134.417682,34.087604],[134.417703,34.087416],[134.417698,34.087232],[134.417702,34.08714],[134.417936,34.087069],[134.418124,34.086968],[134.418576,34.086949],[134.419415,34.086997],[134.419941,34.087012],[134.420356,34.087017],[134.420554,34.086996],[134.420505,34.086506],[134.420703,34.086504],[134.420667,34.086015],[134.420652,34.085381],[134.421283,34.085357],[134.421851,34.085296],[134.422236,34.085274],[134.422632,34.08524],[134.422631,34.084953],[134.42263,34.08464],[134.422622,34.084293],[134.422632,34.084006],[134.422697,34.083618],[134.422879,34.083574],[134.423209,34.083388],[134.423319,34.083345],[134.423581,34.083316],[134.423697,34.083323],[134.423766,34.083376],[134.424154,34.083833],[134.42439,34.083962],[134.424748,34.084201],[134.425003,34.084348],[134.425174,34.084408]]]},"properties":{"S_NAME":"高原字池北","HCODE":8101}},{"type":"Feature","geometry":{"type":"Polygon","coordinates":[[[134.425174,34.084408],[134.425003,34.084348],[134.424748,34.084201],[134.42439,34.083962],[134.424154,34.083833],[134.423766,34.083376],[134.423697,34.083323],[134.423581,34.083316],[134.423319,34.083345],[134.423209,34.083388],[134.422879,34.083574],[134.422697,34.083618],[134.422632,34.084006],[134.422622,34.084293],[134.42263,34.08464],[134.422631,34.084953],[134.422632,34.08524],[134.422236,34.085274],[134.421851,34.085296],[134.421283,34.085357],[134.420652,34.085381],[134.42066,34.084933],[134.420672,34.083917],[134.42063,34.082869],[134.420605,34.08252],[134.420509,34.082246],[134.420425,34.081998],[134.420418,34.081832],[134.419933,34.081988],[134.419784,34.081399],[134.419679,34.081318],[134.419381,34.081024],[134.419074,34.080792],[134.418823,34.080544],[134.418615,34.080331],[134.418591,34.08025],[134.418596,34.080136],[134.418586,34.079816],[134.418592,34.079333],[134.418059,34.079272],[134.417549,34.079229],[134.416517,34.079184],[134.415967,34.079134],[134.415967,34.078602],[134.415881,34.078374],[134.415771,34.078242],[134.415696,34.078147],[134.415672,34.07796],[134.415664,34.077571],[134.415625,34.077223],[134.415571,34.076995],[134.415524,34.076819],[134.415516,34.076662],[134.415515,34.076562],[134.415566,34.076466],[134.415286,34.076424],[134.415302,34.076117],[134.415334,34.075888],[134.415454,34.07563],[134.415532,34.075328],[134.415666,34.075053],[134.415812,34.07488],[134.415919,34.074786],[134.416001,34.074675],[134.416078,34.07456],[134.416155,34.074412],[134.416239,34.07424],[134.416351,34.074133],[134.416497,34.073973],[134.416633,34.073854],[134.41673,34.073747],[134.416915,34.073619],[134.417105,34.073527],[134.41734,34.073456],[134.417506,34.073365],[134.417695,34.073131],[134.417887,34.072895],[134.418026,34.07306],[134.41814,34.073201],[134.418225,34.073299],[134.418299,34.07338],[134.418424,34.073526],[134.418658,34.073822],[134.418968,34.074175],[134.419197,34.074479],[134.419451,34.074833],[134.419716,34.075215],[134.420327,34.07481],[134.420404,34.075099],[134.420481,34.075425],[134.420533,34.07567],[134.42059,34.075914],[134.420631,34.076118],[134.420629,34.076359],[134.420577,34.076507],[134.420525,34.076768],[134.420529,34.077119],[134.420522,34.077386],[134.42053,34.077687],[134.420528,34.077883],[134.420473,34.078226],[134.420468,34.078496],[134.420485,34.078671],[134.420516,34.078802],[134.420541,34.078912],[134.420557,34.078973],[134.420975,34.079031],[134.421196,34.079111],[134.421325,34.079159],[134.421428,34.079207],[134.421571,34.079218],[134.422042,34.079243],[134.422632,34.079272],[134.42299,34.079306],[134.423209,34.079337],[134.423673,34.079499],[134.424068,34.079627],[134.424348,34.079728],[134.424879,34.079867],[134.425277,34.080044],[134.425729,34.080234],[134.426049,34.080399],[134.42631,34.08051],[134.426502,34.080602],[134.427246,34.080918],[134.427644,34.081106],[134.427678,34.081139],[134.428533,34.08189],[134.428428,34.082021],[134.428465,34.082076],[134.428544,34.08212],[134.428713,34.082219],[134.428923,34.082352],[134.428999,34.082397],[134.428812,34.08265],[134.428633,34.082855],[134.428434,34.083035],[134.428363,34.083124],[134.428227,34.083368],[134.428079,34.083464],[134.427913,34.083565],[134.427718,34.083686],[134.427508,34.083795],[134.427416,34.083855],[134.427558,34.084161],[134.427617,34.08434],[134.427638,34.084471],[134.427601,34.084623],[134.42755,34.084754],[134.42749,34.084938],[134.427435,34.085225],[134.427041,34.085069],[134.4266,34.084909],[134.425868,34.08464],[134.425174,34.084408]]]},"properties":{"S_NAME":"高原字東高原","HCODE":8101}},{"type":"Feature","geometry":{"type":"Polygon","coordinates":[[[134.430694,34.084319],[134.430962,34.084623],[134.431096,34.084751],[134.431269,34.084865],[134.431357,34.084998],[134.431422,34.085131],[134.431418,34.085275],[134.4314,34.085476],[134.431384,34.085643],[134.43137,34.085828],[134.431331,34.086012],[134.431304,34.086161],[134.431283,34.086343],[134.431276,34.086418],[134.43124,34.086594],[134.431147,34.086881],[134.431143,34.086965],[134.431163,34.087024],[134.431212,34.087103],[134.43126,34.087175],[134.431266,34.087262],[134.431258,34.087378],[134.431226,34.087498],[134.431202,34.087594],[134.431157,34.087785],[134.431104,34.087932],[134.431043,34.088104],[134.43103,34.088168],[134.431069,34.088227],[134.431112,34.088275],[134.431175,34.088338],[134.431167,34.08845],[134.431139,34.088521],[134.431102,34.088637],[134.431053,34.088789],[134.430943,34.089248],[134.431092,34.089314],[134.431165,34.089365],[134.43117,34.089445],[134.431115,34.089625],[134.43105,34.089804],[134.430898,34.090148],[134.430716,34.090547],[134.430618,34.090791],[134.430534,34.090983],[134.430469,34.09117],[134.430422,34.091445],[134.430385,34.09163],[134.430293,34.091936],[134.430197,34.092289],[134.430116,34.092749],[134.430056,34.093029],[134.429741,34.093015],[134.428407,34.092918],[134.425697,34.092726],[134.424703,34.092528],[134.425124,34.089745],[134.425175,34.089526],[134.425268,34.089249],[134.425321,34.088999],[134.425383,34.088765],[134.425433,34.08838],[134.425515,34.088017],[134.42534,34.087991],[134.42492,34.08791],[134.424509,34.087848],[134.424577,34.087763],[134.42459,34.087648],[134.424573,34.087418],[134.424533,34.087142],[134.424583,34.08682],[134.424715,34.086328],[134.424871,34.085963],[134.424999,34.085578],[134.425048,34.085333],[134.425134,34.085028],[134.425167,34.084811],[134.425165,34.084642],[134.425174,34.084408],[134.425868,34.08464],[134.4266,34.084909],[134.427041,34.085069],[134.427435,34.085225],[134.42749,34.084938],[134.42755,34.084754],[134.427601,34.084623],[134.427638,34.084471],[134.427617,34.08434],[134.427558,34.084161],[134.427416,34.083855],[134.427508,34.083795],[134.427718,34.083686],[134.427913,34.083565],[134.428079,34.083464],[134.428227,34.083368],[134.428363,34.083124],[134.428434,34.083035],[134.428633,34.082855],[134.428812,34.08265],[134.428999,34.082397],[134.429259,34.082597],[134.429648,34.082879],[134.429742,34.082991],[134.429888,34.083222],[134.430048,34.083384],[134.430249,34.083631],[134.430384,34.083862],[134.430433,34.083968],[134.430694,34.084319]]]},"properties":{"S_NAME":"高原字桑島","HCODE":8101}},{"type":"Feature","geometry":{"type":"Polygon","coordinates":[[[134.438661,34.089807],[134.438582,34.089927],[134.438024,34.090444],[134.437416,34.09097],[134.437241,34.091107],[134.434978,34.091486],[134.43495,34.091602],[134.43488,34.09179],[134.434848,34.09189],[134.434783,34.092029],[134.434735,34.092097],[134.434729,34.092112],[134.434636,34.092198],[134.434565,34.092266],[134.434418,34.09241],[134.434333,34.09255],[134.434297,34.092702],[134.434196,34.093093],[134.434136,34.093312],[134.434117,34.093406],[134.434081,34.093516],[134.431351,34.093199],[134.430056,34.093029],[134.430116,34.092749],[134.430197,34.092289],[134.430293,34.091936],[134.430385,34.09163],[134.430422,34.091445],[134.430469,34.09117],[134.430534,34.090983],[134.430618,34.090791],[134.430716,34.090547],[134.430898,34.090148],[134.43105,34.089804],[134.431115,34.089625],[134.43117,34.089445],[134.431165,34.089365],[134.431092,34.089314],[134.430943,34.089248],[134.431053,34.088789],[134.431102,34.088637],[134.431139,34.088521],[134.431167,34.08845],[134.431175,34.088338],[134.431112,34.088275],[134.431069,34.088227],[134.43103,34.088168],[134.431043,34.088104],[134.431104,34.087932],[134.431157,34.087785],[134.431202,34.087594],[134.431226,34.087498],[134.431258,34.087378],[134.431266,34.087262],[134.43126,34.087175],[134.431212,34.087103],[134.431163,34.087024],[134.431143,34.086965],[134.431147,34.086881],[134.43124,34.086594],[134.431276,34.086418],[134.431283,34.086343],[134.431304,34.086161],[134.431331,34.086012],[134.43137,34.085828],[134.431384,34.085643],[134.4314,34.085476],[134.431418,34.085275],[134.431422,34.085131],[134.431357,34.084998],[134.431269,34.084865],[134.431096,34.084751],[134.430962,34.084623],[134.430694,34.084319],[134.430981,34.084283],[134.431246,34.084271],[134.431835,34.084276],[134.432258,34.084284],[134.432532,34.084293],[134.432852,34.084315],[134.433071,34.084339],[134.433257,34.084357],[134.433337,34.084348],[134.433716,34.084477],[134.434269,34.084647],[134.434673,34.084792],[134.435085,34.08494],[134.435422,34.085041],[134.435766,34.085128],[134.43604,34.085213],[134.436245,34.085261],[134.436427,34.0853],[134.436406,34.085423],[134.436345,34.085866],[134.436347,34.086017],[134.436349,34.086256],[134.436333,34.086531],[134.436331,34.086754],[134.43632,34.087052],[134.436308,34.087295],[134.436304,34.087562],[134.436296,34.087714],[134.436297,34.087809],[134.436295,34.087872],[134.436295,34.08804],[134.436292,34.088215],[134.436284,34.088283],[134.436278,34.088336],[134.436257,34.088526],[134.436254,34.088555],[134.436235,34.088729],[134.436355,34.088763],[134.436577,34.088964],[134.436828,34.089134],[134.436966,34.089223],[134.437253,34.089313],[134.437336,34.089399],[134.437413,34.089571],[134.437535,34.089756],[134.43764,34.089874],[134.437987,34.089886],[134.438375,34.089851],[134.438429,34.08984],[134.43856,34.089832],[134.438661,34.089807]]]},"properties":{"S_NAME":"高原字中島","HCODE":8101}},{"type":"Feature","geometry":{"type":"Polygon","coordinates":[[[134.398532,34.082325],[134.398863,34.082622],[134.399126,34.082766],[134.399508,34.082939],[134.400042,34.083151],[134.400452,34.083339],[134.400832,34.083474],[134.401266,34.083655],[134.401624,34.083785],[134.402094,34.084001],[134.402597,34.084205],[134.402976,34.084384],[134.403385,34.084581],[134.403759,34.084788],[134.404146,34.085063],[134.404336,34.085206],[134.404497,34.085349],[134.40472,34.085617],[134.404882,34.085807],[134.404967,34.085904],[134.405053,34.086012],[134.405217,34.086234],[134.405336,34.086408],[134.405426,34.086577],[134.405511,34.086792],[134.405556,34.086926],[134.405643,34.087106],[134.405719,34.087268],[134.405764,34.087383],[134.405842,34.08754],[134.405926,34.087674],[134.406015,34.087791],[134.406155,34.087874],[134.406367,34.087954],[134.40611,34.088518],[134.405986,34.08878],[134.405886,34.089082],[134.40585,34.089203],[134.405814,34.089395],[134.405764,34.089605],[134.405727,34.089837],[134.405665,34.090038],[134.40562,34.090217],[134.4056,34.090407],[134.405571,34.09064],[134.405593,34.091112],[134.405176,34.090882],[134.403597,34.090163],[134.401846,34.089366],[134.401253,34.089102],[134.400739,34.088864],[134.39951,34.088294],[134.397264,34.087203],[134.39741,34.086681],[134.397455,34.086509],[134.39755,34.086145],[134.397594,34.085958],[134.397675,34.085618],[134.397768,34.085273],[134.397817,34.085008],[134.397866,34.084785],[134.397904,34.08463],[134.398035,34.084089],[134.398192,34.083448],[134.398404,34.082669],[134.398435,34.082584],[134.398468,34.082493],[134.398532,34.082325]]]},"properties":{"S_NAME":"高原字中須","HCODE":8101}},{"type":"Feature","geometry":{"type":"Polygon","coordinates":[[[134.417285,34.090656],[134.419956,34.091395],[134.421951,34.09187],[134.424703,34.092528],[134.425697,34.092726],[134.428407,34.092918],[134.429741,34.093015],[134.430056,34.093029],[134.430012,34.0932],[134.430029,34.093395],[134.430111,34.093577],[134.43022,34.093832],[134.430319,34.09407],[134.430369,34.094206],[134.430427,34.094327],[134.430506,34.094536],[134.430569,34.094838],[134.43075,34.095304],[134.430992,34.095866],[134.431249,34.09648],[134.431482,34.096978],[134.431735,34.097416],[134.431961,34.097783],[134.432235,34.098181],[134.432455,34.098375],[134.432357,34.098515],[134.432311,34.098668],[134.432386,34.099021],[134.432373,34.099203],[134.432366,34.099337],[134.432323,34.09947],[134.432276,34.099816],[134.432268,34.100126],[134.432314,34.100431],[134.432352,34.100638],[134.43237,34.100898],[134.432299,34.101298],[134.432238,34.101731],[134.432176,34.102182],[134.432111,34.103029],[134.432005,34.104272],[134.431561,34.104259],[134.431334,34.104244],[134.431018,34.104222],[134.430722,34.104191],[134.430356,34.104169],[134.430119,34.10413],[134.429813,34.104091],[134.429513,34.104026],[134.428961,34.103835],[134.428367,34.103651],[134.428287,34.103622],[134.427664,34.103394],[134.427089,34.103176],[134.426584,34.103049],[134.426287,34.102944],[134.425861,34.102816],[134.425559,34.102696],[134.425203,34.1026],[134.424915,34.102495],[134.424727,34.102431],[134.42443,34.102327],[134.42422,34.10227],[134.424192,34.102263],[134.423885,34.102117],[134.423448,34.101858],[134.423079,34.101648],[134.422825,34.101502],[134.419262,34.099444],[134.418699,34.099131],[134.418667,34.099112],[134.415813,34.097463],[134.415276,34.097152],[134.413052,34.095856],[134.41195,34.09524],[134.411289,34.094859],[134.410982,34.094689],[134.410671,34.094453],[134.410544,34.094356],[134.409838,34.093877],[134.409401,34.093593],[134.408998,34.093292],[134.408389,34.092853],[134.408375,34.092843],[134.407586,34.092294],[134.406686,34.09175],[134.405593,34.091112],[134.405571,34.09064],[134.4056,34.090407],[134.40562,34.090217],[134.405665,34.090038],[134.405727,34.089837],[134.405764,34.089605],[134.405814,34.089395],[134.40585,34.089203],[134.405886,34.089082],[134.405986,34.08878],[134.40611,34.088518],[134.406367,34.087954],[134.40736,34.088435],[134.40769,34.088584],[134.407756,34.088623],[134.407823,34.088704],[134.40788,34.088848],[134.408438,34.088747],[134.408959,34.088719],[134.40916,34.088735],[134.409278,34.088744],[134.409488,34.088626],[134.410842,34.089275],[134.411135,34.089503],[134.411311,34.089678],[134.411351,34.0899],[134.4114,34.090091],[134.411416,34.09027],[134.412513,34.09063],[134.413416,34.090231],[134.413052,34.089632],[134.413102,34.089641],[134.417285,34.090656]]]},"properties":{"S_NAME":"藍畑字西覚円","HCODE":8101}},{"type":"Feature","geometry":{"type":"Polygon","coordinates":[[[134.434081,34.093516],[134.433995,34.093881],[134.43401,34.093905],[134.435565,34.094348],[134.435526,34.094342],[134.435518,34.094526],[134.435918,34.094558],[134.436249,34.094556],[134.436252,34.094856],[134.436636,34.094886],[134.437201,34.09494],[134.43769,34.094981],[134.438168,34.095013],[134.438775,34.095118],[134.439465,34.095285],[134.440053,34.095424],[134.442284,34.095975],[134.442576,34.096038],[134.442658,34.096412],[134.44264,34.096633],[134.442636,34.096848],[134.442249,34.098833],[134.443288,34.099043],[134.442952,34.100809],[134.442829,34.10173],[134.442399,34.104941],[134.442382,34.105125],[134.44189,34.105059],[134.441315,34.104994],[134.441032,34.104967],[134.440532,34.104918],[134.439616,34.104855],[134.438666,34.104766],[134.437757,34.104686],[134.43753,34.104665],[134.437362,34.104649],[134.436791,34.104595],[134.435433,34.104483],[134.434445,34.10441],[134.433336,34.104362],[134.432005,34.104272],[134.432111,34.103029],[134.432176,34.102182],[134.432238,34.101731],[134.432299,34.101298],[134.43237,34.100898],[134.432352,34.100638],[134.432314,34.100431],[134.432268,34.100126],[134.432276,34.099816],[134.432323,34.09947],[134.432366,34.099337],[134.432373,34.099203],[134.432386,34.099021],[134.432311,34.098668],[134.432357,34.098515],[134.432455,34.098375],[134.432235,34.098181],[134.431961,34.097783],[134.431735,34.097416],[134.431482,34.096978],[134.431249,34.09648],[134.430992,34.095866],[134.43075,34.095304],[134.430569,34.094838],[134.430506,34.094536],[134.430427,34.094327],[134.430369,34.094206],[134.430319,34.09407],[134.43022,34.093832],[134.430111,34.093577],[134.430029,34.093395],[134.430012,34.0932],[134.430056,34.093029],[134.431351,34.093199],[134.434081,34.093516]]]},"properties":{"S_NAME":"藍畑字東覚円","HCODE":8101}},{"type":"Feature","geometry":{"type":"Polygon","coordinates":[[[134.453441,34.093948],[134.453483,34.094019],[134.453529,34.094096],[134.453583,34.094476],[134.453604,34.094962],[134.45363,34.095302],[134.453632,34.095325],[134.453651,34.095427],[134.453868,34.096546],[134.453902,34.096779],[134.454014,34.097431],[134.454032,34.098628],[134.454046,34.099198],[134.451832,34.101951],[134.449891,34.10432],[134.449835,34.104389],[134.449525,34.104681],[134.448784,34.105379],[134.447927,34.106133],[134.447122,34.105971],[134.446238,34.105801],[134.445832,34.105723],[134.445394,34.105643],[134.443999,34.105389],[134.442382,34.105125],[134.442399,34.104941],[134.442829,34.10173],[134.442952,34.100809],[134.443288,34.099043],[134.442249,34.098833],[134.442636,34.096848],[134.44264,34.096633],[134.442658,34.096412],[134.442576,34.096038],[134.442284,34.095975],[134.440053,34.095424],[134.439465,34.095285],[134.438775,34.095118],[134.438168,34.095013],[134.43769,34.094981],[134.437201,34.09494],[134.436636,34.094886],[134.436252,34.094856],[134.436249,34.094556],[134.435918,34.094558],[134.435518,34.094526],[134.435526,34.094342],[134.435565,34.094348],[134.43401,34.093905],[134.433995,34.093881],[134.434081,34.093516],[134.434117,34.093406],[134.434136,34.093312],[134.434196,34.093093],[134.434297,34.092702],[134.434333,34.09255],[134.434418,34.09241],[134.434565,34.092266],[134.434636,34.092198],[134.434729,34.092112],[134.434735,34.092097],[134.434783,34.092029],[134.434848,34.09189],[134.43488,34.09179],[134.43495,34.091602],[134.434978,34.091486],[134.437241,34.091107],[134.437416,34.09097],[134.438024,34.090444],[134.438582,34.089927],[134.438661,34.089807],[134.438971,34.089766],[134.439317,34.089721],[134.439688,34.08968],[134.439945,34.08966],[134.440472,34.089656],[134.440584,34.089651],[134.441023,34.08962],[134.441664,34.089594],[134.442006,34.089605],[134.442349,34.08968],[134.442544,34.089724],[134.442611,34.089717],[134.443258,34.089701],[134.443626,34.089668],[134.444034,34.089624],[134.444418,34.089594],[134.44443,34.08967],[134.444562,34.089739],[134.444772,34.08979],[134.445076,34.089832],[134.445388,34.089846],[134.44571,34.089762],[134.446035,34.089653],[134.446337,34.089504],[134.446684,34.089371],[134.446811,34.089267],[134.446986,34.089113],[134.44714,34.088925],[134.447343,34.088624],[134.447422,34.088445],[134.447828,34.087447],[134.447968,34.086921],[134.44806,34.086763],[134.448618,34.08683],[134.449219,34.086889],[134.449537,34.086934],[134.449792,34.087008],[134.450013,34.087108],[134.450124,34.087133],[134.450323,34.087117],[134.450404,34.087046],[134.450551,34.086972],[134.450932,34.086928],[134.451205,34.086888],[134.451387,34.086984],[134.451478,34.086883],[134.451683,34.086753],[134.451935,34.086658],[134.452273,34.086568],[134.452559,34.086475],[134.452674,34.086448],[134.452827,34.086396],[134.452943,34.086361],[134.452936,34.086377],[134.452925,34.08643],[134.452855,34.086754],[134.452806,34.087526],[134.452796,34.08769],[134.452799,34.087837],[134.452694,34.088683],[134.452683,34.089098],[134.452767,34.089116],[134.45282,34.089128],[134.452821,34.089217],[134.452799,34.089752],[134.45247,34.089745],[134.452458,34.090128],[134.452441,34.090242],[134.452347,34.090461],[134.452304,34.090594],[134.452298,34.090735],[134.452281,34.090818],[134.452208,34.090917],[134.45206,34.090942],[134.451954,34.091008],[134.451911,34.091059],[134.451953,34.091149],[134.451546,34.091556],[134.45144,34.091654],[134.451384,34.091622],[134.451352,34.091599],[134.451182,34.091717],[134.451033,34.091896],[134.450838,34.092029],[134.450527,34.092195],[134.450473,34.092418],[134.450539,34.092479],[134.450541,34.092675],[134.450558,34.092803],[134.45068,34.093029],[134.450747,34.093122],[134.450791,34.093223],[134.45083,34.093325],[134.450853,34.093476],[134.450815,34.093546],[134.450886,34.093648],[134.45081,34.093759],[134.450895,34.09398],[134.451007,34.094288],[134.450443,34.094607],[134.450123,34.094755],[134.449854,34.094839],[134.449883,34.095194],[134.450311,34.09496],[134.450585,34.094775],[134.45106,34.09445],[134.45159,34.094257],[134.451957,34.094123],[134.452293,34.094021],[134.452715,34.09398],[134.453065,34.09394],[134.453292,34.09392],[134.453441,34.093948]]]},"properties":{"S_NAME":"藍畑字高畑","HCODE":8101}},{"type":"Feature","geometry":{"type":"Polygon","coordinates":[[[134.454046,34.099198],[134.454411,34.099027],[134.455056,34.098743],[134.455225,34.09856],[134.45535,34.09852],[134.455964,34.09834],[134.456216,34.098526],[134.456517,34.098725],[134.456653,34.098831],[134.457274,34.099267],[134.457943,34.09971],[134.458052,34.099768],[134.45811,34.099794],[134.458349,34.099864],[134.458329,34.100045],[134.458658,34.100477],[134.4588,34.100745],[134.458811,34.100947],[134.458956,34.101216],[134.459144,34.101532],[134.458835,34.101929],[134.458967,34.102064],[134.459289,34.102397],[134.459139,34.102532],[134.459491,34.102908],[134.459261,34.103053],[134.459517,34.103288],[134.459168,34.10356],[134.459218,34.103606],[134.459123,34.103681],[134.459105,34.103751],[134.459145,34.104006],[134.459196,34.104881],[134.459216,34.105528],[134.459234,34.105689],[134.458864,34.105848],[134.458956,34.106105],[134.4594,34.107429],[134.45945,34.107723],[134.458555,34.107747],[134.458156,34.110046],[134.458702,34.11026],[134.458572,34.110686],[134.458475,34.110963],[134.458368,34.111441],[134.458252,34.111851],[134.458156,34.11217],[134.458105,34.112427],[134.457591,34.112222],[134.457365,34.112125],[134.457117,34.112023],[134.45688,34.111876],[134.456753,34.111684],[134.456668,34.111534],[134.456537,34.111259],[134.456162,34.110484],[134.456039,34.110315],[134.455901,34.110072],[134.455762,34.109816],[134.455669,34.109647],[134.455607,34.109516],[134.455473,34.109322],[134.45535,34.109135],[134.455136,34.108873],[134.454831,34.108568],[134.454586,34.108325],[134.454289,34.108001],[134.45385,34.1076],[134.45325,34.107061],[134.452907,34.106741],[134.452425,34.106359],[134.45209,34.106142],[134.4518,34.105917],[134.451284,34.105569],[134.451029,34.105441],[134.450832,34.10533],[134.450665,34.105218],[134.450512,34.105094],[134.45036,34.104932],[134.450145,34.104717],[134.449835,34.104389],[134.449891,34.10432],[134.451832,34.101951],[134.454046,34.099198]]]},"properties":{"S_NAME":"藍畑字第十","HCODE":8101}},{"type":"Feature","geometry":{"type":"Polygon","coordinates":[[[134.453441,34.093948],[134.453292,34.09392],[134.453065,34.09394],[134.452715,34.09398],[134.452293,34.094021],[134.451957,34.094123],[134.45159,34.094257],[134.45106,34.09445],[134.450585,34.094775],[134.450311,34.09496],[134.449883,34.095194],[134.449854,34.094839],[134.450123,34.094755],[134.450443,34.094607],[134.451007,34.094288],[134.450895,34.09398],[134.45081,34.093759],[134.450886,34.093648],[134.450815,34.093546],[134.450853,34.093476],[134.45083,34.093325],[134.450791,34.093223],[134.450747,34.093122],[134.45068,34.093029],[134.450558,34.092803],[134.450541,34.092675],[134.450539,34.092479],[134.450473,34.092418],[134.450527,34.092195],[134.450838,34.092029],[134.451033,34.091896],[134.451182,34.091717],[134.451352,34.091599],[134.451384,34.091622],[134.45144,34.091654],[134.451546,34.091556],[134.451953,34.091149],[134.451911,34.091059],[134.451954,34.091008],[134.45206,34.090942],[134.452208,34.090917],[134.452281,34.090818],[134.452298,34.090735],[134.452304,34.090594],[134.452347,34.090461],[134.452441,34.090242],[134.452458,34.090128],[134.45247,34.089745],[134.452799,34.089752],[134.45279,34.089914],[134.452769,34.090063],[134.452787,34.090313],[134.452802,34.091001],[134.452847,34.091821],[134.452861,34.092202],[134.452927,34.09249],[134.453044,34.092721],[134.453116,34.092864],[134.453192,34.092989],[134.453414,34.093299],[134.453579,34.093566],[134.453217,34.093659],[134.453441,34.093948]]]},"properties":{"S_NAME":"藍畑字竜王","HCODE":8101}},{"type":"Feature","geometry":{"type":"Polygon","coordinates":[[[134.444441,34.079389],[134.443358,34.079737],[134.443084,34.079778],[134.442778,34.079774],[134.442491,34.080083],[134.442283,34.080091],[134.441766,34.080121],[134.44124,34.080119],[134.441192,34.080047],[134.441137,34.080005],[134.44103,34.079973],[134.440795,34.079962],[134.440375,34.079952],[134.440175,34.079967],[134.439957,34.080002],[134.439916,34.080008],[134.439764,34.080071],[134.439619,34.080151],[134.439436,34.080242],[134.439366,34.080275],[134.439255,34.080328],[134.43909,34.080406],[134.438796,34.080545],[134.438606,34.080619],[134.43867,34.081412],[134.439463,34.081393],[134.439475,34.081429],[134.439467,34.081853],[134.439531,34.083301],[134.44088,34.083122],[134.440896,34.08325],[134.440953,34.083582],[134.441036,34.084263],[134.441038,34.084322],[134.439244,34.084083],[134.43876,34.084024],[134.438381,34.08398],[134.438156,34.084011],[134.437938,34.084093],[134.437728,34.08419],[134.437561,34.084271],[134.437448,34.084385],[134.43725,34.08458],[134.437097,34.084697],[134.436926,34.084725],[134.436853,34.085038],[134.436756,34.085364],[134.436699,34.085607],[134.436616,34.085802],[134.43655,34.085864],[134.436468,34.085874],[134.436345,34.085866],[134.436406,34.085423],[134.436427,34.0853],[134.436245,34.085261],[134.43604,34.085213],[134.435766,34.085128],[134.435422,34.085041],[134.435085,34.08494],[134.434673,34.084792],[134.434269,34.084647],[134.433716,34.084477],[134.433337,34.084348],[134.433257,34.084357],[134.433071,34.084339],[134.432852,34.084315],[134.432532,34.084293],[134.432258,34.084284],[134.431835,34.084276],[134.431246,34.084271],[134.430981,34.084283],[134.430694,34.084319],[134.430433,34.083968],[134.430384,34.083862],[134.430249,34.083631],[134.430048,34.083384],[134.429888,34.083222],[134.429742,34.082991],[134.429648,34.082879],[134.429259,34.082597],[134.428999,34.082397],[134.428923,34.082352],[134.428713,34.082219],[134.428544,34.08212],[134.428465,34.082076],[134.428428,34.082021],[134.428533,34.08189],[134.427678,34.081139],[134.427695,34.081133],[134.427773,34.081063],[134.427959,34.080834],[134.428131,34.080586],[134.428483,34.080146],[134.428584,34.07987],[134.428726,34.079467],[134.42884,34.079162],[134.42894,34.078942],[134.429027,34.078721],[134.429108,34.078464],[134.429138,34.078357],[134.42916,34.078255],[134.429173,34.078168],[134.429186,34.078058],[134.429178,34.077949],[134.42914,34.077827],[134.429482,34.077685],[134.429683,34.077336],[134.42987,34.077006],[134.430128,34.076542],[134.430208,34.076413],[134.431262,34.075033],[134.431307,34.075103],[134.43133,34.075146],[134.431473,34.075387],[134.431515,34.075503],[134.431499,34.075622],[134.431529,34.075718],[134.431643,34.075867],[134.431873,34.076046],[134.432119,34.07624],[134.43237,34.076418],[134.432533,34.076655],[134.432651,34.076973],[134.43277,34.077386],[134.432819,34.077592],[134.433299,34.077502],[134.433402,34.077425],[134.433449,34.077375],[134.433531,34.077286],[134.43363,34.077215],[134.433717,34.077208],[134.433932,34.07723],[134.434336,34.077256],[134.434835,34.077333],[134.435493,34.077421],[134.435612,34.077238],[134.435641,34.077038],[134.435653,34.076764],[134.436078,34.076596],[134.436568,34.076465],[134.436987,34.076525],[134.437135,34.07654],[134.437391,34.076329],[134.437696,34.076039],[134.437831,34.076289],[134.437997,34.076486],[134.438257,34.076801],[134.438433,34.076967],[134.438625,34.077128],[134.438822,34.077234],[134.439141,34.077404],[134.439557,34.077594],[134.439746,34.077682],[134.439859,34.077713],[134.439983,34.077712],[134.440195,34.077667],[134.44038,34.07763],[134.440556,34.077601],[134.44078,34.077578],[134.441086,34.077506],[134.441412,34.077423],[134.441773,34.077357],[134.442002,34.077361],[134.442253,34.077393],[134.442525,34.077449],[134.442783,34.07754],[134.44307,34.077659],[134.443323,34.077865],[134.443484,34.078037],[134.443661,34.078268],[134.443902,34.078612],[134.444094,34.078888],[134.444266,34.079157],[134.444392,34.07935],[134.444435,34.079389],[134.444441,34.079389]]]},"properties":{"S_NAME":"高川原字南島","HCODE":8101}},{"type":"Feature","geometry":{"type":"Polygon","coordinates":[[[134.44806,34.086763],[134.447968,34.086921],[134.447828,34.087447],[134.447422,34.088445],[134.447343,34.088624],[134.44714,34.088925],[134.446986,34.089113],[134.446811,34.089267],[134.446684,34.089371],[134.446337,34.089504],[134.446035,34.089653],[134.44571,34.089762],[134.445388,34.089846],[134.445076,34.089832],[134.444772,34.08979],[134.444562,34.089739],[134.44443,34.08967],[134.444418,34.089594],[134.444034,34.089624],[134.443626,34.089668],[134.443258,34.089701],[134.442611,34.089717],[134.442544,34.089724],[134.442349,34.08968],[134.442006,34.089605],[134.441664,34.089594],[134.441023,34.08962],[134.440584,34.089651],[134.440472,34.089656],[134.439945,34.08966],[134.439688,34.08968],[134.439317,34.089721],[134.438971,34.089766],[134.438661,34.089807],[134.43856,34.089832],[134.438429,34.08984],[134.438375,34.089851],[134.437987,34.089886],[134.43764,34.089874],[134.437535,34.089756],[134.437413,34.089571],[134.437336,34.089399],[134.437253,34.089313],[134.436966,34.089223],[134.436828,34.089134],[134.436577,34.088964],[134.436355,34.088763],[134.436235,34.088729],[134.436254,34.088555],[134.436257,34.088526],[134.436278,34.088336],[134.436284,34.088283],[134.436292,34.088215],[134.436295,34.08804],[134.436295,34.087872],[134.436297,34.087809],[134.436296,34.087714],[134.436304,34.087562],[134.436308,34.087295],[134.43632,34.087052],[134.436331,34.086754],[134.436333,34.086531],[134.436349,34.086256],[134.436347,34.086017],[134.436345,34.085866],[134.436468,34.085874],[134.43655,34.085864],[134.436616,34.085802],[134.436699,34.085607],[134.436756,34.085364],[134.436853,34.085038],[134.436926,34.084725],[134.437097,34.084697],[134.43725,34.08458],[134.437448,34.084385],[134.437561,34.084271],[134.437728,34.08419],[134.437938,34.084093],[134.438156,34.084011],[134.438381,34.08398],[134.43876,34.084024],[134.439244,34.084083],[134.441038,34.084322],[134.441036,34.084263],[134.440953,34.083582],[134.440896,34.08325],[134.44088,34.083122],[134.439531,34.083301],[134.439467,34.081853],[134.439475,34.081429],[134.439463,34.081393],[134.43867,34.081412],[134.438606,34.080619],[134.438796,34.080545],[134.43909,34.080406],[134.439255,34.080328],[134.439366,34.080275],[134.439436,34.080242],[134.439619,34.080151],[134.439764,34.080071],[134.439916,34.080008],[134.439957,34.080002],[134.440175,34.079967],[134.440375,34.079952],[134.440795,34.079962],[134.44103,34.079973],[134.441137,34.080005],[134.441192,34.080047],[134.44124,34.080119],[134.441766,34.080121],[134.442283,34.080091],[134.442491,34.080083],[134.442778,34.079774],[134.443084,34.079778],[134.443358,34.079737],[134.444441,34.079389],[134.444621,34.079689],[134.444723,34.07985],[134.444817,34.079959],[134.44492,34.080119],[134.445007,34.080241],[134.445145,34.080367],[134.445251,34.080505],[134.445357,34.080707],[134.44519,34.081327],[134.4452,34.081398],[134.44531,34.081571],[134.445411,34.081776],[134.445456,34.082005],[134.445468,34.082193],[134.445452,34.082344],[134.445398,34.082425],[134.445277,34.08269],[134.445144,34.082975],[134.444951,34.083185],[134.444745,34.083375],[134.444593,34.083512],[134.444496,34.083611],[134.444414,34.083719],[134.444321,34.083844],[134.44427,34.083926],[134.444215,34.084022],[134.444182,34.084121],[134.444125,34.084231],[134.444102,34.084307],[134.444082,34.084391],[134.444055,34.084514],[134.444034,34.08464],[134.444057,34.084794],[134.444078,34.085005],[134.444129,34.085213],[134.444194,34.085401],[134.444269,34.085539],[134.44441,34.085761],[134.444562,34.085934],[134.444724,34.086113],[134.444949,34.086282],[134.445218,34.086448],[134.445595,34.086592],[134.445973,34.086697],[134.446448,34.086781],[134.446616,34.086756],[134.446873,34.086684],[134.447056,34.086679],[134.447403,34.086703],[134.447792,34.086735],[134.447933,34.086746],[134.44806,34.086763]]]},"properties":{"S_NAME":"高川原字天神","HCODE":8101}},{"type":"Feature","geometry":{"type":"Polygon","coordinates":[[[134.452943,34.086361],[134.452827,34.086396],[134.452674,34.086448],[134.452559,34.086475],[134.452273,34.086568],[134.451935,34.086658],[134.451683,34.086753],[134.451478,34.086883],[134.451387,34.086984],[134.451205,34.086888],[134.450932,34.086928],[134.450551,34.086972],[134.450404,34.087046],[134.450323,34.087117],[134.450124,34.087133],[134.450013,34.087108],[134.449792,34.087008],[134.449537,34.086934],[134.449219,34.086889],[134.448618,34.08683],[134.44806,34.086763],[134.447933,34.086746],[134.447792,34.086735],[134.447403,34.086703],[134.447056,34.086679],[134.446873,34.086684],[134.446616,34.086756],[134.446448,34.086781],[134.445973,34.086697],[134.445595,34.086592],[134.445218,34.086448],[134.444949,34.086282],[134.444724,34.086113],[134.444562,34.085934],[134.44441,34.085761],[134.444269,34.085539],[134.444194,34.085401],[134.444129,34.085213],[134.444078,34.085005],[134.444057,34.084794],[134.444034,34.08464],[134.444055,34.084514],[134.444082,34.084391],[134.444102,34.084307],[134.444125,34.084231],[134.444182,34.084121],[134.444215,34.084022],[134.44427,34.083926],[134.444321,34.083844],[134.444414,34.083719],[134.444496,34.083611],[134.444593,34.083512],[134.444745,34.083375],[134.444951,34.083185],[134.445144,34.082975],[134.445277,34.08269],[134.445398,34.082425],[134.445452,34.082344],[134.445468,34.082193],[134.445456,34.082005],[134.445411,34.081776],[134.44531,34.081571],[134.4452,34.081398],[134.44519,34.081327],[134.445357,34.080707],[134.445251,34.080505],[134.445145,34.080367],[134.445007,34.080241],[134.44492,34.080119],[134.444817,34.079959],[134.444723,34.07985],[134.444621,34.079689],[134.444441,34.079389],[134.444435,34.079389],[134.444392,34.07935],[134.444266,34.079157],[134.444094,34.078888],[134.443902,34.078612],[134.443661,34.078268],[134.443484,34.078037],[134.443323,34.077865],[134.44307,34.077659],[134.442783,34.07754],[134.442525,34.077449],[134.442253,34.077393],[134.442002,34.077361],[134.441773,34.077357],[134.441412,34.077423],[134.441086,34.077506],[134.44078,34.077578],[134.440556,34.077601],[134.44038,34.07763],[134.440195,34.077667],[134.439983,34.077712],[134.439859,34.077713],[134.439746,34.077682],[134.439557,34.077594],[134.439141,34.077404],[134.438822,34.077234],[134.438625,34.077128],[134.438433,34.076967],[134.438257,34.076801],[134.437997,34.076486],[134.437831,34.076289],[134.437696,34.076039],[134.437563,34.075936],[134.437465,34.075766],[134.43739,34.07562],[134.437271,34.075468],[134.437174,34.075353],[134.43707,34.075219],[134.436964,34.075077],[134.436858,34.074994],[134.436697,34.074869],[134.436604,34.074762],[134.436575,34.074634],[134.436548,34.074507],[134.436537,34.074414],[134.43655,34.074286],[134.436591,34.074061],[134.436676,34.073884],[134.436917,34.073697],[134.436999,34.073629],[134.437046,34.073556],[134.437107,34.073375],[134.437144,34.073239],[134.437194,34.073034],[134.437212,34.072905],[134.437231,34.072813],[134.437233,34.072552],[134.437431,34.072536],[134.438466,34.072454],[134.43846,34.072358],[134.438457,34.072058],[134.438646,34.072071],[134.438814,34.072092],[134.439026,34.072091],[134.439167,34.07209],[134.439342,34.072099],[134.439348,34.072215],[134.439422,34.072223],[134.439836,34.072247],[134.441639,34.072364],[134.441755,34.071867],[134.441808,34.071656],[134.442018,34.070955],[134.44346,34.071073],[134.444728,34.071185],[134.444812,34.071189],[134.444931,34.071193],[134.445116,34.071214],[134.445197,34.071239],[134.445384,34.071267],[134.445555,34.071289],[134.445744,34.07132],[134.445983,34.071363],[134.446216,34.071407],[134.446717,34.071505],[134.448807,34.071868],[134.449157,34.071941],[134.449328,34.071976],[134.449539,34.072024],[134.449745,34.072068],[134.449897,34.072095],[134.449997,34.072135],[134.450285,34.072195],[134.450487,34.072233],[134.45086,34.072301],[134.451751,34.07244],[134.452098,34.072492],[134.452342,34.072523],[134.452537,34.072544],[134.4527,34.072561],[134.452835,34.072569],[134.452976,34.072573],[134.453095,34.072581],[134.453193,34.072585],[134.453323,34.072593],[134.453485,34.072602],[134.453543,34.072607],[134.454571,34.072703],[134.455568,34.072796],[134.455652,34.072805],[134.455664,34.07285],[134.45579,34.072905],[134.455855,34.073459],[134.455904,34.07393],[134.455932,34.074248],[134.455938,34.074479],[134.45585,34.074921],[134.455679,34.075843],[134.455514,34.076719],[134.455445,34.077341],[134.455375,34.077916],[134.455333,34.078045],[134.455239,34.078634],[134.455152,34.079257],[134.455082,34.07956],[134.455055,34.079754],[134.45496,34.080025],[134.454854,34.080296],[134.454716,34.080594],[134.45469,34.080647],[134.454593,34.080846],[134.454588,34.080857],[134.454525,34.081055],[134.454451,34.081309],[134.453817,34.083002],[134.453699,34.083234],[134.453594,34.083613],[134.45352,34.083821],[134.453405,34.084133],[134.453294,34.084337],[134.453216,34.084743],[134.453172,34.08506],[134.453071,34.085617],[134.453052,34.085958],[134.452982,34.086269],[134.452943,34.086361]]]},"properties":{"S_NAME":"高川原字高川原","HCODE":8101}},{"type":"Feature","geometry":{"type":"Polygon","coordinates":[[[134.459863,34.089436],[134.459287,34.089427],[134.458866,34.089431],[134.458526,34.089411],[134.457964,34.089235],[134.457729,34.089146],[134.456594,34.088977],[134.456442,34.088955],[134.456263,34.088943],[134.456105,34.08894],[134.455779,34.088924],[134.455506,34.088841],[134.455256,34.088829],[134.454984,34.088804],[134.454874,34.088742],[134.454642,34.08861],[134.454285,34.088306],[134.454186,34.088135],[134.454173,34.088008],[134.454173,34.087726],[134.454149,34.087532],[134.454071,34.087393],[134.453973,34.087312],[134.453733,34.087063],[134.453618,34.08691],[134.453434,34.086728],[134.45331,34.086606],[134.453244,34.086547],[134.453234,34.086513],[134.453232,34.086467],[134.45325,34.08643],[134.453301,34.086398],[134.453361,34.086374],[134.452982,34.086269],[134.453052,34.085958],[134.453071,34.085617],[134.453172,34.08506],[134.453216,34.084743],[134.453294,34.084337],[134.453405,34.084133],[134.45352,34.083821],[134.453594,34.083613],[134.453699,34.083234],[134.453817,34.083002],[134.454451,34.081309],[134.454525,34.081055],[134.454588,34.080857],[134.454593,34.080846],[134.454815,34.080925],[134.455406,34.08099],[134.455938,34.081077],[134.456129,34.08103],[134.456134,34.080932],[134.456191,34.080601],[134.456209,34.080611],[134.456294,34.080648],[134.456623,34.0808],[134.45691,34.080918],[134.457111,34.081031],[134.457166,34.081054],[134.457394,34.081112],[134.457961,34.081173],[134.458341,34.081225],[134.458413,34.081236],[134.458457,34.081404],[134.459013,34.081248],[134.459444,34.081295],[134.459788,34.081242],[134.459929,34.081187],[134.459963,34.08116],[134.459936,34.080934],[134.45991,34.080702],[134.459992,34.08051],[134.46015,34.080509],[134.460271,34.080503],[134.46041,34.080486],[134.460486,34.080753],[134.460525,34.080819],[134.460649,34.081125],[134.460695,34.08122],[134.461092,34.081278],[134.460746,34.083023],[134.460636,34.083289],[134.460502,34.083914],[134.46042,34.084239],[134.460391,34.084775],[134.460124,34.085624],[134.45997,34.086744],[134.460036,34.088819],[134.460081,34.089137],[134.46038,34.089094],[134.460201,34.08924],[134.460069,34.08931],[134.459863,34.089436]]]},"properties":{"S_NAME":"高川原字加茂野","HCODE":8101}},{"type":"Feature","geometry":{"type":"Polygon","coordinates":[[[134.463206,34.078123],[134.463337,34.078147],[134.464012,34.078339],[134.464511,34.078445],[134.464691,34.078491],[134.464701,34.078523],[134.464653,34.078627],[134.464601,34.078703],[134.464451,34.078806],[134.464281,34.078906],[134.464164,34.078966],[134.463943,34.079149],[134.4638,34.079286],[134.463774,34.079499],[134.463775,34.079598],[134.463774,34.079605],[134.463695,34.080071],[134.463667,34.080302],[134.463607,34.080425],[134.463557,34.080638],[134.463534,34.080931],[134.463499,34.081215],[134.463432,34.081523],[134.463343,34.082263],[134.463343,34.082298],[134.463396,34.082314],[134.463528,34.082309],[134.46368,34.082331],[134.463804,34.082401],[134.463938,34.082439],[134.464056,34.08245],[134.464166,34.082536],[134.464108,34.082672],[134.463954,34.083452],[134.463935,34.083503],[134.463261,34.083351],[134.463175,34.08334],[134.463156,34.083344],[134.463134,34.083462],[134.463051,34.08364],[134.463009,34.083739],[134.462964,34.083925],[134.462921,34.084128],[134.462917,34.084218],[134.462914,34.084372],[134.462804,34.08472],[134.462789,34.084832],[134.46275,34.085112],[134.46269,34.085243],[134.462639,34.085377],[134.462546,34.085738],[134.462528,34.085833],[134.462446,34.086145],[134.462414,34.086204],[134.462377,34.086303],[134.462338,34.086504],[134.462328,34.086647],[134.462317,34.08679],[134.462338,34.086791],[134.462364,34.086792],[134.46263,34.086765],[134.463593,34.086689],[134.464203,34.086697],[134.464537,34.086754],[134.465122,34.086864],[134.465262,34.086552],[134.465317,34.086411],[134.465784,34.086429],[134.465776,34.086621],[134.466073,34.086606],[134.466068,34.086652],[134.466049,34.086738],[134.465877,34.086978],[134.465668,34.087048],[134.465297,34.087328],[134.465018,34.087551],[134.464781,34.087785],[134.464739,34.087896],[134.464572,34.088168],[134.464389,34.088344],[134.464282,34.088447],[134.464044,34.088609],[134.463685,34.08885],[134.463522,34.088939],[134.46345,34.088959],[134.463271,34.088977],[134.463037,34.089019],[134.462707,34.089076],[134.461964,34.089253],[134.461877,34.089263],[134.461317,34.08924],[134.460853,34.089314],[134.459969,34.089429],[134.459863,34.089436],[134.460069,34.08931],[134.460201,34.08924],[134.46038,34.089094],[134.460081,34.089137],[134.460036,34.088819],[134.45997,34.086744],[134.460124,34.085624],[134.460391,34.084775],[134.46042,34.084239],[134.460502,34.083914],[134.460636,34.083289],[134.460746,34.083023],[134.461092,34.081278],[134.460695,34.08122],[134.460649,34.081125],[134.460525,34.080819],[134.460486,34.080753],[134.46041,34.080486],[134.460712,34.080393],[134.460932,34.08024],[134.461028,34.080139],[134.461093,34.080063],[134.461165,34.079992],[134.46128,34.07994],[134.461413,34.079894],[134.461557,34.079807],[134.461696,34.07972],[134.461803,34.079609],[134.461912,34.079583],[134.462348,34.079251],[134.462468,34.079195],[134.462717,34.079168],[134.46284,34.079096],[134.462858,34.079051],[134.462814,34.07892],[134.462785,34.078815],[134.462942,34.078697],[134.463049,34.078571],[134.463133,34.078429],[134.46318,34.078302],[134.463206,34.078123]]]},"properties":{"S_NAME":"高川原字桜間","HCODE":8101}},{"type":"Feature","geometry":{"type":"Polygon","coordinates":[[[134.46041,34.080486],[134.460271,34.080503],[134.46015,34.080509],[134.459992,34.08051],[134.45991,34.080702],[134.459936,34.080934],[134.459963,34.08116],[134.459929,34.081187],[134.459788,34.081242],[134.459444,34.081295],[134.459013,34.081248],[134.458457,34.081404],[134.458413,34.081236],[134.458341,34.081225],[134.457961,34.081173],[134.457394,34.081112],[134.457166,34.081054],[134.457111,34.081031],[134.45691,34.080918],[134.456623,34.0808],[134.456294,34.080648],[134.456209,34.080611],[134.456191,34.080601],[134.456134,34.080932],[134.456129,34.08103],[134.455938,34.081077],[134.455406,34.08099],[134.454815,34.080925],[134.454593,34.080846],[134.45469,34.080647],[134.454716,34.080594],[134.454854,34.080296],[134.45496,34.080025],[134.455055,34.079754],[134.455082,34.07956],[134.455152,34.079257],[134.455239,34.078634],[134.455333,34.078045],[134.455375,34.077916],[134.455445,34.077341],[134.455514,34.076719],[134.455679,34.075843],[134.45585,34.074921],[134.455938,34.074479],[134.455932,34.074248],[134.455904,34.07393],[134.455855,34.073459],[134.45579,34.072905],[134.45621,34.072939],[134.456527,34.072958],[134.457407,34.073067],[134.457942,34.073109],[134.458782,34.073275],[134.45965,34.073423],[134.461146,34.073633],[134.461505,34.073711],[134.461723,34.073734],[134.46266,34.073874],[134.46303,34.073931],[134.463833,34.074071],[134.464409,34.074155],[134.464366,34.074218],[134.464242,34.074478],[134.464132,34.074658],[134.46415,34.074682],[134.464275,34.074695],[134.464498,34.074715],[134.46455,34.07473],[134.464572,34.074762],[134.464556,34.074827],[134.464491,34.075057],[134.464465,34.075262],[134.464433,34.075349],[134.464368,34.07548],[134.464185,34.075845],[134.464051,34.076154],[134.463713,34.077049],[134.463593,34.077166],[134.46356,34.077194],[134.463542,34.077265],[134.46352,34.077372],[134.463465,34.077537],[134.463192,34.078079],[134.463184,34.078093],[134.463175,34.078117],[134.463206,34.078123],[134.46318,34.078302],[134.463133,34.078429],[134.463049,34.078571],[134.462942,34.078697],[134.462785,34.078815],[134.462814,34.07892],[134.462858,34.079051],[134.46284,34.079096],[134.462717,34.079168],[134.462468,34.079195],[134.462348,34.079251],[134.461912,34.079583],[134.461803,34.079609],[134.461696,34.07972],[134.461557,34.079807],[134.461413,34.079894],[134.46128,34.07994],[134.461165,34.079992],[134.461093,34.080063],[134.461028,34.080139],[134.460932,34.08024],[134.460712,34.080393],[134.46041,34.080486]]]},"properties":{"S_NAME":"高川原字市楽","HCODE":8101}}]}