{"type":"FeatureCollection","features":[{"type":"Feature","geometry":{"type":"Polygon","coordinates":[[[134.644905,33.779865],[134.644896,33.779879],[134.644883,33.77989],[134.644864,33.779896],[134.644845,33.779898],[134.644804,33.779895],[134.644766,33.779889],[134.644729,33.779881],[134.644682,33.779864],[134.644662,33.779862],[134.644631,33.779868],[134.644616,33.779867],[134.644603,33.779858],[134.644593,33.779843],[134.644585,33.779825],[134.644573,33.779788],[134.644574,33.779771],[134.644581,33.779754],[134.644594,33.77974],[134.64461,33.779729],[134.644626,33.779721],[134.644643,33.779717],[134.644688,33.779708],[134.644717,33.779705],[134.644752,33.779707],[134.64479,33.779716],[134.644827,33.779729],[134.644857,33.779744],[134.644873,33.779756],[134.644882,33.779768],[134.644896,33.779802],[134.644906,33.779839],[134.644905,33.779865]]]},"properties":{"S_NAME":"阿部","HCODE":8101}},{"type":"Feature","geometry":{"type":"Polygon","coordinates":[[[134.650674,33.805288],[134.650639,33.805275],[134.650599,33.805268],[134.650556,33.805267],[134.650512,33.80527],[134.650468,33.805277],[134.650423,33.805289],[134.650376,33.805307],[134.650326,33.805331],[134.650277,33.80536],[134.650237,33.805388],[134.650207,33.805413],[134.650144,33.805483],[134.650025,33.805603],[134.649967,33.80566],[134.649892,33.805726],[134.649833,33.805768],[134.6498,33.805789],[134.649761,33.805808],[134.649737,33.805815],[134.649716,33.805821],[134.649665,33.80583],[134.649609,33.805832],[134.649545,33.805828],[134.649383,33.805803],[134.649258,33.805783],[134.649165,33.80577],[134.649027,33.805748],[134.648871,33.805739],[134.648712,33.805739],[134.648684,33.805738],[134.648651,33.805737],[134.6486,33.80574],[134.648552,33.805748],[134.648497,33.805765],[134.648439,33.805788],[134.648315,33.805843],[134.648208,33.805893],[134.648138,33.805923],[134.648104,33.805932],[134.648058,33.805934],[134.647954,33.805931],[134.647844,33.80593],[134.647797,33.805933],[134.647749,33.805936],[134.647683,33.805947],[134.647638,33.805959],[134.647461,33.806001],[134.647357,33.806025],[134.647239,33.806047],[134.647209,33.806051],[134.647177,33.806051],[134.647057,33.80605],[134.646995,33.806051],[134.646683,33.806038],[134.646382,33.806024],[134.646315,33.806017],[134.646246,33.80601],[134.646201,33.806005],[134.64615,33.805996],[134.646139,33.805994],[134.64613,33.805991],[134.646099,33.805977],[134.646069,33.805955],[134.646042,33.805928],[134.64599,33.805866],[134.645968,33.805837],[134.645941,33.805804],[134.645908,33.805764],[134.645877,33.805727],[134.645853,33.805699],[134.645835,33.805682],[134.645802,33.80566],[134.64576,33.805636],[134.645683,33.805592],[134.645644,33.805567],[134.645604,33.805542],[134.645555,33.805513],[134.6455,33.805481],[134.645442,33.805445],[134.645382,33.80541],[134.645336,33.805381],[134.64527,33.80534],[134.645226,33.805311],[134.645183,33.805281],[134.645145,33.805253],[134.645081,33.805206],[134.645023,33.805162],[134.645001,33.805143],[134.644974,33.80512],[134.644923,33.805073],[134.644877,33.805036],[134.644829,33.805],[134.644763,33.804954],[134.644674,33.80489],[134.644581,33.804823],[134.644514,33.804776],[134.644478,33.804753],[134.644449,33.804742],[134.644411,33.804731],[134.644375,33.804725],[134.644327,33.804723],[134.644306,33.804725],[134.644254,33.804731],[134.6442,33.804738],[134.644119,33.804747],[134.644048,33.804755],[134.643958,33.804763],[134.643883,33.80477],[134.643821,33.804775],[134.643773,33.804778],[134.643721,33.804776],[134.643645,33.804764],[134.643585,33.804752],[134.64352,33.804735],[134.643467,33.804719],[134.643418,33.804707],[134.643367,33.8047],[134.643307,33.804696],[134.643254,33.804692],[134.643202,33.804688],[134.64314,33.804685],[134.643054,33.804683],[134.642962,33.804681],[134.642883,33.804679],[134.642834,33.804674],[134.642765,33.804664],[134.642717,33.804655],[134.642652,33.804639],[134.642584,33.804618],[134.642538,33.804601],[134.642481,33.804577],[134.642433,33.804552],[134.642399,33.804531],[134.642359,33.804502],[134.642317,33.804475],[134.642279,33.804452],[134.642231,33.804434],[134.642173,33.80442],[134.642095,33.804404],[134.642007,33.804386],[134.641923,33.804369],[134.641849,33.804355],[134.641788,33.804344],[134.641722,33.804338],[134.641656,33.804334],[134.641593,33.804334],[134.641529,33.804337],[134.641468,33.80434],[134.641405,33.804342],[134.641348,33.804345],[134.641297,33.804348],[134.641269,33.804353],[134.641231,33.804359],[134.641182,33.804362],[134.641119,33.804359],[134.64107,33.804355],[134.64102,33.804347],[134.640987,33.804335],[134.640942,33.804317],[134.640885,33.804293],[134.640863,33.804286],[134.640808,33.804274],[134.640763,33.804274],[134.640714,33.804278],[134.640657,33.80428],[134.640608,33.804283],[134.640559,33.804289],[134.640516,33.804297],[134.64046,33.804313],[134.640394,33.804334],[134.640221,33.804398],[134.640101,33.804441],[134.639879,33.804515],[134.639834,33.804526],[134.639775,33.804531],[134.639727,33.804529],[134.639669,33.804522],[134.639644,33.804517],[134.63963,33.804512],[134.639572,33.804493],[134.63953,33.804477],[134.639518,33.80447],[134.639495,33.804457],[134.63949,33.804453],[134.639467,33.804431],[134.639452,33.804406],[134.63944,33.804376],[134.639431,33.804338],[134.639431,33.804309],[134.639439,33.804283],[134.639465,33.804226],[134.639479,33.804199],[134.639487,33.804184],[134.639508,33.804145],[134.639513,33.804132],[134.639522,33.804109],[134.639531,33.80407],[134.639537,33.804032],[134.639542,33.803997],[134.639544,33.803966],[134.639543,33.80393],[134.639543,33.803893],[134.639542,33.803858],[134.639542,33.80383],[134.639539,33.803801],[134.639533,33.803764],[134.639525,33.80373],[134.639512,33.803694],[134.639507,33.803685],[134.639494,33.803662],[134.639477,33.803639],[134.639444,33.80361],[134.639398,33.803573],[134.639348,33.803534],[134.639302,33.803496],[134.638962,33.803274],[134.638906,33.803241],[134.638865,33.803217],[134.638799,33.803176],[134.638751,33.803148],[134.638704,33.803122],[134.638658,33.803098],[134.638614,33.803075],[134.638569,33.803051],[134.638516,33.803029],[134.638461,33.803011],[134.638322,33.802979],[134.638062,33.802925],[134.637903,33.802896],[134.637787,33.802875],[134.637737,33.802866],[134.63769,33.802849],[134.637654,33.802826],[134.637619,33.802797],[134.637584,33.802768],[134.637541,33.802738],[134.637502,33.802711],[134.637471,33.80269],[134.63745,33.802677],[134.637421,33.802665],[134.637405,33.802661],[134.637381,33.802659],[134.637353,33.802661],[134.637315,33.802662],[134.637267,33.80266],[134.637212,33.802649],[134.63715,33.802635],[134.637109,33.802621],[134.637059,33.802598],[134.637018,33.802575],[134.636986,33.802552],[134.636947,33.802525],[134.636899,33.802492],[134.636847,33.80246],[134.636802,33.80243],[134.636765,33.802406],[134.636733,33.80239],[134.63671,33.802382],[134.636683,33.802377],[134.636647,33.802373],[134.636614,33.802373],[134.636576,33.802376],[134.636545,33.80238],[134.636514,33.802387],[134.636456,33.802397],[134.636419,33.802401],[134.636368,33.802402],[134.636328,33.802399],[134.636283,33.802391],[134.636268,33.802386],[134.636037,33.802272],[134.636011,33.802258],[134.635982,33.802248],[134.635943,33.802238],[134.635888,33.802228],[134.635823,33.802216],[134.635787,33.802208],[134.635742,33.802198],[134.635675,33.802179],[134.635611,33.802157],[134.635562,33.802136],[134.635517,33.80211],[134.635466,33.802079],[134.635427,33.802055],[134.635389,33.802032],[134.63536,33.802017],[134.63533,33.802005],[134.635283,33.801989],[134.63527,33.801987],[134.635235,33.801985],[134.635188,33.801985],[134.635128,33.801983],[134.63508,33.801977],[134.635015,33.801962],[134.634998,33.801955],[134.63497,33.801937],[134.634944,33.801916],[134.63491,33.801892],[134.634872,33.801873],[134.634815,33.801852],[134.634761,33.801835],[134.634707,33.80182],[134.634663,33.801808],[134.63458,33.801781],[134.634512,33.801753],[134.634402,33.801702],[134.63424,33.801603],[134.634226,33.801599],[134.634196,33.801593],[134.634151,33.80159],[134.634095,33.801588],[134.634033,33.801585],[134.633972,33.801584],[134.633454,33.801553],[134.633382,33.801549],[134.63335,33.801546],[134.633266,33.801534],[134.633224,33.801528],[134.633195,33.801521],[134.633163,33.801512],[134.63312,33.801492],[134.633092,33.801474],[134.633069,33.801446],[134.633056,33.801428],[134.633049,33.801407],[134.633039,33.80136],[134.633027,33.801182],[134.633027,33.80118],[134.63302,33.801167],[134.632986,33.801135],[134.632955,33.801103],[134.632923,33.801074],[134.632875,33.801016],[134.632844,33.800986],[134.632815,33.800959],[134.632787,33.800942],[134.632751,33.800925],[134.632711,33.800911],[134.632662,33.800894],[134.63261,33.800879],[134.632557,33.800867],[134.632506,33.800856],[134.632437,33.80083],[134.632414,33.800816],[134.632353,33.800762],[134.632328,33.800729],[134.632287,33.800653],[134.632257,33.800623],[134.632214,33.800596],[134.632156,33.800565],[134.632085,33.800526],[134.632013,33.800487],[134.631948,33.800451],[134.631891,33.800423],[134.631864,33.800413],[134.631815,33.800402],[134.63179,33.800401],[134.631737,33.800404],[134.631674,33.800411],[134.631603,33.800416],[134.631564,33.800416],[134.631522,33.800412],[134.631436,33.800396],[134.631389,33.800385],[134.631364,33.800377],[134.630841,33.800184],[134.630773,33.800155],[134.6307,33.800123],[134.630623,33.800091],[134.630585,33.80008],[134.630549,33.800075],[134.630515,33.800076],[134.630482,33.800083],[134.630413,33.800096],[134.630372,33.800097],[134.630325,33.800089],[134.630274,33.800077],[134.630171,33.800045],[134.630085,33.800023],[134.630018,33.800015],[134.629957,33.800008],[134.629924,33.8],[134.629854,33.799978],[134.629821,33.799964],[134.629759,33.799934],[134.629706,33.799903],[134.629652,33.799869],[134.629592,33.799832],[134.629525,33.799795],[134.62945,33.799762],[134.62937,33.799734],[134.629289,33.799711],[134.629211,33.799693],[134.629134,33.799684],[134.62905,33.799688],[134.628963,33.799699],[134.628881,33.799705],[134.628844,33.799702],[134.628778,33.799689],[134.628717,33.799672],[134.62865,33.799655],[134.628581,33.799641],[134.628509,33.799623],[134.628432,33.799605],[134.628345,33.799585],[134.628244,33.799565],[134.628137,33.799549],[134.628032,33.799537],[134.627937,33.799528],[134.627862,33.799517],[134.627834,33.799509],[134.627792,33.799488],[134.627757,33.799462],[134.627714,33.799427],[134.627662,33.799388],[134.627598,33.799343],[134.627526,33.799299],[134.627455,33.799258],[134.627391,33.799225],[134.627323,33.799202],[134.627236,33.79919],[134.627137,33.799186],[134.627048,33.799187],[134.626984,33.799189],[134.626926,33.799193],[134.626847,33.799197],[134.626743,33.799202],[134.626629,33.799209],[134.626524,33.799217],[134.626439,33.799229],[134.626393,33.799242],[134.626362,33.799262],[134.626329,33.799292],[134.626288,33.799335],[134.626234,33.799387],[134.62618,33.79944],[134.626133,33.799486],[134.626089,33.799531],[134.626036,33.799581],[134.625971,33.799635],[134.625897,33.799686],[134.625817,33.799729],[134.625732,33.79977],[134.625642,33.799813],[134.625549,33.79986],[134.625463,33.799906],[134.625381,33.799947],[134.625341,33.799962],[134.625299,33.799972],[134.625165,33.799962],[134.624361,33.799835],[134.623578,33.799762],[134.622892,33.799725],[134.622743,33.799698],[134.622691,33.799661],[134.622488,33.799467],[134.622349,33.799374],[134.622284,33.799319],[134.622235,33.799286],[134.62218,33.799254],[134.622112,33.799226],[134.622037,33.799198],[134.621967,33.79917],[134.621914,33.799138],[134.621866,33.799111],[134.62184,33.799101],[134.621807,33.799094],[134.621772,33.79909],[134.621733,33.799088],[134.621692,33.79909],[134.621606,33.799094],[134.621525,33.799099],[134.62146,33.799098],[134.621434,33.799093],[134.621405,33.799082],[134.621375,33.799063],[134.621336,33.79903],[134.621293,33.79899],[134.621257,33.798945],[134.621231,33.798898],[134.621208,33.798858],[134.621194,33.798844],[134.621173,33.798835],[134.621149,33.79883],[134.621122,33.798828],[134.62106,33.798831],[134.620989,33.798835],[134.620917,33.79884],[134.620849,33.79884],[134.620787,33.798834],[134.620757,33.798827],[134.62073,33.798817],[134.620702,33.798804],[134.620652,33.79877],[134.620608,33.798733],[134.620573,33.798693],[134.620547,33.798653],[134.620529,33.798609],[134.620512,33.798559],[134.620483,33.798503],[134.620459,33.798472],[134.620432,33.798441],[134.620372,33.798383],[134.620321,33.79834],[134.620281,33.798312],[134.620233,33.798286],[134.620165,33.798253],[134.620094,33.798218],[134.620042,33.798185],[134.620003,33.798158],[134.619979,33.79815],[134.619946,33.798144],[134.619902,33.798142],[134.619792,33.798143],[134.619704,33.79814],[134.619653,33.798134],[134.619617,33.798126],[134.619586,33.798113],[134.619566,33.7981],[134.619536,33.79808],[134.619516,33.798057],[134.619499,33.798032],[134.619467,33.797973],[134.619438,33.7979],[134.619409,33.797821],[134.619391,33.797785],[134.61937,33.797755],[134.619344,33.79773],[134.619314,33.797711],[134.619283,33.797696],[134.61922,33.797674],[134.619163,33.797651],[134.619112,33.797624],[134.619061,33.79759],[134.619011,33.797547],[134.618989,33.797521],[134.618969,33.797492],[134.618938,33.797423],[134.618927,33.797386],[134.61891,33.797316],[134.618895,33.797257],[134.618883,33.797199],[134.618876,33.797127],[134.618874,33.797039],[134.618879,33.796943],[134.618887,33.796848],[134.618887,33.796804],[134.618879,33.796766],[134.618861,33.796734],[134.618828,33.796709],[134.618786,33.79669],[134.618735,33.796674],[134.618679,33.79666],[134.618563,33.79663],[134.618453,33.796594],[134.61836,33.796557],[134.618284,33.796524],[134.618248,33.796513],[134.61821,33.796505],[134.618169,33.796503],[134.61812,33.796505],[134.618066,33.796511],[134.617954,33.796522],[134.617901,33.796522],[134.617851,33.796515],[134.617805,33.796502],[134.617723,33.796465],[134.617687,33.796445],[134.617618,33.796404],[134.617553,33.796369],[134.617522,33.796356],[134.617488,33.796342],[134.617453,33.796332],[134.617379,33.796319],[134.6173,33.796306],[134.617217,33.796292],[134.617138,33.796273],[134.617101,33.79626],[134.617034,33.796228],[134.616977,33.796193],[134.616927,33.796157],[134.616882,33.79612],[134.616837,33.796081],[134.616792,33.79604],[134.616746,33.795997],[134.616698,33.795954],[134.616647,33.795916],[134.616597,33.795886],[134.616544,33.795861],[134.616484,33.795833],[134.616414,33.795794],[134.616332,33.79575],[134.61624,33.795708],[134.61619,33.795689],[134.616094,33.795652],[134.616013,33.795616],[134.615947,33.795579],[134.615889,33.795542],[134.615829,33.795503],[134.615758,33.795463],[134.615666,33.795416],[134.615562,33.795366],[134.615478,33.795328],[134.615436,33.795308],[134.615414,33.795295],[134.615378,33.795277],[134.615312,33.795247],[134.615225,33.795218],[134.615098,33.795179],[134.615009,33.795143],[134.614983,33.795133],[134.614946,33.795114],[134.614931,33.795104],[134.614899,33.795077],[134.614845,33.795032],[134.614829,33.795014],[134.614791,33.794973],[134.614763,33.794937],[134.61474,33.7949],[134.614724,33.794862],[134.614712,33.794823],[134.614694,33.794749],[134.614682,33.794717],[134.614663,33.794686],[134.61464,33.794659],[134.614591,33.794612],[134.614549,33.794568],[134.614512,33.79452],[134.614462,33.794459],[134.614384,33.794377],[134.61428,33.794273],[134.614157,33.794148],[134.614035,33.794022],[134.613981,33.793972],[134.613937,33.793936],[134.613904,33.793918],[134.61385,33.7939],[134.613817,33.793882],[134.613772,33.793841],[134.61371,33.793774],[134.613635,33.793686],[134.613479,33.793494],[134.613359,33.793353],[134.613283,33.793282],[134.613221,33.793233],[134.613141,33.793169],[134.613051,33.793096],[134.612961,33.793028],[134.612917,33.793001],[134.612872,33.792979],[134.612824,33.792961],[134.61277,33.792946],[134.612758,33.792943],[134.612718,33.792943],[134.612686,33.792949],[134.612616,33.792967],[134.612575,33.792982],[134.612546,33.793006],[134.612534,33.793035],[134.612524,33.793095],[134.612505,33.793115],[134.612486,33.793125],[134.612464,33.793124],[134.612392,33.793116],[134.612301,33.793093],[134.612205,33.79306],[134.612117,33.793019],[134.612087,33.793002],[134.612059,33.792977],[134.612038,33.792934],[134.612033,33.792877],[134.612036,33.792814],[134.612045,33.792743],[134.61205,33.792707],[134.612046,33.792677],[134.612039,33.792659],[134.612032,33.792648],[134.612008,33.79262],[134.611975,33.792589],[134.611933,33.792554],[134.611837,33.79248],[134.611754,33.792409],[134.611725,33.792379],[134.611706,33.792352],[134.611692,33.792326],[134.611663,33.792272],[134.611617,33.792205],[134.611552,33.792129],[134.611476,33.792051],[134.611391,33.791974],[134.611325,33.791922],[134.611309,33.791905],[134.611223,33.791745],[134.611202,33.791686],[134.611193,33.791628],[134.611192,33.791597],[134.611201,33.791533],[134.611223,33.791461],[134.611253,33.791379],[134.611287,33.791296],[134.611317,33.791215],[134.611345,33.791137],[134.611376,33.791063],[134.611402,33.790991],[134.611417,33.790928],[134.611417,33.790898],[134.611412,33.790871],[134.611402,33.790843],[134.611372,33.790786],[134.611329,33.79072],[134.611282,33.790651],[134.611238,33.790585],[134.611199,33.790524],[134.611169,33.79046],[134.611145,33.790386],[134.611132,33.79031],[134.61113,33.790276],[134.611132,33.790214],[134.611132,33.790158],[134.611126,33.790129],[134.611113,33.790098],[134.611095,33.790066],[134.611073,33.790034],[134.611027,33.789973],[134.610981,33.78992],[134.610929,33.789869],[134.610861,33.789812],[134.610777,33.789747],[134.610695,33.789681],[134.610625,33.789614],[134.610566,33.78955],[134.610508,33.789487],[134.610445,33.789426],[134.61041,33.789398],[134.610373,33.789375],[134.610358,33.789368],[134.610332,33.789355],[134.610286,33.789339],[134.610238,33.789326],[134.610619,33.788635],[134.611234,33.787519],[134.611403,33.787369],[134.613714,33.786792],[134.613987,33.786675],[134.614232,33.78649],[134.615891,33.784507],[134.618934,33.785281],[134.618967,33.78532],[134.618995,33.785373],[134.619004,33.785406],[134.619009,33.785442],[134.619008,33.785481],[134.619,33.785521],[134.618988,33.785563],[134.618964,33.785651],[134.618959,33.785696],[134.618962,33.785739],[134.618972,33.785782],[134.61899,33.785825],[134.619012,33.785867],[134.61904,33.78591],[134.6191,33.785995],[134.619165,33.786085],[134.619227,33.786185],[134.619283,33.786286],[134.619312,33.786331],[134.619342,33.786368],[134.619371,33.786396],[134.619403,33.786416],[134.619434,33.786433],[134.619497,33.786464],[134.619527,33.786484],[134.619555,33.786507],[134.619612,33.786561],[134.619668,33.786621],[134.61973,33.78668],[134.619767,33.786706],[134.619808,33.786729],[134.619855,33.786747],[134.619906,33.786761],[134.620013,33.786781],[134.620116,33.786801],[134.620212,33.786823],[134.620312,33.786843],[134.620421,33.786856],[134.620537,33.786867],[134.620649,33.786878],[134.620763,33.78689],[134.62089,33.786902],[134.621038,33.78691],[134.621115,33.78691],[134.621192,33.786907],[134.621264,33.786899],[134.62133,33.786886],[134.62139,33.786869],[134.621503,33.786834],[134.621558,33.786821],[134.621613,33.786811],[134.621723,33.786798],[134.621775,33.78679],[134.621827,33.786776],[134.621874,33.786755],[134.621918,33.786727],[134.622003,33.78666],[134.622085,33.786586],[134.622171,33.786517],[134.622219,33.786485],[134.622284,33.786455],[134.62233,33.786438],[134.622389,33.786419],[134.622492,33.786387],[134.622529,33.786372],[134.622549,33.786354],[134.622559,33.786335],[134.622568,33.786306],[134.62258,33.786296],[134.6226,33.786293],[134.622631,33.786293],[134.622669,33.786297],[134.622759,33.786306],[134.622806,33.786306],[134.622903,33.786302],[134.623004,33.786293],[134.623081,33.786285],[134.62311,33.786282],[134.623218,33.786277],[134.623274,33.786279],[134.623328,33.786284],[134.623426,33.786295],[134.623465,33.786295],[134.623492,33.786288],[134.623506,33.786272],[134.623513,33.786228],[134.623518,33.78621],[134.62353,33.786202],[134.623552,33.786205],[134.623586,33.786216],[134.623673,33.786245],[134.623723,33.786254],[134.623771,33.786251],[134.62382,33.786241],[134.623869,33.786224],[134.623966,33.786187],[134.62406,33.786157],[134.624107,33.786147],[134.624153,33.786142],[134.624197,33.786142],[134.624239,33.786146],[134.62428,33.786155],[134.624316,33.786168],[134.624349,33.786185],[134.624377,33.786205],[134.624399,33.786227],[134.624417,33.78625],[134.62445,33.786288],[134.624469,33.786301],[134.624491,33.786305],[134.624518,33.786305],[134.624547,33.786301],[134.624611,33.786289],[134.624677,33.78628],[134.62475,33.786277],[134.624831,33.786275],[134.624919,33.786269],[134.625009,33.786253],[134.625052,33.786238],[134.625092,33.78622],[134.625131,33.7862],[134.625199,33.786154],[134.625227,33.78613],[134.625281,33.786088],[134.625313,33.786074],[134.625353,33.786067],[134.6254,33.786068],[134.625455,33.786076],[134.625514,33.78609],[134.62557,33.786108],[134.625624,33.786129],[134.625668,33.78615],[134.625738,33.786192],[134.625792,33.786224],[134.625817,33.786234],[134.625843,33.786241],[134.625906,33.786249],[134.625996,33.786262],[134.626109,33.786279],[134.62623,33.786296],[134.626337,33.786304],[134.626383,33.786303],[134.626419,33.7863],[134.626448,33.786294],[134.626467,33.786282],[134.626477,33.786267],[134.626484,33.786224],[134.626489,33.786163],[134.626496,33.786132],[134.626506,33.786106],[134.626523,33.786089],[134.626548,33.786088],[134.626579,33.786104],[134.626617,33.786134],[134.626657,33.786173],[134.626744,33.786248],[134.626783,33.786273],[134.626822,33.786289],[134.62686,33.7863],[134.626937,33.78631],[134.627019,33.786316],[134.627109,33.786325],[134.627204,33.786335],[134.627299,33.78635],[134.627388,33.786371],[134.627479,33.786402],[134.627546,33.786422],[134.627595,33.786433],[134.627666,33.78644],[134.627709,33.786443],[134.627773,33.786444],[134.627903,33.786441],[134.628023,33.786432],[134.628133,33.786422],[134.628234,33.78641],[134.628325,33.786399],[134.628416,33.786394],[134.628502,33.786393],[134.628567,33.786389],[134.628575,33.786385],[134.628579,33.78638],[134.628583,33.786374],[134.628583,33.786367],[134.628578,33.786353],[134.628564,33.786318],[134.628564,33.786312],[134.628569,33.786306],[134.628577,33.786301],[134.628587,33.786297],[134.628617,33.786295],[134.628652,33.786296],[134.62869,33.786303],[134.628724,33.786315],[134.62875,33.78633],[134.628771,33.786349],[134.628806,33.78639],[134.628828,33.786411],[134.628854,33.786428],[134.628919,33.78646],[134.628996,33.786496],[134.629075,33.786537],[134.629153,33.786576],[134.62919,33.78659],[134.629225,33.786598],[134.629261,33.786601],[134.629299,33.786601],[134.629383,33.786599],[134.629486,33.7866],[134.629598,33.786605],[134.629703,33.78661],[134.629797,33.786611],[134.629885,33.786606],[134.629929,33.786598],[134.630017,33.786576],[134.630102,33.78655],[134.630179,33.786521],[134.63026,33.786494],[134.630307,33.786484],[134.630411,33.786466],[134.630518,33.786448],[134.630564,33.786438],[134.630602,33.786425],[134.630634,33.786409],[134.630663,33.786392],[134.630688,33.786373],[134.630744,33.786326],[134.630801,33.786276],[134.630843,33.786232],[134.630854,33.786213],[134.630857,33.786196],[134.630853,33.786181],[134.630844,33.786164],[134.63083,33.786146],[134.630787,33.786099],[134.630737,33.786045],[134.630688,33.785992],[134.630653,33.78594],[134.630645,33.785915],[134.630647,33.78589],[134.630657,33.785864],[134.630676,33.78584],[134.630703,33.785819],[134.630736,33.785803],[134.630774,33.785792],[134.630813,33.785788],[134.630852,33.78579],[134.630919,33.785794],[134.630941,33.785791],[134.630951,33.78578],[134.630953,33.785763],[134.630955,33.785718],[134.630966,33.785694],[134.630986,33.78567],[134.631036,33.785628],[134.631052,33.785606],[134.631054,33.785585],[134.631035,33.785563],[134.631001,33.785541],[134.630959,33.785517],[134.630872,33.78547],[134.630838,33.785445],[134.630815,33.785419],[134.6308,33.785394],[134.630793,33.785368],[134.630794,33.785341],[134.6308,33.785314],[134.630812,33.78529],[134.630831,33.785269],[134.630854,33.785252],[134.630882,33.785244],[134.630913,33.785243],[134.630946,33.785247],[134.630977,33.785255],[134.631024,33.785264],[134.631033,33.785259],[134.631039,33.785248],[134.631048,33.785217],[134.631062,33.785199],[134.631085,33.785181],[134.631118,33.785163],[134.631158,33.785146],[134.631161,33.785145],[134.631164,33.785145],[134.63118,33.785149],[134.63122,33.78516],[134.631256,33.785174],[134.631289,33.785191],[134.631318,33.785212],[134.631363,33.785253],[134.631375,33.785259],[134.631385,33.785262],[134.631399,33.785259],[134.631413,33.785249],[134.631443,33.785198],[134.63146,33.785175],[134.631468,33.785166],[134.631481,33.785159],[134.631491,33.785159],[134.631508,33.785163],[134.631557,33.78518],[134.631584,33.785188],[134.631597,33.785192],[134.631607,33.78519],[134.631624,33.78518],[134.631637,33.785158],[134.631644,33.785128],[134.631647,33.785094],[134.631646,33.785058],[134.631633,33.784991],[134.63163,33.784964],[134.631633,33.784944],[134.631636,33.784937],[134.631644,33.784931],[134.631655,33.784927],[134.631675,33.784929],[134.6317,33.784936],[134.631736,33.78495],[134.631774,33.78497],[134.631808,33.784993],[134.631857,33.785045],[134.631876,33.785066],[134.631886,33.785073],[134.631896,33.785077],[134.631907,33.785077],[134.631919,33.785077],[134.631926,33.785074],[134.631941,33.785067],[134.631969,33.785042],[134.632029,33.784973],[134.632087,33.784902],[134.632114,33.784872],[134.632144,33.784849],[134.632179,33.784835],[134.632221,33.784828],[134.632269,33.784833],[134.632324,33.784846],[134.632376,33.784866],[134.632424,33.784891],[134.632462,33.784918],[134.632485,33.784945],[134.632508,33.784991],[134.632517,33.785004],[134.632529,33.785007],[134.632549,33.785],[134.632609,33.784968],[134.632645,33.784953],[134.63268,33.784945],[134.632713,33.784951],[134.632746,33.784966],[134.632773,33.784988],[134.632797,33.785022],[134.632817,33.785064],[134.632844,33.785165],[134.632855,33.785211],[134.632868,33.785247],[134.632876,33.785256],[134.632887,33.785263],[134.6329,33.785262],[134.632912,33.785257],[134.632926,33.785246],[134.632953,33.785216],[134.633008,33.785143],[134.633059,33.785086],[134.633081,33.785068],[134.633099,33.785058],[134.633111,33.785061],[134.633126,33.785072],[134.633141,33.785103],[134.633155,33.785125],[134.633176,33.785144],[134.633206,33.785159],[134.633274,33.785184],[134.633296,33.785197],[134.633312,33.785212],[134.63332,33.785223],[134.633324,33.785241],[134.633321,33.785253],[134.633314,33.78529],[134.633303,33.785331],[134.633295,33.785373],[134.633297,33.785413],[134.633302,33.785433],[134.633314,33.785451],[134.633344,33.785483],[134.633384,33.785509],[134.633432,33.785525],[134.633484,33.78553],[134.633535,33.785526],[134.633629,33.785505],[134.633648,33.785503],[134.633674,33.785509],[134.633692,33.785516],[134.633701,33.785526],[134.633705,33.785538],[134.63371,33.785581],[134.633716,33.785692],[134.633727,33.785752],[134.63375,33.785809],[134.633782,33.785862],[134.633819,33.785909],[134.633859,33.785947],[134.633899,33.785977],[134.633932,33.785999],[134.633982,33.786023],[134.633997,33.786033],[134.634001,33.786046],[134.633987,33.786087],[134.633977,33.786115],[134.633975,33.786146],[134.633986,33.786179],[134.634012,33.786215],[134.634053,33.786251],[134.634109,33.786285],[134.634174,33.78632],[134.63425,33.786351],[134.634332,33.78638],[134.634513,33.786432],[134.634713,33.786486],[134.634924,33.786547],[134.635027,33.786575],[134.635125,33.786599],[134.635214,33.786613],[134.63529,33.78662],[134.635358,33.786617],[134.63548,33.786604],[134.635542,33.786596],[134.635678,33.786589],[134.635758,33.786582],[134.635853,33.786568],[134.635965,33.786542],[134.636093,33.786503],[134.636231,33.786454],[134.636368,33.786401],[134.636495,33.786348],[134.636682,33.786264],[134.636786,33.786209],[134.636871,33.78616],[134.636989,33.7861],[134.637058,33.786064],[134.637127,33.786025],[134.637193,33.785983],[134.637252,33.785939],[134.637307,33.785894],[134.637409,33.785799],[134.637512,33.785706],[134.637615,33.785617],[134.637661,33.785576],[134.637699,33.785537],[134.637751,33.785469],[134.637791,33.785418],[134.637816,33.785398],[134.637845,33.785386],[134.637919,33.785363],[134.637961,33.785349],[134.638006,33.785329],[134.638051,33.785302],[134.6381,33.785266],[134.638211,33.785178],[134.638278,33.785126],[134.638431,33.78502],[134.638588,33.784916],[134.638721,33.784822],[134.638823,33.784735],[134.638871,33.784689],[134.638974,33.78458],[134.639087,33.784451],[134.639139,33.784383],[134.639185,33.784313],[134.63922,33.784245],[134.639249,33.784179],[134.639291,33.784051],[134.639325,33.783934],[134.639361,33.78382],[134.639395,33.783691],[134.639427,33.783537],[134.639459,33.783377],[134.639495,33.783234],[134.639537,33.783108],[134.639705,33.782656],[134.639708,33.782643],[134.639705,33.782629],[134.639679,33.782576],[134.639659,33.782526],[134.639643,33.782463],[134.639626,33.78237],[134.639604,33.782269],[134.639586,33.782208],[134.639581,33.782172],[134.639581,33.782134],[134.639588,33.782096],[134.639603,33.782057],[134.639624,33.78201],[134.639644,33.781972],[134.639663,33.781935],[134.63967,33.781919],[134.639674,33.781903],[134.639674,33.781884],[134.639665,33.781854],[134.639657,33.781833],[134.639646,33.781799],[134.639641,33.781772],[134.639641,33.781749],[134.639647,33.781714],[134.639656,33.781681],[134.639669,33.781652],[134.639684,33.78163],[134.639699,33.781612],[134.639718,33.781597],[134.639743,33.781583],[134.639804,33.781566],[134.639848,33.781558],[134.639905,33.781555],[134.639982,33.781555],[134.640079,33.781548],[134.640188,33.781534],[134.6403,33.781513],[134.640355,33.781505],[134.640412,33.781501],[134.640476,33.781499],[134.640501,33.781499],[134.640523,33.781498],[134.64055,33.781493],[134.640565,33.781485],[134.640581,33.781469],[134.640602,33.781441],[134.640629,33.781404],[134.64066,33.781363],[134.640688,33.781329],[134.640728,33.781282],[134.640768,33.781243],[134.640833,33.781185],[134.640855,33.781162],[134.640868,33.781142],[134.640878,33.781116],[134.640889,33.781079],[134.640894,33.781038],[134.640897,33.780925],[134.640903,33.780837],[134.640907,33.780793],[134.640909,33.780764],[134.640914,33.78073],[134.640922,33.780693],[134.640928,33.78068],[134.640944,33.780658],[134.64096,33.780642],[134.640996,33.780618],[134.641015,33.780608],[134.641038,33.780601],[134.641063,33.780599],[134.641096,33.780599],[134.641135,33.780604],[134.641183,33.780612],[134.641211,33.78062],[134.64124,33.780633],[134.641287,33.780655],[134.641335,33.780687],[134.641366,33.780714],[134.641386,33.780735],[134.641404,33.780763],[134.641417,33.780792],[134.641428,33.78083],[134.641433,33.780874],[134.641434,33.780902],[134.641439,33.78094],[134.641445,33.780968],[134.641453,33.78099],[134.641465,33.781008],[134.641486,33.781026],[134.641526,33.781043],[134.641583,33.781063],[134.641648,33.781082],[134.641716,33.781104],[134.641786,33.781132],[134.641818,33.781147],[134.64185,33.781164],[134.641878,33.781184],[134.641929,33.781223],[134.641979,33.78126],[134.64202,33.781288],[134.642049,33.781311],[134.64207,33.781337],[134.642086,33.781366],[134.642108,33.781429],[134.642127,33.781485],[134.642135,33.781503],[134.642144,33.781515],[134.642165,33.78153],[134.642194,33.78154],[134.642228,33.781547],[134.642255,33.781552],[134.642274,33.781554],[134.64228,33.781556],[134.642284,33.78156],[134.642288,33.781564],[134.642287,33.781574],[134.642288,33.781587],[134.642286,33.781595],[134.642282,33.781599],[134.642271,33.781602],[134.642254,33.781601],[134.642232,33.781596],[134.642214,33.781595],[134.642211,33.781595],[134.642207,33.781597],[134.642209,33.781604],[134.64221,33.781607],[134.642223,33.781628],[134.642248,33.781658],[134.64226,33.781674],[134.642275,33.781699],[134.642279,33.781717],[134.64228,33.781734],[134.642281,33.781766],[134.642284,33.781776],[134.642292,33.781782],[134.642319,33.78178],[134.642347,33.781783],[134.642376,33.781789],[134.642405,33.781799],[134.64244,33.781818],[134.642463,33.781836],[134.642473,33.781845],[134.64248,33.781857],[134.642486,33.781873],[134.642489,33.781889],[134.642488,33.781899],[134.642481,33.781924],[134.642474,33.781934],[134.642469,33.78194],[134.642453,33.781951],[134.64243,33.78196],[134.642401,33.781969],[134.642382,33.781971],[134.642359,33.781974],[134.642345,33.781976],[134.642341,33.781977],[134.642333,33.781982],[134.642324,33.781993],[134.642311,33.782017],[134.642305,33.782044],[134.642309,33.782077],[134.642323,33.782119],[134.642339,33.782152],[134.642356,33.782174],[134.642389,33.782205],[134.642422,33.782245],[134.642457,33.782294],[134.642489,33.782342],[134.642507,33.782377],[134.642516,33.782398],[134.642519,33.782403],[134.642525,33.782406],[134.64254,33.782404],[134.642563,33.782402],[134.642597,33.782405],[134.642643,33.782409],[134.642674,33.782416],[134.642701,33.782424],[134.642722,33.782441],[134.642735,33.782461],[134.642746,33.782483],[134.64275,33.782523],[134.642748,33.782543],[134.642742,33.782601],[134.642732,33.782675],[134.642716,33.782711],[134.642689,33.782729],[134.64266,33.782735],[134.642624,33.782729],[134.642557,33.782711],[134.64254,33.782715],[134.642526,33.782729],[134.642526,33.782757],[134.642538,33.782832],[134.642542,33.78287],[134.642537,33.782904],[134.642526,33.782933],[134.642508,33.782958],[134.642486,33.782979],[134.64246,33.782995],[134.642429,33.78301],[134.642358,33.783035],[134.642316,33.783049],[134.64227,33.783067],[134.642165,33.783118],[134.642057,33.783167],[134.642005,33.783184],[134.641957,33.783195],[134.641868,33.783203],[134.641828,33.783207],[134.641789,33.783215],[134.641751,33.783232],[134.641675,33.783274],[134.641637,33.783294],[134.6416,33.783309],[134.64156,33.783317],[134.641476,33.783328],[134.641427,33.783338],[134.641373,33.783358],[134.641312,33.783391],[134.641248,33.783434],[134.641183,33.783482],[134.641061,33.783582],[134.640963,33.783671],[134.640922,33.783714],[134.640883,33.78376],[134.640846,33.783813],[134.640809,33.783876],[134.640772,33.783946],[134.640705,33.784096],[134.64065,33.784243],[134.640627,33.784312],[134.640609,33.784381],[134.640593,33.78445],[134.640573,33.784599],[134.640567,33.784678],[134.640565,33.784759],[134.64057,33.784925],[134.640577,33.785009],[134.6406,33.785172],[134.640631,33.785326],[134.640647,33.785398],[134.640687,33.785535],[134.64071,33.785599],[134.640768,33.785722],[134.640835,33.785838],[134.640898,33.785954],[134.640946,33.786072],[134.64099,33.786184],[134.641015,33.786234],[134.641044,33.786282],[134.641108,33.786371],[134.641139,33.786416],[134.641167,33.786465],[134.641191,33.786519],[134.641233,33.786643],[134.641256,33.786709],[134.641285,33.786776],[134.64132,33.786845],[134.641362,33.786911],[134.641409,33.786969],[134.641458,33.787016],[134.641509,33.787047],[134.641561,33.787058],[134.641608,33.78706],[134.6417,33.78705],[134.64174,33.787058],[134.641767,33.787073],[134.641799,33.787104],[134.641805,33.787118],[134.641813,33.787138],[134.641803,33.787175],[134.641787,33.787196],[134.641758,33.787214],[134.641708,33.787226],[134.641655,33.787233],[134.641598,33.787246],[134.64157,33.78726],[134.641552,33.787287],[134.641551,33.787323],[134.641563,33.787366],[134.641582,33.787412],[134.641626,33.787504],[134.64167,33.787588],[134.641694,33.787626],[134.64172,33.787661],[134.641747,33.787693],[134.64181,33.787752],[134.641876,33.787809],[134.641957,33.78779],[134.64208,33.787762],[134.642088,33.787787],[134.642151,33.787811],[134.642009,33.787853],[134.641918,33.787877],[134.641756,33.787935],[134.641678,33.787989],[134.641549,33.788035],[134.641524,33.788045],[134.641404,33.788107],[134.641382,33.788149],[134.641378,33.788173],[134.641381,33.788198],[134.641394,33.788226],[134.641416,33.788254],[134.641439,33.788285],[134.641447,33.788302],[134.641449,33.78832],[134.641444,33.788358],[134.641424,33.788394],[134.641409,33.78841],[134.641373,33.788437],[134.641329,33.788456],[134.641278,33.788464],[134.641225,33.788469],[134.641173,33.788477],[134.641119,33.78849],[134.641065,33.788506],[134.641075,33.788581],[134.640843,33.788826],[134.640707,33.788823],[134.640646,33.788768],[134.640891,33.788509],[134.640891,33.788507],[134.64089,33.788504],[134.640889,33.788502],[134.640887,33.7885],[134.640885,33.788499],[134.640882,33.788498],[134.640805,33.788511],[134.640764,33.788515],[134.640708,33.788513],[134.640642,33.78851],[134.640572,33.78851],[134.640503,33.788513],[134.640435,33.78852],[134.640309,33.788868],[134.640419,33.788901],[134.640444,33.788911],[134.640467,33.788922],[134.640504,33.788947],[134.640539,33.788974],[134.640219,33.788976],[134.640216,33.78906],[134.640589,33.789082],[134.640733,33.789172],[134.640804,33.789351],[134.640956,33.789324],[134.64091,33.789159],[134.640967,33.788953],[134.641162,33.788729],[134.641632,33.788516],[134.641818,33.788426],[134.642057,33.788309],[134.642078,33.78834],[134.641817,33.788466],[134.641846,33.788578],[134.641881,33.788688],[134.641904,33.788744],[134.641932,33.7888],[134.641965,33.788858],[134.642047,33.788978],[134.64215,33.789107],[134.642264,33.789239],[134.642373,33.789354],[134.642464,33.78944],[134.64258,33.789535],[134.642594,33.789519],[134.642626,33.789538],[134.642612,33.789554],[134.642751,33.789614],[134.642892,33.789674],[134.643054,33.789742],[134.643245,33.789821],[134.643466,33.789907],[134.643712,33.789997],[134.64396,33.790083],[134.644182,33.790153],[134.644279,33.790181],[134.644372,33.790204],[134.644463,33.790224],[134.644556,33.790241],[134.644652,33.790255],[134.644847,33.790275],[134.645038,33.790288],[134.645207,33.790293],[134.645284,33.790291],[134.645354,33.790284],[134.645418,33.79027],[134.645476,33.79025],[134.645579,33.7902],[134.645629,33.790179],[134.645677,33.790163],[134.645726,33.790156],[134.645777,33.790154],[134.645881,33.790159],[134.645936,33.790158],[134.64599,33.790151],[134.646045,33.790138],[134.646146,33.790103],[134.64619,33.790083],[134.646263,33.790041],[134.646335,33.789999],[134.646429,33.789957],[134.646546,33.789917],[134.646658,33.789882],[134.646743,33.789851],[134.646777,33.789837],[134.646836,33.789803],[134.64689,33.789758],[134.646949,33.789712],[134.646985,33.789692],[134.647025,33.789674],[134.647117,33.789637],[134.647165,33.789611],[134.647215,33.789577],[134.647262,33.789532],[134.647308,33.789477],[134.647351,33.789413],[134.647392,33.789331],[134.6474,33.789319],[134.647405,33.789313],[134.647415,33.789308],[134.647437,33.789301],[134.647471,33.78929],[134.647509,33.789277],[134.647529,33.789274],[134.647553,33.789278],[134.647606,33.789295],[134.647628,33.789298],[134.647648,33.789294],[134.647664,33.789283],[134.647682,33.789275],[134.647706,33.789272],[134.64776,33.789271],[134.647781,33.789264],[134.647814,33.789244],[134.647847,33.789233],[134.647863,33.78923],[134.647874,33.789223],[134.647882,33.789213],[134.64789,33.789198],[134.6479,33.789154],[134.647915,33.789117],[134.647925,33.789107],[134.647964,33.789092],[134.64799,33.789086],[134.648017,33.789087],[134.648041,33.789092],[134.648082,33.789111],[134.648118,33.789122],[134.64817,33.789125],[134.6482,33.789126],[134.648226,33.789124],[134.648242,33.789118],[134.64826,33.789101],[134.648287,33.789073],[134.648343,33.789031],[134.648375,33.789019],[134.648413,33.789018],[134.648448,33.789031],[134.648472,33.789054],[134.648487,33.789089],[134.648492,33.789119],[134.648493,33.789165],[134.648495,33.78918],[134.648503,33.78919],[134.648521,33.789192],[134.648584,33.789181],[134.648623,33.789178],[134.648659,33.789182],[134.648734,33.789207],[134.648809,33.7892],[134.648842,33.789201],[134.648895,33.789218],[134.648926,33.789224],[134.648962,33.789223],[134.649044,33.789214],[134.649113,33.78921],[134.649145,33.789204],[134.649201,33.789176],[134.649265,33.789144],[134.649326,33.789112],[134.649388,33.789072],[134.649427,33.789058],[134.649476,33.789052],[134.649531,33.789055],[134.649582,33.789061],[134.649621,33.789069],[134.649653,33.78908],[134.64968,33.789097],[134.649736,33.789137],[134.64977,33.789149],[134.649808,33.789147],[134.649897,33.78913],[134.649947,33.789127],[134.649998,33.789134],[134.650045,33.789152],[134.650085,33.789177],[134.650114,33.789207],[134.650135,33.789236],[134.650153,33.789272],[134.650169,33.789285],[134.650237,33.789309],[134.650272,33.789323],[134.650297,33.789339],[134.650314,33.789357],[134.650335,33.789391],[134.650348,33.789403],[134.650372,33.78941],[134.650448,33.789407],[134.650485,33.78941],[134.650508,33.789423],[134.65052,33.789444],[134.650526,33.789467],[134.650535,33.789526],[134.65055,33.789547],[134.650622,33.789611],[134.650678,33.789657],[134.650747,33.789702],[134.650821,33.78974],[134.6509,33.789774],[134.650985,33.789806],[134.651115,33.789848],[134.651243,33.78988],[134.651357,33.789899],[134.651481,33.789915],[134.651529,33.789907],[134.651561,33.789899],[134.651598,33.789893],[134.651623,33.789895],[134.651647,33.789906],[134.651681,33.789926],[134.651708,33.789952],[134.651747,33.78999],[134.651775,33.79003],[134.651808,33.790064],[134.65182,33.790071],[134.651829,33.790074],[134.651866,33.790082],[134.651886,33.790088],[134.651893,33.790093],[134.651898,33.7901],[134.651903,33.790107],[134.651918,33.790146],[134.651925,33.79016],[134.651933,33.790172],[134.651946,33.790186],[134.651995,33.790233],[134.651999,33.790239],[134.652003,33.790244],[134.652007,33.790256],[134.652012,33.790268],[134.652014,33.790276],[134.652017,33.790285],[134.652023,33.790293],[134.652028,33.790297],[134.652036,33.790302],[134.652081,33.790324],[134.652109,33.790348],[134.652136,33.790378],[134.652159,33.790409],[134.652185,33.790453],[134.6522,33.790489],[134.652226,33.790534],[134.652261,33.790601],[134.652272,33.790633],[134.652272,33.790656],[134.65226,33.79069],[134.652261,33.790703],[134.65227,33.790719],[134.65231,33.790761],[134.652332,33.790787],[134.652347,33.790819],[134.652353,33.790851],[134.652348,33.790909],[134.65235,33.79093],[134.652358,33.790948],[134.65237,33.790977],[134.652382,33.791018],[134.652395,33.791071],[134.652403,33.791137],[134.652416,33.79119],[134.652432,33.791235],[134.652445,33.791312],[134.652462,33.791396],[134.652485,33.79146],[134.652523,33.791526],[134.652532,33.791537],[134.652543,33.791547],[134.652631,33.791625],[134.652685,33.791686],[134.652729,33.791735],[134.652765,33.791778],[134.652794,33.791814],[134.652824,33.791848],[134.652869,33.791879],[134.652929,33.791911],[134.653003,33.79195],[134.653083,33.791994],[134.653163,33.792041],[134.653231,33.792085],[134.653259,33.792106],[134.653278,33.792125],[134.653292,33.792144],[134.653297,33.792164],[134.653293,33.792183],[134.653275,33.792224],[134.653271,33.792245],[134.653278,33.792268],[134.653297,33.79229],[134.653327,33.792313],[134.653365,33.792335],[134.653452,33.792374],[134.653536,33.792404],[134.653621,33.792433],[134.653722,33.79247],[134.653835,33.792516],[134.653945,33.792566],[134.654038,33.792615],[134.654118,33.792664],[134.654198,33.792717],[134.65428,33.792772],[134.654364,33.792828],[134.654447,33.792877],[134.654529,33.792923],[134.654607,33.792964],[134.654687,33.793002],[134.654784,33.793044],[134.654901,33.793094],[134.655025,33.793144],[134.65513,33.793188],[134.655218,33.793225],[134.655307,33.793262],[134.655408,33.793302],[134.655458,33.793319],[134.655503,33.793329],[134.655538,33.793331],[134.655561,33.793322],[134.655567,33.793316],[134.655576,33.793307],[134.655596,33.793264],[134.655611,33.793245],[134.655632,33.79323],[134.655659,33.793222],[134.655688,33.793219],[134.655714,33.793221],[134.655736,33.793229],[134.655748,33.793241],[134.655753,33.793257],[134.655753,33.793278],[134.655741,33.793329],[134.655726,33.793389],[134.655721,33.79342],[134.655721,33.793448],[134.655728,33.793474],[134.655741,33.793494],[134.655762,33.793511],[134.655788,33.793526],[134.655856,33.793553],[134.655935,33.793583],[134.656021,33.793623],[134.656109,33.793678],[134.656151,33.793711],[134.656226,33.793779],[134.656277,33.793836],[134.656311,33.793878],[134.656328,33.793893],[134.656346,33.793904],[134.656393,33.793918],[134.65644,33.79393],[134.656458,33.793938],[134.656468,33.793946],[134.656478,33.793974],[134.656493,33.794014],[134.656509,33.794037],[134.656558,33.794092],[134.656623,33.794151],[134.65669,33.794212],[134.656758,33.794269],[134.65682,33.794319],[134.656875,33.794361],[134.656929,33.794399],[134.656986,33.794437],[134.657044,33.794475],[134.6571,33.794509],[134.657158,33.794538],[134.657162,33.79454],[134.657167,33.794483],[134.657177,33.794432],[134.657198,33.79439],[134.657211,33.794376],[134.657226,33.794364],[134.657239,33.794358],[134.65725,33.794358],[134.657256,33.794364],[134.657261,33.794388],[134.657257,33.794423],[134.657249,33.794458],[134.65724,33.794491],[134.657216,33.794562],[134.657224,33.794566],[134.657301,33.794593],[134.65738,33.79462],[134.657448,33.794641],[134.657504,33.794658],[134.657563,33.794665],[134.657628,33.794661],[134.657695,33.794655],[134.657753,33.794658],[134.657796,33.79467],[134.657832,33.794683],[134.657863,33.79469],[134.657878,33.79469],[134.657893,33.794686],[134.657908,33.794679],[134.657937,33.794652],[134.65797,33.794629],[134.657991,33.794626],[134.658013,33.794631],[134.658037,33.794642],[134.658087,33.794679],[134.658128,33.794724],[134.658159,33.79477],[134.658188,33.794817],[134.658219,33.79486],[134.658236,33.794881],[134.658257,33.794899],[134.658281,33.794914],[134.658307,33.794925],[134.658335,33.794932],[134.658396,33.794938],[134.658426,33.794938],[134.658481,33.794932],[134.658503,33.794931],[134.658522,33.794935],[134.658535,33.794946],[134.658542,33.794964],[134.658547,33.795017],[134.658552,33.795044],[134.658565,33.795068],[134.658583,33.795086],[134.658608,33.795099],[134.658663,33.79512],[134.658687,33.795131],[134.658703,33.795144],[134.658726,33.795179],[134.658738,33.795201],[134.658756,33.795225],[134.658808,33.79528],[134.658883,33.795346],[134.658973,33.79542],[134.659073,33.795499],[134.659171,33.795572],[134.659261,33.79563],[134.659346,33.795682],[134.658465,33.797004],[134.657499,33.798506],[134.657357,33.798654],[134.657172,33.798733],[134.65644,33.799056],[134.656285,33.799097],[134.656096,33.799118],[134.65568,33.799107],[134.65205,33.799453],[134.651914,33.799538],[134.651833,33.799642],[134.651769,33.799757],[134.65196,33.800103],[134.652012,33.800268],[134.652018,33.800407],[134.651106,33.803257],[134.650674,33.805288]]]},"properties":{"S_NAME":"阿部","HCODE":8101}},{"type":"Feature","geometry":{"type":"Polygon","coordinates":[[[134.616451,33.780228],[134.61641,33.780238],[134.61638,33.780256],[134.616351,33.780281],[134.616315,33.780311],[134.616276,33.780344],[134.616235,33.780375],[134.616192,33.780399],[134.616166,33.780407],[134.616137,33.780412],[134.616103,33.780412],[134.616066,33.780409],[134.61603,33.780402],[134.615999,33.780391],[134.615974,33.780376],[134.615957,33.780357],[134.615948,33.780335],[134.615945,33.780313],[134.615944,33.780268],[134.615941,33.780232],[134.615939,33.780198],[134.615947,33.780161],[134.615966,33.780121],[134.615987,33.780085],[134.616003,33.78006],[134.616012,33.780053],[134.616022,33.78005],[134.616051,33.780061],[134.616091,33.780085],[134.616137,33.78011],[134.61618,33.780121],[134.616197,33.780121],[134.616211,33.780115],[134.616219,33.780106],[134.616218,33.780091],[134.616214,33.780073],[134.616205,33.78003],[134.616206,33.780009],[134.616215,33.779989],[134.61623,33.779971],[134.616251,33.779954],[134.616306,33.779923],[134.616366,33.779893],[134.616396,33.779885],[134.616423,33.779881],[134.616447,33.779886],[134.616464,33.7799],[134.616479,33.779919],[134.61649,33.779941],[134.616508,33.779975],[134.616517,33.77998],[134.616527,33.779977],[134.616539,33.779967],[134.616568,33.779932],[134.616604,33.779886],[134.616643,33.779847],[134.61666,33.779836],[134.616673,33.779834],[134.616685,33.779839],[134.616694,33.779849],[134.616706,33.779878],[134.616713,33.779908],[134.616722,33.779935],[134.616734,33.779956],[134.616742,33.779962],[134.616753,33.779965],[134.616765,33.779964],[134.616779,33.779959],[134.616793,33.779949],[134.616827,33.779925],[134.616847,33.779917],[134.616868,33.779916],[134.61689,33.779922],[134.616913,33.779935],[134.616956,33.779974],[134.616993,33.780016],[134.617016,33.780051],[134.617021,33.780068],[134.617022,33.780086],[134.617015,33.780102],[134.617005,33.780118],[134.61699,33.780134],[134.616949,33.78016],[134.616923,33.780169],[134.616866,33.780184],[134.616805,33.780195],[134.616771,33.780185],[134.616726,33.780181],[134.616687,33.780185],[134.616674,33.780192],[134.616664,33.780202],[134.616656,33.780214],[134.616637,33.780248],[134.616621,33.780266],[134.616598,33.780282],[134.616543,33.78031],[134.61652,33.780316],[134.616506,33.780316],[134.616502,33.780307],[134.616506,33.780292],[134.61652,33.780257],[134.616521,33.780243],[134.616511,33.780232],[134.616494,33.780227],[134.616451,33.780228]]]},"properties":{"S_NAME":"志和岐","HCODE":8101}},{"type":"Feature","geometry":{"type":"Polygon","coordinates":[[[134.610238,33.789326],[134.610185,33.789316],[134.610062,33.7893],[134.609926,33.789288],[134.609789,33.789272],[134.609659,33.789249],[134.609542,33.789229],[134.60949,33.789224],[134.609441,33.789223],[134.609393,33.789227],[134.609347,33.789236],[134.609299,33.789249],[134.609193,33.789285],[134.609078,33.789329],[134.60897,33.789373],[134.608879,33.789408],[134.6088,33.789429],[134.60876,33.789435],[134.60867,33.789435],[134.608576,33.789423],[134.608485,33.789404],[134.6084,33.789379],[134.608319,33.789353],[134.608244,33.789326],[134.608179,33.789304],[134.608128,33.789293],[134.608083,33.789295],[134.608023,33.789304],[134.60793,33.789315],[134.607818,33.789321],[134.60776,33.789321],[134.607701,33.789316],[134.607582,33.789298],[134.607446,33.789275],[134.607284,33.78925],[134.607117,33.789221],[134.607041,33.789204],[134.606972,33.789185],[134.606922,33.789168],[134.606911,33.789165],[134.606857,33.789143],[134.606761,33.789095],[134.606672,33.789041],[134.60658,33.788984],[134.606473,33.788921],[134.606352,33.78885],[134.606233,33.788777],[134.606126,33.788698],[134.606034,33.788619],[134.605951,33.788542],[134.60587,33.788474],[134.605826,33.788444],[134.60578,33.788419],[134.605727,33.788398],[134.605672,33.788381],[134.605567,33.788348],[134.605521,33.788331],[134.605482,33.788309],[134.60545,33.788287],[134.605386,33.788239],[134.605349,33.788218],[134.605304,33.788197],[134.605255,33.788181],[134.605226,33.788175],[134.605204,33.78817],[134.604564,33.786575],[134.603432,33.785373],[134.603397,33.785311],[134.603398,33.785238],[134.603445,33.785169],[134.604395,33.783174],[134.60468,33.782865],[134.605573,33.781906],[134.605627,33.78182],[134.605648,33.78167],[134.605572,33.781098],[134.605498,33.780857],[134.605332,33.780314],[134.60521,33.779908],[134.605101,33.779409],[134.60504,33.779269],[134.604988,33.779151],[134.604812,33.77886],[134.604647,33.7787],[134.603903,33.778283],[134.603803,33.778187],[134.60374,33.778096],[134.603665,33.777977],[134.603634,33.777861],[134.603633,33.777766],[134.603642,33.77767],[134.603653,33.777633],[134.603694,33.777489],[134.603899,33.777029],[134.604017,33.776764],[134.604086,33.776505],[134.604103,33.776206],[134.604072,33.775764],[134.604076,33.775608],[134.604144,33.775322],[134.604194,33.775102],[134.604347,33.774646],[134.604417,33.774473],[134.604456,33.774425],[134.604486,33.774408],[134.604583,33.774351],[134.604669,33.774328],[134.604756,33.774327],[134.604928,33.774332],[134.605219,33.774349],[134.606472,33.775006],[134.606846,33.775111],[134.607007,33.775119],[134.607172,33.775127],[134.607356,33.775116],[134.60771,33.775083],[134.607679,33.775119],[134.607648,33.77516],[134.607638,33.775181],[134.607635,33.775199],[134.607638,33.775216],[134.607648,33.775231],[134.607663,33.775245],[134.607697,33.775273],[134.607725,33.775307],[134.607734,33.775324],[134.60774,33.775355],[134.607735,33.775369],[134.607717,33.775392],[134.607701,33.775414],[134.6077,33.775416],[134.607696,33.775431],[134.607697,33.775465],[134.60771,33.775504],[134.607729,33.775548],[134.607754,33.775591],[134.607787,33.775631],[134.607831,33.77567],[134.607893,33.775713],[134.607977,33.775766],[134.608072,33.775821],[134.608168,33.775871],[134.608259,33.775912],[134.608356,33.775948],[134.60846,33.775983],[134.608565,33.776017],[134.608661,33.776046],[134.608743,33.776072],[134.608806,33.776084],[134.608822,33.776085],[134.608828,33.776085],[134.608849,33.776082],[134.608887,33.776068],[134.608936,33.776048],[134.608998,33.776025],[134.609062,33.775996],[134.609118,33.77596],[134.609167,33.775921],[134.609213,33.775885],[134.609257,33.775854],[134.609301,33.775822],[134.609343,33.775791],[134.609363,33.775779],[134.609381,33.775771],[134.609399,33.775771],[134.609413,33.77578],[134.609436,33.775816],[134.609455,33.775861],[134.609471,33.7759],[134.609482,33.775916],[134.609495,33.775927],[134.609512,33.775935],[134.609532,33.77594],[134.609584,33.775942],[134.609648,33.775947],[134.609715,33.775964],[134.60978,33.77598],[134.609808,33.775982],[134.609832,33.77598],[134.609851,33.775973],[134.609866,33.775962],[134.609877,33.77595],[134.609883,33.775936],[134.609884,33.775924],[134.609881,33.77591],[134.609871,33.775883],[134.609862,33.775855],[134.60986,33.77584],[134.609861,33.775806],[134.609869,33.775762],[134.609885,33.77571],[134.609908,33.77565],[134.609937,33.775588],[134.609971,33.775527],[134.610003,33.775474],[134.610031,33.775435],[134.610047,33.775419],[134.610065,33.775406],[134.610107,33.77539],[134.610132,33.775385],[134.610182,33.775377],[134.610228,33.775373],[134.610273,33.775371],[134.610315,33.775372],[134.610353,33.775374],[134.610369,33.775372],[134.610384,33.775367],[134.610396,33.77536],[134.610417,33.775336],[134.610445,33.775309],[134.610483,33.775286],[134.610505,33.775278],[134.610551,33.77527],[134.610588,33.775277],[134.610603,33.775284],[134.610611,33.775293],[134.610614,33.775301],[134.610607,33.77531],[134.610583,33.775326],[134.61056,33.77534],[134.610556,33.775348],[134.610557,33.775354],[134.610573,33.775364],[134.6106,33.775366],[134.610635,33.775364],[134.610672,33.775367],[134.610705,33.775381],[134.610717,33.775391],[134.610726,33.775405],[134.610728,33.77542],[134.610723,33.775438],[134.610696,33.775477],[134.610654,33.775518],[134.610609,33.77556],[134.610593,33.775581],[134.610583,33.775601],[134.610583,33.77562],[134.610593,33.77564],[134.610613,33.775657],[134.610638,33.775672],[134.610665,33.775684],[134.610692,33.775692],[134.610715,33.775695],[134.610736,33.775694],[134.610773,33.775682],[134.610811,33.775664],[134.610852,33.77564],[134.610893,33.775609],[134.610928,33.775572],[134.610964,33.775543],[134.610985,33.775535],[134.611005,33.775535],[134.611028,33.775541],[134.611051,33.775552],[134.611093,33.775584],[134.611124,33.775622],[134.611144,33.775665],[134.611149,33.775689],[134.611147,33.775744],[134.611136,33.775798],[134.611119,33.775848],[134.611096,33.775888],[134.611065,33.775917],[134.611046,33.775927],[134.611002,33.775941],[134.610954,33.775959],[134.610907,33.775988],[134.61086,33.776019],[134.610811,33.776043],[134.610786,33.776051],[134.610737,33.776062],[134.610691,33.776073],[134.610651,33.776086],[134.610613,33.776099],[134.610578,33.77611],[134.610553,33.776123],[134.610549,33.776131],[134.610549,33.776142],[134.610553,33.776155],[134.610572,33.776184],[134.61059,33.77622],[134.6106,33.776257],[134.610599,33.776273],[134.610595,33.776287],[134.610584,33.776299],[134.61057,33.776307],[134.610533,33.776314],[134.610491,33.776314],[134.610447,33.776306],[134.610407,33.776294],[134.610368,33.776283],[134.610329,33.776278],[134.610311,33.77628],[134.61029,33.776289],[134.610272,33.7763],[134.610256,33.776314],[134.610245,33.77633],[134.610239,33.776346],[134.61024,33.776363],[134.610247,33.776378],[134.610259,33.776394],[134.610276,33.77641],[134.610316,33.776439],[134.610358,33.776469],[134.610374,33.776487],[134.610386,33.776507],[134.610392,33.77653],[134.610387,33.776581],[134.610366,33.776625],[134.61035,33.776642],[134.610333,33.776656],[134.610314,33.776666],[134.610293,33.776674],[134.61025,33.77668],[134.610206,33.776688],[134.610186,33.776695],[134.610166,33.776707],[134.610148,33.776726],[134.610113,33.776776],[134.610074,33.776831],[134.61005,33.776856],[134.610021,33.776879],[134.609954,33.776921],[134.609873,33.776963],[134.609827,33.776983],[134.609733,33.77702],[134.609687,33.777033],[134.609599,33.77705],[134.609557,33.777053],[134.609472,33.777058],[134.609384,33.777066],[134.609296,33.777075],[134.609212,33.77708],[134.609136,33.777083],[134.609068,33.777086],[134.609013,33.777094],[134.609006,33.777095],[134.608951,33.777114],[134.608924,33.777128],[134.608896,33.777146],[134.608841,33.777189],[134.608789,33.777238],[134.60874,33.777291],[134.608697,33.777346],[134.608659,33.777407],[134.608627,33.777477],[134.608601,33.777556],[134.60858,33.777647],[134.608561,33.777739],[134.608545,33.777824],[134.608531,33.7779],[134.608525,33.777975],[134.608528,33.778055],[134.608538,33.778135],[134.608554,33.778211],[134.608573,33.778283],[134.608595,33.778354],[134.608611,33.778405],[134.608619,33.778429],[134.608647,33.778503],[134.608678,33.778572],[134.608713,33.778637],[134.608751,33.778701],[134.608789,33.778766],[134.608835,33.778834],[134.608886,33.778905],[134.608947,33.778978],[134.60901,33.779053],[134.609217,33.778984],[134.609231,33.779009],[134.60917,33.779038],[134.609145,33.779049],[134.609195,33.779136],[134.608855,33.779249],[134.609051,33.779646],[134.609128,33.77963],[134.609343,33.779754],[134.609648,33.779459],[134.609715,33.779494],[134.609738,33.77947],[134.609887,33.779308],[134.609638,33.778691],[134.609847,33.778638],[134.610071,33.779134],[134.610074,33.779139],[134.610079,33.779161],[134.610079,33.77917],[134.610078,33.779179],[134.610075,33.779193],[134.61007,33.779205],[134.610022,33.779296],[134.609814,33.779521],[134.609725,33.779615],[134.609644,33.779694],[134.609566,33.779764],[134.609483,33.779829],[134.6094,33.779892],[134.609321,33.779957],[134.609281,33.779992],[134.609245,33.780022],[134.609165,33.780088],[134.609074,33.780151],[134.608981,33.780218],[134.608932,33.780257],[134.608895,33.780291],[134.608821,33.780371],[134.608752,33.780454],[134.608793,33.780486],[134.608944,33.780355],[134.609091,33.780231],[134.60923,33.78012],[134.609357,33.780021],[134.609473,33.779928],[134.609572,33.779836],[134.609655,33.779756],[134.609683,33.779735],[134.609723,33.779705],[134.609738,33.779697],[134.609751,33.77969],[134.609764,33.779684],[134.609779,33.77968],[134.609843,33.779665],[134.609919,33.779649],[134.609995,33.779633],[134.610046,33.779621],[134.610061,33.779618],[134.61007,33.779614],[134.610074,33.779611],[134.610078,33.779607],[134.610082,33.779599],[134.610093,33.779572],[134.610106,33.77954],[134.61012,33.779513],[134.610129,33.7795],[134.610144,33.779482],[134.610194,33.779529],[134.61025,33.779572],[134.610282,33.77959],[134.610313,33.779604],[134.610352,33.779617],[134.610421,33.779635],[134.610475,33.779649],[134.610512,33.77966],[134.610547,33.779674],[134.610584,33.779689],[134.610599,33.779697],[134.610606,33.779704],[134.610609,33.779707],[134.610611,33.779714],[134.61061,33.779718],[134.610608,33.779723],[134.610603,33.779728],[134.610574,33.779749],[134.610561,33.77976],[134.610558,33.779765],[134.610556,33.779771],[134.610557,33.779774],[134.61056,33.779781],[134.610566,33.779785],[134.610574,33.779791],[134.610622,33.779809],[134.61068,33.779827],[134.610727,33.779848],[134.610736,33.779854],[134.610743,33.77986],[134.610747,33.779867],[134.61075,33.779876],[134.610749,33.779882],[134.610747,33.779893],[134.610743,33.779901],[134.610736,33.779912],[134.610719,33.779931],[134.610695,33.779952],[134.610673,33.779966],[134.610622,33.779991],[134.610577,33.780012],[134.610558,33.780024],[134.610541,33.780038],[134.610526,33.780054],[134.610513,33.780071],[134.610492,33.78011],[134.610471,33.780153],[134.610458,33.780197],[134.610457,33.780239],[134.610462,33.780259],[134.610482,33.780297],[134.610513,33.780338],[134.610555,33.780379],[134.610578,33.780397],[134.610607,33.780417],[134.610666,33.780446],[134.610731,33.780474],[134.610797,33.780507],[134.610865,33.780543],[134.6109,33.780559],[134.61092,33.780566],[134.610936,33.780572],[134.61097,33.780579],[134.61101,33.780583],[134.611083,33.780585],[134.611148,33.780588],[134.611207,33.780593],[134.611266,33.780601],[134.611332,33.780606],[134.611407,33.780611],[134.611487,33.780619],[134.611565,33.780631],[134.611594,33.780635],[134.611633,33.780647],[134.611683,33.780667],[134.611722,33.780687],[134.611761,33.780703],[134.611801,33.780714],[134.611823,33.780716],[134.611844,33.780718],[134.611867,33.780716],[134.611884,33.780715],[134.611894,33.780713],[134.611906,33.780708],[134.611914,33.780703],[134.611919,33.780698],[134.611922,33.780694],[134.611925,33.78067],[134.611924,33.780645],[134.611926,33.78064],[134.611929,33.780635],[134.611935,33.78063],[134.611941,33.780627],[134.611957,33.780623],[134.611976,33.78062],[134.612059,33.780618],[134.612107,33.780618],[134.612118,33.78062],[134.612127,33.780621],[134.612133,33.780623],[134.612142,33.780627],[134.612165,33.780641],[134.612175,33.780646],[134.612184,33.78065],[134.61219,33.78065],[134.612194,33.780649],[134.612203,33.780644],[134.612211,33.780638],[134.612214,33.780635],[134.612217,33.780626],[134.612215,33.780621],[134.612209,33.780614],[134.612197,33.780603],[134.612167,33.780588],[134.612142,33.780576],[134.612126,33.780566],[134.612122,33.780561],[134.612117,33.780553],[134.612113,33.780541],[134.612111,33.780531],[134.612114,33.780508],[134.612117,33.780502],[134.61212,33.7805],[134.61213,33.780493],[134.612142,33.78049],[134.612172,33.780491],[134.612179,33.780493],[134.612188,33.780495],[134.612199,33.780503],[134.612221,33.78052],[134.612234,33.78053],[134.612247,33.780537],[134.612256,33.780541],[134.612279,33.780547],[134.612351,33.78056],[134.612395,33.780577],[134.612438,33.7806],[134.612445,33.780608],[134.61245,33.780615],[134.612451,33.78063],[134.612446,33.780646],[134.612434,33.780663],[134.612401,33.780695],[134.612363,33.780717],[134.612325,33.780733],[134.612306,33.780739],[134.612268,33.780744],[134.612233,33.780749],[134.612217,33.780755],[134.612204,33.780763],[134.612195,33.780772],[134.612187,33.780782],[134.612186,33.780786],[134.612186,33.780789],[134.612188,33.780792],[134.612192,33.780794],[134.612221,33.780789],[134.61224,33.780785],[134.612261,33.780784],[134.61227,33.780786],[134.612273,33.780786],[134.612279,33.780788],[134.612287,33.780792],[134.612292,33.780796],[134.612297,33.780804],[134.612301,33.780811],[134.612303,33.780818],[134.612304,33.780829],[134.612304,33.780847],[134.612303,33.780857],[134.612298,33.780865],[134.61229,33.780876],[134.612275,33.780892],[134.612245,33.780916],[134.612232,33.78093],[134.612224,33.780942],[134.612221,33.780949],[134.612218,33.780958],[134.612216,33.780974],[134.612218,33.780989],[134.612221,33.780998],[134.612225,33.781004],[134.612235,33.781016],[134.612263,33.781037],[134.612298,33.781057],[134.612331,33.781075],[134.612347,33.781082],[134.612352,33.781084],[134.612362,33.781084],[134.612376,33.781083],[134.6124,33.781065],[134.612429,33.781044],[134.612437,33.78104],[134.612449,33.781038],[134.612457,33.781037],[134.61247,33.781038],[134.612495,33.781044],[134.612519,33.781054],[134.61253,33.781059],[134.61254,33.781067],[134.612548,33.781075],[134.612555,33.781084],[134.612558,33.781091],[134.612562,33.781101],[134.612562,33.781111],[134.612562,33.781121],[134.612549,33.781166],[134.612527,33.78122],[134.612501,33.78128],[134.612472,33.781335],[134.612455,33.781358],[134.612438,33.781376],[134.612415,33.781393],[134.612394,33.781407],[134.612371,33.781417],[134.612322,33.78143],[134.6123,33.781437],[134.612292,33.78144],[134.612284,33.781446],[134.612278,33.781453],[134.612274,33.781458],[134.612271,33.781476],[134.612273,33.781496],[134.61229,33.781544],[134.612307,33.781588],[134.612321,33.781624],[134.612332,33.781642],[134.61235,33.78166],[134.612401,33.781698],[134.612463,33.781741],[134.612518,33.781787],[134.612559,33.781834],[134.612594,33.78188],[134.612624,33.78192],[134.612645,33.781957],[134.612648,33.781965],[134.61265,33.781974],[134.612645,33.782006],[134.612641,33.782021],[134.61264,33.782037],[134.612642,33.782046],[134.612642,33.782049],[134.612644,33.782054],[134.612648,33.78206],[134.612656,33.78207],[134.612676,33.782087],[134.612731,33.782122],[134.612804,33.782161],[134.612887,33.782203],[134.612976,33.782242],[134.613068,33.782274],[134.613169,33.782302],[134.613283,33.782327],[134.613408,33.782349],[134.613535,33.782365],[134.613654,33.782372],[134.613763,33.782369],[134.613814,33.782364],[134.613907,33.782345],[134.613988,33.782322],[134.614019,33.782311],[134.614054,33.782298],[134.614112,33.782277],[134.614172,33.782257],[134.61424,33.782238],[134.614312,33.782222],[134.61438,33.782208],[134.614437,33.782196],[134.61446,33.782188],[134.614472,33.782181],[134.614477,33.782178],[134.614483,33.78217],[134.614488,33.782163],[134.6145,33.782132],[134.614505,33.782119],[134.61451,33.782113],[134.614514,33.78211],[134.614525,33.782105],[134.614533,33.782105],[134.61454,33.782105],[134.614556,33.78211],[134.614572,33.782117],[134.614604,33.782134],[134.614633,33.78215],[134.614641,33.782154],[134.614649,33.782155],[134.614669,33.782157],[134.61469,33.782154],[134.614743,33.782139],[134.614868,33.782118],[134.614928,33.782109],[134.614956,33.782101],[134.614995,33.782088],[134.615039,33.782071],[134.615088,33.782046],[134.615139,33.782021],[134.615185,33.781996],[134.615225,33.781969],[134.615241,33.781954],[134.615262,33.781916],[134.61528,33.781879],[134.615305,33.78185],[134.615343,33.781828],[134.615384,33.781804],[134.615424,33.78177],[134.615444,33.781755],[134.615467,33.781744],[134.615493,33.78174],[134.61552,33.781744],[134.61555,33.781753],[134.615607,33.781778],[134.61563,33.781787],[134.615643,33.781789],[134.615663,33.781786],[134.615681,33.781767],[134.615692,33.781737],[134.615703,33.781703],[134.615709,33.781685],[134.615729,33.78165],[134.615756,33.781616],[134.615789,33.78159],[134.615823,33.781568],[134.615841,33.781557],[134.615858,33.781541],[134.615874,33.781522],[134.615903,33.781466],[134.615935,33.781405],[134.615958,33.781382],[134.615982,33.781364],[134.61601,33.781354],[134.616039,33.781351],[134.616064,33.781355],[134.616086,33.781366],[134.6161,33.781382],[134.616116,33.781425],[134.61612,33.781444],[134.616128,33.781461],[134.616137,33.781471],[134.61615,33.781476],[134.616181,33.781474],[134.616218,33.781467],[134.616257,33.781458],[134.616296,33.781447],[134.616335,33.78143],[134.616383,33.781397],[134.61645,33.781339],[134.61653,33.781261],[134.616596,33.781188],[134.616617,33.781159],[134.616628,33.781134],[134.616634,33.781114],[134.616634,33.78108],[134.616627,33.781043],[134.61662,33.781004],[134.616612,33.780967],[134.616604,33.780935],[134.616593,33.780908],[134.616574,33.780887],[134.61656,33.780864],[134.616553,33.780829],[134.616555,33.780786],[134.616553,33.780766],[134.616548,33.780749],[134.616536,33.780736],[134.616519,33.780728],[134.616473,33.780717],[134.616418,33.78071],[134.616361,33.780701],[134.616313,33.780694],[134.616275,33.780691],[134.616234,33.780692],[134.61617,33.780698],[134.616132,33.7807],[134.616104,33.780697],[134.616084,33.780692],[134.616072,33.780686],[134.616065,33.780678],[134.616061,33.780665],[134.616068,33.780632],[134.616091,33.780591],[134.616124,33.78055],[134.616161,33.780514],[134.6162,33.780491],[134.616233,33.780482],[134.616262,33.780486],[134.616313,33.780511],[134.616338,33.78052],[134.616363,33.78052],[134.616388,33.780512],[134.616414,33.7805],[134.616463,33.780468],[134.616507,33.78044],[134.616529,33.78043],[134.616553,33.780425],[134.61658,33.780425],[134.616608,33.78043],[134.616637,33.78044],[134.616666,33.780452],[134.616691,33.780466],[134.61671,33.780482],[134.616729,33.780507],[134.61674,33.780528],[134.61675,33.780537],[134.616765,33.780544],[134.616785,33.780549],[134.616806,33.780551],[134.616828,33.780548],[134.616847,33.78054],[134.616861,33.780524],[134.616882,33.780484],[134.616891,33.780465],[134.616903,33.780451],[134.616917,33.780443],[134.61696,33.780441],[134.617029,33.780437],[134.617121,33.780419],[134.617208,33.780403],[134.617237,33.780403],[134.617251,33.78041],[134.617253,33.780423],[134.617246,33.780441],[134.617221,33.780473],[134.617196,33.780491],[134.617176,33.780501],[134.617158,33.780514],[134.61714,33.780536],[134.617122,33.780563],[134.617106,33.780589],[134.617103,33.7806],[134.617106,33.780608],[134.617117,33.780613],[134.617159,33.780612],[134.617184,33.780612],[134.617206,33.780615],[134.61722,33.780626],[134.617222,33.780644],[134.617217,33.780669],[134.617207,33.780699],[134.617179,33.780758],[134.617159,33.780803],[134.617141,33.78084],[134.617132,33.780859],[134.617103,33.780899],[134.61707,33.780939],[134.617044,33.780972],[134.617025,33.780995],[134.617016,33.781012],[134.617014,33.781026],[134.617019,33.781043],[134.617025,33.781068],[134.617036,33.7811],[134.617045,33.781117],[134.617058,33.781134],[134.617093,33.781164],[134.617112,33.781178],[134.617143,33.781211],[134.61715,33.781229],[134.617151,33.781248],[134.617147,33.781267],[134.617138,33.781285],[134.617137,33.781287],[134.617123,33.781302],[134.617102,33.781315],[134.61706,33.781333],[134.617038,33.781343],[134.61704,33.781346],[134.617067,33.78135],[134.617104,33.78136],[134.61713,33.781378],[134.617148,33.781397],[134.617151,33.7814],[134.617176,33.781419],[134.617191,33.781425],[134.617206,33.781426],[134.617221,33.781423],[134.617236,33.781413],[134.617248,33.781394],[134.617269,33.781348],[134.61728,33.781327],[134.617292,33.781312],[134.617306,33.781304],[134.617334,33.781301],[134.617347,33.7813],[134.617356,33.781295],[134.61736,33.781264],[134.617358,33.781219],[134.617362,33.78117],[134.61737,33.781148],[134.617383,33.781127],[134.617402,33.781109],[134.617428,33.781093],[134.617459,33.78108],[134.617494,33.781069],[134.617531,33.781064],[134.617563,33.781063],[134.61759,33.781067],[134.617607,33.781077],[134.617615,33.781091],[134.617617,33.781109],[134.617605,33.781148],[134.617603,33.781151],[134.617584,33.781182],[134.617567,33.781207],[134.617565,33.781215],[134.617569,33.781218],[134.617577,33.781217],[134.61759,33.781214],[134.617623,33.781195],[134.61766,33.781165],[134.617666,33.78116],[134.617695,33.781133],[134.617725,33.781108],[134.617739,33.7811],[134.617753,33.781095],[134.617769,33.781094],[134.617789,33.781098],[134.617839,33.781117],[134.617894,33.781142],[134.617936,33.781159],[134.61796,33.781168],[134.617963,33.781173],[134.617962,33.781181],[134.617942,33.781206],[134.61791,33.781234],[134.617893,33.781245],[134.617877,33.781253],[134.617858,33.781255],[134.617841,33.781256],[134.617825,33.781252],[134.617791,33.781237],[134.617758,33.781222],[134.617745,33.78122],[134.617734,33.781225],[134.617726,33.781238],[134.617721,33.781257],[134.61772,33.781302],[134.617721,33.781338],[134.617723,33.781363],[134.617722,33.781395],[134.617715,33.781442],[134.617706,33.7815],[134.617697,33.781553],[134.617687,33.781596],[134.617671,33.781636],[134.617643,33.781676],[134.617604,33.78171],[134.617582,33.781724],[134.617531,33.78174],[134.617482,33.781753],[134.617461,33.781763],[134.617443,33.781776],[134.61743,33.781793],[134.617422,33.781812],[134.617418,33.781832],[134.61742,33.781852],[134.617426,33.78187],[134.617436,33.781888],[134.617461,33.781917],[134.617484,33.781941],[134.617499,33.781957],[134.617505,33.78196],[134.617515,33.781964],[134.617534,33.781959],[134.617569,33.781946],[134.617632,33.781926],[134.617672,33.781916],[134.617713,33.781912],[134.617754,33.781916],[134.617768,33.781923],[134.617786,33.781934],[134.617812,33.78196],[134.617828,33.781995],[134.617838,33.782037],[134.617843,33.782122],[134.617838,33.782155],[134.617831,33.782183],[134.617819,33.782203],[134.617804,33.782219],[134.617787,33.78223],[134.617743,33.782241],[134.617699,33.78225],[134.617681,33.782258],[134.617667,33.782268],[134.617659,33.782281],[134.617655,33.782295],[134.617654,33.78231],[134.617663,33.782336],[134.617672,33.782347],[134.617684,33.782354],[134.617699,33.782359],[134.617717,33.782359],[134.617761,33.782352],[134.617786,33.78235],[134.617812,33.782352],[134.617838,33.782364],[134.617862,33.782384],[134.617884,33.782414],[134.617901,33.782446],[134.617911,33.782479],[134.617914,33.78251],[134.617905,33.782533],[134.61789,33.782553],[134.617859,33.782583],[134.617852,33.782597],[134.617853,33.782612],[134.617864,33.782629],[134.617897,33.782662],[134.61793,33.782689],[134.617955,33.782704],[134.617967,33.782707],[134.617982,33.782707],[134.618016,33.782697],[134.618055,33.782692],[134.618074,33.782697],[134.618089,33.782708],[134.618102,33.782727],[134.618123,33.782772],[134.618135,33.782802],[134.618136,33.78281],[134.618133,33.782815],[134.618123,33.782822],[134.618099,33.782827],[134.617955,33.78284],[134.617938,33.782842],[134.61793,33.782847],[134.617928,33.782857],[134.61803,33.78304],[134.618098,33.783145],[134.61813,33.783186],[134.618163,33.783223],[134.618197,33.783256],[134.618274,33.783318],[134.618349,33.783378],[134.618376,33.783407],[134.61839,33.783437],[134.618388,33.783465],[134.618376,33.783492],[134.618346,33.783538],[134.618341,33.783555],[134.618348,33.783567],[134.618392,33.783589],[134.618419,33.783605],[134.618444,33.783629],[134.618463,33.783663],[134.618479,33.783703],[134.618507,33.783796],[134.618525,33.783843],[134.618547,33.783885],[134.618574,33.783927],[134.618636,33.784009],[134.618668,33.784056],[134.618728,33.784164],[134.618754,33.784222],[134.618801,33.784335],[134.618835,33.784433],[134.618859,33.784524],[134.618874,33.784615],[134.618888,33.784699],[134.618897,33.784727],[134.618909,33.784741],[134.618924,33.784738],[134.618941,33.784723],[134.618979,33.784686],[134.618998,33.784676],[134.619012,33.78468],[134.619023,33.784697],[134.619029,33.784724],[134.61903,33.784761],[134.619025,33.784804],[134.618996,33.784902],[134.618958,33.785004],[134.618922,33.785095],[134.618903,33.785169],[134.6189,33.785198],[134.618902,33.785225],[134.618909,33.785245],[134.618934,33.785281],[134.615891,33.784507],[134.614232,33.78649],[134.613987,33.786675],[134.613714,33.786792],[134.611403,33.787369],[134.611234,33.787519],[134.610619,33.788635],[134.610238,33.789326]]]},"properties":{"S_NAME":"志和岐","HCODE":8101}},{"type":"Feature","geometry":{"type":"Polygon","coordinates":[[[134.600651,33.761647],[134.600628,33.761674],[134.600605,33.761702],[134.600585,33.761729],[134.600567,33.761755],[134.600545,33.76178],[134.600518,33.761803],[134.60049,33.761825],[134.600465,33.761842],[134.600441,33.761854],[134.600421,33.761864],[134.600398,33.761869],[134.600371,33.76187],[134.600334,33.761864],[134.600297,33.761855],[134.60027,33.761843],[134.600256,33.76183],[134.600252,33.761814],[134.600251,33.761792],[134.600254,33.76177],[134.600257,33.761748],[134.600258,33.761729],[134.60026,33.761712],[134.600262,33.761674],[134.600263,33.761638],[134.600257,33.761632],[134.600242,33.761629],[134.60021,33.761635],[134.600191,33.761647],[134.600171,33.761654],[134.600152,33.761656],[134.600145,33.761654],[134.600133,33.761646],[134.600126,33.761634],[134.600122,33.761618],[134.600117,33.7616],[134.600115,33.76158],[134.600119,33.761556],[134.600128,33.761532],[134.600141,33.761512],[134.600153,33.761498],[134.600165,33.761491],[134.600179,33.761486],[134.600196,33.761483],[134.600214,33.761484],[134.600233,33.761487],[134.600253,33.761494],[134.600275,33.761493],[134.600287,33.761485],[134.600303,33.761459],[134.600312,33.761431],[134.600322,33.761405],[134.600332,33.761383],[134.600344,33.761364],[134.600357,33.76135],[134.600371,33.761339],[134.600386,33.76133],[134.600404,33.761319],[134.600413,33.761318],[134.60043,33.761315],[134.60047,33.761313],[134.600503,33.761315],[134.600528,33.761313],[134.600552,33.761315],[134.600571,33.761313],[134.600599,33.76132],[134.600635,33.761335],[134.600667,33.761355],[134.600704,33.761409],[134.600709,33.761426],[134.60071,33.761451],[134.600712,33.761473],[134.600708,33.761496],[134.600702,33.761524],[134.600692,33.761551],[134.600682,33.761577],[134.600675,33.7616],[134.600667,33.761618],[134.600651,33.761647]]]},"properties":{"S_NAME":"東由岐","HCODE":8101}},{"type":"Feature","geometry":{"type":"Polygon","coordinates":[[[134.60771,33.775083],[134.607356,33.775116],[134.607172,33.775127],[134.607007,33.775119],[134.606846,33.775111],[134.606472,33.775006],[134.605219,33.774349],[134.604928,33.774332],[134.604756,33.774327],[134.604669,33.774328],[134.604583,33.774351],[134.604486,33.774408],[134.604456,33.774425],[134.604417,33.774473],[134.604347,33.774646],[134.604194,33.775102],[134.604144,33.775322],[134.604076,33.775608],[134.604072,33.775764],[134.604103,33.776206],[134.604086,33.776505],[134.604017,33.776764],[134.603899,33.777029],[134.603694,33.777489],[134.603653,33.777633],[134.602093,33.778132],[134.601731,33.778297],[134.601566,33.778357],[134.601121,33.77843],[134.60029,33.778522],[134.59949,33.77848],[134.599296,33.778424],[134.599226,33.77835],[134.599225,33.778239],[134.599283,33.778156],[134.600974,33.777147],[134.601033,33.77708],[134.601036,33.776956],[134.600962,33.776758],[134.600846,33.776549],[134.600773,33.776493],[134.600695,33.77646],[134.600597,33.776478],[134.5989,33.777148],[134.59898,33.777037],[134.59901,33.776959],[134.599033,33.776866],[134.599037,33.776826],[134.599027,33.776767],[134.598998,33.776696],[134.598837,33.776478],[134.5988,33.776435],[134.598776,33.776396],[134.598751,33.776337],[134.598664,33.775864],[134.598615,33.775331],[134.597258,33.775045],[134.596015,33.774716],[134.595094,33.774364],[134.594997,33.774326],[134.59473,33.774223],[134.594242,33.77403],[134.593917,33.773884],[134.593774,33.77382],[134.593894,33.77369],[134.593992,33.773633],[134.594183,33.773513],[134.594266,33.773459],[134.594373,33.773409],[134.59461,33.773328],[134.59456,33.773286],[134.594506,33.773248],[134.594542,33.773116],[134.594614,33.772988],[134.594671,33.772877],[134.594712,33.772773],[134.594746,33.77268],[134.594766,33.77257],[134.594771,33.772432],[134.594676,33.77244],[134.5945,33.77152],[134.594533,33.77151],[134.594313,33.771324],[134.594037,33.771558],[134.594,33.771532],[134.594214,33.771356],[134.594168,33.77101],[134.594165,33.770991],[134.593998,33.770004],[134.593996,33.769993],[134.593956,33.769845],[134.593232,33.770066],[134.592776,33.770209],[134.592764,33.770168],[134.593611,33.769902],[134.593706,33.769773],[134.593792,33.769655],[134.593862,33.769555],[134.593884,33.769521],[134.593916,33.769475],[134.593963,33.769404],[134.594009,33.769335],[134.594052,33.76926],[134.594072,33.769219],[134.594092,33.769162],[134.594103,33.769128],[134.594136,33.769039],[134.594156,33.769001],[134.594178,33.768971],[134.594204,33.768945],[134.594254,33.768905],[134.594296,33.768869],[134.594325,33.768832],[134.59435,33.768793],[134.593884,33.768605],[134.5928,33.768168],[134.592771,33.768184],[134.592749,33.768191],[134.592722,33.768195],[134.592694,33.768195],[134.592679,33.76819],[134.592653,33.768179],[134.592634,33.768164],[134.59262,33.768149],[134.592612,33.768135],[134.592608,33.768121],[134.592607,33.768105],[134.592607,33.768084],[134.59261,33.768062],[134.592617,33.76804],[134.59263,33.768018],[134.592647,33.767999],[134.59267,33.767984],[134.592683,33.767979],[134.592711,33.767974],[134.592737,33.767974],[134.592752,33.767978],[134.592763,33.767981],[134.592775,33.767985],[134.592787,33.76799],[134.592799,33.767996],[134.592813,33.768004],[134.592825,33.768012],[134.59283,33.768015],[134.592845,33.768029],[134.59285,33.768037],[134.592862,33.76806],[134.593989,33.768518],[134.594135,33.768434],[134.594275,33.76835],[134.594343,33.768309],[134.594469,33.768226],[134.594526,33.768185],[134.594578,33.768143],[134.594625,33.7681],[134.5947,33.768011],[134.594763,33.76792],[134.594826,33.767824],[134.594895,33.767725],[134.594964,33.767624],[134.595026,33.767519],[134.595082,33.767419],[134.595131,33.767335],[134.59515,33.767298],[134.595161,33.767267],[134.595164,33.767237],[134.595156,33.767209],[134.595134,33.767181],[134.595076,33.767122],[134.595053,33.767087],[134.595043,33.767045],[134.595049,33.766996],[134.595071,33.766943],[134.595102,33.766888],[134.595176,33.766787],[134.59524,33.766711],[134.595295,33.766651],[134.595347,33.766588],[134.595394,33.766516],[134.595409,33.766476],[134.595418,33.766434],[134.595418,33.76639],[134.595412,33.766344],[134.595389,33.766252],[134.595368,33.766164],[134.595352,33.766082],[134.595339,33.766002],[134.59532,33.765922],[134.595312,33.765882],[134.595308,33.765844],[134.595311,33.765807],[134.595319,33.76577],[134.595334,33.765734],[134.595355,33.765702],[134.59538,33.76567],[134.595438,33.765613],[134.595496,33.765559],[134.595517,33.765529],[134.59553,33.765496],[134.595531,33.765456],[134.595514,33.76537],[134.59549,33.765289],[134.595483,33.765254],[134.595481,33.765194],[134.595493,33.765016],[134.595494,33.765008],[134.595497,33.765003],[134.595501,33.764999],[134.595624,33.764909],[134.595702,33.764855],[134.595779,33.764806],[134.595853,33.764765],[134.595924,33.764731],[134.595993,33.764703],[134.596064,33.764681],[134.596214,33.764643],[134.596377,33.764603],[134.596526,33.764569],[134.596625,33.76455],[134.596664,33.764541],[134.596693,33.764534],[134.596713,33.764522],[134.596768,33.764477],[134.596825,33.764419],[134.596849,33.764393],[134.596874,33.764351],[134.596898,33.764319],[134.596922,33.764303],[134.596955,33.764286],[134.597,33.764268],[134.597053,33.764254],[134.597111,33.764245],[134.597173,33.764244],[134.597235,33.764251],[134.597357,33.764277],[134.597413,33.764288],[134.597464,33.764293],[134.597507,33.764287],[134.597589,33.764256],[134.597634,33.764239],[134.597687,33.764225],[134.597751,33.764216],[134.597905,33.764209],[134.598078,33.764203],[134.598164,33.764193],[134.598335,33.764163],[134.598503,33.764127],[134.598826,33.764052],[134.598874,33.76404],[134.598912,33.76403],[134.598951,33.764021],[134.598997,33.76401],[134.599036,33.763998],[134.599095,33.763981],[134.599144,33.763965],[134.599192,33.763946],[134.599243,33.763925],[134.599279,33.763912],[134.599306,33.7639],[134.599342,33.763887],[134.599381,33.763872],[134.599422,33.763853],[134.59945,33.763839],[134.599479,33.763823],[134.599506,33.763807],[134.599535,33.763789],[134.599566,33.76377],[134.5996,33.763749],[134.599634,33.763727],[134.599671,33.763704],[134.599709,33.763679],[134.599747,33.763657],[134.599784,33.763635],[134.59982,33.763614],[134.599847,33.763602],[134.599853,33.763598],[134.599887,33.763583],[134.599921,33.763569],[134.599958,33.763554],[134.599996,33.763539],[134.600033,33.763526],[134.600067,33.763515],[134.600103,33.763506],[134.600139,33.763496],[134.60018,33.763487],[134.600226,33.763478],[134.600276,33.763471],[134.600326,33.763465],[134.600371,33.76346],[134.600414,33.763458],[134.600459,33.763456],[134.600505,33.763456],[134.600549,33.763458],[134.600587,33.763462],[134.600624,33.763469],[134.600666,33.763479],[134.600713,33.76349],[134.600765,33.763503],[134.600816,33.763518],[134.600865,33.763533],[134.600906,33.763547],[134.600942,33.763558],[134.60098,33.763573],[134.601024,33.76359],[134.601068,33.763609],[134.601105,33.763626],[134.601132,33.763641],[134.601161,33.763657],[134.601196,33.763673],[134.601236,33.763692],[134.601275,33.763708],[134.601311,33.763722],[134.601349,33.763734],[134.601389,33.763744],[134.601432,33.763752],[134.601477,33.76376],[134.601519,33.763768],[134.601563,33.763776],[134.601608,33.763783],[134.601658,33.763793],[134.601713,33.763803],[134.60177,33.763813],[134.601819,33.763823],[134.60185,33.763828],[134.601875,33.763837],[134.601902,33.763849],[134.601936,33.76387],[134.601969,33.763892],[134.601993,33.763911],[134.602012,33.763928],[134.602034,33.763945],[134.60206,33.763965],[134.602089,33.763987],[134.602117,33.76401],[134.602142,33.764029],[134.602155,33.764036],[134.602164,33.764042],[134.602193,33.764058],[134.602221,33.764072],[134.602255,33.764083],[134.602292,33.764091],[134.602325,33.764095],[134.602357,33.764101],[134.602386,33.76411],[134.602414,33.76412],[134.60247,33.764136],[134.602493,33.764151],[134.602516,33.764172],[134.602538,33.764199],[134.602562,33.764225],[134.602588,33.764247],[134.602614,33.76427],[134.602631,33.764294],[134.602644,33.764319],[134.602654,33.764339],[134.602662,33.764355],[134.602666,33.764369],[134.602663,33.764382],[134.602655,33.764393],[134.602649,33.764397],[134.60263,33.764398],[134.602606,33.764396],[134.602575,33.764393],[134.602543,33.764393],[134.602515,33.764394],[134.602495,33.764394],[134.602481,33.764393],[134.602468,33.76439],[134.602454,33.764387],[134.602442,33.764386],[134.602433,33.764388],[134.602426,33.764395],[134.602421,33.764406],[134.602416,33.764422],[134.602415,33.76444],[134.602418,33.76446],[134.602422,33.764487],[134.602421,33.764523],[134.602416,33.764568],[134.602416,33.764609],[134.602413,33.764655],[134.602419,33.764693],[134.602427,33.764725],[134.602435,33.764756],[134.602445,33.764786],[134.602458,33.764816],[134.602472,33.764848],[134.602485,33.764884],[134.602499,33.764937],[134.602501,33.764945],[134.602503,33.764955],[134.602504,33.765032],[134.602509,33.765087],[134.602519,33.765139],[134.602528,33.765163],[134.602543,33.765184],[134.602553,33.765197],[134.602579,33.765226],[134.602608,33.765255],[134.602635,33.765288],[134.602658,33.765325],[134.602703,33.765397],[134.602733,33.765453],[134.602746,33.765482],[134.602754,33.765515],[134.602757,33.765537],[134.602759,33.765567],[134.60275,33.765641],[134.602734,33.765724],[134.602715,33.765803],[134.602698,33.765873],[134.602677,33.765935],[134.60265,33.765989],[134.602618,33.766035],[134.602583,33.766076],[134.602548,33.766114],[134.60252,33.766154],[134.60251,33.766177],[134.602503,33.766201],[134.602498,33.766256],[134.602501,33.766317],[134.602506,33.766385],[134.602506,33.766465],[134.6025,33.766559],[134.602491,33.766661],[134.602479,33.766755],[134.602466,33.766856],[134.602457,33.76694],[134.60244,33.767024],[134.602425,33.767104],[134.602403,33.767198],[134.602371,33.767312],[134.602349,33.767383],[134.602329,33.767441],[134.602306,33.767497],[134.602283,33.767543],[134.602239,33.767627],[134.602185,33.767725],[134.60213,33.767815],[134.602079,33.767889],[134.602028,33.767958],[134.601975,33.768035],[134.601926,33.768116],[134.601888,33.768196],[134.601856,33.768272],[134.60182,33.768347],[134.601794,33.768386],[134.601729,33.768462],[134.601692,33.768498],[134.601651,33.76853],[134.601607,33.76856],[134.601562,33.768586],[134.601487,33.76863],[134.601424,33.768666],[134.60137,33.768696],[134.601321,33.768723],[134.60129,33.768741],[134.601246,33.768762],[134.601193,33.768788],[134.601136,33.76882],[134.601077,33.768854],[134.601035,33.768891],[134.601011,33.768919],[134.600986,33.768955],[134.600965,33.768989],[134.600959,33.769],[134.600945,33.769023],[134.600927,33.769061],[134.600912,33.769101],[134.6009,33.769134],[134.600894,33.769159],[134.60089,33.769186],[134.600886,33.769234],[134.600883,33.769316],[134.600885,33.769371],[134.600891,33.769459],[134.600895,33.769515],[134.600919,33.769696],[134.600935,33.769793],[134.600952,33.769898],[134.600988,33.770103],[134.601026,33.770291],[134.601063,33.770444],[134.601099,33.770564],[134.601138,33.770674],[134.601184,33.77079],[134.601238,33.77091],[134.601301,33.771026],[134.601374,33.771137],[134.601454,33.77125],[134.601539,33.771367],[134.601617,33.771477],[134.601675,33.771564],[134.601716,33.77163],[134.601761,33.771698],[134.601825,33.771783],[134.601904,33.771877],[134.601947,33.771923],[134.602014,33.771991],[134.60211,33.772084],[134.602187,33.77215],[134.602256,33.772208],[134.602326,33.772268],[134.60241,33.772325],[134.6025,33.772376],[134.602584,33.772416],[134.602662,33.772445],[134.602747,33.77247],[134.602837,33.772488],[134.602936,33.772506],[134.603036,33.77252],[134.60313,33.772529],[134.603219,33.772532],[134.603261,33.77253],[134.603346,33.772524],[134.603428,33.772518],[134.603509,33.772514],[134.603595,33.772519],[134.603692,33.772533],[134.603795,33.772554],[134.60389,33.772579],[134.603965,33.772602],[134.604026,33.772622],[134.604083,33.77264],[134.60414,33.772652],[134.604193,33.772657],[134.604216,33.772654],[134.604262,33.772645],[134.604311,33.772637],[134.604372,33.772635],[134.604455,33.772643],[134.604574,33.77266],[134.604721,33.772686],[134.60487,33.772717],[134.604875,33.772718],[134.605012,33.772749],[134.605128,33.772782],[134.60522,33.772816],[134.605289,33.772848],[134.605344,33.77287],[134.605368,33.772875],[134.605414,33.772879],[134.605468,33.772889],[134.605499,33.772899],[134.605536,33.772914],[134.605564,33.772928],[134.605592,33.772947],[134.60562,33.772966],[134.605638,33.772986],[134.605651,33.773005],[134.60566,33.773025],[134.605665,33.773062],[134.605662,33.773077],[134.605651,33.773104],[134.60564,33.773123],[134.605634,33.773135],[134.605641,33.773149],[134.605667,33.773168],[134.605707,33.773195],[134.605747,33.773226],[134.605774,33.773257],[134.605795,33.77329],[134.605821,33.773326],[134.605852,33.773363],[134.605888,33.773396],[134.605925,33.773421],[134.605965,33.773442],[134.606008,33.773465],[134.606054,33.77349],[134.606104,33.773519],[134.606154,33.773547],[134.606201,33.773575],[134.606239,33.773598],[134.606268,33.773617],[134.606294,33.77364],[134.606319,33.773666],[134.606347,33.773697],[134.606377,33.773728],[134.606409,33.77376],[134.60644,33.773787],[134.606466,33.77381],[134.60649,33.773832],[134.606511,33.773858],[134.606528,33.773885],[134.60653,33.773891],[134.606529,33.773898],[134.606524,33.773907],[134.606519,33.773916],[134.60649,33.773953],[134.606477,33.77398],[134.606478,33.773991],[134.606482,33.773999],[134.606492,33.774006],[134.606525,33.774014],[134.606571,33.77402],[134.606621,33.774028],[134.606643,33.774035],[134.606662,33.774046],[134.606679,33.774058],[134.606708,33.774093],[134.606728,33.774121],[134.60674,33.774138],[134.606777,33.774191],[134.606814,33.774248],[134.606845,33.774306],[134.606877,33.774358],[134.606915,33.774401],[134.60696,33.774436],[134.60701,33.774468],[134.607062,33.774505],[134.607114,33.774535],[134.607164,33.774551],[134.607187,33.774551],[134.60723,33.774546],[134.607271,33.774541],[134.607313,33.774538],[134.60736,33.774543],[134.607412,33.774557],[134.607463,33.774579],[134.607484,33.774592],[134.607501,33.774608],[134.607513,33.774624],[134.607521,33.774642],[134.607522,33.774659],[134.607518,33.774676],[134.607507,33.774692],[134.607493,33.774705],[134.60747,33.774729],[134.607468,33.774737],[134.607474,33.774744],[134.607509,33.774755],[134.60756,33.774769],[134.607585,33.774779],[134.607635,33.774808],[134.607685,33.774843],[134.607734,33.774885],[134.607773,33.774927],[134.607784,33.774946],[134.607787,33.774965],[134.607784,33.774982],[134.607778,33.774999],[134.607758,33.775028],[134.607735,33.775055],[134.60771,33.775083]]]},"properties":{"S_NAME":"東由岐","HCODE":8101}},{"type":"Feature","geometry":{"type":"Polygon","coordinates":[[[134.592804,33.763084],[134.592784,33.763094],[134.592779,33.763115],[134.592796,33.763177],[134.592802,33.763213],[134.592795,33.763245],[134.592768,33.76327],[134.592726,33.763288],[134.592673,33.763298],[134.592617,33.763299],[134.592562,33.763291],[134.592511,33.763275],[134.592467,33.763251],[134.592426,33.763223],[134.592359,33.763163],[134.5923,33.763112],[134.59227,33.763095],[134.592241,33.763083],[134.59221,33.763081],[134.592174,33.763086],[134.592088,33.763105],[134.592035,33.763112],[134.591974,33.76311],[134.591902,33.763095],[134.591827,33.763071],[134.59175,33.763035],[134.591677,33.762993],[134.591613,33.762945],[134.59156,33.762891],[134.591515,33.762834],[134.591438,33.762717],[134.591398,33.76266],[134.591353,33.762604],[134.591304,33.762551],[134.591252,33.762501],[134.5912,33.762455],[134.591096,33.762374],[134.591008,33.762307],[134.590949,33.762256],[134.590934,33.762236],[134.590928,33.762218],[134.590929,33.7622],[134.590948,33.762162],[134.590974,33.762112],[134.591005,33.762056],[134.591032,33.762002],[134.59105,33.761956],[134.591053,33.761935],[134.591052,33.761917],[134.591043,33.761899],[134.591031,33.761883],[134.591005,33.76185],[134.590967,33.761815],[134.590904,33.761759],[134.590797,33.761692],[134.590684,33.761624],[134.59056,33.761555],[134.590499,33.761518],[134.590446,33.76148],[134.590408,33.761441],[134.59039,33.761398],[134.590395,33.761352],[134.590436,33.761256],[134.590448,33.761207],[134.59044,33.761157],[134.5904,33.761108],[134.590369,33.761081],[134.590345,33.761062],[134.59023,33.760983],[134.590203,33.760955],[134.590211,33.760933],[134.590246,33.760918],[134.590349,33.760896],[134.590366,33.760892],[134.590392,33.760885],[134.590417,33.76087],[134.590428,33.76085],[134.59044,33.760796],[134.590454,33.760761],[134.590482,33.76072],[134.590519,33.760677],[134.590607,33.760586],[134.590648,33.760542],[134.590654,33.760534],[134.590679,33.760502],[134.590703,33.760462],[134.590722,33.760422],[134.590738,33.760377],[134.590766,33.760268],[134.590781,33.760203],[134.590792,33.760134],[134.590799,33.760063],[134.590801,33.759993],[134.590794,33.759925],[134.590772,33.759801],[134.590764,33.759746],[134.590761,33.759696],[134.590765,33.759651],[134.590772,33.759612],[134.590773,33.759573],[134.590759,33.759535],[134.590726,33.759495],[134.590668,33.759452],[134.590516,33.759364],[134.590451,33.759322],[134.590408,33.759284],[134.590397,33.759253],[134.590412,33.759224],[134.590464,33.759171],[134.590479,33.759139],[134.590472,33.759104],[134.59043,33.759023],[134.590413,33.758984],[134.590415,33.758946],[134.590439,33.758913],[134.590481,33.758884],[134.590576,33.758827],[134.59061,33.758796],[134.590621,33.758763],[134.590617,33.758726],[134.590593,33.758648],[134.590589,33.758608],[134.590598,33.758571],[134.59062,33.758536],[134.590656,33.758508],[134.590701,33.758488],[134.590753,33.758477],[134.590812,33.758478],[134.590874,33.758488],[134.590939,33.758506],[134.591004,33.758529],[134.591067,33.758556],[134.591176,33.758608],[134.591216,33.758623],[134.591244,33.758625],[134.591256,33.758607],[134.59125,33.75857],[134.591213,33.758455],[134.591197,33.758397],[134.591193,33.758348],[134.591206,33.758318],[134.591233,33.758305],[134.591267,33.758306],[134.591304,33.758321],[134.591338,33.758347],[134.591362,33.758383],[134.59138,33.758422],[134.591404,33.75849],[134.591417,33.758506],[134.591431,33.758506],[134.591469,33.758475],[134.591495,33.758458],[134.591525,33.75845],[134.591558,33.758457],[134.591594,33.758476],[134.591629,33.758504],[134.59166,33.758537],[134.591684,33.758571],[134.591709,33.758636],[134.591717,33.758663],[134.59173,33.758685],[134.59175,33.758701],[134.591781,33.758712],[134.59182,33.758718],[134.591908,33.758721],[134.591986,33.758722],[134.592051,33.758721],[134.592088,33.758715],[134.592134,33.758702],[134.592188,33.758682],[134.592318,33.758629],[134.59245,33.758577],[134.592508,33.758559],[134.59256,33.758548],[134.592608,33.758541],[134.59265,33.75854],[134.592688,33.758542],[134.592723,33.758548],[134.592752,33.758556],[134.592775,33.758569],[134.592789,33.758584],[134.592792,33.758603],[134.592781,33.758625],[134.592751,33.75867],[134.592742,33.758688],[134.592749,33.7587],[134.592774,33.758705],[134.592869,33.758704],[134.59293,33.758706],[134.592994,33.758715],[134.593056,33.758734],[134.593114,33.758759],[134.593213,33.758808],[134.593249,33.758823],[134.593274,33.758828],[134.593316,33.758822],[134.593344,33.758819],[134.593386,33.758822],[134.593444,33.758837],[134.593506,33.758862],[134.593563,33.758896],[134.593597,33.758939],[134.593599,33.758988],[134.593556,33.759043],[134.593479,33.759101],[134.593384,33.759157],[134.593283,33.75921],[134.593118,33.759292],[134.593021,33.759339],[134.592959,33.759367],[134.592902,33.759391],[134.592878,33.759408],[134.592861,33.759433],[134.592852,33.759468],[134.592854,33.759516],[134.592867,33.759572],[134.592887,33.759634],[134.592916,33.759696],[134.592952,33.759754],[134.592993,33.759805],[134.593038,33.759848],[134.593087,33.759888],[134.593139,33.759923],[134.593248,33.75999],[134.593303,33.760026],[134.593357,33.760064],[134.593408,33.760107],[134.593456,33.760156],[134.593498,33.760213],[134.593532,33.760277],[134.593554,33.760344],[134.593564,33.760416],[134.593556,33.760489],[134.593549,33.760508],[134.593529,33.760563],[134.593487,33.760633],[134.593435,33.760699],[134.593379,33.760755],[134.593325,33.7608],[134.593275,33.76083],[134.593189,33.760873],[134.593151,33.760899],[134.593116,33.760937],[134.593081,33.76099],[134.593048,33.761059],[134.592978,33.761224],[134.592905,33.7614],[134.592834,33.761569],[134.592805,33.761649],[134.592782,33.761728],[134.592759,33.761833],[134.592754,33.761934],[134.592741,33.762083],[134.592715,33.762216],[134.592688,33.762352],[134.592682,33.762421],[134.59268,33.762492],[134.592684,33.762562],[134.592701,33.762694],[134.59272,33.762803],[134.592735,33.762877],[134.592744,33.762899],[134.592754,33.76291],[134.592764,33.762909],[134.592791,33.762889],[134.592807,33.762879],[134.592823,33.762874],[134.59284,33.762878],[134.592855,33.762888],[134.592867,33.762904],[134.592876,33.762921],[134.592878,33.762938],[134.592866,33.762964],[134.592854,33.762989],[134.59286,33.763006],[134.592874,33.763024],[134.592915,33.763063],[134.592928,33.763078],[134.592927,33.763087],[134.592915,33.763094],[134.592838,33.763082],[134.592804,33.763084]]]},"properties":{"S_NAME":"東由岐","HCODE":8101}},{"type":"Feature","geometry":{"type":"Polygon","coordinates":[[[134.596914,33.759719],[134.596938,33.75973],[134.596959,33.75975],[134.596973,33.759774],[134.596981,33.759799],[134.596979,33.759822],[134.596965,33.759841],[134.596925,33.75987],[134.596909,33.759884],[134.596904,33.7599],[134.59691,33.759919],[134.596927,33.759939],[134.596955,33.759975],[134.596955,33.759987],[134.596937,33.759991],[134.596873,33.759993],[134.596844,33.760001],[134.596829,33.760019],[134.59683,33.76005],[134.596846,33.760091],[134.596887,33.760177],[134.596899,33.760212],[134.596896,33.760233],[134.596879,33.760246],[134.596849,33.760252],[134.596809,33.760256],[134.596705,33.760269],[134.596579,33.760297],[134.596439,33.760329],[134.596305,33.760342],[134.59628,33.760338],[134.596258,33.760331],[134.596239,33.760319],[134.596223,33.760303],[134.596213,33.760284],[134.596207,33.760263],[134.596206,33.760241],[134.59621,33.760219],[134.596219,33.760198],[134.596241,33.760157],[134.596263,33.760121],[134.596283,33.760086],[134.596306,33.760046],[134.596339,33.759995],[134.59639,33.759936],[134.596466,33.75987],[134.596557,33.759809],[134.596602,33.759784],[134.596644,33.759767],[134.596678,33.759757],[134.596734,33.759752],[134.596777,33.759748],[134.596809,33.759739],[134.596861,33.75972],[134.596888,33.759715],[134.596914,33.759719]]]},"properties":{"S_NAME":"東由岐","HCODE":8101}},{"type":"Feature","geometry":{"type":"Polygon","coordinates":[[[134.602239,33.760218],[134.602263,33.760219],[134.602288,33.760222],[134.602312,33.760222],[134.602333,33.760223],[134.602363,33.760224],[134.602399,33.760226],[134.602439,33.76023],[134.602469,33.760234],[134.602492,33.760236],[134.602509,33.760239],[134.602529,33.760243],[134.602545,33.760249],[134.602564,33.76026],[134.602574,33.760269],[134.602587,33.760288],[134.602592,33.760297],[134.602597,33.760315],[134.602596,33.760332],[134.602592,33.760349],[134.602584,33.760365],[134.602571,33.760382],[134.602528,33.760418],[134.602515,33.760427],[134.602506,33.760434],[134.602491,33.760447],[134.602485,33.760455],[134.602478,33.760465],[134.60247,33.760479],[134.602464,33.760494],[134.602457,33.760511],[134.602449,33.760536],[134.602444,33.760552],[134.602439,33.760565],[134.602432,33.760577],[134.602421,33.760587],[134.602414,33.760592],[134.602403,33.760595],[134.602374,33.760597],[134.602343,33.760595],[134.602315,33.760592],[134.60229,33.760588],[134.602259,33.76058],[134.602228,33.760566],[134.602196,33.760547],[134.602143,33.760509],[134.602113,33.760481],[134.602087,33.760456],[134.602067,33.760431],[134.602056,33.76041],[134.602049,33.760385],[134.602044,33.760367],[134.602044,33.760349],[134.602047,33.760333],[134.602053,33.760321],[134.602066,33.760306],[134.602083,33.760291],[134.602103,33.760276],[134.602122,33.760263],[134.602139,33.760253],[134.602155,33.760243],[134.60217,33.760235],[134.602185,33.760226],[134.602201,33.760221],[134.602218,33.760218],[134.602239,33.760218]]]},"properties":{"S_NAME":"東由岐","HCODE":8101}},{"type":"Feature","geometry":{"type":"Polygon","coordinates":[[[134.605204,33.78817],[134.605155,33.788164],[134.605112,33.788165],[134.605076,33.788171],[134.605045,33.788184],[134.605018,33.788202],[134.604957,33.788241],[134.604916,33.788259],[134.604819,33.788294],[134.604764,33.78831],[134.60465,33.788343],[134.604542,33.788376],[134.604495,33.788396],[134.604458,33.788418],[134.604429,33.788441],[134.604407,33.788469],[134.604389,33.788499],[134.60435,33.788574],[134.604289,33.788664],[134.604217,33.788763],[134.604147,33.788856],[134.604084,33.788936],[134.604026,33.789],[134.603996,33.789025],[134.603935,33.789066],[134.603871,33.789104],[134.603801,33.789146],[134.603739,33.789193],[134.603713,33.78922],[134.603692,33.789246],[134.60366,33.789298],[134.603626,33.789343],[134.603603,33.78936],[134.603574,33.789373],[134.603542,33.789382],[134.603506,33.789388],[134.603466,33.789389],[134.603375,33.789378],[134.603324,33.789368],[134.603212,33.789345],[134.603083,33.789319],[134.602955,33.789296],[134.602845,33.789277],[134.602753,33.789261],[134.602661,33.789248],[134.602556,33.789234],[134.602452,33.78923],[134.602405,33.789234],[134.602362,33.789242],[134.602288,33.789267],[134.602212,33.789295],[134.602123,33.789314],[134.602028,33.789327],[134.601939,33.789338],[134.601858,33.789347],[134.601819,33.789346],[134.601783,33.789343],[134.601748,33.789334],[134.601713,33.78932],[134.601681,33.789304],[134.601652,33.789285],[134.601626,33.789263],[134.601603,33.78924],[134.601563,33.789192],[134.601527,33.789143],[134.601484,33.789096],[134.601459,33.789076],[134.601433,33.789059],[134.601406,33.789045],[134.601375,33.789036],[134.601313,33.789026],[134.601254,33.789018],[134.601203,33.789],[134.601179,33.788988],[134.601124,33.788956],[134.601051,33.788913],[134.600965,33.788861],[134.600871,33.788797],[134.600779,33.788725],[134.600695,33.788656],[134.60062,33.788597],[134.600543,33.788543],[134.600448,33.788482],[134.600333,33.788417],[134.600215,33.788354],[134.600118,33.788306],[134.600105,33.788299],[134.600004,33.788252],[134.599907,33.788208],[134.599817,33.788165],[134.599745,33.788127],[134.599696,33.788092],[134.599661,33.788055],[134.599623,33.788005],[134.599574,33.787941],[134.59951,33.787872],[134.599471,33.787837],[134.599385,33.787772],[134.599301,33.787717],[134.599225,33.787675],[134.599158,33.787647],[134.599126,33.787639],[134.599061,33.787632],[134.599006,33.787632],[134.598936,33.787637],[134.598925,33.787636],[134.598906,33.787629],[134.598881,33.787615],[134.598841,33.787581],[134.598803,33.787534],[134.598781,33.787509],[134.598645,33.787282],[134.598596,33.787205],[134.59858,33.787179],[134.598561,33.787171],[134.598536,33.787171],[134.598511,33.787179],[134.598478,33.787199],[134.598393,33.78726],[134.598295,33.78734],[134.598191,33.787423],[134.598092,33.787506],[134.598081,33.787515],[134.598002,33.787586],[134.597922,33.787661],[134.597847,33.787743],[134.597771,33.787835],[134.597687,33.787929],[134.59764,33.787973],[134.597589,33.788012],[134.597536,33.788048],[134.59744,33.788116],[134.597402,33.788152],[134.597374,33.788188],[134.597354,33.788227],[134.597317,33.788305],[134.597295,33.788343],[134.597264,33.788378],[134.597228,33.788412],[134.597155,33.788474],[134.597104,33.788529],[134.597089,33.788557],[134.59707,33.788611],[134.597051,33.788674],[134.59702,33.788749],[134.596976,33.788833],[134.596947,33.788878],[134.596881,33.788972],[134.596842,33.789019],[134.596756,33.789113],[134.596664,33.789209],[134.59662,33.789264],[134.596577,33.789325],[134.596497,33.789461],[134.596453,33.789527],[134.5964,33.789583],[134.596336,33.789626],[134.596257,33.789649],[134.596166,33.789657],[134.596067,33.789656],[134.595963,33.789648],[134.595756,33.789635],[134.59566,33.789633],[134.595486,33.789627],[134.595414,33.789618],[134.59535,33.789603],[134.595296,33.789586],[134.595206,33.789554],[134.595165,33.789546],[134.595124,33.789547],[134.595083,33.789553],[134.595005,33.789567],[134.594969,33.789566],[134.594935,33.789556],[134.594904,33.789538],[134.594875,33.789515],[134.594826,33.789465],[134.594784,33.789419],[134.594744,33.78937],[134.594698,33.789304],[134.594638,33.789222],[134.5946,33.789182],[134.594554,33.789144],[134.5945,33.789111],[134.594443,33.789082],[134.594333,33.789027],[134.594289,33.788999],[134.594256,33.788967],[134.594231,33.788933],[134.594193,33.788866],[134.59417,33.788838],[134.594138,33.788814],[134.5941,33.788792],[134.593994,33.788754],[134.593848,33.788708],[134.593682,33.788647],[134.593604,33.788613],[134.593538,33.788576],[134.593485,33.788538],[134.593444,33.788501],[134.593412,33.788463],[134.593365,33.788394],[134.593341,33.788364],[134.593315,33.788337],[134.593282,33.788314],[134.593238,33.788294],[134.593184,33.788278],[134.593115,33.788263],[134.592957,33.788232],[134.592882,33.788209],[134.592818,33.788179],[134.592769,33.788138],[134.592733,33.78809],[134.592673,33.787991],[134.59264,33.787946],[134.592597,33.787909],[134.592544,33.787879],[134.592483,33.787858],[134.592412,33.787843],[134.592334,33.787836],[134.592249,33.787833],[134.592068,33.78783],[134.591979,33.787822],[134.591894,33.787805],[134.591816,33.787774],[134.591743,33.787733],[134.591675,33.787688],[134.591608,33.78764],[134.591542,33.787595],[134.591505,33.787574],[134.591473,33.787555],[134.591404,33.787522],[134.591334,33.787494],[134.591266,33.787471],[134.591136,33.787439],[134.591018,33.787417],[134.590915,33.787398],[134.590825,33.787372],[134.590744,33.787336],[134.590702,33.78731],[134.590667,33.787288],[134.590591,33.78723],[134.590522,33.787173],[134.590458,33.787122],[134.590428,33.787103],[134.590397,33.787087],[134.590366,33.787076],[134.590331,33.78707],[134.590294,33.78707],[134.590205,33.78708],[134.59009,33.787097],[134.589953,33.787114],[134.589814,33.787124],[134.589682,33.787122],[134.589543,33.787121],[134.589465,33.787126],[134.589288,33.787144],[134.589215,33.787146],[134.589143,33.787138],[134.589077,33.787109],[134.589033,33.787065],[134.589005,33.786995],[134.588993,33.786923],[134.588979,33.786795],[134.588964,33.786752],[134.588941,33.786724],[134.588906,33.786699],[134.588803,33.786634],[134.588733,33.78658],[134.588656,33.786514],[134.588582,33.786442],[134.588517,33.786371],[134.588471,33.786308],[134.588447,33.786256],[134.588441,33.786215],[134.588448,33.786157],[134.588446,33.786135],[134.588431,33.786113],[134.588403,33.786091],[134.588326,33.786043],[134.58824,33.785986],[134.588149,33.785926],[134.588098,33.7859],[134.588064,33.785889],[134.588041,33.785882],[134.589505,33.783964],[134.589507,33.783951],[134.589395,33.78388],[134.589333,33.783779],[134.588768,33.781322],[134.587453,33.778071],[134.587438,33.77797],[134.587437,33.777883],[134.587773,33.77638],[134.587848,33.776369],[134.587973,33.775922],[134.588241,33.775573],[134.588664,33.774845],[134.589455,33.773764],[134.589686,33.773586],[134.589786,33.773536],[134.589875,33.773519],[134.589996,33.773512],[134.59011,33.773539],[134.590365,33.773634],[134.590771,33.77339],[134.591038,33.773239],[134.59108,33.773221],[134.591137,33.773224],[134.59148,33.773378],[134.591598,33.77342],[134.591791,33.773459],[134.591792,33.77347],[134.591821,33.773727],[134.591824,33.773749],[134.591832,33.773783],[134.591837,33.773865],[134.591779,33.773881],[134.591911,33.773944],[134.591985,33.773959],[134.592081,33.773964],[134.592287,33.773974],[134.592774,33.773978],[134.593437,33.773973],[134.593494,33.773976],[134.59357,33.773989],[134.593805,33.774072],[134.593917,33.773884],[134.594242,33.77403],[134.59473,33.774223],[134.594997,33.774326],[134.595094,33.774364],[134.596015,33.774716],[134.597258,33.775045],[134.598615,33.775331],[134.598664,33.775864],[134.598751,33.776337],[134.598776,33.776396],[134.5988,33.776435],[134.598837,33.776478],[134.598998,33.776696],[134.599027,33.776767],[134.599037,33.776826],[134.599033,33.776866],[134.59901,33.776959],[134.59898,33.777037],[134.5989,33.777148],[134.600597,33.776478],[134.600695,33.77646],[134.600773,33.776493],[134.600846,33.776549],[134.600962,33.776758],[134.601036,33.776956],[134.601033,33.77708],[134.600974,33.777147],[134.599283,33.778156],[134.599225,33.778239],[134.599226,33.77835],[134.599296,33.778424],[134.59949,33.77848],[134.60029,33.778522],[134.601121,33.77843],[134.601566,33.778357],[134.601731,33.778297],[134.602093,33.778132],[134.603653,33.777633],[134.603642,33.77767],[134.603633,33.777766],[134.603634,33.777861],[134.603665,33.777977],[134.60374,33.778096],[134.603803,33.778187],[134.603903,33.778283],[134.604647,33.7787],[134.604812,33.77886],[134.604988,33.779151],[134.60504,33.779269],[134.605101,33.779409],[134.60521,33.779908],[134.605332,33.780314],[134.605498,33.780857],[134.605572,33.781098],[134.605648,33.78167],[134.605627,33.78182],[134.605573,33.781906],[134.60468,33.782865],[134.604395,33.783174],[134.603445,33.785169],[134.603398,33.785238],[134.603397,33.785311],[134.603432,33.785373],[134.604564,33.786575],[134.605204,33.78817]]]},"properties":{"S_NAME":"西の地","HCODE":8101}},{"type":"Feature","geometry":{"type":"Polygon","coordinates":[[[134.591791,33.773459],[134.591598,33.77342],[134.59148,33.773378],[134.591137,33.773224],[134.59108,33.773221],[134.591038,33.773239],[134.590771,33.77339],[134.590365,33.773634],[134.59011,33.773539],[134.589996,33.773512],[134.589875,33.773519],[134.589786,33.773536],[134.589686,33.773586],[134.589455,33.773764],[134.588664,33.774845],[134.588241,33.775573],[134.587973,33.775922],[134.587848,33.776369],[134.587773,33.77638],[134.588213,33.775232],[134.588568,33.77404],[134.588604,33.773948],[134.588659,33.773878],[134.588707,33.773841],[134.588727,33.773754],[134.588755,33.773601],[134.588783,33.773535],[134.588815,33.772988],[134.58829,33.772504],[134.588267,33.771686],[134.588352,33.771406],[134.588365,33.771178],[134.588353,33.771093],[134.588331,33.771],[134.588291,33.770912],[134.58824,33.770802],[134.588652,33.770421],[134.588537,33.770242],[134.58838,33.770212],[134.588314,33.770182],[134.588271,33.770134],[134.588262,33.769937],[134.588222,33.769868],[134.588145,33.769795],[134.588098,33.769728],[134.588035,33.769509],[134.587726,33.768934],[134.587503,33.768296],[134.586933,33.768064],[134.58673,33.767986],[134.586258,33.767762],[134.586276,33.767755],[134.586294,33.767748],[134.586313,33.767745],[134.586405,33.76773],[134.586506,33.767712],[134.586555,33.767705],[134.586599,33.767702],[134.586618,33.767704],[134.586636,33.767707],[134.586652,33.767714],[134.586662,33.76772],[134.586674,33.767731],[134.58668,33.767739],[134.586687,33.767751],[134.586692,33.767763],[134.586702,33.767814],[134.586704,33.767855],[134.586706,33.767866],[134.586709,33.767874],[134.586713,33.767883],[134.58672,33.767892],[134.58673,33.767902],[134.586742,33.76791],[134.586758,33.76792],[134.586773,33.767927],[134.586792,33.767935],[134.586812,33.767942],[134.586834,33.767947],[134.586856,33.767952],[134.586878,33.767953],[134.586898,33.767952],[134.586906,33.76795],[134.586917,33.767947],[134.586927,33.767944],[134.586934,33.767941],[134.586942,33.767936],[134.586948,33.767929],[134.58696,33.767914],[134.587005,33.767846],[134.587029,33.767813],[134.58704,33.767801],[134.587061,33.767789],[134.587078,33.767784],[134.587102,33.767779],[134.587124,33.76778],[134.587151,33.767782],[134.587183,33.767788],[134.587207,33.767795],[134.587263,33.767815],[134.587318,33.76784],[134.587416,33.767893],[134.587505,33.767945],[134.587552,33.767967],[134.587599,33.767986],[134.587695,33.768015],[134.587784,33.768041],[134.587821,33.768054],[134.587851,33.768069],[134.587873,33.768086],[134.587881,33.768092],[134.587885,33.768104],[134.587888,33.768126],[134.587862,33.768173],[134.587848,33.768198],[134.587841,33.768221],[134.58785,33.768244],[134.587878,33.768263],[134.587967,33.768297],[134.58801,33.768316],[134.588045,33.768339],[134.588057,33.768351],[134.588061,33.768366],[134.588065,33.768397],[134.588053,33.76847],[134.588047,33.76851],[134.588046,33.768551],[134.588054,33.768591],[134.588063,33.768614],[134.58807,33.768631],[134.588093,33.768668],[134.588107,33.768686],[134.588126,33.768703],[134.588165,33.768733],[134.588212,33.768759],[134.588263,33.768782],[134.588373,33.768819],[134.588479,33.768845],[134.588532,33.768856],[134.588643,33.76887],[134.588763,33.768875],[134.588833,33.768876],[134.588894,33.768877],[134.589035,33.768878],[134.589179,33.768876],[134.589311,33.768864],[134.589368,33.768852],[134.589469,33.76882],[134.589567,33.768787],[134.589672,33.768759],[134.589726,33.768749],[134.589781,33.768744],[134.589837,33.768741],[134.589889,33.768743],[134.58994,33.768748],[134.589988,33.768757],[134.59003,33.768768],[134.590068,33.768782],[134.590126,33.76881],[134.590154,33.76882],[134.590184,33.768821],[134.590223,33.768814],[134.590269,33.768793],[134.590325,33.768763],[134.590465,33.768671],[134.591676,33.767937],[134.591779,33.768051],[134.591592,33.768167],[134.591529,33.768166],[134.590766,33.768635],[134.590699,33.768634],[134.590466,33.76879],[134.59041,33.768828],[134.590326,33.768844],[134.590325,33.76888],[134.590331,33.768897],[134.590343,33.768914],[134.590365,33.768929],[134.590396,33.768943],[134.590469,33.768964],[134.590477,33.768966],[134.590559,33.768993],[134.590589,33.769007],[134.590612,33.769023],[134.590629,33.769041],[134.590642,33.769059],[134.590649,33.769078],[134.590654,33.769114],[134.590649,33.769133],[134.590639,33.769149],[134.590625,33.769163],[134.590602,33.769175],[134.590542,33.769193],[134.590479,33.769207],[134.590492,33.769288],[134.590541,33.769551],[134.590691,33.770301],[134.590739,33.770323],[134.590791,33.770349],[134.59085,33.77038],[134.590989,33.770459],[134.591152,33.771209],[134.591259,33.771222],[134.591361,33.771233],[134.591454,33.771244],[134.59154,33.771255],[134.591628,33.771269],[134.591826,33.771299],[134.591912,33.771313],[134.592316,33.771216],[134.592319,33.771246],[134.59192,33.771342],[134.591493,33.771301],[134.591552,33.771791],[134.591553,33.771797],[134.591607,33.772244],[134.591629,33.772424],[134.591705,33.772767],[134.591716,33.772816],[134.591761,33.773194],[134.591762,33.773209],[134.591786,33.773418],[134.59179,33.773446],[134.591791,33.773459]]]},"properties":{"S_NAME":"西由岐","HCODE":8101}},{"type":"Feature","geometry":{"type":"Polygon","coordinates":[[[134.57061,33.733333],[134.570676,33.733356],[134.570725,33.733373],[134.570771,33.733414],[134.570795,33.733453],[134.570805,33.733502],[134.570917,33.733869],[134.570946,33.733891],[134.570988,33.733916],[134.571046,33.733945],[134.571106,33.733978],[134.57116,33.734012],[134.571178,33.734029],[134.571189,33.734046],[134.57119,33.734061],[134.571177,33.734074],[134.571154,33.734085],[134.571093,33.734103],[134.571029,33.734119],[134.570976,33.734132],[134.570927,33.734144],[134.57088,33.734153],[134.570833,33.73416],[134.570781,33.734166],[134.570724,33.734174],[134.570676,33.734177],[134.570591,33.734189],[134.570542,33.73419],[134.570497,33.734182],[134.57046,33.73417],[134.570428,33.734157],[134.570397,33.734143],[134.570371,33.734125],[134.569949,33.733822],[134.569937,33.733812],[134.569931,33.733798],[134.569929,33.733775],[134.569938,33.733717],[134.56995,33.733668],[134.569973,33.733598],[134.569998,33.733531],[134.570021,33.733499],[134.570046,33.733477],[134.570203,33.733405],[134.570354,33.733346],[134.570451,33.733333],[134.570522,33.733327],[134.57061,33.733333]]]},"properties":{"S_NAME":"木岐","HCODE":8101}},{"type":"Feature","geometry":{"type":"Polygon","coordinates":[[[134.569044,33.77847],[134.56901,33.778451],[134.568968,33.778432],[134.568921,33.778415],[134.568872,33.778402],[134.568767,33.77838],[134.568657,33.778359],[134.568546,33.778338],[134.568435,33.778318],[134.568325,33.778301],[134.568218,33.778291],[134.568114,33.77829],[134.568063,33.778292],[134.567973,33.778293],[134.567934,33.778289],[134.567899,33.778282],[134.567869,33.77827],[134.567812,33.778241],[134.567748,33.778208],[134.567673,33.778179],[134.567633,33.778168],[134.567553,33.778155],[134.567472,33.778152],[134.567387,33.778148],[134.567339,33.778142],[134.567245,33.778126],[134.567163,33.778112],[134.567098,33.778107],[134.567066,33.778109],[134.566982,33.778114],[134.566854,33.778118],[134.5667,33.778124],[134.566541,33.778132],[134.566403,33.778148],[134.566293,33.778165],[134.566189,33.778186],[134.566118,33.778193],[134.56604,33.778188],[134.565954,33.778166],[134.565777,33.778106],[134.565691,33.778086],[134.565614,33.778085],[134.565548,33.778107],[134.565489,33.778147],[134.565381,33.778244],[134.565325,33.778281],[134.565262,33.778301],[134.565194,33.778305],[134.565121,33.778298],[134.565046,33.778286],[134.56489,33.778264],[134.564718,33.778253],[134.564642,33.77825],[134.564575,33.778252],[134.564295,33.778313],[134.564148,33.778338],[134.564073,33.778345],[134.563997,33.778348],[134.563923,33.778343],[134.563851,33.778327],[134.563781,33.778303],[134.563713,33.778272],[134.563647,33.778238],[134.56358,33.778207],[134.56351,33.778183],[134.563438,33.778171],[134.563362,33.778168],[134.563286,33.778172],[134.563131,33.778187],[134.562977,33.778201],[134.562833,33.77822],[134.562766,33.778235],[134.562703,33.778256],[134.562642,33.778282],[134.562586,33.778313],[134.562529,33.778349],[134.562474,33.778388],[134.562362,33.778476],[134.562256,33.778574],[134.562208,33.778623],[134.562122,33.778724],[134.562057,33.778815],[134.562049,33.778827],[134.561983,33.778937],[134.561919,33.779051],[134.561855,33.779162],[134.561822,33.779214],[134.561754,33.779312],[134.561686,33.779405],[134.560898,33.779108],[134.56061,33.778998],[134.560315,33.778885],[134.560224,33.778905],[134.560137,33.778917],[134.560096,33.778918],[134.560056,33.778912],[134.560018,33.7789],[134.559983,33.778881],[134.559951,33.778854],[134.559935,33.778834],[134.559923,33.778817],[134.559896,33.778771],[134.559873,33.77872],[134.55983,33.778628],[134.559808,33.778598],[134.559791,33.778588],[134.559783,33.778583],[134.559756,33.77858],[134.559726,33.778581],[134.559689,33.778579],[134.559647,33.778567],[134.559596,33.77854],[134.559539,33.778502],[134.559408,33.778414],[134.559337,33.778376],[134.559261,33.778346],[134.559117,33.778301],[134.559055,33.778279],[134.559005,33.778248],[134.558969,33.778208],[134.558943,33.77816],[134.558905,33.778064],[134.558882,33.778025],[134.55885,33.777994],[134.558811,33.777971],[134.558724,33.777935],[134.558681,33.777915],[134.558639,33.777888],[134.558598,33.777857],[134.558511,33.777791],[134.558459,33.77776],[134.558398,33.777731],[134.55833,33.777707],[134.558256,33.777685],[134.55819,33.777667],[134.558096,33.777642],[134.557925,33.777595],[134.557839,33.777567],[134.557754,33.777535],[134.557672,33.777499],[134.557591,33.777456],[134.557431,33.777371],[134.557346,33.777336],[134.557256,33.777311],[134.557158,33.777299],[134.557057,33.777296],[134.556867,33.777295],[134.556787,33.777286],[134.556722,33.777265],[134.55667,33.777235],[134.556627,33.777196],[134.556589,33.777152],[134.556553,33.777104],[134.556474,33.777006],[134.55644,33.776957],[134.556412,33.776907],[134.5564,33.776871],[134.556395,33.77686],[134.556392,33.776812],[134.556399,33.776765],[134.556414,33.776716],[134.556456,33.776612],[134.556476,33.776553],[134.556509,33.776428],[134.556528,33.776298],[134.55653,33.776232],[134.556528,33.776167],[134.556518,33.776032],[134.556504,33.775885],[134.5565,33.775808],[134.5565,33.775733],[134.556508,33.775662],[134.556525,33.7756],[134.556551,33.775547],[134.556585,33.7755],[134.556656,33.775414],[134.556686,33.775366],[134.556706,33.77531],[134.556719,33.775249],[134.556747,33.775116],[134.556772,33.77505],[134.556805,33.774985],[134.556847,33.774923],[134.556892,33.774864],[134.556981,33.774758],[134.557015,33.77471],[134.557041,33.774664],[134.557061,33.77462],[134.557075,33.774575],[134.557086,33.774527],[134.55709,33.774474],[134.557078,33.77435],[134.557066,33.77429],[134.557052,33.774193],[134.55704,33.774149],[134.557022,33.774111],[134.556997,33.774074],[134.55696,33.774039],[134.556911,33.774005],[134.556846,33.773969],[134.55677,33.773935],[134.556684,33.773904],[134.556593,33.773879],[134.5565,33.773863],[134.556407,33.773855],[134.556227,33.773853],[134.556141,33.773849],[134.556059,33.773836],[134.55598,33.773811],[134.555905,33.773779],[134.555768,33.773709],[134.555706,33.773683],[134.555648,33.773667],[134.555593,33.773661],[134.555537,33.773659],[134.555414,33.773664],[134.555341,33.773662],[134.555266,33.773656],[134.555189,33.773646],[134.555115,33.77363],[134.555048,33.773608],[134.554988,33.773579],[134.554936,33.773545],[134.554833,33.773471],[134.554775,33.773432],[134.554707,33.773395],[134.554635,33.773361],[134.554557,33.77333],[134.554477,33.773301],[134.554324,33.773257],[134.554181,33.773228],[134.554113,33.773219],[134.554047,33.773213],[134.553917,33.773208],[134.553794,33.773214],[134.553736,33.773222],[134.553623,33.77324],[134.55357,33.773245],[134.553521,33.773242],[134.553483,33.773231],[134.553477,33.773229],[134.553437,33.773201],[134.5534,33.773163],[134.553368,33.773118],[134.553337,33.773069],[134.553282,33.772974],[134.553232,33.772885],[134.553213,33.77284],[134.553197,33.772792],[134.553186,33.77274],[134.55318,33.772686],[134.553178,33.77263],[134.553182,33.772575],[134.55319,33.772523],[134.553201,33.772472],[134.553224,33.772381],[134.553227,33.772339],[134.553223,33.7723],[134.553205,33.772261],[134.553177,33.772223],[134.553146,33.772186],[134.553078,33.772107],[134.553048,33.772063],[134.553024,33.772017],[134.552984,33.771918],[134.552952,33.771813],[134.552921,33.771702],[134.552888,33.771586],[134.552847,33.771464],[134.552806,33.771346],[134.552768,33.771238],[134.55274,33.771137],[134.552732,33.771086],[134.55273,33.771032],[134.552733,33.770972],[134.552751,33.770848],[134.552769,33.770726],[134.552772,33.770669],[134.552769,33.770617],[134.552762,33.770565],[134.552749,33.770515],[134.552732,33.770464],[134.552707,33.77041],[134.552644,33.770301],[134.552607,33.770248],[134.552566,33.770197],[134.552479,33.770102],[134.552398,33.770009],[134.552366,33.769963],[134.552339,33.769913],[134.552327,33.769883],[134.552321,33.769865],[134.552297,33.769769],[134.552285,33.769681],[134.552274,33.769606],[134.552265,33.769572],[134.552252,33.769537],[134.552232,33.769505],[134.552207,33.769472],[134.552176,33.769438],[134.552102,33.769364],[134.552012,33.769281],[134.551928,33.769201],[134.55187,33.769145],[134.55184,33.769113],[134.551825,33.769086],[134.551812,33.769051],[134.551805,33.768999],[134.551808,33.768928],[134.55182,33.768841],[134.551837,33.768751],[134.551853,33.768667],[134.551879,33.768582],[134.551921,33.768484],[134.551984,33.768375],[134.552056,33.768263],[134.552129,33.76816],[134.552198,33.768066],[134.552255,33.767984],[134.552305,33.76791],[134.552363,33.767839],[134.552431,33.767764],[134.552463,33.767723],[134.552488,33.767682],[134.552503,33.767637],[134.552502,33.76759],[134.552491,33.767542],[134.552473,33.767494],[134.552452,33.767448],[134.552417,33.767366],[134.552406,33.76733],[134.552397,33.767259],[134.552407,33.76713],[134.552424,33.767039],[134.552446,33.766967],[134.552458,33.766938],[134.552485,33.766887],[134.552514,33.766829],[134.552548,33.76676],[134.552585,33.766689],[134.552622,33.766625],[134.552655,33.766569],[134.552679,33.766523],[134.552697,33.766483],[134.552719,33.766433],[134.552753,33.766367],[134.552794,33.766298],[134.552815,33.76627],[134.552835,33.766249],[134.552856,33.766233],[134.552877,33.766221],[134.552925,33.766198],[134.552981,33.766168],[134.553037,33.766133],[134.553076,33.766098],[134.553089,33.766082],[134.553106,33.766046],[134.55312,33.765998],[134.553134,33.765937],[134.553143,33.765862],[134.553143,33.765776],[134.553142,33.765681],[134.553143,33.765575],[134.553151,33.765464],[134.55316,33.765421],[134.553169,33.765398],[134.553191,33.765368],[134.553259,33.765304],[134.553349,33.765215],[134.553384,33.765175],[134.55341,33.765138],[134.55343,33.765102],[134.553445,33.765066],[134.553467,33.764987],[134.553486,33.764885],[134.553508,33.764776],[134.553535,33.764676],[134.553551,33.764632],[134.55357,33.76459],[134.553595,33.764551],[134.553627,33.764514],[134.553665,33.764476],[134.553764,33.764404],[134.553881,33.76433],[134.553941,33.76429],[134.553997,33.764247],[134.554044,33.764202],[134.554074,33.76415],[134.554081,33.764093],[134.55406,33.764029],[134.554023,33.763963],[134.553944,33.763838],[134.553925,33.76379],[134.553926,33.763759],[134.553947,33.763736],[134.553962,33.763727],[134.554009,33.763708],[134.554124,33.763678],[134.55418,33.76366],[134.554285,33.763614],[134.554394,33.76356],[134.55451,33.7635],[134.554567,33.76347],[134.55467,33.763407],[134.554711,33.763374],[134.554778,33.763307],[134.554839,33.763236],[134.554905,33.763157],[134.554975,33.763071],[134.55501,33.763026],[134.555072,33.762931],[134.555131,33.762839],[134.555184,33.762757],[134.555234,33.762681],[134.555283,33.762599],[134.555335,33.762499],[134.555368,33.762448],[134.555408,33.762398],[134.555458,33.762353],[134.555518,33.762314],[134.555655,33.762249],[134.555719,33.762217],[134.555776,33.762183],[134.555818,33.762143],[134.55585,33.762098],[134.555876,33.76205],[134.55592,33.761947],[134.555972,33.761835],[134.556033,33.761708],[134.556065,33.761638],[134.556124,33.76148],[134.556174,33.761331],[134.556208,33.761224],[134.556224,33.76116],[134.556236,33.761101],[134.556249,33.761021],[134.556252,33.760977],[134.556247,33.760934],[134.556234,33.760895],[134.556206,33.760862],[134.556169,33.760836],[134.556165,33.760834],[134.556122,33.760814],[134.556066,33.760793],[134.555936,33.760751],[134.555794,33.760705],[134.555724,33.760678],[134.555594,33.760619],[134.555479,33.760553],[134.555374,33.760489],[134.555268,33.76043],[134.555218,33.760402],[134.555172,33.760371],[134.55513,33.76034],[134.555092,33.760307],[134.555026,33.760234],[134.55496,33.760149],[134.554878,33.760059],[134.55478,33.759967],[134.554727,33.759922],[134.554614,33.759842],[134.554559,33.759803],[134.55451,33.759763],[134.554469,33.759721],[134.554436,33.759677],[134.55441,33.759632],[134.554386,33.759568],[134.554364,33.759514],[134.554332,33.759441],[134.554306,33.759371],[134.554288,33.759291],[134.554273,33.759182],[134.55426,33.759121],[134.554241,33.759059],[134.554182,33.758937],[134.554151,33.758879],[134.554126,33.758824],[134.554114,33.758775],[134.554115,33.758731],[134.55413,33.758693],[134.554172,33.758622],[134.554191,33.758585],[134.554202,33.758546],[134.554205,33.758504],[134.554201,33.758411],[134.554195,33.758307],[134.55419,33.758195],[134.554179,33.758082],[134.554154,33.757976],[134.554137,33.757927],[134.554097,33.757836],[134.554074,33.757798],[134.554046,33.757763],[134.554011,33.757731],[134.553966,33.757706],[134.553907,33.757683],[134.553752,33.757647],[134.553677,33.757625],[134.553618,33.757595],[134.553597,33.757576],[134.553594,33.757562],[134.553587,33.757538],[134.553591,33.757497],[134.553619,33.757428],[134.553669,33.757351],[134.553787,33.757188],[134.553835,33.75711],[134.553878,33.757033],[134.553952,33.756877],[134.554033,33.756707],[134.554249,33.756343],[134.554319,33.756271],[134.554443,33.756165],[134.554566,33.756074],[134.554612,33.756039],[134.554648,33.756005],[134.554678,33.755964],[134.554705,33.755911],[134.554748,33.755802],[134.554774,33.755727],[134.554781,33.755685],[134.554783,33.755625],[134.554783,33.755494],[134.554786,33.755395],[134.554804,33.755289],[134.554835,33.755164],[134.554851,33.755104],[134.554874,33.75505],[134.554909,33.755004],[134.554959,33.754964],[134.55502,33.754931],[134.555086,33.754905],[134.555151,33.754883],[134.55528,33.754852],[134.555346,33.754837],[134.555411,33.754826],[134.555473,33.754826],[134.555527,33.754835],[134.555639,33.754871],[134.555708,33.754885],[134.55579,33.754893],[134.555885,33.754896],[134.555992,33.754892],[134.556104,33.754883],[134.556215,33.754869],[134.556419,33.754828],[134.556655,33.754782],[134.556797,33.754762],[134.556957,33.754746],[134.557128,33.754733],[134.55728,33.754732],[134.557438,33.75474],[134.557583,33.754759],[134.557687,33.754773],[134.557778,33.754786],[134.557861,33.754794],[134.557908,33.754795],[134.557968,33.754792],[134.558055,33.754776],[134.558151,33.754752],[134.558367,33.754686],[134.558542,33.754633],[134.55861,33.754609],[134.558683,33.754577],[134.558867,33.754478],[134.558957,33.754425],[134.559097,33.754331],[134.559256,33.754225],[134.559441,33.754104],[134.559516,33.754046],[134.559639,33.753944],[134.559751,33.753853],[134.559791,33.75382],[134.5598,33.753812],[134.559841,33.753771],[134.559876,33.753726],[134.559911,33.753668],[134.559946,33.753593],[134.55998,33.753509],[134.56001,33.753428],[134.560035,33.75335],[134.560049,33.753293],[134.560058,33.753235],[134.560067,33.753122],[134.560073,33.753098],[134.560085,33.753076],[134.560102,33.753057],[134.560125,33.75304],[134.560184,33.753007],[134.560263,33.752969],[134.560453,33.752862],[134.560625,33.752765],[134.560698,33.752733],[134.560779,33.752708],[134.560874,33.752689],[134.56098,33.752674],[134.561087,33.752667],[134.561279,33.752661],[134.561369,33.75265],[134.561458,33.752626],[134.561652,33.752558],[134.561765,33.752526],[134.561892,33.752499],[134.562031,33.752481],[134.562178,33.752472],[134.562457,33.752467],[134.562672,33.752455],[134.562792,33.75245],[134.563097,33.752447],[134.563251,33.75244],[134.563381,33.752424],[134.563485,33.7524],[134.563545,33.752382],[134.563589,33.752365],[134.56363,33.752343],[134.563724,33.752283],[134.563749,33.752266],[134.563779,33.752255],[134.563819,33.752248],[134.56387,33.752248],[134.563982,33.752259],[134.564033,33.752264],[134.564068,33.752259],[134.564081,33.752237],[134.56408,33.752151],[134.564086,33.752087],[134.56411,33.751934],[134.564127,33.751759],[134.564128,33.75175],[134.564144,33.751568],[134.564155,33.751471],[134.564169,33.751381],[134.564201,33.751237],[134.564216,33.751184],[134.564223,33.751143],[134.564223,33.751113],[134.564219,33.751089],[134.564207,33.751072],[134.564157,33.751035],[134.564071,33.750975],[134.563998,33.750926],[134.563962,33.750897],[134.563923,33.750852],[134.563887,33.750795],[134.563844,33.750719],[134.563779,33.750573],[134.563724,33.750424],[134.563638,33.750219],[134.5636,33.750113],[134.563575,33.75002],[134.563545,33.749861],[134.563507,33.749711],[134.56349,33.749632],[134.563476,33.749551],[134.563464,33.749383],[134.563462,33.749225],[134.563465,33.749094],[134.563464,33.748973],[134.563457,33.748826],[134.563452,33.748664],[134.563455,33.7485],[134.56346,33.748348],[134.563463,33.748255],[134.563468,33.748233],[134.563486,33.748215],[134.563507,33.748202],[134.563801,33.748109],[134.563846,33.748096],[134.563889,33.748076],[134.563928,33.748048],[134.564266,33.74774],[134.564296,33.747709],[134.564323,33.747672],[134.564351,33.747623],[134.564378,33.747566],[134.564401,33.747507],[134.564431,33.747403],[134.564487,33.747239],[134.564511,33.747159],[134.564526,33.747119],[134.564542,33.74708],[134.564555,33.747045],[134.56457,33.747016],[134.564584,33.746991],[134.5646,33.746967],[134.564618,33.746942],[134.564637,33.746914],[134.564657,33.746885],[134.564675,33.74686],[134.564691,33.746837],[134.564707,33.746814],[134.56472,33.746788],[134.564734,33.746758],[134.56475,33.746724],[134.564766,33.746687],[134.564779,33.746652],[134.564788,33.746622],[134.564797,33.746598],[134.564806,33.746573],[134.564818,33.746552],[134.564823,33.746542],[134.564837,33.746528],[134.564846,33.746523],[134.564873,33.746514],[134.564924,33.746503],[134.564995,33.746487],[134.565068,33.74647],[134.565131,33.746454],[134.565187,33.746438],[134.565245,33.746417],[134.565308,33.746392],[134.565371,33.746368],[134.56543,33.746346],[134.565484,33.746329],[134.565536,33.746315],[134.56559,33.746301],[134.565658,33.74628],[134.565897,33.746214],[134.565987,33.746202],[134.56611,33.746179],[134.566134,33.745991],[134.566155,33.7458],[134.566175,33.745604],[134.566188,33.74541],[134.566201,33.74524],[134.56621,33.745106],[134.566219,33.745012],[134.566223,33.744955],[134.566224,33.744922],[134.566224,33.7449],[134.566221,33.744873],[134.566214,33.744846],[134.566201,33.744821],[134.566183,33.744798],[134.56616,33.744771],[134.566132,33.744737],[134.566103,33.744701],[134.566072,33.744667],[134.566042,33.744639],[134.566015,33.744614],[134.565994,33.744591],[134.565976,33.744569],[134.56596,33.744548],[134.565944,33.744528],[134.56593,33.744506],[134.565913,33.74448],[134.565874,33.744345],[134.565842,33.744236],[134.565818,33.744176],[134.565802,33.744137],[134.565791,33.744104],[134.565776,33.744065],[134.565758,33.744025],[134.565739,33.743993],[134.565582,33.743756],[134.565555,33.743717],[134.565528,33.74367],[134.565501,33.74362],[134.565477,33.743571],[134.565455,33.743526],[134.565432,33.743487],[134.565408,33.743455],[134.565383,33.743426],[134.56536,33.743393],[134.565349,33.743374],[134.565334,33.743326],[134.565324,33.743267],[134.565319,33.743212],[134.565315,33.743166],[134.565331,33.743036],[134.565341,33.742991],[134.565347,33.742953],[134.565351,33.74292],[134.565355,33.74289],[134.565359,33.74286],[134.565364,33.74283],[134.565367,33.742794],[134.565366,33.742756],[134.565363,33.742723],[134.565363,33.742717],[134.565355,33.742678],[134.565345,33.742641],[134.56533,33.742606],[134.565312,33.742573],[134.565289,33.742537],[134.565261,33.7425],[134.565231,33.742463],[134.565202,33.742433],[134.565169,33.742403],[134.565123,33.742373],[134.565067,33.742341],[134.565011,33.74231],[134.564962,33.742284],[134.56492,33.742261],[134.564878,33.742238],[134.564832,33.742215],[134.564784,33.742192],[134.564732,33.742173],[134.564678,33.742155],[134.564625,33.742136],[134.564572,33.742114],[134.56452,33.742094],[134.564468,33.742077],[134.564419,33.742058],[134.564373,33.742037],[134.564334,33.742012],[134.5643,33.741987],[134.56427,33.741966],[134.564241,33.741945],[134.564207,33.74192],[134.56417,33.741893],[134.564134,33.741864],[134.564103,33.741839],[134.564081,33.741814],[134.564072,33.741792],[134.564069,33.741784],[134.564067,33.74175],[134.56407,33.74171],[134.564077,33.741668],[134.564089,33.741616],[134.564105,33.741554],[134.564127,33.741478],[134.564153,33.741387],[134.56418,33.741285],[134.564206,33.741184],[134.564229,33.741099],[134.564247,33.741034],[134.564259,33.74098],[134.564265,33.740932],[134.564269,33.740885],[134.564269,33.740834],[134.564269,33.740781],[134.564268,33.740732],[134.564262,33.740694],[134.564255,33.740664],[134.564245,33.740639],[134.564233,33.740614],[134.564216,33.740582],[134.564194,33.74054],[134.564175,33.740494],[134.56417,33.740425],[134.564177,33.740404],[134.56418,33.740389],[134.564182,33.740371],[134.564188,33.740343],[134.564198,33.740305],[134.564208,33.740259],[134.564215,33.740216],[134.564222,33.740174],[134.564232,33.740132],[134.564247,33.740091],[134.564262,33.740052],[134.564276,33.740014],[134.564289,33.739976],[134.5643,33.739941],[134.564312,33.739907],[134.564322,33.739869],[134.564326,33.739827],[134.564328,33.739786],[134.564329,33.739749],[134.564331,33.739719],[134.564332,33.73969],[134.564331,33.739661],[134.564328,33.739627],[134.564325,33.739589],[134.564321,33.739552],[134.564317,33.739516],[134.564314,33.739486],[134.56431,33.739455],[134.564305,33.739416],[134.564298,33.739364],[134.56429,33.739306],[134.564279,33.739245],[134.564269,33.739187],[134.56426,33.739135],[134.564251,33.739088],[134.564238,33.739038],[134.564219,33.738984],[134.5642,33.738931],[134.564183,33.738891],[134.564171,33.738866],[134.564161,33.738843],[134.564149,33.738818],[134.564139,33.738792],[134.564132,33.738773],[134.564127,33.738755],[134.564119,33.73872],[134.564103,33.738656],[134.564086,33.738581],[134.564072,33.738515],[134.564065,33.738469],[134.564061,33.738439],[134.56406,33.738418],[134.564062,33.738401],[134.564071,33.738348],[134.564076,33.7383],[134.564075,33.738243],[134.564078,33.738226],[134.564093,33.738007],[134.564099,33.73794],[134.564108,33.73789],[134.56412,33.737843],[134.564129,33.737795],[134.564129,33.73775],[134.564124,33.737729],[134.564106,33.737693],[134.564083,33.737658],[134.564058,33.737617],[134.564034,33.737575],[134.564011,33.737533],[134.563988,33.737492],[134.563962,33.737451],[134.563928,33.73741],[134.563891,33.737368],[134.563861,33.737321],[134.563839,33.737272],[134.563823,33.737225],[134.563813,33.737182],[134.563809,33.737141],[134.563811,33.7371],[134.563816,33.737058],[134.563826,33.737017],[134.563837,33.73698],[134.56385,33.736946],[134.563863,33.736915],[134.563878,33.736884],[134.563897,33.736853],[134.563918,33.73682],[134.563943,33.736788],[134.563969,33.736754],[134.563995,33.73672],[134.56402,33.736689],[134.564045,33.736661],[134.564067,33.736634],[134.564086,33.736607],[134.564103,33.736575],[134.564119,33.736544],[134.56403,33.736381],[134.563996,33.736309],[134.563964,33.736237],[134.563934,33.736167],[134.563908,33.736101],[134.563886,33.736046],[134.563868,33.736001],[134.563857,33.735962],[134.563853,33.73592],[134.563858,33.735875],[134.563869,33.735832],[134.563884,33.735791],[134.5639,33.735754],[134.563916,33.735715],[134.56393,33.735674],[134.563937,33.73563],[134.563934,33.735584],[134.563926,33.73554],[134.563919,33.735505],[134.563915,33.735478],[134.563912,33.735453],[134.56391,33.735423],[134.563913,33.735388],[134.563926,33.735344],[134.563948,33.735292],[134.563973,33.735241],[134.563994,33.735195],[134.564015,33.735154],[134.564038,33.735117],[134.564063,33.735081],[134.564085,33.735043],[134.564101,33.735002],[134.56411,33.734966],[134.564113,33.73494],[134.56411,33.734922],[134.56411,33.734901],[134.564113,33.734867],[134.564122,33.734829],[134.564137,33.734796],[134.564155,33.734774],[134.564181,33.73476],[134.564213,33.73475],[134.564255,33.734742],[134.564309,33.734733],[134.56437,33.73472],[134.564433,33.734703],[134.564486,33.734679],[134.564527,33.734654],[134.564554,33.734637],[134.564573,33.734623],[134.564604,33.734602],[134.564659,33.734565],[134.564722,33.734522],[134.564771,33.734485],[134.564801,33.734458],[134.56482,33.734433],[134.564836,33.734404],[134.56485,33.734371],[134.564861,33.734334],[134.564867,33.734294],[134.564869,33.734251],[134.564868,33.734205],[134.564874,33.734157],[134.564894,33.734108],[134.564926,33.734062],[134.564955,33.734027],[134.564968,33.734004],[134.564976,33.733985],[134.564994,33.733956],[134.565025,33.733913],[134.565053,33.733862],[134.565062,33.733836],[134.565071,33.733786],[134.565072,33.733743],[134.56507,33.73371],[134.565064,33.733688],[134.565053,33.733669],[134.565036,33.733653],[134.565016,33.733639],[134.564993,33.733628],[134.564972,33.733612],[134.564956,33.733583],[134.564952,33.733564],[134.564947,33.733524],[134.564949,33.733507],[134.564955,33.733479],[134.564964,33.73345],[134.56497,33.733404],[134.564968,33.733343],[134.56496,33.733281],[134.564944,33.73323],[134.564931,33.733185],[134.564928,33.733136],[134.564937,33.733082],[134.564949,33.733029],[134.564955,33.732981],[134.564955,33.732938],[134.564944,33.7329],[134.564925,33.732863],[134.564899,33.732828],[134.56487,33.732793],[134.564835,33.732759],[134.56479,33.732723],[134.564737,33.732689],[134.564686,33.732658],[134.564642,33.732634],[134.564617,33.732614],[134.564613,33.732605],[134.564614,33.732595],[134.56462,33.732585],[134.56463,33.732576],[134.564649,33.73256],[134.564659,33.732546],[134.564673,33.732533],[134.564705,33.732515],[134.564756,33.732492],[134.564809,33.732471],[134.564852,33.732455],[134.564892,33.732446],[134.564939,33.73244],[134.564995,33.732438],[134.565056,33.732442],[134.565118,33.732451],[134.565182,33.73246],[134.565249,33.732464],[134.565324,33.732465],[134.565369,33.73247],[134.565422,33.732481],[134.565481,33.732497],[134.565621,33.732548],[134.565728,33.732591],[134.56593,33.732672],[134.565973,33.732685],[134.566029,33.732696],[134.56605,33.732695],[134.566092,33.732685],[134.566128,33.732674],[134.566143,33.73267],[134.566181,33.732674],[134.566204,33.732682],[134.566226,33.732694],[134.566259,33.732722],[134.566296,33.732756],[134.566342,33.73279],[134.566387,33.73282],[134.566431,33.732845],[134.566452,33.732855],[134.566475,33.732861],[134.566498,33.732862],[134.566558,33.732856],[134.566643,33.732852],[134.566727,33.732855],[134.566796,33.732867],[134.566853,33.732884],[134.566942,33.732919],[134.566931,33.73293],[134.566913,33.732946],[134.566889,33.732959],[134.566871,33.732964],[134.566833,33.73297],[134.566787,33.732972],[134.566737,33.732971],[134.566686,33.73297],[134.566638,33.732972],[134.566595,33.732976],[134.56656,33.732975],[134.566529,33.732967],[134.566506,33.732959],[134.566485,33.732958],[134.566464,33.732964],[134.56644,33.732976],[134.566409,33.732989],[134.566378,33.733001],[134.566347,33.733008],[134.566322,33.73301],[134.566292,33.733008],[134.566257,33.733],[134.566218,33.732991],[134.566183,33.732977],[134.566153,33.732964],[134.566128,33.732953],[134.566106,33.732947],[134.566082,33.732947],[134.56605,33.732947],[134.56601,33.732947],[134.565971,33.732948],[134.56594,33.732949],[134.565914,33.73295],[134.565886,33.732956],[134.565854,33.732962],[134.565825,33.732967],[134.565801,33.732964],[134.565785,33.732965],[134.56578,33.732978],[134.565781,33.732989],[134.565786,33.733015],[134.565796,33.733037],[134.565808,33.73305],[134.565822,33.73306],[134.565832,33.733068],[134.565841,33.733078],[134.565846,33.733092],[134.565848,33.73311],[134.56585,33.733128],[134.565854,33.733142],[134.56586,33.733151],[134.565873,33.733159],[134.565889,33.733166],[134.565902,33.733177],[134.565906,33.733194],[134.565909,33.733215],[134.565914,33.733233],[134.565925,33.733247],[134.565941,33.73326],[134.565955,33.733271],[134.565967,33.733286],[134.565978,33.733305],[134.565985,33.733328],[134.565985,33.733351],[134.565978,33.733369],[134.565968,33.733384],[134.565961,33.733396],[134.565957,33.733407],[134.565959,33.733416],[134.565962,33.733422],[134.56597,33.733426],[134.565984,33.733428],[134.566003,33.733429],[134.566027,33.733428],[134.566052,33.733426],[134.566076,33.733425],[134.5661,33.733429],[134.566119,33.733435],[134.566133,33.733447],[134.566136,33.733454],[134.566141,33.733471],[134.566142,33.733488],[134.566139,33.733501],[134.566134,33.733513],[134.566126,33.733523],[134.566116,33.733534],[134.566102,33.733546],[134.566083,33.733558],[134.566067,33.73357],[134.566061,33.73358],[134.566066,33.733588],[134.566076,33.733598],[134.566087,33.73361],[134.566103,33.733628],[134.56612,33.733648],[134.566136,33.733667],[134.566155,33.733701],[134.566156,33.733702],[134.56616,33.733724],[134.566167,33.733764],[134.566176,33.7338],[134.566196,33.733852],[134.566218,33.733899],[134.566236,33.733933],[134.566251,33.733965],[134.56626,33.733985],[134.56627,33.734003],[134.566283,33.734019],[134.566297,33.734028],[134.566331,33.734049],[134.566363,33.73407],[134.56637,33.734078],[134.566378,33.734091],[134.566387,33.734107],[134.566398,33.734138],[134.566413,33.734174],[134.566431,33.734207],[134.566452,33.734228],[134.566464,33.734233],[134.566477,33.734236],[134.566508,33.734239],[134.566546,33.734241],[134.566566,33.734246],[134.566583,33.734256],[134.566597,33.734271],[134.566605,33.734292],[134.566611,33.734317],[134.566619,33.734364],[134.566626,33.734381],[134.566635,33.734388],[134.566647,33.734391],[134.566678,33.734391],[134.566693,33.734398],[134.566706,33.734412],[134.56673,33.734455],[134.566757,33.7345],[134.566771,33.734516],[134.566788,33.734529],[134.566821,33.734549],[134.56685,33.73457],[134.566874,33.734595],[134.566897,33.73462],[134.566919,33.73464],[134.566938,33.734658],[134.56695,33.734676],[134.566957,33.734694],[134.566962,33.734712],[134.566971,33.734728],[134.566992,33.734739],[134.56701,33.734742],[134.567033,33.734742],[134.567088,33.734737],[134.567139,33.734732],[134.567171,33.73473],[134.567182,33.734734],[134.56719,33.734742],[134.567199,33.734755],[134.567216,33.734795],[134.56723,33.734838],[134.567238,33.734867],[134.567243,33.734873],[134.567252,33.734876],[134.567274,33.734875],[134.567303,33.734878],[134.567333,33.734885],[134.567364,33.734897],[134.56739,33.734912],[134.567408,33.734929],[134.567419,33.734953],[134.567422,33.734983],[134.56742,33.735016],[134.567421,33.735042],[134.567419,33.735061],[134.567405,33.735076],[134.56739,33.735083],[134.567354,33.735095],[134.56733,33.735104],[134.567349,33.735107],[134.567389,33.735116],[134.567437,33.735136],[134.567457,33.735148],[134.567472,33.73516],[134.567476,33.73517],[134.567469,33.735177],[134.567452,33.735182],[134.567413,33.735188],[134.56739,33.735196],[134.567389,33.7352],[134.567404,33.735212],[134.567428,33.735226],[134.567454,33.735239],[134.56748,33.735246],[134.567504,33.735242],[134.567529,33.735234],[134.567551,33.735233],[134.567563,33.735236],[134.567582,33.735248],[134.567594,33.735266],[134.567597,33.735287],[134.567597,33.73531],[134.567591,33.735335],[134.567585,33.735359],[134.567575,33.735381],[134.567561,33.735398],[134.567545,33.735411],[134.567522,33.735417],[134.567487,33.735416],[134.567429,33.735404],[134.567351,33.735384],[134.56727,33.735366],[134.567198,33.735353],[134.56715,33.735351],[134.567138,33.735356],[134.567135,33.735363],[134.56714,33.735374],[134.567156,33.735405],[134.567162,33.735426],[134.567162,33.735448],[134.567151,33.735497],[134.567139,33.735539],[134.567132,33.735566],[134.567136,33.735584],[134.567143,33.735603],[134.567152,33.735628],[134.567165,33.735657],[134.567179,33.73569],[134.567196,33.735725],[134.567213,33.735762],[134.567228,33.735797],[134.567244,33.735831],[134.567259,33.735856],[134.567278,33.735875],[134.567302,33.73589],[134.567327,33.735901],[134.567349,33.735917],[134.567365,33.73594],[134.567377,33.735967],[134.567392,33.735995],[134.567414,33.736021],[134.567444,33.736044],[134.56748,33.736061],[134.567517,33.736079],[134.567545,33.7361],[134.567562,33.736125],[134.567572,33.736149],[134.567579,33.736169],[134.567587,33.736184],[134.567601,33.736195],[134.567622,33.736204],[134.567647,33.736216],[134.567671,33.736232],[134.567692,33.736253],[134.567707,33.736276],[134.567717,33.736298],[134.567729,33.736318],[134.567746,33.736334],[134.567763,33.736351],[134.567768,33.736363],[134.567769,33.736375],[134.567766,33.736408],[134.567759,33.736448],[134.567754,33.736493],[134.567756,33.736535],[134.567764,33.736566],[134.567771,33.736576],[134.567787,33.736592],[134.567805,33.736607],[134.567823,33.736624],[134.567847,33.736643],[134.567877,33.736663],[134.567913,33.736684],[134.567951,33.736706],[134.56799,33.736729],[134.568026,33.73675],[134.568055,33.736769],[134.568078,33.736785],[134.56809,33.736802],[134.568098,33.736819],[134.568113,33.736835],[134.568142,33.736851],[134.568169,33.736869],[134.568175,33.736881],[134.568171,33.736893],[134.568159,33.736905],[134.568142,33.736916],[134.568121,33.736924],[134.568098,33.73693],[134.568074,33.73693],[134.56805,33.736926],[134.568005,33.736913],[134.567958,33.736901],[134.567915,33.736892],[134.567879,33.736889],[134.567854,33.736889],[134.567848,33.736892],[134.567846,33.736896],[134.567845,33.736898],[134.567847,33.736906],[134.567853,33.736912],[134.567858,33.736915],[134.56789,33.736928],[134.567934,33.736938],[134.567981,33.736946],[134.568016,33.736946],[134.568038,33.736945],[134.568057,33.736952],[134.56808,33.736973],[134.5681,33.737003],[134.568103,33.737019],[134.5681,33.737032],[134.568092,33.737046],[134.56808,33.737058],[134.568048,33.737076],[134.568011,33.737086],[134.567991,33.737088],[134.567948,33.737088],[134.567923,33.737083],[134.56787,33.737073],[134.567818,33.737059],[134.567768,33.737044],[134.567724,33.737032],[134.567685,33.737024],[134.567652,33.737023],[134.567641,33.737026],[134.567634,33.737034],[134.567631,33.737044],[134.567631,33.737056],[134.567633,33.73708],[134.567629,33.73709],[134.567621,33.737095],[134.567608,33.737098],[134.567577,33.737097],[134.567547,33.737097],[134.567524,33.737104],[134.567508,33.737117],[134.567495,33.737134],[134.567488,33.737158],[134.567484,33.737186],[134.567485,33.737202],[134.567494,33.737229],[134.567504,33.737239],[134.567517,33.737247],[134.567549,33.737255],[134.567584,33.737266],[134.567598,33.737274],[134.567622,33.737295],[134.567646,33.737317],[134.567671,33.737332],[134.567695,33.737348],[134.567704,33.737359],[134.56771,33.737373],[134.567712,33.737406],[134.567705,33.737435],[134.567697,33.737444],[134.567688,33.737451],[134.567668,33.737462],[134.567645,33.73748],[134.567621,33.737506],[134.567587,33.737533],[134.567565,33.737543],[134.567514,33.737557],[134.56747,33.737564],[134.56744,33.737565],[134.567416,33.737565],[134.567384,33.737564],[134.567342,33.737564],[134.567298,33.737559],[134.567255,33.737547],[134.567223,33.737539],[134.567211,33.73754],[134.567202,33.737545],[134.567195,33.737553],[134.567178,33.73757],[134.567163,33.737577],[134.567141,33.737579],[134.567114,33.737578],[134.567056,33.737573],[134.567004,33.737571],[134.566985,33.737573],[134.566958,33.737581],[134.56695,33.737594],[134.566959,33.737608],[134.566978,33.737625],[134.567,33.737643],[134.567026,33.737661],[134.567058,33.737675],[134.567096,33.737687],[134.567135,33.737702],[134.567171,33.737722],[134.567211,33.737744],[134.567259,33.737766],[134.567302,33.737787],[134.56731,33.737791],[134.567314,33.737796],[134.567313,33.737805],[134.567297,33.737821],[134.567277,33.737831],[134.567215,33.73785],[134.567165,33.73786],[134.567138,33.737861],[134.567117,33.737859],[134.567083,33.73786],[134.567041,33.737864],[134.566997,33.737867],[134.56695,33.737868],[134.566899,33.737863],[134.566842,33.737848],[134.566816,33.737838],[134.566794,33.737824],[134.566777,33.737811],[134.566766,33.737795],[134.566755,33.73777],[134.566749,33.737763],[134.566737,33.737766],[134.566716,33.737777],[134.566691,33.737796],[134.56663,33.737845],[134.566574,33.737886],[134.56653,33.737913],[134.566497,33.737935],[134.566472,33.737958],[134.566456,33.737982],[134.566446,33.738009],[134.566448,33.738035],[134.566454,33.738049],[134.566467,33.738064],[134.566507,33.738096],[134.566555,33.738129],[134.566596,33.73816],[134.566635,33.738185],[134.566649,33.738193],[134.566662,33.7382],[134.566675,33.738204],[134.566711,33.738219],[134.566744,33.738229],[134.566783,33.738233],[134.566825,33.738233],[134.566848,33.738238],[134.566871,33.738245],[134.566894,33.738255],[134.566911,33.738266],[134.566931,33.738281],[134.566953,33.738304],[134.566963,33.738325],[134.566967,33.738348],[134.566969,33.738386],[134.566964,33.738421],[134.566956,33.738453],[134.566946,33.738477],[134.566933,33.738501],[134.566911,33.738529],[134.566886,33.738551],[134.566854,33.738572],[134.566791,33.738609],[134.566734,33.738637],[134.566681,33.73866],[134.566629,33.73868],[134.566582,33.738696],[134.56653,33.73871],[134.566489,33.738723],[134.566481,33.738728],[134.566474,33.738736],[134.56647,33.738768],[134.566468,33.738814],[134.566469,33.738887],[134.56647,33.738923],[134.566475,33.738953],[134.566482,33.738966],[134.566495,33.738981],[134.566515,33.738993],[134.566525,33.738998],[134.566534,33.739005],[134.566539,33.739012],[134.566537,33.739028],[134.566531,33.73904],[134.566525,33.739049],[134.566516,33.73906],[134.566517,33.739081],[134.566521,33.739096],[134.566531,33.739119],[134.566553,33.739159],[134.566573,33.739193],[134.566589,33.739219],[134.566605,33.739238],[134.566626,33.739256],[134.566645,33.739268],[134.566662,33.739274],[134.566675,33.73928],[134.566683,33.739286],[134.566687,33.739295],[134.566689,33.739316],[134.566694,33.739332],[134.566701,33.739354],[134.566718,33.739394],[134.566735,33.739433],[134.566753,33.739484],[134.566771,33.739531],[134.566787,33.739562],[134.566801,33.73958],[134.566814,33.739592],[134.56686,33.739619],[134.566924,33.739651],[134.566976,33.739676],[134.567089,33.739722],[134.567181,33.739759],[134.567219,33.739781],[134.56725,33.739803],[134.567271,33.739824],[134.5673,33.739859],[134.567314,33.739872],[134.567332,33.739883],[134.567354,33.739892],[134.567429,33.739902],[134.567512,33.739899],[134.567583,33.739894],[134.567653,33.739892],[134.567731,33.739897],[134.567768,33.739896],[134.567796,33.739888],[134.567818,33.739875],[134.567851,33.739844],[134.567866,33.739831],[134.567885,33.73982],[134.567905,33.739814],[134.567957,33.739809],[134.568015,33.739812],[134.568087,33.739817],[134.568126,33.73982],[134.568161,33.739826],[134.568185,33.739836],[134.5682,33.73985],[134.568209,33.739865],[134.568211,33.739881],[134.568209,33.739896],[134.568202,33.739906],[134.568182,33.739915],[134.568159,33.739918],[134.568132,33.739922],[134.568106,33.739926],[134.568099,33.739933],[134.568098,33.739941],[134.568102,33.739945],[134.568106,33.73995],[134.568137,33.739958],[134.5682,33.739964],[134.568257,33.739971],[134.568293,33.739974],[134.568343,33.739973],[134.568383,33.739968],[134.568425,33.739961],[134.568443,33.739964],[134.568457,33.739972],[134.568464,33.739984],[134.568466,33.739997],[134.568458,33.740024],[134.568452,33.740041],[134.568441,33.74007],[134.568442,33.740093],[134.568436,33.740117],[134.568429,33.740128],[134.568416,33.740138],[134.568394,33.740146],[134.568362,33.740142],[134.568327,33.740141],[134.568297,33.740139],[134.568253,33.740141],[134.568203,33.740148],[134.568144,33.740154],[134.568102,33.740156],[134.568027,33.740143],[134.567954,33.740131],[134.567818,33.740118],[134.567737,33.740113],[134.56767,33.740108],[134.567642,33.740109],[134.567615,33.740113],[134.567602,33.740117],[134.567593,33.740124],[134.567586,33.740136],[134.567589,33.740159],[134.567601,33.740196],[134.567618,33.740236],[134.567628,33.740265],[134.567631,33.740279],[134.567633,33.7403],[134.567626,33.740316],[134.567619,33.740325],[134.567608,33.740333],[134.56758,33.740345],[134.567542,33.740355],[134.567495,33.740365],[134.567453,33.74037],[134.567407,33.740377],[134.567374,33.740383],[134.56734,33.740397],[134.567325,33.740408],[134.567314,33.740423],[134.567306,33.74044],[134.567308,33.740458],[134.567309,33.740471],[134.567311,33.740498],[134.567308,33.740519],[134.567297,33.74054],[134.567279,33.740562],[134.567254,33.740586],[134.567221,33.740616],[134.567195,33.740634],[134.567175,33.740652],[134.567142,33.740681],[134.567115,33.740712],[134.567075,33.740764],[134.56704,33.740816],[134.566992,33.740882],[134.566947,33.740943],[134.56691,33.741],[134.566888,33.741038],[134.566882,33.741059],[134.56688,33.741084],[134.566887,33.74115],[134.566899,33.741246],[134.566904,33.741371],[134.566909,33.74143],[134.566917,33.741477],[134.566927,33.741516],[134.566958,33.741602],[134.567001,33.741703],[134.567026,33.741752],[134.567059,33.741803],[134.567099,33.741845],[134.567144,33.741885],[134.567195,33.741919],[134.567256,33.741951],[134.567323,33.741978],[134.567388,33.742],[134.567464,33.742018],[134.567533,33.742028],[134.567599,33.742031],[134.567666,33.742035],[134.567725,33.742041],[134.567776,33.742045],[134.56783,33.742044],[134.56789,33.742037],[134.567923,33.742036],[134.567939,33.742041],[134.567953,33.742049],[134.567995,33.742083],[134.56803,33.742116],[134.568061,33.742144],[134.568092,33.742168],[134.568115,33.742188],[134.568131,33.742215],[134.568137,33.742248],[134.568132,33.74231],[134.568129,33.742336],[134.56813,33.742373],[134.568126,33.742401],[134.568115,33.742425],[134.568103,33.742444],[134.568091,33.742455],[134.568074,33.742475],[134.568066,33.742501],[134.568063,33.742547],[134.568068,33.742597],[134.568078,33.742639],[134.568095,33.742676],[134.568112,33.742698],[134.568115,33.7427],[134.568137,33.742715],[134.568198,33.742741],[134.56827,33.742767],[134.568301,33.74278],[134.568327,33.742799],[134.568344,33.742816],[134.568369,33.742854],[134.568393,33.742899],[134.56841,33.742934],[134.568434,33.74299],[134.56846,33.743059],[134.568479,33.743128],[134.568489,33.743203],[134.568481,33.743257],[134.568465,33.743321],[134.568454,33.743366],[134.568453,33.74341],[134.568457,33.743457],[134.568468,33.743495],[134.568484,33.743529],[134.568499,33.743551],[134.568528,33.743585],[134.568564,33.743616],[134.568608,33.743646],[134.568649,33.743671],[134.568715,33.743708],[134.568783,33.743743],[134.568862,33.743777],[134.568927,33.743802],[134.568999,33.743825],[134.569073,33.743847],[134.569161,33.743873],[134.569256,33.743902],[134.569333,33.743919],[134.569414,33.743926],[134.569468,33.743921],[134.569511,33.743913],[134.569548,33.743902],[134.569583,33.743888],[134.569652,33.74385],[134.569682,33.74383],[134.569722,33.743793],[134.569758,33.743763],[134.569783,33.743749],[134.569819,33.743732],[134.569853,33.743727],[134.569898,33.743725],[134.569952,33.74373],[134.569999,33.743739],[134.570033,33.743749],[134.57008,33.743762],[134.570127,33.74377],[134.570169,33.743772],[134.570235,33.743758],[134.570342,33.743732],[134.570415,33.743713],[134.570467,33.743702],[134.570517,33.743699],[134.570566,33.743707],[134.570623,33.743716],[134.570668,33.74373],[134.570712,33.743746],[134.570755,33.743768],[134.570789,33.743792],[134.570831,33.743825],[134.570849,33.743842],[134.570863,33.743858],[134.570877,33.74388],[134.570888,33.743907],[134.570893,33.743924],[134.570891,33.74394],[134.570885,33.743959],[134.570863,33.744009],[134.570846,33.744058],[134.570841,33.744094],[134.570852,33.744123],[134.570866,33.744143],[134.570889,33.744163],[134.570904,33.744176],[134.570915,33.744193],[134.57092,33.744206],[134.570919,33.744216],[134.570903,33.744276],[134.570898,33.744306],[134.570899,33.744338],[134.570911,33.744403],[134.570922,33.744471],[134.570927,33.744557],[134.570926,33.744593],[134.570929,33.744614],[134.570938,33.744631],[134.570959,33.744651],[134.570976,33.744665],[134.571008,33.744688],[134.571019,33.744698],[134.571024,33.744708],[134.571024,33.744719],[134.571019,33.74473],[134.571012,33.744736],[134.570995,33.744746],[134.570971,33.744756],[134.570944,33.744763],[134.570928,33.74477],[134.570919,33.744777],[134.570912,33.744789],[134.570907,33.744801],[134.570898,33.744833],[134.570891,33.744881],[134.570892,33.744917],[134.570896,33.744947],[134.570904,33.744983],[134.570931,33.745056],[134.570965,33.745132],[134.570999,33.7452],[134.571028,33.745259],[134.57105,33.745318],[134.571055,33.745357],[134.571052,33.745446],[134.571045,33.745523],[134.571046,33.745571],[134.571052,33.745617],[134.571062,33.74566],[134.571089,33.745735],[134.571121,33.745808],[134.571155,33.745877],[134.571193,33.74593],[134.571215,33.745956],[134.571233,33.745976],[134.571243,33.745985],[134.571248,33.745995],[134.571253,33.746013],[134.571257,33.746034],[134.571265,33.746073],[134.57128,33.746125],[134.571292,33.746156],[134.571308,33.746186],[134.571326,33.746219],[134.571331,33.746235],[134.571336,33.746249],[134.571335,33.746266],[134.571332,33.746311],[134.571341,33.746369],[134.571354,33.746423],[134.571373,33.746472],[134.571394,33.746515],[134.571421,33.746555],[134.571451,33.746593],[134.571479,33.746618],[134.571499,33.746636],[134.571511,33.746648],[134.571519,33.746661],[134.571529,33.746692],[134.571535,33.74673],[134.571537,33.746767],[134.571532,33.746826],[134.571529,33.746856],[134.57153,33.746876],[134.571534,33.746893],[134.571547,33.746914],[134.571561,33.746932],[134.571572,33.746949],[134.571576,33.746964],[134.571573,33.746982],[134.571565,33.746999],[134.571557,33.747013],[134.57154,33.747034],[134.571531,33.747054],[134.571525,33.747074],[134.571513,33.747098],[134.571502,33.747108],[134.571456,33.747135],[134.571439,33.747144],[134.571426,33.747152],[134.571415,33.747162],[134.5714,33.747179],[134.57137,33.747239],[134.571352,33.747276],[134.571346,33.747292],[134.571339,33.747309],[134.571337,33.747327],[134.571339,33.747358],[134.571339,33.747391],[134.571343,33.74741],[134.57135,33.747443],[134.571358,33.747469],[134.571368,33.74749],[134.571397,33.747549],[134.571428,33.747603],[134.571494,33.747692],[134.571534,33.74774],[134.57161,33.747825],[134.571681,33.747904],[134.571753,33.747986],[134.571786,33.74802],[134.571807,33.748037],[134.571823,33.748044],[134.571847,33.748052],[134.571878,33.748058],[134.571909,33.74806],[134.571947,33.748063],[134.572043,33.748067],[134.572094,33.748072],[134.57214,33.748083],[134.572181,33.748099],[134.572215,33.748116],[134.572258,33.748152],[134.572291,33.748186],[134.572331,33.748228],[134.572378,33.74829],[134.572398,33.748309],[134.572412,33.748324],[134.572433,33.748339],[134.572452,33.748351],[134.572542,33.748393],[134.57258,33.748415],[134.572612,33.748438],[134.572637,33.748463],[134.572655,33.748493],[134.572667,33.748521],[134.572674,33.748546],[134.572678,33.74858],[134.572683,33.748596],[134.572687,33.748606],[134.572718,33.74866],[134.572738,33.748699],[134.572754,33.748748],[134.572765,33.7488],[134.572769,33.748851],[134.572764,33.7489],[134.572756,33.748942],[134.572745,33.749017],[134.572742,33.749066],[134.572737,33.749094],[134.572729,33.74911],[134.572725,33.749116],[134.572715,33.749122],[134.572705,33.749125],[134.572674,33.749126],[134.572639,33.749121],[134.572563,33.74911],[134.572504,33.749107],[134.572484,33.74911],[134.572471,33.749115],[134.572435,33.749147],[134.572389,33.7492],[134.57237,33.749229],[134.572355,33.749264],[134.572316,33.749382],[134.572271,33.749542],[134.572235,33.749684],[134.572222,33.749748],[134.572205,33.74988],[134.5722,33.749953],[134.57219,33.750106],[134.572183,33.750165],[134.572179,33.750186],[134.572173,33.7502],[134.57216,33.750224],[134.572153,33.750243],[134.572146,33.750277],[134.572142,33.750344],[134.572146,33.750391],[134.572166,33.750556],[134.572193,33.750841],[134.572216,33.751088],[134.572228,33.751169],[134.572239,33.751215],[134.572243,33.751227],[134.572249,33.751235],[134.572268,33.751264],[134.572278,33.751277],[134.572287,33.751291],[134.572295,33.75131],[134.572324,33.75139],[134.572345,33.751464],[134.572373,33.751576],[134.572395,33.751678],[134.572438,33.751861],[134.572466,33.752008],[134.572515,33.752235],[134.572525,33.752268],[134.572534,33.752293],[134.572543,33.752311],[134.572548,33.752321],[134.572569,33.752349],[134.572608,33.752412],[134.572617,33.752433],[134.572625,33.752449],[134.57266,33.752552],[134.572683,33.752612],[134.572719,33.752683],[134.572757,33.752744],[134.572779,33.752774],[134.572806,33.752801],[134.572845,33.752831],[134.572864,33.752841],[134.572888,33.75285],[134.57293,33.752861],[134.573004,33.752874],[134.573019,33.752877],[134.573036,33.752874],[134.573065,33.752864],[134.573118,33.752846],[134.573145,33.752841],[134.573172,33.752845],[134.573198,33.752855],[134.573221,33.752867],[134.573243,33.752882],[134.573264,33.752901],[134.573285,33.752925],[134.573325,33.752971],[134.573342,33.752986],[134.573361,33.752998],[134.573374,33.753004],[134.573385,33.753008],[134.573408,33.753016],[134.573433,33.753021],[134.573465,33.753026],[134.573494,33.753031],[134.573515,33.753034],[134.573538,33.753036],[134.573581,33.753038],[134.573619,33.753035],[134.573633,33.753033],[134.573648,33.753029],[134.573673,33.753021],[134.57372,33.753005],[134.573769,33.752993],[134.573798,33.752982],[134.573821,33.75297],[134.573835,33.75296],[134.573849,33.752947],[134.573877,33.752905],[134.573907,33.752863],[134.573918,33.752854],[134.573929,33.752847],[134.573944,33.752841],[134.573959,33.752836],[134.573996,33.752827],[134.574071,33.752819],[134.574074,33.752818],[134.574093,33.752813],[134.574121,33.75281],[134.574136,33.752815],[134.574162,33.752831],[134.574185,33.752855],[134.574186,33.75286],[134.574178,33.75287],[134.574157,33.752892],[134.574141,33.752913],[134.574135,33.752928],[134.574136,33.752934],[134.574142,33.752939],[134.574153,33.752943],[134.574188,33.752958],[134.574224,33.752986],[134.574237,33.753003],[134.574251,33.753035],[134.574264,33.753054],[134.574276,33.753064],[134.574296,33.753073],[134.574318,33.753079],[134.574344,33.753081],[134.574404,33.75308],[134.574474,33.753072],[134.574514,33.753062],[134.574582,33.753032],[134.574615,33.75302],[134.574641,33.753015],[134.574671,33.753016],[134.574691,33.753022],[134.574707,33.75303],[134.574739,33.753054],[134.574791,33.753096],[134.574802,33.753109],[134.574813,33.75313],[134.574816,33.753149],[134.574815,33.753166],[134.574814,33.75318],[134.574806,33.753194],[134.574787,33.753215],[134.574741,33.753251],[134.574689,33.753298],[134.574649,33.753353],[134.574633,33.753376],[134.574623,33.753395],[134.574616,33.753415],[134.574613,33.753434],[134.574615,33.75345],[134.574621,33.753462],[134.574627,33.753469],[134.574637,33.753476],[134.574652,33.75348],[134.574673,33.753482],[134.574721,33.753486],[134.574759,33.753491],[134.57477,33.753493],[134.574778,33.753499],[134.574783,33.753506],[134.574785,33.753513],[134.574787,33.753525],[134.574785,33.753534],[134.574777,33.753548],[134.574763,33.753565],[134.57475,33.753575],[134.574731,33.753586],[134.574718,33.753593],[134.574704,33.753598],[134.574673,33.753603],[134.574616,33.753617],[134.5746,33.753622],[134.574589,33.753628],[134.574581,33.753636],[134.574575,33.753646],[134.574569,33.753664],[134.574566,33.753684],[134.574569,33.753707],[134.574577,33.753736],[134.574587,33.753761],[134.574603,33.753789],[134.574616,33.753804],[134.574632,33.753818],[134.574651,33.753832],[134.574671,33.75384],[134.574688,33.753847],[134.574709,33.753851],[134.574729,33.753852],[134.574763,33.753853],[134.574797,33.753851],[134.574887,33.753843],[134.574991,33.75383],[134.575012,33.753827],[134.575032,33.75382],[134.5751,33.753793],[134.575163,33.753761],[134.575197,33.753748],[134.575215,33.753744],[134.575233,33.753738],[134.575269,33.753732],[134.575303,33.753731],[134.575331,33.753734],[134.575355,33.753741],[134.575379,33.753751],[134.575397,33.753765],[134.575414,33.753785],[134.575422,33.753801],[134.575431,33.753824],[134.575437,33.753848],[134.575436,33.753876],[134.575432,33.7539],[134.575424,33.753924],[134.575414,33.753949],[134.575401,33.753968],[134.57538,33.753991],[134.575358,33.754008],[134.575332,33.754022],[134.575322,33.754028],[134.575302,33.754033],[134.575283,33.754038],[134.575266,33.75404],[134.57522,33.75404],[134.575138,33.754034],[134.5751,33.754028],[134.575093,33.75403],[134.575084,33.754035],[134.575059,33.754059],[134.57503,33.754077],[134.575002,33.754094],[134.574959,33.754114],[134.574903,33.754134],[134.574751,33.754188],[134.574553,33.754265],[134.574479,33.7543],[134.574453,33.754312],[134.57444,33.754322],[134.574433,33.754329],[134.574431,33.754336],[134.574428,33.754364],[134.574431,33.754392],[134.574437,33.75442],[134.57445,33.754482],[134.574452,33.754499],[134.574449,33.75452],[134.574441,33.754546],[134.574422,33.754587],[134.574393,33.75465],[134.574373,33.754702],[134.57437,33.754725],[134.574373,33.754758],[134.574392,33.754862],[134.574406,33.754966],[134.574409,33.755061],[134.574408,33.755179],[134.574416,33.755289],[134.574425,33.755369],[134.574422,33.755399],[134.574417,33.755425],[134.574412,33.755436],[134.574406,33.755444],[134.574392,33.755453],[134.57438,33.755459],[134.574365,33.755466],[134.574365,33.75547],[134.574369,33.755474],[134.57438,33.755482],[134.574388,33.755494],[134.574391,33.755506],[134.574387,33.755529],[134.574383,33.755541],[134.574375,33.755556],[134.574361,33.755569],[134.57433,33.755593],[134.574302,33.755612],[134.574211,33.755661],[134.574188,33.755672],[134.574166,33.75568],[134.574137,33.75569],[134.57411,33.755693],[134.57409,33.755689],[134.574081,33.755685],[134.574071,33.755677],[134.574059,33.755674],[134.574031,33.755685],[134.573976,33.755715],[134.573907,33.755757],[134.573841,33.755802],[134.573789,33.755843],[134.573706,33.755915],[134.573654,33.755948],[134.573523,33.756029],[134.573351,33.756151],[134.573328,33.756165],[134.573303,33.756178],[134.573172,33.756237],[134.573097,33.756267],[134.573022,33.75629],[134.57295,33.756305],[134.572877,33.756312],[134.572809,33.756312],[134.572744,33.756308],[134.572625,33.756302],[134.572572,33.756306],[134.572523,33.756316],[134.572477,33.756332],[134.572433,33.756354],[134.57239,33.756382],[134.572346,33.756418],[134.572302,33.756458],[134.572257,33.756504],[134.572168,33.756611],[134.572078,33.756735],[134.571993,33.756867],[134.571916,33.756996],[134.571882,33.75706],[134.571823,33.757181],[134.571782,33.757299],[134.571769,33.757357],[134.57176,33.757415],[134.571755,33.757477],[134.571758,33.757606],[134.571765,33.757673],[134.571777,33.75774],[134.571794,33.757804],[134.571817,33.757865],[134.571846,33.757919],[134.57188,33.757967],[134.571918,33.758007],[134.571962,33.758039],[134.572009,33.758062],[134.572056,33.758077],[134.572105,33.758086],[134.572193,33.758099],[134.572227,33.758108],[134.572252,33.758125],[134.572271,33.758147],[134.572303,33.758198],[134.572324,33.758221],[134.572349,33.758241],[134.572378,33.758257],[134.572409,33.758268],[134.572434,33.758273],[134.572455,33.758271],[134.572466,33.758264],[134.572474,33.758238],[134.572481,33.758222],[134.572496,33.758209],[134.572521,33.758201],[134.572552,33.758198],[134.572584,33.758202],[134.572611,33.758213],[134.572627,33.758232],[134.572629,33.758261],[134.57262,33.758295],[134.572598,33.758367],[134.572597,33.758397],[134.572608,33.758419],[134.572629,33.758435],[134.572655,33.758446],[134.5727,33.758466],[134.57271,33.758479],[134.572714,33.758493],[134.572715,33.75852],[134.572722,33.75853],[134.572734,33.758537],[134.572769,33.758549],[134.572786,33.758562],[134.572797,33.758585],[134.572799,33.75862],[134.572793,33.758704],[134.572793,33.758742],[134.5728,33.75877],[134.572817,33.758785],[134.57284,33.758788],[134.572895,33.758784],[134.572919,33.758786],[134.572934,33.758799],[134.572943,33.75882],[134.572944,33.758845],[134.572937,33.758873],[134.572925,33.7589],[134.572905,33.758925],[134.572879,33.758946],[134.572849,33.758963],[134.572816,33.758973],[134.572782,33.758976],[134.572748,33.758973],[134.572683,33.75896],[134.572656,33.758959],[134.572633,33.758967],[134.572616,33.75899],[134.572605,33.759023],[134.572601,33.759062],[134.572605,33.759105],[134.572615,33.759146],[134.572632,33.759185],[134.572654,33.759217],[134.572679,33.759244],[134.572704,33.759264],[134.572728,33.759276],[134.572747,33.759281],[134.572764,33.75928],[134.572803,33.759271],[134.57283,33.759268],[134.572862,33.75927],[134.572901,33.759279],[134.572941,33.759295],[134.572979,33.759319],[134.573013,33.759353],[134.573038,33.759398],[134.573053,33.759448],[134.573053,33.759498],[134.573038,33.759543],[134.573003,33.759576],[134.572947,33.759594],[134.572875,33.759599],[134.572793,33.759595],[134.572706,33.759586],[134.572539,33.759569],[134.572399,33.75955],[134.572339,33.759535],[134.572287,33.759513],[134.57224,33.759483],[134.5722,33.759448],[134.572129,33.759378],[134.572095,33.759353],[134.57206,33.759339],[134.571986,33.759327],[134.571945,33.759319],[134.571901,33.7593],[134.571852,33.759271],[134.5718,33.759233],[134.571741,33.759193],[134.571676,33.759157],[134.571603,33.759131],[134.571522,33.75912],[134.571438,33.75912],[134.571356,33.759131],[134.571283,33.759147],[134.571225,33.759165],[134.571183,33.759185],[134.571155,33.759204],[134.571111,33.759244],[134.571083,33.759266],[134.57104,33.759291],[134.570987,33.759315],[134.570925,33.759339],[134.570858,33.759362],[134.570788,33.759378],[134.570717,33.759392],[134.570648,33.7594],[134.570522,33.759419],[134.570468,33.759433],[134.57042,33.759454],[134.570379,33.759479],[134.570342,33.759509],[134.570307,33.759542],[134.570236,33.759611],[134.570161,33.759686],[134.570085,33.759769],[134.570012,33.759867],[134.569943,33.759972],[134.569912,33.760025],[134.569855,33.760133],[134.569807,33.76025],[134.569769,33.760386],[134.569742,33.76054],[134.569723,33.760693],[134.569721,33.760717],[134.569711,33.760833],[134.569704,33.760963],[134.569701,33.76109],[134.569702,33.761216],[134.56971,33.76134],[134.569724,33.761459],[134.569745,33.761584],[134.569771,33.761724],[134.569802,33.761874],[134.569837,33.762018],[134.56987,33.762143],[134.56989,33.762198],[134.569934,33.762303],[134.569987,33.762404],[134.570043,33.762499],[134.570095,33.762582],[134.570141,33.762656],[134.570184,33.762724],[134.57018,33.762747],[134.570176,33.762758],[134.570169,33.762767],[134.570158,33.762774],[134.570121,33.762779],[134.57007,33.762778],[134.570011,33.762781],[134.569951,33.762787],[134.569901,33.762799],[134.569882,33.762804],[134.569852,33.762819],[134.569825,33.762835],[134.569673,33.762911],[134.569648,33.762924],[134.569665,33.762944],[134.569673,33.762939],[134.569686,33.762932],[134.569682,33.762929],[134.569686,33.762927],[134.569689,33.762924],[134.569696,33.76293],[134.569701,33.762931],[134.569716,33.762938],[134.569733,33.762942],[134.56975,33.762943],[134.569775,33.762943],[134.569844,33.76294],[134.569929,33.762934],[134.570022,33.762926],[134.570117,33.762922],[134.570209,33.762922],[134.570297,33.762927],[134.570382,33.762937],[134.570457,33.762957],[134.570556,33.762989],[134.57062,33.763015],[134.570664,33.763031],[134.570716,33.76305],[134.570771,33.763031],[134.570801,33.763025],[134.570835,33.763026],[134.570874,33.763034],[134.570917,33.76305],[134.571017,33.763103],[134.571131,33.763167],[134.571247,33.763228],[134.571301,33.763261],[134.571347,33.763297],[134.571382,33.763339],[134.571404,33.763387],[134.571416,33.763438],[134.571422,33.76349],[134.571434,33.763581],[134.571444,33.763614],[134.57148,33.763664],[134.571524,33.763719],[134.571548,33.763755],[134.57157,33.763798],[134.57159,33.763846],[134.57162,33.763942],[134.571631,33.764029],[134.57163,33.764069],[134.571626,33.764147],[134.571946,33.764105],[134.571957,33.764167],[134.571651,33.764207],[134.571756,33.764775],[134.572082,33.764681],[134.572092,33.764706],[134.571754,33.764804],[134.571785,33.765125],[134.571875,33.765207],[134.572104,33.765411],[134.572037,33.765456],[134.571862,33.765365],[134.571808,33.765444],[134.571661,33.765374],[134.571607,33.765552],[134.571572,33.765567],[134.571576,33.765671],[134.57157,33.765762],[134.57157,33.765829],[134.571571,33.765901],[134.571575,33.765978],[134.57158,33.766059],[134.571582,33.766139],[134.571576,33.766211],[134.571555,33.766269],[134.571539,33.766294],[134.571532,33.766303],[134.571548,33.766314],[134.571534,33.766331],[134.571488,33.766378],[134.57144,33.766427],[134.571421,33.766452],[134.571411,33.766477],[134.571406,33.7665],[134.571411,33.766554],[134.571416,33.766615],[134.571411,33.766642],[134.571398,33.766674],[134.571383,33.766707],[134.571337,33.766778],[134.571371,33.766862],[134.571424,33.766862],[134.571434,33.76686],[134.571464,33.766848],[134.571493,33.766834],[134.571581,33.766774],[134.571678,33.766707],[134.571804,33.766631],[134.571948,33.766547],[134.571953,33.766539],[134.571962,33.766502],[134.571967,33.766464],[134.571966,33.766394],[134.571955,33.76634],[134.571942,33.766293],[134.571927,33.766233],[134.571914,33.766163],[134.571908,33.766098],[134.57191,33.766048],[134.571919,33.766002],[134.571935,33.765944],[134.571955,33.76587],[134.571978,33.765787],[134.57197,33.76565],[134.572061,33.765646],[134.572064,33.765698],[134.57229,33.76572],[134.572419,33.765726],[134.572554,33.765726],[134.57267,33.765724],[134.572746,33.765716],[134.572773,33.765709],[134.572795,33.765701],[134.572814,33.765689],[134.57283,33.765673],[134.57286,33.765633],[134.572885,33.765585],[134.572908,33.765529],[134.572933,33.765463],[134.572966,33.765378],[134.573005,33.765274],[134.573041,33.765197],[134.573154,33.764948],[134.573237,33.764973],[134.573381,33.765023],[134.573389,33.765101],[134.573581,33.765192],[134.574006,33.765378],[134.574137,33.765187],[134.573499,33.764886],[134.573386,33.764902],[134.57328,33.764883],[134.573207,33.764857],[134.573203,33.764779],[134.573033,33.764702],[134.572957,33.764764],[134.572937,33.764747],[134.572976,33.764715],[134.572961,33.764701],[134.572922,33.764733],[134.572902,33.764717],[134.573037,33.764605],[134.573008,33.764509],[134.57241,33.764634],[134.572397,33.764589],[134.572812,33.764487],[134.572787,33.764361],[134.572718,33.764355],[134.57273,33.764297],[134.572492,33.764179],[134.572458,33.764055],[134.572509,33.764045],[134.572536,33.764144],[134.572815,33.764288],[134.572819,33.764311],[134.573386,33.764311],[134.573677,33.76419],[134.57396,33.763844],[134.573945,33.763779],[134.573942,33.763744],[134.573941,33.763709],[134.573946,33.763673],[134.573959,33.763634],[134.573978,33.763594],[134.574003,33.763555],[134.574036,33.763517],[134.574075,33.763483],[134.574123,33.763451],[134.574173,33.763424],[134.574206,33.76341],[134.574223,33.763403],[134.574273,33.763388],[134.574297,33.763383],[134.574316,33.763381],[134.57433,33.76338],[134.574351,33.763381],[134.574409,33.763393],[134.574441,33.763397],[134.574481,33.763397],[134.574531,33.763387],[134.574589,33.76337],[134.574651,33.763345],[134.574715,33.763314],[134.574776,33.763278],[134.57483,33.763237],[134.574879,33.763193],[134.574926,33.763147],[134.574971,33.763098],[134.57506,33.762998],[134.575109,33.762947],[134.575163,33.762896],[134.575223,33.762844],[134.575291,33.762793],[134.575367,33.762741],[134.575544,33.762635],[134.575737,33.762522],[134.575933,33.762397],[134.576127,33.762278],[134.576222,33.762227],[134.576313,33.762182],[134.576474,33.762108],[134.576535,33.762076],[134.576556,33.762061],[134.576579,33.762042],[134.576591,33.762026],[134.576601,33.762005],[134.576605,33.76199],[134.576608,33.761969],[134.576608,33.761909],[134.57661,33.761899],[134.576616,33.761891],[134.576622,33.761886],[134.576636,33.761883],[134.576708,33.761879],[134.576729,33.761877],[134.576751,33.761873],[134.576769,33.761868],[134.576795,33.761857],[134.576818,33.761841],[134.576835,33.761826],[134.576874,33.761783],[134.576954,33.761686],[134.576971,33.761666],[134.576998,33.76164],[134.577018,33.761624],[134.577046,33.761602],[134.577072,33.761586],[134.5771,33.761571],[134.577131,33.761559],[134.577159,33.761548],[134.577223,33.761531],[134.577293,33.76152],[134.577366,33.761513],[134.577445,33.76151],[134.577527,33.761512],[134.577613,33.761518],[134.577796,33.761539],[134.577989,33.761568],[134.578193,33.761598],[134.578296,33.761609],[134.578499,33.761634],[134.578588,33.761649],[134.578634,33.76166],[134.578669,33.761669],[134.578705,33.761681],[134.578734,33.761693],[134.578767,33.761711],[134.578789,33.761723],[134.578837,33.761757],[134.578928,33.761838],[134.579031,33.761928],[134.57909,33.761973],[134.579155,33.762014],[134.579226,33.76205],[134.579302,33.762078],[134.579381,33.7621],[134.579463,33.762116],[134.57954,33.762124],[134.579625,33.762133],[134.579701,33.762136],[134.579774,33.762135],[134.579845,33.762129],[134.579915,33.762116],[134.579985,33.762098],[134.580055,33.762072],[134.580194,33.762016],[134.580263,33.761996],[134.580296,33.76199],[134.580331,33.761987],[134.580361,33.761988],[134.580395,33.761993],[134.580428,33.762002],[134.580458,33.762012],[134.580518,33.762042],[134.580575,33.762081],[134.580628,33.762124],[134.580675,33.76217],[134.580717,33.762217],[134.580747,33.762262],[134.580757,33.762282],[134.580766,33.762303],[134.58077,33.762313],[134.580772,33.762322],[134.580773,33.76233],[134.580772,33.762338],[134.58077,33.762348],[134.580767,33.762354],[134.580764,33.762359],[134.580761,33.762364],[134.580739,33.762386],[134.580688,33.762429],[134.580677,33.762444],[134.580671,33.762457],[134.580666,33.762476],[134.580665,33.762492],[134.580668,33.762514],[134.580672,33.762534],[134.580687,33.762581],[134.58071,33.762631],[134.580767,33.76273],[134.5808,33.762775],[134.580834,33.762815],[134.580853,33.762834],[134.58087,33.762848],[134.580889,33.762861],[134.580907,33.762873],[134.580925,33.762881],[134.580943,33.762888],[134.580978,33.762896],[134.581033,33.762906],[134.581042,33.76291],[134.581049,33.762915],[134.581054,33.762922],[134.581055,33.762929],[134.581055,33.762939],[134.581053,33.76295],[134.581047,33.76297],[134.581045,33.762975],[134.581035,33.762998],[134.581025,33.76302],[134.581016,33.763042],[134.581014,33.763051],[134.581013,33.76306],[134.581014,33.763067],[134.581018,33.763073],[134.581024,33.763078],[134.581034,33.763082],[134.581039,33.763085],[134.581048,33.763089],[134.581054,33.763094],[134.581064,33.76311],[134.581073,33.763123],[134.581076,33.763125],[134.58108,33.763127],[134.581083,33.763127],[134.581088,33.763127],[134.581091,33.763126],[134.581093,33.763123],[134.581101,33.763113],[134.581111,33.763102],[134.581115,33.763098],[134.581121,33.763096],[134.58113,33.763092],[134.581157,33.763084],[134.581172,33.763083],[134.581188,33.763081],[134.581204,33.763081],[134.58122,33.763083],[134.581234,33.763086],[134.581246,33.763088],[134.581254,33.763092],[134.581261,33.763097],[134.581262,33.763103],[134.581261,33.763109],[134.581255,33.763118],[134.581248,33.763124],[134.581237,33.763135],[134.581227,33.763142],[134.581171,33.763182],[134.581163,33.76319],[134.581154,33.763198],[134.58115,33.763204],[134.581147,33.763209],[134.581145,33.763216],[134.581144,33.763223],[134.581144,33.763229],[134.581147,33.763236],[134.581152,33.763242],[134.581157,33.763248],[134.581164,33.763252],[134.58117,33.763255],[134.581183,33.763259],[134.581193,33.763262],[134.581219,33.763267],[134.581263,33.763275],[134.581324,33.763286],[134.58134,33.76329],[134.58135,33.763298],[134.581349,33.763306],[134.581343,33.763315],[134.581311,33.763337],[134.581269,33.763364],[134.581226,33.763389],[134.581208,33.763405],[134.581197,33.763418],[134.581192,33.76343],[134.58119,33.763447],[134.581194,33.763464],[134.5812,33.763478],[134.581244,33.763548],[134.581255,33.763569],[134.581263,33.763589],[134.581267,33.763613],[134.581269,33.763633],[134.581267,33.763681],[134.581261,33.763715],[134.581256,33.763737],[134.581253,33.763762],[134.581252,33.763772],[134.581253,33.763773],[134.581258,33.763773],[134.581273,33.763761],[134.581286,33.763749],[134.581294,33.763742],[134.581307,33.763735],[134.581315,33.763731],[134.581329,33.763729],[134.58134,33.763729],[134.58135,33.763734],[134.581361,33.763742],[134.581368,33.763751],[134.581377,33.763764],[134.581383,33.763778],[134.581388,33.763795],[134.581392,33.763814],[134.581395,33.763839],[134.581395,33.763856],[134.581392,33.763883],[134.581388,33.763902],[134.581382,33.763928],[134.581375,33.763948],[134.581368,33.763968],[134.581358,33.763988],[134.58135,33.764002],[134.581339,33.764016],[134.581331,33.764023],[134.58132,33.764029],[134.581311,33.764026],[134.581302,33.76402],[134.581294,33.764012],[134.581285,33.763998],[134.581256,33.763936],[134.581242,33.763911],[134.581236,33.763905],[134.581227,33.763899],[134.581219,33.763898],[134.581211,33.763899],[134.581201,33.763905],[134.581193,33.763911],[134.581182,33.763924],[134.581173,33.763934],[134.581127,33.764004],[134.581067,33.764094],[134.581,33.764182],[134.580963,33.764218],[134.580926,33.764249],[134.580888,33.764275],[134.58081,33.764323],[134.580759,33.764393],[134.580728,33.764445],[134.580698,33.764496],[134.580615,33.764667],[134.58051,33.764904],[134.580412,33.765132],[134.580294,33.765369],[134.58026,33.765453],[134.58023,33.765535],[134.580206,33.765615],[134.580189,33.765692],[134.580183,33.765764],[134.580183,33.765833],[134.580192,33.765902],[134.580204,33.765974],[134.58022,33.766055],[134.580239,33.766149],[134.580261,33.766251],[134.580284,33.766344],[134.580305,33.76642],[134.580333,33.766491],[134.580374,33.766574],[134.580424,33.766671],[134.580471,33.766771],[134.580503,33.766858],[134.58053,33.766927],[134.580546,33.766953],[134.580564,33.766973],[134.580596,33.767],[134.580604,33.76701],[134.580603,33.767023],[134.580589,33.767037],[134.580543,33.767069],[134.580538,33.767073],[134.58051,33.767094],[134.580485,33.767118],[134.580478,33.767125],[134.580464,33.767142],[134.580451,33.767169],[134.580432,33.767227],[134.580416,33.767291],[134.580396,33.76736],[134.580371,33.767439],[134.580343,33.767526],[134.580321,33.767612],[134.580318,33.767652],[134.580318,33.767686],[134.580319,33.767691],[134.58033,33.767748],[134.580344,33.767813],[134.580352,33.767889],[134.580357,33.767972],[134.58037,33.768055],[134.58038,33.768094],[134.580408,33.768168],[134.580444,33.768232],[134.580481,33.768286],[134.580497,33.768312],[134.580511,33.768339],[134.580525,33.76839],[134.580532,33.768409],[134.580538,33.768417],[134.580542,33.768423],[134.580558,33.768428],[134.580578,33.768423],[134.580581,33.768422],[134.580636,33.768398],[134.580659,33.76839],[134.580677,33.768393],[134.580682,33.768407],[134.580678,33.768433],[134.580666,33.768467],[134.580647,33.768502],[134.580623,33.768537],[134.580596,33.768567],[134.580566,33.768593],[134.580533,33.768615],[134.58046,33.76865],[134.580377,33.768677],[134.580285,33.768695],[134.580237,33.768701],[134.580133,33.768706],[134.580031,33.768709],[134.57994,33.768717],[134.579863,33.768736],[134.579827,33.76875],[134.579761,33.768786],[134.579729,33.768808],[134.579675,33.76886],[134.579655,33.768892],[134.579639,33.768926],[134.579629,33.768961],[134.579623,33.768998],[134.579623,33.769072],[134.579633,33.769142],[134.579651,33.769216],[134.579667,33.7693],[134.579682,33.769391],[134.5797,33.76948],[134.579723,33.769558],[134.579756,33.769631],[134.579765,33.769646],[134.579803,33.769709],[134.57986,33.769793],[134.579919,33.769873],[134.579974,33.76994],[134.580031,33.770003],[134.580094,33.770068],[134.580165,33.77014],[134.580242,33.770211],[134.580316,33.770277],[134.580392,33.770344],[134.580469,33.770416],[134.580541,33.770493],[134.5806,33.770561],[134.580638,33.770612],[134.580668,33.770654],[134.580709,33.770696],[134.580766,33.770742],[134.580828,33.770794],[134.580889,33.770848],[134.580957,33.770905],[134.581036,33.770966],[134.581128,33.771029],[134.581222,33.771091],[134.581314,33.771146],[134.581407,33.771197],[134.581511,33.771251],[134.581625,33.771306],[134.58174,33.771362],[134.581844,33.771419],[134.581949,33.771475],[134.582005,33.771502],[134.582406,33.771637],[134.582479,33.771661],[134.582658,33.771719],[134.582818,33.771766],[134.582958,33.7718],[134.583089,33.771827],[134.583218,33.771851],[134.583348,33.771871],[134.583412,33.771879],[134.583537,33.771886],[134.583666,33.771886],[134.583802,33.771886],[134.583943,33.771886],[134.58408,33.771884],[134.584205,33.771877],[134.584266,33.77187],[134.584387,33.771848],[134.584515,33.77181],[134.584644,33.771762],[134.584767,33.771714],[134.584881,33.771666],[134.584989,33.771618],[134.585092,33.771564],[134.585182,33.771511],[134.585247,33.771465],[134.585291,33.771426],[134.585333,33.771389],[134.585385,33.771348],[134.585437,33.771304],[134.58546,33.771281],[134.585488,33.771235],[134.585509,33.771201],[134.585523,33.771195],[134.585541,33.771195],[134.585585,33.771216],[134.58564,33.771247],[134.585696,33.771271],[134.585722,33.771279],[134.585747,33.771281],[134.585768,33.771278],[134.585785,33.771268],[134.585797,33.771253],[134.585805,33.771231],[134.585807,33.771203],[134.585806,33.771171],[134.585788,33.77109],[134.585762,33.77101],[134.585744,33.770952],[134.585739,33.770932],[134.585739,33.770917],[134.585742,33.770904],[134.585761,33.770877],[134.585792,33.770852],[134.585809,33.770847],[134.585828,33.770848],[134.585844,33.770858],[134.585875,33.770897],[134.585906,33.770944],[134.58592,33.770965],[134.585936,33.770982],[134.585954,33.770995],[134.585973,33.771004],[134.585996,33.771007],[134.586024,33.771003],[134.58605,33.770996],[134.586121,33.770969],[134.586208,33.770935],[134.586254,33.770916],[134.586297,33.770895],[134.586331,33.770871],[134.586355,33.770844],[134.586362,33.770812],[134.586359,33.770779],[134.586348,33.770722],[134.586353,33.770704],[134.586369,33.770696],[134.586396,33.770694],[134.586426,33.770694],[134.586456,33.770691],[134.586481,33.770681],[134.586495,33.77066],[134.586501,33.77063],[134.586502,33.770556],[134.586505,33.770521],[134.586511,33.770488],[134.586522,33.770459],[134.586557,33.770401],[134.586603,33.770332],[134.586648,33.770249],[134.58668,33.770165],[134.586686,33.770125],[134.586687,33.770055],[134.586686,33.770023],[134.58669,33.769992],[134.586706,33.769936],[134.586713,33.769913],[134.586713,33.769895],[134.586702,33.769885],[134.586677,33.769882],[134.586605,33.76989],[134.586535,33.769897],[134.586511,33.769893],[134.586497,33.769883],[134.586487,33.76987],[134.58647,33.769834],[134.586446,33.769794],[134.586439,33.769775],[134.586441,33.769759],[134.586456,33.769748],[134.586485,33.769742],[134.586568,33.769736],[134.586607,33.769732],[134.586635,33.769725],[134.586646,33.769712],[134.586642,33.769696],[134.586628,33.769681],[134.586607,33.769668],[134.586584,33.769661],[134.586559,33.76966],[134.586513,33.769673],[134.586468,33.769683],[134.586446,33.769679],[134.586425,33.769669],[134.586408,33.769654],[134.586395,33.769634],[134.58639,33.769609],[134.586392,33.769588],[134.586392,33.76958],[134.586411,33.769515],[134.58644,33.769447],[134.586461,33.769384],[134.586472,33.76936],[134.586478,33.769351],[134.586485,33.769344],[134.586492,33.769341],[134.586502,33.76934],[134.586515,33.769342],[134.586522,33.769346],[134.586568,33.769372],[134.586578,33.769376],[134.586585,33.769377],[134.586592,33.769376],[134.586597,33.769375],[134.586606,33.769371],[134.586612,33.769361],[134.586615,33.769345],[134.586624,33.769264],[134.58663,33.769225],[134.586634,33.769211],[134.586641,33.769199],[134.586648,33.769193],[134.586659,33.769189],[134.58667,33.769189],[134.586682,33.769192],[134.586709,33.769202],[134.586727,33.769207],[134.58674,33.769209],[134.586753,33.769209],[134.58677,33.769208],[134.586784,33.769202],[134.586798,33.769193],[134.586812,33.769182],[134.586827,33.769167],[134.586881,33.769105],[134.58691,33.769078],[134.586922,33.769069],[134.586939,33.769059],[134.586997,33.769034],[134.587017,33.769026],[134.587025,33.769021],[134.587037,33.769014],[134.58705,33.769002],[134.587062,33.768988],[134.587073,33.768974],[134.587093,33.768939],[134.587111,33.7689],[134.587139,33.768819],[134.587156,33.76875],[134.587159,33.76872],[134.587156,33.768693],[134.587153,33.768678],[134.58715,33.768668],[134.587144,33.768656],[134.587135,33.768644],[134.587098,33.7686],[134.587082,33.768575],[134.587076,33.768565],[134.587071,33.768551],[134.587067,33.768536],[134.587066,33.768523],[134.587068,33.768494],[134.587083,33.768432],[134.587104,33.768368],[134.587112,33.768336],[134.587116,33.768306],[134.587113,33.768278],[134.587111,33.768263],[134.587105,33.768251],[134.587097,33.768237],[134.587088,33.768225],[134.58708,33.768217],[134.587064,33.768204],[134.587053,33.768196],[134.587036,33.768186],[134.587019,33.768178],[134.587005,33.768174],[134.586991,33.768169],[134.586976,33.768166],[134.586963,33.768164],[134.586947,33.768163],[134.586895,33.768167],[134.586871,33.768169],[134.586848,33.768167],[134.586835,33.768165],[134.586824,33.768161],[134.586812,33.768157],[134.5868,33.76815],[134.586774,33.768135],[134.586753,33.76812],[134.586708,33.768085],[134.586683,33.768067],[134.586673,33.768061],[134.586655,33.768051],[134.586635,33.768043],[134.586619,33.768038],[134.586601,33.768033],[134.586576,33.76803],[134.586461,33.768023],[134.5864,33.768019],[134.586375,33.768015],[134.586341,33.768008],[134.58633,33.768005],[134.586313,33.767999],[134.586293,33.767989],[134.586273,33.767976],[134.586254,33.767957],[134.58624,33.767935],[134.586229,33.767917],[134.586217,33.767873],[134.586214,33.767855],[134.586215,33.767832],[134.586218,33.767816],[134.586225,33.767797],[134.586233,33.767784],[134.586246,33.767771],[134.586258,33.767762],[134.58673,33.767986],[134.586933,33.768064],[134.587503,33.768296],[134.587726,33.768934],[134.588035,33.769509],[134.587795,33.769636],[134.587425,33.769991],[134.586602,33.771196],[134.586484,33.771373],[134.586386,33.771467],[134.58611,33.771612],[134.58524,33.771949],[134.584615,33.772172],[134.583797,33.772211],[134.583114,33.772157],[134.582539,33.772049],[134.581861,33.771799],[134.581346,33.771534],[134.580779,33.771178],[134.580348,33.770759],[134.579497,33.769861],[134.579298,33.769342],[134.579146,33.768745],[134.579046,33.768333],[134.57894,33.768101],[134.578839,33.76797],[134.578556,33.76769],[134.578243,33.76752],[134.578012,33.76742],[134.57715,33.76721],[134.576689,33.76712],[134.576193,33.767083],[134.575811,33.767135],[134.575634,33.76721],[134.575392,33.76731],[134.575194,33.767459],[134.575131,33.767506],[134.574803,33.767801],[134.574663,33.767927],[134.57453,33.76812],[134.574479,33.768236],[134.574412,33.768384],[134.574272,33.768882],[134.574108,33.769464],[134.574051,33.769798],[134.573948,33.770167],[134.573869,33.770378],[134.573766,33.770558],[134.573529,33.771037],[134.573232,33.771982],[134.572968,33.772484],[134.572813,33.772723],[134.572522,33.773032],[134.5702,33.775417],[134.569974,33.775694],[134.569797,33.776071],[134.569567,33.776915],[134.569416,33.777503],[134.569044,33.77847]]]},"properties":{"S_NAME":"木岐","HCODE":8101}},{"type":"Feature","geometry":{"type":"Polygon","coordinates":[[[134.58101,33.761535],[134.581016,33.761559],[134.581019,33.761587],[134.581017,33.761617],[134.581011,33.761644],[134.580999,33.761667],[134.580982,33.761685],[134.580962,33.761701],[134.580909,33.761728],[134.580756,33.76176],[134.580624,33.761778],[134.580531,33.761783],[134.580438,33.761789],[134.580344,33.761797],[134.580258,33.761801],[134.580222,33.761797],[134.580195,33.761788],[134.580176,33.761771],[134.580165,33.761748],[134.580161,33.76172],[134.580164,33.761689],[134.580183,33.761623],[134.580198,33.761593],[134.580218,33.761565],[134.580242,33.761544],[134.58027,33.761531],[134.580301,33.761525],[134.580364,33.761528],[134.58039,33.761531],[134.580409,33.761528],[134.580417,33.761517],[134.580419,33.761501],[134.580419,33.761464],[134.580425,33.761448],[134.580438,33.761436],[134.580458,33.76143],[134.580482,33.761428],[134.580506,33.761431],[134.580529,33.761439],[134.580546,33.761451],[134.580576,33.761477],[134.580593,33.761486],[134.580616,33.761492],[134.580645,33.761489],[134.580716,33.761469],[134.580787,33.761447],[134.580816,33.761439],[134.580841,33.761436],[134.580861,33.761437],[134.580879,33.761442],[134.580893,33.76145],[134.580912,33.761475],[134.58093,33.7615],[134.580941,33.761507],[134.580952,33.761509],[134.580979,33.761506],[134.580991,33.761508],[134.581003,33.761518],[134.58101,33.761535]]]},"properties":{"S_NAME":"木岐","HCODE":8101}},{"type":"Feature","geometry":{"type":"Polygon","coordinates":[[[134.56823,33.738897],[134.568216,33.7389],[134.568194,33.73891],[134.568165,33.73893],[134.568151,33.738943],[134.568138,33.738958],[134.568131,33.738973],[134.568128,33.73899],[134.56813,33.738997],[134.56813,33.739002],[134.568126,33.739018],[134.568112,33.739037],[134.568089,33.73906],[134.568049,33.739089],[134.568008,33.739114],[134.567956,33.739142],[134.567891,33.739175],[134.567855,33.73919],[134.567808,33.739204],[134.567756,33.739218],[134.567705,33.739227],[134.567663,33.739234],[134.567619,33.739236],[134.567549,33.739232],[134.567504,33.739226],[134.567443,33.739216],[134.56739,33.739204],[134.56734,33.739191],[134.567284,33.739173],[134.567238,33.739151],[134.567206,33.739132],[134.567177,33.739107],[134.567158,33.739079],[134.567152,33.739061],[134.567146,33.739027],[134.567147,33.738988],[134.567154,33.738954],[134.567168,33.738923],[134.567184,33.738898],[134.567216,33.738856],[134.567257,33.738813],[134.567292,33.738787],[134.567343,33.738759],[134.567379,33.738747],[134.567422,33.738741],[134.567462,33.738739],[134.567525,33.738746],[134.567557,33.738751],[134.567574,33.738743],[134.567589,33.738726],[134.567603,33.738705],[134.567619,33.738696],[134.567654,33.738691],[134.567687,33.738694],[134.567738,33.738699],[134.567795,33.738713],[134.567844,33.738728],[134.567873,33.738737],[134.567904,33.738742],[134.567932,33.738737],[134.567956,33.738726],[134.567981,33.738712],[134.568003,33.738702],[134.568041,33.738691],[134.568071,33.738691],[134.568114,33.738696],[134.568156,33.73871],[134.568185,33.738727],[134.56822,33.738748],[134.568261,33.738765],[134.568305,33.738776],[134.568349,33.738785],[134.568379,33.738792],[134.568415,33.738803],[134.568432,33.738816],[134.568441,33.73883],[134.568444,33.738854],[134.568433,33.738877],[134.568409,33.738897],[134.568379,33.738912],[134.568347,33.73892],[134.568316,33.738917],[134.568289,33.73891],[134.568264,33.7389],[134.568244,33.738896],[134.56823,33.738897]]]},"properties":{"S_NAME":"木岐","HCODE":8101}},{"type":"Feature","geometry":{"type":"Polygon","coordinates":[[[134.570048,33.735695],[134.570075,33.735717],[134.570087,33.735736],[134.570103,33.735784],[134.570104,33.73581],[134.570101,33.73583],[134.570092,33.735846],[134.570074,33.73585],[134.570053,33.735849],[134.570003,33.73583],[134.569962,33.735809],[134.569933,33.735793],[134.569907,33.73578],[134.569873,33.735765],[134.569831,33.735747],[134.569784,33.735721],[134.569734,33.735697],[134.569709,33.735691],[134.569684,33.735693],[134.569659,33.735702],[134.569636,33.735719],[134.569612,33.73574],[134.569567,33.73578],[134.569544,33.735794],[134.569497,33.735811],[134.569436,33.735824],[134.569386,33.735813],[134.569341,33.735797],[134.569283,33.735771],[134.569228,33.73574],[134.569191,33.735712],[134.569174,33.735687],[134.569163,33.735658],[134.56915,33.735618],[134.569142,33.735574],[134.569144,33.735555],[134.56915,33.735536],[134.569173,33.735507],[134.569194,33.735483],[134.569197,33.73546],[134.569191,33.73545],[134.569181,33.73544],[134.56915,33.735423],[134.569109,33.735407],[134.569068,33.735387],[134.569037,33.735357],[134.569026,33.735341],[134.569009,33.735308],[134.568997,33.735276],[134.568991,33.735248],[134.568989,33.73522],[134.568988,33.735195],[134.568985,33.735173],[134.568975,33.735152],[134.568965,33.735134],[134.568961,33.735119],[134.568963,33.735103],[134.568965,33.735085],[134.568963,33.735059],[134.56896,33.735028],[134.568963,33.734992],[134.568978,33.734954],[134.56899,33.734936],[134.569008,33.734922],[134.569028,33.734909],[134.569051,33.7349],[134.56911,33.734886],[134.569176,33.734875],[134.56924,33.734865],[134.569285,33.734858],[134.5693,33.734854],[134.569307,33.734854],[134.569335,33.734856],[134.569386,33.734864],[134.569413,33.734873],[134.569439,33.734888],[134.569458,33.734906],[134.569476,33.73493],[134.569504,33.734982],[134.569533,33.735026],[134.56955,33.735043],[134.569582,33.735071],[134.569612,33.735091],[134.569639,33.735108],[134.569677,33.735131],[134.569728,33.735161],[134.569776,33.735198],[134.569791,33.735218],[134.569796,33.735237],[134.569792,33.735255],[134.569784,33.735272],[134.569763,33.735301],[134.569749,33.73532],[134.569743,33.73534],[134.569739,33.735368],[134.569734,33.735408],[134.569732,33.735451],[134.569729,33.735491],[134.56973,33.735523],[134.569743,33.735547],[134.569752,33.735555],[134.569777,33.73557],[134.569805,33.735588],[134.56983,33.735606],[134.569843,33.735612],[134.569855,33.735612],[134.569876,33.735596],[134.569897,33.735573],[134.569909,33.735566],[134.569921,33.735563],[134.569935,33.735564],[134.56995,33.735568],[134.56999,33.735577],[134.570039,33.735578],[134.570078,33.735581],[134.570085,33.735586],[134.570081,33.735594],[134.570069,33.735605],[134.570034,33.735632],[134.57001,33.735654],[134.570007,33.735662],[134.570009,33.735669],[134.570024,33.735681],[134.570048,33.735695]]]},"properties":{"S_NAME":"木岐","HCODE":8101}},{"type":"Feature","geometry":{"type":"Polygon","coordinates":[[[134.659346,33.795682],[134.659427,33.795735],[134.659507,33.795792],[134.65959,33.795849],[134.659674,33.795902],[134.659749,33.795947],[134.659777,33.795966],[134.659802,33.795982],[134.659833,33.796004],[134.659846,33.796008],[134.659864,33.796009],[134.659905,33.795997],[134.65995,33.795985],[134.659966,33.795984],[134.659976,33.79599],[134.659987,33.796015],[134.659994,33.796031],[134.660009,33.796046],[134.660029,33.796059],[134.660088,33.796081],[134.660144,33.796099],[134.660181,33.796116],[134.660214,33.796133],[134.660235,33.796141],[134.660289,33.796154],[134.660342,33.796168],[134.660359,33.796178],[134.660366,33.796189],[134.660363,33.796219],[134.660361,33.796237],[134.660366,33.796258],[134.660378,33.796281],[134.660397,33.796307],[134.660451,33.796359],[134.660514,33.796408],[134.660579,33.796453],[134.660654,33.796498],[134.66074,33.796543],[134.660831,33.796586],[134.660914,33.796621],[134.660988,33.796651],[134.661059,33.796687],[134.661134,33.796736],[134.661209,33.796794],[134.661283,33.796853],[134.661353,33.796909],[134.661415,33.796965],[134.661468,33.797022],[134.661517,33.797081],[134.66157,33.797141],[134.661628,33.7972],[134.66169,33.797264],[134.661752,33.797332],[134.661811,33.7974],[134.661865,33.797462],[134.661914,33.79752],[134.661968,33.797578],[134.662028,33.797638],[134.662086,33.797698],[134.662127,33.797746],[134.662152,33.797781],[134.662176,33.797811],[134.662211,33.797839],[134.662246,33.797864],[134.662268,33.797885],[134.66228,33.797905],[134.662307,33.79794],[134.662364,33.797992],[134.662434,33.798046],[134.662465,33.798065],[134.662487,33.798075],[134.662505,33.798079],[134.662529,33.798081],[134.662538,33.798085],[134.662558,33.798109],[134.662578,33.798143],[134.662596,33.798168],[134.662615,33.798183],[134.662646,33.798191],[134.662689,33.798201],[134.662731,33.798213],[134.662744,33.798222],[134.662749,33.798231],[134.662747,33.798255],[134.662747,33.798269],[134.662754,33.798286],[134.662768,33.798305],[134.662818,33.798347],[134.662882,33.79839],[134.662944,33.798431],[134.663012,33.798476],[134.663094,33.798527],[134.663185,33.798579],[134.663227,33.798601],[134.663263,33.798615],[134.66329,33.79862],[134.663309,33.79862],[134.663335,33.798612],[134.663346,33.798612],[134.663355,33.798617],[134.663379,33.798641],[134.663417,33.798672],[134.66347,33.798699],[134.663501,33.798711],[134.663564,33.798724],[134.663592,33.798724],[134.663643,33.798717],[134.663686,33.798702],[134.663719,33.798684],[134.663725,33.798679],[134.66373,33.798672],[134.663738,33.798651],[134.663746,33.798637],[134.663754,33.798625],[134.663767,33.798613],[134.663789,33.798595],[134.663801,33.798589],[134.663813,33.798584],[134.663825,33.798581],[134.663841,33.798578],[134.663894,33.798575],[134.663902,33.798574],[134.663909,33.798572],[134.663914,33.798567],[134.663917,33.798562],[134.66392,33.798548],[134.663923,33.798543],[134.663929,33.798537],[134.663937,33.798534],[134.663944,33.798533],[134.663948,33.798533],[134.663975,33.798536],[134.664005,33.798545],[134.664028,33.798557],[134.664049,33.798572],[134.664092,33.798612],[134.664136,33.798656],[134.664154,33.798675],[134.664176,33.79869],[134.66419,33.798696],[134.664204,33.798699],[134.664277,33.798697],[134.664294,33.7987],[134.664306,33.798704],[134.664315,33.798713],[134.664318,33.798724],[134.664315,33.798779],[134.664315,33.798811],[134.664321,33.798824],[134.664343,33.798845],[134.664396,33.798897],[134.664429,33.798926],[134.66446,33.798946],[134.66449,33.798961],[134.664512,33.798969],[134.664525,33.798973],[134.664545,33.798984],[134.664549,33.798989],[134.664558,33.799004],[134.664585,33.79906],[134.664595,33.799082],[134.664614,33.79912],[134.664629,33.799145],[134.664638,33.799154],[134.664652,33.799164],[134.664703,33.799187],[134.664741,33.799205],[134.664777,33.799227],[134.664802,33.799252],[134.664819,33.799279],[134.664829,33.799304],[134.664837,33.79934],[134.664841,33.799388],[134.664846,33.799418],[134.664854,33.799448],[134.664865,33.799473],[134.66488,33.799494],[134.664901,33.799511],[134.664948,33.799538],[134.664969,33.799555],[134.664983,33.799577],[134.665004,33.799619],[134.665027,33.799642],[134.665047,33.799662],[134.665101,33.799735],[134.665127,33.799778],[134.665144,33.799815],[134.665152,33.799846],[134.665153,33.799862],[134.665146,33.799877],[134.665132,33.799898],[134.665115,33.799922],[134.665111,33.799936],[134.665112,33.799947],[134.665112,33.799952],[134.665112,33.799959],[134.665117,33.79997],[134.665145,33.799998],[134.665288,33.800109],[134.665465,33.800236],[134.665508,33.800264],[134.665609,33.800332],[134.665778,33.800417],[134.665858,33.800449],[134.665916,33.800471],[134.665973,33.800487],[134.666025,33.800499],[134.666074,33.800509],[134.666122,33.80052],[134.666166,33.800529],[134.666209,33.800537],[134.666245,33.80054],[134.666262,33.800539],[134.666286,33.800531],[134.666306,33.800516],[134.666325,33.800498],[134.666344,33.800479],[134.666366,33.800461],[134.666391,33.800446],[134.666415,33.800437],[134.666436,33.800434],[134.66646,33.800435],[134.666488,33.800441],[134.666522,33.800447],[134.666562,33.800451],[134.666602,33.800451],[134.666639,33.800447],[134.666668,33.800436],[134.666712,33.800408],[134.666744,33.800389],[134.666757,33.800384],[134.666777,33.800379],[134.666817,33.800376],[134.666833,33.800372],[134.666867,33.800348],[134.666905,33.800317],[134.666943,33.800283],[134.666983,33.800255],[134.667033,33.800229],[134.667104,33.800195],[134.667136,33.800172],[134.667163,33.800148],[134.667206,33.800116],[134.667224,33.800105],[134.667266,33.800083],[134.667294,33.800075],[134.66731,33.800074],[134.667323,33.800077],[134.667339,33.800084],[134.667352,33.800093],[134.667406,33.800142],[134.667429,33.800159],[134.667482,33.800185],[134.667556,33.800219],[134.667616,33.800247],[134.667622,33.80025],[134.667634,33.800258],[134.667641,33.800266],[134.667645,33.800274],[134.667652,33.800318],[134.667657,33.800362],[134.66766,33.800377],[134.667663,33.800387],[134.667669,33.800399],[134.667676,33.800409],[134.667689,33.800423],[134.667703,33.800433],[134.667761,33.800473],[134.667818,33.80051],[134.667874,33.800546],[134.667925,33.800578],[134.667972,33.800605],[134.66801,33.800626],[134.668038,33.800639],[134.668062,33.800646],[134.668084,33.80065],[134.66811,33.800654],[134.668138,33.800662],[134.668152,33.800666],[134.668172,33.800679],[134.668178,33.800688],[134.668177,33.800708],[134.668168,33.800732],[134.668154,33.800758],[134.668144,33.800785],[134.668139,33.800811],[134.668145,33.800863],[134.668157,33.800902],[134.668168,33.800937],[134.668174,33.800976],[134.668182,33.801024],[134.668194,33.80107],[134.668204,33.801091],[134.668215,33.801107],[134.668228,33.80112],[134.668243,33.80113],[134.668257,33.801136],[134.66827,33.801139],[134.668282,33.801137],[134.668292,33.801132],[134.668299,33.801123],[134.668308,33.801097],[134.668316,33.80107],[134.668324,33.801058],[134.668333,33.801049],[134.668346,33.801043],[134.668362,33.80104],[134.668381,33.801041],[134.668421,33.801049],[134.668461,33.801062],[134.668495,33.801075],[134.668524,33.80109],[134.668549,33.801106],[134.668571,33.801124],[134.668589,33.801144],[134.668602,33.801163],[134.668604,33.801183],[134.6686,33.801192],[134.668585,33.80121],[134.668564,33.801227],[134.668542,33.801245],[134.668522,33.801263],[134.668509,33.801281],[134.668504,33.801297],[134.668511,33.801306],[134.668527,33.801308],[134.66855,33.801309],[134.668574,33.801311],[134.668596,33.801314],[134.668615,33.801321],[134.668629,33.801332],[134.668638,33.801346],[134.668641,33.801361],[134.668637,33.801378],[134.668624,33.801391],[134.668613,33.801396],[134.668589,33.801405],[134.668562,33.801416],[134.668537,33.801433],[134.668518,33.801456],[134.668508,33.801486],[134.668505,33.801517],[134.668511,33.801545],[134.668525,33.801566],[134.668546,33.80158],[134.668571,33.801586],[134.668584,33.801584],[134.66861,33.801577],[134.668638,33.801568],[134.668666,33.801561],[134.668691,33.801561],[134.668714,33.801569],[134.668723,33.801576],[134.668737,33.801594],[134.66874,33.801605],[134.668742,33.80163],[134.668737,33.801655],[134.668727,33.801679],[134.668712,33.801696],[134.6687,33.801711],[134.668695,33.801725],[134.668696,33.801728],[134.668702,33.801741],[134.668722,33.801762],[134.668749,33.801783],[134.66878,33.801804],[134.668807,33.80182],[134.668836,33.801837],[134.668875,33.801856],[134.668928,33.801877],[134.668994,33.801902],[134.669068,33.801925],[134.669141,33.801946],[134.66916,33.80195],[134.669374,33.801414],[134.669439,33.801432],[134.669227,33.801963],[134.669269,33.801968],[134.669331,33.801973],[134.669393,33.801975],[134.669459,33.801975],[134.669524,33.801973],[134.669586,33.801971],[134.669641,33.801967],[134.669696,33.80196],[134.669756,33.801951],[134.669829,33.801938],[134.669914,33.801919],[134.670002,33.801892],[134.670069,33.801863],[134.670171,33.801508],[134.670168,33.801493],[134.670155,33.801498],[134.670141,33.801501],[134.670127,33.801502],[134.670115,33.801501],[134.670106,33.801495],[134.6701,33.801488],[134.670095,33.801479],[134.670094,33.801464],[134.670095,33.801454],[134.670098,33.801442],[134.670103,33.801435],[134.670112,33.801429],[134.67012,33.801427],[134.670082,33.801373],[134.670011,33.801403],[134.669505,33.8007],[134.669594,33.800655],[134.670221,33.801528],[134.670473,33.80132],[134.670479,33.801285],[134.670474,33.801255],[134.670465,33.801228],[134.670456,33.801203],[134.670455,33.801178],[134.670461,33.801156],[134.670477,33.801136],[134.670489,33.801128],[134.670518,33.80112],[134.670553,33.801118],[134.670591,33.801118],[134.670627,33.801116],[134.670657,33.801108],[134.670682,33.801094],[134.670705,33.801077],[134.670728,33.801058],[134.670748,33.801038],[134.670762,33.801018],[134.670767,33.801001],[134.670758,33.800986],[134.670739,33.800972],[134.670715,33.800957],[134.67069,33.800937],[134.670668,33.800913],[134.670649,33.800885],[134.670634,33.800856],[134.670623,33.800827],[134.670619,33.800798],[134.670622,33.800773],[134.670634,33.800751],[134.670655,33.800735],[134.670686,33.800724],[134.670726,33.80072],[134.670774,33.800721],[134.670827,33.800727],[134.670882,33.800735],[134.670936,33.800744],[134.670987,33.800756],[134.67103,33.80077],[134.67105,33.800779],[134.671079,33.800802],[134.67109,33.800816],[134.671108,33.800846],[134.671126,33.800874],[134.671147,33.8009],[134.671173,33.800921],[134.671205,33.800938],[134.671241,33.800952],[134.671278,33.800963],[134.67131,33.800978],[134.671321,33.800987],[134.671327,33.801],[134.67133,33.801015],[134.671316,33.801053],[134.671292,33.801097],[134.671273,33.801138],[134.67127,33.801155],[134.671272,33.801168],[134.671281,33.801177],[134.67131,33.801187],[134.671347,33.801193],[134.67138,33.8012],[134.671407,33.80121],[134.671433,33.801225],[134.671467,33.801245],[134.671508,33.801271],[134.671555,33.801301],[134.671597,33.801336],[134.671628,33.801373],[134.671648,33.801411],[134.671664,33.801448],[134.671685,33.801484],[134.671715,33.801515],[134.671756,33.801545],[134.671803,33.801574],[134.671852,33.801604],[134.671878,33.80162],[134.671903,33.801635],[134.671957,33.801669],[134.672016,33.801705],[134.672079,33.801742],[134.672142,33.801777],[134.672199,33.801805],[134.672243,33.801825],[134.672277,33.801833],[134.672308,33.801831],[134.672346,33.801825],[134.672396,33.801812],[134.672453,33.801798],[134.672507,33.801785],[134.672552,33.801776],[134.672586,33.801771],[134.672618,33.801771],[134.67266,33.801775],[134.672714,33.801782],[134.672779,33.801794],[134.672844,33.801807],[134.672903,33.801823],[134.672955,33.801838],[134.673005,33.801851],[134.673059,33.801858],[134.67312,33.801858],[134.673184,33.801852],[134.673246,33.801845],[134.673298,33.801839],[134.673339,33.801838],[134.673372,33.801839],[134.673401,33.801845],[134.67343,33.801854],[134.673461,33.801866],[134.673501,33.801883],[134.673553,33.801904],[134.673617,33.801926],[134.673687,33.801946],[134.673754,33.80196],[134.673813,33.801964],[134.673868,33.801963],[134.67392,33.801963],[134.673972,33.801969],[134.674026,33.801982],[134.674084,33.801997],[134.674148,33.802009],[134.674181,33.802012],[134.674251,33.802015],[134.674325,33.802016],[134.674399,33.802018],[134.674471,33.802024],[134.674542,33.802035],[134.674616,33.802051],[134.674694,33.802075],[134.674775,33.802101],[134.674858,33.802124],[134.674939,33.802141],[134.675014,33.802144],[134.67503,33.802143],[134.675085,33.802138],[134.675149,33.802132],[134.675208,33.802131],[134.675262,33.802136],[134.675312,33.802144],[134.67536,33.802153],[134.675407,33.802158],[134.675454,33.802163],[134.675504,33.802169],[134.675558,33.802178],[134.675614,33.802191],[134.675669,33.802208],[134.675719,33.802225],[134.67576,33.802242],[134.675796,33.80226],[134.675831,33.802278],[134.675867,33.802298],[134.675904,33.802318],[134.675934,33.80234],[134.675955,33.802363],[134.675958,33.802374],[134.675958,33.802397],[134.675952,33.802414],[134.675949,33.802422],[134.675942,33.802448],[134.675939,33.802471],[134.675943,33.802495],[134.675948,33.802519],[134.675954,33.802541],[134.67596,33.802565],[134.675967,33.802587],[134.675976,33.802612],[134.675986,33.802637],[134.675999,33.802664],[134.676013,33.802692],[134.67603,33.80272],[134.676048,33.80275],[134.676067,33.802785],[134.676089,33.802827],[134.676112,33.802876],[134.676138,33.80293],[134.676162,33.80298],[134.676182,33.803021],[134.676201,33.803052],[134.676221,33.803081],[134.676245,33.803113],[134.676275,33.803153],[134.67631,33.803198],[134.676344,33.803243],[134.676375,33.803281],[134.6764,33.803312],[134.676427,33.803342],[134.676461,33.803376],[134.676503,33.803416],[134.67655,33.80346],[134.676595,33.803502],[134.676619,33.803523],[134.676632,33.803536],[134.676661,33.803562],[134.676689,33.803587],[134.676722,33.803617],[134.676762,33.803652],[134.676808,33.803694],[134.676857,33.803736],[134.676905,33.803775],[134.676948,33.803806],[134.676985,33.803827],[134.677016,33.803836],[134.67704,33.803831],[134.677059,33.803819],[134.677078,33.803807],[134.6771,33.803803],[134.677126,33.803808],[134.677154,33.803818],[134.677184,33.803831],[134.677211,33.803843],[134.67724,33.803854],[134.677273,33.803867],[134.677311,33.803883],[134.677353,33.803903],[134.677394,33.803925],[134.677428,33.80395],[134.677448,33.803975],[134.677459,33.804001],[134.677464,33.804029],[134.677467,33.804059],[134.677473,33.804089],[134.677481,33.804118],[134.677492,33.80414],[134.677493,33.804143],[134.67751,33.804162],[134.677532,33.804177],[134.677558,33.804191],[134.677588,33.804207],[134.677622,33.804227],[134.677661,33.804249],[134.677704,33.804274],[134.677749,33.804298],[134.677798,33.804324],[134.677849,33.804349],[134.6779,33.804372],[134.677951,33.804392],[134.678005,33.804412],[134.67806,33.804435],[134.678119,33.80446],[134.678184,33.804487],[134.678256,33.804514],[134.678337,33.80454],[134.678425,33.804562],[134.678509,33.804581],[134.678586,33.804596],[134.678647,33.804607],[134.678744,33.804622],[134.678854,33.804637],[134.678915,33.804643],[134.678983,33.804748],[134.679033,33.804834],[134.67905,33.804858],[134.67907,33.804887],[134.679095,33.804924],[134.679126,33.80497],[134.679161,33.805021],[134.679201,33.805075],[134.679241,33.805126],[134.679285,33.805176],[134.679332,33.805228],[134.679383,33.805284],[134.679435,33.805342],[134.679489,33.8054],[134.67954,33.805458],[134.679586,33.805512],[134.679633,33.80557],[134.679689,33.805634],[134.67976,33.80571],[134.679847,33.8058],[134.679944,33.805898],[134.680037,33.80599],[134.680183,33.806112],[134.680216,33.806138],[134.680244,33.806165],[134.680266,33.806195],[134.680281,33.806225],[134.680288,33.806257],[134.680289,33.80629],[134.680278,33.806323],[134.680262,33.80636],[134.680239,33.806396],[134.680182,33.806472],[134.680149,33.80651],[134.680083,33.80659],[134.680046,33.806634],[134.679827,33.806872],[134.679778,33.806937],[134.679736,33.806997],[134.6797,33.807054],[134.679667,33.807106],[134.679636,33.807154],[134.679603,33.807198],[134.679566,33.807241],[134.679526,33.807283],[134.679478,33.807325],[134.679428,33.807367],[134.679381,33.807412],[134.679341,33.807458],[134.679309,33.807506],[134.679276,33.807561],[134.679235,33.807629],[134.67918,33.80771],[134.679117,33.807797],[134.679058,33.807881],[134.679009,33.807955],[134.678974,33.808014],[134.67895,33.808065],[134.678932,33.808115],[134.678918,33.808166],[134.678905,33.808216],[134.67889,33.808264],[134.678873,33.808307],[134.678852,33.808342],[134.678827,33.808371],[134.678795,33.808395],[134.678776,33.808405],[134.678734,33.808425],[134.678688,33.808452],[134.678664,33.80847],[134.678618,33.808519],[134.678573,33.808584],[134.678531,33.808654],[134.67849,33.80872],[134.678452,33.808773],[134.678414,33.808819],[134.678373,33.808861],[134.678327,33.808904],[134.678273,33.808949],[134.678218,33.808994],[134.678161,33.809035],[134.678104,33.80907],[134.678047,33.809102],[134.677987,33.809136],[134.677922,33.809175],[134.677851,33.809223],[134.677778,33.809274],[134.677707,33.809319],[134.677519,33.80944],[134.677466,33.809474],[134.677433,33.809501],[134.677423,33.809514],[134.677417,33.809529],[134.677415,33.809545],[134.677419,33.809585],[134.677429,33.809636],[134.677442,33.809698],[134.677453,33.809766],[134.677459,33.809831],[134.677466,33.809893],[134.677481,33.809949],[134.677502,33.809999],[134.677527,33.81005],[134.677549,33.810102],[134.677568,33.810167],[134.677585,33.810251],[134.677598,33.810347],[134.677611,33.810428],[134.677626,33.810475],[134.677636,33.810491],[134.677661,33.810526],[134.677694,33.810581],[134.677734,33.810652],[134.677774,33.810728],[134.67781,33.810803],[134.67784,33.810868],[134.67786,33.810919],[134.677872,33.810962],[134.677879,33.811],[134.677883,33.811038],[134.677882,33.811076],[134.677878,33.811093],[134.677865,33.811131],[134.677839,33.811178],[134.677821,33.811204],[134.677753,33.811303],[134.677713,33.81136],[134.677662,33.811425],[134.67761,33.811507],[134.677559,33.811617],[134.677511,33.811751],[134.677463,33.811891],[134.677406,33.812024],[134.677343,33.812162],[134.677274,33.812325],[134.677202,33.812515],[134.67711,33.812746],[134.677102,33.812771],[134.677081,33.812818],[134.677056,33.812863],[134.677024,33.812909],[134.676983,33.812955],[134.676943,33.813004],[134.676909,33.813057],[134.67689,33.813113],[134.676886,33.813143],[134.676894,33.813204],[134.676905,33.813235],[134.676932,33.813295],[134.676958,33.813347],[134.676978,33.813392],[134.676997,33.813438],[134.677019,33.81349],[134.677044,33.813547],[134.677073,33.813605],[134.677104,33.813662],[134.67714,33.813718],[134.67718,33.813774],[134.677228,33.813831],[134.677285,33.813895],[134.677346,33.813958],[134.677402,33.814019],[134.677443,33.814071],[134.677473,33.814119],[134.677499,33.814166],[134.677519,33.81421],[134.677524,33.814229],[134.677523,33.814247],[134.677516,33.814261],[134.677503,33.814273],[134.677486,33.814283],[134.677442,33.814303],[134.67739,33.814326],[134.677333,33.814353],[134.677164,33.814428],[134.677039,33.81448],[134.676899,33.814527],[134.676828,33.814543],[134.676757,33.814557],[134.676618,33.814576],[134.676482,33.814591],[134.676351,33.814608],[134.676209,33.814626],[134.676104,33.814634],[134.676045,33.814635],[134.675948,33.814638],[134.675908,33.814642],[134.675872,33.814654],[134.675858,33.814662],[134.675837,33.814673],[134.675806,33.814697],[134.675779,33.814725],[134.675756,33.814753],[134.675727,33.814805],[134.675714,33.814852],[134.675706,33.814908],[134.675689,33.814986],[134.675672,33.815071],[134.675659,33.815142],[134.675657,33.815197],[134.675661,33.81522],[134.675685,33.81527],[134.675722,33.815326],[134.675756,33.815383],[134.675767,33.815411],[134.675778,33.815464],[134.675775,33.815515],[134.67576,33.81556],[134.67574,33.815602],[134.675719,33.815645],[134.675698,33.815691],[134.675674,33.815745],[134.675641,33.815811],[134.675613,33.815879],[134.675606,33.81591],[134.675603,33.815938],[134.675605,33.815964],[134.675619,33.816014],[134.675637,33.81607],[134.67565,33.816132],[134.675651,33.816161],[134.67565,33.816187],[134.675642,33.816208],[134.675632,33.816227],[134.675618,33.816245],[134.675589,33.816283],[134.67556,33.816332],[134.675528,33.816379],[134.675508,33.816396],[134.675483,33.816406],[134.675474,33.816407],[134.675456,33.81641],[134.675397,33.816408],[134.675337,33.8164],[134.675275,33.816397],[134.675202,33.816395],[134.675109,33.816397],[134.675005,33.816398],[134.674898,33.816395],[134.674793,33.816387],[134.67469,33.816379],[134.674587,33.816374],[134.674488,33.816372],[134.674393,33.816367],[134.674301,33.816359],[134.674213,33.816351],[134.674129,33.816343],[134.674054,33.816334],[134.673989,33.816324],[134.673929,33.816308],[134.673858,33.816281],[134.673759,33.816242],[134.673644,33.816194],[134.673526,33.816146],[134.673415,33.816102],[134.673321,33.816064],[134.673249,33.81603],[134.673186,33.816008],[134.673154,33.816003],[134.673119,33.816001],[134.673083,33.816003],[134.673058,33.816006],[134.67301,33.816012],[134.672943,33.816024],[134.672883,33.81603],[134.672824,33.816026],[134.672757,33.816009],[134.672682,33.815982],[134.672603,33.815955],[134.672519,33.815927],[134.672429,33.815898],[134.672334,33.815867],[134.672242,33.815842],[134.672171,33.815829],[134.672118,33.815826],[134.672078,33.815821],[134.672072,33.815819],[134.672058,33.815813],[134.67202,33.815788],[134.672007,33.815777],[134.671913,33.815687],[134.67186,33.815644],[134.671789,33.815594],[134.671704,33.815537],[134.671607,33.815474],[134.671508,33.815414],[134.671415,33.815361],[134.671328,33.815312],[134.671232,33.815246],[134.671175,33.815201],[134.671057,33.815101],[134.670949,33.815012],[134.670903,33.814979],[134.670831,33.814936],[134.670773,33.814899],[134.670765,33.814894],[134.670714,33.81486],[134.670674,33.814827],[134.670643,33.814789],[134.670605,33.814738],[134.670562,33.814676],[134.670527,33.814617],[134.670502,33.814567],[134.670485,33.814517],[134.670466,33.814456],[134.67044,33.814388],[134.67041,33.814333],[134.670392,33.814316],[134.670353,33.8143],[134.670308,33.814283],[134.670256,33.814247],[134.67023,33.814224],[134.670175,33.814175],[134.670122,33.814127],[134.670073,33.814077],[134.670051,33.814048],[134.670008,33.813983],[134.66996,33.813917],[134.669943,33.8139],[134.669931,33.813889],[134.669897,33.813865],[134.669857,33.813845],[134.669766,33.813811],[134.669661,33.813777],[134.669551,33.813737],[134.669453,33.813696],[134.669372,33.813658],[134.669336,33.813647],[134.669301,33.813643],[134.669264,33.81365],[134.669223,33.813668],[134.669131,33.813731],[134.669025,33.813806],[134.668965,33.813839],[134.668902,33.813871],[134.668815,33.813911],[134.668769,33.813932],[134.668627,33.814002],[134.668481,33.814082],[134.66833,33.814166],[134.668176,33.814249],[134.668036,33.814323],[134.667929,33.814384],[134.667853,33.814427],[134.667819,33.814442],[134.667783,33.814453],[134.667742,33.814459],[134.667655,33.814463],[134.66757,33.814462],[134.667494,33.814461],[134.667427,33.814464],[134.66736,33.814471],[134.667288,33.814484],[134.667207,33.814503],[134.667117,33.814527],[134.667024,33.814553],[134.666939,33.814576],[134.666863,33.814597],[134.666789,33.814619],[134.66671,33.814646],[134.666635,33.814669],[134.666602,33.814676],[134.66657,33.814677],[134.666542,33.814675],[134.666487,33.814661],[134.666424,33.81464],[134.666349,33.814615],[134.666269,33.814585],[134.666187,33.814544],[134.666109,33.814499],[134.666033,33.814454],[134.665963,33.814412],[134.665933,33.814389],[134.665907,33.814365],[134.665885,33.814338],[134.66585,33.814281],[134.665818,33.81422],[134.665777,33.814158],[134.665753,33.814131],[134.665726,33.814106],[134.665698,33.814086],[134.665666,33.81407],[134.665591,33.814048],[134.665495,33.814026],[134.665376,33.813989],[134.665253,33.813947],[134.665249,33.813945],[134.665146,33.813908],[134.665056,33.813874],[134.66496,33.813833],[134.664845,33.813779],[134.664729,33.81372],[134.664636,33.81367],[134.664577,33.813631],[134.664546,33.8136],[134.664536,33.813585],[134.664523,33.813544],[134.664513,33.813489],[134.664475,33.813341],[134.664468,33.813308],[134.664446,33.813198],[134.664421,33.813077],[134.664397,33.812976],[134.664368,33.81288],[134.664329,33.812778],[134.664288,33.812682],[134.664251,33.812603],[134.664222,33.812539],[134.664192,33.812477],[134.664154,33.8124],[134.664116,33.81232],[134.66408,33.81225],[134.664048,33.812191],[134.664013,33.812142],[134.663981,33.812093],[134.663919,33.81199],[134.6639,33.811928],[134.663885,33.811832],[134.663885,33.81174],[134.663899,33.811699],[134.663914,33.811664],[134.663991,33.811552],[134.664005,33.811522],[134.664015,33.811486],[134.66402,33.811453],[134.664019,33.811384],[134.664011,33.811304],[134.664002,33.811211],[134.663996,33.811113],[134.663992,33.811013],[134.66399,33.810914],[134.663984,33.810814],[134.663974,33.810716],[134.663967,33.810631],[134.663964,33.810564],[134.663966,33.810513],[134.663963,33.810473],[134.663956,33.810439],[134.663942,33.810405],[134.663917,33.810369],[134.663897,33.810344],[134.663752,33.810235],[134.66366,33.810169],[134.663608,33.810138],[134.663551,33.810108],[134.663425,33.810054],[134.663292,33.810009],[134.663169,33.809974],[134.663069,33.809949],[134.662985,33.809929],[134.662898,33.809908],[134.662807,33.809883],[134.662721,33.809852],[134.662645,33.809815],[134.662579,33.809776],[134.662517,33.809738],[134.662456,33.809701],[134.6624,33.809661],[134.66235,33.809616],[134.662328,33.809593],[134.662295,33.809546],[134.662235,33.809466],[134.66213,33.809341],[134.662091,33.809316],[134.662071,33.809309],[134.662049,33.809307],[134.662025,33.809314],[134.661997,33.80933],[134.661929,33.809376],[134.661885,33.809395],[134.661833,33.809411],[134.661772,33.809421],[134.66162,33.809427],[134.661538,33.809431],[134.661378,33.809449],[134.661304,33.809458],[134.661111,33.809466],[134.660834,33.809469],[134.660703,33.809469],[134.660442,33.809463],[134.660279,33.809464],[134.659865,33.809476],[134.659571,33.80948],[134.659442,33.809476],[134.659337,33.809469],[134.659278,33.809459],[134.659117,33.809417],[134.657781,33.808915],[134.657686,33.808879],[134.657605,33.808848],[134.65757,33.808837],[134.657539,33.808831],[134.657505,33.80883],[134.657371,33.808838],[134.657084,33.808853],[134.656821,33.808863],[134.656662,33.808867],[134.6566,33.808868],[134.65654,33.808866],[134.656478,33.80886],[134.656406,33.808846],[134.656212,33.8088],[134.655948,33.808734],[134.655833,33.808709],[134.655774,33.808699],[134.655753,33.808696],[134.65564,33.808686],[134.655575,33.808676],[134.655481,33.808652],[134.655345,33.808606],[134.655164,33.80853],[134.654825,33.808377],[134.654792,33.80836],[134.654749,33.808336],[134.654745,33.808332],[134.654733,33.808319],[134.654725,33.808306],[134.654712,33.808286],[134.654699,33.808257],[134.654692,33.808226],[134.654683,33.808138],[134.654672,33.808079],[134.654654,33.808016],[134.654608,33.807899],[134.654585,33.807849],[134.654536,33.807772],[134.654492,33.807721],[134.654475,33.807702],[134.654453,33.807685],[134.654372,33.807647],[134.654244,33.807601],[134.654102,33.80755],[134.653951,33.807495],[134.653818,33.807443],[134.653736,33.807405],[134.653628,33.807348],[134.653533,33.807296],[134.653392,33.807215],[134.653009,33.806984],[134.652843,33.806888],[134.652743,33.806835],[134.652664,33.806804],[134.652638,33.806789],[134.652567,33.806734],[134.652411,33.806603],[134.651117,33.805615],[134.650909,33.805437],[134.650796,33.805362],[134.650709,33.805305],[134.650687,33.805295],[134.650674,33.805288],[134.651106,33.803257],[134.652018,33.800407],[134.652012,33.800268],[134.65196,33.800103],[134.651769,33.799757],[134.651833,33.799642],[134.651914,33.799538],[134.65205,33.799453],[134.65568,33.799107],[134.656096,33.799118],[134.656285,33.799097],[134.65644,33.799056],[134.657172,33.798733],[134.657357,33.798654],[134.657499,33.798506],[134.658465,33.797004],[134.659346,33.795682]]]},"properties":{"S_NAME":"伊座利","HCODE":8101}},{"type":"Feature","geometry":{"type":"Polygon","coordinates":[[[134.676945,33.801306],[134.676941,33.801312],[134.676944,33.801334],[134.676961,33.801361],[134.676983,33.801391],[134.677004,33.801415],[134.677028,33.801438],[134.677057,33.801463],[134.677098,33.801494],[134.677142,33.801531],[134.677177,33.801566],[134.677187,33.801581],[134.67719,33.801594],[134.677182,33.801603],[134.677167,33.801609],[134.677146,33.801613],[134.677087,33.801615],[134.676985,33.801607],[134.676868,33.801573],[134.676815,33.801556],[134.676761,33.801534],[134.676707,33.801511],[134.676655,33.80149],[134.676606,33.801469],[134.676563,33.801453],[134.676524,33.801437],[134.67649,33.801422],[134.676456,33.801409],[134.676422,33.801396],[134.676384,33.801386],[134.676339,33.801376],[134.676289,33.801367],[134.676236,33.801358],[134.676181,33.801345],[134.676131,33.801331],[134.676096,33.801317],[134.676088,33.80131],[134.676089,33.801304],[134.676098,33.801298],[134.676135,33.801285],[134.676178,33.801272],[134.676208,33.801258],[134.676211,33.801248],[134.676206,33.801238],[134.676182,33.801215],[134.676145,33.801188],[134.676108,33.801158],[134.676075,33.801126],[134.676047,33.801093],[134.67602,33.801061],[134.675996,33.80103],[134.675976,33.801001],[134.675966,33.800975],[134.675968,33.80095],[134.675973,33.800938],[134.67599,33.800916],[134.676011,33.800897],[134.67603,33.800881],[134.676046,33.800865],[134.676061,33.800852],[134.676077,33.800836],[134.676093,33.800818],[134.676111,33.800799],[134.676131,33.800781],[134.676151,33.800764],[134.676175,33.80075],[134.676199,33.800739],[134.676229,33.800731],[134.676261,33.800724],[134.676296,33.800719],[134.676335,33.800715],[134.676375,33.800712],[134.676417,33.800709],[134.676459,33.800705],[134.676502,33.800705],[134.676544,33.800705],[134.676583,33.800705],[134.676619,33.800706],[134.676648,33.800704],[134.676672,33.800702],[134.676694,33.800697],[134.676717,33.800691],[134.676743,33.800684],[134.676773,33.800676],[134.676803,33.800671],[134.676832,33.800667],[134.67686,33.800665],[134.676887,33.80066],[134.676915,33.800651],[134.676928,33.800644],[134.676956,33.800628],[134.67698,33.800618],[134.676991,33.800618],[134.676999,33.800624],[134.677006,33.800635],[134.677017,33.80067],[134.677029,33.800713],[134.677046,33.800754],[134.677058,33.800769],[134.677073,33.800781],[134.6771,33.800799],[134.67712,33.800815],[134.677124,33.800824],[134.677122,33.800834],[134.677116,33.800845],[134.677092,33.800868],[134.677062,33.800888],[134.677034,33.8009],[134.677009,33.800902],[134.676986,33.800898],[134.676957,33.800887],[134.676922,33.800873],[134.676884,33.800861],[134.676848,33.800857],[134.676833,33.80086],[134.676819,33.800865],[134.6768,33.800887],[134.676789,33.800913],[134.676786,33.80094],[134.67679,33.80096],[134.676799,33.800974],[134.67681,33.800988],[134.67682,33.801],[134.676829,33.801015],[134.676835,33.801032],[134.67684,33.801052],[134.67684,33.801072],[134.676836,33.801092],[134.676825,33.801107],[134.676817,33.80111],[134.676805,33.801111],[134.676777,33.801104],[134.676741,33.80109],[134.676701,33.801073],[134.676658,33.801055],[134.676622,33.801042],[134.676601,33.801039],[134.676599,33.801043],[134.676603,33.80105],[134.676626,33.801074],[134.67666,33.801101],[134.676692,33.801123],[134.67671,33.801133],[134.676722,33.801135],[134.676734,33.801137],[134.676755,33.801147],[134.676784,33.801165],[134.676818,33.801183],[134.67685,33.801195],[134.676876,33.801195],[134.676899,33.80119],[134.676918,33.801182],[134.676939,33.801176],[134.67695,33.801176],[134.67697,33.80118],[134.676992,33.801193],[134.677014,33.801218],[134.677033,33.80125],[134.677043,33.80128],[134.677042,33.801292],[134.677038,33.801301],[134.677014,33.801307],[134.676982,33.801304],[134.676953,33.801302],[134.676945,33.801306]]]},"properties":{"S_NAME":"伊座利","HCODE":8101}},{"type":"Feature","geometry":{"type":"Polygon","coordinates":[[[134.594676,33.77244],[134.594771,33.772432],[134.594766,33.77257],[134.594746,33.77268],[134.594712,33.772773],[134.594671,33.772877],[134.594614,33.772988],[134.594542,33.773116],[134.594506,33.773248],[134.59456,33.773286],[134.59461,33.773328],[134.594373,33.773409],[134.594266,33.773459],[134.594183,33.773513],[134.593992,33.773633],[134.593894,33.77369],[134.593774,33.77382],[134.593917,33.773884],[134.593805,33.774072],[134.59357,33.773989],[134.593494,33.773976],[134.593437,33.773973],[134.592774,33.773978],[134.592287,33.773974],[134.592081,33.773964],[134.591985,33.773959],[134.591911,33.773944],[134.591779,33.773881],[134.591837,33.773865],[134.591832,33.773783],[134.591824,33.773749],[134.591821,33.773727],[134.591792,33.77347],[134.591791,33.773459],[134.59179,33.773446],[134.591786,33.773418],[134.591762,33.773209],[134.591761,33.773194],[134.591716,33.772816],[134.591705,33.772767],[134.591629,33.772424],[134.59277,33.772342],[134.592803,33.772565],[134.592042,33.772607],[134.592045,33.772638],[134.592821,33.772596],[134.592895,33.773077],[134.593036,33.773065],[134.593066,33.773063],[134.593104,33.77306],[134.593028,33.772576],[134.592981,33.772329],[134.593946,33.77228],[134.593914,33.771955],[134.594014,33.771953],[134.594045,33.772266],[134.59414,33.77248],[134.594554,33.772446],[134.594676,33.77244]]]},"properties":{"S_NAME":"港町","HCODE":8101}},{"type":"Feature","geometry":{"type":"Polygon","coordinates":[[[134.588041,33.785882],[134.587976,33.78587],[134.587906,33.785867],[134.587756,33.785875],[134.587603,33.78589],[134.587458,33.785902],[134.587328,33.785908],[134.587269,33.785905],[134.587214,33.785901],[134.587164,33.785891],[134.587115,33.785878],[134.587068,33.785859],[134.586976,33.78581],[134.586885,33.785761],[134.586841,33.785745],[134.586796,33.785736],[134.586749,33.785733],[134.586702,33.785735],[134.586598,33.785738],[134.586481,33.78573],[134.586369,33.785716],[134.586281,33.785705],[134.586248,33.785704],[134.586216,33.785707],[134.586185,33.785713],[134.586108,33.785746],[134.586012,33.785799],[134.585919,33.785862],[134.58584,33.785923],[134.58577,33.785972],[134.585734,33.785988],[134.585695,33.785998],[134.585656,33.786003],[134.585572,33.786002],[134.585485,33.785999],[134.585392,33.785995],[134.585288,33.785983],[134.585168,33.785959],[134.585033,33.785933],[134.584961,33.785924],[134.584813,33.785914],[134.584743,33.785913],[134.58468,33.785916],[134.584586,33.785923],[134.584554,33.785929],[134.584528,33.785938],[134.584507,33.78595],[134.584487,33.785968],[134.584438,33.786018],[134.58439,33.786081],[134.584352,33.786148],[134.584324,33.786208],[134.584307,33.786232],[134.584287,33.786249],[134.584261,33.786258],[134.58423,33.786262],[134.584196,33.786262],[134.584116,33.78625],[134.584026,33.786232],[134.583937,33.786217],[134.583861,33.786207],[134.583794,33.786204],[134.583718,33.786206],[134.583621,33.78621],[134.58352,33.786209],[134.583477,33.786205],[134.58344,33.786196],[134.583409,33.786183],[134.583379,33.786165],[134.583349,33.78614],[134.583316,33.786109],[134.583231,33.786024],[134.583125,33.785921],[134.583066,33.785869],[134.582939,33.785766],[134.582877,33.785721],[134.582816,33.785684],[134.582762,33.785656],[134.582712,33.785637],[134.582669,33.785629],[134.582629,33.785626],[134.582592,33.785628],[134.582582,33.785629],[134.582108,33.785718],[134.581946,33.785732],[134.581864,33.785745],[134.581788,33.785764],[134.58172,33.78579],[134.581664,33.785826],[134.581617,33.785868],[134.581532,33.785952],[134.581486,33.785986],[134.581432,33.786009],[134.58137,33.786023],[134.581232,33.786041],[134.581081,33.786061],[134.58094,33.786085],[134.580883,33.78609],[134.580842,33.786086],[134.580816,33.786071],[134.58078,33.786017],[134.58075,33.785982],[134.580699,33.785945],[134.580618,33.785909],[134.580516,33.785876],[134.580403,33.785847],[134.580286,33.785823],[134.580178,33.785806],[134.580084,33.785797],[134.580003,33.785796],[134.579931,33.785803],[134.579865,33.785817],[134.5798,33.785838],[134.57966,33.785893],[134.579501,33.785961],[134.579413,33.785995],[134.579317,33.786028],[134.579114,33.786085],[134.578922,33.786131],[134.578754,33.786163],[134.57859,33.786191],[134.5784,33.786227],[134.578179,33.786268],[134.577947,33.786305],[134.577715,33.786326],[134.577601,33.786331],[134.577376,33.786339],[134.577292,33.786199],[134.577219,33.786067],[134.577168,33.785953],[134.577143,33.785894],[134.577106,33.785822],[134.577049,33.785727],[134.576963,33.785598],[134.57684,33.785431],[134.576685,33.785231],[134.576507,33.785011],[134.576313,33.784781],[134.576112,33.784551],[134.575907,33.784331],[134.575709,33.784126],[134.575522,33.783943],[134.575352,33.783786],[134.575206,33.783659],[134.575086,33.783565],[134.574987,33.783499],[134.574898,33.783452],[134.574814,33.783417],[134.57462,33.783357],[134.574455,33.783308],[134.574381,33.783286],[134.574127,33.783219],[134.574058,33.783194],[134.573997,33.783161],[134.57386,33.78307],[134.573761,33.783004],[134.573656,33.782933],[134.573545,33.782858],[134.573443,33.782786],[134.573366,33.782729],[134.57331,33.78269],[134.573283,33.782677],[134.573254,33.782668],[134.573218,33.782662],[134.573178,33.782659],[134.573083,33.782657],[134.572968,33.782653],[134.572843,33.782644],[134.572731,33.782637],[134.572641,33.782634],[134.57256,33.782637],[134.572464,33.782645],[134.572351,33.782654],[134.572239,33.782653],[134.572187,33.782646],[134.572138,33.782636],[134.572092,33.782624],[134.571997,33.782593],[134.571895,33.782558],[134.571797,33.782521],[134.571753,33.782501],[134.571713,33.782479],[134.571679,33.782457],[134.571651,33.782431],[134.571628,33.782406],[134.57161,33.78238],[134.571596,33.782351],[134.571578,33.782292],[134.571563,33.782238],[134.571552,33.782215],[134.571539,33.782194],[134.571524,33.782177],[134.571503,33.782161],[134.57148,33.782147],[134.571452,33.782135],[134.571386,33.782114],[134.571312,33.782092],[134.571237,33.782064],[134.571173,33.782032],[134.571148,33.782015],[134.571127,33.781997],[134.571094,33.781957],[134.571053,33.781905],[134.570986,33.781837],[134.570902,33.781761],[134.570814,33.781689],[134.570723,33.781623],[134.570627,33.781557],[134.570521,33.781487],[134.57041,33.781414],[134.570303,33.781341],[134.570204,33.781267],[134.570113,33.781193],[134.570027,33.781111],[134.569939,33.781024],[134.569841,33.780928],[134.569736,33.780831],[134.569641,33.780746],[134.56957,33.780682],[134.569524,33.780635],[134.56951,33.780615],[134.5695,33.780594],[134.569492,33.780549],[134.569489,33.780489],[134.569481,33.780407],[134.569477,33.780316],[134.569481,33.780272],[134.569488,33.780231],[134.569499,33.780192],[134.569534,33.780113],[134.569582,33.780024],[134.569637,33.779925],[134.56969,33.779827],[134.569732,33.779737],[134.569748,33.779694],[134.56976,33.779649],[134.569769,33.779602],[134.569773,33.779549],[134.569771,33.779438],[134.569761,33.779328],[134.569745,33.779225],[134.569728,33.779132],[134.569705,33.779047],[134.569678,33.778971],[134.569651,33.778919],[134.569635,33.778903],[134.569621,33.778893],[134.56959,33.778881],[134.569554,33.778861],[134.569514,33.778825],[134.569473,33.778782],[134.569446,33.778751],[134.569431,33.778735],[134.569385,33.778688],[134.569322,33.778641],[134.569245,33.778592],[134.569165,33.778544],[134.569087,33.778495],[134.569044,33.77847],[134.569416,33.777503],[134.569567,33.776915],[134.569797,33.776071],[134.569974,33.775694],[134.5702,33.775417],[134.572522,33.773032],[134.572813,33.772723],[134.572968,33.772484],[134.573232,33.771982],[134.573529,33.771037],[134.573766,33.770558],[134.573869,33.770378],[134.573948,33.770167],[134.574051,33.769798],[134.574108,33.769464],[134.574272,33.768882],[134.574412,33.768384],[134.574479,33.768236],[134.57453,33.76812],[134.574663,33.767927],[134.574803,33.767801],[134.575131,33.767506],[134.575194,33.767459],[134.575392,33.76731],[134.575634,33.76721],[134.575811,33.767135],[134.576193,33.767083],[134.576689,33.76712],[134.57715,33.76721],[134.578012,33.76742],[134.578243,33.76752],[134.578556,33.76769],[134.578839,33.76797],[134.57894,33.768101],[134.579046,33.768333],[134.579146,33.768745],[134.579298,33.769342],[134.579497,33.769861],[134.580348,33.770759],[134.580779,33.771178],[134.581346,33.771534],[134.581861,33.771799],[134.582539,33.772049],[134.583114,33.772157],[134.583797,33.772211],[134.584615,33.772172],[134.58524,33.771949],[134.58611,33.771612],[134.586386,33.771467],[134.586484,33.771373],[134.586602,33.771196],[134.587425,33.769991],[134.587795,33.769636],[134.588035,33.769509],[134.588098,33.769728],[134.588145,33.769795],[134.588222,33.769868],[134.588262,33.769937],[134.588271,33.770134],[134.588314,33.770182],[134.58838,33.770212],[134.588537,33.770242],[134.588652,33.770421],[134.58824,33.770802],[134.588291,33.770912],[134.588331,33.771],[134.588353,33.771093],[134.588365,33.771178],[134.588352,33.771406],[134.588267,33.771686],[134.58829,33.772504],[134.588815,33.772988],[134.588783,33.773535],[134.588755,33.773601],[134.588727,33.773754],[134.588707,33.773841],[134.588659,33.773878],[134.588604,33.773948],[134.588568,33.77404],[134.588213,33.775232],[134.587773,33.77638],[134.587437,33.777883],[134.587438,33.77797],[134.587453,33.778071],[134.588768,33.781322],[134.589333,33.783779],[134.589395,33.78388],[134.589507,33.783951],[134.589505,33.783964],[134.588041,33.785882]]]},"properties":{"S_NAME":"田井","HCODE":8101}},{"type":"Feature","geometry":{"type":"Polygon","coordinates":[[[134.496944,33.769942],[134.496597,33.769625],[134.496233,33.769442],[134.495604,33.769169],[134.494863,33.768884],[134.494389,33.768888],[134.493708,33.768963],[134.493388,33.768908],[134.492786,33.768657],[134.492157,33.768406],[134.491861,33.768388],[134.491106,33.768844],[134.490407,33.76948],[134.489814,33.769845],[134.489221,33.7703],[134.488629,33.770801],[134.487658,33.771258],[134.487009,33.771442],[134.486253,33.771581],[134.48517,33.771587],[134.484087,33.771547],[134.482408,33.771374],[134.480946,33.771335],[134.480614,33.770251],[134.480498,33.76894],[134.480168,33.768218],[134.479946,33.767359],[134.479777,33.766365],[134.479825,33.76537],[134.478905,33.76551],[134.478854,33.765438],[134.478152,33.764832],[134.477564,33.764623],[134.476795,33.764568],[134.476387,33.764052],[134.476349,33.763532],[134.475912,33.763036],[134.47521,33.76322],[134.474398,33.763179],[134.473206,33.763004],[134.471959,33.762602],[134.471467,33.762349],[134.47106,33.761971],[134.47043,33.762029],[134.469403,33.76076],[134.468528,33.759407],[134.467713,33.758868],[134.467709,33.758189],[134.468026,33.757012],[134.468126,33.755699],[134.46828,33.754432],[134.468271,33.753075],[134.468479,33.751717],[134.470265,33.751754],[134.471614,33.751852],[134.472977,33.751895],[134.473892,33.751872],[134.475462,33.75191],[134.478311,33.75313],[134.483091,33.755286],[134.483628,33.755528],[134.487764,33.757418],[134.490811,33.758499],[134.491691,33.75881],[134.493274,33.75924],[134.494288,33.75968],[134.494922,33.759938],[134.49554,33.760136],[134.496843,33.760763],[134.497714,33.761483],[134.498368,33.762068],[134.498443,33.76236],[134.49859,33.762926],[134.498542,33.763831],[134.498387,33.765008],[134.498178,33.766049],[134.497968,33.767091],[134.497707,33.768495],[134.497203,33.769675],[134.496944,33.769942]]]},"properties":{"S_NAME":"赤松字流矢","HCODE":8101}},{"type":"Feature","geometry":{"type":"Polygon","coordinates":[[[134.524512,33.793284],[134.525226,33.794637],[134.525617,33.796309],[134.525737,33.797982],[134.526071,33.799337],[134.525976,33.800305],[134.525948,33.800586],[134.525395,33.800411],[134.524807,33.800161],[134.524295,33.800028],[134.524095,33.800069],[134.52337,33.800386],[134.522932,33.800436],[134.521932,33.799919],[134.521232,33.799603],[134.520308,33.799561],[134.51912,33.799403],[134.517956,33.798905],[134.517658,33.798778],[134.51717,33.798436],[134.516495,33.797853],[134.516033,33.797736],[134.515171,33.797678],[134.514983,33.797561],[134.514221,33.79727],[134.513683,33.797161],[134.513433,33.797161],[134.512683,33.796662],[134.512458,33.796595],[134.511734,33.796462],[134.511434,33.796437],[134.510921,33.796145],[134.510759,33.796078],[134.510384,33.796078],[134.509996,33.795995],[134.509346,33.79577],[134.508709,33.795678],[134.508459,33.79572],[134.508159,33.795478],[134.507921,33.795345],[134.507409,33.795278],[134.506647,33.795053],[134.505947,33.79467],[134.505584,33.794329],[134.505372,33.793945],[134.505347,33.793837],[134.504809,33.793704],[134.504259,33.79372],[134.503834,33.793862],[134.503322,33.79357],[134.502859,33.793345],[134.502259,33.793229],[134.500985,33.79292],[134.500786,33.792891],[134.500372,33.792829],[134.499885,33.792604],[134.499372,33.79242],[134.498635,33.79247],[134.49791,33.792587],[134.49756,33.79272],[134.497297,33.792762],[134.497135,33.792812],[134.49671,33.792787],[134.49606,33.792945],[134.495198,33.792854],[134.495035,33.792879],[134.494173,33.793487],[134.492973,33.793754],[134.49276,33.793912],[134.492335,33.794137],[134.492198,33.79407],[134.491573,33.794003],[134.490948,33.794203],[134.490573,33.794095],[134.490111,33.79387],[134.489036,33.793504],[134.488948,33.793412],[134.488523,33.793237],[134.488036,33.792737],[134.487648,33.792195],[134.486161,33.791362],[134.485599,33.791045],[134.485299,33.790729],[134.485111,33.790279],[134.484486,33.789712],[134.484111,33.789262],[134.483586,33.788771],[134.483186,33.788429],[134.482324,33.788046],[134.482261,33.788046],[134.481999,33.787754],[134.481349,33.787213],[134.480699,33.786871],[134.480374,33.786779],[134.480049,33.786213],[134.479887,33.785155],[134.479937,33.784638],[134.48012,33.784003],[134.480386,33.783079],[134.48519,33.78276],[134.486651,33.782707],[134.486591,33.781848],[134.487559,33.781688],[134.487997,33.781615],[134.489186,33.781338],[134.490159,33.781062],[134.491078,33.780876],[134.491897,33.780631],[134.492753,33.780416],[134.493238,33.780224],[134.493563,33.780095],[134.494758,33.780723],[134.496442,33.781619],[134.497855,33.782336],[134.498669,33.782739],[134.499889,33.783244],[134.500948,33.783474],[134.501273,33.783495],[134.502843,33.783533],[134.504467,33.783479],[134.504829,33.783477],[134.506795,33.783468],[134.509285,33.78341],[134.511233,33.7834],[134.513103,33.78339],[134.513128,33.78339],[134.515024,33.783516],[134.515835,33.783467],[134.516199,33.78371],[134.516978,33.78423],[134.517788,33.784825],[134.518447,33.785308],[134.519647,33.786569],[134.520028,33.7869],[134.520682,33.787468],[134.521337,33.788324],[134.522211,33.78936],[134.523032,33.790623],[134.523799,33.791931],[134.524512,33.793284]]]},"properties":{"S_NAME":"赤松字流矢","HCODE":8101}},{"type":"Feature","geometry":{"type":"Polygon","coordinates":[[[134.504829,33.783477],[134.504467,33.783479],[134.502843,33.783533],[134.501273,33.783495],[134.500948,33.783474],[134.499889,33.783244],[134.498669,33.782739],[134.497855,33.782336],[134.496442,33.781619],[134.494758,33.780723],[134.493563,33.780095],[134.493775,33.779416],[134.493877,33.778465],[134.493545,33.777427],[134.493215,33.776614],[134.492777,33.775983],[134.492341,33.775397],[134.491688,33.774902],[134.491469,33.774542],[134.491409,33.773773],[134.492167,33.773679],[134.493249,33.773583],[134.494332,33.773623],[134.494945,33.773593],[134.495946,33.773716],[134.496114,33.773865],[134.49629,33.774027],[134.496436,33.774155],[134.496663,33.774322],[134.49692,33.774525],[134.497193,33.774633],[134.497466,33.774682],[134.497668,33.774702],[134.498143,33.774794],[134.498895,33.774568],[134.499279,33.77444],[134.499656,33.774386],[134.500189,33.774228],[134.500417,33.774197],[134.500437,33.77419],[134.500575,33.774144],[134.50082,33.774076],[134.501284,33.774058],[134.501574,33.774092],[134.502889,33.774395],[134.504368,33.774372],[134.504987,33.775902],[134.505172,33.77658],[134.5053,33.77841],[134.505228,33.778833],[134.505171,33.779563],[134.505115,33.780744],[134.505096,33.782191],[134.504829,33.783477]]]},"properties":{"S_NAME":"赤松字阿地屋","HCODE":8101}},{"type":"Feature","geometry":{"type":"Polygon","coordinates":[[[134.475328,33.778107],[134.474987,33.777939],[134.474762,33.777939],[134.474312,33.778097],[134.4739,33.778114],[134.47325,33.778247],[134.472687,33.778247],[134.472112,33.778389],[134.47185,33.77863],[134.471313,33.778705],[134.4706,33.778472],[134.47025,33.778455],[134.470013,33.778547],[134.469763,33.778588],[134.469575,33.778705],[134.468925,33.77893],[134.468113,33.778947],[134.4675,33.778905],[134.466951,33.778972],[134.466413,33.779447],[134.465826,33.779513],[134.465601,33.779513],[134.465313,33.77938],[134.46528,33.77935],[134.465122,33.779206],[134.465047,33.779138],[134.465562,33.777922],[134.465665,33.777107],[134.46555,33.776068],[134.465598,33.775163],[134.465538,33.774303],[134.465263,33.773581],[134.465097,33.773039],[134.46558,33.772403],[134.46582,33.772167],[134.466226,33.771767],[134.466871,33.771085],[134.467407,33.770224],[134.467832,33.769],[134.468206,33.768184],[134.468577,33.767051],[134.468733,33.76592],[134.468825,33.76554],[134.468996,33.764833],[134.469096,33.763566],[134.468872,33.762391],[134.468433,33.761398],[134.46821,33.760358],[134.467827,33.759681],[134.467713,33.758868],[134.468528,33.759407],[134.469403,33.76076],[134.47043,33.762029],[134.47106,33.761971],[134.471467,33.762349],[134.471959,33.762602],[134.473206,33.763004],[134.474398,33.763179],[134.47521,33.76322],[134.475912,33.763036],[134.476349,33.763532],[134.476387,33.764052],[134.476795,33.764568],[134.477564,33.764623],[134.478152,33.764832],[134.478854,33.765438],[134.478905,33.76551],[134.479825,33.76537],[134.479777,33.766365],[134.479946,33.767359],[134.480168,33.768218],[134.480498,33.76894],[134.480614,33.770251],[134.480946,33.771335],[134.480243,33.771384],[134.479323,33.771434],[134.478643,33.7716],[134.478566,33.771618],[134.477977,33.772526],[134.477497,33.773568],[134.477126,33.774792],[134.47651,33.775932],[134.476128,33.776655],[134.475745,33.777215],[134.475361,33.778102],[134.475328,33.778107]]]},"properties":{"S_NAME":"赤松字栗作","HCODE":8101}},{"type":"Feature","geometry":{"type":"Polygon","coordinates":[[[134.480386,33.783079],[134.480562,33.782471],[134.480449,33.782113],[134.480222,33.781876],[134.480099,33.781747],[134.479987,33.781388],[134.479387,33.780488],[134.479037,33.780038],[134.478874,33.779922],[134.478449,33.779722],[134.476987,33.779338],[134.47585,33.778364],[134.475328,33.778107],[134.475361,33.778102],[134.475745,33.777215],[134.476128,33.776655],[134.47651,33.775932],[134.477126,33.774792],[134.477497,33.773568],[134.477977,33.772526],[134.478566,33.771618],[134.478643,33.7716],[134.479323,33.771434],[134.480243,33.771384],[134.480946,33.771335],[134.482408,33.771374],[134.484087,33.771547],[134.48517,33.771587],[134.486253,33.771581],[134.487009,33.771442],[134.487658,33.771258],[134.488527,33.771706],[134.489723,33.772469],[134.490593,33.773144],[134.491409,33.773773],[134.491469,33.774542],[134.491688,33.774902],[134.492341,33.775397],[134.492777,33.775983],[134.493215,33.776614],[134.493545,33.777427],[134.493877,33.778465],[134.493775,33.779416],[134.493563,33.780095],[134.493238,33.780224],[134.492753,33.780416],[134.491897,33.780631],[134.491078,33.780876],[134.490159,33.781062],[134.489186,33.781338],[134.487997,33.781615],[134.487559,33.781688],[134.486591,33.781848],[134.486651,33.782707],[134.48519,33.78276],[134.480386,33.783079]]]},"properties":{"S_NAME":"赤松字総屋敷","HCODE":8101}},{"type":"Feature","geometry":{"type":"Polygon","coordinates":[[[134.50301,33.771261],[134.500978,33.769909],[134.500695,33.769877],[134.500668,33.769958],[134.500597,33.770082],[134.500517,33.770239],[134.50045,33.770378],[134.500319,33.770466],[134.499987,33.770649],[134.499618,33.770682],[134.499431,33.77067],[134.499229,33.770632],[134.499046,33.770517],[134.498858,33.770416],[134.498579,33.77031],[134.498154,33.770143],[134.497761,33.770003],[134.497466,33.769862],[134.497203,33.769675],[134.497707,33.768495],[134.497968,33.767091],[134.498178,33.766049],[134.498387,33.765008],[134.498542,33.763831],[134.49859,33.762926],[134.498443,33.76236],[134.498368,33.762068],[134.497714,33.761483],[134.496843,33.760763],[134.49554,33.760136],[134.494922,33.759938],[134.494288,33.75968],[134.493274,33.75924],[134.493473,33.758518],[134.493793,33.757793],[134.494436,33.75693],[134.495027,33.756249],[134.495619,33.755703],[134.496049,33.755248],[134.497783,33.755647],[134.499614,33.756354],[134.500442,33.756674],[134.503264,33.757791],[134.506414,33.759494],[134.507092,33.759919],[134.507991,33.760482],[134.508862,33.761246],[134.509301,33.762104],[134.50958,33.763369],[134.509749,33.764318],[134.5097,33.765132],[134.509489,33.766091],[134.509069,33.766478],[134.50836,33.766994],[134.507229,33.767769],[134.506206,33.768543],[134.50486,33.76968],[134.50301,33.771261]]]},"properties":{"S_NAME":"赤松字寺野","HCODE":8101}},{"type":"Feature","geometry":{"type":"Polygon","coordinates":[[[134.495946,33.773716],[134.494945,33.773593],[134.494332,33.773623],[134.493249,33.773583],[134.492167,33.773679],[134.491409,33.773773],[134.490593,33.773144],[134.489723,33.772469],[134.488527,33.771706],[134.487658,33.771258],[134.488629,33.770801],[134.489221,33.7703],[134.489814,33.769845],[134.490407,33.76948],[134.491106,33.768844],[134.491861,33.768388],[134.492157,33.768406],[134.492786,33.768657],[134.493388,33.768908],[134.493708,33.768963],[134.494389,33.768888],[134.494863,33.768884],[134.495604,33.769169],[134.496233,33.769442],[134.496597,33.769625],[134.496944,33.769942],[134.497343,33.770353],[134.497703,33.77071],[134.497893,33.770859],[134.498039,33.770986],[134.498112,33.771176],[134.498053,33.771458],[134.498002,33.77173],[134.497919,33.771763],[134.497836,33.771808],[134.49778,33.771911],[134.49776,33.772021],[134.497848,33.772112],[134.49772,33.77219],[134.497673,33.77234],[134.497596,33.772493],[134.497541,33.772623],[134.497485,33.772755],[134.497398,33.772919],[134.497285,33.773058],[134.49707,33.773155],[134.496715,33.773232],[134.496437,33.773319],[134.496198,33.773523],[134.495946,33.773716]]]},"properties":{"S_NAME":"赤松字遠野","HCODE":8101}},{"type":"Feature","geometry":{"type":"Polygon","coordinates":[[[134.50301,33.771261],[134.502555,33.771517],[134.502334,33.771693],[134.501949,33.772114],[134.501662,33.7725],[134.500437,33.77419],[134.500417,33.774197],[134.500189,33.774228],[134.499656,33.774386],[134.499279,33.77444],[134.498895,33.774568],[134.498143,33.774794],[134.497668,33.774702],[134.497466,33.774682],[134.497193,33.774633],[134.49692,33.774525],[134.496663,33.774322],[134.496436,33.774155],[134.49629,33.774027],[134.496114,33.773865],[134.495946,33.773716],[134.496198,33.773523],[134.496437,33.773319],[134.496715,33.773232],[134.49707,33.773155],[134.497285,33.773058],[134.497398,33.772919],[134.497485,33.772755],[134.497541,33.772623],[134.497596,33.772493],[134.497673,33.77234],[134.49772,33.77219],[134.497848,33.772112],[134.49776,33.772021],[134.49778,33.771911],[134.497836,33.771808],[134.497919,33.771763],[134.498002,33.77173],[134.498053,33.771458],[134.498112,33.771176],[134.498039,33.770986],[134.497893,33.770859],[134.497703,33.77071],[134.497343,33.770353],[134.496944,33.769942],[134.497203,33.769675],[134.497466,33.769862],[134.497761,33.770003],[134.498154,33.770143],[134.498579,33.77031],[134.498858,33.770416],[134.499046,33.770517],[134.499229,33.770632],[134.499431,33.77067],[134.499618,33.770682],[134.499987,33.770649],[134.500319,33.770466],[134.50045,33.770378],[134.500517,33.770239],[134.500597,33.770082],[134.500668,33.769958],[134.500695,33.769877],[134.500978,33.769909],[134.50301,33.771261]]]},"properties":{"S_NAME":"赤松字野田","HCODE":8101}},{"type":"Feature","geometry":{"type":"Polygon","coordinates":[[[134.465047,33.779138],[134.465038,33.77913],[134.464576,33.778838],[134.464338,33.778363],[134.464113,33.77823],[134.463626,33.777997],[134.463501,33.777914],[134.463388,33.777189],[134.463201,33.776847],[134.463013,33.776672],[134.462489,33.776489],[134.461926,33.776397],[134.461301,33.775972],[134.461226,33.77588],[134.461001,33.77583],[134.460576,33.775655],[134.460439,33.775522],[134.459651,33.775364],[134.459551,33.775364],[134.458876,33.775631],[134.458252,33.775655],[134.457464,33.775589],[134.456952,33.775431],[134.456814,33.775339],[134.456389,33.775156],[134.456202,33.775131],[134.455489,33.774906],[134.454715,33.774814],[134.453715,33.775064],[134.452927,33.775131],[134.452897,33.775125],[134.452715,33.775089],[134.452165,33.774639],[134.451465,33.774322],[134.450628,33.774006],[134.449928,33.773956],[134.448928,33.774006],[134.448011,33.774006],[134.447953,33.774006],[134.447191,33.773914],[134.446541,33.772764],[134.446416,33.772356],[134.446353,33.771931],[134.446541,33.771406],[134.446816,33.770939],[134.447466,33.770056],[134.447516,33.769898],[134.447653,33.768615],[134.447978,33.768206],[134.448428,33.767756],[134.449003,33.767373],[134.449165,33.767123],[134.449265,33.767098],[134.450003,33.767398],[134.45019,33.767282],[134.44994,33.766898],[134.449615,33.766223],[134.449478,33.766107],[134.449003,33.765923],[134.448515,33.765632],[134.447865,33.765457],[134.447565,33.765407],[134.446678,33.764824],[134.445566,33.76439],[134.445128,33.764299],[134.444666,33.764007],[134.443966,33.76374],[134.442591,33.76344],[134.441704,33.763332],[134.440292,33.763265],[134.439804,33.763307],[134.439642,33.763374],[134.439154,33.763199],[134.438729,33.762949],[134.438292,33.762765],[134.438054,33.762499],[134.437804,33.762407],[134.437404,33.762499],[134.436917,33.76274],[134.436542,33.762832],[134.435542,33.763199],[134.434568,33.763465],[134.43378,33.763399],[134.433568,33.76344],[134.433155,33.763624],[134.432568,33.763424],[134.432218,33.763332],[134.431481,33.763057],[134.430031,33.763374],[134.429781,33.763374],[134.429406,33.762857],[134.429056,33.762699],[134.428518,33.762332],[134.426994,33.761841],[134.426356,33.761499],[134.425831,33.761007],[134.424919,33.760307],[134.423994,33.759624],[134.422207,33.757733],[134.421807,33.757483],[134.421319,33.757258],[134.420969,33.75715],[134.420969,33.756991],[134.421407,33.755991],[134.421457,33.75545],[134.421432,33.755183],[134.421457,33.754841],[134.422131,33.753425],[134.422206,33.75335],[134.422181,33.753233],[134.422281,33.752717],[134.422181,33.751992],[134.422044,33.751684],[134.421802,33.75139],[134.421411,33.751195],[134.420891,33.751018],[134.420414,33.750734],[134.420108,33.750448],[134.419781,33.750144],[134.419672,33.750037],[134.419605,33.749822],[134.419602,33.749551],[134.419621,33.749245],[134.419529,33.748796],[134.419132,33.747988],[134.418194,33.747023],[134.416482,33.745476],[134.415857,33.745101],[134.415782,33.745076],[134.415432,33.744785],[134.415082,33.744426],[134.415082,33.744401],[134.414894,33.744335],[134.414757,33.744243],[134.414482,33.743835],[134.413969,33.742918],[134.413594,33.742493],[134.413407,33.742202],[134.413332,33.741977],[134.413118,33.741734],[134.41414,33.741194],[134.415109,33.740195],[134.41624,33.739421],[134.417319,33.738783],[134.418506,33.738235],[134.419424,33.737869],[134.420301,33.73765],[134.420342,33.737639],[134.421368,33.737228],[134.422232,33.736907],[134.423149,33.736451],[134.424138,33.735903],[134.424399,33.735923],[134.425639,33.736711],[134.427104,33.737384],[134.427859,33.737584],[134.428784,33.737829],[134.430409,33.738093],[134.432088,33.738357],[134.433549,33.738486],[134.435282,33.738614],[134.436692,33.739286],[134.438432,33.740636],[134.439954,33.74185],[134.441824,33.743275],[134.44202,33.743424],[134.443921,33.744592],[134.445877,33.745985],[134.447833,33.747243],[134.448693,33.747616],[134.449895,33.748138],[134.449971,33.748175],[134.451578,33.748945],[134.452609,33.749191],[134.454179,33.749566],[134.45676,33.750004],[134.456779,33.750007],[134.459488,33.750537],[134.46263,33.750975],[134.465265,33.751187],[134.465824,33.751232],[134.468479,33.751717],[134.468271,33.753075],[134.46828,33.754432],[134.468126,33.755699],[134.468026,33.757012],[134.467709,33.758189],[134.467713,33.758868],[134.467827,33.759681],[134.46821,33.760358],[134.468433,33.761398],[134.468872,33.762391],[134.469096,33.763566],[134.468996,33.764833],[134.468825,33.76554],[134.468733,33.76592],[134.468577,33.767051],[134.468206,33.768184],[134.467832,33.769],[134.467407,33.770224],[134.466871,33.771085],[134.466226,33.771767],[134.46582,33.772167],[134.46558,33.772403],[134.465097,33.773039],[134.465263,33.773581],[134.465538,33.774303],[134.465598,33.775163],[134.46555,33.776068],[134.465665,33.777107],[134.465562,33.777922],[134.465047,33.779138]]]},"properties":{"S_NAME":"赤松字日浦","HCODE":8101}},{"type":"Feature","geometry":{"type":"Polygon","coordinates":[[[134.521337,33.788324],[134.520682,33.787468],[134.520028,33.7869],[134.519647,33.786569],[134.518447,33.785308],[134.517788,33.784825],[134.516978,33.78423],[134.516199,33.78371],[134.515835,33.783467],[134.515024,33.783516],[134.513128,33.78339],[134.513103,33.78339],[134.511233,33.7834],[134.509285,33.78341],[134.506795,33.783468],[134.504829,33.783477],[134.505096,33.782191],[134.505115,33.780744],[134.505171,33.779563],[134.505228,33.778833],[134.5053,33.77841],[134.505172,33.77658],[134.504987,33.775902],[134.504368,33.774372],[134.502889,33.774395],[134.501574,33.774092],[134.501284,33.774058],[134.50082,33.774076],[134.500575,33.774144],[134.500437,33.77419],[134.501662,33.7725],[134.501949,33.772114],[134.502334,33.771693],[134.502555,33.771517],[134.50301,33.771261],[134.50486,33.76968],[134.506206,33.768543],[134.507229,33.767769],[134.50836,33.766994],[134.509069,33.766478],[134.509489,33.766091],[134.511628,33.767304],[134.515389,33.769006],[134.516517,33.769517],[134.517611,33.769867],[134.521308,33.771052],[134.523439,33.771576],[134.523337,33.772436],[134.523293,33.773839],[134.523196,33.775513],[134.523195,33.775521],[134.523045,33.777097],[134.523006,33.779314],[134.52296,33.7804],[134.523077,33.781666],[134.523464,33.782673],[134.523683,33.783246],[134.523875,33.783646],[134.524288,33.784509],[134.524892,33.785682],[134.521337,33.788324]]]},"properties":{"S_NAME":"赤松字耳瀬","HCODE":8101}},{"type":"Feature","geometry":{"type":"Polygon","coordinates":[[[134.564072,33.741792],[134.562217,33.741389],[134.561122,33.741181],[134.559808,33.74084],[134.558546,33.740453],[134.557168,33.739657],[134.556112,33.738988],[134.556138,33.738957],[134.55615,33.738931],[134.556161,33.73891],[134.556167,33.738902],[134.556174,33.738896],[134.556181,33.738892],[134.556191,33.73889],[134.556204,33.738891],[134.556213,33.738893],[134.55624,33.7389],[134.556257,33.738904],[134.556272,33.738906],[134.556291,33.738907],[134.556309,33.738907],[134.55635,33.738906],[134.556393,33.738903],[134.556439,33.738898],[134.556487,33.738894],[134.556536,33.738887],[134.556587,33.738877],[134.556638,33.738861],[134.556688,33.738842],[134.556735,33.738821],[134.556776,33.7388],[134.556796,33.738788],[134.556809,33.738778],[134.556814,33.738772],[134.556821,33.738767],[134.556833,33.738756],[134.556841,33.738744],[134.556846,33.738734],[134.556848,33.738723],[134.556848,33.738712],[134.556845,33.73869],[134.556839,33.738668],[134.556838,33.738658],[134.556839,33.738648],[134.556841,33.738639],[134.556845,33.738627],[134.556858,33.738604],[134.556874,33.738577],[134.556892,33.738544],[134.556911,33.738511],[134.556929,33.738481],[134.556943,33.738459],[134.556949,33.738452],[134.556969,33.738441],[134.556983,33.73841],[134.556999,33.738381],[134.55703,33.738331],[134.557061,33.738287],[134.557152,33.738156],[134.557184,33.73817],[134.55716,33.738207],[134.557173,33.738215],[134.557182,33.738221],[134.557189,33.738228],[134.557192,33.738233],[134.557194,33.738236],[134.557201,33.738249],[134.557202,33.73826],[134.557199,33.73827],[134.557189,33.738286],[134.557102,33.738426],[134.557069,33.738473],[134.557048,33.738508],[134.557042,33.738521],[134.557037,33.738538],[134.557037,33.738552],[134.557039,33.738564],[134.557043,33.738576],[134.557055,33.738594],[134.557071,33.738605],[134.557091,33.738609],[134.557111,33.738605],[134.557135,33.738592],[134.557163,33.738568],[134.557196,33.738535],[134.557233,33.738495],[134.557272,33.738445],[134.557316,33.738393],[134.557415,33.738284],[134.557505,33.738183],[134.557517,33.738165],[134.557528,33.738138],[134.55754,33.738098],[134.557549,33.738059],[134.557549,33.738028],[134.557549,33.738006],[134.557555,33.737986],[134.557588,33.737952],[134.557615,33.737926],[134.557633,33.737907],[134.557656,33.737881],[134.557678,33.737851],[134.557693,33.737819],[134.557699,33.737795],[134.557702,33.737783],[134.557712,33.737742],[134.557721,33.7377],[134.557727,33.737664],[134.557728,33.73764],[134.557722,33.737624],[134.557712,33.737608],[134.5577,33.737585],[134.557697,33.737575],[134.557691,33.737557],[134.557687,33.737521],[134.557689,33.737483],[134.55769,33.737447],[134.557688,33.737419],[134.557685,33.737398],[134.55768,33.737384],[134.557677,33.737373],[134.557679,33.737355],[134.557685,33.737328],[134.557693,33.737305],[134.557698,33.737288],[134.557703,33.737275],[134.557705,33.737261],[134.557703,33.737244],[134.557697,33.737227],[134.557692,33.737224],[134.55768,33.737215],[134.55766,33.737207],[134.557637,33.737205],[134.557615,33.737209],[134.557594,33.737215],[134.557464,33.737688],[134.55732,33.737661],[134.557478,33.737037],[134.55743,33.737017],[134.557405,33.736998],[134.557394,33.736985],[134.557379,33.736956],[134.55737,33.736929],[134.557361,33.736907],[134.557348,33.736885],[134.557321,33.736858],[134.55728,33.736824],[134.557236,33.73679],[134.557191,33.736757],[134.557144,33.736722],[134.55709,33.736679],[134.557029,33.736627],[134.556968,33.736572],[134.556862,33.736461],[134.556812,33.736412],[134.556762,33.736368],[134.556713,33.736328],[134.556625,33.73644],[134.556547,33.736397],[134.556646,33.736274],[134.556614,33.736231],[134.556607,33.736213],[134.556607,33.736179],[134.556606,33.736138],[134.556603,33.736115],[134.556596,33.736092],[134.556587,33.736064],[134.556571,33.73603],[134.556552,33.735994],[134.556524,33.735958],[134.556465,33.735897],[134.556456,33.735887],[134.556257,33.735081],[134.555549,33.73464],[134.55473,33.734377],[134.554706,33.734428],[134.554546,33.734344],[134.554667,33.734109],[134.555008,33.73415],[134.555417,33.734275],[134.555417,33.734317],[134.555897,33.734462],[134.555981,33.734492],[134.556058,33.734527],[134.55619,33.734597],[134.556246,33.734623],[134.556297,33.734647],[134.556351,33.734613],[134.55638,33.734598],[134.55641,33.734588],[134.55647,33.734576],[134.556494,33.734569],[134.556503,33.734561],[134.556513,33.734534],[134.556516,33.734501],[134.556513,33.734451],[134.556521,33.734434],[134.556542,33.734416],[134.55657,33.734401],[134.5566,33.734386],[134.556629,33.734373],[134.556656,33.734363],[134.556684,33.734356],[134.556712,33.734354],[134.556742,33.734361],[134.556792,33.734387],[134.556857,33.734418],[134.556886,33.734434],[134.556916,33.734452],[134.55694,33.734474],[134.556954,33.734498],[134.55696,33.734523],[134.556952,33.734577],[134.556949,33.734605],[134.556952,33.734617],[134.55696,33.734628],[134.556984,33.734648],[134.557009,33.73466],[134.557029,33.734665],[134.557043,33.73466],[134.557054,33.734646],[134.557062,33.734624],[134.55707,33.734597],[134.557078,33.734568],[134.557088,33.734538],[134.557104,33.73451],[134.557128,33.734485],[134.557153,33.734466],[134.557182,33.734451],[134.557208,33.734445],[134.55723,33.734447],[134.557264,33.734467],[134.557275,33.734469],[134.5573,33.734473],[134.557325,33.734472],[134.557349,33.734464],[134.557366,33.734454],[134.557374,33.73444],[134.557376,33.734425],[134.557381,33.734414],[134.557399,33.734406],[134.557424,33.734407],[134.557452,33.734413],[134.55748,33.734423],[134.55751,33.73443],[134.557527,33.734429],[134.557563,33.734421],[134.557594,33.734408],[134.557621,33.734392],[134.557644,33.734379],[134.557657,33.734378],[134.557671,33.734377],[134.557703,33.734383],[134.557733,33.734388],[134.557745,33.734387],[134.557764,33.734381],[134.557777,33.73437],[134.557781,33.734357],[134.557779,33.734343],[134.55777,33.734332],[134.557755,33.734319],[134.557734,33.734306],[134.557707,33.734289],[134.55768,33.73427],[134.557659,33.734252],[134.557656,33.734245],[134.557648,33.734231],[134.557644,33.734207],[134.557649,33.734176],[134.557655,33.734159],[134.557659,33.734145],[134.557672,33.734123],[134.557685,33.73411],[134.55769,33.734102],[134.557682,33.734093],[134.557669,33.73408],[134.557661,33.734063],[134.557663,33.734042],[134.55767,33.734023],[134.55768,33.734015],[134.55769,33.73401],[134.557706,33.734008],[134.557728,33.734009],[134.557755,33.734015],[134.557781,33.734022],[134.557809,33.734028],[134.557841,33.73403],[134.557876,33.734027],[134.557917,33.734018],[134.557961,33.734001],[134.558006,33.733979],[134.558049,33.733955],[134.558086,33.733931],[134.558111,33.733908],[134.558118,33.733896],[134.558127,33.733875],[134.558135,33.733855],[134.558151,33.733835],[134.558174,33.733819],[134.558201,33.733807],[134.558226,33.7338],[134.558242,33.733794],[134.558243,33.733789],[134.558234,33.73378],[134.558217,33.733769],[134.558209,33.733764],[134.558171,33.733741],[134.558132,33.733713],[134.558102,33.733686],[134.558085,33.733664],[134.558081,33.733645],[134.558083,33.73363],[134.558088,33.733625],[134.558103,33.733617],[134.558125,33.733614],[134.558152,33.733611],[134.558183,33.733605],[134.558217,33.733599],[134.558257,33.733595],[134.558302,33.733601],[134.558346,33.733611],[134.558384,33.733622],[134.558414,33.733634],[134.558442,33.733647],[134.55847,33.733667],[134.558502,33.733693],[134.558543,33.733727],[134.558588,33.733766],[134.558629,33.733803],[134.558656,33.733836],[134.55868,33.733865],[134.558711,33.733894],[134.558754,33.733924],[134.558812,33.733956],[134.558879,33.733988],[134.558951,33.734021],[134.559015,33.734052],[134.559066,33.734083],[134.559103,33.734112],[134.559125,33.734139],[134.559144,33.734163],[134.559169,33.734183],[134.5592,33.734197],[134.559227,33.734203],[134.559235,33.734202],[134.55924,33.734198],[134.559247,33.734187],[134.559256,33.734169],[134.559272,33.734149],[134.559289,33.734129],[134.559302,33.73411],[134.559314,33.734093],[134.559329,33.734079],[134.559345,33.734066],[134.559353,33.734057],[134.559345,33.734049],[134.559328,33.734043],[134.559309,33.734039],[134.559293,33.734033],[134.559279,33.734022],[134.559268,33.734003],[134.559262,33.733984],[134.559265,33.733975],[134.559278,33.733974],[134.5593,33.733981],[134.559327,33.733987],[134.559355,33.733995],[134.559378,33.734005],[134.559397,33.734018],[134.559416,33.734027],[134.559428,33.734029],[134.559455,33.73403],[134.559482,33.734028],[134.559504,33.734025],[134.559527,33.734023],[134.559562,33.734023],[134.559607,33.734027],[134.559654,33.734033],[134.559691,33.734041],[134.559724,33.73405],[134.559755,33.734055],[134.559781,33.734057],[134.559791,33.734055],[134.559791,33.73404],[134.559791,33.734039],[134.55978,33.734031],[134.559772,33.734023],[134.55977,33.734008],[134.559772,33.733984],[134.559778,33.733957],[134.559791,33.733932],[134.5598,33.733924],[134.559819,33.733918],[134.559844,33.733915],[134.559874,33.733915],[134.559906,33.733918],[134.559936,33.733922],[134.559961,33.733929],[134.559978,33.733939],[134.559989,33.733952],[134.559996,33.733968],[134.560002,33.733986],[134.560006,33.734008],[134.560011,33.734031],[134.560019,33.734055],[134.56003,33.734074],[134.560038,33.734082],[134.560056,33.734096],[134.560074,33.734106],[134.560096,33.734114],[134.560123,33.734118],[134.560138,33.734117],[134.560173,33.734112],[134.560208,33.734104],[134.560239,33.734096],[134.560268,33.73409],[134.560301,33.734088],[134.560336,33.734092],[134.560376,33.734101],[134.560419,33.734115],[134.560457,33.734133],[134.560484,33.73415],[134.560499,33.734165],[134.560512,33.73418],[134.560529,33.734194],[134.560549,33.73421],[134.560573,33.734225],[134.560597,33.734237],[134.560621,33.734245],[134.56064,33.734246],[134.560658,33.734247],[134.560673,33.734255],[134.560684,33.73427],[134.560686,33.734286],[134.560683,33.734292],[134.560673,33.734302],[134.560671,33.734312],[134.560682,33.734321],[134.560704,33.734328],[134.560727,33.73433],[134.56075,33.734328],[134.560784,33.734329],[134.560832,33.734339],[134.560892,33.734354],[134.560953,33.734369],[134.561009,33.734384],[134.561058,33.734396],[134.561093,33.734406],[134.561118,33.734418],[134.561133,33.734433],[134.561137,33.734453],[134.561132,33.734474],[134.561117,33.734495],[134.561101,33.734517],[134.561092,33.734542],[134.561092,33.734571],[134.561097,33.734602],[134.561107,33.734652],[134.561109,33.734684],[134.5611,33.73471],[134.561093,33.734735],[134.561098,33.734759],[134.561107,33.734772],[134.561128,33.734794],[134.561156,33.734811],[134.561182,33.734826],[134.561211,33.73485],[134.561241,33.734884],[134.561267,33.734923],[134.561285,33.734952],[134.561291,33.734969],[134.561292,33.734985],[134.561285,33.735008],[134.561276,33.735035],[134.561263,33.73506],[134.561247,33.73508],[134.561238,33.735097],[134.561235,33.735111],[134.561237,33.735121],[134.561246,33.73513],[134.561259,33.735138],[134.561271,33.735145],[134.56128,33.735147],[134.561288,33.735146],[134.561301,33.735141],[134.561318,33.735132],[134.56134,33.735122],[134.561361,33.73511],[134.561385,33.735099],[134.561407,33.735087],[134.561426,33.735075],[134.561441,33.735062],[134.561448,33.735047],[134.561449,33.735032],[134.561442,33.735023],[134.561431,33.735019],[134.56142,33.735016],[134.561411,33.735011],[134.561405,33.735003],[134.561406,33.734992],[134.561412,33.73498],[134.561422,33.73497],[134.561429,33.734965],[134.561437,33.734959],[134.56145,33.734951],[134.561466,33.73494],[134.561483,33.73493],[134.561496,33.734927],[134.56151,33.734928],[134.561527,33.734932],[134.561547,33.734937],[134.561568,33.734938],[134.561591,33.734935],[134.561602,33.73493],[134.561626,33.734916],[134.561637,33.734905],[134.561659,33.734881],[134.561676,33.734857],[134.561686,33.734838],[134.561689,33.734824],[134.561689,33.734809],[134.561684,33.734794],[134.561673,33.73478],[134.561655,33.734767],[134.561642,33.734757],[134.561642,33.734752],[134.561646,33.734746],[134.561654,33.734739],[134.56168,33.734727],[134.561706,33.734719],[134.561725,33.734713],[134.561736,33.734707],[134.561737,33.734693],[134.561732,33.734677],[134.561725,33.734663],[134.561718,33.73465],[134.561717,33.73464],[134.561722,33.734629],[134.561734,33.734621],[134.561751,33.734618],[134.561762,33.734618],[134.561785,33.734621],[134.561808,33.734627],[134.561831,33.734633],[134.561855,33.734633],[134.561875,33.734623],[134.561892,33.734607],[134.561903,33.734591],[134.561908,33.734573],[134.561908,33.734546],[134.561903,33.734505],[134.561897,33.734458],[134.561891,33.734415],[134.561885,33.734379],[134.561879,33.734348],[134.561869,33.734316],[134.561855,33.734286],[134.561835,33.734257],[134.561812,33.734232],[134.561792,33.73421],[134.56178,33.734189],[134.561778,33.734174],[134.561789,33.734166],[134.561808,33.734165],[134.561836,33.734172],[134.561865,33.73418],[134.561896,33.734194],[134.561924,33.734208],[134.561949,33.734221],[134.561973,33.734229],[134.561996,33.734228],[134.562024,33.734227],[134.562058,33.734234],[134.562102,33.734249],[134.562158,33.734265],[134.562189,33.73427],[134.562255,33.734278],[134.562317,33.734282],[134.562362,33.734284],[134.562397,33.734287],[134.562427,33.734289],[134.562455,33.734288],[134.562478,33.73428],[134.562487,33.734271],[134.5625,33.734245],[134.562503,33.734217],[134.562494,33.734189],[134.562482,33.734161],[134.562477,33.734129],[134.562476,33.734094],[134.562478,33.734061],[134.562475,33.734031],[134.562478,33.734007],[134.562484,33.733999],[134.562503,33.733988],[134.562516,33.733986],[134.56253,33.733987],[134.56255,33.733993],[134.562565,33.734004],[134.562574,33.734007],[134.562579,33.734003],[134.562586,33.733987],[134.56259,33.733967],[134.562588,33.733948],[134.562585,33.733932],[134.56259,33.733919],[134.562602,33.733905],[134.562623,33.733891],[134.562645,33.733872],[134.562669,33.733852],[134.562692,33.733832],[134.562713,33.733815],[134.562733,33.733798],[134.562746,33.733779],[134.562761,33.733766],[134.562779,33.733765],[134.562799,33.733772],[134.562815,33.733773],[134.562823,33.733756],[134.562829,33.733735],[134.562833,33.733729],[134.562841,33.733726],[134.562856,33.733729],[134.562869,33.733738],[134.562878,33.733744],[134.562887,33.733752],[134.562901,33.73376],[134.562924,33.733765],[134.562955,33.733766],[134.562981,33.733761],[134.562989,33.733756],[134.562997,33.733744],[134.563006,33.733737],[134.563022,33.733738],[134.563044,33.733745],[134.563063,33.733752],[134.563079,33.733756],[134.563089,33.733755],[134.563095,33.733746],[134.563097,33.733734],[134.563095,33.733727],[134.563092,33.733715],[134.56309,33.733705],[134.563087,33.733689],[134.56309,33.733671],[134.563102,33.733655],[134.563121,33.733643],[134.563142,33.73364],[134.563149,33.733643],[134.563159,33.733654],[134.563162,33.733671],[134.563155,33.733688],[134.56315,33.733702],[134.563152,33.733708],[134.563158,33.733711],[134.563166,33.733713],[134.563177,33.733712],[134.563202,33.7337],[134.563223,33.733674],[134.563242,33.733644],[134.563258,33.733623],[134.563273,33.733613],[134.563288,33.733603],[134.563304,33.733583],[134.563323,33.733562],[134.563335,33.733555],[134.563348,33.733552],[134.563359,33.733551],[134.563362,33.733551],[134.563391,33.733558],[134.563419,33.733572],[134.563444,33.733585],[134.563468,33.73359],[134.563479,33.733587],[134.563505,33.733575],[134.563535,33.733562],[134.563569,33.733556],[134.563589,33.733557],[134.563626,33.73356],[134.56366,33.733563],[134.563688,33.733559],[134.563699,33.733553],[134.56371,33.733532],[134.563718,33.733511],[134.563726,33.7335],[134.563732,33.7335],[134.56375,33.733506],[134.563769,33.733511],[134.563793,33.733514],[134.563821,33.733513],[134.563849,33.733511],[134.56387,33.733506],[134.563873,33.7335],[134.563861,33.733483],[134.563842,33.733462],[134.563839,33.733451],[134.56384,33.73344],[134.563847,33.73343],[134.563871,33.733413],[134.563896,33.733402],[134.56392,33.733395],[134.563944,33.733388],[134.563971,33.733375],[134.564002,33.733365],[134.56402,33.733363],[134.564058,33.733366],[134.564087,33.733369],[134.564095,33.733365],[134.564091,33.733343],[134.564083,33.733317],[134.564086,33.733309],[134.564096,33.733305],[134.564112,33.733305],[134.564153,33.733308],[134.564174,33.733306],[134.56419,33.733299],[134.564212,33.733275],[134.564219,33.733259],[134.564232,33.733226],[134.564238,33.733193],[134.564239,33.733168],[134.56423,33.73315],[134.564219,33.733136],[134.564212,33.733117],[134.564214,33.733093],[134.564219,33.733082],[134.564239,33.733067],[134.564266,33.733061],[134.564291,33.733054],[134.5643,33.733047],[134.564314,33.733027],[134.564326,33.733004],[134.564342,33.732981],[134.564357,33.732961],[134.564365,33.732947],[134.564361,33.732937],[134.564351,33.732929],[134.564336,33.73292],[134.564316,33.732911],[134.564286,33.732904],[134.564253,33.732896],[134.564222,33.732882],[134.564209,33.732872],[134.564187,33.732847],[134.56416,33.732821],[134.56412,33.732797],[134.56407,33.732774],[134.564017,33.732746],[134.563961,33.732714],[134.563904,33.732686],[134.563841,33.732664],[134.563781,33.732647],[134.563729,33.732631],[134.563688,33.732612],[134.563659,33.732593],[134.563637,33.732572],[134.563621,33.732549],[134.563611,33.732522],[134.563605,33.73249],[134.563601,33.732456],[134.563599,33.732417],[134.563602,33.732377],[134.563612,33.732338],[134.563629,33.732302],[134.563647,33.732269],[134.563662,33.73224],[134.563671,33.732216],[134.56367,33.732194],[134.563662,33.732173],[134.563659,33.732153],[134.563666,33.732132],[134.563684,33.732113],[134.563708,33.732098],[134.563731,33.732086],[134.563753,33.732072],[134.563766,33.732051],[134.563781,33.732031],[134.563807,33.732018],[134.563825,33.732016],[134.56387,33.732016],[134.563917,33.73202],[134.563962,33.732021],[134.564001,33.732019],[134.564029,33.73201],[134.564054,33.731999],[134.564087,33.731995],[134.564127,33.731998],[134.564145,33.732003],[134.564161,33.732011],[134.564172,33.73202],[134.564185,33.732043],[134.564197,33.732065],[134.564215,33.73208],[134.564235,33.732093],[134.564255,33.732112],[134.564268,33.732136],[134.564273,33.732158],[134.564266,33.732175],[134.56426,33.732191],[134.564264,33.732209],[134.564271,33.732218],[134.564293,33.732238],[134.564321,33.732251],[134.564351,33.732257],[134.56438,33.732258],[134.564407,33.732255],[134.564434,33.732251],[134.564463,33.73225],[134.564491,33.73225],[134.56451,33.732246],[134.564513,33.732235],[134.564507,33.732222],[134.564497,33.732212],[134.564487,33.732204],[134.564476,33.732193],[134.564463,33.732173],[134.564455,33.732149],[134.564457,33.732127],[134.56447,33.732109],[134.564488,33.732099],[134.564505,33.732092],[134.564528,33.732086],[134.564561,33.732076],[134.564604,33.732061],[134.564649,33.73205],[134.564688,33.732045],[134.564722,33.732048],[134.564754,33.732055],[134.564782,33.732063],[134.564806,33.732066],[134.564813,33.732064],[134.564827,33.732055],[134.564844,33.732038],[134.564869,33.732015],[134.5649,33.731995],[134.564935,33.731986],[134.564954,33.731987],[134.564991,33.731994],[134.565029,33.731999],[134.565065,33.732002],[134.565101,33.732008],[134.565134,33.732021],[134.565166,33.73204],[134.565194,33.732063],[134.56522,33.732086],[134.565243,33.732109],[134.565262,33.73213],[134.565279,33.732147],[134.565296,33.732155],[134.565317,33.732155],[134.56535,33.732158],[134.565397,33.732165],[134.565462,33.732181],[134.565542,33.732201],[134.565632,33.732224],[134.565724,33.732248],[134.565745,33.732257],[134.565794,33.732283],[134.565822,33.732296],[134.565846,33.732308],[134.565865,33.732319],[134.565884,33.73233],[134.565902,33.732336],[134.565912,33.732335],[134.565933,33.732332],[134.565954,33.732331],[134.565969,33.732337],[134.565983,33.732351],[134.565995,33.732368],[134.56601,33.732384],[134.566025,33.732394],[134.566032,33.732395],[134.566051,33.73239],[134.566067,33.732379],[134.566079,33.732365],[134.566094,33.732353],[134.566104,33.732351],[134.566129,33.732348],[134.566159,33.73235],[134.566189,33.732352],[134.566219,33.732349],[134.566245,33.732345],[134.566269,33.73234],[134.566292,33.732337],[134.566312,33.732341],[134.566321,33.732345],[134.566337,33.732358],[134.566348,33.732374],[134.566357,33.732391],[134.566366,33.732405],[134.566377,33.73241],[134.566392,33.732411],[134.566408,33.73241],[134.566425,33.732411],[134.566444,33.732418],[134.56646,33.732432],[134.566467,33.732443],[134.566478,33.732467],[134.56648,33.732493],[134.566483,33.732515],[134.566487,33.732523],[134.566493,33.732527],[134.566501,33.732528],[134.566521,33.732527],[134.566538,33.732529],[134.566553,33.732537],[134.566571,33.73255],[134.56659,33.732568],[134.56661,33.73259],[134.566622,33.732615],[134.566628,33.732638],[134.566628,33.73266],[134.566626,33.732675],[134.566627,33.732685],[134.566632,33.732688],[134.566637,33.732688],[134.566654,33.732685],[134.566676,33.732676],[134.566694,33.732664],[134.566713,33.732648],[134.566732,33.732633],[134.566752,33.732618],[134.566772,33.732611],[134.56679,33.732611],[134.566799,33.732616],[134.566818,33.732631],[134.566834,33.732653],[134.566852,33.732682],[134.56687,33.732712],[134.566888,33.73274],[134.566908,33.732766],[134.566926,33.732788],[134.566945,33.732808],[134.566958,33.732831],[134.566966,33.732855],[134.566967,33.732879],[134.56696,33.732897],[134.566942,33.732919],[134.566853,33.732884],[134.566796,33.732867],[134.566727,33.732855],[134.566643,33.732852],[134.566558,33.732856],[134.566498,33.732862],[134.566475,33.732861],[134.566452,33.732855],[134.566431,33.732845],[134.566387,33.73282],[134.566342,33.73279],[134.566296,33.732756],[134.566259,33.732722],[134.566226,33.732694],[134.566204,33.732682],[134.566181,33.732674],[134.566143,33.73267],[134.566128,33.732674],[134.566092,33.732685],[134.56605,33.732695],[134.566029,33.732696],[134.565973,33.732685],[134.56593,33.732672],[134.565728,33.732591],[134.565621,33.732548],[134.565481,33.732497],[134.565422,33.732481],[134.565369,33.73247],[134.565324,33.732465],[134.565249,33.732464],[134.565182,33.73246],[134.565118,33.732451],[134.565056,33.732442],[134.564995,33.732438],[134.564939,33.73244],[134.564892,33.732446],[134.564852,33.732455],[134.564809,33.732471],[134.564756,33.732492],[134.564705,33.732515],[134.564673,33.732533],[134.564659,33.732546],[134.564649,33.73256],[134.56463,33.732576],[134.56462,33.732585],[134.564614,33.732595],[134.564613,33.732605],[134.564617,33.732614],[134.564642,33.732634],[134.564686,33.732658],[134.564737,33.732689],[134.56479,33.732723],[134.564835,33.732759],[134.56487,33.732793],[134.564899,33.732828],[134.564925,33.732863],[134.564944,33.7329],[134.564955,33.732938],[134.564955,33.732981],[134.564949,33.733029],[134.564937,33.733082],[134.564928,33.733136],[134.564931,33.733185],[134.564944,33.73323],[134.56496,33.733281],[134.564968,33.733343],[134.56497,33.733404],[134.564964,33.73345],[134.564955,33.733479],[134.564949,33.733507],[134.564947,33.733524],[134.564952,33.733564],[134.564956,33.733583],[134.564972,33.733612],[134.564993,33.733628],[134.565016,33.733639],[134.565036,33.733653],[134.565053,33.733669],[134.565064,33.733688],[134.56507,33.73371],[134.565072,33.733743],[134.565071,33.733786],[134.565062,33.733836],[134.565053,33.733862],[134.565025,33.733913],[134.564994,33.733956],[134.564976,33.733985],[134.564968,33.734004],[134.564955,33.734027],[134.564926,33.734062],[134.564894,33.734108],[134.564874,33.734157],[134.564868,33.734205],[134.564869,33.734251],[134.564867,33.734294],[134.564861,33.734334],[134.56485,33.734371],[134.564836,33.734404],[134.56482,33.734433],[134.564801,33.734458],[134.564771,33.734485],[134.564722,33.734522],[134.564659,33.734565],[134.564604,33.734602],[134.564573,33.734623],[134.564554,33.734637],[134.564527,33.734654],[134.564486,33.734679],[134.564433,33.734703],[134.56437,33.73472],[134.564309,33.734733],[134.564255,33.734742],[134.564213,33.73475],[134.564181,33.73476],[134.564155,33.734774],[134.564137,33.734796],[134.564122,33.734829],[134.564113,33.734867],[134.56411,33.734901],[134.56411,33.734922],[134.564113,33.73494],[134.56411,33.734966],[134.564101,33.735002],[134.564085,33.735043],[134.564063,33.735081],[134.564038,33.735117],[134.564015,33.735154],[134.563994,33.735195],[134.563973,33.735241],[134.563948,33.735292],[134.563926,33.735344],[134.563913,33.735388],[134.56391,33.735423],[134.563912,33.735453],[134.563915,33.735478],[134.563919,33.735505],[134.563926,33.73554],[134.563934,33.735584],[134.563937,33.73563],[134.56393,33.735674],[134.563916,33.735715],[134.5639,33.735754],[134.563884,33.735791],[134.563869,33.735832],[134.563858,33.735875],[134.563853,33.73592],[134.563857,33.735962],[134.563868,33.736001],[134.563886,33.736046],[134.563908,33.736101],[134.563934,33.736167],[134.563964,33.736237],[134.563996,33.736309],[134.56403,33.736381],[134.564119,33.736544],[134.564103,33.736575],[134.564086,33.736607],[134.564067,33.736634],[134.564045,33.736661],[134.56402,33.736689],[134.563995,33.73672],[134.563969,33.736754],[134.563943,33.736788],[134.563918,33.73682],[134.563897,33.736853],[134.563878,33.736884],[134.563863,33.736915],[134.56385,33.736946],[134.563837,33.73698],[134.563826,33.737017],[134.563816,33.737058],[134.563811,33.7371],[134.563809,33.737141],[134.563813,33.737182],[134.563823,33.737225],[134.563839,33.737272],[134.563861,33.737321],[134.563891,33.737368],[134.563928,33.73741],[134.563962,33.737451],[134.563988,33.737492],[134.564011,33.737533],[134.564034,33.737575],[134.564058,33.737617],[134.564083,33.737658],[134.564106,33.737693],[134.564124,33.737729],[134.564129,33.73775],[134.564129,33.737795],[134.56412,33.737843],[134.564108,33.73789],[134.564099,33.73794],[134.564093,33.738007],[134.564078,33.738226],[134.564075,33.738243],[134.564076,33.7383],[134.564071,33.738348],[134.564062,33.738401],[134.56406,33.738418],[134.564061,33.738439],[134.564065,33.738469],[134.564072,33.738515],[134.564086,33.738581],[134.564103,33.738656],[134.564119,33.73872],[134.564127,33.738755],[134.564132,33.738773],[134.564139,33.738792],[134.564149,33.738818],[134.564161,33.738843],[134.564171,33.738866],[134.564183,33.738891],[134.5642,33.738931],[134.564219,33.738984],[134.564238,33.739038],[134.564251,33.739088],[134.56426,33.739135],[134.564269,33.739187],[134.564279,33.739245],[134.56429,33.739306],[134.564298,33.739364],[134.564305,33.739416],[134.56431,33.739455],[134.564314,33.739486],[134.564317,33.739516],[134.564321,33.739552],[134.564325,33.739589],[134.564328,33.739627],[134.564331,33.739661],[134.564332,33.73969],[134.564331,33.739719],[134.564329,33.739749],[134.564328,33.739786],[134.564326,33.739827],[134.564322,33.739869],[134.564312,33.739907],[134.5643,33.739941],[134.564289,33.739976],[134.564276,33.740014],[134.564262,33.740052],[134.564247,33.740091],[134.564232,33.740132],[134.564222,33.740174],[134.564215,33.740216],[134.564208,33.740259],[134.564198,33.740305],[134.564188,33.740343],[134.564182,33.740371],[134.56418,33.740389],[134.564177,33.740404],[134.56417,33.740425],[134.564175,33.740494],[134.564194,33.74054],[134.564216,33.740582],[134.564233,33.740614],[134.564245,33.740639],[134.564255,33.740664],[134.564262,33.740694],[134.564268,33.740732],[134.564269,33.740781],[134.564269,33.740834],[134.564269,33.740885],[134.564265,33.740932],[134.564259,33.74098],[134.564247,33.741034],[134.564229,33.741099],[134.564206,33.741184],[134.56418,33.741285],[134.564153,33.741387],[134.564127,33.741478],[134.564105,33.741554],[134.564089,33.741616],[134.564077,33.741668],[134.56407,33.74171],[134.564067,33.74175],[134.564069,33.741784],[134.564072,33.741792]]]},"properties":{"S_NAME":"恵比須浜","HCODE":8101}},{"type":"Feature","geometry":{"type":"Polygon","coordinates":[[[134.564072,33.741792],[134.564081,33.741814],[134.564103,33.741839],[134.564134,33.741864],[134.56417,33.741893],[134.564207,33.74192],[134.564241,33.741945],[134.56427,33.741966],[134.5643,33.741987],[134.564334,33.742012],[134.564373,33.742037],[134.564419,33.742058],[134.564468,33.742077],[134.56452,33.742094],[134.564572,33.742114],[134.564625,33.742136],[134.564678,33.742155],[134.564732,33.742173],[134.564784,33.742192],[134.564832,33.742215],[134.564878,33.742238],[134.56492,33.742261],[134.564962,33.742284],[134.565011,33.74231],[134.565067,33.742341],[134.565123,33.742373],[134.565169,33.742403],[134.565202,33.742433],[134.565231,33.742463],[134.565261,33.7425],[134.565289,33.742537],[134.565312,33.742573],[134.56533,33.742606],[134.565345,33.742641],[134.565355,33.742678],[134.565363,33.742717],[134.565363,33.742723],[134.565366,33.742756],[134.565367,33.742794],[134.565364,33.74283],[134.565359,33.74286],[134.565355,33.74289],[134.565351,33.74292],[134.565347,33.742953],[134.565341,33.742991],[134.565331,33.743036],[134.565315,33.743166],[134.565319,33.743212],[134.565324,33.743267],[134.565334,33.743326],[134.565349,33.743374],[134.56536,33.743393],[134.565383,33.743426],[134.565408,33.743455],[134.565432,33.743487],[134.565455,33.743526],[134.565477,33.743571],[134.565501,33.74362],[134.565528,33.74367],[134.565555,33.743717],[134.565582,33.743756],[134.565739,33.743993],[134.565758,33.744025],[134.565776,33.744065],[134.565791,33.744104],[134.565802,33.744137],[134.565818,33.744176],[134.565842,33.744236],[134.565874,33.744345],[134.565913,33.74448],[134.56593,33.744506],[134.565944,33.744528],[134.56596,33.744548],[134.565976,33.744569],[134.565994,33.744591],[134.566015,33.744614],[134.566042,33.744639],[134.566072,33.744667],[134.566103,33.744701],[134.566132,33.744737],[134.56616,33.744771],[134.566183,33.744798],[134.566201,33.744821],[134.566214,33.744846],[134.566221,33.744873],[134.566224,33.7449],[134.566224,33.744922],[134.566223,33.744955],[134.566219,33.745012],[134.56621,33.745106],[134.566201,33.74524],[134.566188,33.74541],[134.566175,33.745604],[134.566155,33.7458],[134.566134,33.745991],[134.56611,33.746179],[134.565987,33.746202],[134.565897,33.746214],[134.565658,33.74628],[134.56559,33.746301],[134.565536,33.746315],[134.565484,33.746329],[134.56543,33.746346],[134.565371,33.746368],[134.565308,33.746392],[134.565245,33.746417],[134.565187,33.746438],[134.565131,33.746454],[134.565068,33.74647],[134.564995,33.746487],[134.564924,33.746503],[134.564873,33.746514],[134.564846,33.746523],[134.564837,33.746528],[134.564823,33.746542],[134.564818,33.746552],[134.564806,33.746573],[134.564797,33.746598],[134.564788,33.746622],[134.564779,33.746652],[134.564766,33.746687],[134.56475,33.746724],[134.564734,33.746758],[134.56472,33.746788],[134.564707,33.746814],[134.564691,33.746837],[134.564675,33.74686],[134.564657,33.746885],[134.564637,33.746914],[134.564618,33.746942],[134.5646,33.746967],[134.564584,33.746991],[134.56457,33.747016],[134.564555,33.747045],[134.564542,33.74708],[134.564526,33.747119],[134.564511,33.747159],[134.564487,33.747239],[134.564431,33.747403],[134.564401,33.747507],[134.564378,33.747566],[134.564351,33.747623],[134.564323,33.747672],[134.564296,33.747709],[134.564266,33.74774],[134.563928,33.748048],[134.563889,33.748076],[134.563846,33.748096],[134.563801,33.748109],[134.563507,33.748202],[134.563486,33.748215],[134.563468,33.748233],[134.563463,33.748255],[134.56346,33.748348],[134.563455,33.7485],[134.563452,33.748664],[134.563457,33.748826],[134.563464,33.748973],[134.563465,33.749094],[134.563462,33.749225],[134.563464,33.749383],[134.563476,33.749551],[134.56349,33.749632],[134.563507,33.749711],[134.563545,33.749861],[134.563575,33.75002],[134.5636,33.750113],[134.563638,33.750219],[134.563724,33.750424],[134.563779,33.750573],[134.563844,33.750719],[134.563887,33.750795],[134.563923,33.750852],[134.563962,33.750897],[134.563998,33.750926],[134.564071,33.750975],[134.564157,33.751035],[134.564207,33.751072],[134.564219,33.751089],[134.564223,33.751113],[134.564223,33.751143],[134.564216,33.751184],[134.564201,33.751237],[134.564169,33.751381],[134.564155,33.751471],[134.564144,33.751568],[134.564128,33.75175],[134.564127,33.751759],[134.56411,33.751934],[134.564086,33.752087],[134.56408,33.752151],[134.564081,33.752237],[134.564068,33.752259],[134.564033,33.752264],[134.563982,33.752259],[134.56387,33.752248],[134.563819,33.752248],[134.563779,33.752255],[134.563749,33.752266],[134.563724,33.752283],[134.56363,33.752343],[134.563589,33.752365],[134.563545,33.752382],[134.563485,33.7524],[134.563381,33.752424],[134.563251,33.75244],[134.563097,33.752447],[134.562792,33.75245],[134.562672,33.752455],[134.562457,33.752467],[134.562178,33.752472],[134.562031,33.752481],[134.561892,33.752499],[134.561765,33.752526],[134.561652,33.752558],[134.561458,33.752626],[134.561369,33.75265],[134.561279,33.752661],[134.561087,33.752667],[134.56098,33.752674],[134.560874,33.752689],[134.560779,33.752708],[134.560698,33.752733],[134.560625,33.752765],[134.560453,33.752862],[134.560263,33.752969],[134.560184,33.753007],[134.560125,33.75304],[134.560102,33.753057],[134.560085,33.753076],[134.560073,33.753098],[134.560067,33.753122],[134.560058,33.753235],[134.560049,33.753293],[134.560035,33.75335],[134.56001,33.753428],[134.55998,33.753509],[134.559946,33.753593],[134.559911,33.753668],[134.559876,33.753726],[134.559841,33.753771],[134.5598,33.753812],[134.559791,33.75382],[134.559751,33.753853],[134.559639,33.753944],[134.559516,33.754046],[134.559441,33.754104],[134.559256,33.754225],[134.559097,33.754331],[134.558957,33.754425],[134.558867,33.754478],[134.558683,33.754577],[134.55861,33.754609],[134.558542,33.754633],[134.558367,33.754686],[134.558151,33.754752],[134.558055,33.754776],[134.557968,33.754792],[134.557908,33.754795],[134.557861,33.754794],[134.557778,33.754786],[134.557687,33.754773],[134.557583,33.754759],[134.557438,33.75474],[134.55728,33.754732],[134.557128,33.754733],[134.556957,33.754746],[134.556797,33.754762],[134.556655,33.754782],[134.556419,33.754828],[134.556215,33.754869],[134.556104,33.754883],[134.555992,33.754892],[134.555885,33.754896],[134.55579,33.754893],[134.555708,33.754885],[134.555639,33.754871],[134.555527,33.754835],[134.555473,33.754826],[134.555411,33.754826],[134.555346,33.754837],[134.55528,33.754852],[134.555151,33.754883],[134.555086,33.754905],[134.55502,33.754931],[134.554959,33.754964],[134.554909,33.755004],[134.554874,33.75505],[134.554851,33.755104],[134.554835,33.755164],[134.554804,33.755289],[134.554786,33.755395],[134.554783,33.755494],[134.554783,33.755625],[134.554781,33.755685],[134.554774,33.755727],[134.554748,33.755802],[134.554705,33.755911],[134.554678,33.755964],[134.554648,33.756005],[134.554612,33.756039],[134.554566,33.756074],[134.554443,33.756165],[134.554319,33.756271],[134.554249,33.756343],[134.554033,33.756707],[134.553952,33.756877],[134.553878,33.757033],[134.553835,33.75711],[134.553787,33.757188],[134.553669,33.757351],[134.553619,33.757428],[134.553591,33.757497],[134.553587,33.757538],[134.553594,33.757562],[134.553597,33.757576],[134.553502,33.757602],[134.553228,33.757604],[134.551281,33.757178],[134.549687,33.756955],[134.548942,33.756684],[134.548021,33.75639],[134.547128,33.756249],[134.546905,33.755875],[134.546756,33.755554],[134.546676,33.75493],[134.546645,33.754386],[134.546638,33.753782],[134.546774,33.753095],[134.546839,33.75243],[134.547069,33.751541],[134.5473,33.750673],[134.547481,33.749704],[134.547907,33.748527],[134.545883,33.747862],[134.545736,33.747399],[134.545487,33.746616],[134.544919,33.745486],[134.54424,33.744267],[134.543401,33.743234],[134.543038,33.742363],[134.5436,33.74214],[134.54405,33.742031],[134.544672,33.741957],[134.545233,33.741986],[134.545916,33.741877],[134.546889,33.74166],[134.547797,33.741271],[134.548145,33.74087],[134.548615,33.740259],[134.549003,33.739736],[134.549454,33.739212],[134.549841,33.738654],[134.550145,33.73808],[134.550402,33.737021],[134.5506,33.736239],[134.550822,33.735388],[134.550937,33.735391],[134.550981,33.735391],[134.55102,33.735387],[134.551057,33.735379],[134.551094,33.735374],[134.551132,33.735371],[134.551172,33.735375],[134.551212,33.735382],[134.551252,33.735392],[134.551287,33.735404],[134.551312,33.735415],[134.551326,33.735425],[134.551329,33.735433],[134.551322,33.735439],[134.551309,33.735444],[134.551292,33.735447],[134.55128,33.735449],[134.551279,33.735457],[134.551291,33.735466],[134.551315,33.735477],[134.551345,33.735487],[134.551379,33.735496],[134.551408,33.735504],[134.55143,33.735512],[134.551447,33.735522],[134.551459,33.735533],[134.55147,33.735546],[134.551481,33.735564],[134.551492,33.735583],[134.5515,33.735603],[134.5515,33.735619],[134.551495,33.735635],[134.551486,33.735653],[134.551464,33.735696],[134.551456,33.735712],[134.551455,33.735735],[134.551462,33.73575],[134.551502,33.735785],[134.551522,33.735808],[134.551537,33.735834],[134.551548,33.735865],[134.551557,33.735895],[134.551565,33.735921],[134.55157,33.735938],[134.551571,33.735951],[134.551567,33.735962],[134.551556,33.735973],[134.551545,33.735984],[134.551523,33.736],[134.55151,33.736009],[134.551497,33.73602],[134.551489,33.736032],[134.551486,33.736043],[134.551489,33.736054],[134.551508,33.736075],[134.55151,33.736087],[134.551499,33.736099],[134.551459,33.736124],[134.55144,33.736137],[134.551433,33.73615],[134.551438,33.736162],[134.551451,33.736177],[134.551462,33.736198],[134.55147,33.736222],[134.551475,33.736248],[134.551479,33.73627],[134.551485,33.736285],[134.551492,33.73629],[134.551498,33.73629],[134.551517,33.736282],[134.551537,33.736269],[134.551554,33.736251],[134.55157,33.736236],[134.551583,33.736226],[134.551589,33.736224],[134.551602,33.736225],[134.551618,33.736231],[134.551633,33.736242],[134.551639,33.736258],[134.551637,33.736267],[134.551625,33.736287],[134.551608,33.736309],[134.551592,33.736331],[134.551575,33.736348],[134.551566,33.736351],[134.551513,33.736342],[134.551479,33.736343],[134.55144,33.736351],[134.551406,33.736356],[134.551392,33.736353],[134.55138,33.736346],[134.551359,33.736328],[134.551337,33.73631],[134.551286,33.736285],[134.551258,33.736272],[134.551229,33.736261],[134.551173,33.736252],[134.551146,33.736245],[134.551092,33.736215],[134.551068,33.73621],[134.55103,33.736225],[134.551014,33.736224],[134.550996,33.736224],[134.55097,33.736229],[134.550955,33.736237],[134.550922,33.736254],[134.550895,33.736273],[134.550875,33.736291],[134.550859,33.736309],[134.550843,33.736327],[134.550832,33.736348],[134.550832,33.736376],[134.550841,33.736407],[134.550862,33.736456],[134.550867,33.736476],[134.550871,33.736501],[134.550871,33.736534],[134.550871,33.73657],[134.550868,33.736603],[134.55087,33.736633],[134.550882,33.736656],[134.550902,33.736672],[134.550917,33.736687],[134.55092,33.736695],[134.550919,33.736704],[134.550917,33.736722],[134.550921,33.736738],[134.550955,33.736761],[134.55097,33.736772],[134.550983,33.736785],[134.55099,33.7368],[134.550991,33.736817],[134.550985,33.736831],[134.550971,33.736838],[134.550948,33.736841],[134.550956,33.736845],[134.550976,33.73686],[134.551002,33.736885],[134.551027,33.736912],[134.551052,33.736955],[134.551068,33.736978],[134.551089,33.737002],[134.551115,33.737025],[134.551137,33.737042],[134.551158,33.737056],[134.551177,33.737068],[134.551193,33.737076],[134.551209,33.737079],[134.551224,33.737075],[134.551242,33.737066],[134.551267,33.737055],[134.551296,33.737045],[134.551328,33.73704],[134.551357,33.737044],[134.551369,33.737049],[134.551386,33.737064],[134.551389,33.737072],[134.551392,33.73709],[134.551386,33.737105],[134.551378,33.737112],[134.551371,33.737118],[134.551371,33.737135],[134.55138,33.73716],[134.5514,33.737188],[134.551431,33.737212],[134.551497,33.73725],[134.551523,33.737267],[134.551545,33.737286],[134.551564,33.737309],[134.551586,33.737336],[134.551613,33.737365],[134.551678,33.737419],[134.5517,33.737437],[134.551718,33.737455],[134.55174,33.737477],[134.551763,33.737503],[134.551778,33.737528],[134.551778,33.737548],[134.551774,33.737566],[134.551776,33.737585],[134.551804,33.737624],[134.551815,33.73764],[134.551823,33.737656],[134.551825,33.737673],[134.551823,33.737692],[134.551818,33.737713],[134.551809,33.737736],[134.551802,33.737758],[134.551802,33.737777],[134.551827,33.737823],[134.551848,33.73786],[134.551873,33.737901],[134.551898,33.737939],[134.551923,33.737969],[134.551949,33.737993],[134.551977,33.738013],[134.552036,33.738044],[134.55206,33.738057],[134.552077,33.738069],[134.552084,33.738079],[134.552085,33.73809],[134.552083,33.738099],[134.552078,33.738106],[134.552069,33.738109],[134.552038,33.738106],[134.552017,33.738106],[134.551998,33.738111],[134.551983,33.73812],[134.551974,33.738131],[134.551973,33.738144],[134.551978,33.738157],[134.551987,33.738171],[134.552,33.738192],[134.552014,33.738222],[134.552033,33.738257],[134.55206,33.738291],[134.552085,33.738311],[134.552113,33.738329],[134.55212,33.738335],[134.552125,33.738342],[134.552126,33.738347],[134.552126,33.738351],[134.552123,33.738355],[134.552119,33.738359],[134.552116,33.738362],[134.55211,33.738364],[134.552099,33.738368],[134.552095,33.738371],[134.552093,33.738373],[134.552092,33.738375],[134.552092,33.738378],[134.552093,33.738383],[134.552096,33.738392],[134.552106,33.738415],[134.552114,33.738442],[134.552124,33.738471],[134.552137,33.7385],[134.552154,33.738528],[134.552173,33.738554],[134.552193,33.73858],[134.552212,33.738604],[134.55223,33.738626],[134.552242,33.738644],[134.552245,33.738651],[134.552247,33.738657],[134.552247,33.738662],[134.552245,33.738665],[134.552243,33.738668],[134.552239,33.73867],[134.552232,33.738671],[134.552226,33.738669],[134.55222,33.738666],[134.552214,33.738664],[134.552207,33.738661],[134.552204,33.73866],[134.5522,33.738659],[134.552195,33.738659],[134.552191,33.73866],[134.552188,33.738662],[134.552185,33.738665],[134.552178,33.738673],[134.552177,33.73868],[134.552177,33.738687],[134.552181,33.738696],[134.552184,33.738705],[134.552192,33.738717],[134.552199,33.738728],[134.552222,33.738756],[134.552247,33.738784],[134.552267,33.738811],[134.552278,33.738834],[134.552285,33.738855],[134.552292,33.738876],[134.552299,33.738888],[134.552304,33.738897],[134.552323,33.738922],[134.552347,33.738945],[134.552374,33.738967],[134.552401,33.738986],[134.552426,33.739003],[134.552439,33.739013],[134.552448,33.739022],[134.552458,33.739031],[134.552464,33.739043],[134.55247,33.739056],[134.552473,33.739067],[134.552476,33.739092],[134.552471,33.739112],[134.552464,33.73912],[134.552457,33.739126],[134.552449,33.739131],[134.552431,33.739141],[134.552414,33.739149],[134.552399,33.739158],[134.552394,33.739165],[134.552389,33.739172],[134.552386,33.739183],[134.552385,33.739191],[134.552386,33.739217],[134.552393,33.739251],[134.552403,33.739292],[134.55242,33.739339],[134.552439,33.739388],[134.552462,33.73944],[134.552485,33.739488],[134.552508,33.73953],[134.552527,33.739566],[134.552539,33.739593],[134.552542,33.739604],[134.552542,33.739612],[134.552537,33.739618],[134.552531,33.739622],[134.552515,33.73963],[134.552506,33.739634],[134.552501,33.73964],[134.552499,33.739648],[134.552498,33.739656],[134.552499,33.739668],[134.552503,33.739682],[134.552516,33.739712],[134.552524,33.739724],[134.552532,33.739741],[134.552548,33.739765],[134.552555,33.739775],[134.552564,33.739784],[134.552573,33.739791],[134.552582,33.739797],[134.552591,33.739802],[134.552601,33.739805],[134.552611,33.739807],[134.552622,33.739809],[134.552642,33.73981],[134.552653,33.739813],[134.552662,33.739816],[134.552669,33.739819],[134.552676,33.739825],[134.552681,33.739832],[134.552686,33.739838],[134.552689,33.739846],[134.552691,33.739856],[134.552692,33.739866],[134.552692,33.739876],[134.55269,33.739887],[134.552688,33.739896],[134.552684,33.739905],[134.55268,33.739912],[134.552676,33.739918],[134.55267,33.739922],[134.55266,33.739925],[134.552646,33.739928],[134.552634,33.739931],[134.552629,33.739934],[134.552625,33.739937],[134.552622,33.739942],[134.55262,33.739947],[134.552619,33.739959],[134.55262,33.739994],[134.552625,33.740036],[134.55263,33.740079],[134.552635,33.740116],[134.55264,33.74015],[134.552643,33.740179],[134.552645,33.740207],[134.552644,33.740235],[134.552638,33.740265],[134.552627,33.740297],[134.552605,33.740333],[134.552582,33.740373],[134.552559,33.740419],[134.552551,33.740444],[134.552537,33.740498],[134.552534,33.740528],[134.552531,33.740592],[134.552532,33.740663],[134.552534,33.740736],[134.552537,33.740813],[134.55254,33.740887],[134.552544,33.740955],[134.552549,33.741019],[134.552559,33.741082],[134.552576,33.741151],[134.552599,33.741227],[134.552631,33.741308],[134.552667,33.741384],[134.552705,33.741449],[134.552746,33.741502],[134.552793,33.741548],[134.552851,33.741594],[134.552919,33.741642],[134.552996,33.741693],[134.553077,33.741743],[134.553158,33.741787],[134.553239,33.741825],[134.553325,33.741859],[134.553422,33.741892],[134.553533,33.741922],[134.553653,33.741949],[134.553773,33.741975],[134.553887,33.741995],[134.553996,33.742011],[134.554099,33.742024],[134.554207,33.742034],[134.55432,33.74204],[134.554435,33.742045],[134.554547,33.742046],[134.554618,33.742044],[134.554652,33.742043],[134.554747,33.742037],[134.554835,33.742026],[134.554917,33.742013],[134.554994,33.741995],[134.555067,33.741975],[134.555136,33.741954],[134.5552,33.741934],[134.55526,33.741916],[134.555314,33.741898],[134.555362,33.741883],[134.555404,33.741866],[134.555447,33.741848],[134.555499,33.741823],[134.555568,33.741788],[134.555653,33.741745],[134.55574,33.741701],[134.555818,33.741663],[134.555876,33.741636],[134.555918,33.741615],[134.555948,33.741598],[134.555972,33.741578],[134.555992,33.741553],[134.55601,33.741527],[134.556027,33.741503],[134.556043,33.741481],[134.556061,33.741464],[134.556081,33.74145],[134.556105,33.741439],[134.556132,33.741429],[134.556156,33.741418],[134.556179,33.741401],[134.556194,33.741378],[134.556207,33.741351],[134.556223,33.741325],[134.556248,33.741305],[134.556281,33.741292],[134.556322,33.741284],[134.556365,33.741278],[134.556417,33.741201],[134.556318,33.741012],[134.556273,33.740903],[134.556066,33.740794],[134.556062,33.740776],[134.556088,33.740771],[134.556273,33.740864],[134.5563,33.740853],[134.55633,33.740845],[134.55636,33.740839],[134.55639,33.740838],[134.55642,33.740841],[134.556449,33.740849],[134.556477,33.74086],[134.556499,33.74087],[134.556518,33.740884],[134.556533,33.740897],[134.556544,33.740911],[134.556553,33.740926],[134.556597,33.741025],[134.556602,33.741011],[134.556623,33.740953],[134.556639,33.740897],[134.556648,33.740848],[134.556653,33.740802],[134.55665,33.740757],[134.556643,33.740691],[134.556634,33.740627],[134.556244,33.740362],[134.55626,33.740344],[134.55622,33.740295],[134.556108,33.740313],[134.5561,33.740313],[134.55609,33.740311],[134.556081,33.740308],[134.556072,33.740302],[134.556066,33.740297],[134.55606,33.74029],[134.556057,33.740282],[134.556056,33.740274],[134.556056,33.740269],[134.556057,33.740265],[134.556058,33.740261],[134.55606,33.740256],[134.556064,33.740249],[134.556071,33.740243],[134.556079,33.740237],[134.556371,33.74019],[134.556363,33.740176],[134.556351,33.740154],[134.556339,33.740131],[134.556326,33.740108],[134.556313,33.740083],[134.556298,33.740059],[134.556285,33.740035],[134.556272,33.740012],[134.55626,33.739991],[134.55625,33.739968],[134.556243,33.739947],[134.556238,33.739929],[134.556235,33.73991],[134.556202,33.739781],[134.556201,33.739779],[134.556185,33.739778],[134.556166,33.739739],[134.556185,33.739734],[134.556141,33.739662],[134.556128,33.739583],[134.556107,33.739584],[134.556087,33.739584],[134.556078,33.739583],[134.55607,33.73958],[134.556064,33.739576],[134.556057,33.73957],[134.556053,33.739564],[134.556048,33.739555],[134.556045,33.739547],[134.556044,33.739537],[134.556046,33.739522],[134.556048,33.739516],[134.556051,33.739509],[134.556055,33.739505],[134.556062,33.739501],[134.556077,33.739493],[134.556094,33.739483],[134.556112,33.73947],[134.556128,33.739454],[134.556133,33.739445],[134.556137,33.739437],[134.556138,33.739429],[134.556137,33.739416],[134.556131,33.739394],[134.556119,33.739371],[134.556106,33.739348],[134.556093,33.739326],[134.556082,33.739306],[134.556075,33.739288],[134.556073,33.739274],[134.556073,33.73926],[134.556073,33.739251],[134.556071,33.739249],[134.556068,33.739246],[134.556065,33.739244],[134.556059,33.739242],[134.556048,33.73924],[134.556034,33.739238],[134.556022,33.739235],[134.55601,33.739231],[134.555999,33.739226],[134.555985,33.739218],[134.55598,33.739214],[134.555976,33.739209],[134.555974,33.739207],[134.555973,33.739203],[134.555973,33.739201],[134.555974,33.739198],[134.555977,33.739194],[134.55598,33.739191],[134.555982,33.739191],[134.555985,33.739191],[134.55599,33.739192],[134.555994,33.739194],[134.556007,33.739199],[134.556022,33.739205],[134.556037,33.739209],[134.556044,33.739209],[134.556047,33.739208],[134.556048,33.739205],[134.556048,33.739199],[134.556047,33.739193],[134.556044,33.739185],[134.556036,33.739168],[134.556029,33.739152],[134.556024,33.739138],[134.55602,33.739124],[134.556019,33.739113],[134.55602,33.739097],[134.556022,33.739084],[134.556024,33.739072],[134.556025,33.739068],[134.556027,33.739065],[134.556031,33.739063],[134.556034,33.739063],[134.556037,33.739065],[134.556048,33.739073],[134.556061,33.739083],[134.556076,33.739095],[134.556088,33.739103],[134.55609,33.739104],[134.556092,33.739104],[134.556093,33.739102],[134.556093,33.739098],[134.556092,33.739083],[134.556091,33.739063],[134.556092,33.739053],[134.556096,33.739039],[134.5561,33.739027],[134.556107,33.739012],[134.556112,33.738988],[134.557168,33.739657],[134.558546,33.740453],[134.559808,33.74084],[134.561122,33.741181],[134.562217,33.741389],[134.564072,33.741792]]]},"properties":{"S_NAME":"恵比須浜字田井","HCODE":8101}},{"type":"Feature","geometry":{"type":"Polygon","coordinates":[[[134.536585,33.737711],[134.538985,33.735767],[134.539193,33.736415],[134.539442,33.736986],[134.539728,33.737287],[134.539932,33.737487],[134.540442,33.737955],[134.540789,33.738272],[134.541117,33.738724],[134.541344,33.73916],[134.541529,33.739445],[134.542309,33.74055],[134.542398,33.741206],[134.542691,33.742046],[134.543038,33.742363],[134.543401,33.743234],[134.54424,33.744267],[134.544919,33.745486],[134.545487,33.746616],[134.545736,33.747399],[134.545883,33.747862],[134.544508,33.74741],[134.543018,33.747098],[134.541756,33.746726],[134.540077,33.746473],[134.539202,33.746349],[134.538469,33.746132],[134.537669,33.745676],[134.537736,33.745618],[134.537847,33.745523],[134.537913,33.745455],[134.537945,33.745403],[134.537982,33.745324],[134.538029,33.74524],[134.538076,33.745192],[134.538141,33.745108],[134.53816,33.745064],[134.538183,33.745004],[134.538206,33.744957],[134.538201,33.744893],[134.538181,33.744842],[134.538162,33.744818],[134.538142,33.744778],[134.538099,33.744723],[134.538046,33.744684],[134.538069,33.744648],[134.537993,33.744617],[134.53795,33.74457],[134.537891,33.744483],[134.537853,33.744432],[134.537823,33.744352],[134.537803,33.744273],[134.537722,33.744186],[134.537688,33.744159],[134.537577,33.744041],[134.537476,33.743919],[134.537427,33.74384],[134.53736,33.743765],[134.537263,33.743666],[134.537136,33.743544],[134.537092,33.743453],[134.537091,33.743338],[134.537047,33.743275],[134.53697,33.743212],[134.536898,33.743153],[134.536841,33.743122],[134.536788,33.743083],[134.536724,33.742996],[134.536691,33.742952],[134.536566,33.742799],[134.53646,33.742657],[134.536384,33.742463],[134.53634,33.742392],[134.536301,33.74232],[134.536248,33.742281],[134.536214,33.742238],[134.53617,33.742131],[134.53616,33.742024],[134.536144,33.741921],[134.536123,33.74175],[134.536065,33.741449],[134.536038,33.741195],[134.536008,33.74106],[134.535992,33.740938],[134.535962,33.740831],[134.535937,33.740739],[134.535913,33.740664],[134.535883,33.740573],[134.535849,33.740514],[134.535829,33.740439],[134.536327,33.740065],[134.536211,33.739982],[134.536092,33.739933],[134.535978,33.739883],[134.535828,33.739801],[134.535655,33.739695],[134.53549,33.739589],[134.53531,33.73946],[134.535201,33.739348],[134.535086,33.7392],[134.534891,33.739022],[134.534717,33.738845],[134.534566,33.738703],[134.534427,33.738579],[134.534286,33.73848],[134.534222,33.738441],[134.534147,33.7384],[134.534068,33.738386],[134.533954,33.738366],[134.533868,33.738352],[134.533743,33.738341],[134.533593,33.738327],[134.533482,33.738328],[134.533361,33.738332],[134.533198,33.738328],[134.533101,33.738329],[134.533077,33.738323],[134.532971,33.738296],[134.532849,33.738264],[134.532727,33.738224],[134.532686,33.738197],[134.53267,33.738177],[134.53262,33.738144],[134.532571,33.738104],[134.532523,33.738118],[134.532524,33.738226],[134.532475,33.738219],[134.532418,33.738145],[134.532393,33.738105],[134.53232,33.738079],[134.532222,33.738059],[134.532165,33.738033],[134.532124,33.737999],[134.532059,33.737986],[134.531994,33.737987],[134.531921,33.737974],[134.531832,33.737941],[134.531742,33.73788],[134.531644,33.737814],[134.531582,33.737753],[134.531443,33.737646],[134.531369,33.737579],[134.531288,33.737512],[134.531214,33.737425],[134.531123,33.737337],[134.53105,33.737291],[134.531041,33.737264],[134.531098,33.737283],[134.531139,33.737297],[134.531171,33.737283],[134.531122,33.737243],[134.531008,33.737142],[134.530769,33.736873],[134.529938,33.736969],[134.529811,33.736982],[134.529823,33.736827],[134.529794,33.7366],[134.529805,33.736368],[134.529796,33.736166],[134.531461,33.736197],[134.531303,33.735946],[134.531189,33.7357],[134.531075,33.735418],[134.531015,33.735198],[134.530979,33.73497],[134.530978,33.734834],[134.530973,33.734673],[134.531003,33.73452],[134.531038,33.73438],[134.531114,33.734222],[134.531238,33.734051],[134.531351,33.733919],[134.531449,33.733818],[134.531608,33.733699],[134.531862,33.733577],[134.532035,33.733499],[134.532305,33.733442],[134.532498,33.733423],[134.532774,33.733425],[134.533029,33.733414],[134.532993,33.733544],[134.532987,33.733695],[134.532989,33.733846],[134.532961,33.733991],[134.532992,33.734092],[134.533043,33.734211],[134.53322,33.734241],[134.533295,33.734221],[134.533397,33.734199],[134.533536,33.734172],[134.533658,33.734142],[134.533609,33.734334],[134.533418,33.734997],[134.533179,33.73625],[134.533199,33.736313],[134.533331,33.736363],[134.534966,33.737184],[134.535505,33.737464],[134.535674,33.737474],[134.535902,33.737507],[134.536075,33.737512],[134.536185,33.737545],[134.536336,33.737594],[134.536417,33.737652],[134.536493,33.737684],[134.536585,33.737711]]]},"properties":{"S_NAME":"奥河内字井ノ上","HCODE":8101}},{"type":"Feature","geometry":{"type":"Polygon","coordinates":[[[134.517208,33.728955],[134.515395,33.728741],[134.513681,33.728556],[134.512778,33.72837],[134.511303,33.727928],[134.508797,33.726933],[134.50717,33.726391],[134.505306,33.726063],[134.503588,33.725922],[134.501912,33.72592],[134.500844,33.725856],[134.500193,33.725556],[134.4994,33.725046],[134.498776,33.724558],[134.498231,33.7238],[134.4976,33.722573],[134.497208,33.721143],[134.497403,33.719484],[134.497581,33.718861],[134.497622,33.718718],[134.497762,33.718114],[134.498424,33.717211],[134.499378,33.716376],[134.500377,33.715998],[134.50091,33.715829],[134.501748,33.715447],[134.502588,33.715158],[134.503621,33.714905],[134.504164,33.714846],[134.504572,33.714608],[134.504943,33.714134],[134.505369,33.713591],[134.50617,33.712802],[134.506622,33.712193],[134.506803,33.712029],[134.506989,33.711874],[134.50714,33.711794],[134.507517,33.711712],[134.50781,33.711637],[134.508095,33.711568],[134.508652,33.711454],[134.509482,33.711232],[134.509955,33.711098],[134.510605,33.71084],[134.510703,33.710698],[134.510859,33.710486],[134.511133,33.71023],[134.511396,33.710006],[134.511841,33.709702],[134.512168,33.709484],[134.512589,33.709198],[134.512957,33.708945],[134.513467,33.708641],[134.513663,33.708538],[134.514114,33.709379],[134.514413,33.710057],[134.514714,33.710778],[134.51471,33.710922],[134.514678,33.711034],[134.514607,33.711137],[134.514519,33.711231],[134.514369,33.711288],[134.514225,33.711312],[134.514097,33.711313],[134.51388,33.711301],[134.513601,33.71128],[134.513395,33.711291],[134.513245,33.711339],[134.513118,33.711419],[134.513052,33.711527],[134.513012,33.711655],[134.513019,33.711785],[134.513088,33.71191],[134.5132,33.711997],[134.513362,33.712071],[134.513538,33.712118],[134.513801,33.712172],[134.514392,33.712264],[134.515168,33.71237],[134.515472,33.712416],[134.515639,33.712415],[134.515822,33.712381],[134.516611,33.712211],[134.516772,33.712191],[134.516922,33.712176],[134.517129,33.712202],[134.517824,33.712439],[134.517908,33.71273],[134.517208,33.728955]]]},"properties":{"S_NAME":"奥河内字奥潟","HCODE":8101}},{"type":"Feature","geometry":{"type":"Polygon","coordinates":[[[134.534051,33.726383],[134.534073,33.726278],[134.534094,33.726213],[134.534121,33.726152],[134.534162,33.725966],[134.534178,33.725845],[134.53416,33.725676],[134.534154,33.725531],[134.534144,33.725288],[134.534138,33.725103],[134.534132,33.724995],[134.534144,33.72486],[134.534141,33.724782],[134.534134,33.72462],[134.534134,33.724512],[134.534059,33.724421],[134.533929,33.724369],[134.533839,33.724356],[134.53362,33.724352],[134.533435,33.724342],[134.53334,33.724348],[134.533145,33.72435],[134.532833,33.724338],[134.53264,33.724317],[134.532471,33.724298],[134.532368,33.72428],[134.532223,33.724284],[134.532032,33.724267],[134.531864,33.724225],[134.531715,33.724218],[134.531549,33.724192],[134.531307,33.724121],[134.531101,33.724086],[134.530994,33.724056],[134.530843,33.723999],[134.530342,33.724148],[134.5302,33.724272],[134.530073,33.724414],[134.529946,33.724564],[134.529803,33.724705],[134.52864,33.726087],[134.527665,33.727548],[134.523329,33.723994],[134.523344,33.723359],[134.523407,33.72233],[134.523433,33.721657],[134.523463,33.720321],[134.523507,33.720157],[134.523837,33.719827],[134.524052,33.719518],[134.524095,33.71832],[134.524733,33.717579],[134.524998,33.717272],[134.525531,33.716653],[134.52639,33.715999],[134.527168,33.715335],[134.528866,33.714422],[134.529671,33.71398],[134.530966,33.713364],[134.531211,33.713165],[134.531663,33.712845],[134.531781,33.712916],[134.531946,33.713001],[134.532124,33.713091],[134.532311,33.713185],[134.532406,33.713231],[134.532502,33.713273],[134.532601,33.713312],[134.532724,33.713353],[134.532852,33.713388],[134.532982,33.71342],[134.533126,33.713447],[134.533167,33.713453],[134.53333,33.713476],[134.533474,33.713493],[134.533535,33.713498],[134.533636,33.7135],[134.533723,33.713501],[134.533767,33.713504],[134.533815,33.713511],[134.53387,33.713522],[134.533932,33.713539],[134.53407,33.713586],[134.534142,33.713616],[134.53421,33.713648],[134.534273,33.713682],[134.534328,33.713717],[134.534371,33.713751],[134.534405,33.713785],[134.534431,33.71382],[134.534452,33.713855],[134.534483,33.713926],[134.534512,33.713998],[134.534548,33.71407],[134.534584,33.71414],[134.534623,33.714203],[134.534658,33.714256],[134.534693,33.714299],[134.534728,33.71433],[134.534764,33.71435],[134.534782,33.714355],[134.534821,33.714359],[134.534861,33.714358],[134.534902,33.714355],[134.534942,33.714353],[134.534981,33.714356],[134.534999,33.714359],[134.535031,33.714375],[134.535059,33.714397],[134.535084,33.714418],[134.535095,33.714425],[134.535108,33.71443],[134.53512,33.71443],[134.535132,33.714426],[134.535158,33.714408],[134.535187,33.714384],[134.535218,33.714356],[134.535252,33.714327],[134.53529,33.714304],[134.535309,33.714294],[134.535351,33.714283],[134.535372,33.714282],[134.53541,33.714287],[134.535438,33.7143],[134.535446,33.714309],[134.535448,33.714318],[134.535446,33.714328],[134.53544,33.714341],[134.535417,33.714368],[134.535384,33.7144],[134.535344,33.714435],[134.535303,33.714471],[134.535266,33.714508],[134.535236,33.71454],[134.535213,33.71457],[134.535192,33.714597],[134.535167,33.714622],[134.535134,33.714645],[134.535115,33.714656],[134.535074,33.714672],[134.535033,33.714677],[134.534992,33.71467],[134.534952,33.714656],[134.534908,33.714641],[134.534859,33.71463],[134.534805,33.714627],[134.53475,33.714629],[134.534699,33.714637],[134.534655,33.714647],[134.53462,33.71466],[134.534594,33.714674],[134.534577,33.714687],[134.534567,33.7147],[134.53456,33.714718],[134.534555,33.714746],[134.534552,33.714789],[134.534557,33.714845],[134.53457,33.714906],[134.534587,33.714949],[134.53461,33.714996],[134.534668,33.715099],[134.534736,33.715204],[134.534803,33.715301],[134.534857,33.715379],[134.534904,33.715441],[134.534949,33.715489],[134.534997,33.715526],[134.535052,33.715557],[134.535113,33.715582],[134.535179,33.715605],[134.535248,33.715626],[134.53532,33.715646],[134.535389,33.715667],[134.535456,33.715687],[134.535516,33.715706],[134.535568,33.715721],[134.535611,33.715729],[134.535642,33.715725],[134.535666,33.715714],[134.535684,33.715696],[134.535702,33.715674],[134.535721,33.715652],[134.535744,33.715629],[134.535755,33.715619],[134.535785,33.715602],[134.53582,33.715592],[134.535861,33.715586],[134.535905,33.715587],[134.535951,33.715589],[134.535997,33.715591],[134.536018,33.715589],[134.536036,33.715583],[134.536052,33.715575],[134.536076,33.715545],[134.536097,33.71551],[134.536112,33.715493],[134.536129,33.71548],[134.536154,33.715472],[134.536184,33.715469],[134.53622,33.715472],[134.536301,33.715488],[134.536384,33.715511],[134.536459,33.715533],[134.536521,33.715549],[134.53658,33.715564],[134.536643,33.715581],[134.536715,33.7156],[134.536795,33.715619],[134.536879,33.715636],[134.536959,33.715646],[134.537031,33.71565],[134.53709,33.715659],[134.537114,33.715667],[134.537133,33.715678],[134.537145,33.715694],[134.537154,33.715713],[134.537164,33.71576],[134.537175,33.71581],[134.537185,33.715834],[134.537198,33.715855],[134.537217,33.715872],[134.537236,33.715886],[134.537255,33.715897],[134.537274,33.715907],[134.537292,33.715915],[134.537394,33.715956],[134.537525,33.716021],[134.537629,33.716082],[134.537699,33.716129],[134.537749,33.716162],[134.537773,33.716173],[134.5378,33.716179],[134.537865,33.716177],[134.537935,33.716168],[134.537966,33.716165],[134.537992,33.716166],[134.53801,33.71617],[134.538024,33.716178],[134.538034,33.716187],[134.538049,33.71621],[134.538058,33.716221],[134.538068,33.716229],[134.538081,33.716236],[134.538093,33.71624],[134.538108,33.716244],[134.53812,33.716244],[134.538133,33.716244],[134.538146,33.716235],[134.538151,33.71622],[134.538149,33.7162],[134.538142,33.716177],[134.538137,33.716155],[134.538136,33.716145],[134.538138,33.716137],[134.538145,33.71613],[134.538153,33.716125],[134.538171,33.716124],[134.538188,33.716126],[134.538221,33.716135],[134.538248,33.716144],[134.538338,33.716181],[134.538448,33.716229],[134.538566,33.716279],[134.538679,33.716319],[134.538781,33.716353],[134.538868,33.716386],[134.538912,33.716406],[134.538917,33.716408],[134.53892,33.716409],[134.538927,33.716409],[134.538933,33.716407],[134.538936,33.716406],[134.538939,33.716404],[134.538941,33.716403],[134.538946,33.716397],[134.538954,33.716388],[134.538958,33.716382],[134.538961,33.716377],[134.538963,33.716373],[134.538964,33.716368],[134.538963,33.716364],[134.538962,33.716362],[134.538961,33.71636],[134.538959,33.716357],[134.538953,33.716354],[134.53894,33.716346],[134.538913,33.716318],[134.538893,33.716283],[134.53888,33.716243],[134.538875,33.716205],[134.53888,33.716178],[134.538887,33.716169],[134.538897,33.716163],[134.538911,33.71616],[134.53895,33.716163],[134.539003,33.716173],[134.539068,33.716189],[134.539162,33.716209],[134.539233,33.716224],[134.539282,33.71624],[134.539305,33.716257],[134.539313,33.71627],[134.539315,33.716283],[134.539314,33.716298],[134.539309,33.716315],[134.5393,33.71633],[134.539274,33.716356],[134.539254,33.716365],[134.53921,33.716376],[134.539184,33.716378],[134.539134,33.716381],[134.539082,33.716381],[134.539037,33.716379],[134.53903,33.716379],[134.539022,33.716381],[134.539015,33.716383],[134.539008,33.716386],[134.539004,33.716388],[134.538996,33.716395],[134.538978,33.716415],[134.538976,33.716418],[134.538975,33.716419],[134.538974,33.716423],[134.538974,33.716431],[134.538975,33.716434],[134.538979,33.716439],[134.538984,33.716443],[134.53899,33.716446],[134.539012,33.716456],[134.53903,33.716461],[134.539045,33.716461],[134.539072,33.71645],[134.539096,33.716433],[134.539121,33.716421],[134.539149,33.716416],[134.539177,33.716417],[134.539206,33.716419],[134.539229,33.716423],[134.539246,33.71643],[134.53925,33.716436],[134.539248,33.716451],[134.539234,33.716471],[134.539211,33.716494],[134.539181,33.716515],[134.539163,33.71653],[134.53916,33.716538],[134.539169,33.716545],[134.539183,33.716546],[134.539226,33.716546],[134.539247,33.716549],[134.539263,33.716554],[134.539273,33.716562],[134.539277,33.716573],[134.539278,33.716599],[134.539278,33.716625],[134.539282,33.71664],[134.539294,33.716653],[134.539318,33.716666],[134.539358,33.716681],[134.539403,33.716695],[134.539446,33.716704],[134.539479,33.716702],[134.539508,33.716695],[134.539543,33.71669],[134.53959,33.716692],[134.53964,33.716701],[134.539688,33.716717],[134.539722,33.716738],[134.539738,33.71676],[134.539741,33.716771],[134.539737,33.71678],[134.539729,33.716787],[134.539701,33.716798],[134.539663,33.716809],[134.539626,33.716825],[134.539596,33.716845],[134.539585,33.716857],[134.53958,33.71687],[134.53958,33.716883],[134.539586,33.716896],[134.539597,33.716909],[134.539631,33.716936],[134.539677,33.716962],[134.539724,33.716985],[134.539762,33.717008],[134.539773,33.717019],[134.539776,33.717033],[134.53977,33.717046],[134.539757,33.71706],[134.539739,33.717074],[134.539688,33.717101],[134.539634,33.717123],[134.539586,33.717143],[134.53957,33.717155],[134.539561,33.717169],[134.539559,33.71719],[134.53956,33.717203],[134.539579,33.717238],[134.539616,33.717288],[134.539635,33.717317],[134.539663,33.717376],[134.53969,33.717429],[134.539707,33.717449],[134.539728,33.717467],[134.539752,33.717478],[134.539781,33.717483],[134.539814,33.717483],[134.539849,33.717479],[134.53992,33.71746],[134.539986,33.717433],[134.540048,33.717408],[134.540078,33.717399],[134.540109,33.717393],[134.54014,33.717391],[134.540202,33.717395],[134.540259,33.717399],[134.540286,33.717399],[134.540331,33.717386],[134.540369,33.717366],[134.540406,33.717349],[134.540424,33.717344],[134.540442,33.717342],[134.540474,33.717347],[134.540485,33.717355],[134.540492,33.717366],[134.540493,33.717379],[134.54049,33.717396],[134.540474,33.717431],[134.540446,33.717466],[134.540414,33.717495],[134.5404,33.717506],[134.540393,33.717519],[134.54039,33.717531],[134.540393,33.71754],[134.540404,33.71755],[134.540446,33.717573],[134.540508,33.717597],[134.54058,33.717627],[134.540655,33.717661],[134.540755,33.71771],[134.540803,33.717735],[134.540811,33.717738],[134.540817,33.71774],[134.540829,33.71774],[134.540837,33.717738],[134.540843,33.717735],[134.540845,33.717733],[134.540861,33.717724],[134.540898,33.717706],[134.540931,33.717694],[134.540962,33.717689],[134.540993,33.71769],[134.541023,33.717695],[134.541035,33.7177],[134.541043,33.717707],[134.541048,33.717716],[134.541046,33.717727],[134.54103,33.717753],[134.541009,33.71778],[134.540993,33.717802],[134.540988,33.717812],[134.54099,33.717822],[134.540995,33.717831],[134.541005,33.717839],[134.541035,33.717854],[134.541068,33.717873],[134.541092,33.717894],[134.541112,33.717911],[134.541122,33.717918],[134.541134,33.717919],[134.541147,33.717918],[134.541161,33.717914],[134.541172,33.717908],[134.541187,33.717899],[134.541208,33.717878],[134.54123,33.717861],[134.541237,33.717857],[134.541244,33.717856],[134.541259,33.717854],[134.541271,33.717855],[134.541276,33.717856],[134.541309,33.717868],[134.541323,33.717877],[134.541332,33.717887],[134.541345,33.71791],[134.541352,33.717934],[134.54136,33.717955],[134.541367,33.717965],[134.541376,33.717972],[134.541389,33.717979],[134.541424,33.717983],[134.541469,33.717984],[134.541486,33.717986],[134.54151,33.71799],[134.541545,33.718002],[134.54158,33.718013],[134.541616,33.718021],[134.54165,33.718028],[134.54168,33.718038],[134.541694,33.718048],[134.5417,33.718054],[134.541709,33.718065],[134.541713,33.718075],[134.541717,33.718097],[134.541715,33.71812],[134.541711,33.718143],[134.541705,33.718166],[134.541698,33.71819],[134.541687,33.718212],[134.54168,33.718235],[134.541679,33.718249],[134.541681,33.718257],[134.541692,33.718279],[134.54171,33.7183],[134.541728,33.71832],[134.541749,33.718339],[134.541769,33.718355],[134.541786,33.71837],[134.541794,33.718382],[134.541797,33.71839],[134.5418,33.718416],[134.541794,33.718443],[134.54179,33.718456],[134.541783,33.718466],[134.541777,33.718473],[134.541768,33.718479],[134.541756,33.718485],[134.54173,33.718493],[134.5417,33.718502],[134.541672,33.718508],[134.54165,33.718513],[134.541641,33.718517],[134.541635,33.718522],[134.541624,33.718538],[134.54162,33.718561],[134.541623,33.718572],[134.54163,33.718581],[134.541641,33.718586],[134.541669,33.718591],[134.541695,33.718598],[134.541702,33.718604],[134.541707,33.718612],[134.541714,33.71863],[134.541717,33.718634],[134.54172,33.718637],[134.541729,33.71864],[134.54174,33.718644],[134.541765,33.718649],[134.541774,33.718652],[134.541779,33.718656],[134.541781,33.71866],[134.541783,33.718668],[134.541785,33.718679],[134.541785,33.718689],[134.541782,33.718696],[134.541775,33.718706],[134.54177,33.718715],[134.54177,33.71872],[134.541772,33.718728],[134.54178,33.718737],[134.541797,33.718751],[134.541805,33.718754],[134.541818,33.718758],[134.54184,33.718764],[134.54185,33.718768],[134.541859,33.718773],[134.541867,33.718779],[134.541871,33.718784],[134.541873,33.71879],[134.541874,33.718796],[134.541873,33.718801],[134.541864,33.71882],[134.541851,33.718842],[134.541845,33.718855],[134.541842,33.718863],[134.54184,33.718884],[134.541839,33.71891],[134.541836,33.718937],[134.541836,33.718956],[134.54184,33.718958],[134.541853,33.718942],[134.541874,33.718919],[134.541885,33.718912],[134.541895,33.718909],[134.541905,33.718912],[134.541912,33.718917],[134.54192,33.718924],[134.541926,33.718936],[134.541932,33.718955],[134.541941,33.718972],[134.541947,33.718978],[134.541956,33.718983],[134.541978,33.718989],[134.541999,33.718996],[134.542006,33.719001],[134.542011,33.719007],[134.542012,33.719014],[134.542013,33.719023],[134.54201,33.719032],[134.541996,33.719049],[134.541987,33.719072],[134.541989,33.719086],[134.541996,33.719102],[134.542022,33.719142],[134.542051,33.719185],[134.542066,33.719226],[134.542078,33.719262],[134.542088,33.719277],[134.5421,33.71929],[134.542116,33.7193],[134.542126,33.719306],[134.542154,33.719312],[134.542196,33.719316],[134.54224,33.719314],[134.542283,33.719309],[134.542323,33.719303],[134.542359,33.719297],[134.542388,33.719288],[134.542413,33.719278],[134.54244,33.719272],[134.542455,33.719269],[134.54249,33.719268],[134.542527,33.719271],[134.542565,33.719274],[134.542604,33.719278],[134.542644,33.719284],[134.542682,33.719288],[134.542699,33.719289],[134.542714,33.719287],[134.542738,33.719275],[134.542758,33.719259],[134.542784,33.719243],[134.54281,33.719231],[134.542817,33.719225],[134.542818,33.71922],[134.54281,33.719213],[134.542779,33.719201],[134.542742,33.719184],[134.542715,33.71916],[134.542707,33.719147],[134.542704,33.719134],[134.542705,33.719122],[134.542709,33.71911],[134.542717,33.719097],[134.542726,33.71909],[134.542738,33.719082],[134.542765,33.719071],[134.542794,33.719064],[134.54283,33.719061],[134.542873,33.719057],[134.542922,33.719055],[134.542967,33.719052],[134.543008,33.71905],[134.543046,33.71905],[134.543081,33.71905],[134.543114,33.719047],[134.543129,33.719043],[134.543152,33.719028],[134.543177,33.71901],[134.543211,33.718998],[134.543253,33.718995],[134.543293,33.718999],[134.543309,33.719002],[134.543325,33.719006],[134.543333,33.719013],[134.543341,33.71902],[134.543348,33.71903],[134.543353,33.719052],[134.543357,33.71908],[134.543361,33.719111],[134.543362,33.719139],[134.543359,33.719151],[134.543353,33.719161],[134.54334,33.719167],[134.543322,33.719169],[134.543284,33.719169],[134.543244,33.719167],[134.54321,33.719164],[134.543189,33.719167],[134.543178,33.71917],[134.543173,33.719178],[134.543171,33.719188],[134.543173,33.719202],[134.543183,33.719212],[134.543189,33.719215],[134.543211,33.719215],[134.543241,33.719212],[134.54327,33.719216],[134.543292,33.719228],[134.543297,33.719237],[134.5433,33.719249],[134.543287,33.719274],[134.54326,33.719304],[134.543232,33.719338],[134.543204,33.719373],[134.54318,33.719406],[134.543158,33.719431],[134.543139,33.71945],[134.54313,33.719455],[134.543106,33.719458],[134.543082,33.719458],[134.543063,33.719465],[134.543049,33.719478],[134.543037,33.719495],[134.543023,33.719507],[134.543016,33.719513],[134.542994,33.719519],[134.542964,33.71952],[134.54293,33.719515],[134.542899,33.719505],[134.542871,33.719492],[134.542843,33.719478],[134.542809,33.719469],[134.542777,33.719468],[134.542751,33.719479],[134.542742,33.719489],[134.54273,33.719513],[134.542727,33.719534],[134.542731,33.719551],[134.542747,33.719567],[134.54277,33.719578],[134.542783,33.719582],[134.542794,33.719583],[134.542804,33.719581],[134.54281,33.719575],[134.542818,33.719558],[134.542822,33.719551],[134.542829,33.719548],[134.542847,33.719555],[134.542873,33.719572],[134.5429,33.719586],[134.542923,33.719594],[134.542937,33.719604],[134.542936,33.719619],[134.542927,33.719639],[134.542913,33.719657],[134.542901,33.719671],[134.542895,33.719682],[134.542896,33.719692],[134.542903,33.719703],[134.542907,33.719715],[134.542913,33.719727],[134.542928,33.719739],[134.542957,33.719748],[134.542997,33.719756],[134.543039,33.719763],[134.543078,33.719774],[134.543112,33.719789],[134.543138,33.719808],[134.543148,33.719817],[134.543154,33.719826],[134.54316,33.71984],[134.54316,33.71986],[134.54315,33.719879],[134.543142,33.719888],[134.54312,33.719903],[134.543097,33.719919],[134.543081,33.719934],[134.543074,33.719952],[134.543075,33.719972],[134.543081,33.719992],[134.543086,33.72],[134.543094,33.720004],[134.543104,33.720005],[134.543126,33.719992],[134.543157,33.719975],[134.543176,33.719971],[134.543194,33.719973],[134.543215,33.719979],[134.543251,33.720001],[134.543265,33.720014],[134.543276,33.720028],[134.543282,33.720039],[134.543286,33.720055],[134.543285,33.720066],[134.543282,33.720082],[134.543264,33.72011],[134.543241,33.720138],[134.543222,33.720163],[134.543208,33.720184],[134.543197,33.7202],[134.543182,33.720212],[134.543173,33.720219],[134.543168,33.720229],[134.543167,33.720237],[134.543174,33.720256],[134.54319,33.720275],[134.543212,33.72029],[134.543236,33.720301],[134.543248,33.720304],[134.543268,33.720305],[134.543288,33.720308],[134.543299,33.720313],[134.543321,33.720334],[134.543351,33.720372],[134.543357,33.720384],[134.543368,33.720435],[134.543393,33.720508],[134.54341,33.720536],[134.543448,33.72058],[134.543466,33.720594],[134.543484,33.720601],[134.543515,33.720602],[134.543533,33.720603],[134.543543,33.720605],[134.54355,33.720607],[134.543556,33.720611],[134.543569,33.720622],[134.543599,33.720648],[134.543637,33.720677],[134.543667,33.720692],[134.543683,33.720698],[134.543705,33.720703],[134.543731,33.720708],[134.543776,33.720706],[134.543815,33.720706],[134.543827,33.720709],[134.543832,33.720711],[134.543845,33.720721],[134.543856,33.720735],[134.543863,33.720753],[134.543864,33.72077],[134.543861,33.720785],[134.543858,33.72079],[134.543851,33.720797],[134.543838,33.720806],[134.54382,33.720812],[134.543803,33.720814],[134.543785,33.720816],[134.543771,33.720816],[134.543753,33.720812],[134.543726,33.720802],[134.543699,33.720787],[134.543674,33.720775],[134.543666,33.720772],[134.543657,33.720771],[134.543652,33.720775],[134.543651,33.720782],[134.543651,33.720791],[134.543653,33.720812],[134.543653,33.720828],[134.543648,33.720842],[134.543636,33.720856],[134.543626,33.720864],[134.543614,33.72087],[134.543599,33.720876],[134.543581,33.720877],[134.543535,33.720873],[134.543484,33.72087],[134.543459,33.720875],[134.543433,33.720883],[134.543409,33.720897],[134.54339,33.720913],[134.543375,33.720929],[134.543368,33.720945],[134.543367,33.720957],[134.54337,33.720969],[134.54338,33.720993],[134.543381,33.721],[134.543381,33.721006],[134.543376,33.721022],[134.543362,33.721057],[134.543361,33.721065],[134.543361,33.721074],[134.543365,33.721083],[134.543371,33.721089],[134.543378,33.721095],[134.543391,33.721101],[134.543405,33.721105],[134.543423,33.721111],[134.543437,33.721113],[134.54346,33.721117],[134.543539,33.721123],[134.543602,33.721121],[134.543655,33.721119],[134.543707,33.721125],[134.543763,33.721144],[134.543818,33.721169],[134.543869,33.721193],[134.543921,33.721219],[134.543979,33.721245],[134.544041,33.72127],[134.544101,33.721298],[134.544151,33.72133],[134.54417,33.721347],[134.544182,33.721364],[134.544188,33.721382],[134.544183,33.721398],[134.544172,33.721414],[134.544153,33.721428],[134.544129,33.72144],[134.544102,33.721449],[134.544045,33.721457],[134.544003,33.721456],[134.543967,33.721453],[134.543893,33.721442],[134.543819,33.721428],[134.543746,33.721414],[134.543673,33.721404],[134.543606,33.721399],[134.543552,33.721397],[134.543508,33.721398],[134.54347,33.721401],[134.543484,33.721432],[134.543484,33.72144],[134.543482,33.721446],[134.543474,33.721449],[134.54345,33.721453],[134.543437,33.721457],[134.543425,33.721463],[134.543413,33.721473],[134.543402,33.721488],[134.543382,33.721526],[134.543361,33.721574],[134.543341,33.721624],[134.543338,33.721637],[134.543336,33.721647],[134.543335,33.721658],[134.543335,33.721666],[134.543337,33.721674],[134.543339,33.721679],[134.543343,33.721686],[134.543348,33.72169],[134.543353,33.721695],[134.54336,33.721698],[134.543388,33.721712],[134.543402,33.721722],[134.543411,33.72173],[134.543414,33.721735],[134.543416,33.72174],[134.543417,33.721748],[134.543415,33.721754],[134.543412,33.721756],[134.543397,33.721762],[134.543379,33.721765],[134.543328,33.72177],[134.543276,33.721775],[134.54323,33.721782],[134.543207,33.721784],[134.543187,33.721784],[134.543144,33.721777],[134.543106,33.721772],[134.543091,33.721774],[134.543077,33.72178],[134.543072,33.721783],[134.543065,33.721789],[134.543046,33.721813],[134.543028,33.721841],[134.54301,33.721866],[134.542993,33.721891],[134.542993,33.721923],[134.542991,33.721945],[134.542988,33.721956],[134.542983,33.721965],[134.542979,33.721968],[134.542972,33.721969],[134.542958,33.721968],[134.542945,33.721965],[134.542913,33.721953],[134.542868,33.722027],[134.542841,33.722083],[134.542815,33.722145],[134.542797,33.722207],[134.542793,33.722237],[134.542792,33.722256],[134.542795,33.72227],[134.542799,33.72229],[134.542805,33.722304],[134.542814,33.722317],[134.542877,33.722339],[134.542894,33.722348],[134.542906,33.72236],[134.542911,33.722373],[134.542913,33.722387],[134.542908,33.722402],[134.542899,33.722415],[134.542886,33.722427],[134.542868,33.722435],[134.542846,33.722442],[134.542796,33.722447],[134.542741,33.722443],[134.542685,33.722434],[134.542635,33.722423],[134.542588,33.72241],[134.542549,33.722396],[134.54252,33.72238],[134.542498,33.722366],[134.542489,33.722365],[134.542481,33.72237],[134.542471,33.722381],[134.542454,33.722416],[134.542439,33.722452],[134.542424,33.722474],[134.542412,33.722487],[134.542403,33.722501],[134.542393,33.722521],[134.542386,33.722544],[134.542401,33.722563],[134.542403,33.722568],[134.542403,33.722573],[134.542402,33.722574],[134.5424,33.722575],[134.542386,33.722579],[134.542369,33.722582],[134.542341,33.722606],[134.542333,33.722612],[134.542321,33.722618],[134.542309,33.722619],[134.542294,33.72262],[134.542258,33.722616],[134.542211,33.722609],[134.542153,33.722599],[134.542096,33.722589],[134.542046,33.722577],[134.542007,33.722563],[134.541986,33.722554],[134.541972,33.722542],[134.541965,33.722531],[134.541934,33.72259],[134.541941,33.722601],[134.541942,33.722611],[134.541939,33.722617],[134.541934,33.722622],[134.541918,33.722632],[134.541883,33.722718],[134.541872,33.722766],[134.539095,33.722756],[134.537856,33.723237],[134.537164,33.723482],[134.536296,33.723573],[134.535809,33.723764],[134.535268,33.723956],[134.534513,33.724289],[134.534636,33.725016],[134.534648,33.725563],[134.534497,33.726204],[134.534051,33.726383]]]},"properties":{"S_NAME":"奥河内字櫛ケ谷","HCODE":8101}},{"type":"Feature","geometry":{"type":"Polygon","coordinates":[[[134.533029,33.733414],[134.532774,33.733425],[134.532498,33.733423],[134.532305,33.733442],[134.532035,33.733499],[134.531862,33.733577],[134.531608,33.733699],[134.531449,33.733818],[134.531351,33.733919],[134.531238,33.734051],[134.531114,33.734222],[134.531038,33.73438],[134.531003,33.73452],[134.530973,33.734673],[134.530978,33.734834],[134.530979,33.73497],[134.531015,33.735198],[134.531075,33.735418],[134.531189,33.7357],[134.531303,33.735946],[134.531461,33.736197],[134.529796,33.736166],[134.529805,33.736368],[134.529794,33.7366],[134.529823,33.736827],[134.529811,33.736982],[134.529454,33.736984],[134.529172,33.73691],[134.528838,33.736821],[134.528535,33.736689],[134.528311,33.736522],[134.528026,33.736298],[134.527772,33.73609],[134.527579,33.735915],[134.527374,33.735672],[134.527262,33.735522],[134.527107,33.735237],[134.526963,33.734961],[134.526839,33.734685],[134.526603,33.734325],[134.526337,33.734008],[134.526153,33.733774],[134.52597,33.73359],[134.525646,33.733425],[134.525179,33.733151],[134.524845,33.732952],[134.524272,33.732551],[134.523946,33.73228],[134.522864,33.731679],[134.522608,33.731528],[134.519834,33.729888],[134.518057,33.729204],[134.517931,33.729167],[134.517208,33.728955],[134.523329,33.723994],[134.527665,33.727548],[134.529061,33.728399],[134.530431,33.729525],[134.530561,33.729567],[134.530689,33.729596],[134.530924,33.729631],[134.5312,33.729686],[134.531385,33.72974],[134.531564,33.729826],[134.531835,33.72989],[134.532041,33.729904],[134.532225,33.729892],[134.532388,33.729839],[134.532604,33.729777],[134.532821,33.729752],[134.532981,33.729735],[134.532984,33.729734],[134.533122,33.729733],[134.533131,33.729806],[134.533226,33.729786],[134.533322,33.72979],[134.533361,33.729791],[134.534042,33.730454],[134.534127,33.730538],[134.534882,33.731283],[134.53542,33.731139],[134.535459,33.731246],[134.534819,33.731423],[134.534042,33.731912],[134.533902,33.732042],[134.533608,33.732198],[134.533606,33.732199],[134.533617,33.732217],[134.53388,33.732822],[134.533758,33.732987],[134.533651,33.733123],[134.533579,33.733231],[134.533421,33.733326],[134.533293,33.733359],[134.533029,33.733414]]]},"properties":{"S_NAME":"奥河内字寺前","HCODE":8101}},{"type":"Feature","geometry":{"type":"Polygon","coordinates":[[[134.534454,33.727533],[134.534409,33.727545],[134.534311,33.727728],[134.534333,33.727738],[134.533501,33.729115],[134.533426,33.729471],[134.533417,33.729512],[134.533385,33.729643],[134.53332,33.72963],[134.533198,33.729607],[134.533115,33.729698],[134.533122,33.729733],[134.532984,33.729734],[134.532981,33.729735],[134.532821,33.729752],[134.532604,33.729777],[134.532388,33.729839],[134.532225,33.729892],[134.532041,33.729904],[134.531835,33.72989],[134.531564,33.729826],[134.531385,33.72974],[134.5312,33.729686],[134.530924,33.729631],[134.530689,33.729596],[134.530561,33.729567],[134.530431,33.729525],[134.529061,33.728399],[134.527665,33.727548],[134.52864,33.726087],[134.529803,33.724705],[134.529946,33.724564],[134.530073,33.724414],[134.5302,33.724272],[134.530342,33.724148],[134.530843,33.723999],[134.530994,33.724056],[134.531101,33.724086],[134.531307,33.724121],[134.531549,33.724192],[134.531715,33.724218],[134.531864,33.724225],[134.532032,33.724267],[134.532223,33.724284],[134.532368,33.72428],[134.532471,33.724298],[134.53264,33.724317],[134.532833,33.724338],[134.533145,33.72435],[134.53334,33.724348],[134.533435,33.724342],[134.53362,33.724352],[134.533839,33.724356],[134.533929,33.724369],[134.534059,33.724421],[134.534134,33.724512],[134.534134,33.72462],[134.534141,33.724782],[134.534144,33.72486],[134.534132,33.724995],[134.534138,33.725103],[134.534144,33.725288],[134.534154,33.725531],[134.53416,33.725676],[134.534178,33.725845],[134.534162,33.725966],[134.534121,33.726152],[134.534094,33.726213],[134.534073,33.726278],[134.534051,33.726383],[134.534454,33.727533]]]},"properties":{"S_NAME":"奥河内字弁財天","HCODE":8101}},{"type":"Feature","geometry":{"type":"Polygon","coordinates":[[[134.520737,33.706193],[134.520742,33.706226],[134.520753,33.706282],[134.52077,33.706347],[134.520794,33.706412],[134.520811,33.706444],[134.52084,33.706491],[134.520877,33.706535],[134.520917,33.706576],[134.520963,33.706613],[134.521013,33.706644],[134.521067,33.706669],[134.521128,33.70669],[134.521191,33.706704],[134.521258,33.706712],[134.521326,33.706718],[134.521468,33.706722],[134.521559,33.706727],[134.521605,33.706732],[134.521648,33.70674],[134.521689,33.706751],[134.521727,33.706766],[134.521763,33.706788],[134.521796,33.706815],[134.521857,33.706875],[134.521887,33.706906],[134.52192,33.706935],[134.521977,33.706978],[134.52204,33.707013],[134.522069,33.707026],[134.522106,33.707043],[134.522246,33.707094],[134.522415,33.707149],[134.522606,33.707213],[134.522806,33.707282],[134.522941,33.707328],[134.523001,33.707343],[134.52303,33.707348],[134.523058,33.707347],[134.523085,33.707343],[134.523125,33.707322],[134.523165,33.707295],[134.523185,33.707283],[134.523207,33.707274],[134.523232,33.707267],[134.523285,33.707268],[134.523341,33.70728],[134.523403,33.707302],[134.523472,33.707332],[134.523535,33.707366],[134.523615,33.707414],[134.523711,33.707478],[134.523799,33.707549],[134.523839,33.707589],[134.523907,33.707667],[134.523975,33.707746],[134.524011,33.707784],[134.524068,33.70783],[134.524104,33.707853],[134.524142,33.707872],[134.524184,33.707886],[134.524227,33.707895],[134.524271,33.707896],[134.524293,33.707894],[134.524323,33.707886],[134.524353,33.707875],[134.524385,33.707867],[134.524426,33.707862],[134.524468,33.707858],[134.524503,33.707846],[134.524521,33.707824],[134.524531,33.707797],[134.524532,33.707769],[134.524525,33.70775],[134.524514,33.707733],[134.524482,33.707702],[134.524445,33.707677],[134.524404,33.707648],[134.524367,33.707619],[134.524332,33.70759],[134.524301,33.707561],[134.524274,33.707531],[134.524252,33.707498],[134.524236,33.707461],[134.524231,33.707422],[134.524238,33.707384],[134.524248,33.707362],[134.524262,33.707343],[134.52427,33.707334],[134.524296,33.707319],[134.524331,33.707312],[134.524371,33.707309],[134.52441,33.707312],[134.524446,33.707318],[134.524477,33.70733],[134.524498,33.70735],[134.524509,33.70737],[134.524512,33.707382],[134.524509,33.707403],[134.524489,33.707423],[134.524462,33.70744],[134.524451,33.707449],[134.524438,33.707468],[134.524438,33.707488],[134.524448,33.707507],[134.524456,33.707517],[134.524484,33.707536],[134.524501,33.707543],[134.524534,33.707545],[134.524548,33.707541],[134.524564,33.707524],[134.524576,33.707501],[134.52459,33.70748],[134.524601,33.707469],[134.524629,33.707456],[134.524663,33.707449],[134.524696,33.707445],[134.524724,33.707443],[134.524748,33.707436],[134.524757,33.707431],[134.524765,33.707412],[134.524763,33.707387],[134.524756,33.707359],[134.524746,33.707323],[134.524742,33.707293],[134.524746,33.70728],[134.524755,33.707272],[134.524763,33.707267],[134.524787,33.707264],[134.524814,33.707268],[134.524849,33.707279],[134.524882,33.707302],[134.524909,33.707332],[134.524943,33.707372],[134.524962,33.707392],[134.52499,33.707419],[134.525015,33.70744],[134.525071,33.707476],[134.525104,33.70749],[134.525139,33.707502],[134.525215,33.707521],[134.525294,33.707535],[134.525374,33.70755],[134.525452,33.707569],[134.525522,33.707595],[134.52555,33.707609],[134.525601,33.707642],[134.525654,33.707683],[134.525699,33.707718],[134.525725,33.707742],[134.525735,33.707752],[134.52574,33.707763],[134.52574,33.707774],[134.525724,33.707789],[134.525695,33.707801],[134.525661,33.707811],[134.52559,33.707821],[134.525525,33.707826],[134.525458,33.707833],[134.525434,33.707836],[134.525387,33.707849],[134.525367,33.707858],[134.525351,33.70787],[134.525338,33.707895],[134.525336,33.707904],[134.52534,33.707923],[134.525349,33.707942],[134.52537,33.707962],[134.525401,33.707974],[134.525435,33.707982],[134.52547,33.707984],[134.525505,33.707982],[134.525581,33.707966],[134.52566,33.707943],[134.525743,33.707922],[134.525827,33.7079],[134.525898,33.707882],[134.52597,33.707868],[134.526044,33.707862],[134.526123,33.707865],[134.526202,33.707881],[134.52624,33.707893],[134.5263,33.707919],[134.526345,33.707944],[134.526389,33.707971],[134.526423,33.707996],[134.526448,33.708017],[134.526468,33.708043],[134.526481,33.708068],[134.526485,33.708089],[134.526485,33.708108],[134.526483,33.708115],[134.526473,33.708123],[134.526455,33.708124],[134.526433,33.70812],[134.526375,33.708101],[134.52632,33.708082],[134.526279,33.708072],[134.526252,33.708068],[134.526248,33.708071],[134.526259,33.708083],[134.526287,33.708103],[134.52632,33.708126],[134.526342,33.708146],[134.526359,33.708165],[134.52637,33.708186],[134.526376,33.708214],[134.526375,33.708244],[134.526371,33.708275],[134.526348,33.70834],[134.526254,33.708455],[134.52622,33.708495],[134.526181,33.708548],[134.526149,33.708598],[134.526137,33.708624],[134.526128,33.708651],[134.526124,33.708677],[134.526128,33.708703],[134.526142,33.708737],[134.526166,33.708769],[134.526197,33.708801],[134.526274,33.70887],[134.52644,33.708994],[134.526587,33.709112],[134.526737,33.709228],[134.526893,33.70934],[134.527049,33.709445],[134.52721,33.709546],[134.527371,33.709646],[134.527431,33.709683],[134.527493,33.709719],[134.527558,33.709757],[134.527608,33.709782],[134.527634,33.709792],[134.527661,33.709799],[134.527689,33.709803],[134.527718,33.709802],[134.527749,33.709795],[134.527778,33.709782],[134.527799,33.709766],[134.527806,33.709748],[134.527806,33.709729],[134.527801,33.709709],[134.527782,33.709665],[134.52776,33.709608],[134.527752,33.709575],[134.527749,33.709543],[134.527749,33.709512],[134.527754,33.709481],[134.527771,33.709432],[134.527791,33.709395],[134.527816,33.70936],[134.527844,33.709325],[134.527871,33.709291],[134.527894,33.709256],[134.527904,33.709239],[134.527913,33.709205],[134.527918,33.709169],[134.527921,33.709131],[134.527923,33.709097],[134.527932,33.709067],[134.527939,33.709053],[134.527962,33.709035],[134.527977,33.709029],[134.528012,33.709025],[134.528049,33.709027],[134.528088,33.709036],[134.528124,33.70905],[134.528188,33.709091],[134.528248,33.709138],[134.528311,33.709181],[134.528378,33.709219],[134.528449,33.709253],[134.528521,33.709284],[134.528669,33.709341],[134.528738,33.709367],[134.528806,33.709397],[134.528873,33.709432],[134.528918,33.70946],[134.528957,33.709493],[134.528986,33.709528],[134.529,33.70958],[134.528992,33.709635],[134.528967,33.709693],[134.528928,33.709753],[134.528836,33.709875],[134.528815,33.709902],[134.528802,33.709929],[134.528799,33.709941],[134.528804,33.709965],[134.528828,33.709989],[134.528862,33.710012],[134.528906,33.710044],[134.528955,33.710081],[134.528979,33.710095],[134.529003,33.710102],[134.529029,33.710101],[134.529058,33.710088],[134.529087,33.710073],[134.529101,33.710067],[134.529115,33.710064],[134.529136,33.710067],[134.529154,33.710081],[134.529171,33.710103],[134.529199,33.710158],[134.529227,33.710206],[134.529252,33.710241],[134.529282,33.71027],[134.529347,33.710323],[134.529402,33.710361],[134.529461,33.710396],[134.529586,33.710464],[134.529722,33.710536],[134.529864,33.710611],[134.530006,33.710685],[134.53016,33.710758],[134.530324,33.710835],[134.530404,33.710876],[134.530482,33.710921],[134.530557,33.710969],[134.530626,33.711021],[134.530692,33.711079],[134.530752,33.711142],[134.530806,33.711207],[134.530856,33.711276],[134.5309,33.711347],[134.530945,33.711436],[134.530956,33.71146],[134.530985,33.711527],[134.531021,33.711619],[134.531045,33.711693],[134.531072,33.711779],[134.531092,33.711861],[134.531102,33.711931],[134.531113,33.712002],[134.531124,33.712072],[134.531148,33.712173],[134.531183,33.712272],[134.531227,33.71237],[134.531267,33.712443],[134.531314,33.712515],[134.531366,33.712584],[134.531422,33.712649],[134.531485,33.712711],[134.531552,33.712769],[134.531624,33.712822],[134.531663,33.712845],[134.531211,33.713165],[134.530966,33.713364],[134.529671,33.71398],[134.528866,33.714422],[134.527168,33.715335],[134.52639,33.715999],[134.525531,33.716653],[134.524998,33.717272],[134.524733,33.717579],[134.524095,33.71832],[134.524052,33.719518],[134.523837,33.719827],[134.523507,33.720157],[134.523463,33.720321],[134.523433,33.721657],[134.523407,33.72233],[134.523344,33.723359],[134.523329,33.723994],[134.517208,33.728955],[134.517908,33.71273],[134.517824,33.712439],[134.517129,33.712202],[134.516922,33.712176],[134.516772,33.712191],[134.516611,33.712211],[134.515822,33.712381],[134.515639,33.712415],[134.515472,33.712416],[134.515168,33.71237],[134.514392,33.712264],[134.513801,33.712172],[134.513538,33.712118],[134.513362,33.712071],[134.5132,33.711997],[134.513088,33.71191],[134.513019,33.711785],[134.513012,33.711655],[134.513052,33.711527],[134.513118,33.711419],[134.513245,33.711339],[134.513395,33.711291],[134.513601,33.71128],[134.51388,33.711301],[134.514097,33.711313],[134.514225,33.711312],[134.514369,33.711288],[134.514519,33.711231],[134.514607,33.711137],[134.514678,33.711034],[134.51471,33.710922],[134.514714,33.710778],[134.514413,33.710057],[134.514114,33.709379],[134.513663,33.708538],[134.514066,33.708358],[134.514517,33.708137],[134.514814,33.707968],[134.515261,33.707758],[134.515719,33.707598],[134.516299,33.707422],[134.518021,33.706975],[134.518815,33.70681],[134.519336,33.706641],[134.519568,33.706574],[134.520363,33.70634],[134.520737,33.706193]]]},"properties":{"S_NAME":"奥河内字弁財天","HCODE":8101}},{"type":"Feature","geometry":{"type":"Polygon","coordinates":[[[134.53388,33.732822],[134.534627,33.732844],[134.53467,33.733338],[134.534854,33.733334],[134.535082,33.733331],[134.535071,33.733143],[134.535065,33.73304],[134.535347,33.733006],[134.535715,33.732976],[134.536019,33.732951],[134.536317,33.732924],[134.536317,33.732981],[134.536323,33.733141],[134.536327,33.733292],[134.536643,33.733287],[134.536889,33.733288],[134.537011,33.733283],[134.537109,33.73327],[134.537267,33.733225],[134.537336,33.733463],[134.53738,33.733632],[134.53744,33.733865],[134.537522,33.734107],[134.537593,33.734291],[134.537697,33.734524],[134.537769,33.734693],[134.53781,33.734826],[134.537855,33.734954],[134.53795,33.735404],[134.538035,33.73605],[134.53749,33.736674],[134.536585,33.737711],[134.536493,33.737684],[134.536417,33.737652],[134.536336,33.737594],[134.536185,33.737545],[134.536075,33.737512],[134.535902,33.737507],[134.535674,33.737474],[134.535505,33.737464],[134.534966,33.737184],[134.533331,33.736363],[134.533199,33.736313],[134.533179,33.73625],[134.533418,33.734997],[134.533609,33.734334],[134.533658,33.734142],[134.533536,33.734172],[134.533397,33.734199],[134.533295,33.734221],[134.53322,33.734241],[134.533043,33.734211],[134.532992,33.734092],[134.532961,33.733991],[134.532989,33.733846],[134.532987,33.733695],[134.532993,33.733544],[134.533029,33.733414],[134.533293,33.733359],[134.533421,33.733326],[134.533579,33.733231],[134.533651,33.733123],[134.533758,33.732987],[134.53388,33.732822]]]},"properties":{"S_NAME":"奥河内字井ノ上","HCODE":8101}},{"type":"Feature","geometry":{"type":"Polygon","coordinates":[[[134.577376,33.786339],[134.57737,33.786483],[134.577376,33.786578],[134.577384,33.786625],[134.577396,33.786673],[134.577412,33.78672],[134.577456,33.786814],[134.577505,33.786914],[134.577553,33.787024],[134.57759,33.787145],[134.57762,33.787275],[134.577647,33.787409],[134.577677,33.787541],[134.577708,33.787673],[134.577713,33.787695],[134.577733,33.787808],[134.577742,33.787879],[134.577747,33.787954],[134.577747,33.788031],[134.577743,33.788111],[134.577733,33.788192],[134.577718,33.788273],[134.577698,33.788352],[134.577673,33.788428],[134.577643,33.788501],[134.577606,33.788567],[134.577564,33.788629],[134.577518,33.788686],[134.577468,33.788739],[134.577413,33.788788],[134.577356,33.788833],[134.577297,33.788876],[134.577233,33.788916],[134.577106,33.788989],[134.576979,33.789052],[134.576928,33.789076],[134.576861,33.789106],[134.576755,33.789152],[134.576653,33.789198],[134.576542,33.789254],[134.576412,33.789328],[134.576264,33.789419],[134.576108,33.789515],[134.575959,33.789606],[134.57589,33.789646],[134.575763,33.789714],[134.575702,33.789741],[134.57564,33.789763],[134.575578,33.789782],[134.575515,33.789797],[134.575447,33.789807],[134.575376,33.789812],[134.575303,33.789814],[134.575229,33.789812],[134.575152,33.789807],[134.574997,33.789788],[134.574841,33.789758],[134.574685,33.789719],[134.574608,33.789697],[134.574535,33.789673],[134.574453,33.789647],[134.574376,33.789619],[134.574221,33.789558],[134.574066,33.789493],[134.573909,33.789425],[134.573752,33.789356],[134.573599,33.789294],[134.573528,33.78927],[134.573459,33.78925],[134.573396,33.789237],[134.573338,33.78923],[134.573283,33.789233],[134.573229,33.789245],[134.573176,33.789269],[134.573118,33.789306],[134.573055,33.789355],[134.572983,33.78942],[134.572817,33.789591],[134.572631,33.789802],[134.572448,33.79003],[134.572363,33.790144],[134.572286,33.790252],[134.572217,33.790357],[134.572155,33.790459],[134.572098,33.79056],[134.572045,33.790659],[134.571949,33.790859],[134.571861,33.791065],[134.571781,33.791276],[134.571706,33.791492],[134.57164,33.79171],[134.571581,33.791931],[134.571526,33.792152],[134.571502,33.792257],[134.571411,33.792793],[134.571227,33.793546],[134.571195,33.793564],[134.571172,33.793567],[134.571141,33.793561],[134.570861,33.793505],[134.570706,33.793481],[134.570492,33.793442],[134.570275,33.793402],[134.570141,33.793381],[134.569874,33.793347],[134.569608,33.793318],[134.569372,33.793294],[134.569135,33.793279],[134.569018,33.793279],[134.568904,33.793284],[134.568792,33.793292],[134.568568,33.793318],[134.568346,33.793347],[134.568124,33.793373],[134.567903,33.793399],[134.567689,33.793428],[134.567476,33.79346],[134.567265,33.793499],[134.567057,33.793544],[134.566853,33.793598],[134.56665,33.793664],[134.566487,33.793722],[134.566449,33.793735],[134.566262,33.793798],[134.566176,33.793823],[134.566089,33.793842],[134.566002,33.793854],[134.565915,33.793854],[134.565837,33.793846],[134.565759,33.79383],[134.565604,33.793787],[134.565525,33.793768],[134.565449,33.793754],[134.565374,33.793744],[134.56522,33.793729],[134.565032,33.793704],[134.56492,33.793685],[134.564699,33.79365],[134.564586,33.793639],[134.564476,33.793634],[134.564365,33.793634],[134.564142,33.793638],[134.564031,33.793636],[134.563924,33.793631],[134.563816,33.793621],[134.563709,33.793607],[134.563493,33.793576],[134.563183,33.79353],[134.562875,33.793491],[134.562724,33.793477],[134.562611,33.79347],[134.562383,33.79346],[134.562137,33.793452],[134.562006,33.79345],[134.561945,33.793455],[134.56189,33.793469],[134.561845,33.793493],[134.561824,33.793515],[134.561806,33.793541],[134.56176,33.793608],[134.561723,33.793688],[134.561625,33.793869],[134.561599,33.793955],[134.561583,33.794036],[134.561552,33.794273],[134.561407,33.794605],[134.561363,33.79471],[134.561271,33.794916],[134.561225,33.795012],[134.561167,33.795134],[134.56105,33.795364],[134.560986,33.795477],[134.560917,33.795588],[134.560851,33.795689],[134.560712,33.795886],[134.560578,33.796086],[134.560497,33.796228],[134.560411,33.796369],[134.560329,33.796482],[134.560292,33.796525],[134.560252,33.796565],[134.560208,33.796602],[134.560129,33.796657],[134.56006,33.796693],[134.559988,33.796727],[134.559834,33.796801],[134.559791,33.796823],[134.559706,33.796867],[134.559685,33.796878],[134.559613,33.796921],[134.559539,33.79697],[134.559398,33.797079],[134.559261,33.797193],[134.559087,33.797333],[134.558912,33.797472],[134.558725,33.797628],[134.558526,33.797803],[134.558469,33.797859],[134.558439,33.797895],[134.558369,33.797996],[134.558271,33.798147],[134.558185,33.798289],[134.558115,33.79842],[134.558064,33.798541],[134.558028,33.798651],[134.558002,33.798757],[134.55796,33.798971],[134.557905,33.79921],[134.557843,33.799466],[134.557788,33.799721],[134.557738,33.799967],[134.557711,33.800086],[134.557679,33.800202],[134.55764,33.800315],[134.557595,33.800425],[134.557543,33.80053],[134.557485,33.800633],[134.557422,33.80073],[134.55735,33.800823],[134.557273,33.800911],[134.557188,33.800992],[134.557098,33.801063],[134.557001,33.801124],[134.556896,33.801175],[134.556784,33.801215],[134.556666,33.801248],[134.55654,33.801272],[134.556406,33.801291],[134.556265,33.801307],[134.555973,33.801336],[134.555832,33.801353],[134.555698,33.801375],[134.555574,33.801404],[134.555551,33.80141],[134.555456,33.801437],[134.555216,33.801511],[134.555085,33.801546],[134.554937,33.801576],[134.554779,33.801604],[134.554443,33.801652],[134.554105,33.8017],[134.553795,33.801752],[134.553658,33.801779],[134.553537,33.801806],[134.553434,33.801833],[134.553345,33.801864],[134.553264,33.801897],[134.553186,33.801936],[134.553015,33.80204],[134.552919,33.802104],[134.55271,33.802254],[134.5526,33.80234],[134.552376,33.802522],[134.552155,33.80271],[134.551887,33.802927],[134.551758,33.803035],[134.551637,33.803126],[134.551429,33.803289],[134.551252,33.803434],[134.551019,33.803594],[134.550766,33.803759],[134.550509,33.803926],[134.550415,33.803986],[134.550265,33.804083],[134.550032,33.804232],[134.549788,33.804382],[134.549523,33.804533],[134.549437,33.804585],[134.549269,33.804685],[134.549159,33.804758],[134.549065,33.804828],[134.548989,33.804896],[134.548927,33.804961],[134.54888,33.805027],[134.548848,33.805093],[134.548825,33.805159],[134.54881,33.805227],[134.548801,33.805296],[134.548783,33.805445],[134.548766,33.805524],[134.548746,33.805602],[134.548721,33.805674],[134.548692,33.805734],[134.548672,33.805763],[134.547645,33.805807],[134.547299,33.805815],[134.54693,33.805817],[134.546521,33.80581],[134.546081,33.805797],[134.54564,33.805781],[134.545224,33.805763],[134.54483,33.805745],[134.544448,33.805725],[134.54408,33.805706],[134.543745,33.805685],[134.543458,33.805662],[134.543335,33.805648],[134.543224,33.80563],[134.543129,33.805609],[134.543045,33.805582],[134.542972,33.805548],[134.542899,33.805503],[134.542822,33.805447],[134.542737,33.805377],[134.542637,33.805291],[134.542415,33.805092],[134.542328,33.805008],[134.542209,33.804894],[134.542126,33.804807],[134.541981,33.80466],[134.541908,33.804594],[134.541824,33.80453],[134.541726,33.804467],[134.541615,33.804405],[134.541496,33.804346],[134.54137,33.80429],[134.541243,33.804238],[134.541118,33.80419],[134.540993,33.804147],[134.540869,33.804108],[134.540743,33.804073],[134.540615,33.804042],[134.540353,33.803985],[134.54009,33.803932],[134.539837,33.803876],[134.539587,33.803824],[134.539458,33.803802],[134.53932,33.803786],[134.539177,33.803776],[134.539025,33.803771],[134.538718,33.803764],[134.538566,33.803758],[134.538474,33.803751],[134.538422,33.803747],[134.538145,33.803715],[134.537867,33.803678],[134.537579,33.803645],[134.537285,33.803606],[134.537139,33.803581],[134.536858,33.803517],[134.536602,33.803448],[134.536387,33.803396],[134.536292,33.803378],[134.5362,33.803363],[134.536006,33.803342],[134.535781,33.803324],[134.535535,33.803313],[134.535408,33.803313],[134.535284,33.803316],[134.535035,33.803329],[134.534775,33.803341],[134.534638,33.803342],[134.53435,33.803337],[134.534208,33.803333],[134.532948,33.803234],[134.532747,33.803207],[134.532529,33.803183],[134.532282,33.803162],[134.532021,33.803146],[134.531759,33.803136],[134.531511,33.803135],[134.531294,33.803145],[134.531115,33.803165],[134.530965,33.803198],[134.530829,33.80324],[134.530525,33.803345],[134.530331,33.803406],[134.530109,33.803467],[134.529869,33.803527],[134.529619,33.803582],[134.529371,33.803628],[134.529129,33.803664],[134.528687,33.803718],[134.52849,33.803746],[134.528312,33.803782],[134.528208,33.803813],[134.528154,33.803829],[134.528082,33.803177],[134.528032,33.802836],[134.527619,33.802344],[134.526782,33.801169],[134.526107,33.800636],[134.525948,33.800586],[134.525976,33.800305],[134.526071,33.799337],[134.525737,33.797982],[134.525617,33.796309],[134.525226,33.794637],[134.524512,33.793284],[134.52546,33.792743],[134.526865,33.791845],[134.527885,33.791305],[134.530877,33.789994],[134.531898,33.789561],[134.533252,33.788986],[134.534925,33.788163],[134.537357,33.787608],[134.539897,33.787006],[134.539913,33.787004],[134.542115,33.786723],[134.544333,33.78653],[134.546713,33.786156],[134.546921,33.785114],[134.546895,33.784703],[134.54686,33.784165],[134.546983,33.783452],[134.547016,33.783259],[134.547601,33.781763],[134.548889,33.780264],[134.550614,33.779259],[134.551217,33.778965],[134.552772,33.778207],[134.554661,33.777519],[134.5564,33.776871],[134.556412,33.776907],[134.55644,33.776957],[134.556474,33.777006],[134.556553,33.777104],[134.556589,33.777152],[134.556627,33.777196],[134.55667,33.777235],[134.556722,33.777265],[134.556787,33.777286],[134.556867,33.777295],[134.557057,33.777296],[134.557158,33.777299],[134.557256,33.777311],[134.557346,33.777336],[134.557431,33.777371],[134.557591,33.777456],[134.557672,33.777499],[134.557754,33.777535],[134.557839,33.777567],[134.557925,33.777595],[134.558096,33.777642],[134.55819,33.777667],[134.558256,33.777685],[134.55833,33.777707],[134.558398,33.777731],[134.558459,33.77776],[134.558511,33.777791],[134.558598,33.777857],[134.558639,33.777888],[134.558681,33.777915],[134.558724,33.777935],[134.558811,33.777971],[134.55885,33.777994],[134.558882,33.778025],[134.558905,33.778064],[134.558943,33.77816],[134.558969,33.778208],[134.559005,33.778248],[134.559055,33.778279],[134.559117,33.778301],[134.559261,33.778346],[134.559337,33.778376],[134.559408,33.778414],[134.559539,33.778502],[134.559596,33.77854],[134.559647,33.778567],[134.559689,33.778579],[134.559726,33.778581],[134.559756,33.77858],[134.559783,33.778583],[134.559791,33.778588],[134.559808,33.778598],[134.55983,33.778628],[134.559873,33.77872],[134.559896,33.778771],[134.559923,33.778817],[134.559935,33.778834],[134.559951,33.778854],[134.559983,33.778881],[134.560018,33.7789],[134.560056,33.778912],[134.560096,33.778918],[134.560137,33.778917],[134.560224,33.778905],[134.560315,33.778885],[134.56061,33.778998],[134.560898,33.779108],[134.561686,33.779405],[134.561754,33.779312],[134.561822,33.779214],[134.561855,33.779162],[134.561919,33.779051],[134.561983,33.778937],[134.562049,33.778827],[134.562057,33.778815],[134.562122,33.778724],[134.562208,33.778623],[134.562256,33.778574],[134.562362,33.778476],[134.562474,33.778388],[134.562529,33.778349],[134.562586,33.778313],[134.562642,33.778282],[134.562703,33.778256],[134.562766,33.778235],[134.562833,33.77822],[134.562977,33.778201],[134.563131,33.778187],[134.563286,33.778172],[134.563362,33.778168],[134.563438,33.778171],[134.56351,33.778183],[134.56358,33.778207],[134.563647,33.778238],[134.563713,33.778272],[134.563781,33.778303],[134.563851,33.778327],[134.563923,33.778343],[134.563997,33.778348],[134.564073,33.778345],[134.564148,33.778338],[134.564295,33.778313],[134.564575,33.778252],[134.564642,33.77825],[134.564718,33.778253],[134.56489,33.778264],[134.565046,33.778286],[134.565121,33.778298],[134.565194,33.778305],[134.565262,33.778301],[134.565325,33.778281],[134.565381,33.778244],[134.565489,33.778147],[134.565548,33.778107],[134.565614,33.778085],[134.565691,33.778086],[134.565777,33.778106],[134.565954,33.778166],[134.56604,33.778188],[134.566118,33.778193],[134.566189,33.778186],[134.566293,33.778165],[134.566403,33.778148],[134.566541,33.778132],[134.5667,33.778124],[134.566854,33.778118],[134.566982,33.778114],[134.567066,33.778109],[134.567098,33.778107],[134.567163,33.778112],[134.567245,33.778126],[134.567339,33.778142],[134.567387,33.778148],[134.567472,33.778152],[134.567553,33.778155],[134.567633,33.778168],[134.567673,33.778179],[134.567748,33.778208],[134.567812,33.778241],[134.567869,33.77827],[134.567899,33.778282],[134.567934,33.778289],[134.567973,33.778293],[134.568063,33.778292],[134.568114,33.77829],[134.568218,33.778291],[134.568325,33.778301],[134.568435,33.778318],[134.568546,33.778338],[134.568657,33.778359],[134.568767,33.77838],[134.568872,33.778402],[134.568921,33.778415],[134.568968,33.778432],[134.56901,33.778451],[134.569044,33.77847],[134.569087,33.778495],[134.569165,33.778544],[134.569245,33.778592],[134.569322,33.778641],[134.569385,33.778688],[134.569431,33.778735],[134.569446,33.778751],[134.569473,33.778782],[134.569514,33.778825],[134.569554,33.778861],[134.56959,33.778881],[134.569621,33.778893],[134.569635,33.778903],[134.569651,33.778919],[134.569678,33.778971],[134.569705,33.779047],[134.569728,33.779132],[134.569745,33.779225],[134.569761,33.779328],[134.569771,33.779438],[134.569773,33.779549],[134.569769,33.779602],[134.56976,33.779649],[134.569748,33.779694],[134.569732,33.779737],[134.56969,33.779827],[134.569637,33.779925],[134.569582,33.780024],[134.569534,33.780113],[134.569499,33.780192],[134.569488,33.780231],[134.569481,33.780272],[134.569477,33.780316],[134.569481,33.780407],[134.569489,33.780489],[134.569492,33.780549],[134.5695,33.780594],[134.56951,33.780615],[134.569524,33.780635],[134.56957,33.780682],[134.569641,33.780746],[134.569736,33.780831],[134.569841,33.780928],[134.569939,33.781024],[134.570027,33.781111],[134.570113,33.781193],[134.570204,33.781267],[134.570303,33.781341],[134.57041,33.781414],[134.570521,33.781487],[134.570627,33.781557],[134.570723,33.781623],[134.570814,33.781689],[134.570902,33.781761],[134.570986,33.781837],[134.571053,33.781905],[134.571094,33.781957],[134.571127,33.781997],[134.571148,33.782015],[134.571173,33.782032],[134.571237,33.782064],[134.571312,33.782092],[134.571386,33.782114],[134.571452,33.782135],[134.57148,33.782147],[134.571503,33.782161],[134.571524,33.782177],[134.571539,33.782194],[134.571552,33.782215],[134.571563,33.782238],[134.571578,33.782292],[134.571596,33.782351],[134.57161,33.78238],[134.571628,33.782406],[134.571651,33.782431],[134.571679,33.782457],[134.571713,33.782479],[134.571753,33.782501],[134.571797,33.782521],[134.571895,33.782558],[134.571997,33.782593],[134.572092,33.782624],[134.572138,33.782636],[134.572187,33.782646],[134.572239,33.782653],[134.572351,33.782654],[134.572464,33.782645],[134.57256,33.782637],[134.572641,33.782634],[134.572731,33.782637],[134.572843,33.782644],[134.572968,33.782653],[134.573083,33.782657],[134.573178,33.782659],[134.573218,33.782662],[134.573254,33.782668],[134.573283,33.782677],[134.57331,33.78269],[134.573366,33.782729],[134.573443,33.782786],[134.573545,33.782858],[134.573656,33.782933],[134.573761,33.783004],[134.57386,33.78307],[134.573997,33.783161],[134.574058,33.783194],[134.574127,33.783219],[134.574381,33.783286],[134.574455,33.783308],[134.57462,33.783357],[134.574814,33.783417],[134.574898,33.783452],[134.574987,33.783499],[134.575086,33.783565],[134.575206,33.783659],[134.575352,33.783786],[134.575522,33.783943],[134.575709,33.784126],[134.575907,33.784331],[134.576112,33.784551],[134.576313,33.784781],[134.576507,33.785011],[134.576685,33.785231],[134.57684,33.785431],[134.576963,33.785598],[134.577049,33.785727],[134.577106,33.785822],[134.577143,33.785894],[134.577168,33.785953],[134.577219,33.786067],[134.577292,33.786199],[134.577376,33.786339]]]},"properties":{"S_NAME":"北河内字大戸","HCODE":8101}},{"type":"Feature","geometry":{"type":"Polygon","coordinates":[[[134.523439,33.771576],[134.521308,33.771052],[134.517611,33.769867],[134.516517,33.769517],[134.515389,33.769006],[134.511628,33.767304],[134.509489,33.766091],[134.5097,33.765132],[134.509749,33.764318],[134.50958,33.763369],[134.509301,33.762104],[134.508862,33.761246],[134.507991,33.760482],[134.507092,33.759919],[134.506414,33.759494],[134.503264,33.757791],[134.500442,33.756674],[134.499614,33.756354],[134.497783,33.755647],[134.496049,33.755248],[134.498391,33.75472],[134.500717,33.754128],[134.502203,33.753849],[134.503465,33.753646],[134.507061,33.752765],[134.509094,33.752427],[134.510637,33.752106],[134.512554,33.751852],[134.514548,33.751331],[134.515234,33.751269],[134.516184,33.751139],[134.517134,33.750948],[134.517939,33.750911],[134.518516,33.750806],[134.518998,33.750719],[134.520108,33.750871],[134.521241,33.750303],[134.522134,33.749991],[134.522577,33.749881],[134.52302,33.74977],[134.524874,33.749602],[134.526547,33.749649],[134.529027,33.749741],[134.532874,33.750269],[134.532484,33.7516],[134.531937,33.752877],[134.534288,33.754405],[134.536565,33.756154],[134.53917,33.758462],[134.537913,33.759559],[134.536733,33.761012],[134.536037,33.762057],[134.535342,33.763327],[134.534959,33.763869],[134.534539,33.764462],[134.534166,33.765369],[134.533902,33.766229],[134.533908,33.767134],[134.533643,33.767905],[134.533163,33.768857],[134.532464,33.769584],[134.531714,33.770369],[134.531551,33.770539],[134.530171,33.771028],[134.528904,33.771231],[134.526847,33.771333],[134.52503,33.771514],[134.523439,33.771576]]]},"properties":{"S_NAME":"北河内字北分","HCODE":8101}},{"type":"Feature","geometry":{"type":"Polygon","coordinates":[[[134.524512,33.793284],[134.523799,33.791931],[134.523032,33.790623],[134.522211,33.78936],[134.521337,33.788324],[134.524892,33.785682],[134.524288,33.784509],[134.523875,33.783646],[134.523683,33.783246],[134.523464,33.782673],[134.523077,33.781666],[134.52296,33.7804],[134.523006,33.779314],[134.523045,33.777097],[134.523195,33.775521],[134.523196,33.775513],[134.523293,33.773839],[134.523337,33.772436],[134.523439,33.771576],[134.52503,33.771514],[134.526847,33.771333],[134.528904,33.771231],[134.530171,33.771028],[134.531551,33.770539],[134.531714,33.770369],[134.532464,33.769584],[134.533163,33.768857],[134.533643,33.767905],[134.533908,33.767134],[134.533902,33.766229],[134.534166,33.765369],[134.534539,33.764462],[134.534959,33.763869],[134.535342,33.763327],[134.536037,33.762057],[134.536733,33.761012],[134.537913,33.759559],[134.53917,33.758462],[134.540208,33.757753],[134.541457,33.7571],[134.54262,33.756803],[134.544979,33.756437],[134.547128,33.756249],[134.548021,33.75639],[134.548942,33.756684],[134.549687,33.756955],[134.551281,33.757178],[134.553228,33.757604],[134.553502,33.757602],[134.553597,33.757576],[134.553618,33.757595],[134.553677,33.757625],[134.553752,33.757647],[134.553907,33.757683],[134.553966,33.757706],[134.554011,33.757731],[134.554046,33.757763],[134.554074,33.757798],[134.554097,33.757836],[134.554137,33.757927],[134.554154,33.757976],[134.554179,33.758082],[134.55419,33.758195],[134.554195,33.758307],[134.554201,33.758411],[134.554205,33.758504],[134.554202,33.758546],[134.554191,33.758585],[134.554172,33.758622],[134.55413,33.758693],[134.554115,33.758731],[134.554114,33.758775],[134.554126,33.758824],[134.554151,33.758879],[134.554182,33.758937],[134.554241,33.759059],[134.55426,33.759121],[134.554273,33.759182],[134.554288,33.759291],[134.554306,33.759371],[134.554332,33.759441],[134.554364,33.759514],[134.554386,33.759568],[134.55441,33.759632],[134.554436,33.759677],[134.554469,33.759721],[134.55451,33.759763],[134.554559,33.759803],[134.554614,33.759842],[134.554727,33.759922],[134.55478,33.759967],[134.554878,33.760059],[134.55496,33.760149],[134.555026,33.760234],[134.555092,33.760307],[134.55513,33.76034],[134.555172,33.760371],[134.555218,33.760402],[134.555268,33.76043],[134.555374,33.760489],[134.555479,33.760553],[134.555594,33.760619],[134.555724,33.760678],[134.555794,33.760705],[134.555936,33.760751],[134.556066,33.760793],[134.556122,33.760814],[134.556165,33.760834],[134.556169,33.760836],[134.556206,33.760862],[134.556234,33.760895],[134.556247,33.760934],[134.556252,33.760977],[134.556249,33.761021],[134.556236,33.761101],[134.556224,33.76116],[134.556208,33.761224],[134.556174,33.761331],[134.556124,33.76148],[134.556065,33.761638],[134.556033,33.761708],[134.555972,33.761835],[134.55592,33.761947],[134.555876,33.76205],[134.55585,33.762098],[134.555818,33.762143],[134.555776,33.762183],[134.555719,33.762217],[134.555655,33.762249],[134.555518,33.762314],[134.555458,33.762353],[134.555408,33.762398],[134.555368,33.762448],[134.555335,33.762499],[134.555283,33.762599],[134.555234,33.762681],[134.555184,33.762757],[134.555131,33.762839],[134.555072,33.762931],[134.55501,33.763026],[134.554975,33.763071],[134.554905,33.763157],[134.554839,33.763236],[134.554778,33.763307],[134.554711,33.763374],[134.55467,33.763407],[134.554567,33.76347],[134.55451,33.7635],[134.554394,33.76356],[134.554285,33.763614],[134.55418,33.76366],[134.554124,33.763678],[134.554009,33.763708],[134.553962,33.763727],[134.553947,33.763736],[134.553926,33.763759],[134.553925,33.76379],[134.553944,33.763838],[134.554023,33.763963],[134.55406,33.764029],[134.554081,33.764093],[134.554074,33.76415],[134.554044,33.764202],[134.553997,33.764247],[134.553941,33.76429],[134.553881,33.76433],[134.553764,33.764404],[134.553665,33.764476],[134.553627,33.764514],[134.553595,33.764551],[134.55357,33.76459],[134.553551,33.764632],[134.553535,33.764676],[134.553508,33.764776],[134.553486,33.764885],[134.553467,33.764987],[134.553445,33.765066],[134.55343,33.765102],[134.55341,33.765138],[134.553384,33.765175],[134.553349,33.765215],[134.553259,33.765304],[134.553191,33.765368],[134.553169,33.765398],[134.55316,33.765421],[134.553151,33.765464],[134.553143,33.765575],[134.553142,33.765681],[134.553143,33.765776],[134.553143,33.765862],[134.553134,33.765937],[134.55312,33.765998],[134.553106,33.766046],[134.553089,33.766082],[134.553076,33.766098],[134.553037,33.766133],[134.552981,33.766168],[134.552925,33.766198],[134.552877,33.766221],[134.552856,33.766233],[134.552835,33.766249],[134.552815,33.76627],[134.552794,33.766298],[134.552753,33.766367],[134.552719,33.766433],[134.552697,33.766483],[134.552679,33.766523],[134.552655,33.766569],[134.552622,33.766625],[134.552585,33.766689],[134.552548,33.76676],[134.552514,33.766829],[134.552485,33.766887],[134.552458,33.766938],[134.552446,33.766967],[134.552424,33.767039],[134.552407,33.76713],[134.552397,33.767259],[134.552406,33.76733],[134.552417,33.767366],[134.552452,33.767448],[134.552473,33.767494],[134.552491,33.767542],[134.552502,33.76759],[134.552503,33.767637],[134.552488,33.767682],[134.552463,33.767723],[134.552431,33.767764],[134.552363,33.767839],[134.552305,33.76791],[134.552255,33.767984],[134.552198,33.768066],[134.552129,33.76816],[134.552056,33.768263],[134.551984,33.768375],[134.551921,33.768484],[134.551879,33.768582],[134.551853,33.768667],[134.551837,33.768751],[134.55182,33.768841],[134.551808,33.768928],[134.551805,33.768999],[134.551812,33.769051],[134.551825,33.769086],[134.55184,33.769113],[134.55187,33.769145],[134.551928,33.769201],[134.552012,33.769281],[134.552102,33.769364],[134.552176,33.769438],[134.552207,33.769472],[134.552232,33.769505],[134.552252,33.769537],[134.552265,33.769572],[134.552274,33.769606],[134.552285,33.769681],[134.552297,33.769769],[134.552321,33.769865],[134.552327,33.769883],[134.552339,33.769913],[134.552366,33.769963],[134.552398,33.770009],[134.552479,33.770102],[134.552566,33.770197],[134.552607,33.770248],[134.552644,33.770301],[134.552707,33.77041],[134.552732,33.770464],[134.552749,33.770515],[134.552762,33.770565],[134.552769,33.770617],[134.552772,33.770669],[134.552769,33.770726],[134.552751,33.770848],[134.552733,33.770972],[134.55273,33.771032],[134.552732,33.771086],[134.55274,33.771137],[134.552768,33.771238],[134.552806,33.771346],[134.552847,33.771464],[134.552888,33.771586],[134.552921,33.771702],[134.552952,33.771813],[134.552984,33.771918],[134.553024,33.772017],[134.553048,33.772063],[134.553078,33.772107],[134.553146,33.772186],[134.553177,33.772223],[134.553205,33.772261],[134.553223,33.7723],[134.553227,33.772339],[134.553224,33.772381],[134.553201,33.772472],[134.55319,33.772523],[134.553182,33.772575],[134.553178,33.77263],[134.55318,33.772686],[134.553186,33.77274],[134.553197,33.772792],[134.553213,33.77284],[134.553232,33.772885],[134.553282,33.772974],[134.553337,33.773069],[134.553368,33.773118],[134.5534,33.773163],[134.553437,33.773201],[134.553477,33.773229],[134.553483,33.773231],[134.553521,33.773242],[134.55357,33.773245],[134.553623,33.77324],[134.553736,33.773222],[134.553794,33.773214],[134.553917,33.773208],[134.554047,33.773213],[134.554113,33.773219],[134.554181,33.773228],[134.554324,33.773257],[134.554477,33.773301],[134.554557,33.77333],[134.554635,33.773361],[134.554707,33.773395],[134.554775,33.773432],[134.554833,33.773471],[134.554936,33.773545],[134.554988,33.773579],[134.555048,33.773608],[134.555115,33.77363],[134.555189,33.773646],[134.555266,33.773656],[134.555341,33.773662],[134.555414,33.773664],[134.555537,33.773659],[134.555593,33.773661],[134.555648,33.773667],[134.555706,33.773683],[134.555768,33.773709],[134.555905,33.773779],[134.55598,33.773811],[134.556059,33.773836],[134.556141,33.773849],[134.556227,33.773853],[134.556407,33.773855],[134.5565,33.773863],[134.556593,33.773879],[134.556684,33.773904],[134.55677,33.773935],[134.556846,33.773969],[134.556911,33.774005],[134.55696,33.774039],[134.556997,33.774074],[134.557022,33.774111],[134.55704,33.774149],[134.557052,33.774193],[134.557066,33.77429],[134.557078,33.77435],[134.55709,33.774474],[134.557086,33.774527],[134.557075,33.774575],[134.557061,33.77462],[134.557041,33.774664],[134.557015,33.77471],[134.556981,33.774758],[134.556892,33.774864],[134.556847,33.774923],[134.556805,33.774985],[134.556772,33.77505],[134.556747,33.775116],[134.556719,33.775249],[134.556706,33.77531],[134.556686,33.775366],[134.556656,33.775414],[134.556585,33.7755],[134.556551,33.775547],[134.556525,33.7756],[134.556508,33.775662],[134.5565,33.775733],[134.5565,33.775808],[134.556504,33.775885],[134.556518,33.776032],[134.556528,33.776167],[134.55653,33.776232],[134.556528,33.776298],[134.556509,33.776428],[134.556476,33.776553],[134.556456,33.776612],[134.556414,33.776716],[134.556399,33.776765],[134.556392,33.776812],[134.556395,33.77686],[134.5564,33.776871],[134.554661,33.777519],[134.552772,33.778207],[134.551217,33.778965],[134.550614,33.779259],[134.548889,33.780264],[134.547601,33.781763],[134.547016,33.783259],[134.546983,33.783452],[134.54686,33.784165],[134.546895,33.784703],[134.546921,33.785114],[134.546713,33.786156],[134.544333,33.78653],[134.542115,33.786723],[134.539913,33.787004],[134.539897,33.787006],[134.537357,33.787608],[134.534925,33.788163],[134.533252,33.788986],[134.531898,33.789561],[134.530877,33.789994],[134.527885,33.791305],[134.526865,33.791845],[134.52546,33.792743],[134.524512,33.793284]]]},"properties":{"S_NAME":"北河内字久望","HCODE":8101}},{"type":"Feature","geometry":{"type":"Polygon","coordinates":[[[134.547128,33.756249],[134.544979,33.756437],[134.54262,33.756803],[134.541457,33.7571],[134.540208,33.757753],[134.53917,33.758462],[134.536565,33.756154],[134.534288,33.754405],[134.531937,33.752877],[134.532484,33.7516],[134.532874,33.750269],[134.5334,33.749088],[134.534031,33.748165],[134.534175,33.748078],[134.534301,33.747987],[134.534415,33.747915],[134.534493,33.747874],[134.534654,33.747747],[134.53478,33.747686],[134.534894,33.747604],[134.535031,33.747527],[134.535145,33.747471],[134.535235,33.747435],[134.535331,33.747384],[134.535421,33.747343],[134.535547,33.747266],[134.535661,33.74721],[134.535799,33.747138],[134.535943,33.747076],[134.536102,33.747004],[134.536343,33.746957],[134.536481,33.746915],[134.53671,33.746858],[134.536785,33.746832],[134.536842,33.746807],[134.536985,33.746729],[134.537048,33.746684],[134.53712,33.746603],[134.537194,33.746522],[134.537349,33.746334],[134.537397,33.746278],[134.537498,33.746146],[134.537544,33.746005],[134.537607,33.745747],[134.537669,33.745676],[134.538469,33.746132],[134.539202,33.746349],[134.540077,33.746473],[134.541756,33.746726],[134.543018,33.747098],[134.544508,33.74741],[134.545883,33.747862],[134.547907,33.748527],[134.547481,33.749704],[134.5473,33.750673],[134.547069,33.751541],[134.546839,33.75243],[134.546774,33.753095],[134.546638,33.753782],[134.546645,33.754386],[134.546676,33.75493],[134.546756,33.755554],[134.546905,33.755875],[134.547128,33.756249]]]},"properties":{"S_NAME":"北河内字登り","HCODE":8101}},{"type":"Feature","geometry":{"type":"Polygon","coordinates":[[[134.532874,33.750269],[134.529027,33.749741],[134.526547,33.749649],[134.524874,33.749602],[134.52302,33.74977],[134.522577,33.749881],[134.523009,33.748915],[134.523219,33.748009],[134.523444,33.747587],[134.5237,33.747102],[134.524343,33.746149],[134.524987,33.745377],[134.525956,33.744693],[134.527263,33.744192],[134.527889,33.744106],[134.528558,33.743518],[134.530126,33.743046],[134.531583,33.742453],[134.532858,33.741893],[134.533606,33.74167],[134.535829,33.740439],[134.535849,33.740514],[134.535883,33.740573],[134.535913,33.740664],[134.535937,33.740739],[134.535962,33.740831],[134.535992,33.740938],[134.536008,33.74106],[134.536038,33.741195],[134.536065,33.741449],[134.536123,33.74175],[134.536144,33.741921],[134.53616,33.742024],[134.53617,33.742131],[134.536214,33.742238],[134.536248,33.742281],[134.536301,33.74232],[134.53634,33.742392],[134.536384,33.742463],[134.53646,33.742657],[134.536566,33.742799],[134.536691,33.742952],[134.536724,33.742996],[134.536788,33.743083],[134.536841,33.743122],[134.536898,33.743153],[134.53697,33.743212],[134.537047,33.743275],[134.537091,33.743338],[134.537092,33.743453],[134.537136,33.743544],[134.537263,33.743666],[134.53736,33.743765],[134.537427,33.74384],[134.537476,33.743919],[134.537577,33.744041],[134.537688,33.744159],[134.537722,33.744186],[134.537803,33.744273],[134.537823,33.744352],[134.537853,33.744432],[134.537891,33.744483],[134.53795,33.74457],[134.537993,33.744617],[134.538069,33.744648],[134.538046,33.744684],[134.538099,33.744723],[134.538142,33.744778],[134.538162,33.744818],[134.538181,33.744842],[134.538201,33.744893],[134.538206,33.744957],[134.538183,33.745004],[134.53816,33.745064],[134.538141,33.745108],[134.538076,33.745192],[134.538029,33.74524],[134.537982,33.745324],[134.537945,33.745403],[134.537913,33.745455],[134.537847,33.745523],[134.537736,33.745618],[134.537669,33.745676],[134.537607,33.745747],[134.537544,33.746005],[134.537498,33.746146],[134.537397,33.746278],[134.537349,33.746334],[134.537194,33.746522],[134.53712,33.746603],[134.537048,33.746684],[134.536985,33.746729],[134.536842,33.746807],[134.536785,33.746832],[134.53671,33.746858],[134.536481,33.746915],[134.536343,33.746957],[134.536102,33.747004],[134.535943,33.747076],[134.535799,33.747138],[134.535661,33.74721],[134.535547,33.747266],[134.535421,33.747343],[134.535331,33.747384],[134.535235,33.747435],[134.535145,33.747471],[134.535031,33.747527],[134.534894,33.747604],[134.53478,33.747686],[134.534654,33.747747],[134.534493,33.747874],[134.534415,33.747915],[134.534301,33.747987],[134.534175,33.748078],[134.534031,33.748165],[134.5334,33.749088],[134.532874,33.750269]]]},"properties":{"S_NAME":"北河内字本村","HCODE":8101}},{"type":"Feature","geometry":{"type":"Polygon","coordinates":[[[134.520108,33.750871],[134.518998,33.750719],[134.518516,33.750806],[134.517939,33.750911],[134.517134,33.750948],[134.516184,33.751139],[134.515234,33.751269],[134.514548,33.751331],[134.512554,33.751852],[134.510637,33.752106],[134.509094,33.752427],[134.507061,33.752765],[134.503465,33.753646],[134.502203,33.753849],[134.500717,33.754128],[134.498391,33.75472],[134.496049,33.755248],[134.495619,33.755703],[134.495027,33.756249],[134.494436,33.75693],[134.493793,33.757793],[134.493473,33.758518],[134.493274,33.75924],[134.491691,33.75881],[134.490811,33.758499],[134.487764,33.757418],[134.483628,33.755528],[134.483091,33.755286],[134.478311,33.75313],[134.475462,33.75191],[134.475832,33.750596],[134.476147,33.749057],[134.476383,33.747969],[134.476462,33.747608],[134.476991,33.745796],[134.477211,33.74485],[134.477255,33.744664],[134.477735,33.743711],[134.478217,33.74294],[134.478588,33.741762],[134.479065,33.740177],[134.479436,33.738953],[134.479649,33.73841],[134.481526,33.73799],[134.483593,33.73727],[134.485696,33.736792],[134.487425,33.736155],[134.487734,33.736055],[134.489531,33.735467],[134.491259,33.73487],[134.492662,33.73432],[134.494118,33.73368],[134.495311,33.73268],[134.496342,33.732049],[134.49697,33.731719],[134.498342,33.731313],[134.499841,33.731487],[134.501373,33.731887],[134.502459,33.732444],[134.502911,33.732829],[134.504122,33.732816],[134.505637,33.732854],[134.507207,33.733027],[134.508291,33.733338],[134.50916,33.733741],[134.50978,33.73412],[134.510608,33.734717],[134.511143,33.735136],[134.51163,33.735515],[134.512033,33.734867],[134.513038,33.734133],[134.514289,33.733861],[134.51576,33.733728],[134.516772,33.733639],[134.517703,33.733782],[134.518751,33.73383],[134.519581,33.734167],[134.520228,33.734636],[134.520489,33.734948],[134.520647,33.735138],[134.520888,33.73529],[134.521204,33.73564],[134.521635,33.736311],[134.521968,33.736907],[134.522277,33.737418],[134.522909,33.737812],[134.52232,33.738353],[134.521986,33.738847],[134.521727,33.739416],[134.521552,33.740177],[134.521444,33.741776],[134.521399,33.743088],[134.521311,33.743642],[134.52114,33.744718],[134.52088,33.746212],[134.520725,33.747208],[134.520617,33.74761],[134.520408,33.748386],[134.520254,33.749608],[134.520108,33.750871]]]},"properties":{"S_NAME":"西河内字平戸","HCODE":8101}},{"type":"Feature","geometry":{"type":"Polygon","coordinates":[[[134.522577,33.749881],[134.522134,33.749991],[134.521241,33.750303],[134.520108,33.750871],[134.520254,33.749608],[134.520408,33.748386],[134.520617,33.74761],[134.520725,33.747208],[134.52088,33.746212],[134.52114,33.744718],[134.521311,33.743642],[134.521399,33.743088],[134.521444,33.741776],[134.521552,33.740177],[134.521727,33.739416],[134.521986,33.738847],[134.52232,33.738353],[134.522909,33.737812],[134.523494,33.737883],[134.524342,33.738077],[134.524644,33.738117],[134.525038,33.738147],[134.525279,33.738154],[134.525117,33.738096],[134.524926,33.738056],[134.524633,33.738024],[134.524643,33.737966],[134.524925,33.737988],[134.525419,33.738068],[134.525631,33.738117],[134.525874,33.738199],[134.525804,33.738217],[134.525794,33.73825],[134.525845,33.738267],[134.525965,33.738274],[134.526107,33.738281],[134.526308,33.738305],[134.526591,33.73837],[134.526481,33.738421],[134.526411,33.738472],[134.526602,33.738462],[134.526814,33.738519],[134.527138,33.738617],[134.527501,33.738699],[134.527784,33.738772],[134.528066,33.738795],[134.528278,33.738818],[134.52859,33.738807],[134.528831,33.73878],[134.529143,33.738702],[134.529574,33.738563],[134.529935,33.738418],[134.530239,33.738293],[134.53052,33.738159],[134.53026,33.737784],[134.530135,33.737499],[134.529938,33.736969],[134.530769,33.736873],[134.531008,33.737142],[134.531122,33.737243],[134.531171,33.737283],[134.531139,33.737297],[134.531098,33.737283],[134.531041,33.737264],[134.53105,33.737291],[134.531123,33.737337],[134.531214,33.737425],[134.531288,33.737512],[134.531369,33.737579],[134.531443,33.737646],[134.531582,33.737753],[134.531644,33.737814],[134.531742,33.73788],[134.531832,33.737941],[134.531921,33.737974],[134.531994,33.737987],[134.532059,33.737986],[134.532124,33.737999],[134.532165,33.738033],[134.532222,33.738059],[134.53232,33.738079],[134.532393,33.738105],[134.532418,33.738145],[134.532475,33.738219],[134.532524,33.738226],[134.532523,33.738118],[134.532571,33.738104],[134.53262,33.738144],[134.53267,33.738177],[134.532686,33.738197],[134.532727,33.738224],[134.532849,33.738264],[134.532971,33.738296],[134.533077,33.738323],[134.533101,33.738329],[134.533198,33.738328],[134.533361,33.738332],[134.533482,33.738328],[134.533593,33.738327],[134.533743,33.738341],[134.533868,33.738352],[134.533954,33.738366],[134.534068,33.738386],[134.534147,33.7384],[134.534222,33.738441],[134.534286,33.73848],[134.534427,33.738579],[134.534566,33.738703],[134.534717,33.738845],[134.534891,33.739022],[134.535086,33.7392],[134.535201,33.739348],[134.53531,33.73946],[134.53549,33.739589],[134.535655,33.739695],[134.535828,33.739801],[134.535978,33.739883],[134.536092,33.739933],[134.536211,33.739982],[134.536327,33.740065],[134.535829,33.740439],[134.533606,33.74167],[134.532858,33.741893],[134.531583,33.742453],[134.530126,33.743046],[134.528558,33.743518],[134.527889,33.744106],[134.527263,33.744192],[134.525956,33.744693],[134.524987,33.745377],[134.524343,33.746149],[134.5237,33.747102],[134.523444,33.747587],[134.523219,33.748009],[134.523009,33.748915],[134.522577,33.749881]]]},"properties":{"S_NAME":"西河内字田々川","HCODE":8101}},{"type":"Feature","geometry":{"type":"Polygon","coordinates":[[[134.517703,33.733782],[134.516772,33.733639],[134.51576,33.733728],[134.514289,33.733861],[134.513038,33.734133],[134.512033,33.734867],[134.51163,33.735515],[134.511143,33.735136],[134.510608,33.734717],[134.50978,33.73412],[134.50916,33.733741],[134.508291,33.733338],[134.507207,33.733027],[134.505637,33.732854],[134.504122,33.732816],[134.502911,33.732829],[134.502459,33.732444],[134.501373,33.731887],[134.499841,33.731487],[134.498342,33.731313],[134.49697,33.731719],[134.497399,33.729603],[134.497811,33.728733],[134.498222,33.727864],[134.499343,33.726663],[134.500193,33.725556],[134.500844,33.725856],[134.501912,33.72592],[134.503588,33.725922],[134.505306,33.726063],[134.50717,33.726391],[134.508797,33.726933],[134.511303,33.727928],[134.512778,33.72837],[134.513681,33.728556],[134.515395,33.728741],[134.517208,33.728955],[134.517931,33.729167],[134.517707,33.733468],[134.517703,33.733782]]]},"properties":{"S_NAME":"西河内字丹前","HCODE":8101}},{"type":"Feature","geometry":{"type":"Polygon","coordinates":[[[134.529938,33.736969],[134.530135,33.737499],[134.53026,33.737784],[134.53052,33.738159],[134.530239,33.738293],[134.529935,33.738418],[134.529574,33.738563],[134.529143,33.738702],[134.528831,33.73878],[134.52859,33.738807],[134.528278,33.738818],[134.528066,33.738795],[134.527784,33.738772],[134.527501,33.738699],[134.527138,33.738617],[134.526814,33.738519],[134.526602,33.738462],[134.526411,33.738472],[134.526481,33.738421],[134.526591,33.73837],[134.526308,33.738305],[134.526107,33.738281],[134.525965,33.738274],[134.525845,33.738267],[134.525794,33.73825],[134.525804,33.738217],[134.525874,33.738199],[134.525631,33.738117],[134.525419,33.738068],[134.524925,33.737988],[134.524643,33.737966],[134.524633,33.738024],[134.524926,33.738056],[134.525117,33.738096],[134.525279,33.738154],[134.525038,33.738147],[134.524644,33.738117],[134.524342,33.738077],[134.523494,33.737883],[134.522909,33.737812],[134.522277,33.737418],[134.521968,33.736907],[134.521635,33.736311],[134.521204,33.73564],[134.520888,33.73529],[134.520647,33.735138],[134.520489,33.734948],[134.520228,33.734636],[134.519581,33.734167],[134.518751,33.73383],[134.517703,33.733782],[134.517707,33.733468],[134.517931,33.729167],[134.518057,33.729204],[134.519834,33.729888],[134.522608,33.731528],[134.522864,33.731679],[134.523946,33.73228],[134.524272,33.732551],[134.524845,33.732952],[134.525179,33.733151],[134.525646,33.733425],[134.52597,33.73359],[134.526153,33.733774],[134.526337,33.734008],[134.526603,33.734325],[134.526839,33.734685],[134.526963,33.734961],[134.527107,33.735237],[134.527262,33.735522],[134.527374,33.735672],[134.527579,33.735915],[134.527772,33.73609],[134.528026,33.736298],[134.528311,33.736522],[134.528535,33.736689],[134.528838,33.736821],[134.529172,33.73691],[134.529454,33.736984],[134.529811,33.736982],[134.529938,33.736969]]]},"properties":{"S_NAME":"西河内字月輪","HCODE":8101}},{"type":"Feature","geometry":{"type":"Polygon","coordinates":[[[134.541872,33.722766],[134.541864,33.722819],[134.541852,33.722925],[134.54184,33.72297],[134.54181,33.723033],[134.541858,33.723047],[134.541866,33.723052],[134.54187,33.723056],[134.541874,33.723065],[134.541873,33.723072],[134.541869,33.723078],[134.541864,33.723083],[134.541855,33.723088],[134.541845,33.72309],[134.541835,33.723092],[134.54181,33.723092],[134.541784,33.72309],[134.54175,33.723179],[134.541741,33.723218],[134.541735,33.723254],[134.541731,33.723272],[134.541726,33.723288],[134.54171,33.72332],[134.5417,33.723347],[134.541696,33.72337],[134.541696,33.723378],[134.541699,33.723404],[134.541708,33.723433],[134.541734,33.723505],[134.541762,33.723595],[134.541787,33.723696],[134.541809,33.723791],[134.541827,33.723869],[134.541852,33.723935],[134.541893,33.724],[134.541951,33.724068],[134.542017,33.724137],[134.54211,33.724148],[134.542192,33.724151],[134.542226,33.724148],[134.542253,33.724141],[134.542276,33.724129],[134.54231,33.7241],[134.542343,33.724068],[134.542381,33.724037],[134.542403,33.724023],[134.542449,33.724002],[134.542476,33.723997],[134.542505,33.723994],[134.542539,33.723994],[134.542624,33.724012],[134.542716,33.724042],[134.542786,33.724072],[134.542804,33.724082],[134.54282,33.724099],[134.542844,33.724121],[134.542903,33.724155],[134.542978,33.724194],[134.543039,33.724221],[134.543074,33.724234],[134.543084,33.724239],[134.543088,33.724245],[134.543084,33.724258],[134.543078,33.724266],[134.543057,33.724278],[134.54303,33.724282],[134.543,33.724284],[134.542967,33.724295],[134.542929,33.724313],[134.542888,33.724329],[134.542863,33.724334],[134.542811,33.724337],[134.542762,33.724337],[134.54272,33.724334],[134.542682,33.724337],[134.54264,33.724349],[134.542591,33.724369],[134.542541,33.724394],[134.542546,33.724491],[134.542555,33.724516],[134.542568,33.724539],[134.542585,33.724562],[134.542609,33.724587],[134.542637,33.724616],[134.542668,33.724643],[134.542696,33.724662],[134.542708,33.724665],[134.542717,33.724665],[134.542725,33.724661],[134.542732,33.724653],[134.542747,33.724634],[134.542767,33.724615],[134.54278,33.724609],[134.542796,33.724604],[134.542829,33.724598],[134.542858,33.724593],[134.542876,33.724585],[134.542882,33.724575],[134.542887,33.724563],[134.542902,33.724548],[134.542931,33.724534],[134.54297,33.72452],[134.543011,33.72451],[134.543046,33.724505],[134.543072,33.724505],[134.543093,33.724512],[134.543112,33.724523],[134.543131,33.724538],[134.54315,33.724552],[134.543172,33.72456],[134.543194,33.724558],[134.543216,33.724547],[134.543239,33.724536],[134.543262,33.724529],[134.543284,33.724534],[134.543305,33.724548],[134.543322,33.724566],[134.543335,33.724583],[134.543341,33.7246],[134.543341,33.724616],[134.543333,33.72463],[134.543315,33.724646],[134.543295,33.724659],[134.543275,33.72467],[134.54326,33.724678],[134.54325,33.724682],[134.543241,33.724687],[134.543229,33.724694],[134.543209,33.724706],[134.543191,33.72472],[134.543184,33.724731],[134.543188,33.724734],[134.543197,33.724736],[134.543229,33.724735],[134.543274,33.724729],[134.543323,33.724721],[134.543368,33.724712],[134.54341,33.724704],[134.543452,33.724695],[134.543496,33.724687],[134.543543,33.724677],[134.543593,33.724666],[134.543649,33.724653],[134.543707,33.724637],[134.543766,33.724619],[134.543818,33.724598],[134.543858,33.724575],[134.543886,33.724553],[134.543906,33.724536],[134.543927,33.724529],[134.543949,33.724534],[134.543972,33.724546],[134.543997,33.724559],[134.54401,33.724562],[134.544034,33.724565],[134.544061,33.724562],[134.544096,33.724557],[134.544141,33.724557],[134.544196,33.724561],[134.544253,33.724566],[134.544308,33.724569],[134.544352,33.724568],[134.544391,33.724565],[134.544425,33.724563],[134.544458,33.724563],[134.544477,33.724565],[134.544489,33.724567],[134.544506,33.724571],[134.544514,33.724573],[134.544521,33.724576],[134.544523,33.724578],[134.544524,33.72458],[134.544523,33.724582],[134.54452,33.724584],[134.544517,33.724586],[134.544498,33.724594],[134.544478,33.724606],[134.544471,33.724614],[134.544464,33.724625],[134.544461,33.724637],[134.544459,33.72465],[134.54446,33.724663],[134.544463,33.724677],[134.544472,33.724702],[134.544483,33.724723],[134.544497,33.724742],[134.54451,33.724764],[134.544522,33.724792],[134.54453,33.724826],[134.544532,33.724862],[134.544531,33.72487],[134.544525,33.724893],[134.544511,33.724921],[134.544499,33.724933],[134.544474,33.724953],[134.544445,33.724973],[134.544414,33.724993],[134.544384,33.725011],[134.544354,33.725027],[134.544325,33.725039],[134.544297,33.725048],[134.544268,33.725052],[134.544236,33.725056],[134.544202,33.725058],[134.544169,33.725062],[134.544139,33.72507],[134.544119,33.725083],[134.544109,33.725102],[134.544103,33.725122],[134.544099,33.725142],[134.544092,33.725158],[134.54408,33.725171],[134.544063,33.725188],[134.54404,33.725209],[134.54401,33.725234],[134.543979,33.725259],[134.543948,33.725278],[134.543933,33.725283],[134.543906,33.725289],[134.54388,33.72529],[134.543854,33.725289],[134.543826,33.725287],[134.543801,33.725288],[134.543781,33.725293],[134.543767,33.7253],[134.543764,33.725306],[134.543761,33.725318],[134.54376,33.725332],[134.543755,33.725343],[134.543749,33.725353],[134.543741,33.725362],[134.543729,33.725368],[134.543716,33.725373],[134.543705,33.725377],[134.5437,33.725382],[134.543699,33.725385],[134.5437,33.725389],[134.543702,33.725392],[134.543706,33.725395],[134.543713,33.725399],[134.54373,33.725406],[134.543752,33.725414],[134.543776,33.725421],[134.543796,33.725429],[134.543804,33.725434],[134.543808,33.725439],[134.54381,33.725444],[134.543806,33.725451],[134.543802,33.725457],[134.543784,33.72547],[134.543758,33.725483],[134.543725,33.725493],[134.543689,33.725501],[134.543656,33.725507],[134.543627,33.725509],[134.543604,33.72551],[134.543585,33.725509],[134.543565,33.725509],[134.543544,33.72551],[134.543533,33.725512],[134.543524,33.725514],[134.543518,33.725517],[134.543514,33.72552],[134.543513,33.725524],[134.543514,33.725529],[134.54352,33.725534],[134.543527,33.725539],[134.543547,33.725554],[134.543566,33.725571],[134.543576,33.725584],[134.54358,33.725591],[134.543586,33.725602],[134.543588,33.725611],[134.543588,33.725619],[134.543586,33.725627],[134.543584,33.725631],[134.543581,33.725633],[134.543572,33.725637],[134.543562,33.72564],[134.543538,33.725643],[134.543525,33.725645],[134.543521,33.725646],[134.543517,33.725648],[134.543516,33.725654],[134.543518,33.725658],[134.543522,33.725666],[134.543533,33.72568],[134.543537,33.725687],[134.543539,33.725692],[134.543534,33.725698],[134.54353,33.725701],[134.54352,33.725704],[134.543511,33.725706],[134.543484,33.72571],[134.543451,33.725713],[134.543418,33.725716],[134.543381,33.725717],[134.543345,33.725715],[134.543306,33.725706],[134.543269,33.725693],[134.543236,33.725672],[134.543223,33.72566],[134.5432,33.725629],[134.54318,33.725597],[134.543162,33.725569],[134.543138,33.725548],[134.543123,33.725542],[134.543094,33.725533],[134.543065,33.725526],[134.543039,33.725517],[134.543016,33.725505],[134.542995,33.725491],[134.542974,33.725479],[134.542949,33.725468],[134.542937,33.725465],[134.542924,33.725463],[134.542914,33.725463],[134.542905,33.725465],[134.542898,33.725471],[134.542895,33.725477],[134.542893,33.725496],[134.542891,33.725516],[134.542887,33.725527],[134.542884,33.725529],[134.542872,33.725532],[134.542863,33.725531],[134.542835,33.725526],[134.542805,33.72552],[134.542775,33.725519],[134.542762,33.725522],[134.542738,33.725531],[134.542717,33.725543],[134.542696,33.725554],[134.542677,33.725565],[134.542659,33.725576],[134.542643,33.725592],[134.542627,33.72561],[134.542612,33.725631],[134.542597,33.725652],[134.54258,33.725671],[134.542562,33.725686],[134.542541,33.725699],[134.542518,33.725709],[134.542492,33.725715],[134.542466,33.72572],[134.542443,33.725724],[134.542423,33.72573],[134.542407,33.725736],[134.542393,33.725745],[134.542379,33.725754],[134.542363,33.725763],[134.542348,33.725773],[134.542337,33.725784],[134.54233,33.725797],[134.542328,33.725813],[134.542327,33.725828],[134.542323,33.725842],[134.542318,33.725846],[134.542303,33.725855],[134.542285,33.725862],[134.542265,33.725868],[134.542246,33.725874],[134.542228,33.725881],[134.542212,33.725888],[134.542199,33.725896],[134.542187,33.725903],[134.542177,33.725911],[134.542169,33.72592],[134.542177,33.725952],[134.542175,33.725964],[134.542168,33.725975],[134.542161,33.725985],[134.542151,33.725993],[134.542141,33.725994],[134.542129,33.725992],[134.542117,33.725988],[134.542105,33.725983],[134.542092,33.725978],[134.542079,33.725973],[134.542067,33.725967],[134.542055,33.725961],[134.542043,33.725959],[134.542029,33.725964],[134.542012,33.72598],[134.541991,33.726006],[134.541968,33.726036],[134.541945,33.726065],[134.541922,33.726087],[134.5419,33.726105],[134.541882,33.726118],[134.541869,33.72613],[134.541861,33.726142],[134.541852,33.726153],[134.541844,33.726167],[134.54183,33.72618],[134.541815,33.726196],[134.541801,33.726211],[134.541791,33.726227],[134.541784,33.726239],[134.541778,33.726251],[134.54177,33.726259],[134.54176,33.726265],[134.541746,33.726269],[134.541731,33.726275],[134.541717,33.726283],[134.541705,33.726295],[134.541697,33.726308],[134.541692,33.726325],[134.541693,33.726339],[134.541696,33.726355],[134.541703,33.72637],[134.541713,33.726384],[134.541722,33.726398],[134.54173,33.726409],[134.54173,33.726415],[134.541729,33.726418],[134.541724,33.726423],[134.541711,33.726427],[134.541698,33.726434],[134.541693,33.72644],[134.54169,33.726447],[134.541684,33.726464],[134.541681,33.726484],[134.541678,33.726507],[134.541674,33.726528],[134.541668,33.726546],[134.541659,33.726561],[134.541648,33.72657],[134.541634,33.726575],[134.54162,33.726579],[134.541607,33.726583],[134.541594,33.726591],[134.541584,33.726602],[134.541574,33.726614],[134.541564,33.726626],[134.541556,33.726636],[134.541548,33.726642],[134.541542,33.726642],[134.541535,33.726633],[134.54153,33.726621],[134.541521,33.72661],[134.54151,33.726606],[134.541494,33.72661],[134.541478,33.726619],[134.541462,33.726631],[134.541447,33.726641],[134.541434,33.726654],[134.541419,33.726671],[134.5414,33.726693],[134.541378,33.726721],[134.541352,33.726753],[134.541324,33.726784],[134.541292,33.726811],[134.541259,33.726834],[134.541228,33.726852],[134.541203,33.726863],[134.541181,33.726869],[134.541163,33.726876],[134.541148,33.726886],[134.541132,33.726902],[134.541118,33.726923],[134.541104,33.726945],[134.541091,33.726965],[134.54108,33.726983],[134.541073,33.727],[134.541073,33.727019],[134.54108,33.72704],[134.541093,33.727064],[134.541108,33.727086],[134.541124,33.727106],[134.541137,33.72712],[134.541145,33.727131],[134.541147,33.727135],[134.541147,33.727139],[134.541143,33.727143],[134.541139,33.727144],[134.541125,33.727146],[134.541109,33.727146],[134.541093,33.727144],[134.54108,33.727141],[134.541071,33.727141],[134.541076,33.727148],[134.541086,33.727158],[134.541097,33.727172],[134.541103,33.727185],[134.541101,33.727191],[134.54109,33.7272],[134.541072,33.727205],[134.541049,33.727205],[134.541024,33.727199],[134.540999,33.727191],[134.540976,33.727184],[134.540952,33.727179],[134.540928,33.727179],[134.540905,33.727182],[134.540884,33.727186],[134.540883,33.727212],[134.540879,33.727229],[134.540871,33.727244],[134.540855,33.727256],[134.540835,33.727268],[134.540818,33.727281],[134.540804,33.727295],[134.540795,33.727311],[134.540787,33.72733],[134.540777,33.727347],[134.540768,33.727354],[134.54075,33.72737],[134.540728,33.727387],[134.540706,33.72741],[134.540686,33.727439],[134.540671,33.727476],[134.540659,33.727519],[134.540653,33.72757],[134.540654,33.727626],[134.540657,33.727685],[134.540661,33.727746],[134.540664,33.727806],[134.540668,33.727865],[134.540673,33.727926],[134.540682,33.727987],[134.540696,33.728049],[134.540714,33.728107],[134.540736,33.728162],[134.540761,33.728208],[134.540789,33.728245],[134.540815,33.728271],[134.540837,33.728288],[134.540855,33.728294],[134.540869,33.728294],[134.540883,33.728291],[134.540915,33.728276],[134.540934,33.728276],[134.540953,33.728284],[134.540972,33.728299],[134.540988,33.728319],[134.540997,33.728339],[134.540996,33.728357],[134.540991,33.728374],[134.540987,33.728389],[134.54099,33.728406],[134.541001,33.728424],[134.541019,33.728444],[134.541041,33.728466],[134.541063,33.728489],[134.541087,33.728512],[134.541111,33.728532],[134.541136,33.728547],[134.541161,33.728558],[134.541185,33.728566],[134.541209,33.728575],[134.54123,33.728585],[134.54125,33.728599],[134.541266,33.728615],[134.541281,33.728632],[134.541297,33.728649],[134.541314,33.728662],[134.541336,33.728671],[134.541363,33.728672],[134.541393,33.72867],[134.541401,33.72867],[134.541421,33.728668],[134.541442,33.728673],[134.54145,33.728678],[134.541462,33.728692],[134.541471,33.728709],[134.541479,33.728728],[134.541488,33.728745],[134.541492,33.728761],[134.541491,33.728775],[134.541481,33.728785],[134.541464,33.728793],[134.541446,33.728799],[134.54143,33.728802],[134.541417,33.728803],[134.541406,33.728803],[134.541403,33.728803],[134.541398,33.728803],[134.541404,33.72884],[134.541418,33.728927],[134.541418,33.728957],[134.541414,33.72898],[134.541405,33.728999],[134.541397,33.72901],[134.541385,33.729021],[134.541376,33.729034],[134.541374,33.729052],[134.541383,33.729078],[134.5414,33.729112],[134.541407,33.729125],[134.54142,33.729149],[134.541434,33.729184],[134.541435,33.729213],[134.541431,33.729237],[134.541428,33.729259],[134.541435,33.729278],[134.541449,33.729297],[134.541466,33.729315],[134.54148,33.729336],[134.541481,33.729347],[134.541479,33.72937],[134.541474,33.729383],[134.541464,33.729394],[134.54145,33.729404],[134.54143,33.729415],[134.541416,33.729424],[134.541411,33.729433],[134.541402,33.729447],[134.541396,33.729468],[134.541401,33.729483],[134.541411,33.729496],[134.541429,33.729506],[134.541464,33.729524],[134.541484,33.72954],[134.541489,33.729549],[134.541495,33.72957],[134.5415,33.729596],[134.541508,33.729621],[134.541522,33.72964],[134.541542,33.729654],[134.541558,33.729667],[134.541563,33.729683],[134.541561,33.729703],[134.541556,33.729724],[134.541552,33.729744],[134.541553,33.72976],[134.541562,33.729771],[134.541576,33.72978],[134.541592,33.729792],[134.541608,33.72981],[134.541625,33.72983],[134.542172,33.730041],[134.542128,33.730121],[134.542085,33.730106],[134.542097,33.730076],[134.541663,33.729914],[134.541678,33.729879],[134.541665,33.729871],[134.541607,33.729889],[134.541566,33.729892],[134.541544,33.72989],[134.541498,33.729879],[134.541458,33.72986],[134.541424,33.729839],[134.541416,33.729834],[134.541399,33.729825],[134.54139,33.729826],[134.54138,33.729832],[134.541373,33.729843],[134.54136,33.72987],[134.54135,33.729895],[134.541346,33.729913],[134.541353,33.729927],[134.541361,33.729932],[134.541383,33.729945],[134.541413,33.72996],[134.541417,33.729962],[134.54144,33.729975],[134.541461,33.729993],[134.541466,33.730002],[134.541465,33.730021],[134.54146,33.73003],[134.541444,33.730046],[134.541433,33.730051],[134.541418,33.730055],[134.541411,33.730057],[134.541387,33.730059],[134.541362,33.730058],[134.541338,33.730059],[134.541316,33.730065],[134.541306,33.73007],[134.541288,33.730082],[134.541275,33.730094],[134.541266,33.730107],[134.541258,33.730121],[134.54125,33.73014],[134.541246,33.73016],[134.541253,33.730181],[134.541265,33.730201],[134.54127,33.730216],[134.541266,33.73022],[134.541245,33.730224],[134.541218,33.730225],[134.541191,33.730226],[134.54117,33.730229],[134.541161,33.730238],[134.541163,33.730243],[134.541171,33.730256],[134.541183,33.730272],[134.541192,33.730286],[134.541189,33.730303],[134.541167,33.730321],[134.54115,33.730328],[134.541128,33.730332],[134.541104,33.730333],[134.541076,33.730329],[134.541049,33.730322],[134.541005,33.73031],[134.540993,33.730311],[134.54099,33.730318],[134.541002,33.730344],[134.54101,33.730372],[134.541004,33.730382],[134.54099,33.730389],[134.540971,33.730393],[134.540949,33.730394],[134.540898,33.730394],[134.540844,33.730392],[134.540788,33.730394],[134.540729,33.730404],[134.540674,33.730416],[134.540631,33.730426],[134.5406,33.730431],[134.540574,33.730432],[134.540544,33.730429],[134.540515,33.730423],[134.540487,33.730414],[134.540462,33.7304],[134.540443,33.730386],[134.540425,33.730371],[134.540405,33.730356],[134.540378,33.730339],[134.540342,33.730323],[134.54031,33.730312],[134.540284,33.73031],[134.540263,33.730316],[134.540239,33.730334],[134.540209,33.730356],[134.540174,33.730372],[134.540152,33.730375],[134.540129,33.730374],[134.54008,33.730369],[134.540023,33.730359],[134.539968,33.730355],[134.539943,33.730358],[134.539922,33.730365],[134.539905,33.730377],[134.539878,33.730408],[134.539854,33.730434],[134.539838,33.73044],[134.539819,33.73044],[134.539798,33.730437],[134.539748,33.730421],[134.539688,33.730398],[134.539631,33.730373],[134.539583,33.730347],[134.539548,33.730322],[134.539517,33.730294],[134.53948,33.730262],[134.539427,33.730227],[134.539393,33.730209],[134.539304,33.730172],[134.539204,33.730137],[134.539114,33.730105],[134.539039,33.730078],[134.538973,33.730053],[134.53898,33.730211],[134.538938,33.730214],[134.538969,33.730586],[134.538406,33.730617],[134.538398,33.73065],[134.538354,33.730651],[134.538254,33.730846],[134.538154,33.730861],[134.538154,33.730844],[134.538064,33.730845],[134.537992,33.730896],[134.53797,33.730904],[134.537922,33.730916],[134.537846,33.73093],[134.537766,33.730938],[134.537728,33.730936],[134.537657,33.730926],[134.537584,33.730914],[134.537496,33.730906],[134.537406,33.730906],[134.537326,33.730915],[134.537262,33.730933],[134.537208,33.730947],[134.537158,33.730949],[134.537137,33.730947],[134.5371,33.730936],[134.537072,33.730921],[134.537047,33.730911],[134.537035,33.73091],[134.53702,33.730913],[134.536988,33.730926],[134.536956,33.73094],[134.53694,33.730944],[134.536912,33.730945],[134.536884,33.730943],[134.536854,33.730938],[134.536826,33.730931],[134.5368,33.730922],[134.536777,33.730908],[134.536756,33.730894],[134.53666,33.730905],[134.536626,33.730939],[134.536499,33.730949],[134.536449,33.730958],[134.536447,33.730958],[134.536404,33.730967],[134.536365,33.730972],[134.536325,33.730968],[134.536307,33.730963],[134.536274,33.730948],[134.536261,33.730937],[134.536242,33.730914],[134.536226,33.730889],[134.536121,33.731034],[134.536105,33.731023],[134.536213,33.730872],[134.536163,33.730822],[134.536129,33.730796],[134.536089,33.730771],[134.536042,33.730747],[134.535991,33.730721],[134.535943,33.730694],[134.535925,33.730678],[134.535908,33.730659],[134.535895,33.730639],[134.535885,33.730617],[134.535873,33.730582],[134.53587,33.730573],[134.53574,33.730522],[134.535674,33.730491],[134.535632,33.730464],[134.535603,33.730445],[134.535587,33.730441],[134.535568,33.730439],[134.535566,33.730439],[134.535547,33.730441],[134.535504,33.730449],[134.535467,33.730459],[134.535436,33.730466],[134.535409,33.730473],[134.53538,33.730477],[134.535345,33.730479],[134.535303,33.730477],[134.535255,33.730469],[134.535212,33.730451],[134.535194,33.730437],[134.535179,33.730421],[134.535168,33.730403],[134.535161,33.730383],[134.535161,33.730344],[134.535167,33.730303],[134.535166,33.730279],[134.535158,33.730252],[134.535117,33.730186],[134.53509,33.730151],[134.535042,33.730083],[134.535026,33.730052],[134.535016,33.730025],[134.535011,33.730001],[134.535007,33.729955],[134.534762,33.729755],[134.534738,33.729697],[134.534729,33.7297],[134.534721,33.7297],[134.534711,33.729691],[134.534701,33.729675],[134.534688,33.729663],[134.534669,33.729658],[134.534649,33.72966],[134.534627,33.729666],[134.534605,33.729671],[134.534581,33.729674],[134.534554,33.72967],[134.53453,33.729664],[134.534517,33.729656],[134.534515,33.729645],[134.534515,33.729626],[134.534509,33.729594],[134.534504,33.729554],[134.534507,33.729512],[134.534517,33.729462],[134.53453,33.729406],[134.534527,33.729294],[134.534391,33.729298],[134.53439,33.729333],[134.534359,33.729333],[134.534356,33.729248],[134.534388,33.729244],[134.534391,33.729276],[134.534518,33.729273],[134.53453,33.72903],[134.534446,33.729029],[134.534444,33.729042],[134.534408,33.72904],[134.534405,33.729004],[134.534439,33.729002],[134.534439,33.729009],[134.53453,33.729006],[134.534539,33.728931],[134.534523,33.728917],[134.53452,33.728903],[134.534518,33.728883],[134.534511,33.728866],[134.534496,33.728851],[134.534479,33.728839],[134.534469,33.728824],[134.534468,33.728808],[134.534471,33.72879],[134.534321,33.728742],[134.534353,33.728659],[134.534474,33.728697],[134.534714,33.728592],[134.535139,33.7285],[134.53518,33.728501],[134.535371,33.727913],[134.534882,33.727689],[134.534882,33.72768],[134.534675,33.727594],[134.534667,33.727603],[134.534659,33.727601],[134.534662,33.727593],[134.534473,33.727538],[134.534454,33.727533],[134.534051,33.726383],[134.534497,33.726204],[134.534648,33.725563],[134.534636,33.725016],[134.534513,33.724289],[134.535268,33.723956],[134.535809,33.723764],[134.536296,33.723573],[134.537164,33.723482],[134.537856,33.723237],[134.539095,33.722756],[134.541872,33.722766]]]},"properties":{"S_NAME":"日和佐浦","HCODE":8101}},{"type":"Feature","geometry":{"type":"Polygon","coordinates":[[[134.550822,33.735388],[134.5506,33.736239],[134.550402,33.737021],[134.550145,33.73808],[134.549841,33.738654],[134.549454,33.739212],[134.549003,33.739736],[134.548615,33.740259],[134.548145,33.74087],[134.547797,33.741271],[134.546889,33.74166],[134.545916,33.741877],[134.545233,33.741986],[134.544672,33.741957],[134.54405,33.742031],[134.5436,33.74214],[134.543038,33.742363],[134.542691,33.742046],[134.542398,33.741206],[134.542309,33.74055],[134.541529,33.739445],[134.541344,33.73916],[134.541117,33.738724],[134.540789,33.738272],[134.540442,33.737955],[134.539932,33.737487],[134.539728,33.737287],[134.539442,33.736986],[134.539193,33.736415],[134.538985,33.735767],[134.536585,33.737711],[134.53749,33.736674],[134.538035,33.73605],[134.53795,33.735404],[134.537855,33.734954],[134.53781,33.734826],[134.537769,33.734693],[134.537697,33.734524],[134.537593,33.734291],[134.537522,33.734107],[134.53744,33.733865],[134.53738,33.733632],[134.537336,33.733463],[134.537267,33.733225],[134.537109,33.73327],[134.537011,33.733283],[134.536889,33.733288],[134.536643,33.733287],[134.536327,33.733292],[134.536323,33.733141],[134.536317,33.732981],[134.536317,33.732924],[134.536019,33.732951],[134.535715,33.732976],[134.535347,33.733006],[134.535065,33.73304],[134.535071,33.733143],[134.535082,33.733331],[134.534854,33.733334],[134.53467,33.733338],[134.534627,33.732844],[134.53388,33.732822],[134.533941,33.732714],[134.534007,33.732653],[134.534064,33.732609],[134.53431,33.732431],[134.534362,33.732396],[134.53438,33.732386],[134.534394,33.732383],[134.534404,33.732384],[134.534414,33.732383],[134.534467,33.732332],[134.534524,33.732284],[134.534534,33.732277],[134.534585,33.73224],[134.53465,33.732198],[134.534717,33.732162],[134.534779,33.732127],[134.534841,33.732095],[134.534902,33.732066],[134.534951,33.732045],[134.535044,33.732012],[134.535132,33.731984],[134.535235,33.731956],[134.535354,33.731924],[134.535482,33.731891],[134.535607,33.73186],[134.535663,33.731846],[134.535718,33.731832],[134.535825,33.731805],[134.535935,33.731782],[134.536049,33.731761],[134.53616,33.731745],[134.53622,33.731736],[134.536356,33.731727],[134.53645,33.731728],[134.536547,33.731733],[134.536648,33.731734],[134.536754,33.731726],[134.536884,33.731715],[134.537049,33.731705],[134.537252,33.731696],[134.537482,33.731688],[134.537542,33.731685],[134.538096,33.731656],[134.538202,33.731654],[134.538483,33.731648],[134.538901,33.73162],[134.539386,33.731592],[134.540492,33.731531],[134.540517,33.731491],[134.540542,33.731451],[134.540571,33.731404],[134.540599,33.731362],[134.540624,33.731329],[134.540647,33.731301],[134.540668,33.731276],[134.540693,33.731256],[134.540709,33.731249],[134.540726,33.731245],[134.540767,33.731244],[134.540813,33.731249],[134.541087,33.730945],[134.541089,33.730943],[134.541093,33.730942],[134.541098,33.730942],[134.541101,33.730943],[134.541113,33.73095],[134.541118,33.730955],[134.541119,33.730959],[134.54112,33.730961],[134.541116,33.730967],[134.540847,33.731262],[134.540862,33.731297],[134.540873,33.731334],[134.540872,33.731372],[134.54086,33.73141],[134.540839,33.731446],[134.540772,33.731522],[134.540815,33.73154],[134.540857,33.731555],[134.540899,33.731564],[134.540942,33.731569],[134.540984,33.731579],[134.541021,33.731597],[134.541063,33.73162],[134.541112,33.731641],[134.541168,33.731658],[134.541232,33.731671],[134.541297,33.731684],[134.541327,33.731691],[134.541355,33.731701],[134.54138,33.731713],[134.541399,33.731726],[134.541414,33.731741],[134.541439,33.731787],[134.541445,33.731797],[134.541975,33.731397],[134.542238,33.7312],[134.542586,33.730704],[134.542576,33.730697],[134.542638,33.730609],[134.542689,33.730635],[134.542629,33.730721],[134.542621,33.730718],[134.542273,33.731217],[134.542161,33.731305],[134.541467,33.731825],[134.541461,33.732486],[134.541458,33.732548],[134.541449,33.732596],[134.541433,33.732667],[134.54142,33.732751],[134.541418,33.732801],[134.541421,33.732882],[134.541427,33.732971],[134.541438,33.733088],[134.541443,33.733142],[134.541457,33.73328],[134.541469,33.733368],[134.541487,33.73343],[134.541519,33.733484],[134.541561,33.733535],[134.541596,33.733588],[134.541613,33.733647],[134.541622,33.733708],[134.54164,33.733761],[134.541672,33.733811],[134.54171,33.733869],[134.54173,33.73391],[134.54177,33.733995],[134.541815,33.734112],[134.54186,33.734241],[134.541912,33.73439],[134.541957,33.734503],[134.541978,33.734546],[134.542016,33.734618],[134.542053,33.734687],[134.542086,33.734758],[134.542107,33.734825],[134.542111,33.734878],[134.542111,33.734927],[134.542118,33.734979],[134.542139,33.735038],[134.54217,33.735102],[134.542208,33.735166],[134.542248,33.735223],[134.542288,33.735268],[134.542321,33.735299],[134.542344,33.735325],[134.542349,33.735337],[134.54235,33.735349],[134.542345,33.735377],[134.542335,33.735406],[134.542331,33.735435],[134.542334,33.735452],[134.542346,33.735469],[134.542365,33.735486],[134.542415,33.73552],[134.542458,33.735556],[134.542469,33.735573],[134.542477,33.735609],[134.542482,33.735649],[134.542499,33.735691],[134.542527,33.735732],[134.542559,33.735762],[134.542589,33.735783],[134.542613,33.735803],[134.542621,33.735814],[134.542631,33.735842],[134.542638,33.735875],[134.542644,33.73591],[134.542658,33.735944],[134.542671,33.73596],[134.542688,33.735974],[134.54273,33.735999],[134.542778,33.736021],[134.542822,33.736041],[134.542858,33.73606],[134.542871,33.736071],[134.542886,33.736091],[134.542888,33.736111],[134.542882,33.73613],[134.542872,33.736149],[134.542868,33.736171],[134.542873,33.736194],[134.542887,33.73622],[134.542907,33.736245],[134.542931,33.736266],[134.542967,33.736286],[134.54299,33.736295],[134.543043,33.736311],[134.543101,33.73632],[134.543128,33.736318],[134.54318,33.736311],[134.54323,33.7363],[134.543277,33.73629],[134.543319,33.736285],[134.543351,33.73629],[134.543375,33.736299],[134.543397,33.73631],[134.543419,33.736317],[134.543438,33.736326],[134.543443,33.736333],[134.543444,33.736342],[134.543437,33.736366],[134.543421,33.736391],[134.543411,33.7364],[134.543388,33.736415],[134.543366,33.736426],[134.543344,33.736436],[134.543321,33.736447],[134.543288,33.73646],[134.543253,33.736475],[134.54324,33.736485],[134.543233,33.736497],[134.543232,33.73651],[134.543248,33.736539],[134.543276,33.736573],[134.543299,33.736607],[134.543319,33.736641],[134.543335,33.736675],[134.543351,33.736705],[134.543369,33.736728],[134.543392,33.736739],[134.543423,33.73675],[134.543467,33.736768],[134.543522,33.736798],[134.543593,33.73683],[134.543676,33.736857],[134.543768,33.736887],[134.543863,33.736924],[134.543953,33.736969],[134.544034,33.737008],[134.544069,33.737021],[134.54413,33.737041],[134.544184,33.737057],[134.54423,33.737073],[134.544264,33.737082],[134.544271,33.73708],[134.544271,33.737071],[134.544266,33.737058],[134.544248,33.737024],[134.544239,33.736988],[134.544246,33.736957],[134.544265,33.736928],[134.544292,33.7369],[134.54433,33.736877],[134.544385,33.736864],[134.544417,33.736861],[134.544486,33.73686],[134.54455,33.73686],[134.54461,33.73686],[134.544671,33.736863],[134.54474,33.736869],[134.544819,33.736882],[134.544905,33.736905],[134.544993,33.736936],[134.545075,33.736972],[134.545142,33.737004],[134.545197,33.737032],[134.545239,33.737054],[134.545274,33.737068],[134.545303,33.737074],[134.545328,33.737072],[134.545351,33.737065],[134.545374,33.73706],[134.545396,33.737062],[134.545414,33.737074],[134.545424,33.737095],[134.545427,33.737122],[134.545424,33.737135],[134.545417,33.737146],[134.545399,33.737166],[134.545379,33.737189],[134.545361,33.73722],[134.545345,33.737254],[134.545328,33.737285],[134.545308,33.737311],[134.545288,33.737333],[134.545206,33.737399],[134.545248,33.73743],[134.545269,33.737454],[134.545279,33.73748],[134.545281,33.737507],[134.54528,33.737533],[134.545278,33.737554],[134.54527,33.737572],[134.545263,33.73758],[134.545247,33.737594],[134.545237,33.737611],[134.545241,33.737629],[134.545255,33.737647],[134.545277,33.737667],[134.545302,33.737684],[134.545334,33.737695],[134.545352,33.737697],[134.545388,33.737698],[134.545419,33.737699],[134.545435,33.737704],[134.545448,33.737715],[134.545472,33.737729],[134.54551,33.737743],[134.545555,33.737755],[134.545602,33.73776],[134.545645,33.737764],[134.545678,33.737772],[134.545703,33.737783],[134.545725,33.737791],[134.545747,33.737788],[134.545775,33.737785],[134.545812,33.737789],[134.545859,33.737802],[134.545907,33.737818],[134.54595,33.737827],[134.545994,33.737832],[134.546047,33.737838],[134.546104,33.737844],[134.546155,33.737849],[134.546192,33.737851],[134.546225,33.737855],[134.54627,33.73786],[134.546328,33.737866],[134.546388,33.73787],[134.546439,33.737866],[134.546495,33.737858],[134.546566,33.737851],[134.546652,33.737845],[134.546732,33.737834],[134.546794,33.737816],[134.546841,33.737799],[134.546881,33.737794],[134.546914,33.737798],[134.546935,33.7378],[134.546938,33.737795],[134.546935,33.737778],[134.546929,33.737757],[134.546928,33.737735],[134.546934,33.737719],[134.54694,33.737714],[134.546954,33.737709],[134.546974,33.737711],[134.546995,33.737717],[134.547018,33.737723],[134.547042,33.737728],[134.547065,33.737726],[134.547075,33.737722],[134.547092,33.737713],[134.547102,33.737699],[134.547115,33.737686],[134.547139,33.737675],[134.54717,33.737666],[134.54718,33.737661],[134.547178,33.737657],[134.547176,33.737655],[134.547147,33.737647],[134.547116,33.737635],[134.547105,33.73763],[134.547096,33.737621],[134.547091,33.737613],[134.547091,33.737605],[134.547095,33.737597],[134.547104,33.737589],[134.547117,33.737584],[134.547131,33.737581],[134.547147,33.737581],[134.547162,33.737583],[134.547196,33.737595],[134.547232,33.737608],[134.547269,33.737616],[134.547296,33.737616],[134.547301,33.737612],[134.547287,33.737596],[134.547266,33.737573],[134.54726,33.737561],[134.547259,33.737548],[134.547264,33.737536],[134.547285,33.737514],[134.547312,33.737494],[134.547338,33.737479],[134.547354,33.737474],[134.547367,33.73747],[134.547383,33.737467],[134.547397,33.737466],[134.547413,33.737467],[134.547427,33.737469],[134.547437,33.737473],[134.54745,33.737479],[134.547468,33.737492],[134.547491,33.737507],[134.547505,33.737512],[134.547523,33.737515],[134.547556,33.737515],[134.54757,33.737511],[134.547581,33.737501],[134.547588,33.737491],[134.547602,33.737465],[134.547618,33.737442],[134.54763,33.737433],[134.547663,33.737418],[134.547717,33.737402],[134.547781,33.737384],[134.547822,33.737369],[134.547837,33.737362],[134.547858,33.737349],[134.547877,33.737335],[134.547898,33.737314],[134.547908,33.737309],[134.547916,33.737309],[134.547937,33.737319],[134.547959,33.737328],[134.547969,33.737326],[134.547981,33.73732],[134.548014,33.737306],[134.548038,33.737299],[134.548064,33.737294],[134.548126,33.737286],[134.548181,33.737279],[134.548221,33.73727],[134.548243,33.737263],[134.548251,33.737264],[134.548264,33.737272],[134.548279,33.737282],[134.5483,33.737292],[134.54832,33.7373],[134.548342,33.737306],[134.548368,33.737313],[134.548397,33.737323],[134.548424,33.737333],[134.548447,33.737343],[134.548454,33.737352],[134.548448,33.737361],[134.548435,33.737372],[134.548434,33.737376],[134.548436,33.737381],[134.548444,33.737388],[134.548456,33.737393],[134.548485,33.737399],[134.548516,33.737395],[134.548554,33.737385],[134.548598,33.737372],[134.548652,33.737353],[134.548681,33.73734],[134.548711,33.737321],[134.548772,33.73727],[134.548829,33.737213],[134.548878,33.737166],[134.548915,33.73713],[134.548945,33.737098],[134.548968,33.73706],[134.548985,33.737022],[134.549002,33.736994],[134.549019,33.736978],[134.54904,33.736969],[134.549062,33.736963],[134.549083,33.736962],[134.549095,33.736967],[134.549097,33.736976],[134.549096,33.736987],[134.549129,33.736973],[134.549116,33.736949],[134.549111,33.736931],[134.549113,33.736924],[134.549117,33.736922],[134.549136,33.736924],[134.549162,33.736927],[134.549177,33.736914],[134.549193,33.736903],[134.549203,33.736902],[134.549214,33.736901],[134.549225,33.736905],[134.549251,33.736917],[134.549279,33.736931],[134.549307,33.736943],[134.549333,33.736953],[134.549354,33.736956],[134.549373,33.736957],[134.549395,33.736956],[134.549422,33.736951],[134.549463,33.736937],[134.54949,33.736924],[134.549557,33.73689],[134.549594,33.736869],[134.549681,33.73681],[134.549737,33.736767],[134.549768,33.736734],[134.549791,33.736705],[134.549811,33.736675],[134.54983,33.736646],[134.549846,33.736619],[134.54986,33.736595],[134.549877,33.73657],[134.549897,33.736544],[134.549924,33.736519],[134.549957,33.736497],[134.549993,33.736476],[134.550024,33.736453],[134.550035,33.736439],[134.550053,33.736408],[134.550072,33.736373],[134.550098,33.736334],[134.55013,33.736294],[134.550158,33.736258],[134.550178,33.736223],[134.550193,33.73619],[134.550202,33.736155],[134.550207,33.736123],[134.550211,33.736097],[134.550212,33.73608],[134.550207,33.736069],[134.550195,33.736063],[134.550178,33.736059],[134.550157,33.736056],[134.550133,33.736052],[134.550099,33.736048],[134.550055,33.736044],[134.550009,33.736042],[134.549975,33.73604],[134.549949,33.736039],[134.549919,33.736039],[134.549874,33.736038],[134.549825,33.736038],[134.549784,33.736037],[134.549754,33.736035],[134.549734,33.736026],[134.54972,33.736007],[134.549712,33.735985],[134.549712,33.735966],[134.549714,33.735953],[134.549711,33.735942],[134.549697,33.73593],[134.549674,33.735918],[134.549644,33.735908],[134.549609,33.7359],[134.549582,33.735896],[134.549545,33.735891],[134.549531,33.735885],[134.549519,33.735875],[134.549501,33.73584],[134.549486,33.735809],[134.549477,33.735805],[134.549466,33.735804],[134.549453,33.735807],[134.549421,33.735825],[134.549406,33.735829],[134.54939,33.735823],[134.549357,33.735798],[134.54932,33.735763],[134.549272,33.735733],[134.54922,33.735709],[134.549171,33.735687],[134.549125,33.735668],[134.549079,33.735653],[134.549044,33.735645],[134.549008,33.735636],[134.548995,33.735629],[134.548986,33.735615],[134.54898,33.735598],[134.548979,33.735578],[134.548983,33.735535],[134.548996,33.73549],[134.549016,33.735445],[134.549039,33.735405],[134.549066,33.735371],[134.549082,33.735358],[134.5491,33.735349],[134.549119,33.735343],[134.54914,33.735341],[134.549187,33.735346],[134.549238,33.735359],[134.549288,33.735374],[134.549327,33.735395],[134.549339,33.735406],[134.54936,33.735432],[134.549389,33.735465],[134.549438,33.735502],[134.549493,33.735545],[134.549515,33.735567],[134.549529,33.735589],[134.549538,33.735609],[134.549549,33.735632],[134.549555,33.735638],[134.549561,33.735643],[134.549572,33.735645],[134.549579,33.735647],[134.54959,33.735649],[134.549601,33.735648],[134.549614,33.735644],[134.549625,33.735637],[134.549642,33.735609],[134.549662,33.735543],[134.54967,33.735523],[134.549679,33.735511],[134.549691,33.735503],[134.549708,33.735499],[134.549728,33.735497],[134.549747,33.735496],[134.549762,33.735492],[134.549765,33.735487],[134.549766,33.735473],[134.549764,33.735455],[134.549761,33.735434],[134.549763,33.735415],[134.549772,33.735406],[134.549784,33.735403],[134.549794,33.735398],[134.549796,33.735374],[134.549797,33.735351],[134.549801,33.735326],[134.549813,33.735303],[134.549833,33.735284],[134.549881,33.735253],[134.549906,33.735227],[134.549921,33.735211],[134.549938,33.735197],[134.549963,33.735186],[134.549982,33.735182],[134.550028,33.735174],[134.550085,33.73517],[134.550147,33.735171],[134.550206,33.735177],[134.550261,33.735181],[134.550309,33.735181],[134.550349,33.735181],[134.550382,33.735187],[134.55042,33.735207],[134.55044,33.735218],[134.550456,33.735227],[134.550464,33.735245],[134.550461,33.735274],[134.550453,33.73531],[134.550447,33.735338],[134.550447,33.735358],[134.550456,33.735371],[134.55047,33.735378],[134.550488,33.735381],[134.550503,33.735383],[134.55052,33.735383],[134.550553,33.735383],[134.550676,33.735385],[134.550822,33.735388]]]},"properties":{"S_NAME":"日和佐浦","HCODE":8101}},{"type":"Feature","geometry":{"type":"Polygon","coordinates":[[[134.483391,33.715861],[134.483289,33.71591],[134.482587,33.716139],[134.48167,33.716551],[134.480443,33.7172],[134.480376,33.717235],[134.478921,33.717966],[134.477735,33.718651],[134.476442,33.719471],[134.475579,33.719927],[134.472492,33.721035],[134.471903,33.721134],[134.47092,33.721212],[134.469994,33.72136],[134.469348,33.721412],[134.468505,33.721442],[134.467858,33.721424],[134.467043,33.721407],[134.465918,33.721369],[134.465186,33.72128],[134.464172,33.7211],[134.463453,33.720965],[134.467198,33.714516],[134.469219,33.711962],[134.471024,33.70968],[134.470732,33.708286],[134.469245,33.701182],[134.467828,33.69441],[134.468713,33.694557],[134.469038,33.694666],[134.469388,33.694957],[134.469637,33.695074],[134.47025,33.695007],[134.4712,33.694741],[134.471337,33.694632],[134.471525,33.694407],[134.471722,33.693901],[134.472695,33.69672],[134.473771,33.699534],[134.474266,33.700844],[134.474883,33.702297],[134.47531,33.703417],[134.475315,33.703438],[134.475766,33.704639],[134.476136,33.705675],[134.476803,33.707109],[134.477359,33.707564],[134.478146,33.708273],[134.479134,33.709031],[134.479783,33.709639],[134.480326,33.710289],[134.4813,33.711972],[134.481734,33.713049],[134.48231,33.714195],[134.482883,33.715176],[134.483186,33.715723],[134.483391,33.715861]]]},"properties":{"S_NAME":"山河内字なか","HCODE":8101}},{"type":"Feature","geometry":{"type":"Polygon","coordinates":[[[134.483391,33.715861],[134.483914,33.715614],[134.484499,33.715163],[134.485222,33.71443],[134.485778,33.713932],[134.4865,33.713175],[134.486973,33.712702],[134.487502,33.712275],[134.488428,33.712173],[134.489273,33.71226],[134.490566,33.71225],[134.491298,33.712409],[134.49234,33.712564],[134.493804,33.712741],[134.495155,33.71287],[134.495831,33.713006],[134.496648,33.713211],[134.49755,33.713368],[134.499353,33.713682],[134.50107,33.71395],[134.502451,33.714267],[134.504164,33.714846],[134.503621,33.714905],[134.502588,33.715158],[134.501748,33.715447],[134.50091,33.715829],[134.500377,33.715998],[134.499378,33.716376],[134.498424,33.717211],[134.497762,33.718114],[134.497622,33.718718],[134.497581,33.718861],[134.496908,33.718665],[134.496413,33.718533],[134.495751,33.718359],[134.495044,33.7182],[134.494494,33.718072],[134.49396,33.717948],[134.493415,33.717771],[134.493227,33.717717],[134.493026,33.717671],[134.492827,33.717644],[134.492596,33.717628],[134.492382,33.717624],[134.492206,33.717633],[134.492034,33.717654],[134.491869,33.717692],[134.491594,33.717752],[134.490948,33.717921],[134.490741,33.717963],[134.49056,33.71799],[134.490381,33.71799],[134.490179,33.717966],[134.490022,33.71793],[134.48974,33.717845],[134.489583,33.71781],[134.489461,33.717797],[134.488794,33.717814],[134.488028,33.717813],[134.487562,33.717797],[134.487352,33.717773],[134.487155,33.717741],[134.486954,33.717689],[134.486766,33.717627],[134.486536,33.717518],[134.486216,33.71735],[134.485384,33.716897],[134.485157,33.716782],[134.484413,33.716428],[134.483981,33.716208],[134.483501,33.715936],[134.483391,33.715861]]]},"properties":{"S_NAME":"山河内字なか","HCODE":8101}},{"type":"Feature","geometry":{"type":"Polygon","coordinates":[[[134.413118,33.741734],[134.412957,33.741552],[134.412707,33.741393],[134.412769,33.74146],[134.412469,33.741277],[134.412357,33.741185],[134.412282,33.741168],[134.411907,33.741343],[134.410607,33.74141],[134.410495,33.741385],[134.410045,33.741518],[134.409395,33.741943],[134.409045,33.742077],[134.408695,33.742035],[134.40812,33.741893],[134.40767,33.741852],[134.407133,33.741643],[134.406883,33.741693],[134.406533,33.74176],[134.406158,33.741468],[134.40602,33.741402],[134.405345,33.741352],[134.404621,33.741393],[134.404296,33.741368],[134.403846,33.741102],[134.403433,33.740744],[134.402121,33.740019],[134.401871,33.739819],[134.401746,33.73966],[134.401796,33.739394],[134.401863,33.738959],[134.401846,33.738719],[134.401786,33.738541],[134.401446,33.738002],[134.401371,33.737844],[134.40134,33.737726],[134.401346,33.737644],[134.401508,33.737181],[134.401576,33.736714],[134.401583,33.736386],[134.401508,33.736119],[134.401508,33.735894],[134.401671,33.735469],[134.401808,33.735286],[134.401858,33.735111],[134.401828,33.734911],[134.401758,33.734728],[134.401558,33.734461],[134.401429,33.734255],[134.401362,33.734086],[134.401321,33.733786],[134.401321,33.732953],[134.401268,33.732803],[134.401108,33.732645],[134.400513,33.73223],[134.400246,33.731812],[134.400176,33.731672],[134.400094,33.731558],[134.399734,33.731203],[134.399683,33.731045],[134.399821,33.730595],[134.399771,33.729787],[134.399891,33.729241],[134.399858,33.729167],[134.399769,33.729127],[134.399583,33.729095],[134.399233,33.72907],[134.398958,33.729004],[134.398671,33.72887],[134.398421,33.728712],[134.398259,33.728554],[134.398187,33.728412],[134.398159,33.728237],[134.398226,33.727492],[134.398184,33.727384],[134.398109,33.727271],[134.397696,33.727029],[134.397561,33.726933],[134.397484,33.726821],[134.397384,33.726604],[134.397289,33.726462],[134.397134,33.726304],[134.396546,33.725929],[134.396376,33.72586],[134.396156,33.725726],[134.395946,33.725454],[134.395796,33.725338],[134.395571,33.725113],[134.395196,33.724888],[134.394609,33.724463],[134.394496,33.724417],[134.394521,33.724329],[134.394634,33.723788],[134.394609,33.723496],[134.394146,33.723338],[134.392672,33.722488],[134.392272,33.722196],[134.391834,33.721696],[134.391597,33.72118],[134.391547,33.720888],[134.391547,33.720555],[134.391684,33.72008],[134.391972,33.71943],[134.392497,33.718514],[134.392572,33.718422],[134.392622,33.718289],[134.392943,33.718215],[134.393415,33.718474],[134.394043,33.718622],[134.394929,33.718528],[134.395579,33.718283],[134.396046,33.718122],[134.396671,33.717939],[134.397021,33.717922],[134.398021,33.718014],[134.400046,33.718197],[134.401983,33.717972],[134.402383,33.718022],[134.402845,33.718155],[134.404008,33.718588],[134.404995,33.718838],[134.406207,33.718997],[134.40767,33.719038],[134.407782,33.719022],[134.40872,33.719022],[134.409445,33.719113],[134.410207,33.719313],[134.410932,33.71943],[134.411232,33.719563],[134.412282,33.719722],[134.412682,33.71968],[134.413494,33.719663],[134.413844,33.719597],[134.414757,33.719555],[134.415194,33.719621],[134.415569,33.71958],[134.415894,33.719438],[134.416569,33.719197],[134.417106,33.719105],[134.417781,33.71893],[134.418531,33.718822],[134.419419,33.71878],[134.420281,33.718597],[134.420956,33.718672],[134.421231,33.718647],[134.421531,33.718447],[134.421743,33.71813],[134.421931,33.717905],[134.422468,33.717438],[134.422856,33.717238],[134.423256,33.717122],[134.424043,33.716497],[134.424143,33.716297],[134.424216,33.71598],[134.424256,33.715805],[134.424368,33.715739],[134.425168,33.715672],[134.425393,33.715605],[134.42593,33.715539],[134.426118,33.715564],[134.426756,33.715415],[134.426955,33.715297],[134.427118,33.715339],[134.428005,33.71608],[134.428168,33.716172],[134.428543,33.716172],[134.429218,33.716463],[134.42948,33.716555],[134.429805,33.716622],[134.430292,33.716897],[134.430692,33.71728],[134.43148,33.717597],[134.431692,33.717888],[134.43218,33.718288],[134.432417,33.718338],[134.432505,33.718313],[134.432742,33.718338],[134.432955,33.71843],[134.433117,33.718605],[134.433654,33.718946],[134.434704,33.719396],[134.435054,33.719413],[134.435629,33.719621],[134.436567,33.719646],[134.437079,33.719804],[134.437404,33.719846],[134.437779,33.719846],[134.438379,33.719988],[134.439179,33.720388],[134.439666,33.720596],[134.439904,33.720571],[134.440904,33.720571],[134.441254,33.720638],[134.441578,33.720779],[134.441928,33.720796],[134.442228,33.720754],[134.442766,33.720688],[134.443553,33.720846],[134.443953,33.721054],[134.444166,33.721254],[134.444566,33.721546],[134.445028,33.721746],[134.445353,33.721821],[134.446078,33.721771],[134.446865,33.722246],[134.447428,33.722654],[134.44754,33.722787],[134.44789,33.722946],[134.448178,33.723037],[134.448453,33.723304],[134.44864,33.723412],[134.448679,33.723429],[134.449264,33.724754],[134.450466,33.726649],[134.451954,33.728593],[134.452157,33.728858],[134.452388,33.729239],[134.454125,33.732106],[134.452415,33.731663],[134.450401,33.731143],[134.442155,33.72901],[134.438139,33.727971],[134.437504,33.730326],[134.437224,33.731591],[134.437083,33.732228],[134.436714,33.733813],[134.436076,33.735716],[134.435282,33.738614],[134.433549,33.738486],[134.432088,33.738357],[134.430409,33.738093],[134.428784,33.737829],[134.427859,33.737584],[134.427104,33.737384],[134.425639,33.736711],[134.424399,33.735923],[134.424138,33.735903],[134.423149,33.736451],[134.422232,33.736907],[134.421368,33.737228],[134.420342,33.737639],[134.420301,33.73765],[134.419424,33.737869],[134.418506,33.738235],[134.417319,33.738783],[134.41624,33.739421],[134.415109,33.740195],[134.41414,33.741194],[134.413118,33.741734]]]},"properties":{"S_NAME":"山河内字大越","HCODE":8101}},{"type":"Feature","geometry":{"type":"Polygon","coordinates":[[[134.463453,33.720965],[134.46125,33.720642],[134.460051,33.720287],[134.458981,33.72012],[134.45753,33.71979],[134.45601,33.719603],[134.455162,33.719245],[134.455337,33.71854],[134.455484,33.717822],[134.455477,33.717446],[134.455502,33.71713],[134.455414,33.716346],[134.455339,33.715713],[134.455227,33.715472],[134.455064,33.715197],[134.454777,33.714255],[134.454752,33.714013],[134.454802,33.71383],[134.454752,33.713405],[134.454802,33.713164],[134.455127,33.71278],[134.455477,33.712197],[134.455528,33.712069],[134.455889,33.711164],[134.456027,33.710989],[134.456377,33.710697],[134.456964,33.710314],[134.457289,33.710206],[134.457477,33.710097],[134.457726,33.709531],[134.458026,33.708389],[134.458051,33.707873],[134.458026,33.707473],[134.457864,33.706906],[134.457676,33.706548],[134.457464,33.706281],[134.457052,33.706031],[134.456839,33.705873],[134.456727,33.705723],[134.456602,33.70529],[134.456489,33.70509],[134.456327,33.704531],[134.456327,33.704056],[134.456414,33.703815],[134.456627,33.703698],[134.456952,33.703681],[134.457082,33.703661],[134.457276,33.703631],[134.457326,33.70269],[134.457576,33.70139],[134.457714,33.701282],[134.458714,33.700923],[134.458789,33.700815],[134.458976,33.700615],[134.459164,33.700299],[134.459439,33.699382],[134.459714,33.698957],[134.459814,33.698732],[134.459976,33.698307],[134.460004,33.698278],[134.460089,33.69819],[134.460276,33.698124],[134.460576,33.698124],[134.461301,33.69819],[134.461538,33.698107],[134.461788,33.697857],[134.462138,33.697566],[134.463301,33.696182],[134.463463,33.695916],[134.463838,33.695507],[134.464076,33.695149],[134.464401,33.694616],[134.464626,33.694391],[134.464626,33.694341],[134.464838,33.694166],[134.465163,33.694124],[134.465426,33.694141],[134.465938,33.694124],[134.4667,33.694258],[134.467213,33.694308],[134.467828,33.69441],[134.469245,33.701182],[134.470732,33.708286],[134.471024,33.70968],[134.469219,33.711962],[134.467198,33.714516],[134.463453,33.720965]]]},"properties":{"S_NAME":"山河内字かんば","HCODE":8101}},{"type":"Feature","geometry":{"type":"Polygon","coordinates":[[[134.475462,33.75191],[134.473892,33.751872],[134.472977,33.751895],[134.471614,33.751852],[134.470265,33.751754],[134.468479,33.751717],[134.465824,33.751232],[134.465265,33.751187],[134.46263,33.750975],[134.459488,33.750537],[134.456779,33.750007],[134.45676,33.750004],[134.454179,33.749566],[134.452609,33.749191],[134.451578,33.748945],[134.449971,33.748175],[134.449895,33.748138],[134.448693,33.747616],[134.447833,33.747243],[134.445877,33.745985],[134.443921,33.744592],[134.44202,33.743424],[134.441824,33.743275],[134.439954,33.74185],[134.438432,33.740636],[134.436692,33.739286],[134.435282,33.738614],[134.436076,33.735716],[134.436714,33.733813],[134.437083,33.732228],[134.437224,33.731591],[134.437504,33.730326],[134.438139,33.727971],[134.442155,33.72901],[134.450401,33.731143],[134.452415,33.731663],[134.454125,33.732106],[134.452388,33.729239],[134.452157,33.728858],[134.451954,33.728593],[134.450466,33.726649],[134.449264,33.724754],[134.448679,33.723429],[134.448853,33.723504],[134.44904,33.723437],[134.449477,33.723079],[134.449528,33.722971],[134.449802,33.722746],[134.450015,33.722637],[134.45029,33.722412],[134.450715,33.721787],[134.45094,33.721579],[134.451152,33.721446],[134.451502,33.721337],[134.452202,33.721204],[134.452297,33.721054],[134.452927,33.720063],[134.453202,33.719771],[134.453477,33.719571],[134.45399,33.719346],[134.454177,33.719213],[134.454414,33.719188],[134.454764,33.719279],[134.454977,33.719238],[134.455022,33.719282],[134.455162,33.719245],[134.45601,33.719603],[134.45753,33.71979],[134.458981,33.72012],[134.460051,33.720287],[134.46125,33.720642],[134.463453,33.720965],[134.464172,33.7211],[134.465186,33.72128],[134.465918,33.721369],[134.467043,33.721407],[134.467858,33.721424],[134.468505,33.721442],[134.469348,33.721412],[134.469994,33.72136],[134.47092,33.721212],[134.471903,33.721134],[134.472492,33.721035],[134.47424,33.721924],[134.47549,33.722868],[134.47636,33.723588],[134.477069,33.724444],[134.47805,33.72557],[134.478587,33.726039],[134.47903,33.726425],[134.480009,33.727325],[134.481044,33.72836],[134.481916,33.729351],[134.482328,33.730131],[134.483227,33.7312],[134.483416,33.73172],[134.482964,33.732377],[134.482491,33.733],[134.481886,33.73398],[134.481253,33.735462],[134.48061,33.736505],[134.480022,33.737548],[134.479649,33.73841],[134.479436,33.738953],[134.479065,33.740177],[134.478588,33.741762],[134.478217,33.74294],[134.477735,33.743711],[134.477255,33.744664],[134.477211,33.74485],[134.476991,33.745796],[134.476462,33.747608],[134.476383,33.747969],[134.476147,33.749057],[134.475832,33.750596],[134.475462,33.75191]]]},"properties":{"S_NAME":"山河内字西山","HCODE":8101}},{"type":"Feature","geometry":{"type":"Polygon","coordinates":[[[134.504164,33.714846],[134.502451,33.714267],[134.50107,33.71395],[134.499353,33.713682],[134.49755,33.713368],[134.496648,33.713211],[134.495831,33.713006],[134.495155,33.71287],[134.493804,33.712741],[134.49234,33.712564],[134.491298,33.712409],[134.490566,33.71225],[134.489273,33.71226],[134.488428,33.712173],[134.487502,33.712275],[134.486973,33.712702],[134.4865,33.713175],[134.485778,33.713932],[134.485222,33.71443],[134.484499,33.715163],[134.483914,33.715614],[134.483391,33.715861],[134.483186,33.715723],[134.482883,33.715176],[134.48231,33.714195],[134.481734,33.713049],[134.4813,33.711972],[134.480326,33.710289],[134.479783,33.709639],[134.479134,33.709031],[134.478146,33.708273],[134.477359,33.707564],[134.476803,33.707109],[134.476136,33.705675],[134.475766,33.704639],[134.475315,33.703438],[134.47531,33.703417],[134.474883,33.702297],[134.474266,33.700844],[134.473771,33.699534],[134.472695,33.69672],[134.471722,33.693901],[134.471762,33.693799],[134.471907,33.693799],[134.47195,33.693799],[134.472362,33.694024],[134.473487,33.694499],[134.474,33.694566],[134.474187,33.694549],[134.474437,33.694416],[134.474562,33.694257],[134.474762,33.693716],[134.474649,33.692841],[134.474699,33.692599],[134.474674,33.692533],[134.474699,33.692349],[134.474837,33.692124],[134.475274,33.691591],[134.475374,33.691366],[134.475537,33.691141],[134.475924,33.690741],[134.475974,33.6906],[134.475812,33.690133],[134.475737,33.689641],[134.475762,33.689325],[134.475712,33.688025],[134.475599,33.687642],[134.475412,33.687417],[134.475274,33.687084],[134.475437,33.686234],[134.475499,33.685717],[134.475412,33.685509],[134.475199,33.685084],[134.4741,33.683454],[134.473697,33.683073],[134.473374,33.682888],[134.472716,33.68242],[134.472578,33.682258],[134.472453,33.682078],[134.472094,33.681544],[134.472123,33.681534],[134.472163,33.681525],[134.472211,33.68152],[134.472264,33.681521],[134.472325,33.681528],[134.472392,33.681542],[134.472465,33.681561],[134.472624,33.681609],[134.472797,33.681668],[134.472971,33.681729],[134.473139,33.681783],[134.473309,33.681841],[134.473493,33.68191],[134.473589,33.68195],[134.473772,33.682033],[134.473918,33.682113],[134.473978,33.682147],[134.474032,33.682174],[134.474086,33.682192],[134.474143,33.6822],[134.474206,33.682195],[134.474338,33.682171],[134.474399,33.682163],[134.474453,33.682169],[134.474494,33.682189],[134.474525,33.682221],[134.47457,33.682286],[134.474587,33.682301],[134.474601,33.682302],[134.474613,33.682298],[134.474625,33.682292],[134.474674,33.682247],[134.474708,33.682227],[134.474746,33.682214],[134.474789,33.68221],[134.474835,33.682213],[134.474881,33.68222],[134.474925,33.682233],[134.474964,33.682247],[134.474999,33.682265],[134.475035,33.682287],[134.475113,33.682346],[134.475204,33.682424],[134.475246,33.682465],[134.475281,33.682506],[134.475306,33.682542],[134.475313,33.682572],[134.475313,33.682596],[134.475309,33.682617],[134.47531,33.682634],[134.475321,33.682651],[134.475346,33.682672],[134.475439,33.682717],[134.475561,33.682765],[134.475688,33.682815],[134.47584,33.682882],[134.475982,33.682961],[134.476142,33.683061],[134.476252,33.683145],[134.476347,33.683221],[134.476425,33.683276],[134.476506,33.68333],[134.476594,33.683387],[134.476689,33.683448],[134.476785,33.683508],[134.476871,33.683562],[134.476938,33.683605],[134.476987,33.683635],[134.477028,33.683659],[134.47707,33.683681],[134.47712,33.683702],[134.477176,33.683723],[134.477234,33.683742],[134.477289,33.683755],[134.477338,33.683763],[134.477386,33.683775],[134.477437,33.683793],[134.47749,33.683823],[134.477545,33.683861],[134.477595,33.683903],[134.477637,33.683942],[134.477671,33.683978],[134.477702,33.684011],[134.477738,33.684043],[134.477782,33.684073],[134.477828,33.684096],[134.477872,33.684107],[134.47789,33.684107],[134.477904,33.684101],[134.477917,33.684092],[134.47794,33.684065],[134.477973,33.684031],[134.478027,33.683999],[134.478098,33.683975],[134.478133,33.683967],[134.478167,33.683963],[134.478195,33.683965],[134.478215,33.683973],[134.478225,33.683986],[134.478227,33.684004],[134.478223,33.684027],[134.478215,33.684052],[134.478189,33.684104],[134.478163,33.684151],[134.478144,33.684188],[134.478126,33.684219],[134.478106,33.684248],[134.478081,33.684276],[134.478055,33.684306],[134.478036,33.684341],[134.478031,33.684361],[134.478029,33.684382],[134.478034,33.684428],[134.478046,33.684474],[134.478058,33.684519],[134.478063,33.684556],[134.478069,33.684592],[134.478082,33.684632],[134.47811,33.68468],[134.478152,33.684737],[134.478202,33.684797],[134.478246,33.684843],[134.478258,33.684855],[134.478311,33.684906],[134.478361,33.684952],[134.478408,33.684997],[134.47845,33.685043],[134.478487,33.685089],[134.478526,33.685128],[134.478547,33.685144],[134.478569,33.685156],[134.478593,33.685164],[134.478651,33.685173],[134.478715,33.685175],[134.478791,33.685179],[134.478874,33.685189],[134.478964,33.685205],[134.479056,33.685221],[134.479148,33.685237],[134.479241,33.68525],[134.479338,33.685268],[134.47944,33.685292],[134.47955,33.685327],[134.479662,33.685372],[134.479772,33.685425],[134.479873,33.685484],[134.479965,33.685547],[134.480053,33.68561],[134.480145,33.685672],[134.480241,33.685731],[134.480343,33.685787],[134.480451,33.685843],[134.480561,33.685899],[134.480673,33.685955],[134.480787,33.686007],[134.4809,33.686056],[134.48101,33.686096],[134.481118,33.686133],[134.481221,33.686167],[134.481318,33.686201],[134.48141,33.686234],[134.481497,33.686262],[134.481586,33.686284],[134.481674,33.686295],[134.481763,33.686305],[134.481807,33.686312],[134.481849,33.686321],[134.481892,33.686335],[134.481931,33.686353],[134.481969,33.686374],[134.482039,33.686422],[134.482102,33.686464],[134.482131,33.686478],[134.482156,33.686486],[134.482179,33.686488],[134.482201,33.686485],[134.482221,33.686477],[134.48224,33.686466],[134.482278,33.686434],[134.482314,33.686392],[134.482353,33.686341],[134.482396,33.686277],[134.482445,33.686202],[134.482501,33.686116],[134.482567,33.686023],[134.482604,33.685976],[134.482689,33.685882],[134.482735,33.685838],[134.482782,33.685798],[134.48283,33.685764],[134.482877,33.685736],[134.482923,33.685717],[134.482966,33.685709],[134.483005,33.685712],[134.483042,33.685724],[134.483078,33.685744],[134.483152,33.685793],[134.483192,33.685817],[134.483237,33.685839],[134.483287,33.685855],[134.483341,33.685864],[134.483397,33.68587],[134.483453,33.68587],[134.48351,33.685866],[134.483563,33.685858],[134.483613,33.685847],[134.483695,33.685816],[134.483732,33.685801],[134.483767,33.68579],[134.483804,33.685786],[134.483842,33.68579],[134.483885,33.685804],[134.483932,33.68583],[134.483983,33.685865],[134.484091,33.685953],[134.484193,33.686041],[134.484236,33.686067],[134.484265,33.686078],[134.484304,33.686086],[134.48435,33.686092],[134.484416,33.686094],[134.484489,33.686096],[134.484565,33.686103],[134.484639,33.686111],[134.484713,33.68612],[134.484781,33.686126],[134.484845,33.686134],[134.484875,33.68614],[134.484904,33.686149],[134.484958,33.686176],[134.484983,33.686193],[134.485028,33.686235],[134.485065,33.686278],[134.485095,33.686316],[134.485117,33.686348],[134.485133,33.686376],[134.485146,33.686403],[134.485162,33.686433],[134.485172,33.686453],[134.48519,33.686472],[134.485202,33.68648],[134.485231,33.686488],[134.485267,33.686491],[134.485309,33.68649],[134.485354,33.686487],[134.485401,33.686483],[134.485426,33.686479],[134.485446,33.686475],[134.485468,33.686468],[134.485488,33.686461],[134.485523,33.686439],[134.485556,33.686415],[134.485588,33.686397],[134.485601,33.686392],[134.485623,33.68639],[134.485641,33.686392],[134.48566,33.686395],[134.485682,33.686404],[134.485892,33.686504],[134.486022,33.686566],[134.486104,33.686604],[134.486255,33.686677],[134.486428,33.686765],[134.486603,33.686851],[134.486748,33.686918],[134.486855,33.686964],[134.486894,33.686988],[134.486926,33.687016],[134.48695,33.687049],[134.486968,33.687087],[134.486977,33.687126],[134.486977,33.687164],[134.486967,33.687197],[134.486946,33.687223],[134.486919,33.687244],[134.486863,33.68728],[134.48684,33.6873],[134.486825,33.687323],[134.486818,33.687349],[134.48681,33.687401],[134.486803,33.687424],[134.486789,33.687441],[134.486772,33.687456],[134.486734,33.687481],[134.486721,33.687495],[134.48671,33.68751],[134.4867,33.687547],[134.486689,33.687586],[134.486668,33.687623],[134.486642,33.687656],[134.486631,33.687674],[134.486625,33.687687],[134.486622,33.687695],[134.486623,33.6877],[134.486624,33.687705],[134.486627,33.687709],[134.486632,33.687713],[134.48664,33.687716],[134.486651,33.687716],[134.486665,33.687715],[134.4867,33.687708],[134.486793,33.68768],[134.486889,33.687643],[134.486929,33.687624],[134.486998,33.687595],[134.487014,33.687589],[134.487031,33.687585],[134.487047,33.687583],[134.487068,33.687583],[134.487091,33.687585],[134.487108,33.687587],[134.48713,33.68759],[134.487151,33.687596],[134.487194,33.687611],[134.487236,33.68763],[134.487274,33.687651],[134.487305,33.687673],[134.48733,33.687697],[134.48735,33.687721],[134.487363,33.687745],[134.487368,33.687758],[134.487372,33.687768],[134.487374,33.68778],[134.487375,33.687791],[134.487374,33.68781],[134.48737,33.687837],[134.487354,33.687892],[134.487329,33.687959],[134.487311,33.688023],[134.48731,33.688038],[134.487311,33.688048],[134.487315,33.688058],[134.487319,33.688065],[134.487326,33.688073],[134.487331,33.688076],[134.487338,33.688079],[134.48735,33.688082],[134.487395,33.68809],[134.48744,33.688098],[134.487489,33.688109],[134.487546,33.688122],[134.487612,33.688135],[134.487685,33.688147],[134.487758,33.688154],[134.487795,33.688153],[134.487829,33.688149],[134.487847,33.688145],[134.487864,33.68814],[134.487895,33.688126],[134.487952,33.688092],[134.487981,33.688078],[134.487991,33.688074],[134.488011,33.68807],[134.488025,33.688068],[134.48804,33.688068],[134.48807,33.688072],[134.4881,33.68808],[134.488159,33.688095],[134.488181,33.688097],[134.488211,33.688096],[134.488264,33.68809],[134.488324,33.688087],[134.488387,33.688091],[134.488448,33.688098],[134.488498,33.688105],[134.488521,33.688113],[134.488542,33.688125],[134.488564,33.688146],[134.488583,33.688173],[134.488624,33.688236],[134.488643,33.68826],[134.488651,33.688268],[134.488661,33.688272],[134.48867,33.688273],[134.488679,33.688271],[134.488686,33.688268],[134.488696,33.688258],[134.488726,33.688213],[134.488746,33.688176],[134.48875,33.68817],[134.488755,33.688166],[134.488759,33.688163],[134.488764,33.68816],[134.48877,33.688159],[134.488777,33.688158],[134.488796,33.68816],[134.488848,33.688168],[134.488911,33.688183],[134.488943,33.688196],[134.488971,33.68821],[134.488996,33.688226],[134.489037,33.688264],[134.489054,33.688287],[134.489078,33.688333],[134.489094,33.688391],[134.489103,33.688463],[134.489106,33.688544],[134.489108,33.688619],[134.489106,33.688674],[134.489101,33.688696],[134.489092,33.688715],[134.489078,33.688732],[134.489033,33.688763],[134.488983,33.688798],[134.488963,33.688819],[134.488947,33.688842],[134.488922,33.688892],[134.488907,33.688914],[134.488897,33.688925],[134.488888,33.688932],[134.488877,33.688938],[134.48886,33.688943],[134.488828,33.688951],[134.488781,33.688963],[134.488768,33.688967],[134.488755,33.688974],[134.488747,33.688982],[134.488738,33.688992],[134.488734,33.689002],[134.48872,33.68906],[134.488707,33.689095],[134.488696,33.689115],[134.488684,33.689132],[134.488665,33.689151],[134.488643,33.689168],[134.488591,33.689206],[134.488531,33.689237],[134.488452,33.689269],[134.488391,33.689288],[134.488304,33.689313],[134.488219,33.689338],[134.488134,33.68936],[134.488088,33.689367],[134.488039,33.689371],[134.48799,33.689369],[134.487881,33.689355],[134.487825,33.689343],[134.487767,33.689335],[134.48771,33.68933],[134.487656,33.689332],[134.487603,33.689345],[134.487553,33.689365],[134.487504,33.689391],[134.487402,33.689451],[134.48729,33.689513],[134.487172,33.689573],[134.487055,33.689638],[134.486999,33.689674],[134.486948,33.689713],[134.486905,33.689756],[134.486872,33.689803],[134.486849,33.689856],[134.486837,33.689914],[134.486831,33.689975],[134.486828,33.690109],[134.486827,33.690252],[134.486831,33.690326],[134.486841,33.690399],[134.48686,33.690471],[134.486889,33.690542],[134.486929,33.690611],[134.486977,33.690677],[134.487031,33.690742],[134.487151,33.69086],[134.487216,33.690913],[134.487288,33.690964],[134.487366,33.691013],[134.487453,33.691059],[134.487548,33.691103],[134.48765,33.691144],[134.487757,33.691183],[134.487974,33.691251],[134.488077,33.69128],[134.488177,33.691302],[134.488271,33.691313],[134.488361,33.691312],[134.488401,33.691305],[134.488444,33.691293],[134.488484,33.691277],[134.488522,33.691256],[134.488593,33.691205],[134.488661,33.691145],[134.488787,33.691024],[134.488845,33.690974],[134.488903,33.690932],[134.488959,33.690899],[134.489012,33.690872],[134.489065,33.690851],[134.489113,33.690836],[134.489209,33.690816],[134.489303,33.690801],[134.489399,33.690783],[134.489492,33.690764],[134.489578,33.690749],[134.489615,33.690745],[134.489653,33.690745],[134.489686,33.690748],[134.489715,33.690752],[134.489733,33.690756],[134.489766,33.69077],[134.489817,33.690789],[134.489832,33.690792],[134.489846,33.690794],[134.489879,33.690797],[134.489913,33.690794],[134.489946,33.690788],[134.489962,33.690784],[134.489978,33.690779],[134.489991,33.690773],[134.490003,33.690766],[134.490013,33.690758],[134.490021,33.690751],[134.490028,33.690742],[134.490043,33.690719],[134.490052,33.690701],[134.490059,33.690692],[134.490065,33.690686],[134.490076,33.690677],[134.490099,33.690662],[134.49012,33.690652],[134.490123,33.69065],[134.490124,33.690648],[134.490122,33.690647],[134.49012,33.690646],[134.49009,33.690648],[134.490042,33.690646],[134.490031,33.690644],[134.490025,33.69064],[134.49002,33.690636],[134.490017,33.690629],[134.490017,33.690616],[134.49002,33.690597],[134.490025,33.69058],[134.490026,33.690565],[134.490024,33.690559],[134.49002,33.690554],[134.490016,33.690548],[134.490009,33.690545],[134.489979,33.690531],[134.489947,33.690516],[134.489935,33.690507],[134.48993,33.690502],[134.489927,33.690497],[134.489925,33.690492],[134.489925,33.690487],[134.489927,33.690482],[134.48993,33.690478],[134.489935,33.690474],[134.489943,33.690471],[134.489954,33.690467],[134.489963,33.690465],[134.489987,33.690462],[134.490014,33.690462],[134.490027,33.690463],[134.49004,33.690464],[134.490057,33.69047],[134.490084,33.690479],[134.490126,33.690495],[134.490138,33.690498],[134.49015,33.690499],[134.490163,33.690499],[134.490175,33.690498],[134.490229,33.690488],[134.490288,33.690477],[134.490312,33.690475],[134.490343,33.690475],[134.490355,33.690477],[134.490366,33.690479],[134.490374,33.690482],[134.490382,33.690486],[134.490387,33.69049],[134.490391,33.690495],[134.490391,33.690501],[134.490389,33.690508],[134.490386,33.690516],[134.49038,33.690523],[134.490366,33.690537],[134.490347,33.690553],[134.490311,33.690575],[134.490286,33.690588],[134.490283,33.690591],[134.490282,33.690595],[134.490285,33.690602],[134.490294,33.69061],[134.490328,33.690634],[134.490354,33.690656],[134.490362,33.690666],[134.490368,33.690674],[134.490374,33.690687],[134.490379,33.6907],[134.490386,33.690724],[134.490392,33.69074],[134.490401,33.690755],[134.490413,33.69077],[134.490423,33.690779],[134.490436,33.690788],[134.49045,33.690796],[134.49047,33.690803],[134.490489,33.690808],[134.490507,33.69081],[134.490527,33.690811],[134.490534,33.69081],[134.49054,33.690807],[134.490544,33.690804],[134.490547,33.690799],[134.490548,33.690793],[134.490547,33.690787],[134.490537,33.690754],[134.490536,33.690746],[134.490536,33.690737],[134.490538,33.690729],[134.490541,33.690722],[134.490546,33.690716],[134.490555,33.690711],[134.490566,33.690706],[134.490576,33.690703],[134.490589,33.690701],[134.490603,33.690701],[134.490631,33.690701],[134.490646,33.690703],[134.490658,33.690706],[134.490669,33.690711],[134.49068,33.690717],[134.49069,33.690723],[134.490699,33.69073],[134.490705,33.690738],[134.490711,33.690747],[134.490715,33.690755],[134.490718,33.690764],[134.49072,33.690772],[134.49072,33.690781],[134.490717,33.690792],[134.490707,33.690815],[134.490699,33.690835],[134.490696,33.690848],[134.490696,33.690856],[134.490698,33.690863],[134.490702,33.690872],[134.490708,33.690879],[134.490717,33.690887],[134.490725,33.690894],[134.490736,33.6909],[134.490749,33.690905],[134.490761,33.690907],[134.490775,33.690909],[134.490788,33.690908],[134.490803,33.690906],[134.490816,33.690902],[134.490829,33.690895],[134.490876,33.690862],[134.490893,33.690851],[134.4909,33.690849],[134.490906,33.69085],[134.49091,33.690853],[134.490913,33.69086],[134.49092,33.690904],[134.490922,33.690914],[134.490925,33.690924],[134.490931,33.690932],[134.490937,33.690937],[134.490944,33.690938],[134.490953,33.690937],[134.490965,33.690935],[134.490977,33.69093],[134.491004,33.690918],[134.491032,33.690909],[134.491045,33.690906],[134.491059,33.690906],[134.49107,33.69091],[134.491082,33.690915],[134.491092,33.690922],[134.491101,33.690931],[134.491133,33.690968],[134.491139,33.690973],[134.491147,33.690978],[134.491152,33.69098],[134.491159,33.69098],[134.491164,33.690978],[134.491171,33.690974],[134.491196,33.690954],[134.491204,33.69095],[134.491212,33.690946],[134.491221,33.690945],[134.491231,33.690946],[134.491242,33.690949],[134.491251,33.690952],[134.491264,33.690958],[134.491297,33.690978],[134.491321,33.690996],[134.491366,33.691036],[134.491386,33.691054],[134.491408,33.691068],[134.491419,33.691073],[134.491429,33.691077],[134.491437,33.691079],[134.491448,33.691081],[134.491457,33.69108],[134.491465,33.691077],[134.491471,33.691074],[134.491476,33.691069],[134.491479,33.691064],[134.49148,33.691059],[134.491479,33.691053],[134.491477,33.691049],[134.491471,33.691044],[134.491464,33.69104],[134.491424,33.691022],[134.491407,33.691014],[134.491404,33.691012],[134.491402,33.691009],[134.491403,33.691005],[134.491406,33.691003],[134.491439,33.690991],[134.491448,33.690988],[134.491454,33.690983],[134.491458,33.690979],[134.49146,33.69097],[134.491458,33.690963],[134.491454,33.690953],[134.491449,33.690945],[134.491418,33.690909],[134.491408,33.690897],[134.491404,33.690891],[134.4914,33.690883],[134.491399,33.690875],[134.491402,33.690871],[134.49141,33.690867],[134.491422,33.690865],[134.491435,33.690865],[134.491512,33.690869],[134.491608,33.690871],[134.491705,33.690866],[134.491797,33.690856],[134.491875,33.690849],[134.49191,33.690848],[134.491941,33.69085],[134.491958,33.690854],[134.491973,33.690857],[134.491987,33.690862],[134.492001,33.69087],[134.492013,33.690877],[134.492025,33.690886],[134.492039,33.690898],[134.49205,33.690912],[134.492054,33.690921],[134.492056,33.690928],[134.492055,33.690937],[134.49205,33.690944],[134.492045,33.690949],[134.492038,33.690953],[134.492027,33.690958],[134.492012,33.690961],[134.491941,33.690975],[134.491931,33.690977],[134.49192,33.690981],[134.491853,33.691008],[134.49178,33.691041],[134.49172,33.691076],[134.491668,33.69111],[134.491655,33.691118],[134.491643,33.691123],[134.491631,33.691128],[134.491617,33.691131],[134.491604,33.691133],[134.491588,33.691133],[134.491536,33.691129],[134.491526,33.691129],[134.491523,33.691129],[134.491522,33.691131],[134.491523,33.691134],[134.491526,33.691137],[134.49155,33.69115],[134.491625,33.691184],[134.491721,33.691223],[134.491822,33.691266],[134.49187,33.691291],[134.491915,33.691317],[134.491953,33.691346],[134.491982,33.691376],[134.492001,33.691406],[134.492006,33.691432],[134.491996,33.691453],[134.491967,33.691466],[134.491924,33.691473],[134.491813,33.69148],[134.491701,33.691485],[134.491602,33.691497],[134.491513,33.691509],[134.491433,33.691518],[134.491362,33.691527],[134.491303,33.691541],[134.491261,33.691557],[134.49125,33.691565],[134.491244,33.691574],[134.491246,33.691582],[134.491253,33.69159],[134.491267,33.691599],[134.491308,33.69163],[134.491353,33.691674],[134.491365,33.691686],[134.491372,33.691695],[134.491376,33.691702],[134.491376,33.691707],[134.491373,33.69171],[134.49137,33.691711],[134.491364,33.69171],[134.491357,33.691709],[134.491338,33.6917],[134.491267,33.691666],[134.491232,33.691654],[134.491202,33.691649],[134.491177,33.69165],[134.491157,33.691657],[134.491142,33.691668],[134.49113,33.691683],[134.491121,33.691695],[134.491106,33.691724],[134.491088,33.691755],[134.491069,33.691775],[134.491057,33.691785],[134.491047,33.691791],[134.491016,33.691809],[134.491006,33.691813],[134.490994,33.691817],[134.490973,33.69182],[134.490949,33.691822],[134.490913,33.691825],[134.490908,33.691828],[134.490904,33.69183],[134.490902,33.691835],[134.490901,33.691839],[134.490905,33.691866],[134.490906,33.69188],[134.490904,33.691887],[134.490902,33.691893],[134.490897,33.691897],[134.490889,33.691902],[134.490881,33.691906],[134.490871,33.691909],[134.49082,33.691922],[134.490763,33.691943],[134.490736,33.691958],[134.49071,33.691977],[134.490684,33.692001],[134.490663,33.692029],[134.490643,33.692062],[134.490626,33.692098],[134.490601,33.692182],[134.490587,33.692277],[134.490585,33.692326],[134.490588,33.692378],[134.490597,33.692432],[134.490613,33.69249],[134.490635,33.692549],[134.490665,33.69261],[134.490701,33.69267],[134.490782,33.692788],[134.490866,33.692893],[134.490947,33.692985],[134.491013,33.693061],[134.491074,33.693128],[134.491109,33.69316],[134.49115,33.693194],[134.491199,33.693227],[134.491256,33.693261],[134.491319,33.693293],[134.491386,33.693319],[134.491455,33.693338],[134.491522,33.693347],[134.491588,33.693349],[134.491654,33.693345],[134.491782,33.693331],[134.491902,33.693317],[134.492012,33.69331],[134.492109,33.693311],[134.492194,33.69332],[134.492437,33.693354],[134.492464,33.693352],[134.492518,33.693347],[134.492579,33.693335],[134.492642,33.69332],[134.492702,33.693304],[134.492754,33.693284],[134.49279,33.693266],[134.492813,33.693246],[134.49282,33.693235],[134.492825,33.693212],[134.492819,33.693189],[134.492804,33.693163],[134.492778,33.693137],[134.492762,33.693123],[134.492719,33.693096],[134.492668,33.693069],[134.492433,33.692951],[134.492359,33.692915],[134.492346,33.692907],[134.492338,33.6929],[134.492335,33.692896],[134.49233,33.692888],[134.492327,33.692884],[134.492324,33.692875],[134.492323,33.692866],[134.492323,33.692856],[134.492326,33.692842],[134.49233,33.692833],[134.492335,33.692825],[134.492338,33.692821],[134.49235,33.692811],[134.49236,33.692806],[134.492364,33.692804],[134.49237,33.692803],[134.492431,33.692783],[134.49245,33.692776],[134.492475,33.692773],[134.492487,33.692773],[134.492507,33.69278],[134.492528,33.692792],[134.492549,33.692806],[134.492571,33.692823],[134.492595,33.692837],[134.492616,33.692848],[134.492633,33.69285],[134.492639,33.692848],[134.492645,33.692834],[134.492648,33.692814],[134.49265,33.692786],[134.492652,33.692757],[134.492654,33.692724],[134.492659,33.692693],[134.492668,33.692664],[134.492672,33.692651],[134.492687,33.69263],[134.492709,33.692616],[134.492725,33.69261],[134.492764,33.692607],[134.492815,33.69261],[134.492877,33.69262],[134.492948,33.692634],[134.493028,33.692653],[134.493113,33.692674],[134.493202,33.692696],[134.493291,33.692721],[134.493377,33.692745],[134.49346,33.692773],[134.493535,33.692801],[134.493604,33.692831],[134.493667,33.692862],[134.493725,33.692891],[134.493778,33.692919],[134.493824,33.692943],[134.493853,33.692963],[134.493861,33.69297],[134.493862,33.692977],[134.493859,33.692982],[134.493841,33.692992],[134.493814,33.692999],[134.493787,33.693009],[134.493767,33.693021],[134.493758,33.693027],[134.493752,33.693039],[134.493758,33.693048],[134.49378,33.693053],[134.49381,33.693055],[134.493847,33.693051],[134.493885,33.693044],[134.493923,33.69304],[134.493943,33.693042],[134.493961,33.693047],[134.49398,33.693056],[134.493996,33.693071],[134.494012,33.693091],[134.49404,33.69314],[134.494063,33.693193],[134.494079,33.693245],[134.494091,33.69329],[134.494107,33.693327],[134.494118,33.693341],[134.49415,33.693362],[134.494195,33.693376],[134.49424,33.693389],[134.494279,33.693404],[134.494303,33.693427],[134.494321,33.693451],[134.494339,33.693472],[134.494368,33.69348],[134.494409,33.693477],[134.494458,33.69347],[134.49451,33.693465],[134.494558,33.693468],[134.494607,33.693478],[134.494658,33.693493],[134.494714,33.69351],[134.494773,33.693529],[134.494828,33.693548],[134.494867,33.693567],[134.494884,33.693587],[134.494884,33.693608],[134.494875,33.693631],[134.494863,33.693659],[134.494851,33.693687],[134.49484,33.693717],[134.494837,33.693725],[134.494831,33.693744],[134.494823,33.693769],[134.494821,33.69379],[134.494825,33.693808],[134.494841,33.693822],[134.494867,33.693833],[134.494901,33.693842],[134.494945,33.693848],[134.494995,33.693851],[134.495049,33.693856],[134.495107,33.693865],[134.495167,33.693881],[134.495228,33.693904],[134.495286,33.693929],[134.495341,33.693954],[134.495391,33.693973],[134.495438,33.693988],[134.495484,33.693999],[134.495532,33.694005],[134.495579,33.694006],[134.495624,33.694001],[134.495662,33.693989],[134.495677,33.69398],[134.4957,33.693957],[134.495712,33.693931],[134.495717,33.693907],[134.495714,33.693885],[134.495705,33.693866],[134.495691,33.693848],[134.495674,33.69383],[134.495657,33.693813],[134.495646,33.693795],[134.495644,33.693787],[134.49565,33.693772],[134.49567,33.69376],[134.495705,33.693749],[134.49575,33.693739],[134.495805,33.693728],[134.495837,33.693723],[134.495914,33.693719],[134.49601,33.693729],[134.496125,33.693751],[134.496254,33.693785],[134.496386,33.693826],[134.496514,33.693866],[134.496633,33.693905],[134.496742,33.693939],[134.496846,33.693969],[134.496943,33.693993],[134.497036,33.694016],[134.497124,33.694044],[134.497212,33.694079],[134.497297,33.694126],[134.49737,33.694176],[134.497401,33.694202],[134.49745,33.694256],[134.49748,33.694306],[134.497489,33.694329],[134.497495,33.694365],[134.497493,33.694378],[134.497488,33.694387],[134.497473,33.694396],[134.497454,33.6944],[134.49744,33.694406],[134.497435,33.69441],[134.497431,33.694427],[134.49743,33.694445],[134.497431,33.694463],[134.49743,33.694475],[134.497433,33.694485],[134.49744,33.694493],[134.49746,33.694501],[134.497488,33.69451],[134.497521,33.694521],[134.497554,33.694537],[134.49758,33.694557],[134.497601,33.694581],[134.497616,33.694609],[134.497627,33.69464],[134.497632,33.694671],[134.497634,33.694704],[134.49763,33.694737],[134.49762,33.694768],[134.497608,33.694798],[134.49759,33.694827],[134.497568,33.694853],[134.497543,33.694877],[134.497516,33.694902],[134.497492,33.694929],[134.497468,33.694958],[134.497453,33.694992],[134.497448,33.69501],[134.49745,33.695049],[134.497456,33.695068],[134.497465,33.69509],[134.497503,33.695136],[134.497529,33.695163],[134.497603,33.695223],[134.497703,33.695292],[134.497825,33.695364],[134.497891,33.695398],[134.498026,33.69546],[134.498161,33.695507],[134.498292,33.695539],[134.498416,33.695561],[134.498531,33.695573],[134.498639,33.69558],[134.498741,33.695582],[134.498839,33.695582],[134.498932,33.695579],[134.49902,33.695575],[134.4991,33.695566],[134.499136,33.69556],[134.499198,33.695544],[134.499248,33.695523],[134.499288,33.695498],[134.499304,33.695486],[134.499327,33.69546],[134.49934,33.695435],[134.499341,33.695415],[134.499337,33.695407],[134.49932,33.695393],[134.499295,33.695384],[134.499267,33.695376],[134.49924,33.695368],[134.499218,33.695356],[134.499202,33.695344],[134.499196,33.695332],[134.499196,33.695326],[134.499205,33.695315],[134.499222,33.695306],[134.499243,33.695303],[134.499267,33.695302],[134.49929,33.695304],[134.499307,33.695306],[134.499316,33.695304],[134.499316,33.695298],[134.49931,33.69529],[134.499303,33.695277],[134.499298,33.695261],[134.499297,33.695245],[134.4993,33.695234],[134.499307,33.695229],[134.499319,33.695233],[134.499335,33.695242],[134.499356,33.695258],[134.499379,33.695274],[134.499404,33.695291],[134.499431,33.695305],[134.49946,33.695314],[134.499489,33.695318],[134.499519,33.695317],[134.499547,33.695312],[134.499571,33.695304],[134.499593,33.695294],[134.499606,33.695284],[134.499609,33.695278],[134.499609,33.695272],[134.499601,33.69526],[134.499587,33.695247],[134.49957,33.695232],[134.499552,33.695215],[134.499533,33.695196],[134.499515,33.695175],[134.499494,33.695156],[134.499472,33.695138],[134.499448,33.695119],[134.499421,33.6951],[134.499389,33.69508],[134.499354,33.69506],[134.499321,33.695041],[134.499291,33.695025],[134.499268,33.69501],[134.499254,33.694999],[134.499253,33.694992],[134.499263,33.694987],[134.499286,33.694985],[134.499314,33.694984],[134.499345,33.694981],[134.499375,33.694977],[134.499405,33.694973],[134.49943,33.694974],[134.499452,33.694978],[134.49947,33.694986],[134.499486,33.694998],[134.4995,33.69501],[134.499512,33.695023],[134.499525,33.695033],[134.499541,33.695038],[134.49956,33.695036],[134.49958,33.69503],[134.499603,33.695023],[134.499623,33.695017],[134.499642,33.695013],[134.49966,33.69501],[134.499674,33.695007],[134.499683,33.695003],[134.499691,33.694999],[134.499698,33.694992],[134.499708,33.694985],[134.499721,33.694978],[134.499732,33.694973],[134.499743,33.694973],[134.499749,33.694979],[134.499752,33.69499],[134.499753,33.695004],[134.499752,33.695016],[134.499751,33.695027],[134.499753,33.695037],[134.499759,33.695046],[134.49977,33.695054],[134.499784,33.69506],[134.499797,33.695064],[134.499808,33.695064],[134.499813,33.695058],[134.499814,33.695049],[134.499814,33.695037],[134.499811,33.695022],[134.499807,33.695006],[134.499803,33.694987],[134.499797,33.694966],[134.499791,33.694944],[134.499788,33.694919],[134.49979,33.694893],[134.499797,33.694865],[134.499813,33.694839],[134.499836,33.694815],[134.499867,33.694795],[134.499887,33.694787],[134.499931,33.694776],[134.499984,33.69477],[134.500045,33.69477],[134.500112,33.694773],[134.500488,33.69481],[134.500544,33.694811],[134.5006,33.69481],[134.500706,33.694813],[134.5008,33.69482],[134.500874,33.694835],[134.500929,33.694854],[134.500972,33.694873],[134.501009,33.694887],[134.501025,33.694891],[134.501059,33.694891],[134.501094,33.694888],[134.501129,33.694886],[134.501164,33.694886],[134.501196,33.694887],[134.501222,33.694884],[134.501232,33.694881],[134.50124,33.694866],[134.501242,33.694846],[134.501241,33.694822],[134.501243,33.694798],[134.501248,33.694776],[134.501257,33.694757],[134.501271,33.694744],[134.501287,33.694736],[134.501306,33.694731],[134.501319,33.694725],[134.501325,33.694721],[134.501328,33.694709],[134.501321,33.694692],[134.501304,33.694674],[134.501276,33.694657],[134.501238,33.694641],[134.501196,33.694621],[134.501159,33.694598],[134.50113,33.694568],[134.501112,33.694537],[134.501109,33.694524],[134.50111,33.694514],[134.501115,33.694509],[134.501124,33.694507],[134.501138,33.694509],[134.501173,33.694523],[134.501212,33.694546],[134.501249,33.694568],[134.501281,33.694587],[134.501309,33.694602],[134.501336,33.694609],[134.501361,33.694608],[134.501385,33.694601],[134.501407,33.694589],[134.501428,33.694574],[134.501445,33.694556],[134.501454,33.69454],[134.501452,33.694526],[134.501433,33.694515],[134.501402,33.694505],[134.501359,33.694492],[134.501308,33.694474],[134.501252,33.694449],[134.501189,33.694421],[134.501124,33.694398],[134.501055,33.694377],[134.500987,33.694362],[134.500921,33.694347],[134.50086,33.69433],[134.500808,33.694311],[134.500788,33.694301],[134.500773,33.69429],[134.500764,33.69428],[134.500763,33.694269],[134.500768,33.694257],[134.500781,33.694245],[134.500822,33.694221],[134.500874,33.694197],[134.500929,33.694169],[134.500983,33.694142],[134.50104,33.694116],[134.501073,33.694104],[134.501144,33.694086],[134.501223,33.694075],[134.501303,33.694072],[134.501377,33.694081],[134.501407,33.694088],[134.501459,33.69411],[134.501481,33.694123],[134.501517,33.694154],[134.501545,33.694185],[134.501567,33.694215],[134.501582,33.694244],[134.50159,33.694268],[134.501589,33.694287],[134.501587,33.694295],[134.501576,33.694306],[134.501558,33.694315],[134.501535,33.694318],[134.501509,33.694321],[134.501485,33.694323],[134.501467,33.694329],[134.501456,33.694337],[134.501451,33.694348],[134.50145,33.694362],[134.50145,33.694376],[134.501458,33.694391],[134.501474,33.694404],[134.501487,33.69441],[134.501522,33.694417],[134.501564,33.694418],[134.501601,33.694414],[134.501616,33.69441],[134.501632,33.694395],[134.501638,33.694376],[134.501643,33.694357],[134.501655,33.694341],[134.501675,33.69433],[134.501702,33.694325],[134.501733,33.694327],[134.501765,33.694334],[134.501797,33.694346],[134.50183,33.69436],[134.501861,33.694373],[134.50189,33.694382],[134.501919,33.694385],[134.501946,33.69438],[134.501971,33.694365],[134.501993,33.694345],[134.502014,33.694325],[134.502033,33.694309],[134.502048,33.694298],[134.502055,33.694289],[134.502053,33.694276],[134.502037,33.694257],[134.502018,33.694236],[134.502007,33.69422],[134.502008,33.694216],[134.502015,33.694215],[134.502042,33.69422],[134.502079,33.694228],[134.502118,33.694236],[134.50215,33.694236],[134.502163,33.694234],[134.502184,33.694224],[134.502202,33.694209],[134.502218,33.694188],[134.502234,33.694169],[134.502254,33.694158],[134.502279,33.694162],[134.502311,33.694181],[134.502349,33.694204],[134.502394,33.694223],[134.502444,33.694232],[134.502497,33.694236],[134.502551,33.694242],[134.502603,33.694258],[134.502654,33.694284],[134.502706,33.694313],[134.502765,33.69434],[134.50283,33.694358],[134.5029,33.69437],[134.50297,33.694383],[134.503034,33.694401],[134.503064,33.694412],[134.503116,33.69444],[134.503161,33.69447],[134.503197,33.6945],[134.503227,33.694526],[134.503256,33.694551],[134.503289,33.694572],[134.503328,33.69459],[134.503366,33.694606],[134.503391,33.694622],[134.503396,33.694631],[134.503393,33.69464],[134.503384,33.69465],[134.503353,33.69467],[134.503311,33.69469],[134.503268,33.694706],[134.503225,33.694719],[134.503182,33.694725],[134.503135,33.694723],[134.50308,33.69471],[134.503018,33.694691],[134.502951,33.694672],[134.502879,33.694656],[134.502804,33.694644],[134.502727,33.694638],[134.502651,33.694638],[134.502576,33.694644],[134.502507,33.694657],[134.502476,33.694665],[134.502421,33.694688],[134.502398,33.694701],[134.50236,33.694733],[134.502332,33.694769],[134.50231,33.694809],[134.502289,33.694851],[134.502274,33.694893],[134.50226,33.694936],[134.50225,33.694979],[134.502245,33.69502],[134.502252,33.695056],[134.502262,33.695073],[134.502277,33.695089],[134.502297,33.695102],[134.50235,33.695127],[134.502412,33.69515],[134.502476,33.695174],[134.502532,33.6952],[134.502583,33.695228],[134.50263,33.695254],[134.502674,33.695277],[134.502714,33.695294],[134.502748,33.695308],[134.502772,33.695321],[134.50278,33.695333],[134.502781,33.695338],[134.50277,33.695346],[134.502751,33.695351],[134.502721,33.695349],[134.502689,33.695345],[134.50266,33.695343],[134.502638,33.695345],[134.502631,33.695349],[134.502627,33.695355],[134.502626,33.695367],[134.502632,33.69538],[134.502644,33.69539],[134.502662,33.695398],[134.502679,33.695406],[134.502696,33.695415],[134.502709,33.695424],[134.502717,33.695433],[134.502716,33.695441],[134.502705,33.695447],[134.502688,33.69545],[134.502669,33.695454],[134.502651,33.695459],[134.502636,33.695464],[134.502624,33.695472],[134.502613,33.695484],[134.502602,33.695498],[134.502596,33.695514],[134.502598,33.69553],[134.502611,33.69554],[134.502634,33.695547],[134.502659,33.695553],[134.50268,33.695565],[134.502685,33.695572],[134.50269,33.695593],[134.50269,33.695615],[134.502693,33.695635],[134.502702,33.695651],[134.502716,33.695663],[134.502731,33.695675],[134.502741,33.695689],[134.502747,33.695704],[134.502748,33.695719],[134.502746,33.695728],[134.50274,33.695729],[134.502729,33.695723],[134.502713,33.695713],[134.50269,33.6957],[134.502663,33.695686],[134.502633,33.695673],[134.502607,33.695661],[134.502586,33.695652],[134.502573,33.69565],[134.502568,33.695652],[134.502566,33.695656],[134.50257,33.695674],[134.502581,33.695702],[134.502601,33.695733],[134.502628,33.695762],[134.50266,33.695783],[134.502695,33.695797],[134.50273,33.695807],[134.50276,33.695817],[134.502788,33.695827],[134.502815,33.695834],[134.502848,33.695839],[134.502885,33.695837],[134.502998,33.695816],[134.503069,33.695797],[134.503136,33.69578],[134.503199,33.695765],[134.503251,33.695754],[134.503294,33.695747],[134.503333,33.695746],[134.503372,33.695753],[134.503413,33.69577],[134.503457,33.695794],[134.503499,33.695823],[134.503538,33.695854],[134.503569,33.695884],[134.503588,33.695915],[134.503592,33.695931],[134.503591,33.695946],[134.503574,33.695977],[134.503549,33.696011],[134.503522,33.69605],[134.503508,33.696097],[134.503506,33.696153],[134.50351,33.696214],[134.503514,33.696273],[134.503512,33.696328],[134.503502,33.696381],[134.503488,33.696433],[134.503471,33.696486],[134.503449,33.696541],[134.503421,33.696591],[134.503383,33.696635],[134.503334,33.696668],[134.50328,33.696692],[134.503223,33.696709],[134.503167,33.696721],[134.503116,33.69673],[134.503066,33.696738],[134.503017,33.696748],[134.502965,33.696761],[134.502919,33.696781],[134.502899,33.696795],[134.502882,33.696812],[134.502869,33.696834],[134.50286,33.696858],[134.502853,33.696919],[134.502854,33.69699],[134.502856,33.697069],[134.502851,33.697152],[134.502847,33.697239],[134.502848,33.69733],[134.502862,33.697424],[134.50289,33.697519],[134.502926,33.697612],[134.502964,33.697701],[134.503001,33.697783],[134.503042,33.697862],[134.503089,33.697944],[134.503148,33.698032],[134.503222,33.698126],[134.503256,33.698165],[134.503306,33.698223],[134.503398,33.698319],[134.503494,33.698409],[134.503593,33.698496],[134.503693,33.698581],[134.503792,33.698666],[134.50389,33.69875],[134.503987,33.698835],[134.504088,33.698919],[134.504189,33.699],[134.504291,33.699076],[134.504394,33.699147],[134.504498,33.699207],[134.504549,33.699235],[134.504653,33.699282],[134.504761,33.69932],[134.504817,33.699337],[134.504934,33.699365],[134.505057,33.699388],[134.505183,33.699411],[134.505309,33.699434],[134.505432,33.699459],[134.505555,33.699482],[134.505675,33.699501],[134.50579,33.699515],[134.505909,33.699526],[134.506035,33.699542],[134.506176,33.699566],[134.506325,33.699598],[134.506469,33.699634],[134.506596,33.69967],[134.506691,33.699699],[134.506758,33.699719],[134.506783,33.699724],[134.506801,33.699724],[134.506816,33.69972],[134.506826,33.69971],[134.506836,33.69968],[134.506846,33.699646],[134.506852,33.699631],[134.506863,33.699619],[134.506875,33.699611],[134.506894,33.699605],[134.506935,33.6996],[134.506978,33.699593],[134.506999,33.699585],[134.507034,33.699557],[134.507065,33.699515],[134.507099,33.699467],[134.507138,33.699415],[134.507185,33.699365],[134.507233,33.699316],[134.507278,33.69927],[134.507315,33.699226],[134.507347,33.699188],[134.507378,33.699156],[134.507412,33.699131],[134.507451,33.699114],[134.507496,33.699107],[134.507521,33.699106],[134.507578,33.699112],[134.507642,33.699123],[134.507709,33.699132],[134.507742,33.699135],[134.507775,33.699133],[134.507835,33.699119],[134.507862,33.699108],[134.507911,33.699078],[134.50795,33.699042],[134.507976,33.699002],[134.507993,33.698962],[134.508001,33.698923],[134.508003,33.698887],[134.508,33.698855],[134.507994,33.698824],[134.507988,33.698795],[134.507979,33.698766],[134.507974,33.698741],[134.507974,33.698721],[134.507983,33.698712],[134.508002,33.698712],[134.508024,33.69872],[134.508051,33.698734],[134.508074,33.698748],[134.508098,33.698761],[134.508123,33.698768],[134.508137,33.698769],[134.508165,33.698762],[134.508193,33.698745],[134.508221,33.698722],[134.508244,33.698696],[134.508262,33.698667],[134.508274,33.698638],[134.508277,33.698611],[134.508269,33.698585],[134.508261,33.698572],[134.508238,33.69855],[134.508206,33.69853],[134.508164,33.698511],[134.50812,33.698491],[134.50808,33.698466],[134.508064,33.69845],[134.508051,33.698432],[134.508041,33.698412],[134.508033,33.698372],[134.508034,33.698354],[134.508038,33.698339],[134.508047,33.698329],[134.508058,33.698322],[134.508072,33.698321],[134.508106,33.698329],[134.508146,33.698348],[134.508189,33.698371],[134.508229,33.698392],[134.508246,33.6984],[134.508262,33.698405],[134.508275,33.698405],[134.508285,33.698401],[134.50829,33.69839],[134.508294,33.698356],[134.50829,33.698311],[134.508287,33.698264],[134.508284,33.69822],[134.508283,33.698179],[134.50828,33.698136],[134.508277,33.698124],[134.50827,33.698086],[134.508253,33.698034],[134.508231,33.697985],[134.508206,33.697948],[134.508181,33.697927],[134.508157,33.697914],[134.508134,33.6979],[134.508111,33.697874],[134.508094,33.697834],[134.508088,33.697814],[134.508087,33.697792],[134.50809,33.697772],[134.508099,33.697755],[134.508113,33.69774],[134.508133,33.697729],[134.508182,33.697713],[134.508238,33.697702],[134.508291,33.697689],[134.508337,33.697676],[134.508379,33.697671],[134.508399,33.697672],[134.50842,33.697679],[134.50844,33.69769],[134.508482,33.697723],[134.508529,33.697762],[134.508554,33.697782],[134.508582,33.697796],[134.508622,33.697809],[134.508669,33.697821],[134.50872,33.697831],[134.508764,33.697847],[134.508798,33.697866],[134.508827,33.697886],[134.508852,33.697908],[134.508871,33.697934],[134.508884,33.697961],[134.508889,33.697991],[134.508886,33.698051],[134.508885,33.698079],[134.508889,33.698103],[134.508897,33.698119],[134.508899,33.698123],[134.508913,33.698139],[134.508943,33.698164],[134.508954,33.698176],[134.508958,33.698188],[134.508955,33.698202],[134.508945,33.698215],[134.508911,33.698244],[134.508863,33.698274],[134.50884,33.69829],[134.508824,33.698307],[134.508818,33.698325],[134.508822,33.698343],[134.508837,33.698363],[134.508859,33.698383],[134.508917,33.698425],[134.50898,33.698465],[134.509042,33.698506],[134.5091,33.698547],[134.50915,33.698585],[134.509193,33.698613],[134.509211,33.698622],[134.509248,33.698632],[134.509295,33.698636],[134.509355,33.698637],[134.509384,33.698635],[134.509407,33.69863],[134.509422,33.69862],[134.509425,33.698602],[134.509421,33.698582],[134.509395,33.698537],[134.509374,33.698503],[134.509365,33.69848],[134.509366,33.698469],[134.509378,33.698437],[134.509406,33.698396],[134.509423,33.698378],[134.509444,33.698365],[134.509467,33.698357],[134.509492,33.698355],[134.509542,33.698362],[134.509592,33.698373],[134.509637,33.698382],[134.509659,33.698383],[134.509683,33.698381],[134.50973,33.698367],[134.509783,33.698351],[134.509843,33.698344],[134.509909,33.698349],[134.509975,33.698354],[134.510035,33.69835],[134.510096,33.698349],[134.510127,33.698353],[134.510158,33.698361],[134.510223,33.698386],[134.510287,33.698412],[134.510346,33.698429],[134.510402,33.698438],[134.510456,33.698446],[134.510507,33.698457],[134.510547,33.698473],[134.510561,33.698484],[134.510572,33.698497],[134.510583,33.698527],[134.510584,33.698563],[134.510578,33.698603],[134.510571,33.698645],[134.510569,33.698687],[134.510571,33.698707],[134.510577,33.698726],[134.510588,33.698743],[134.510602,33.698757],[134.510643,33.698782],[134.510688,33.698799],[134.510725,33.698811],[134.510756,33.698813],[134.510767,33.698811],[134.510782,33.698794],[134.510795,33.698766],[134.510806,33.698747],[134.510815,33.698731],[134.510845,33.698693],[134.510861,33.698675],[134.510892,33.698653],[134.510907,33.698648],[134.510924,33.698647],[134.510945,33.69865],[134.510998,33.698667],[134.511055,33.698691],[134.511088,33.698702],[134.511084,33.698696],[134.511049,33.698671],[134.511003,33.698638],[134.510968,33.69861],[134.510959,33.698599],[134.510957,33.69859],[134.510963,33.698584],[134.510977,33.698581],[134.511019,33.698581],[134.511043,33.698583],[134.511081,33.698591],[134.511105,33.6986],[134.511129,33.69861],[134.511159,33.698619],[134.511191,33.698628],[134.511211,33.698637],[134.511219,33.698649],[134.511227,33.698671],[134.511244,33.6987],[134.511267,33.698725],[134.511279,33.698731],[134.511289,33.698727],[134.511308,33.698705],[134.51132,33.698691],[134.511335,33.698679],[134.511354,33.69867],[134.511375,33.698663],[134.511423,33.698658],[134.51147,33.698659],[134.511517,33.698666],[134.511541,33.698673],[134.511595,33.6987],[134.511654,33.698738],[134.511715,33.69877],[134.511774,33.698785],[134.511836,33.698796],[134.511872,33.698806],[134.511952,33.698838],[134.512032,33.698875],[134.512096,33.698903],[134.512119,33.698913],[134.512135,33.698923],[134.512147,33.698934],[134.512154,33.698949],[134.512154,33.698994],[134.512142,33.699057],[134.512129,33.699128],[134.512118,33.699204],[134.512109,33.699281],[134.5121,33.699354],[134.512092,33.699388],[134.512082,33.69942],[134.512067,33.699449],[134.512045,33.699474],[134.512019,33.699495],[134.511956,33.699533],[134.511886,33.69957],[134.511853,33.699588],[134.511824,33.699607],[134.511802,33.699627],[134.511789,33.699648],[134.511785,33.699668],[134.51179,33.699688],[134.511812,33.699731],[134.511823,33.699751],[134.511833,33.69979],[134.511833,33.699809],[134.511825,33.699843],[134.511806,33.699873],[134.511778,33.699901],[134.511743,33.699928],[134.511705,33.699956],[134.511689,33.699971],[134.511678,33.699986],[134.51167,33.700001],[134.511663,33.700038],[134.511657,33.700083],[134.511641,33.700134],[134.511632,33.700163],[134.511628,33.700192],[134.511632,33.700221],[134.511642,33.700249],[134.511659,33.700276],[134.511704,33.700326],[134.511746,33.700369],[134.511783,33.700411],[134.51183,33.700459],[134.511897,33.700519],[134.511972,33.700584],[134.512035,33.700641],[134.512081,33.700689],[134.512118,33.700735],[134.512152,33.700784],[134.512183,33.700836],[134.512209,33.700889],[134.512229,33.700942],[134.512244,33.700993],[134.512253,33.701042],[134.512267,33.701083],[134.512278,33.7011],[134.512292,33.701112],[134.512328,33.701132],[134.512366,33.701151],[134.512397,33.701176],[134.512414,33.701188],[134.512437,33.7012],[134.512466,33.70121],[134.512542,33.701221],[134.51258,33.701226],[134.51261,33.701233],[134.512627,33.701244],[134.512625,33.701258],[134.512611,33.701277],[134.512568,33.701316],[134.512554,33.701335],[134.51255,33.70135],[134.512558,33.701364],[134.512574,33.701377],[134.512628,33.701406],[134.512699,33.701443],[134.512777,33.701478],[134.512818,33.701491],[134.512857,33.701499],[134.512933,33.701507],[134.512968,33.701509],[134.513034,33.701521],[134.513103,33.701542],[134.513188,33.701563],[134.5133,33.701576],[134.513416,33.70158],[134.513467,33.70158],[134.513535,33.701574],[134.513572,33.701572],[134.513582,33.701577],[134.513586,33.701585],[134.513588,33.701615],[134.51359,33.701656],[134.5136,33.701702],[134.513613,33.701744],[134.513622,33.701776],[134.513628,33.701795],[134.51364,33.701813],[134.513663,33.701834],[134.513693,33.701855],[134.51371,33.701863],[134.513743,33.701869],[134.513776,33.701865],[134.513813,33.701854],[134.513853,33.701843],[134.513871,33.701841],[134.513888,33.701843],[134.513902,33.701849],[134.513916,33.70186],[134.513948,33.701893],[134.513996,33.701939],[134.51406,33.701989],[134.514129,33.702032],[134.514186,33.702061],[134.514206,33.70207],[134.514217,33.70208],[134.514217,33.702089],[134.514182,33.702108],[134.514139,33.702131],[134.514127,33.702143],[134.514127,33.702154],[134.514137,33.702167],[134.514172,33.702193],[134.514189,33.702209],[134.514209,33.702245],[134.514225,33.702287],[134.514237,33.702309],[134.514253,33.702331],[134.514299,33.702373],[134.514326,33.702393],[134.514381,33.702421],[134.514434,33.70244],[134.514488,33.702458],[134.51454,33.702481],[134.5146,33.702506],[134.514637,33.702517],[134.514677,33.702525],[134.514767,33.702534],[134.514856,33.702537],[134.514932,33.702537],[134.51496,33.702534],[134.514979,33.702528],[134.51499,33.70252],[134.514988,33.702508],[134.514963,33.702475],[134.514933,33.70244],[134.514922,33.702423],[134.51491,33.702393],[134.514903,33.702377],[134.514893,33.702364],[134.514863,33.702335],[134.514848,33.702319],[134.51484,33.702302],[134.51484,33.702285],[134.514852,33.702265],[134.514872,33.702244],[134.514927,33.702205],[134.514977,33.702176],[134.515014,33.702155],[134.515044,33.702136],[134.515075,33.702109],[134.515113,33.702081],[134.51516,33.702056],[134.515215,33.702036],[134.51527,33.702019],[134.515317,33.702001],[134.51536,33.701978],[134.515381,33.701965],[134.51542,33.701931],[134.515437,33.701914],[134.515462,33.70188],[134.515472,33.701848],[134.515478,33.701815],[134.51549,33.70177],[134.515517,33.701717],[134.515535,33.701692],[134.515555,33.701669],[134.515576,33.70165],[134.515622,33.701622],[134.515667,33.701599],[134.515706,33.701574],[134.515727,33.701562],[134.515754,33.701551],[134.51579,33.701543],[134.515833,33.701536],[134.515934,33.701528],[134.515985,33.701523],[134.516029,33.701515],[134.516063,33.701504],[134.516116,33.701477],[134.51614,33.701462],[134.516168,33.701451],[134.5162,33.701442],[134.516237,33.701435],[134.516315,33.701428],[134.516386,33.701425],[134.516444,33.701419],[134.516501,33.701407],[134.51656,33.701384],[134.516627,33.701359],[134.5167,33.701345],[134.516738,33.701343],[134.516775,33.701346],[134.5168,33.701351],[134.516811,33.701354],[134.516843,33.701367],[134.516871,33.701385],[134.516895,33.701407],[134.516914,33.701431],[134.516944,33.701477],[134.516961,33.701511],[134.516974,33.701543],[134.516992,33.701581],[134.517009,33.701628],[134.517013,33.701652],[134.51701,33.701677],[134.516997,33.701698],[134.51698,33.701718],[134.516937,33.701753],[134.516899,33.701782],[134.516875,33.701809],[134.51685,33.701839],[134.516816,33.701878],[134.516807,33.70189],[134.516783,33.701921],[134.516762,33.701965],[134.516753,33.702007],[134.516741,33.70205],[134.516717,33.702092],[134.516682,33.702131],[134.516662,33.702149],[134.516617,33.702177],[134.516567,33.702194],[134.516542,33.702201],[134.516487,33.702208],[134.516433,33.702219],[134.51641,33.70223],[134.516389,33.702244],[134.51637,33.702264],[134.516336,33.702309],[134.516302,33.702355],[134.516272,33.702401],[134.516264,33.702425],[134.516263,33.702452],[134.516269,33.702481],[134.516282,33.702513],[134.516316,33.702566],[134.51633,33.702588],[134.516344,33.702613],[134.516353,33.702642],[134.516352,33.702673],[134.516344,33.702699],[134.516327,33.702725],[134.516305,33.702748],[134.516279,33.702768],[134.51625,33.702786],[134.516219,33.702798],[134.516185,33.702805],[134.516152,33.702807],[134.516081,33.7028],[134.516003,33.702784],[134.515925,33.702773],[134.515887,33.702772],[134.515853,33.702775],[134.515822,33.702785],[134.515799,33.702801],[134.51579,33.702814],[134.51578,33.702845],[134.515779,33.702878],[134.515782,33.702894],[134.515792,33.702917],[134.515806,33.702937],[134.515844,33.702974],[134.515888,33.703006],[134.515951,33.703055],[134.516011,33.703105],[134.516069,33.703154],[134.516118,33.703194],[134.516165,33.703235],[134.516211,33.703276],[134.516254,33.703319],[134.516291,33.703363],[134.516324,33.70341],[134.516355,33.703463],[134.516378,33.703518],[134.516394,33.703574],[134.516405,33.703637],[134.516416,33.703699],[134.516433,33.70376],[134.516458,33.70381],[134.516475,33.703833],[134.516516,33.703875],[134.51654,33.703892],[134.516588,33.703916],[134.51664,33.703931],[134.516667,33.703934],[134.516717,33.70393],[134.51676,33.703917],[134.5168,33.703897],[134.51683,33.703874],[134.516848,33.703859],[134.5169,33.703799],[134.516928,33.703767],[134.516962,33.703735],[134.517023,33.703694],[134.51706,33.703677],[134.517075,33.703671],[134.517089,33.70367],[134.517098,33.703671],[134.517103,33.703679],[134.517104,33.703692],[134.517096,33.703725],[134.517086,33.703764],[134.517083,33.703801],[134.517086,33.703834],[134.517104,33.703892],[134.517125,33.70395],[134.517131,33.703982],[134.517131,33.704015],[134.517126,33.704047],[134.517116,33.704073],[134.517102,33.704097],[134.517084,33.704119],[134.517049,33.704154],[134.517015,33.704189],[134.517002,33.704206],[134.516994,33.704224],[134.516989,33.70426],[134.516991,33.704298],[134.516995,33.704337],[134.51699,33.704378],[134.516975,33.704415],[134.516953,33.704446],[134.516923,33.704468],[134.516887,33.704483],[134.516845,33.704491],[134.516837,33.704492],[134.5168,33.704494],[134.5167,33.704489],[134.516663,33.704485],[134.516629,33.704486],[134.516602,33.704495],[134.516589,33.704511],[134.516578,33.704532],[134.516566,33.704552],[134.516547,33.704572],[134.516521,33.704585],[134.51649,33.704592],[134.516457,33.704594],[134.51642,33.704594],[134.516345,33.704585],[134.516278,33.704577],[134.516248,33.704577],[134.516242,33.704578],[134.516223,33.704581],[134.516202,33.704591],[134.516191,33.704603],[134.516177,33.704635],[134.51617,33.704674],[134.516163,33.704752],[134.516163,33.704858],[134.516175,33.704959],[134.516196,33.705065],[134.516211,33.705123],[134.51623,33.705179],[134.516254,33.705234],[134.516283,33.705287],[134.516316,33.705337],[134.516354,33.705381],[134.516395,33.705422],[134.516489,33.705495],[134.51659,33.705562],[134.516699,33.705626],[134.516808,33.705688],[134.516852,33.70571],[134.516919,33.705745],[134.516991,33.705779],[134.517066,33.705808],[134.517105,33.705821],[134.517175,33.705835],[134.51723,33.70584],[134.517257,33.70584],[134.517284,33.705836],[134.517308,33.705829],[134.51733,33.705819],[134.517333,33.705817],[134.517369,33.70579],[134.517402,33.705755],[134.517432,33.705715],[134.517461,33.705675],[134.517492,33.705638],[134.517524,33.70561],[134.517557,33.70559],[134.517594,33.705575],[134.517614,33.705568],[134.51767,33.705559],[134.517728,33.705558],[134.517786,33.705563],[134.517848,33.705574],[134.51791,33.705589],[134.517971,33.705612],[134.518019,33.705634],[134.518043,33.705644],[134.518068,33.705651],[134.51809,33.705654],[134.518114,33.705652],[134.518128,33.705648],[134.518155,33.705632],[134.518177,33.705609],[134.518187,33.705595],[134.518198,33.705564],[134.5182,33.705532],[134.518192,33.705502],[134.518179,33.705483],[134.518143,33.705451],[134.518101,33.705421],[134.518059,33.705388],[134.518026,33.70535],[134.518004,33.705309],[134.517999,33.705288],[134.517995,33.705259],[134.517997,33.705229],[134.518003,33.705199],[134.518025,33.70514],[134.518054,33.705086],[134.518084,33.705036],[134.518118,33.704989],[134.518151,33.704948],[134.518183,33.704911],[134.518217,33.704873],[134.51825,33.704832],[134.518285,33.704793],[134.518304,33.704776],[134.518326,33.704763],[134.518349,33.704754],[134.518368,33.704751],[134.518409,33.704751],[134.518451,33.704756],[134.518501,33.70476],[134.518554,33.704758],[134.518607,33.704752],[134.518664,33.704738],[134.518727,33.704721],[134.51879,33.704702],[134.518849,33.704687],[134.518902,33.704678],[134.518953,33.704677],[134.518978,33.704682],[134.519019,33.704699],[134.519056,33.704726],[134.51909,33.704757],[134.519128,33.704799],[134.519166,33.70484],[134.519208,33.704875],[134.519241,33.704898],[134.519278,33.704916],[134.51932,33.704931],[134.519343,33.704938],[134.519391,33.704945],[134.519414,33.704946],[134.519435,33.704942],[134.519464,33.70493],[134.519479,33.704916],[134.519491,33.704898],[134.519506,33.704868],[134.519521,33.704824],[134.519528,33.704805],[134.519539,33.70479],[134.519553,33.70478],[134.519567,33.704778],[134.519585,33.704779],[134.519625,33.70479],[134.519669,33.704804],[134.519715,33.704817],[134.5198,33.70483],[134.519882,33.704836],[134.519955,33.704841],[134.520018,33.70485],[134.520085,33.704861],[134.520138,33.704872],[134.520173,33.704883],[134.520187,33.704889],[134.520199,33.704898],[134.52021,33.704915],[134.520211,33.704927],[134.52021,33.704939],[134.5202,33.704957],[134.520179,33.704978],[134.520163,33.704997],[134.520159,33.705006],[134.520161,33.705015],[134.520174,33.705032],[134.520197,33.705049],[134.520241,33.705078],[134.5203,33.705112],[134.520355,33.705141],[134.520436,33.705182],[134.520549,33.705238],[134.520665,33.705294],[134.520759,33.705338],[134.520829,33.705371],[134.520896,33.705408],[134.520928,33.705427],[134.520984,33.705472],[134.521009,33.705497],[134.52105,33.705552],[134.521066,33.705581],[134.52108,33.705629],[134.521085,33.705678],[134.52108,33.705725],[134.521061,33.705777],[134.521029,33.705824],[134.520985,33.705866],[134.520932,33.705903],[134.520869,33.705935],[134.520777,33.705967],[134.520736,33.70598],[134.520718,33.705987],[134.520704,33.705996],[134.520695,33.706007],[134.520691,33.706021],[134.520695,33.706052],[134.520707,33.706087],[134.520723,33.706131],[134.520734,33.706179],[134.520737,33.706193],[134.520363,33.70634],[134.519568,33.706574],[134.519336,33.706641],[134.518815,33.70681],[134.518021,33.706975],[134.516299,33.707422],[134.515719,33.707598],[134.515261,33.707758],[134.514814,33.707968],[134.514517,33.708137],[134.514066,33.708358],[134.513663,33.708538],[134.513467,33.708641],[134.512957,33.708945],[134.512589,33.709198],[134.512168,33.709484],[134.511841,33.709702],[134.511396,33.710006],[134.511133,33.71023],[134.510859,33.710486],[134.510703,33.710698],[134.510605,33.71084],[134.509955,33.711098],[134.509482,33.711232],[134.508652,33.711454],[134.508095,33.711568],[134.50781,33.711637],[134.507517,33.711712],[134.50714,33.711794],[134.506989,33.711874],[134.506803,33.712029],[134.506622,33.712193],[134.50617,33.712802],[134.505369,33.713591],[134.504943,33.714134],[134.504572,33.714608],[134.504164,33.714846]]]},"properties":{"S_NAME":"山河内字白沢","HCODE":8101}},{"type":"Feature","geometry":{"type":"Polygon","coordinates":[[[134.49697,33.731719],[134.496342,33.732049],[134.495311,33.73268],[134.494118,33.73368],[134.492662,33.73432],[134.491259,33.73487],[134.489531,33.735467],[134.487734,33.736055],[134.487425,33.736155],[134.485696,33.736792],[134.483593,33.73727],[134.481526,33.73799],[134.479649,33.73841],[134.480022,33.737548],[134.48061,33.736505],[134.481253,33.735462],[134.481886,33.73398],[134.482491,33.733],[134.482964,33.732377],[134.483416,33.73172],[134.483227,33.7312],[134.482328,33.730131],[134.481916,33.729351],[134.481044,33.72836],[134.480009,33.727325],[134.47903,33.726425],[134.478587,33.726039],[134.47805,33.72557],[134.477069,33.724444],[134.47636,33.723588],[134.47549,33.722868],[134.47424,33.721924],[134.472492,33.721035],[134.475579,33.719927],[134.476442,33.719471],[134.477735,33.718651],[134.478921,33.717966],[134.480376,33.717235],[134.480443,33.7172],[134.48167,33.716551],[134.482587,33.716139],[134.483289,33.71591],[134.483391,33.715861],[134.483501,33.715936],[134.483981,33.716208],[134.484413,33.716428],[134.485157,33.716782],[134.485384,33.716897],[134.486216,33.71735],[134.486536,33.717518],[134.486766,33.717627],[134.486954,33.717689],[134.487155,33.717741],[134.487352,33.717773],[134.487562,33.717797],[134.488028,33.717813],[134.488794,33.717814],[134.489461,33.717797],[134.489583,33.71781],[134.48974,33.717845],[134.490022,33.71793],[134.490179,33.717966],[134.490381,33.71799],[134.49056,33.71799],[134.490741,33.717963],[134.490948,33.717921],[134.491594,33.717752],[134.491869,33.717692],[134.492034,33.717654],[134.492206,33.717633],[134.492382,33.717624],[134.492596,33.717628],[134.492827,33.717644],[134.493026,33.717671],[134.493227,33.717717],[134.493415,33.717771],[134.49396,33.717948],[134.494494,33.718072],[134.495044,33.7182],[134.495751,33.718359],[134.496413,33.718533],[134.496908,33.718665],[134.497581,33.718861],[134.497403,33.719484],[134.497208,33.721143],[134.4976,33.722573],[134.498231,33.7238],[134.498776,33.724558],[134.4994,33.725046],[134.500193,33.725556],[134.499343,33.726663],[134.498222,33.727864],[134.497811,33.728733],[134.497399,33.729603],[134.49697,33.731719]]]},"properties":{"S_NAME":"山河内字本村","HCODE":8101}}]}