{"type":"FeatureCollection","features":[{"type":"Feature","geometry":{"type":"Polygon","coordinates":[[[134.434795,33.692621],[134.434828,33.692695],[134.434796,33.692763],[134.4347,33.692838],[134.434337,33.692935],[134.43405,33.692981],[134.433873,33.69305],[134.433713,33.693173],[134.433553,33.693337],[134.433471,33.693418],[134.433311,33.693453],[134.43312,33.693441],[134.432632,33.693378],[134.432335,33.69335],[134.431931,33.69332],[134.431011,33.693373],[134.429984,33.69357],[134.429384,33.693805],[134.42881,33.694149],[134.428399,33.69446],[134.427742,33.694947],[134.427167,33.695345],[134.426594,33.695675],[134.425992,33.696073],[134.425337,33.696424],[134.424757,33.696619],[134.424009,33.696695],[134.423388,33.696684],[134.422714,33.696672],[134.421686,33.696744],[134.421143,33.696916],[134.420818,33.697001],[134.420355,33.697197],[134.419838,33.697392],[134.419321,33.697586],[134.418507,33.697821],[134.417775,33.697944],[134.416912,33.697929],[134.416265,33.697872],[134.415753,33.69784],[134.415481,33.697948],[134.415341,33.69806],[134.414929,33.698551],[134.414527,33.699086],[134.414191,33.699481],[134.413688,33.700066],[134.413272,33.700474],[134.413056,33.700706],[134.412759,33.700938],[134.412307,33.70109],[134.411988,33.701153],[134.411337,33.701346],[134.410793,33.70154],[134.410142,33.701664],[134.409278,33.701694],[134.408655,33.701773],[134.408059,33.701899],[134.407381,33.702068],[134.406944,33.702287],[134.406369,33.702708],[134.406094,33.702975],[134.405845,33.703266],[134.405565,33.703783],[134.405478,33.704076],[134.405311,33.704755],[134.405183,33.705676],[134.405084,33.707171],[134.404772,33.711302],[134.404696,33.711772],[134.404448,33.712137],[134.404259,33.712361],[134.404085,33.712504],[134.403768,33.712625],[134.403036,33.712793],[134.402455,33.712827],[134.401576,33.71288],[134.399169,33.712799],[134.398183,33.712883],[134.39697,33.713102],[134.396513,33.713259],[134.396055,33.7133],[134.395228,33.713172],[134.394816,33.713214],[134.394427,33.713331],[134.393739,33.713595],[134.393634,33.713431],[134.393284,33.713223],[134.392697,33.713023],[134.392322,33.712798],[134.392063,33.712545],[134.391672,33.712164],[134.391372,33.712056],[134.390648,33.711934],[134.390292,33.711858],[134.389409,33.711581],[134.389197,33.711556],[134.388922,33.711581],[134.388622,33.711664],[134.388435,33.711756],[134.388172,33.711956],[134.387847,33.712064],[134.387469,33.712101],[134.386897,33.712156],[134.386396,33.712198],[134.385935,33.712198],[134.38556,33.712089],[134.385148,33.711864],[134.384885,33.711773],[134.384498,33.711698],[134.384423,33.711656],[134.384285,33.711631],[134.383773,33.711431],[134.382948,33.711023],[134.382623,33.710956],[134.38221,33.710914],[134.381726,33.710852],[134.38137,33.710777],[134.38122,33.710669],[134.380823,33.709473],[134.380823,33.709048],[134.380923,33.70844],[134.380898,33.708331],[134.380679,33.708201],[134.380548,33.708123],[134.379911,33.707948],[134.379498,33.707898],[134.378936,33.707923],[134.378398,33.708098],[134.378073,33.70814],[134.377861,33.70814],[134.377536,33.708057],[134.377099,33.708073],[134.376211,33.708232],[134.375561,33.708207],[134.375289,33.708209],[134.375074,33.70829],[134.374836,33.708582],[134.374811,33.708673],[134.374674,33.708831],[134.374474,33.708807],[134.374211,33.708715],[134.373649,33.708315],[134.372924,33.70744],[134.372662,33.707232],[134.372462,33.70719],[134.372312,33.707215],[134.372012,33.707098],[134.371824,33.706923],[134.371612,33.706782],[134.371037,33.706765],[134.370637,33.706132],[134.370442,33.70596],[134.370149,33.705907],[134.369774,33.705924],[134.369025,33.705565],[134.368887,33.705474],[134.368537,33.705382],[134.368162,33.705407],[134.367537,33.705315],[134.36735,33.705315],[134.366887,33.705182],[134.36625,33.70484],[134.365575,33.704682],[134.365325,33.704549],[134.365275,33.704482],[134.3653,33.704257],[134.365438,33.703957],[134.365488,33.703649],[134.365463,33.703466],[134.365325,33.703124],[134.365165,33.702598],[134.365098,33.701554],[134.364975,33.699974],[134.364992,33.69938],[134.365062,33.698943],[134.365275,33.698399],[134.364925,33.698191],[134.364475,33.697924],[134.363925,33.697608],[134.363062,33.697316],[134.362125,33.696975],[134.361475,33.696683],[134.360988,33.696408],[134.360675,33.696158],[134.360538,33.695983],[134.360961,33.694661],[134.3611,33.694425],[134.3617,33.694],[134.361912,33.693642],[134.361987,33.693258],[134.361837,33.6926],[134.3618,33.6919],[134.361912,33.691317],[134.362125,33.690283],[134.362287,33.68925],[134.362589,33.689179],[134.362887,33.689109],[134.363013,33.689081],[134.363099,33.688975],[134.363187,33.68875],[134.363209,33.68871],[134.363374,33.688417],[134.363612,33.688209],[134.363773,33.688129],[134.363865,33.688084],[134.364474,33.687784],[134.364613,33.687698],[134.364661,33.687584],[134.364849,33.686434],[134.364699,33.685892],[134.364699,33.685417],[134.364749,33.685059],[134.364832,33.68491],[134.364986,33.684809],[134.365261,33.684701],[134.365536,33.684634],[134.365607,33.684573],[134.365586,33.684434],[134.365474,33.684001],[134.365499,33.683509],[134.365611,33.683059],[134.365799,33.682609],[134.365527,33.682288],[134.36698,33.681974],[134.367734,33.681758],[134.368809,33.681521],[134.370032,33.681452],[134.370976,33.681492],[134.371972,33.681601],[134.373048,33.68178],[134.374286,33.681939],[134.376418,33.681956],[134.377044,33.682018],[134.377468,33.682134],[134.378003,33.682371],[134.37883,33.682841],[134.380829,33.684081],[134.381336,33.684385],[134.382987,33.685505],[134.384182,33.684994],[134.384705,33.684607],[134.385023,33.684279],[134.38561,33.683413],[134.386195,33.682279],[134.386603,33.681816],[134.387263,33.681351],[134.387649,33.681042],[134.387898,33.680715],[134.388008,33.680254],[134.388324,33.679811],[134.388825,33.679424],[134.389457,33.679178],[134.390513,33.679038],[134.391674,33.679014],[134.392669,33.679169],[134.393746,33.679325],[134.394687,33.679524],[134.395627,33.679745],[134.395987,33.679815],[134.396917,33.679996],[134.397702,33.67992],[134.398188,33.679883],[134.399663,33.679834],[134.399793,33.679869],[134.40235,33.680556],[134.402939,33.680713],[134.40356,33.680816],[134.404707,33.680851],[134.405344,33.680809],[134.405774,33.680735],[134.406122,33.68062],[134.40638,33.680435],[134.406521,33.680217],[134.406897,33.679497],[134.407103,33.679221],[134.407375,33.678867],[134.407434,33.678797],[134.407559,33.67865],[134.407695,33.678538],[134.407821,33.678436],[134.407927,33.678379],[134.408086,33.678285],[134.408215,33.678272],[134.408382,33.678386],[134.40867,33.678587],[134.408924,33.678716],[134.409583,33.679008],[134.409901,33.679145],[134.410252,33.679281],[134.410548,33.679373],[134.411029,33.679533],[134.411226,33.679601],[134.411402,33.67966],[134.411862,33.679829],[134.412248,33.680028],[134.41249,33.680148],[134.412798,33.680304],[134.41318,33.680448],[134.413846,33.680558],[134.414161,33.680596],[134.416118,33.680892],[134.416335,33.680914],[134.416586,33.680962],[134.417225,33.681086],[134.417595,33.681197],[134.418104,33.681395],[134.418379,33.681515],[134.418622,33.681645],[134.418899,33.681837],[134.419941,33.682625],[134.420257,33.682805],[134.420539,33.682909],[134.420922,33.683006],[134.421008,33.683033],[134.421215,33.683073],[134.422267,33.683156],[134.423755,33.683344],[134.424192,33.684357],[134.424284,33.684508],[134.424476,33.684729],[134.42469,33.684968],[134.424925,33.685179],[134.42515,33.685293],[134.425292,33.68535],[134.42537,33.685382],[134.425616,33.685434],[134.425904,33.68547],[134.426213,33.685491],[134.426472,33.685485],[134.426637,33.685487],[134.42671,33.685488],[134.427133,33.685514],[134.42773,33.685581],[134.42861,33.685695],[134.429567,33.685844],[134.431423,33.686025],[134.432202,33.685625],[134.432551,33.688248],[134.432584,33.689018],[134.432572,33.689431],[134.432513,33.689925],[134.432458,33.690114],[134.432049,33.69077],[134.431658,33.691259],[134.432022,33.691416],[134.432507,33.691492],[134.432991,33.691592],[134.433399,33.691772],[134.433573,33.69188],[134.433629,33.691947],[134.433696,33.692028],[134.433836,33.69225],[134.433958,33.692323],[134.434316,33.692456],[134.434713,33.692561],[134.434795,33.692621]]]},"properties":{"S_NAME":"大字河内","HCODE":8101}},{"type":"Feature","geometry":{"type":"Polygon","coordinates":[[[134.432202,33.685625],[134.431423,33.686025],[134.429567,33.685844],[134.42861,33.685695],[134.42773,33.685581],[134.427133,33.685514],[134.42671,33.685488],[134.426637,33.685487],[134.426472,33.685485],[134.426213,33.685491],[134.425904,33.68547],[134.425616,33.685434],[134.42537,33.685382],[134.425292,33.68535],[134.42515,33.685293],[134.424925,33.685179],[134.42469,33.684968],[134.424476,33.684729],[134.424284,33.684508],[134.424192,33.684357],[134.423755,33.683344],[134.422267,33.683156],[134.421215,33.683073],[134.421008,33.683033],[134.420922,33.683006],[134.420539,33.682909],[134.420257,33.682805],[134.419941,33.682625],[134.418899,33.681837],[134.418622,33.681645],[134.418379,33.681515],[134.418104,33.681395],[134.417595,33.681197],[134.417225,33.681086],[134.416586,33.680962],[134.416335,33.680914],[134.416118,33.680892],[134.414161,33.680596],[134.413846,33.680558],[134.41318,33.680448],[134.412798,33.680304],[134.41249,33.680148],[134.412248,33.680028],[134.411862,33.679829],[134.411998,33.679674],[134.412371,33.679248],[134.412922,33.678638],[134.413263,33.678205],[134.413523,33.6779],[134.413732,33.677715],[134.414207,33.677378],[134.414718,33.677167],[134.415284,33.676981],[134.415809,33.676824],[134.416347,33.676766],[134.416962,33.676715],[134.417482,33.676738],[134.417992,33.676798],[134.418221,33.676847],[134.41846,33.676886],[134.418623,33.6769],[134.418883,33.676921],[134.41924,33.676904],[134.419694,33.67692],[134.420011,33.677002],[134.420306,33.677077],[134.420491,33.677117],[134.420737,33.677153],[134.421263,33.677115],[134.421611,33.677061],[134.422428,33.676792],[134.422133,33.676411],[134.421515,33.675612],[134.421414,33.67548],[134.421055,33.675014],[134.420751,33.674574],[134.420558,33.674085],[134.420365,33.673536],[134.420263,33.673219],[134.420181,33.671831],[134.420611,33.67127],[134.421464,33.670071],[134.42148,33.669963],[134.421657,33.66909],[134.421721,33.668783],[134.421872,33.668038],[134.422297,33.668103],[134.422303,33.668098],[134.422354,33.668053],[134.422387,33.667977],[134.422394,33.667959],[134.422455,33.667818],[134.42253,33.667636],[134.422535,33.667623],[134.422556,33.667571],[134.422523,33.66755],[134.422515,33.667542],[134.422509,33.667534],[134.422504,33.667523],[134.422502,33.667512],[134.422499,33.667487],[134.422481,33.667484],[134.4225,33.667241],[134.422559,33.66677],[134.42277,33.666799],[134.422741,33.666857],[134.422756,33.666901],[134.422784,33.666927],[134.422804,33.666966],[134.422913,33.666992],[134.422899,33.667237],[134.423149,33.667249],[134.423146,33.667311],[134.423111,33.667527],[134.42313,33.667667],[134.423153,33.667846],[134.423222,33.668018],[134.423371,33.668237],[134.42363,33.668537],[134.42374,33.668641],[134.423764,33.668706],[134.423798,33.66879],[134.4237,33.669155],[134.423646,33.669366],[134.423627,33.669524],[134.423629,33.669753],[134.42376,33.669889],[134.423882,33.669952],[134.42401,33.669991],[134.424131,33.670017],[134.424293,33.670044],[134.424407,33.67005],[134.424477,33.670042],[134.424569,33.67002],[134.424656,33.669992],[134.424761,33.669955],[134.42489,33.66989],[134.425046,33.669783],[134.425151,33.669683],[134.425192,33.669641],[134.425364,33.669405],[134.425403,33.669356],[134.425469,33.669283],[134.425497,33.669253],[134.42554,33.669214],[134.425621,33.669154],[134.4257,33.669115],[134.425776,33.669089],[134.425895,33.669061],[134.426009,33.669046],[134.426101,33.669032],[134.426218,33.669023],[134.427649,33.669309],[134.430667,33.670043],[134.431005,33.670162],[134.431164,33.670249],[134.431331,33.670377],[134.4315,33.670544],[134.431704,33.670844],[134.432025,33.671428],[134.432271,33.672064],[134.432299,33.67233],[134.432271,33.67262],[134.43224,33.672829],[134.432139,33.673208],[134.432085,33.673363],[134.432013,33.673482],[134.431883,33.673619],[134.431578,33.673854],[134.431253,33.67407],[134.431242,33.674151],[134.431278,33.675294],[134.43129,33.675754],[134.431312,33.67643],[134.431389,33.676744],[134.431498,33.676979],[134.431869,33.677605],[134.432223,33.678109],[134.432942,33.678786],[134.433301,33.679067],[134.433724,33.679307],[134.434199,33.679463],[134.434456,33.679466],[134.435234,33.67946],[134.435762,33.679572],[134.436092,33.679831],[134.436233,33.680176],[134.436318,33.681143],[134.436396,33.68181],[134.436454,33.682513],[134.43642,33.682767],[134.436298,33.683276],[134.436156,33.683524],[134.435939,33.683809],[134.435689,33.684059],[134.435574,33.684138],[134.435148,33.684361],[134.434017,33.684787],[134.43358,33.684975],[134.432676,33.68538],[134.432659,33.68539],[134.432202,33.685625]]]},"properties":{"S_NAME":"大字川長","HCODE":8101}},{"type":"Feature","geometry":{"type":"Polygon","coordinates":[[[134.411862,33.679829],[134.411402,33.67966],[134.411226,33.679601],[134.411029,33.679533],[134.410548,33.679373],[134.410252,33.679281],[134.409901,33.679145],[134.409583,33.679008],[134.408924,33.678716],[134.40867,33.678587],[134.408382,33.678386],[134.408215,33.678272],[134.408086,33.678285],[134.407927,33.678379],[134.407821,33.678436],[134.407695,33.678538],[134.407559,33.67865],[134.407434,33.678797],[134.407375,33.678867],[134.407103,33.679221],[134.406897,33.679497],[134.406521,33.680217],[134.40638,33.680435],[134.406122,33.68062],[134.405774,33.680735],[134.405344,33.680809],[134.404707,33.680851],[134.40356,33.680816],[134.402939,33.680713],[134.40235,33.680556],[134.399793,33.679869],[134.399668,33.677914],[134.399561,33.677529],[134.399407,33.677254],[134.398984,33.676863],[134.398553,33.676581],[134.398157,33.676402],[134.397808,33.676282],[134.397637,33.676177],[134.397476,33.675991],[134.396394,33.673463],[134.396098,33.672702],[134.395922,33.672192],[134.395827,33.671914],[134.395682,33.67158],[134.39531,33.670854],[134.395155,33.670604],[134.39502,33.670402],[134.394949,33.670232],[134.394921,33.670043],[134.39492,33.669718],[134.394974,33.66941],[134.395078,33.669],[134.395245,33.668526],[134.395412,33.668071],[134.395601,33.667694],[134.395665,33.667609],[134.395732,33.667556],[134.395857,33.667548],[134.39598,33.66757],[134.396154,33.667628],[134.396295,33.667661],[134.396569,33.667754],[134.396755,33.66783],[134.396996,33.667906],[134.397236,33.667973],[134.397659,33.667989],[134.397984,33.668018],[134.398136,33.668007],[134.398178,33.668004],[134.398347,33.668032],[134.398399,33.668039],[134.398461,33.668052],[134.39881,33.668143],[134.399083,33.668208],[134.399366,33.668274],[134.399866,33.668334],[134.400396,33.668339],[134.400839,33.66832],[134.40129,33.668228],[134.40189,33.668096],[134.402568,33.667989],[134.403181,33.667893],[134.403676,33.667836],[134.403977,33.667792],[134.404374,33.667692],[134.404864,33.667509],[134.405119,33.667376],[134.405774,33.666945],[134.406023,33.666659],[134.406124,33.666448],[134.406235,33.666238],[134.40637,33.666081],[134.406493,33.666023],[134.406747,33.666045],[134.4069,33.666077],[134.407085,33.666109],[134.407259,33.666159],[134.407423,33.666209],[134.407522,33.666252],[134.407685,33.666275],[134.407794,33.666291],[134.407956,33.666278],[134.408084,33.666229],[134.408154,33.666083],[134.408183,33.665992],[134.408211,33.665865],[134.408228,33.665738],[134.408234,33.665584],[134.40823,33.665467],[134.408226,33.665385],[134.408208,33.665187],[134.408143,33.664863],[134.408063,33.664459],[134.407988,33.664162],[134.407901,33.663848],[134.407787,33.663092],[134.407766,33.662821],[134.407747,33.662577],[134.407741,33.662424],[134.407768,33.662261],[134.407918,33.661995],[134.408042,33.661821],[134.408133,33.661662],[134.4083,33.661425],[134.408423,33.661242],[134.408568,33.661054],[134.40892,33.660727],[134.409233,33.660501],[134.409525,33.66033],[134.409816,33.660163],[134.409904,33.660107],[134.41,33.660046],[134.410117,33.659945],[134.410385,33.659699],[134.410705,33.659399],[134.410869,33.659222],[134.411035,33.659019],[134.411292,33.658681],[134.411412,33.658539],[134.411724,33.658259],[134.411962,33.658057],[134.412108,33.657899],[134.412253,33.657715],[134.412397,33.657513],[134.41255,33.657256],[134.412714,33.657017],[134.412865,33.656715],[134.412954,33.656469],[134.413021,33.656224],[134.413099,33.655987],[134.413176,33.655741],[134.413287,33.65553],[134.413388,33.65532],[134.413478,33.65511],[134.413554,33.654975],[134.413605,33.65499],[134.413658,33.655004],[134.413705,33.655019],[134.413743,33.655035],[134.413778,33.655054],[134.413811,33.655073],[134.413847,33.655095],[134.413888,33.65512],[134.413932,33.655149],[134.413976,33.655179],[134.414017,33.655209],[134.414055,33.655241],[134.414094,33.655277],[134.414134,33.655315],[134.414178,33.655351],[134.414222,33.655383],[134.414268,33.655412],[134.414315,33.655446],[134.414361,33.655483],[134.414409,33.655521],[134.414455,33.655555],[134.414497,33.655585],[134.414535,33.65561],[134.414569,33.655631],[134.414605,33.655652],[134.414645,33.655674],[134.41469,33.655697],[134.41474,33.655718],[134.414792,33.655735],[134.414845,33.655754],[134.414897,33.655773],[134.414949,33.655792],[134.415,33.655808],[134.415045,33.65582],[134.415047,33.655821],[134.415088,33.655831],[134.41512,33.655839],[134.415147,33.655849],[134.415177,33.655862],[134.41521,33.655879],[134.415243,33.655898],[134.415274,33.655916],[134.415306,33.655935],[134.415344,33.655959],[134.415389,33.655983],[134.415435,33.656009],[134.415481,33.65603],[134.415527,33.65605],[134.415577,33.656068],[134.415633,33.656086],[134.415696,33.656108],[134.415766,33.656136],[134.415841,33.656168],[134.415924,33.656204],[134.416009,33.65624],[134.416092,33.656275],[134.416164,33.656304],[134.416231,33.656331],[134.416297,33.656356],[134.416362,33.65638],[134.416422,33.656401],[134.41647,33.656416],[134.416517,33.656429],[134.416571,33.656443],[134.416631,33.656457],[134.416689,33.656469],[134.416734,33.656476],[134.416776,33.656479],[134.416825,33.656479],[134.416877,33.656478],[134.416924,33.656476],[134.416953,33.656471],[134.416973,33.656469],[134.416993,33.656474],[134.417018,33.656483],[134.417043,33.656498],[134.417064,33.656513],[134.417083,33.656528],[134.417098,33.656542],[134.417109,33.656555],[134.417121,33.656565],[134.417135,33.656571],[134.417153,33.656574],[134.417175,33.656576],[134.4172,33.656577],[134.417227,33.656577],[134.417252,33.656578],[134.417274,33.656581],[134.417296,33.656588],[134.417314,33.656599],[134.417333,33.656615],[134.417349,33.656635],[134.417364,33.656658],[134.417376,33.656679],[134.417382,33.656697],[134.417382,33.65671],[134.417378,33.656713],[134.417365,33.656716],[134.417347,33.656715],[134.417324,33.656708],[134.417306,33.656708],[134.417301,33.656712],[134.417299,33.65672],[134.417302,33.656747],[134.417308,33.656782],[134.417308,33.656818],[134.417307,33.656852],[134.417311,33.656886],[134.417319,33.656918],[134.417326,33.656946],[134.417325,33.656967],[134.417325,33.656983],[134.417328,33.65699],[134.417334,33.656994],[134.417343,33.656998],[134.417364,33.657004],[134.417382,33.65701],[134.417393,33.657017],[134.417393,33.657025],[134.417388,33.657029],[134.417375,33.657033],[134.417363,33.657034],[134.417352,33.657033],[134.417338,33.657027],[134.417323,33.657021],[134.417312,33.657024],[134.417307,33.65703],[134.417304,33.657041],[134.4173,33.657073],[134.417296,33.657114],[134.417295,33.657162],[134.417295,33.657208],[134.417295,33.65725],[134.417291,33.657287],[134.417282,33.657322],[134.417274,33.657346],[134.417272,33.657352],[134.417264,33.65738],[134.417264,33.657405],[134.417268,33.657435],[134.417276,33.657471],[134.417286,33.657508],[134.417294,33.657536],[134.4173,33.657553],[134.417311,33.657562],[134.417327,33.657567],[134.417346,33.657571],[134.417363,33.657575],[134.417377,33.657582],[134.417383,33.657589],[134.417381,33.657595],[134.41737,33.657601],[134.41735,33.657603],[134.417324,33.657605],[134.417307,33.657606],[134.417294,33.657609],[134.417284,33.657613],[134.417276,33.657618],[134.417265,33.657628],[134.417256,33.657642],[134.417252,33.657657],[134.417256,33.657673],[134.417266,33.657685],[134.417282,33.657693],[134.417309,33.657698],[134.417344,33.657696],[134.417383,33.657699],[134.417408,33.657704],[134.417429,33.657714],[134.417438,33.657717],[134.417445,33.657717],[134.417457,33.657708],[134.417468,33.657701],[134.41748,33.657702],[134.417496,33.657707],[134.417516,33.657706],[134.417539,33.657698],[134.417562,33.657689],[134.417579,33.657686],[134.417593,33.657689],[134.417605,33.657698],[134.417613,33.657711],[134.417616,33.657725],[134.417614,33.65773],[134.417606,33.657739],[134.417595,33.657748],[134.417582,33.657753],[134.417574,33.657757],[134.417571,33.65776],[134.417581,33.657764],[134.417601,33.657771],[134.417626,33.657782],[134.417649,33.657792],[134.417662,33.657799],[134.417666,33.657805],[134.417664,33.657809],[134.417655,33.657813],[134.417642,33.657815],[134.417623,33.657814],[134.417598,33.657811],[134.41757,33.657804],[134.417541,33.657795],[134.417515,33.657786],[134.417495,33.657777],[134.417483,33.657774],[134.417476,33.657778],[134.417471,33.657787],[134.417466,33.657796],[134.417462,33.657796],[134.417451,33.657793],[134.417434,33.657789],[134.417409,33.657788],[134.417388,33.657791],[134.417383,33.657794],[134.417384,33.657803],[134.417395,33.657815],[134.417405,33.657826],[134.417408,33.657834],[134.417407,33.657839],[134.417403,33.657841],[134.417398,33.65784],[134.41739,33.657838],[134.417381,33.657834],[134.417375,33.657835],[134.41737,33.657841],[134.417368,33.657851],[134.417367,33.657863],[134.417365,33.657872],[134.417362,33.657877],[134.417357,33.657875],[134.417352,33.657869],[134.417344,33.657864],[134.417336,33.657861],[134.41733,33.657864],[134.417325,33.65787],[134.417321,33.65788],[134.417321,33.657892],[134.417322,33.657906],[134.417325,33.657921],[134.417331,33.657937],[134.417335,33.657955],[134.417335,33.657976],[134.417329,33.657999],[134.417321,33.65802],[134.41731,33.658039],[134.417302,33.65806],[134.417297,33.658083],[134.417295,33.65811],[134.417291,33.658133],[134.417286,33.65815],[134.417279,33.658169],[134.417276,33.658197],[134.417275,33.658236],[134.417277,33.658264],[134.417275,33.658279],[134.417273,33.658291],[134.417268,33.658306],[134.417264,33.658319],[134.417249,33.658347],[134.417235,33.658375],[134.417224,33.658401],[134.417216,33.65842],[134.417214,33.65843],[134.417214,33.658438],[134.417215,33.658446],[134.417216,33.658452],[134.41722,33.658459],[134.417223,33.658464],[134.417233,33.658474],[134.417244,33.658485],[134.417254,33.658497],[134.417257,33.658502],[134.41726,33.658508],[134.417262,33.658515],[134.417265,33.658521],[134.417266,33.658526],[134.417265,33.658531],[134.417263,33.658535],[134.417261,33.658536],[134.417258,33.658537],[134.417254,33.658538],[134.417244,33.658537],[134.417234,33.658536],[134.417222,33.658532],[134.417213,33.65853],[134.417209,33.65853],[134.417207,33.65853],[134.417207,33.658532],[134.417209,33.658536],[134.417211,33.658539],[134.417214,33.658542],[134.417223,33.658549],[134.417232,33.658555],[134.417239,33.65856],[134.417244,33.658564],[134.417245,33.658565],[134.417244,33.658568],[134.417238,33.658571],[134.417229,33.658574],[134.417218,33.658577],[134.417208,33.658578],[134.417198,33.658578],[134.417191,33.658577],[134.417183,33.658577],[134.417191,33.658674],[134.417191,33.658699],[134.41719,33.65872],[134.41719,33.658729],[134.417191,33.658736],[134.417194,33.658742],[134.417197,33.658748],[134.417201,33.658751],[134.417207,33.658755],[134.417221,33.65876],[134.417236,33.658766],[134.417244,33.658771],[134.417251,33.658775],[134.417258,33.658781],[134.417263,33.658787],[134.417267,33.658793],[134.417269,33.658799],[134.417269,33.658805],[134.417267,33.658809],[134.417261,33.658811],[134.417254,33.658813],[134.417244,33.658814],[134.417237,33.658814],[134.417225,33.658812],[134.417214,33.658811],[134.417205,33.658808],[134.417198,33.658805],[134.41719,33.6588],[134.417178,33.658792],[134.417173,33.658789],[134.417167,33.658787],[134.417161,33.658786],[134.417155,33.658786],[134.417149,33.658787],[134.417143,33.65879],[134.417136,33.658793],[134.417131,33.658797],[134.417122,33.658806],[134.417119,33.658812],[134.417117,33.658818],[134.417116,33.658826],[134.417116,33.658839],[134.417116,33.658853],[134.417115,33.658869],[134.417113,33.658876],[134.41711,33.658884],[134.417107,33.65889],[134.417103,33.658894],[134.417096,33.658896],[134.41709,33.658897],[134.417075,33.658897],[134.417061,33.658896],[134.417054,33.658897],[134.41705,33.658898],[134.417046,33.6589],[134.417042,33.658903],[134.417035,33.658911],[134.417028,33.658918],[134.417023,33.658921],[134.417018,33.658925],[134.417005,33.658931],[134.416981,33.658942],[134.416958,33.658954],[134.416934,33.658967],[134.416913,33.658981],[134.416893,33.658996],[134.416876,33.659015],[134.416872,33.65902],[134.416867,33.659026],[134.416859,33.659035],[134.416851,33.659047],[134.416846,33.659057],[134.416841,33.659068],[134.416838,33.659076],[134.416837,33.659086],[134.416838,33.659091],[134.416841,33.659095],[134.416845,33.659099],[134.416849,33.659103],[134.41686,33.659109],[134.416871,33.659115],[134.416875,33.659119],[134.41688,33.659123],[134.416884,33.659129],[134.416887,33.659135],[134.41689,33.65914],[134.41689,33.659144],[134.41689,33.659147],[134.416889,33.65915],[134.416887,33.659152],[134.416883,33.659154],[134.416879,33.659155],[134.416872,33.659156],[134.416864,33.659157],[134.416843,33.659156],[134.41682,33.659155],[134.416796,33.659153],[134.416773,33.65915],[134.416754,33.65915],[134.416746,33.659151],[134.416741,33.659152],[134.416737,33.659154],[134.416733,33.659157],[134.416731,33.659162],[134.41673,33.659167],[134.416728,33.65918],[134.416725,33.659187],[134.416721,33.659193],[134.416713,33.659199],[134.416705,33.659206],[134.416684,33.659218],[134.416662,33.659229],[134.416643,33.659239],[134.416627,33.659247],[134.416613,33.659253],[134.416599,33.659258],[134.416581,33.65926],[134.416564,33.659261],[134.416546,33.659261],[134.41653,33.659262],[134.416516,33.659264],[134.416504,33.659268],[134.416495,33.659274],[134.416489,33.659281],[134.416487,33.659291],[134.416487,33.659301],[134.416489,33.659311],[134.416491,33.65932],[134.416493,33.659327],[134.416491,33.659333],[134.416485,33.659335],[134.416475,33.659336],[134.416461,33.659336],[134.416445,33.659336],[134.416428,33.659335],[134.416413,33.659335],[134.416399,33.659336],[134.416386,33.659338],[134.416373,33.659343],[134.416359,33.659351],[134.416339,33.659365],[134.416327,33.659372],[134.41631,33.659384],[134.416278,33.659411],[134.416245,33.659446],[134.416215,33.659491],[134.416204,33.659516],[134.416183,33.659572],[134.416168,33.659633],[134.416158,33.659695],[134.416153,33.659759],[134.416156,33.659826],[134.416165,33.659883],[134.416168,33.659894],[134.416187,33.659964],[134.41621,33.660022],[134.416216,33.660035],[134.41624,33.660085],[134.41625,33.660105],[134.416289,33.66017],[134.416331,33.66023],[134.416377,33.660288],[134.416425,33.660343],[134.416474,33.660397],[134.416524,33.660448],[134.416575,33.660495],[134.416626,33.660535],[134.416675,33.66057],[134.416725,33.6606],[134.416775,33.660626],[134.416825,33.660649],[134.416871,33.660669],[134.416914,33.660682],[134.416947,33.660686],[134.416963,33.660684],[134.416972,33.660683],[134.416995,33.660673],[134.417022,33.660661],[134.417057,33.660649],[134.417098,33.660639],[134.417143,33.660632],[134.417189,33.660629],[134.417235,33.660629],[134.417277,33.660633],[134.417316,33.66064],[134.417348,33.660647],[134.417378,33.660658],[134.417411,33.660673],[134.417451,33.660693],[134.417498,33.66072],[134.417553,33.66075],[134.417614,33.660784],[134.417679,33.660817],[134.417746,33.66085],[134.417811,33.660882],[134.417845,33.6609],[134.417852,33.660903],[134.417869,33.660912],[134.417921,33.660941],[134.417969,33.66097],[134.418013,33.661002],[134.418055,33.661036],[134.418095,33.661071],[134.418134,33.661104],[134.418172,33.661132],[134.418207,33.661155],[134.418235,33.661174],[134.418256,33.661195],[134.41826,33.661206],[134.418264,33.661227],[134.418259,33.661248],[134.418249,33.661264],[134.418235,33.661273],[134.418218,33.661277],[134.418193,33.661282],[134.418161,33.661291],[134.418121,33.661305],[134.418076,33.661322],[134.41803,33.661338],[134.417984,33.661351],[134.417941,33.661363],[134.417903,33.661376],[134.417872,33.661391],[134.417849,33.661408],[134.417833,33.661426],[134.417823,33.661446],[134.41782,33.661457],[134.417818,33.661465],[134.417819,33.661484],[134.417824,33.661504],[134.417833,33.661525],[134.417844,33.661546],[134.417856,33.661567],[134.417869,33.661586],[134.41788,33.661601],[134.41789,33.661615],[134.417895,33.661629],[134.417897,33.661643],[134.417895,33.661658],[134.417891,33.661676],[134.41789,33.661693],[134.417892,33.661708],[134.417895,33.661722],[134.417902,33.661732],[134.417909,33.661738],[134.417918,33.661738],[134.417925,33.661734],[134.417933,33.66173],[134.417938,33.661726],[134.417945,33.661723],[134.417953,33.661724],[134.417964,33.661729],[134.417977,33.661738],[134.417988,33.661747],[134.417991,33.661755],[134.417988,33.661757],[134.417977,33.66176],[134.417964,33.661762],[134.417958,33.661765],[134.417961,33.661772],[134.417974,33.661783],[134.417991,33.661795],[134.418006,33.661806],[134.418019,33.661817],[134.418031,33.661825],[134.418044,33.66183],[134.418058,33.661831],[134.418073,33.661831],[134.418089,33.66183],[134.418105,33.66183],[134.41812,33.661832],[134.418134,33.661832],[134.418148,33.661831],[134.418161,33.661826],[134.418174,33.661819],[134.41818,33.661816],[134.418186,33.661814],[134.418192,33.661814],[134.4182,33.661815],[134.418208,33.661817],[134.418213,33.661821],[134.418226,33.661831],[134.41824,33.661843],[134.418253,33.661855],[134.418265,33.661867],[134.418278,33.661879],[134.418292,33.661893],[134.418304,33.661906],[134.418313,33.661917],[134.418315,33.66192],[134.418315,33.661923],[134.418313,33.661924],[134.418309,33.661923],[134.418298,33.66192],[134.418291,33.661919],[134.418287,33.661919],[134.418284,33.661919],[134.418282,33.66192],[134.418281,33.661922],[134.418281,33.661926],[134.418283,33.661932],[134.418287,33.66194],[134.41829,33.661947],[134.418292,33.66195],[134.418296,33.661955],[134.418303,33.661962],[134.418313,33.661973],[134.41832,33.661982],[134.418323,33.661988],[134.418314,33.661986],[134.418301,33.661982],[134.418288,33.661978],[134.418284,33.661978],[134.418281,33.661979],[134.418281,33.661985],[134.418281,33.661988],[134.418282,33.661995],[134.418285,33.662001],[134.418293,33.662016],[134.418481,33.662004],[134.418475,33.661991],[134.418469,33.661981],[134.418466,33.66197],[134.418466,33.661963],[134.418467,33.661954],[134.418469,33.661949],[134.418471,33.661944],[134.418473,33.661937],[134.418475,33.661932],[134.418477,33.661927],[134.418481,33.661925],[134.418487,33.661925],[134.418493,33.661928],[134.418501,33.661934],[134.418507,33.661942],[134.418511,33.661953],[134.418514,33.661964],[134.418519,33.662002],[134.419298,33.661951],[134.420683,33.66188],[134.420688,33.66195],[134.419299,33.662024],[134.418774,33.662058],[134.418763,33.662074],[134.418753,33.662088],[134.418744,33.662096],[134.418739,33.662099],[134.418734,33.662101],[134.418725,33.662102],[134.418715,33.662102],[134.418697,33.662099],[134.418678,33.662096],[134.418671,33.662096],[134.418663,33.662096],[134.418656,33.662097],[134.41865,33.662099],[134.418638,33.662103],[134.418631,33.662104],[134.418624,33.662103],[134.418616,33.662101],[134.418604,33.662097],[134.418584,33.662089],[134.418564,33.662083],[134.418555,33.662081],[134.418547,33.66208],[134.41854,33.662081],[134.418533,33.662083],[134.418521,33.662087],[134.418515,33.662088],[134.418509,33.662088],[134.418505,33.662088],[134.418495,33.662085],[134.41848,33.66208],[134.418465,33.662074],[134.418459,33.662073],[134.418451,33.662071],[134.418444,33.662071],[134.418438,33.662072],[134.418425,33.662074],[134.418415,33.662076],[134.418406,33.662075],[134.418386,33.662072],[134.418446,33.662734],[134.4184,33.662737],[134.418372,33.662434],[134.417528,33.662492],[134.417552,33.66277],[134.417588,33.663182],[134.418431,33.663122],[134.418411,33.66288],[134.418454,33.662877],[134.418482,33.663193],[134.418612,33.664637],[134.418427,33.664654],[134.418359,33.664657],[134.418299,33.664661],[134.41825,33.664667],[134.418207,33.664676],[134.418134,33.664683],[134.41805,33.664701],[134.417988,33.66472],[134.417916,33.664744],[134.417903,33.664742],[134.417886,33.66474],[134.41785,33.664744],[134.417819,33.664751],[134.417587,33.665006],[134.417402,33.665216],[134.417311,33.665333],[134.41729,33.665372],[134.417242,33.66542],[134.41719,33.665472],[134.417125,33.665514],[134.417055,33.665534],[134.416963,33.66553],[134.416739,33.6655],[134.416574,33.665486],[134.416522,33.6655],[134.416466,33.665513],[134.416406,33.665548],[134.416352,33.665613],[134.416341,33.665628],[134.41629,33.665697],[134.416261,33.665766],[134.416261,33.665822],[134.416273,33.665891],[134.416345,33.666063],[134.416413,33.666188],[134.416468,33.666305],[134.41659,33.666512],[134.416615,33.666552],[134.416678,33.666603],[134.416798,33.666655],[134.416846,33.666675],[134.416979,33.666717],[134.417121,33.666773],[134.417222,33.666812],[134.417261,33.666831],[134.417296,33.666847],[134.41734,33.666891],[134.417359,33.666931],[134.417361,33.667082],[134.417339,33.667398],[134.417754,33.667419],[134.418072,33.667472],[134.418181,33.667484],[134.418353,33.667499],[134.418636,33.667515],[134.418652,33.667517],[134.418698,33.667807],[134.419121,33.667788],[134.419797,33.66776],[134.419944,33.667789],[134.420258,33.667854],[134.420309,33.667817],[134.420342,33.667822],[134.420368,33.667691],[134.420561,33.667606],[134.421217,33.667704],[134.421507,33.667748],[134.421593,33.667378],[134.421654,33.667386],[134.421615,33.667556],[134.421597,33.667554],[134.421546,33.667791],[134.421529,33.667786],[134.421493,33.667975],[134.421492,33.66798],[134.421872,33.668038],[134.421721,33.668783],[134.421657,33.66909],[134.42148,33.669963],[134.421464,33.670071],[134.420611,33.67127],[134.420181,33.671831],[134.420263,33.673219],[134.420365,33.673536],[134.420558,33.674085],[134.420751,33.674574],[134.421055,33.675014],[134.421414,33.67548],[134.421515,33.675612],[134.422133,33.676411],[134.422428,33.676792],[134.421611,33.677061],[134.421263,33.677115],[134.420737,33.677153],[134.420491,33.677117],[134.420306,33.677077],[134.420011,33.677002],[134.419694,33.67692],[134.41924,33.676904],[134.418883,33.676921],[134.418623,33.6769],[134.41846,33.676886],[134.418221,33.676847],[134.417992,33.676798],[134.417482,33.676738],[134.416962,33.676715],[134.416347,33.676766],[134.415809,33.676824],[134.415284,33.676981],[134.414718,33.677167],[134.414207,33.677378],[134.413732,33.677715],[134.413523,33.6779],[134.413263,33.678205],[134.412922,33.678638],[134.412371,33.679248],[134.411998,33.679674],[134.411862,33.679829]]]},"properties":{"S_NAME":"大字中村","HCODE":8101}},{"type":"Feature","geometry":{"type":"Polygon","coordinates":[[[134.471907,33.693799],[134.471762,33.693799],[134.471722,33.693901],[134.471525,33.694407],[134.471337,33.694632],[134.4712,33.694741],[134.47025,33.695007],[134.469637,33.695074],[134.469388,33.694957],[134.469038,33.694666],[134.468713,33.694557],[134.467828,33.69441],[134.467213,33.694308],[134.4667,33.694258],[134.465938,33.694124],[134.465426,33.694141],[134.465163,33.694124],[134.464838,33.694166],[134.464626,33.694341],[134.464626,33.694391],[134.464401,33.694616],[134.464076,33.695149],[134.463838,33.695507],[134.463463,33.695916],[134.463301,33.696182],[134.462138,33.697566],[134.461788,33.697857],[134.461538,33.698107],[134.461301,33.69819],[134.460576,33.698124],[134.460276,33.698124],[134.460089,33.69819],[134.460004,33.698278],[134.459976,33.698307],[134.459814,33.698732],[134.459714,33.698957],[134.459439,33.699382],[134.459164,33.700299],[134.458976,33.700615],[134.458789,33.700815],[134.458714,33.700923],[134.457714,33.701282],[134.457576,33.70139],[134.457326,33.70269],[134.457276,33.703631],[134.457082,33.703661],[134.456952,33.703681],[134.456627,33.703698],[134.455573,33.703278],[134.454394,33.702848],[134.453688,33.702621],[134.453347,33.702512],[134.452437,33.702408],[134.451165,33.702291],[134.449925,33.702178],[134.449197,33.702142],[134.448284,33.701922],[134.447722,33.701639],[134.447511,33.701386],[134.447331,33.700951],[134.447231,33.700495],[134.447107,33.699949],[134.44701,33.699764],[134.446842,33.699694],[134.446412,33.699596],[134.443856,33.699164],[134.442995,33.699012],[134.441947,33.698767],[134.440174,33.698349],[134.438772,33.698256],[134.438498,33.69827],[134.437826,33.698307],[134.436987,33.698405],[134.436119,33.698616],[134.435938,33.698763],[134.435757,33.69893],[134.435566,33.699202],[134.435232,33.699752],[134.435097,33.699922],[134.434969,33.700105],[134.434696,33.70027],[134.434397,33.70036],[134.434139,33.700389],[134.43392,33.70033],[134.433757,33.700236],[134.433699,33.700081],[134.433713,33.699946],[134.433793,33.699803],[134.433969,33.699613],[134.434211,33.699222],[134.434451,33.69893],[134.43449,33.698794],[134.434537,33.698652],[134.434511,33.69851],[134.434428,33.698342],[134.434212,33.698128],[134.43388,33.697812],[134.433806,33.69765],[134.433796,33.697454],[134.433865,33.69717],[134.434063,33.696797],[134.434303,33.696531],[134.43458,33.696343],[134.434822,33.69624],[134.434991,33.696165],[134.4352,33.696041],[134.435529,33.695809],[134.435773,33.695591],[134.435859,33.695366],[134.435842,33.694844],[134.435773,33.694229],[134.435653,33.693501],[134.435393,33.692974],[134.435101,33.692719],[134.434795,33.692621],[134.434713,33.692561],[134.434316,33.692456],[134.433958,33.692323],[134.433836,33.69225],[134.433696,33.692028],[134.433629,33.691947],[134.433573,33.69188],[134.433399,33.691772],[134.432991,33.691592],[134.432507,33.691492],[134.432022,33.691416],[134.431658,33.691259],[134.432049,33.69077],[134.432458,33.690114],[134.432513,33.689925],[134.432572,33.689431],[134.432584,33.689018],[134.432551,33.688248],[134.432202,33.685625],[134.432659,33.68539],[134.432676,33.68538],[134.43358,33.684975],[134.434017,33.684787],[134.435148,33.684361],[134.435574,33.684138],[134.435689,33.684059],[134.435939,33.683809],[134.436156,33.683524],[134.436298,33.683276],[134.43642,33.682767],[134.436454,33.682513],[134.436396,33.68181],[134.436318,33.681143],[134.436233,33.680176],[134.436092,33.679831],[134.435762,33.679572],[134.435234,33.67946],[134.436551,33.679408],[134.437279,33.67939],[134.440328,33.679445],[134.441943,33.679633],[134.443773,33.679938],[134.447671,33.680805],[134.45199,33.68206],[134.456573,33.683596],[134.460396,33.685157],[134.466069,33.688166],[134.466843,33.688611],[134.467515,33.68876],[134.468109,33.688747],[134.468731,33.68869],[134.469246,33.688609],[134.469541,33.688705],[134.469937,33.689166],[134.470062,33.68969],[134.46997,33.690233],[134.469917,33.690566],[134.469909,33.690618],[134.469793,33.691024],[134.469733,33.691341],[134.469781,33.69166],[134.470069,33.692119],[134.470573,33.692581],[134.471907,33.693799]]]},"properties":{"S_NAME":"大字辺川","HCODE":8101}},{"type":"Feature","geometry":{"type":"Polygon","coordinates":[[[134.431305,33.663791],[134.431374,33.663769],[134.431418,33.663755],[134.431433,33.66375],[134.431506,33.663725],[134.431609,33.663684],[134.431725,33.663635],[134.431823,33.663589],[134.431892,33.663549],[134.431943,33.663514],[134.431962,33.663496],[134.431996,33.66346],[134.432025,33.663425],[134.432009,33.663377],[134.431994,33.663352],[134.431982,33.663342],[134.431956,33.663326],[134.431926,33.663312],[134.431898,33.663292],[134.431879,33.663274],[134.431873,33.663258],[134.43188,33.66325],[134.431898,33.663248],[134.431918,33.66325],[134.431943,33.663256],[134.431973,33.663267],[134.432008,33.663282],[134.432039,33.663298],[134.432063,33.663314],[134.432084,33.663331],[134.432105,33.663355],[134.432127,33.663383],[134.432151,33.663414],[134.432194,33.663416],[134.432211,33.663411],[134.43225,33.663394],[134.432286,33.663378],[134.432302,33.663375],[134.432315,33.663376],[134.432327,33.663381],[134.432354,33.663398],[134.43239,33.663416],[134.432408,33.663419],[134.432448,33.663422],[134.432449,33.663397],[134.432455,33.663378],[134.432463,33.663371],[134.432484,33.663362],[134.432515,33.663361],[134.432546,33.663364],[134.432572,33.663367],[134.432586,33.663367],[134.432582,33.663356],[134.432571,33.663335],[134.432564,33.663307],[134.432564,33.663276],[134.432568,33.663261],[134.432584,33.663238],[134.432595,33.66323],[134.432618,33.663222],[134.432638,33.66322],[134.432653,33.663224],[134.432662,33.663238],[134.432663,33.663248],[134.432666,33.663272],[134.432669,33.663298],[134.432678,33.663319],[134.432696,33.663337],[134.432721,33.663354],[134.432752,33.66337],[134.432777,33.663378],[134.432784,33.663377],[134.43279,33.663372],[134.432796,33.66336],[134.432804,33.663346],[134.432812,33.66334],[134.432832,33.663329],[134.432861,33.663325],[134.432899,33.663324],[134.432942,33.663327],[134.432985,33.663328],[134.433026,33.663332],[134.43306,33.66334],[134.433083,33.663353],[134.433096,33.663366],[134.433097,33.663375],[134.433089,33.663381],[134.433071,33.663384],[134.433044,33.663385],[134.433013,33.663385],[134.43298,33.663385],[134.432956,33.663387],[134.432949,33.663391],[134.432962,33.663397],[134.43298,33.663404],[134.432992,33.66341],[134.432996,33.663418],[134.432993,33.663429],[134.432982,33.663443],[134.432964,33.663454],[134.432937,33.663458],[134.432908,33.663457],[134.432885,33.663456],[134.432868,33.663458],[134.432851,33.663465],[134.43283,33.663476],[134.432814,33.663491],[134.432811,33.663498],[134.432814,33.663503],[134.43283,33.663509],[134.432853,33.66351],[134.432862,33.663507],[134.432882,33.663501],[134.432903,33.663497],[134.432929,33.663495],[134.432956,33.663498],[134.432979,33.663499],[134.432997,33.663496],[134.433021,33.66349],[134.433053,33.66348],[134.433089,33.663473],[134.433122,33.663471],[134.433147,33.663475],[134.433171,33.663481],[134.433196,33.663484],[134.433224,33.663485],[134.433253,33.663488],[134.433285,33.663491],[134.433316,33.663495],[134.433376,33.663485],[134.43341,33.663485],[134.433446,33.66349],[134.433488,33.663501],[134.433533,33.66352],[134.433582,33.663546],[134.43368,33.663607],[134.433763,33.663669],[134.43383,33.663721],[134.433888,33.66377],[134.433948,33.663815],[134.43401,33.663856],[134.434071,33.663891],[134.434135,33.663916],[134.434216,33.663937],[134.43432,33.663949],[134.434435,33.663956],[134.434491,33.663956],[134.434588,33.66395],[134.434677,33.663942],[134.434768,33.663936],[134.434804,33.663936],[134.434865,33.663936],[134.434963,33.663944],[134.43501,33.66395],[134.435102,33.663969],[134.435183,33.663989],[134.43525,33.664008],[134.435315,33.664029],[134.435494,33.664095],[134.435632,33.664141],[134.435708,33.664165],[134.43578,33.664182],[134.435815,33.664185],[134.435852,33.664186],[134.435889,33.664182],[134.435965,33.664165],[134.436044,33.664141],[134.436124,33.664112],[134.436206,33.664081],[134.436291,33.664046],[134.436379,33.664011],[134.436423,33.663997],[134.436466,33.663988],[134.436507,33.663982],[134.436548,33.663981],[134.436589,33.663983],[134.436671,33.663996],[134.436756,33.664012],[134.436844,33.664024],[134.43689,33.664027],[134.436979,33.664022],[134.437073,33.664009],[134.437171,33.663998],[134.437276,33.663989],[134.43739,33.663981],[134.437511,33.663968],[134.437635,33.663948],[134.437697,33.663935],[134.437815,33.6639],[134.437872,33.66388],[134.437979,33.663837],[134.438073,33.663791],[134.438114,33.663766],[134.438151,33.663738],[134.438183,33.663706],[134.438209,33.663669],[134.438229,33.663628],[134.438246,33.663587],[134.43827,33.663502],[134.438288,33.663423],[134.438301,33.663352],[134.438312,33.663284],[134.438318,33.663253],[134.438328,33.663224],[134.438339,33.663198],[134.438356,33.663178],[134.438378,33.663163],[134.438381,33.663162],[134.438405,33.663154],[134.438436,33.663148],[134.43851,33.663146],[134.438594,33.663147],[134.43869,33.663152],[134.438796,33.663158],[134.438907,33.663167],[134.439012,33.663184],[134.439057,33.663196],[134.4391,33.663211],[134.439173,33.663247],[134.439233,33.663293],[134.439282,33.663347],[134.439303,33.66338],[134.439322,33.663418],[134.439351,33.663504],[134.439358,33.663549],[134.439358,33.663592],[134.43935,33.663632],[134.439331,33.663667],[134.439308,33.663697],[134.439255,33.663754],[134.439236,33.663784],[134.439225,33.663816],[134.439223,33.663852],[134.439228,33.663889],[134.439237,33.663927],[134.439267,33.664005],[134.439299,33.664086],[134.439311,33.664131],[134.439319,33.664179],[134.439319,33.664283],[134.439319,33.664334],[134.439323,33.66438],[134.439336,33.664419],[134.439359,33.664447],[134.43939,33.664466],[134.439466,33.664496],[134.439505,33.664514],[134.439539,33.664536],[134.43957,33.664564],[134.439599,33.664597],[134.439655,33.664679],[134.439711,33.664774],[134.439759,33.664868],[134.439777,33.664909],[134.439795,33.664973],[134.43981,33.665023],[134.439812,33.665026],[134.439827,33.665056],[134.439849,33.665088],[134.439877,33.665123],[134.439945,33.665191],[134.440011,33.665246],[134.440071,33.665281],[134.440126,33.665307],[134.44018,33.665327],[134.44021,33.665335],[134.44024,33.66534],[134.440272,33.665341],[134.440342,33.665331],[134.440409,33.665312],[134.440518,33.665273],[134.440536,33.665194],[134.440578,33.665204],[134.440594,33.66517],[134.440937,33.665106],[134.441702,33.66509],[134.441703,33.66518],[134.440901,33.665184],[134.440754,33.665714],[134.441825,33.665928],[134.441874,33.665772],[134.442142,33.664904],[134.441892,33.664855],[134.441914,33.664777],[134.442166,33.664826],[134.442419,33.664008],[134.441763,33.663673],[134.441614,33.66345],[134.441663,33.663391],[134.441822,33.663631],[134.442531,33.663974],[134.443281,33.66507],[134.443139,33.665598],[134.443206,33.665632],[134.443266,33.665669],[134.443291,33.665688],[134.44331,33.665706],[134.44334,33.665749],[134.443365,33.665802],[134.443393,33.665865],[134.443421,33.665927],[134.443444,33.66597],[134.443472,33.666003],[134.443504,33.666],[134.443539,33.666002],[134.443574,33.666015],[134.443602,33.666032],[134.44361,33.666037],[134.44365,33.666065],[134.443691,33.666095],[134.443736,33.666123],[134.443784,33.666152],[134.443836,33.666177],[134.443896,33.666194],[134.443928,33.666199],[134.443963,33.666202],[134.444038,33.666203],[134.444118,33.666199],[134.444199,33.666191],[134.44428,33.666177],[134.444359,33.666155],[134.44444,33.666133],[134.444524,33.66612],[134.44461,33.666117],[134.444687,33.666121],[134.444747,33.666126],[134.444768,33.666132],[134.444781,33.666138],[134.444787,33.666147],[134.444782,33.666158],[134.444769,33.66617],[134.444726,33.666201],[134.44467,33.666236],[134.444609,33.666271],[134.444549,33.666299],[134.44449,33.666317],[134.444438,33.666332],[134.444394,33.666351],[134.444356,33.666377],[134.444324,33.666405],[134.444292,33.666428],[134.444264,33.666452],[134.444255,33.666466],[134.44424,33.666495],[134.444232,33.66653],[134.444221,33.66657],[134.44421,33.666617],[134.4442,33.666667],[134.444194,33.666719],[134.444194,33.666771],[134.444198,33.666794],[134.444206,33.666833],[134.444219,33.666867],[134.444233,33.6669],[134.444248,33.666937],[134.444257,33.666979],[134.444258,33.667002],[134.444255,33.667076],[134.444241,33.667171],[134.444436,33.667166],[134.444556,33.667136],[134.444578,33.667197],[134.444447,33.66723],[134.444232,33.667236],[134.444199,33.667472],[134.444259,33.667499],[134.444321,33.667524],[134.444371,33.667541],[134.444417,33.667553],[134.444436,33.667559],[134.444446,33.667562],[134.444452,33.667567],[134.444464,33.66758],[134.444483,33.667608],[134.444493,33.667622],[134.444499,33.66763],[134.444507,33.667634],[134.444544,33.667648],[134.444583,33.667662],[134.44459,33.667667],[134.444597,33.667674],[134.444601,33.667681],[134.444603,33.667688],[134.444606,33.667698],[134.444606,33.667707],[134.444596,33.667751],[134.444583,33.667796],[134.444574,33.667814],[134.444563,33.667835],[134.444548,33.667855],[134.444535,33.667869],[134.444503,33.667896],[134.444477,33.667922],[134.444469,33.667932],[134.444466,33.667936],[134.444465,33.667939],[134.444462,33.667949],[134.444461,33.667959],[134.444462,33.66798],[134.444468,33.668002],[134.444484,33.668048],[134.444506,33.668091],[134.444536,33.668137],[134.444577,33.668193],[134.444627,33.668262],[134.444686,33.668343],[134.444748,33.668432],[134.444815,33.668527],[134.444885,33.668623],[134.444956,33.668714],[134.445023,33.668796],[134.445079,33.668863],[134.445129,33.668922],[134.445176,33.668977],[134.445223,33.669029],[134.445269,33.669074],[134.44531,33.669108],[134.445348,33.669133],[134.445395,33.669159],[134.445428,33.669175],[134.445459,33.669188],[134.445489,33.6692],[134.445519,33.669209],[134.445547,33.669216],[134.44558,33.669222],[134.445606,33.669226],[134.445651,33.669229],[134.445694,33.669228],[134.44575,33.669225],[134.445802,33.66922],[134.445843,33.669214],[134.445858,33.669211],[134.44587,33.669207],[134.445873,33.669204],[134.445875,33.669201],[134.445875,33.669197],[134.445874,33.669192],[134.445864,33.669169],[134.445861,33.669161],[134.445858,33.669154],[134.445857,33.669145],[134.445858,33.669137],[134.445861,33.669126],[134.445864,33.669119],[134.445888,33.669079],[134.44592,33.669037],[134.445949,33.669002],[134.445958,33.668995],[134.445968,33.668989],[134.445979,33.668983],[134.445989,33.668979],[134.446003,33.668976],[134.446018,33.668973],[134.446032,33.668972],[134.44605,33.668972],[134.446091,33.668975],[134.446128,33.66898],[134.446192,33.668996],[134.446206,33.669],[134.446218,33.669006],[134.446248,33.669021],[134.446266,33.669028],[134.446278,33.669031],[134.446285,33.669032],[134.446342,33.669035],[134.446411,33.669042],[134.446429,33.669045],[134.446444,33.669051],[134.446458,33.669057],[134.446469,33.669064],[134.446477,33.669072],[134.446485,33.66908],[134.446521,33.669126],[134.446575,33.669185],[134.446635,33.66924],[134.446698,33.669309],[134.446749,33.669378],[134.44679,33.669447],[134.446827,33.669506],[134.446863,33.66956],[134.44688,33.66959],[134.446894,33.669622],[134.446918,33.6697],[134.446939,33.669789],[134.446955,33.669849],[134.446962,33.669876],[134.446984,33.669957],[134.447005,33.67003],[134.447017,33.67009],[134.447022,33.670146],[134.447019,33.670204],[134.447015,33.670233],[134.447009,33.670264],[134.447002,33.67029],[134.446989,33.670323],[134.446962,33.670382],[134.446958,33.670391],[134.446952,33.670406],[134.446949,33.670417],[134.446947,33.670433],[134.446949,33.670446],[134.446952,33.670461],[134.446958,33.670474],[134.446965,33.670488],[134.446976,33.670503],[134.446989,33.670518],[134.44702,33.670548],[134.447096,33.670612],[134.447178,33.670675],[134.447256,33.670735],[134.44732,33.670784],[134.447369,33.670821],[134.447407,33.670851],[134.447438,33.670878],[134.447456,33.670892],[134.447475,33.670903],[134.4475,33.670913],[134.447534,33.670922],[134.447569,33.67093],[134.44765,33.670944],[134.447731,33.670956],[134.447807,33.670969],[134.447884,33.670984],[134.447962,33.671004],[134.448038,33.671026],[134.448105,33.671045],[134.448141,33.671056],[134.448161,33.671061],[134.448207,33.671077],[134.448244,33.671093],[134.448263,33.6711],[134.448286,33.671104],[134.448306,33.671105],[134.448324,33.671102],[134.448337,33.6711],[134.448362,33.671093],[134.448427,33.671069],[134.448463,33.671052],[134.44853,33.671014],[134.448597,33.670976],[134.448661,33.670948],[134.448714,33.670927],[134.448726,33.67092],[134.448732,33.670914],[134.448738,33.670908],[134.448742,33.670898],[134.448743,33.670888],[134.448742,33.670877],[134.448734,33.670853],[134.448707,33.670801],[134.448677,33.670756],[134.448656,33.670722],[134.448642,33.67069],[134.44863,33.670654],[134.448627,33.670635],[134.448627,33.670613],[134.448631,33.670589],[134.448639,33.670568],[134.44865,33.670544],[134.448666,33.670521],[134.448686,33.6705],[134.448709,33.670482],[134.448733,33.670468],[134.448764,33.670457],[134.448797,33.670447],[134.448828,33.670443],[134.448908,33.670437],[134.448951,33.670438],[134.449011,33.670443],[134.449068,33.670454],[134.449113,33.670472],[134.449152,33.67049],[134.449176,33.670495],[134.449238,33.670493],[134.449312,33.670488],[134.449399,33.670486],[134.44944,33.670489],[134.449479,33.670497],[134.449516,33.670509],[134.449551,33.670524],[134.449583,33.670544],[134.449611,33.670567],[134.449662,33.670622],[134.449706,33.67068],[134.449748,33.670734],[134.449785,33.670781],[134.449813,33.67081],[134.449838,33.670837],[134.449846,33.670853],[134.449849,33.670871],[134.449844,33.670912],[134.449837,33.670932],[134.449828,33.670951],[134.449805,33.670978],[134.44979,33.671003],[134.449785,33.671019],[134.449788,33.671038],[134.449795,33.671061],[134.449822,33.67111],[134.449858,33.671162],[134.4499,33.671212],[134.449942,33.67126],[134.449982,33.671305],[134.450021,33.671351],[134.450067,33.671404],[134.450118,33.67146],[134.450167,33.671511],[134.450194,33.671538],[134.45021,33.671553],[134.45025,33.671587],[134.450293,33.671619],[134.450343,33.671649],[134.450398,33.671675],[134.450454,33.671693],[134.450512,33.671708],[134.45057,33.671723],[134.450627,33.671737],[134.450659,33.671743],[134.450687,33.671747],[134.450753,33.671751],[134.450827,33.671752],[134.45091,33.671751],[134.450996,33.671747],[134.451033,33.671742],[134.451067,33.671734],[134.451091,33.671723],[134.451111,33.671711],[134.451126,33.671697],[134.451147,33.671668],[134.451166,33.671642],[134.451192,33.671616],[134.451227,33.671587],[134.451274,33.671556],[134.451326,33.67153],[134.451329,33.671528],[134.451386,33.671504],[134.451437,33.671483],[134.451447,33.671478],[134.451458,33.671472],[134.451471,33.671459],[134.45148,33.671445],[134.451484,33.671433],[134.451483,33.671422],[134.451477,33.671414],[134.451466,33.671408],[134.451452,33.671405],[134.451433,33.671405],[134.451399,33.671406],[134.451344,33.671407],[134.451323,33.671405],[134.451307,33.671403],[134.451291,33.671397],[134.451275,33.67139],[134.451265,33.671381],[134.451258,33.671371],[134.451258,33.67136],[134.451265,33.671347],[134.45129,33.671322],[134.451316,33.671298],[134.451324,33.671286],[134.451328,33.671273],[134.451329,33.671262],[134.451326,33.671246],[134.451316,33.671216],[134.451307,33.671192],[134.451304,33.671184],[134.451304,33.671176],[134.451305,33.671169],[134.451313,33.671159],[134.451329,33.671152],[134.451349,33.671149],[134.451374,33.67115],[134.4514,33.671152],[134.451427,33.671156],[134.451467,33.671165],[134.451483,33.67117],[134.451494,33.671175],[134.451503,33.67118],[134.451509,33.671187],[134.451518,33.671198],[134.451527,33.671204],[134.451537,33.671206],[134.451556,33.671206],[134.451573,33.671205],[134.451584,33.671203],[134.451594,33.6712],[134.45161,33.671194],[134.451617,33.671189],[134.451621,33.671186],[134.451625,33.671179],[134.451626,33.671173],[134.451626,33.671142],[134.451628,33.671131],[134.451632,33.671122],[134.451638,33.671111],[134.451645,33.671101],[134.451658,33.671088],[134.45167,33.671078],[134.451705,33.671052],[134.451727,33.67104],[134.451744,33.671034],[134.451762,33.67103],[134.451784,33.671028],[134.4518,33.671027],[134.451817,33.671027],[134.451832,33.67103],[134.451852,33.671035],[134.451862,33.671039],[134.451869,33.67104],[134.451874,33.67104],[134.451874,33.671037],[134.451864,33.671021],[134.451856,33.671005],[134.451852,33.670997],[134.45185,33.670989],[134.451849,33.670981],[134.451849,33.670973],[134.451851,33.670963],[134.451853,33.670957],[134.451857,33.67095],[134.451863,33.670944],[134.451879,33.670933],[134.451898,33.670923],[134.451923,33.670915],[134.451946,33.670909],[134.451975,33.670904],[134.452004,33.670901],[134.452041,33.670902],[134.452077,33.670905],[134.452107,33.67091],[134.452145,33.670919],[134.45218,33.67093],[134.452216,33.670941],[134.452244,33.670953],[134.452267,33.670963],[134.452284,33.670974],[134.4523,33.670986],[134.452311,33.671],[134.452316,33.671012],[134.452324,33.671038],[134.452331,33.671066],[134.452336,33.671079],[134.452344,33.67109],[134.452354,33.6711],[134.452369,33.671109],[134.45239,33.671117],[134.45242,33.671126],[134.452461,33.671139],[134.45249,33.671145],[134.452519,33.67115],[134.452548,33.671151],[134.452574,33.671152],[134.452625,33.671148],[134.452677,33.671146],[134.452709,33.671147],[134.452739,33.671152],[134.452764,33.671157],[134.452788,33.671163],[134.452841,33.671179],[134.452859,33.671186],[134.452878,33.671193],[134.452898,33.671203],[134.452915,33.671213],[134.452946,33.671237],[134.452959,33.67125],[134.452968,33.671263],[134.452975,33.671279],[134.452976,33.671293],[134.452973,33.671308],[134.452967,33.67132],[134.452958,33.671331],[134.452946,33.67134],[134.452932,33.671346],[134.452917,33.671349],[134.452899,33.67135],[134.45285,33.671347],[134.452783,33.671342],[134.452711,33.671335],[134.452646,33.671329],[134.452595,33.671322],[134.452546,33.671315],[134.452494,33.671307],[134.452443,33.6713],[134.452399,33.671296],[134.452369,33.671297],[134.452361,33.671302],[134.45236,33.671308],[134.452368,33.671318],[134.45238,33.671329],[134.452412,33.671354],[134.452452,33.671386],[134.45249,33.671418],[134.452512,33.671438],[134.452519,33.671449],[134.452528,33.671463],[134.452535,33.671477],[134.452544,33.671503],[134.45255,33.67152],[134.452551,33.671525],[134.452557,33.671543],[134.452555,33.67155],[134.452549,33.671556],[134.452516,33.671565],[134.452495,33.671567],[134.452471,33.67157],[134.452424,33.671573],[134.452381,33.671576],[134.452341,33.671578],[134.452302,33.67158],[134.452287,33.671581],[134.452267,33.671584],[134.452252,33.671588],[134.452237,33.671596],[134.452223,33.671606],[134.452203,33.671632],[134.452196,33.67165],[134.452191,33.671668],[134.452187,33.671689],[134.452185,33.671708],[134.452183,33.671735],[134.452184,33.67176],[134.452189,33.671812],[134.452197,33.671857],[134.452211,33.67191],[134.45223,33.671972],[134.452249,33.672026],[134.452267,33.672074],[134.452288,33.672122],[134.452317,33.672177],[134.452349,33.672228],[134.45239,33.672286],[134.45242,33.672323],[134.452462,33.672375],[134.452513,33.672437],[134.452541,33.672474],[134.452574,33.67251],[134.45261,33.672546],[134.452648,33.672578],[134.452687,33.672608],[134.452728,33.672638],[134.452769,33.672665],[134.452812,33.672692],[134.452858,33.672715],[134.452902,33.672738],[134.45294,33.672763],[134.45297,33.672791],[134.452996,33.672824],[134.453019,33.67286],[134.453036,33.672897],[134.453047,33.672933],[134.453056,33.672967],[134.45306,33.672983],[134.453068,33.672998],[134.453079,33.673013],[134.453112,33.673042],[134.453152,33.673075],[134.453192,33.673113],[134.453234,33.673153],[134.453276,33.673192],[134.453318,33.673228],[134.453358,33.673263],[134.453394,33.673297],[134.453429,33.673332],[134.453463,33.673365],[134.453495,33.673396],[134.453514,33.673411],[134.453532,33.673423],[134.453553,33.673435],[134.453573,33.673442],[134.453619,33.673455],[134.453666,33.673468],[134.453716,33.673481],[134.453768,33.673495],[134.45382,33.673511],[134.453876,33.673527],[134.453935,33.673542],[134.453997,33.673555],[134.45406,33.673568],[134.45412,33.673577],[134.45418,33.673586],[134.454237,33.673595],[134.454293,33.673605],[134.454325,33.673608],[134.454353,33.673608],[134.454387,33.673606],[134.454415,33.673602],[134.45448,33.673591],[134.454544,33.673584],[134.454656,33.673566],[134.454756,33.673552],[134.454799,33.673546],[134.454836,33.673541],[134.454844,33.673539],[134.454849,33.673537],[134.454853,33.673535],[134.454857,33.673532],[134.454858,33.673527],[134.454858,33.673522],[134.454856,33.67351],[134.454854,33.673493],[134.454853,33.673482],[134.454854,33.673475],[134.454857,33.673469],[134.454862,33.673461],[134.454869,33.673454],[134.454898,33.673428],[134.454904,33.673422],[134.454911,33.673414],[134.454916,33.673408],[134.454918,33.6734],[134.454916,33.673391],[134.454913,33.673383],[134.454909,33.673375],[134.454903,33.673368],[134.454896,33.67336],[134.454866,33.673333],[134.45483,33.673303],[134.454815,33.673289],[134.454802,33.673275],[134.454792,33.673264],[134.454782,33.673253],[134.454774,33.67324],[134.454766,33.673229],[134.454759,33.673212],[134.454754,33.673194],[134.454752,33.673185],[134.454752,33.673175],[134.454754,33.673167],[134.454757,33.67316],[134.454763,33.673152],[134.454768,33.673146],[134.454776,33.673138],[134.454784,33.673133],[134.454827,33.673112],[134.454871,33.673093],[134.454913,33.67308],[134.454924,33.673077],[134.454933,33.673076],[134.454955,33.673076],[134.454981,33.673077],[134.455024,33.673082],[134.455042,33.673084],[134.455053,33.673083],[134.455062,33.673079],[134.455071,33.673071],[134.455072,33.673069],[134.455077,33.673063],[134.455081,33.673055],[134.455092,33.673018],[134.455106,33.672982],[134.455121,33.672951],[134.455137,33.672923],[134.455158,33.672893],[134.455172,33.672878],[134.455186,33.672867],[134.455203,33.672856],[134.455221,33.672849],[134.45527,33.672839],[134.455301,33.672832],[134.455338,33.672826],[134.455355,33.672824],[134.455375,33.672824],[134.455391,33.672828],[134.45541,33.672837],[134.455426,33.672847],[134.455445,33.672862],[134.455457,33.672875],[134.455469,33.67289],[134.455477,33.672902],[134.455487,33.672925],[134.455493,33.672952],[134.455499,33.672984],[134.455503,33.673018],[134.455504,33.673034],[134.455504,33.673045],[134.4555,33.673057],[134.455492,33.673076],[134.45548,33.673093],[134.455477,33.6731],[134.455476,33.673111],[134.455482,33.67312],[134.45549,33.673126],[134.455531,33.673136],[134.455579,33.673148],[134.45559,33.673152],[134.4556,33.673156],[134.455605,33.67316],[134.455608,33.673166],[134.455611,33.673173],[134.455616,33.673196],[134.455623,33.673233],[134.455632,33.673264],[134.455639,33.673285],[134.455648,33.673315],[134.455652,33.673338],[134.455656,33.673346],[134.455659,33.67335],[134.455663,33.673352],[134.455669,33.673354],[134.455703,33.673358],[134.455745,33.673362],[134.455755,33.673363],[134.455764,33.673366],[134.455771,33.67337],[134.455776,33.673376],[134.455791,33.673405],[134.455808,33.673449],[134.455831,33.673498],[134.455841,33.673521],[134.455845,33.673533],[134.455849,33.673545],[134.45585,33.673554],[134.45585,33.673565],[134.455847,33.673574],[134.455843,33.67358],[134.455815,33.673604],[134.455803,33.673615],[134.455798,33.67362],[134.455794,33.673625],[134.45579,33.673631],[134.455789,33.673637],[134.455789,33.673645],[134.455796,33.673668],[134.455804,33.673701],[134.455806,33.673738],[134.455806,33.673755],[134.455807,33.673762],[134.455809,33.673769],[134.455814,33.673776],[134.45582,33.673782],[134.455828,33.673787],[134.455836,33.67379],[134.455846,33.673793],[134.455883,33.6738],[134.455908,33.673804],[134.455918,33.673807],[134.455928,33.67381],[134.455937,33.673815],[134.455945,33.67382],[134.45595,33.673826],[134.455954,33.673834],[134.455958,33.673844],[134.455961,33.67386],[134.455962,33.673872],[134.455963,33.6739],[134.455962,33.673946],[134.455959,33.674001],[134.455959,33.674034],[134.455959,33.674076],[134.45596,33.674091],[134.455964,33.67411],[134.455968,33.674129],[134.455975,33.674146],[134.455991,33.674183],[134.456006,33.674217],[134.456028,33.674261],[134.456052,33.674297],[134.456081,33.674332],[134.456095,33.674352],[134.456105,33.674371],[134.456112,33.674389],[134.456116,33.674407],[134.456124,33.674448],[134.456131,33.674468],[134.45614,33.674487],[134.456151,33.674507],[134.456164,33.674526],[134.456194,33.674566],[134.456225,33.674608],[134.456258,33.674653],[134.456295,33.674699],[134.456335,33.674745],[134.456378,33.674792],[134.456418,33.674838],[134.45646,33.674882],[134.456506,33.674924],[134.456554,33.674964],[134.456602,33.674999],[134.456647,33.675029],[134.456689,33.675056],[134.456734,33.675085],[134.456781,33.675115],[134.456831,33.675145],[134.456884,33.675168],[134.456939,33.675187],[134.456996,33.675203],[134.457052,33.675218],[134.457112,33.675233],[134.457172,33.675248],[134.457313,33.675281],[134.457422,33.675306],[134.457483,33.675319],[134.457542,33.675332],[134.457604,33.675344],[134.457663,33.675355],[134.457723,33.675366],[134.457778,33.675377],[134.457835,33.675389],[134.457897,33.675401],[134.457964,33.675413],[134.458029,33.675424],[134.458088,33.675433],[134.458145,33.675441],[134.458203,33.675443],[134.458266,33.675441],[134.458328,33.67544],[134.458386,33.67544],[134.458438,33.675442],[134.458484,33.675442],[134.458521,33.675435],[134.458555,33.675423],[134.458583,33.675404],[134.45861,33.675386],[134.45864,33.675375],[134.458675,33.675368],[134.458692,33.675364],[134.458709,33.675355],[134.458741,33.675325],[134.45878,33.675286],[134.458803,33.675269],[134.458831,33.675259],[134.458874,33.675251],[134.458918,33.675247],[134.458956,33.675241],[134.458967,33.675235],[134.458972,33.675228],[134.458968,33.675217],[134.458947,33.675191],[134.458936,33.675177],[134.45893,33.675163],[134.458931,33.675148],[134.45894,33.675135],[134.458955,33.675121],[134.459003,33.675093],[134.459065,33.675064],[134.459137,33.675042],[134.459185,33.67503],[134.459222,33.675023],[134.45925,33.675018],[134.45928,33.675008],[134.4593,33.674997],[134.459317,33.674978],[134.459331,33.674949],[134.459344,33.674924],[134.459353,33.674913],[134.459371,33.674907],[134.45939,33.674905],[134.459409,33.674906],[134.459431,33.674911],[134.459451,33.674918],[134.459468,33.674928],[134.459481,33.674937],[134.459493,33.674951],[134.459503,33.674962],[134.459518,33.674989],[134.459531,33.675014],[134.459546,33.675036],[134.459555,33.675046],[134.459568,33.675053],[134.4596,33.675067],[134.459642,33.67508],[134.459692,33.675093],[134.459721,33.675099],[134.459744,33.6751],[134.459792,33.675101],[134.459839,33.675097],[134.459876,33.675093],[134.459884,33.675092],[134.459927,33.675086],[134.459948,33.675082],[134.459965,33.675075],[134.459993,33.675056],[134.46002,33.675036],[134.460036,33.675029],[134.460053,33.675024],[134.460094,33.675022],[134.460139,33.675024],[134.460181,33.675027],[134.460199,33.675028],[134.460214,33.675032],[134.460226,33.675037],[134.460237,33.675051],[134.460248,33.675066],[134.46026,33.675073],[134.460277,33.675077],[134.460328,33.675081],[134.460391,33.67508],[134.460452,33.675075],[134.460513,33.67507],[134.46057,33.675068],[134.460625,33.675067],[134.460682,33.675068],[134.460739,33.675066],[134.460768,33.675066],[134.460795,33.67507],[134.460821,33.675076],[134.460843,33.675085],[134.460864,33.675097],[134.460883,33.675112],[134.460898,33.675127],[134.460923,33.675158],[134.460945,33.675183],[134.460956,33.675194],[134.46097,33.675203],[134.461003,33.675216],[134.461041,33.67523],[134.46106,33.675242],[134.461075,33.675255],[134.461088,33.675272],[134.461097,33.67529],[134.461101,33.675307],[134.461101,33.675322],[134.461093,33.675334],[134.46108,33.675343],[134.461064,33.675351],[134.461023,33.675361],[134.460978,33.675368],[134.460958,33.675373],[134.460939,33.67538],[134.460927,33.675392],[134.460918,33.675409],[134.460915,33.675428],[134.460914,33.675447],[134.460914,33.675496],[134.46091,33.675535],[134.460904,33.675569],[134.460897,33.675594],[134.460877,33.675644],[134.460863,33.675688],[134.460863,33.675707],[134.460867,33.675723],[134.46088,33.675748],[134.460888,33.675768],[134.460888,33.675784],[134.460873,33.675832],[134.460857,33.675877],[134.460856,33.675886],[134.460856,33.675892],[134.460858,33.675897],[134.460862,33.675899],[134.460894,33.6759],[134.460911,33.675903],[134.460923,33.675908],[134.460931,33.675913],[134.460937,33.675923],[134.460937,33.675932],[134.460927,33.675963],[134.460918,33.675985],[134.460907,33.67602],[134.460897,33.67605],[134.46089,33.676074],[134.460889,33.676089],[134.460893,33.676095],[134.460912,33.676097],[134.460943,33.676092],[134.460982,33.676083],[134.461026,33.676074],[134.46107,33.676066],[134.461112,33.67606],[134.461149,33.676056],[134.461183,33.676056],[134.461221,33.676063],[134.461244,33.676071],[134.461296,33.676098],[134.461359,33.67613],[134.461393,33.676144],[134.461469,33.676166],[134.461548,33.676177],[134.461623,33.676181],[134.461688,33.676183],[134.461738,33.676187],[134.461756,33.676191],[134.461769,33.676197],[134.461778,33.676205],[134.46178,33.676217],[134.461779,33.676231],[134.461765,33.676267],[134.461741,33.676306],[134.461713,33.676349],[134.461687,33.676393],[134.461667,33.67644],[134.46166,33.676466],[134.461657,33.676491],[134.46166,33.676543],[134.461675,33.676596],[134.461686,33.676624],[134.461715,33.676678],[134.461746,33.67673],[134.461769,33.676779],[134.461784,33.676822],[134.461788,33.67686],[134.461789,33.676876],[134.461781,33.676905],[134.461771,33.676929],[134.461757,33.676951],[134.461805,33.676991],[134.461858,33.677034],[134.461921,33.677082],[134.461996,33.677137],[134.462082,33.677193],[134.462178,33.677245],[134.462277,33.677288],[134.462382,33.677321],[134.462493,33.677347],[134.462605,33.677365],[134.46271,33.677376],[134.462796,33.67738],[134.462854,33.677376],[134.462891,33.677367],[134.462904,33.67736],[134.462926,33.677348],[134.462973,33.677309],[134.463029,33.677266],[134.463089,33.677225],[134.463151,33.677188],[134.463215,33.677155],[134.463282,33.677125],[134.463347,33.677097],[134.463412,33.677078],[134.463444,33.677073],[134.463477,33.677073],[134.46351,33.677076],[134.463573,33.677094],[134.463631,33.677117],[134.46368,33.677135],[134.4637,33.677141],[134.463735,33.677144],[134.463748,33.67714],[134.46376,33.677133],[134.463777,33.677106],[134.463797,33.677072],[134.463812,33.677056],[134.463833,33.677043],[134.46386,33.677032],[134.463892,33.677025],[134.463962,33.677021],[134.463996,33.677024],[134.464047,33.677035],[134.464065,33.677045],[134.464078,33.677055],[134.464087,33.677069],[134.464093,33.677101],[134.464092,33.677139],[134.464091,33.677181],[134.464095,33.6772],[134.464102,33.677219],[134.464113,33.677235],[134.464145,33.677267],[134.464175,33.677295],[134.464186,33.677311],[134.464191,33.677326],[134.464192,33.677342],[134.464184,33.677376],[134.464175,33.677407],[134.464168,33.677434],[134.46417,33.677459],[134.46418,33.677484],[134.464196,33.677509],[134.464223,33.677533],[134.464241,33.677543],[134.464262,33.677551],[134.464312,33.677558],[134.464368,33.677561],[134.464421,33.677565],[134.464463,33.677573],[134.464479,33.677576],[134.464495,33.677576],[134.464506,33.677573],[134.464516,33.677564],[134.464529,33.677527],[134.464542,33.677476],[134.464551,33.677448],[134.464565,33.677423],[134.464582,33.6774],[134.464605,33.677381],[134.464629,33.677367],[134.464655,33.677357],[134.464683,33.677352],[134.464711,33.677353],[134.464737,33.67736],[134.464763,33.677372],[134.46481,33.677407],[134.464849,33.67745],[134.464879,33.677491],[134.464901,33.677533],[134.464914,33.677577],[134.464917,33.677623],[134.464915,33.677645],[134.464909,33.677667],[134.464899,33.677686],[134.464885,33.677702],[134.464845,33.677724],[134.464799,33.67774],[134.464779,33.677748],[134.464764,33.677758],[134.464753,33.677769],[134.464747,33.677781],[134.464747,33.677814],[134.464758,33.677853],[134.46477,33.677897],[134.464779,33.677945],[134.464782,33.677994],[134.464773,33.678041],[134.464759,33.67809],[134.464752,33.678115],[134.464745,33.678167],[134.464745,33.678195],[134.464757,33.67825],[134.464769,33.678277],[134.464785,33.678302],[134.464829,33.678348],[134.464882,33.678396],[134.46491,33.678424],[134.464935,33.678457],[134.464978,33.678536],[134.465016,33.678623],[134.465037,33.678664],[134.46506,33.678701],[134.465085,33.678733],[134.465139,33.678782],[134.465189,33.678821],[134.465211,33.678841],[134.465227,33.67886],[134.465239,33.678881],[134.465253,33.678927],[134.465252,33.678976],[134.46524,33.679026],[134.46522,33.679078],[134.465196,33.679127],[134.465169,33.679171],[134.46515,33.679214],[134.465146,33.679237],[134.465149,33.679261],[134.465155,33.679287],[134.465184,33.679342],[134.465224,33.679405],[134.465263,33.679474],[134.465301,33.67955],[134.465342,33.679629],[134.465363,33.679665],[134.465391,33.67971],[134.465451,33.679794],[134.465516,33.679877],[134.465582,33.679959],[134.465647,33.680035],[134.465709,33.680103],[134.465739,33.68013],[134.465794,33.680171],[134.465823,33.680187],[134.465853,33.680198],[134.465921,33.680216],[134.465929,33.680218],[134.466003,33.680229],[134.466103,33.680238],[134.466225,33.680242],[134.466367,33.68024],[134.46652,33.680231],[134.466673,33.680217],[134.466814,33.680194],[134.466948,33.680172],[134.467013,33.680163],[134.467143,33.680154],[134.467209,33.680153],[134.467336,33.68016],[134.467457,33.680174],[134.467566,33.680188],[134.467667,33.680204],[134.467763,33.680221],[134.468022,33.680273],[134.468044,33.680282],[134.468077,33.680302],[134.468096,33.680317],[134.46811,33.680332],[134.468115,33.680344],[134.468116,33.680347],[134.468117,33.680353],[134.468118,33.680361],[134.468116,33.680415],[134.468116,33.680464],[134.468124,33.680502],[134.468144,33.680538],[134.468177,33.680569],[134.468225,33.6806],[134.468286,33.68063],[134.468442,33.680694],[134.46863,33.680769],[134.468817,33.680843],[134.468962,33.680893],[134.469064,33.680919],[134.469154,33.680939],[134.46926,33.680967],[134.469323,33.680987],[134.469469,33.681041],[134.469639,33.681113],[134.469729,33.681149],[134.469819,33.681181],[134.469908,33.681206],[134.469991,33.681219],[134.470069,33.681226],[134.470213,33.681228],[134.47028,33.68123],[134.470343,33.681235],[134.470457,33.681245],[134.470523,33.681245],[134.470578,33.681237],[134.47064,33.681222],[134.470709,33.681196],[134.470824,33.681139],[134.470906,33.681093],[134.470934,33.681081],[134.470958,33.681076],[134.470981,33.681076],[134.471007,33.681083],[134.471069,33.681113],[134.471145,33.681154],[134.471221,33.681194],[134.471328,33.68124],[134.471373,33.681257],[134.471427,33.681275],[134.471555,33.68131],[134.4717,33.681349],[134.471764,33.681371],[134.471816,33.681395],[134.471857,33.681421],[134.471891,33.681447],[134.47194,33.681497],[134.47198,33.681536],[134.471994,33.681547],[134.472017,33.681557],[134.472035,33.681559],[134.472089,33.681545],[134.472094,33.681544],[134.472453,33.682078],[134.472578,33.682258],[134.472716,33.68242],[134.473374,33.682888],[134.473697,33.683073],[134.4741,33.683454],[134.475199,33.685084],[134.475412,33.685509],[134.475499,33.685717],[134.475437,33.686234],[134.475274,33.687084],[134.475412,33.687417],[134.475599,33.687642],[134.475712,33.688025],[134.475762,33.689325],[134.475737,33.689641],[134.475812,33.690133],[134.475974,33.6906],[134.475924,33.690741],[134.475537,33.691141],[134.475374,33.691366],[134.475274,33.691591],[134.474837,33.692124],[134.474699,33.692349],[134.474674,33.692533],[134.474699,33.692599],[134.474649,33.692841],[134.474762,33.693716],[134.474562,33.694257],[134.474437,33.694416],[134.474187,33.694549],[134.474,33.694566],[134.473487,33.694499],[134.472362,33.694024],[134.47195,33.693799],[134.471907,33.693799],[134.470573,33.692581],[134.470069,33.692119],[134.469781,33.69166],[134.469733,33.691341],[134.469793,33.691024],[134.469909,33.690618],[134.469917,33.690566],[134.46997,33.690233],[134.470062,33.68969],[134.469937,33.689166],[134.469541,33.688705],[134.469246,33.688609],[134.468731,33.68869],[134.468109,33.688747],[134.467515,33.68876],[134.466843,33.688611],[134.466069,33.688166],[134.460396,33.685157],[134.456573,33.683596],[134.45199,33.68206],[134.447671,33.680805],[134.443773,33.679938],[134.441943,33.679633],[134.440328,33.679445],[134.437279,33.67939],[134.436551,33.679408],[134.435234,33.67946],[134.434456,33.679466],[134.434199,33.679463],[134.433724,33.679307],[134.433301,33.679067],[134.432942,33.678786],[134.432223,33.678109],[134.431869,33.677605],[134.431498,33.676979],[134.431389,33.676744],[134.431312,33.67643],[134.43129,33.675754],[134.431278,33.675294],[134.431242,33.674151],[134.431253,33.67407],[134.431578,33.673854],[134.431883,33.673619],[134.432013,33.673482],[134.432085,33.673363],[134.432139,33.673208],[134.43224,33.672829],[134.432271,33.67262],[134.432299,33.67233],[134.432271,33.672064],[134.432025,33.671428],[134.431704,33.670844],[134.4315,33.670544],[134.431331,33.670377],[134.431164,33.670249],[134.431005,33.670162],[134.430667,33.670043],[134.427649,33.669309],[134.426218,33.669023],[134.426101,33.669032],[134.426009,33.669046],[134.425895,33.669061],[134.425776,33.669089],[134.4257,33.669115],[134.425621,33.669154],[134.42554,33.669214],[134.425497,33.669253],[134.425469,33.669283],[134.425403,33.669356],[134.425364,33.669405],[134.425192,33.669641],[134.425151,33.669683],[134.425046,33.669783],[134.42489,33.66989],[134.424761,33.669955],[134.424656,33.669992],[134.424569,33.67002],[134.424477,33.670042],[134.424407,33.67005],[134.424293,33.670044],[134.424131,33.670017],[134.42401,33.669991],[134.423882,33.669952],[134.42376,33.669889],[134.423629,33.669753],[134.423627,33.669524],[134.423646,33.669366],[134.4237,33.669155],[134.423798,33.66879],[134.423764,33.668706],[134.42374,33.668641],[134.42363,33.668537],[134.423371,33.668237],[134.423222,33.668018],[134.423153,33.667846],[134.42313,33.667667],[134.423111,33.667527],[134.423146,33.667311],[134.423331,33.667286],[134.423405,33.667294],[134.424347,33.666836],[134.424598,33.66672],[134.425053,33.666504],[134.425699,33.6662],[134.425884,33.666489],[134.426073,33.666754],[134.426225,33.666539],[134.426524,33.666166],[134.42659,33.666095],[134.426631,33.666004],[134.426655,33.66593],[134.426681,33.665763],[134.42694,33.665753],[134.427035,33.665737],[134.427033,33.665694],[134.427041,33.66566],[134.427063,33.665624],[134.427085,33.6656],[134.427112,33.665585],[134.427175,33.665549],[134.427232,33.665519],[134.42728,33.665494],[134.427362,33.665444],[134.427414,33.665404],[134.427452,33.665348],[134.427502,33.665272],[134.427579,33.665135],[134.427641,33.665076],[134.427704,33.665025],[134.427751,33.664988],[134.427847,33.664963],[134.427931,33.664971],[134.427998,33.665015],[134.428038,33.665073],[134.428059,33.66514],[134.428046,33.665228],[134.427991,33.665314],[134.42796,33.665387],[134.427961,33.665478],[134.427994,33.665534],[134.428053,33.665568],[134.42811,33.66558],[134.428234,33.665568],[134.428399,33.665564],[134.428543,33.665581],[134.428628,33.665616],[134.42869,33.66565],[134.428741,33.665687],[134.428789,33.665735],[134.428818,33.665769],[134.428906,33.665884],[134.42896,33.665939],[134.428997,33.665975],[134.429054,33.666012],[134.429177,33.666069],[134.429229,33.666092],[134.429277,33.666109],[134.42935,33.66613],[134.429423,33.666146],[134.429489,33.666157],[134.431331,33.664172],[134.431442,33.664057],[134.431305,33.663791]]]},"properties":{"S_NAME":"大字灘","HCODE":8101}},{"type":"Feature","geometry":{"type":"Polygon","coordinates":[[[134.485661,33.645403],[134.485636,33.645434],[134.485602,33.645455],[134.485579,33.645461],[134.485553,33.645465],[134.485525,33.645466],[134.485492,33.645463],[134.485456,33.645456],[134.485415,33.645444],[134.485319,33.645416],[134.485263,33.645404],[134.485201,33.6454],[134.485132,33.645401],[134.485061,33.645407],[134.484989,33.645417],[134.484852,33.645429],[134.484793,33.645427],[134.48474,33.64542],[134.484693,33.645409],[134.484652,33.645394],[134.484617,33.645378],[134.484584,33.645359],[134.484556,33.64534],[134.484532,33.645317],[134.484511,33.645292],[134.484495,33.645262],[134.48448,33.645227],[134.484469,33.645189],[134.484462,33.645148],[134.484459,33.645107],[134.484464,33.645024],[134.48448,33.64495],[134.484492,33.644919],[134.484514,33.644877],[134.484534,33.644854],[134.484551,33.64483],[134.484561,33.644814],[134.484571,33.644773],[134.484571,33.64475],[134.484565,33.64473],[134.484553,33.644712],[134.484537,33.644698],[134.484518,33.644688],[134.484499,33.644685],[134.484482,33.644688],[134.484465,33.644697],[134.484453,33.64471],[134.48443,33.644738],[134.484419,33.644747],[134.484405,33.644748],[134.484391,33.644743],[134.484375,33.644733],[134.484348,33.644705],[134.484326,33.644672],[134.484312,33.644628],[134.484309,33.644599],[134.484308,33.644524],[134.484318,33.644441],[134.484336,33.644366],[134.48436,33.644296],[134.484385,33.644222],[134.484387,33.644216],[134.4844,33.644165],[134.484426,33.644052],[134.484447,33.643933],[134.484453,33.643876],[134.484459,33.643773],[134.484457,33.643683],[134.484452,33.643644],[134.484439,33.643578],[134.484424,33.643535],[134.484412,33.64351],[134.48441,33.643495],[134.48441,33.643434],[134.48442,33.643311],[134.484435,33.643155],[134.48445,33.643007],[134.48446,33.642892],[134.484458,33.642849],[134.484454,33.642818],[134.484442,33.642797],[134.484426,33.642786],[134.484407,33.642782],[134.484365,33.642786],[134.484322,33.642792],[134.48427,33.642799],[134.484198,33.642808],[134.484106,33.642819],[134.484003,33.642822],[134.483951,33.642817],[134.483856,33.6428],[134.48378,33.642776],[134.48377,33.642771],[134.483749,33.642761],[134.483725,33.642746],[134.483706,33.642728],[134.483689,33.642707],[134.483665,33.642648],[134.483647,33.642576],[134.483631,33.642505],[134.483614,33.64245],[134.483604,33.64243],[134.483592,33.642413],[134.483579,33.642399],[134.483562,33.642388],[134.483543,33.642381],[134.483524,33.642377],[134.483503,33.642378],[134.483483,33.642385],[134.483463,33.642396],[134.483422,33.642431],[134.483376,33.64247],[134.483348,33.642487],[134.483286,33.642514],[134.483251,33.642524],[134.483212,33.64253],[134.48317,33.642533],[134.483079,33.642532],[134.482983,33.642521],[134.482886,33.642502],[134.482798,33.642475],[134.482761,33.642459],[134.482727,33.64244],[134.482673,33.642402],[134.482626,33.64237],[134.482601,33.642358],[134.482576,33.642351],[134.482552,33.642349],[134.482531,33.642354],[134.482512,33.642366],[134.482495,33.642385],[134.48248,33.642409],[134.482449,33.642464],[134.48243,33.642489],[134.482405,33.642508],[134.482378,33.642522],[134.482347,33.642533],[134.482315,33.642541],[134.482255,33.642552],[134.482204,33.642557],[134.482185,33.642553],[134.482171,33.642544],[134.482161,33.642527],[134.482156,33.642481],[134.482163,33.642427],[134.482172,33.642376],[134.482185,33.642333],[134.482201,33.642298],[134.482218,33.642264],[134.48223,33.642224],[134.48223,33.642171],[134.482222,33.642114],[134.482208,33.642061],[134.482196,33.642015],[134.482194,33.641991],[134.482195,33.641964],[134.482202,33.641933],[134.482212,33.6419],[134.482244,33.641838],[134.482264,33.641815],[134.482284,33.641798],[134.482306,33.641786],[134.48235,33.641775],[134.48239,33.641767],[134.482427,33.641757],[134.482454,33.641739],[134.482462,33.641727],[134.482467,33.641712],[134.482471,33.641673],[134.482467,33.641619],[134.48246,33.641555],[134.482456,33.641494],[134.48246,33.641442],[134.482475,33.641392],[134.482487,33.641367],[134.482521,33.641306],[134.482572,33.641234],[134.482644,33.641153],[134.482726,33.64107],[134.482795,33.641003],[134.48283,33.640963],[134.482842,33.640941],[134.482845,33.640925],[134.482841,33.640907],[134.482832,33.640896],[134.482818,33.640886],[134.48277,33.640863],[134.482712,33.640843],[134.482661,33.640826],[134.482619,33.640809],[134.482569,33.640776],[134.482497,33.64072],[134.482407,33.640652],[134.482306,33.640587],[134.482206,33.640532],[134.482128,33.640488],[134.482101,33.640467],[134.482083,33.640448],[134.482073,33.640427],[134.482069,33.640402],[134.482072,33.640333],[134.482079,33.640291],[134.482102,33.640203],[134.482135,33.640128],[134.482154,33.640098],[134.482176,33.640073],[134.482202,33.64005],[134.482262,33.64001],[134.482296,33.639993],[134.482333,33.63998],[134.482372,33.639972],[134.482414,33.63997],[134.482456,33.639974],[134.482539,33.639991],[134.482578,33.639996],[134.482612,33.639994],[134.482639,33.639983],[134.482663,33.639965],[134.482707,33.639924],[134.482731,33.639909],[134.482759,33.6399],[134.482792,33.639897],[134.482826,33.6399],[134.482903,33.639913],[134.48298,33.639923],[134.48305,33.639923],[134.483081,33.639917],[134.483107,33.639904],[134.483128,33.639888],[134.483147,33.639867],[134.483202,33.63978],[134.483223,33.639751],[134.483251,33.639723],[134.483277,33.639704],[134.483302,33.639681],[134.483324,33.639659],[134.483336,33.639634],[134.483353,33.639578],[134.483365,33.639542],[134.483386,33.639497],[134.483418,33.639442],[134.483458,33.639382],[134.483505,33.639322],[134.483553,33.639268],[134.483601,33.639227],[134.483644,33.639198],[134.483684,33.639183],[134.483729,33.639171],[134.483762,33.639163],[134.483805,33.63915],[134.48385,33.639127],[134.483897,33.639098],[134.483943,33.639065],[134.484022,33.638998],[134.484069,33.638941],[134.484091,33.638894],[134.484097,33.638869],[134.484102,33.638815],[134.4841,33.638753],[134.484087,33.638682],[134.484073,33.638606],[134.484068,33.638569],[134.484068,33.638536],[134.484071,33.638505],[134.484081,33.638478],[134.484106,33.638434],[134.484126,33.638405],[134.484143,33.638386],[134.484154,33.638379],[134.484187,33.63837],[134.484235,33.638366],[134.48426,33.638367],[134.484284,33.638374],[134.484327,33.638393],[134.484372,33.638417],[134.4844,33.638426],[134.484433,33.63843],[134.484506,33.638429],[134.484544,33.638423],[134.48458,33.638414],[134.484642,33.638389],[134.484671,33.638372],[134.484732,33.638327],[134.484804,33.638262],[134.484842,33.638222],[134.484883,33.638175],[134.484923,33.638121],[134.484962,33.63806],[134.485039,33.637921],[134.485112,33.637776],[134.485177,33.637641],[134.48523,33.637523],[134.48525,33.637475],[134.485275,33.637398],[134.485296,33.637339],[134.485332,33.637286],[134.485356,33.637261],[134.485412,33.637219],[134.485438,33.637205],[134.485462,33.637197],[134.485506,33.637188],[134.485529,33.637183],[134.485553,33.637172],[134.48558,33.637152],[134.48561,33.637127],[134.485668,33.637065],[134.485693,33.637032],[134.485714,33.636998],[134.485746,33.636934],[134.485769,33.63687],[134.485787,33.636805],[134.485806,33.636745],[134.485829,33.636695],[134.485845,33.636674],[134.485864,33.636656],[134.485889,33.636639],[134.485958,33.636603],[134.486002,33.636586],[134.48605,33.636572],[134.486099,33.636561],[134.48615,33.636556],[134.486197,33.636555],[134.486243,33.636561],[134.486284,33.636571],[134.486322,33.636583],[134.486382,33.636611],[134.486406,33.636626],[134.486427,33.636643],[134.48646,33.636682],[134.486486,33.636729],[134.486497,33.636755],[134.486512,33.63681],[134.486516,33.636866],[134.486514,33.636922],[134.486513,33.636975],[134.486517,33.637022],[134.486528,33.637067],[134.486544,33.63711],[134.486566,33.637146],[134.486595,33.637177],[134.486609,33.637187],[134.486623,33.63719],[134.486635,33.637186],[134.486644,33.637174],[134.486652,33.637119],[134.486654,33.637046],[134.486658,33.636984],[134.486667,33.636943],[134.48668,33.636916],[134.486685,33.636906],[134.486701,33.636895],[134.486714,33.636894],[134.486753,33.636897],[134.486779,33.636903],[134.486828,33.636922],[134.486847,33.636936],[134.486858,33.63695],[134.486868,33.636983],[134.486873,33.637011],[134.486877,33.637022],[134.486894,33.637038],[134.486912,33.637053],[134.48693,33.637067],[134.486943,33.637069],[134.486962,33.637065],[134.48699,33.637053],[134.487069,33.636999],[134.487157,33.636932],[134.487193,33.636901],[134.487235,33.63686],[134.487257,33.636841],[134.487286,33.636833],[134.487327,33.636828],[134.487372,33.636814],[134.487391,33.636801],[134.487408,33.636783],[134.487436,33.636739],[134.487447,33.636716],[134.487462,33.63667],[134.487475,33.636628],[134.487494,33.63659],[134.48752,33.636558],[134.487548,33.636534],[134.487573,33.636515],[134.487604,33.636504],[134.487647,33.636497],[134.487698,33.63649],[134.48774,33.636478],[134.487752,33.636468],[134.487758,33.636455],[134.487759,33.636442],[134.487752,33.636427],[134.487739,33.636414],[134.48772,33.6364],[134.487668,33.636369],[134.48761,33.636329],[134.487557,33.636274],[134.487506,33.636221],[134.48748,33.636201],[134.487451,33.636188],[134.487393,33.636177],[134.487339,33.63617],[134.487314,33.636162],[134.487276,33.63614],[134.487249,33.636118],[134.487233,33.6361],[134.48723,33.636091],[134.487235,33.636064],[134.487252,33.636017],[134.487279,33.635961],[134.487315,33.635909],[134.487334,33.635885],[134.487376,33.635844],[134.487419,33.635808],[134.487461,33.635774],[134.487501,33.63574],[134.487536,33.6357],[134.487565,33.635655],[134.487576,33.635632],[134.487588,33.635579],[134.487591,33.635527],[134.487588,33.635503],[134.487572,33.635459],[134.487548,33.635423],[134.48752,33.635391],[134.487492,33.635362],[134.48747,33.635332],[134.487455,33.6353],[134.487447,33.635287],[134.487435,33.635275],[134.487418,33.635268],[134.487393,33.635264],[134.487363,33.635266],[134.487303,33.63528],[134.487257,33.635302],[134.487232,33.635327],[134.487214,33.635355],[134.487187,33.635381],[134.48717,33.635393],[134.487149,33.635403],[134.487124,33.63541],[134.487061,33.635414],[134.486991,33.635407],[134.486958,33.6354],[134.4869,33.63538],[134.486851,33.635353],[134.486807,33.63532],[134.486767,33.635284],[134.486725,33.635252],[134.486677,33.635226],[134.486624,33.635207],[134.486564,33.635192],[134.486548,33.635189],[134.4865,33.635181],[134.486465,33.635179],[134.486392,33.635181],[134.486318,33.635191],[134.48625,33.635202],[134.486192,33.635208],[134.486143,33.635207],[134.4861,33.635197],[134.486088,33.635193],[134.486059,33.635182],[134.486019,33.635172],[134.485997,33.635169],[134.485977,33.635171],[134.485959,33.635178],[134.485941,33.635189],[134.485937,33.635194],[134.485929,33.635205],[134.485918,33.635226],[134.485905,33.63528],[134.485892,33.635334],[134.48587,33.635377],[134.485843,33.635413],[134.485814,33.635449],[134.485785,33.635493],[134.485754,33.63555],[134.485717,33.635621],[134.485687,33.635693],[134.485673,33.635743],[134.485665,33.635772],[134.485652,33.635784],[134.485628,33.635798],[134.485541,33.635833],[134.485432,33.635876],[134.485338,33.63592],[134.48527,33.63596],[134.485212,33.635994],[134.485148,33.636018],[134.485085,33.636037],[134.485031,33.636051],[134.484985,33.636064],[134.484931,33.636086],[134.48486,33.636118],[134.484787,33.636158],[134.48473,33.636203],[134.484687,33.636246],[134.48464,33.636288],[134.484572,33.636325],[134.484491,33.636355],[134.484413,33.636376],[134.484375,33.636383],[134.484303,33.636387],[134.484266,33.636385],[134.484227,33.636379],[134.484146,33.636358],[134.484065,33.63633],[134.483986,33.636296],[134.48392,33.636265],[134.483873,33.636245],[134.483857,33.63624],[134.483842,33.63624],[134.483828,33.636246],[134.483788,33.636274],[134.483738,33.63632],[134.483697,33.636359],[134.48369,33.636365],[134.48365,33.636398],[134.483603,33.636421],[134.483569,33.636431],[134.483475,33.636449],[134.483362,33.636468],[134.483251,33.636488],[134.483157,33.636505],[134.483087,33.636517],[134.483042,33.636515],[134.483011,33.636503],[134.482975,33.636481],[134.48293,33.636452],[134.482891,33.63642],[134.482862,33.636386],[134.482835,33.636354],[134.482821,33.636339],[134.482803,33.636326],[134.482781,33.636315],[134.482755,33.636306],[134.482725,33.636299],[134.482647,33.636294],[134.482545,33.636301],[134.482484,33.63631],[134.482343,33.636336],[134.482181,33.636376],[134.482099,33.6364],[134.481939,33.636456],[134.481791,33.636519],[134.481655,33.636585],[134.481527,33.636647],[134.481407,33.636702],[134.481349,33.636726],[134.48129,33.636746],[134.481233,33.636761],[134.481177,33.636772],[134.481123,33.636777],[134.481071,33.636777],[134.481022,33.63677],[134.480974,33.63676],[134.480882,33.636729],[134.480787,33.636699],[134.480692,33.636672],[134.480611,33.636646],[134.480577,33.636631],[134.480549,33.636615],[134.480524,33.636594],[134.480499,33.636567],[134.480444,33.636489],[134.480385,33.636384],[134.480357,33.636327],[134.480334,33.636269],[134.480315,33.636212],[134.480301,33.636159],[134.480292,33.63611],[134.480287,33.636065],[134.480288,33.63599],[134.480298,33.635935],[134.480315,33.635894],[134.480335,33.635862],[134.480361,33.635841],[134.480377,33.635837],[134.480395,33.635837],[134.480412,33.635841],[134.48043,33.63585],[134.480447,33.635862],[134.480461,33.63588],[134.48048,33.635924],[134.480493,33.635964],[134.480501,33.635978],[134.48051,33.635986],[134.480519,33.635986],[134.48053,33.635983],[134.48055,33.635965],[134.480564,33.635939],[134.48057,33.635899],[134.480569,33.635871],[134.480556,33.635798],[134.480543,33.635718],[134.480542,33.635684],[134.480544,33.635655],[134.480552,33.635632],[134.480562,33.635615],[134.480577,33.6356],[134.480613,33.635581],[134.480656,33.635567],[134.480706,33.635552],[134.480762,33.635531],[134.480819,33.635507],[134.480871,33.63548],[134.480913,33.635454],[134.480944,33.635424],[134.480955,33.635406],[134.480967,33.635363],[134.480972,33.635309],[134.480969,33.635241],[134.480969,33.635234],[134.480965,33.635172],[134.480964,33.635117],[134.480967,33.63508],[134.480979,33.635052],[134.480986,33.635038],[134.480998,33.635025],[134.481012,33.635015],[134.481029,33.635009],[134.481051,33.635008],[134.481077,33.635011],[134.481137,33.635028],[134.481167,33.635037],[134.481197,33.635042],[134.481223,33.635041],[134.481247,33.635037],[134.481267,33.635028],[134.481299,33.635006],[134.48131,33.634993],[134.481327,33.634958],[134.481348,33.634894],[134.481377,33.634789],[134.481404,33.63467],[134.481412,33.634617],[134.481413,33.63457],[134.481404,33.634487],[134.481395,33.634385],[134.481394,33.634238],[134.481401,33.634087],[134.481408,33.633979],[134.481412,33.633924],[134.481419,33.63389],[134.481432,33.633851],[134.481453,33.633809],[134.481481,33.633768],[134.481515,33.633734],[134.481553,33.63371],[134.481587,33.633691],[134.481615,33.633675],[134.481626,33.633664],[134.481636,33.633632],[134.481637,33.633593],[134.48163,33.633546],[134.481621,33.633495],[134.481613,33.63344],[134.481611,33.633381],[134.481619,33.633324],[134.481637,33.63327],[134.48167,33.633218],[134.481713,33.633162],[134.481763,33.633096],[134.481818,33.633031],[134.481877,33.632976],[134.481905,33.632956],[134.481935,33.632942],[134.481966,33.632935],[134.481998,33.632935],[134.482029,33.632942],[134.482062,33.632956],[134.482092,33.632973],[134.482118,33.632994],[134.48214,33.633015],[134.482166,33.633053],[134.482184,33.633084],[134.482195,33.633097],[134.482209,33.633107],[134.482226,33.633114],[134.482264,33.633121],[134.482282,33.633121],[134.482296,33.633117],[134.482309,33.63311],[134.48232,33.633098],[134.482328,33.63308],[134.482342,33.633023],[134.482357,33.632942],[134.482369,33.632898],[134.482387,33.632855],[134.482409,33.632811],[134.482437,33.632772],[134.482468,33.632736],[134.482498,33.632706],[134.482551,33.632665],[134.482573,33.632654],[134.482596,33.632647],[134.48262,33.632645],[134.482678,33.632644],[134.482712,33.632647],[134.482748,33.632653],[134.482782,33.632663],[134.482814,33.63268],[134.482841,33.632702],[134.482865,33.632729],[134.482905,33.632784],[134.482923,33.632805],[134.482941,33.632819],[134.482958,33.632826],[134.482975,33.632828],[134.483,33.632825],[134.483022,33.632816],[134.483042,33.632803],[134.483064,33.632784],[134.483088,33.632757],[134.483121,33.632728],[134.483167,33.632703],[134.483223,33.632686],[134.483268,33.63267],[134.483296,33.632659],[134.483324,33.632652],[134.483348,33.63265],[134.48338,33.632651],[134.483436,33.632662],[134.483462,33.63267],[134.483482,33.63268],[134.483499,33.632693],[134.483512,33.632707],[134.483527,33.632745],[134.48353,33.632766],[134.483532,33.632812],[134.483541,33.632852],[134.48355,33.632864],[134.483563,33.632873],[134.483579,33.632879],[134.483598,33.632882],[134.483639,33.632883],[134.483657,33.632881],[134.483679,33.632879],[134.483709,33.632872],[134.483717,33.632867],[134.483722,33.63286],[134.483724,33.63285],[134.483721,33.632818],[134.483715,33.632763],[134.483714,33.632698],[134.483727,33.632641],[134.483739,33.632618],[134.483754,33.632599],[134.483773,33.632583],[134.483795,33.63257],[134.483817,33.63256],[134.483843,33.632553],[134.483896,33.632547],[134.483923,33.632549],[134.483971,33.632555],[134.48401,33.63256],[134.484025,33.632559],[134.484035,33.632551],[134.484049,33.632525],[134.484063,33.632483],[134.484087,33.632429],[134.484105,33.632403],[134.484127,33.63238],[134.484151,33.632364],[134.484178,33.632353],[134.484208,33.632349],[134.484238,33.63235],[134.484267,33.632355],[134.484313,33.632371],[134.48433,33.63238],[134.484364,33.632403],[134.484405,33.632429],[134.484458,33.632456],[134.484513,33.632479],[134.48456,33.632493],[134.484611,33.632499],[134.484673,33.632498],[134.484746,33.632497],[134.484778,33.6325],[134.484807,33.632509],[134.484829,33.632522],[134.484848,33.632539],[134.484892,33.632577],[134.484925,33.632594],[134.484967,33.632605],[134.485017,33.632614],[134.485129,33.632627],[134.485227,33.632644],[134.4853,33.632666],[134.485361,33.632687],[134.485388,33.632694],[134.485443,33.632704],[134.485502,33.632707],[134.485566,33.632705],[134.485629,33.632704],[134.48568,33.63271],[134.485701,33.632719],[134.485717,33.632732],[134.485728,33.632748],[134.485735,33.63277],[134.485735,33.632796],[134.485724,33.632859],[134.485711,33.63292],[134.485703,33.632969],[134.485705,33.633013],[134.485721,33.633065],[134.48575,33.633127],[134.48579,33.633188],[134.485838,33.633241],[134.485893,33.63329],[134.485946,33.633342],[134.485997,33.633395],[134.48605,33.633444],[134.486101,33.633481],[134.486124,33.633492],[134.486141,33.633497],[134.486154,33.633496],[134.486158,33.633487],[134.48616,33.633447],[134.486165,33.633415],[134.486177,33.633378],[134.486198,33.633334],[134.486229,33.633287],[134.486297,33.633198],[134.486329,33.633162],[134.486375,33.633119],[134.486394,33.633108],[134.486411,33.633101],[134.486431,33.633097],[134.486475,33.633092],[134.486523,33.633092],[134.486568,33.633103],[134.486587,33.633112],[134.486621,33.63314],[134.486651,33.633181],[134.486679,33.633231],[134.486702,33.633277],[134.486716,33.633305],[134.486726,33.633311],[134.486741,33.633311],[134.486754,33.633299],[134.486792,33.633233],[134.486835,33.633146],[134.486869,33.633067],[134.486888,33.633006],[134.486891,33.632954],[134.486888,33.632927],[134.486875,33.632873],[134.486864,33.632825],[134.48686,33.632787],[134.486864,33.632769],[134.486874,33.63275],[134.486889,33.632729],[134.486933,33.632675],[134.486989,33.632621],[134.487039,33.63258],[134.48706,33.632568],[134.487082,33.632559],[134.487105,33.632555],[134.48713,33.632554],[134.487189,33.63256],[134.487247,33.632575],[134.487272,33.632586],[134.487307,33.632607],[134.487334,33.632629],[134.487369,33.632647],[134.487415,33.632659],[134.48744,33.63266],[134.487466,33.632659],[134.487489,33.632654],[134.487532,33.632638],[134.48755,33.632627],[134.487581,33.632604],[134.487603,33.632577],[134.487618,33.63254],[134.487629,33.632487],[134.487643,33.632428],[134.487668,33.632375],[134.487686,33.632353],[134.487708,33.632334],[134.487731,33.632318],[134.487784,33.63229],[134.487844,33.632269],[134.487876,33.632263],[134.487943,33.632257],[134.487977,33.632257],[134.488012,33.632262],[134.488045,33.632269],[134.488077,33.632279],[134.488105,33.632292],[134.488154,33.632324],[134.488193,33.632353],[134.488222,33.63237],[134.488237,33.632374],[134.488271,33.632374],[134.488291,33.632369],[134.488341,33.632352],[134.488399,33.63233],[134.488459,33.632302],[134.488521,33.632266],[134.488552,33.632243],[134.48858,33.632215],[134.488635,33.63215],[134.488658,33.632116],[134.488678,33.63208],[134.488694,33.632044],[134.488717,33.631977],[134.488723,33.631947],[134.488728,33.631894],[134.488725,33.631874],[134.48872,33.631857],[134.488712,33.631843],[134.4887,33.631834],[134.488684,33.631828],[134.488641,33.631821],[134.488584,33.631813],[134.488515,33.631794],[134.488447,33.631766],[134.488392,33.631733],[134.488352,33.631698],[134.488326,33.631665],[134.488307,33.631633],[134.488303,33.631617],[134.488304,33.631603],[134.488312,33.63159],[134.488327,33.631577],[134.488349,33.631568],[134.488376,33.631561],[134.488407,33.631556],[134.48844,33.631557],[134.488509,33.631568],[134.488582,33.631588],[134.488659,33.631606],[134.488734,33.631617],[134.488801,33.631619],[134.488851,33.631611],[134.488894,33.631595],[134.488938,33.631573],[134.488988,33.631544],[134.48903,33.631509],[134.48906,33.631468],[134.489088,33.631428],[134.489106,33.631412],[134.489126,33.631398],[134.489151,33.631387],[134.489176,33.63138],[134.4892,33.631378],[134.489222,33.631379],[134.489238,33.631384],[134.489252,33.631392],[134.489269,33.631422],[134.489273,33.631443],[134.489277,33.631492],[134.489282,33.631546],[134.489295,33.631593],[134.489306,33.631612],[134.48932,33.631627],[134.489335,33.631639],[134.489353,33.631646],[134.489372,33.631648],[134.489392,33.631647],[134.489427,33.631634],[134.489442,33.631624],[134.489459,33.631597],[134.489472,33.63156],[134.489491,33.63151],[134.489505,33.631481],[134.489537,33.631423],[134.489571,33.631375],[134.489588,33.631356],[134.489623,33.63133],[134.489665,33.631314],[134.489713,33.631308],[134.489737,33.631307],[134.48978,33.631313],[134.489799,33.63132],[134.489834,33.631339],[134.489865,33.631368],[134.489897,33.631405],[134.489928,33.631448],[134.489956,33.631492],[134.489988,33.631534],[134.490026,33.631573],[134.490067,33.631602],[134.490089,33.631612],[134.490109,33.631618],[134.490127,33.631618],[134.490143,33.631613],[134.490154,33.631605],[134.49016,33.631592],[134.490161,33.631575],[134.490154,33.631555],[134.490142,33.631531],[134.49011,33.631482],[134.49008,33.631434],[134.490061,33.63139],[134.490056,33.631371],[134.490057,33.631331],[134.490064,33.631312],[134.490076,33.631297],[134.490094,33.631283],[134.490119,33.631275],[134.490149,33.63127],[134.490183,33.63127],[134.490254,33.631278],[134.490309,33.631289],[134.490348,33.631295],[134.490367,33.631292],[134.490388,33.631283],[134.490443,33.631246],[134.490508,33.631202],[134.490541,33.631186],[134.490572,33.631174],[134.490603,33.631169],[134.490636,33.631169],[134.49067,33.631175],[134.490749,33.631196],[134.490839,33.631224],[134.490927,33.631247],[134.490964,33.631253],[134.490999,33.631255],[134.491031,33.631251],[134.491062,33.631241],[134.491093,33.631224],[134.491124,33.631201],[134.491156,33.631172],[134.491217,33.631111],[134.491271,33.63106],[134.491297,33.631042],[134.491326,33.631025],[134.491358,33.63101],[134.491444,33.630981],[134.491551,33.630948],[134.491654,33.63092],[134.491718,33.630898],[134.492037,33.630778],[134.492175,33.630723],[134.492303,33.630679],[134.492419,33.630648],[134.492486,33.630634],[134.492536,33.630622],[134.492662,33.630595],[134.492787,33.630568],[134.492893,33.630546],[134.492979,33.630532],[134.493061,33.630522],[134.493148,33.630514],[134.493236,33.630504],[134.493315,33.630492],[134.493376,33.630476],[134.493419,33.630455],[134.493432,33.630444],[134.493451,33.630418],[134.49347,33.630389],[134.493501,33.630361],[134.493521,33.630349],[134.493545,33.63034],[134.493572,33.630335],[134.4936,33.630336],[134.493629,33.63034],[134.493686,33.630357],[134.493737,33.630375],[134.493789,33.63039],[134.493824,33.630395],[134.493868,33.630397],[134.493985,33.630399],[134.494117,33.630396],[134.494226,33.630394],[134.494303,33.630392],[134.494335,33.630388],[134.4944,33.630374],[134.494464,33.63035],[134.494494,33.630334],[134.494543,33.6303],[134.494563,33.630281],[134.494595,33.630241],[134.494623,33.6302],[134.494652,33.630159],[134.494686,33.630122],[134.494725,33.630093],[134.494747,33.630082],[134.494788,33.630068],[134.494822,33.630068],[134.494857,33.630075],[134.494899,33.63008],[134.494921,33.63008],[134.494963,33.630074],[134.494981,33.630066],[134.494992,33.630057],[134.495002,33.630044],[134.495025,33.630007],[134.495068,33.629948],[134.49513,33.629876],[134.495195,33.629807],[134.495245,33.629757],[134.495267,33.629743],[134.495288,33.629734],[134.49531,33.629731],[134.495332,33.629736],[134.495355,33.629746],[134.495377,33.62976],[134.495413,33.629794],[134.495423,33.629812],[134.495434,33.629843],[134.49544,33.629869],[134.495448,33.629888],[134.495466,33.629899],[134.495479,33.629901],[134.495512,33.629901],[134.49555,33.629895],[134.495584,33.629884],[134.495613,33.629874],[134.495628,33.629873],[134.495646,33.629878],[134.495664,33.629888],[134.495684,33.629904],[134.495721,33.629938],[134.495747,33.629965],[134.495757,33.62997],[134.495763,33.629969],[134.495775,33.629961],[134.495803,33.629912],[134.495849,33.629833],[134.495878,33.629793],[134.495914,33.629758],[134.495952,33.629734],[134.495993,33.629715],[134.496034,33.629704],[134.496071,33.629697],[134.496131,33.629689],[134.496169,33.629688],[134.496187,33.629692],[134.496208,33.629702],[134.496233,33.629718],[134.496289,33.629752],[134.496315,33.629763],[134.496334,33.629763],[134.496352,33.629756],[134.496364,33.629737],[134.496371,33.629713],[134.496387,33.629668],[134.496396,33.629654],[134.49641,33.629646],[134.496427,33.629643],[134.49645,33.629643],[134.496508,33.62965],[134.496584,33.62966],[134.496669,33.629677],[134.496754,33.629701],[134.496831,33.629732],[134.496863,33.629751],[134.496912,33.629794],[134.49693,33.629818],[134.496954,33.629867],[134.496965,33.629919],[134.496968,33.629976],[134.496967,33.63004],[134.496959,33.630113],[134.496945,33.63019],[134.49692,33.630271],[134.496901,33.630314],[134.496875,33.630358],[134.496845,33.630405],[134.496805,33.630456],[134.496762,33.630507],[134.496678,33.6306],[134.496676,33.630602],[134.496616,33.630676],[134.4966,33.630702],[134.496592,33.630726],[134.49659,33.630748],[134.496597,33.630798],[134.496613,33.630855],[134.496633,33.630911],[134.496654,33.630956],[134.496668,33.630975],[134.496685,33.630991],[134.49671,33.631007],[134.496778,33.631034],[134.496818,33.631044],[134.496904,33.63106],[134.496987,33.631065],[134.497069,33.631072],[134.497109,33.63108],[134.497148,33.631091],[134.497186,33.631106],[134.49722,33.631124],[134.497252,33.631143],[134.497277,33.631164],[134.497296,33.631186],[134.497308,33.631204],[134.497315,33.631226],[134.497329,33.631271],[134.497343,33.631318],[134.497367,33.631361],[134.497382,33.631378],[134.497399,33.631389],[134.49744,33.631404],[134.497485,33.63142],[134.497506,33.631432],[134.497551,33.631459],[134.497601,33.631483],[134.497628,33.63149],[134.497688,33.631499],[134.497755,33.631514],[134.497789,33.631527],[134.497857,33.631566],[134.497891,33.631591],[134.497924,33.63162],[134.497954,33.631652],[134.498015,33.631726],[134.49808,33.631812],[134.498151,33.631909],[134.498237,33.632023],[134.498344,33.632161],[134.498469,33.632314],[134.498535,33.63239],[134.498663,33.632528],[134.498724,33.632587],[134.498783,33.632639],[134.49884,33.632687],[134.498899,33.632728],[134.498955,33.632765],[134.499013,33.632797],[134.49912,33.632852],[134.499215,33.632899],[134.499293,33.632943],[134.499324,33.632968],[134.499351,33.632993],[134.499373,33.633021],[134.499394,33.633054],[134.499445,33.633129],[134.499482,33.633175],[134.499529,33.633224],[134.499584,33.633276],[134.499644,33.633328],[134.499706,33.633377],[134.499766,33.633419],[134.499802,33.633442],[134.499831,33.633456],[134.499898,33.633479],[134.500006,33.633504],[134.500096,33.633522],[134.500166,33.633534],[134.500222,33.633544],[134.50027,33.633556],[134.50032,33.633574],[134.500368,33.633601],[134.500391,33.633619],[134.500411,33.633639],[134.500426,33.633663],[134.500445,33.633713],[134.50045,33.633757],[134.500442,33.633786],[134.50043,33.633808],[134.500423,33.633837],[134.500423,33.633855],[134.500426,33.633901],[134.500427,33.633958],[134.500429,33.634018],[134.500434,33.634045],[134.500442,33.634068],[134.500453,33.634085],[134.500467,33.634099],[134.500502,33.634119],[134.500534,33.634146],[134.500565,33.634181],[134.500597,33.634218],[134.500632,33.634249],[134.500669,33.634268],[134.500688,33.63427],[134.500704,33.634266],[134.500719,33.63426],[134.500748,33.634243],[134.500779,33.634234],[134.500814,33.634233],[134.500853,33.634226],[134.500894,33.634201],[134.500914,33.634183],[134.500956,33.634139],[134.500993,33.63409],[134.501033,33.634042],[134.501081,33.634],[134.501109,33.633982],[134.501138,33.633966],[134.501168,33.633954],[134.501224,33.633936],[134.501251,33.633931],[134.501301,33.633929],[134.501347,33.633937],[134.501386,33.633954],[134.501402,33.633968],[134.501415,33.633986],[134.501424,33.634005],[134.50143,33.634029],[134.501432,33.634054],[134.501429,33.634104],[134.501418,33.634147],[134.501408,33.634183],[134.501404,33.634215],[134.501407,33.634228],[134.501415,33.63424],[134.501427,33.634248],[134.501444,33.634253],[134.501467,33.634254],[134.501521,33.634256],[134.501548,33.634261],[134.501573,33.634274],[134.501592,33.634293],[134.501608,33.634321],[134.50163,33.634389],[134.501646,33.634457],[134.501656,33.634518],[134.501657,33.634546],[134.501654,33.634573],[134.501645,33.634598],[134.50162,33.634643],[134.50159,33.634681],[134.501574,33.634696],[134.501543,33.634719],[134.501524,33.634724],[134.501501,33.634725],[134.501444,33.634715],[134.501385,33.634699],[134.501339,33.634691],[134.501324,33.634693],[134.501312,33.634698],[134.501295,33.634716],[134.501282,33.634741],[134.501279,33.634756],[134.501279,33.634773],[134.501283,33.634791],[134.501304,33.634829],[134.501334,33.634868],[134.501361,33.634907],[134.501379,33.634946],[134.501389,33.634995],[134.501391,33.635024],[134.501392,33.63507],[134.501389,33.635107],[134.50138,33.635165],[134.501361,33.635249],[134.501342,33.635326],[134.501316,33.63542],[134.501292,33.63551],[134.501272,33.635578],[134.501259,33.635634],[134.501254,33.635689],[134.501255,33.635721],[134.501261,33.635754],[134.501274,33.635791],[134.501295,33.635832],[134.501325,33.635876],[134.501362,33.635924],[134.501454,33.63603],[134.501554,33.636147],[134.501656,33.636269],[134.501764,33.636386],[134.501876,33.636489],[134.501934,33.636534],[134.501992,33.636574],[134.502049,33.63661],[134.502104,33.636639],[134.502214,33.636686],[134.50232,33.636725],[134.502422,33.636765],[134.502524,33.636808],[134.502632,33.636854],[134.502749,33.636907],[134.502811,33.63694],[134.502875,33.636979],[134.50294,33.637023],[134.503006,33.637073],[134.503137,33.637186],[134.503198,33.637245],[134.503254,33.637303],[134.503352,33.637419],[134.503433,33.637532],[134.503496,33.637636],[134.503556,33.637728],[134.503589,33.637767],[134.503625,33.637801],[134.503665,33.637831],[134.503707,33.637857],[134.503751,33.637881],[134.50384,33.637928],[134.503928,33.637971],[134.504015,33.638011],[134.5041,33.638044],[134.504177,33.638077],[134.504209,33.638095],[134.504235,33.638113],[134.504257,33.638132],[134.504273,33.638152],[134.504282,33.638171],[134.504287,33.638191],[134.50428,33.638228],[134.504266,33.638276],[134.504264,33.638309],[134.504268,33.638394],[134.504271,33.638489],[134.504266,33.638534],[134.504253,33.638573],[134.504235,33.63861],[134.504193,33.638674],[134.504178,33.638707],[134.504166,33.638742],[134.504162,33.638778],[134.504163,33.638816],[134.504169,33.638853],[134.504193,33.638925],[134.504212,33.63896],[134.504257,33.639042],[134.504313,33.63915],[134.504385,33.639282],[134.504429,33.639353],[134.504481,33.639423],[134.50454,33.639491],[134.504599,33.639551],[134.504664,33.639614],[134.504811,33.639757],[134.50503,33.639968],[134.505108,33.640041],[134.505177,33.640107],[134.505242,33.640176],[134.505311,33.640262],[134.505385,33.640377],[134.505457,33.640511],[134.505513,33.640632],[134.505541,33.640715],[134.50555,33.640768],[134.505552,33.640808],[134.505555,33.640843],[134.50557,33.640874],[134.505597,33.640903],[134.505636,33.64093],[134.505682,33.640955],[134.505728,33.64098],[134.505766,33.641004],[134.505786,33.641025],[134.505788,33.641036],[134.505785,33.641046],[134.505776,33.641058],[134.505759,33.64107],[134.505709,33.641096],[134.505646,33.641118],[134.505576,33.641133],[134.50551,33.641144],[134.505454,33.641156],[134.50541,33.64117],[134.505391,33.641181],[134.505356,33.641213],[134.505317,33.641256],[134.505263,33.641301],[134.505228,33.641321],[134.505187,33.641341],[134.505098,33.641376],[134.505006,33.641405],[134.504921,33.641428],[134.504854,33.641438],[134.504829,33.641437],[134.50481,33.641431],[134.504793,33.641422],[134.504776,33.641406],[134.504736,33.641362],[134.504682,33.641301],[134.50462,33.641234],[134.504553,33.641167],[134.504484,33.641105],[134.504414,33.641046],[134.504348,33.640991],[134.504289,33.640941],[134.504239,33.640897],[134.504184,33.64085],[134.504104,33.640791],[134.504,33.640726],[134.503945,33.640699],[134.503896,33.640679],[134.503849,33.640666],[134.503809,33.640662],[134.503745,33.640657],[134.503722,33.640651],[134.503701,33.640638],[134.503684,33.640619],[134.503668,33.640597],[134.50363,33.640552],[134.503604,33.640532],[134.503576,33.640516],[134.503513,33.640492],[134.503456,33.640478],[134.503399,33.640473],[134.503367,33.640474],[134.503331,33.640479],[134.503236,33.640497],[134.503128,33.640522],[134.503022,33.640549],[134.502911,33.640569],[134.502845,33.640575],[134.502769,33.640576],[134.502678,33.640571],[134.502477,33.64055],[134.50229,33.640522],[134.502151,33.640494],[134.502051,33.640467],[134.501961,33.640444],[134.50187,33.640418],[134.501826,33.640403],[134.501784,33.640384],[134.501703,33.640336],[134.501631,33.640286],[134.501569,33.640249],[134.50154,33.640236],[134.501494,33.640222],[134.501475,33.64022],[134.501441,33.640219],[134.501424,33.640224],[134.501404,33.640234],[134.501379,33.64025],[134.501309,33.640299],[134.501226,33.640354],[134.501184,33.640377],[134.501142,33.640393],[134.501103,33.640404],[134.501063,33.64041],[134.50098,33.640413],[134.500884,33.640407],[134.50083,33.6404],[134.50077,33.640386],[134.500707,33.640366],[134.500636,33.640336],[134.500562,33.6403],[134.500422,33.640221],[134.500312,33.640148],[134.500229,33.640085],[134.500142,33.640018],[134.500028,33.639937],[134.499905,33.639857],[134.499902,33.639856],[134.499789,33.639792],[134.49974,33.639769],[134.499653,33.63973],[134.499568,33.639691],[134.499481,33.639644],[134.499393,33.639594],[134.499385,33.639589],[134.499333,33.639558],[134.499239,33.639492],[134.499155,33.639416],[134.499084,33.639336],[134.499027,33.63926],[134.499004,33.639226],[134.49897,33.639165],[134.498942,33.639102],[134.498914,33.63903],[134.498901,33.63899],[134.498892,33.638949],[134.498887,33.638907],[134.498886,33.638864],[134.498888,33.638822],[134.4989,33.638738],[134.498913,33.638658],[134.498925,33.638583],[134.498932,33.638548],[134.498957,33.63848],[134.498994,33.638419],[134.499016,33.638391],[134.499063,33.638347],[134.499087,33.638329],[134.499112,33.638316],[134.499139,33.638305],[134.499197,33.63829],[134.499263,33.638283],[134.499334,33.638282],[134.499407,33.638283],[134.499445,33.638281],[134.49948,33.638277],[134.499516,33.638268],[134.499548,33.638255],[134.499578,33.638236],[134.499629,33.638194],[134.499651,33.638173],[134.499682,33.638131],[134.499702,33.638087],[134.49971,33.638064],[134.499716,33.638008],[134.499716,33.637942],[134.499714,33.637867],[134.499712,33.637792],[134.499706,33.637728],[134.499699,33.637705],[134.49969,33.637688],[134.49968,33.637676],[134.499667,33.637668],[134.499634,33.637665],[134.499596,33.637672],[134.499562,33.637685],[134.499532,33.637705],[134.49951,33.637724],[134.499492,33.637734],[134.499483,33.637735],[134.499471,33.637732],[134.499457,33.637724],[134.49942,33.637692],[134.499381,33.637656],[134.499364,33.637643],[134.499348,33.637637],[134.499335,33.637635],[134.499322,33.637641],[134.499311,33.63765],[134.49929,33.637671],[134.499269,33.637697],[134.49925,33.637729],[134.499234,33.637766],[134.499215,33.637802],[134.499185,33.637833],[134.499147,33.63786],[134.499125,33.637873],[134.499075,33.637894],[134.499022,33.637909],[134.498996,33.637912],[134.498971,33.637911],[134.498921,33.637903],[134.498876,33.637894],[134.498832,33.637889],[134.498812,33.637888],[134.498794,33.63789],[134.49876,33.6379],[134.498734,33.637916],[134.498716,33.637933],[134.498706,33.637948],[134.498691,33.637959],[134.498679,33.637965],[134.498638,33.637973],[134.498589,33.637981],[134.498545,33.637988],[134.498516,33.637994],[134.498498,33.638001],[134.498466,33.638024],[134.49844,33.638055],[134.498416,33.6381],[134.498394,33.638149],[134.498374,33.638196],[134.498364,33.638215],[134.498352,33.638227],[134.498338,33.638235],[134.498322,33.638241],[134.498281,33.638247],[134.498223,33.638251],[134.49816,33.63825],[134.498129,33.638248],[134.498074,33.638232],[134.49805,33.63822],[134.498028,33.638204],[134.497988,33.638164],[134.497951,33.638122],[134.497934,33.638106],[134.497916,33.638097],[134.497896,33.638097],[134.497879,33.638101],[134.497842,33.638121],[134.497825,33.63813],[134.497791,33.638137],[134.497758,33.638134],[134.497725,33.638129],[134.497693,33.638132],[134.497678,33.638143],[134.497667,33.638157],[134.497657,33.638181],[134.497644,33.63824],[134.497638,33.638296],[134.497632,33.638328],[134.497627,33.638338],[134.497609,33.638353],[134.497573,33.638371],[134.497522,33.638394],[134.497466,33.638417],[134.497402,33.638436],[134.497322,33.638451],[134.497296,33.638453],[134.497222,33.638457],[134.497123,33.638459],[134.497044,33.638459],[134.496988,33.638456],[134.496935,33.638448],[134.496869,33.63843],[134.4968,33.638408],[134.496741,33.638389],[134.496696,33.638374],[134.496663,33.638367],[134.496647,33.638366],[134.496618,33.638374],[134.496587,33.638394],[134.49655,33.638426],[134.496517,33.638467],[134.496494,33.638512],[134.496477,33.638559],[134.496453,33.63861],[134.496434,33.638636],[134.496385,33.638688],[134.496333,33.638731],[134.496285,33.638761],[134.496241,33.63878],[134.496199,33.638797],[134.496154,33.638814],[134.4961,33.638828],[134.496032,33.638835],[134.495963,33.638842],[134.495907,33.638856],[134.495887,33.638866],[134.495855,33.638891],[134.495831,33.638922],[134.495809,33.638956],[134.495791,33.638995],[134.495775,33.639037],[134.495754,33.63908],[134.495739,33.639103],[134.495698,33.639145],[134.495657,33.639182],[134.49563,33.639214],[134.49562,33.639242],[134.495613,33.639275],[134.495596,33.639318],[134.495574,33.639366],[134.495547,33.639411],[134.495516,33.639449],[134.495479,33.639479],[134.495432,33.639499],[134.495381,33.639509],[134.495335,33.639512],[134.495297,33.639511],[134.495267,33.639506],[134.495242,33.639502],[134.495221,33.639507],[134.495206,33.639523],[134.495194,33.639554],[134.495193,33.639589],[134.495197,33.639611],[134.495202,33.639628],[134.495207,33.63965],[134.495219,33.639707],[134.495225,33.639764],[134.495225,33.639821],[134.495222,33.639885],[134.495215,33.639917],[134.495192,33.639979],[134.495159,33.640035],[134.495139,33.640059],[134.495098,33.640103],[134.495058,33.640144],[134.495018,33.640184],[134.494995,33.640202],[134.494966,33.640218],[134.494931,33.640231],[134.494885,33.64024],[134.494835,33.640245],[134.494737,33.64025],[134.494674,33.640258],[134.494662,33.640268],[134.494655,33.640278],[134.494656,33.640295],[134.494668,33.64035],[134.494682,33.640423],[134.49469,33.64049],[134.494686,33.640534],[134.494679,33.640551],[134.494668,33.640568],[134.494631,33.64061],[134.494573,33.640667],[134.4945,33.640728],[134.494411,33.640784],[134.494322,33.640829],[134.494249,33.640861],[134.494218,33.640871],[134.494188,33.640875],[134.494154,33.640876],[134.494117,33.640871],[134.49402,33.640845],[134.493923,33.640817],[134.493857,33.640804],[134.493842,33.640807],[134.493831,33.640813],[134.493824,33.640822],[134.493821,33.64083],[134.493818,33.64085],[134.493818,33.640878],[134.493825,33.640914],[134.493828,33.640968],[134.493823,33.641006],[134.49381,33.641055],[134.493758,33.641182],[134.493723,33.641252],[134.493648,33.641389],[134.493576,33.641497],[134.493542,33.641541],[134.493507,33.641581],[134.493471,33.641616],[134.493391,33.641678],[134.493349,33.641704],[134.493266,33.641747],[134.493225,33.64176],[134.493183,33.641771],[134.493139,33.641777],[134.49309,33.64178],[134.492974,33.641779],[134.492843,33.641773],[134.492728,33.641773],[134.492684,33.641777],[134.492649,33.641785],[134.492624,33.641797],[134.492603,33.641811],[134.492572,33.641846],[134.49256,33.641867],[134.492537,33.641912],[134.492511,33.641959],[134.492479,33.642005],[134.49246,33.642024],[134.492437,33.642044],[134.492409,33.642059],[134.492343,33.642083],[134.49227,33.642098],[134.492231,33.642102],[134.492153,33.642103],[134.49211,33.642098],[134.492064,33.642089],[134.491963,33.642058],[134.491863,33.642017],[134.491846,33.642008],[134.49182,33.641994],[134.491782,33.641971],[134.491715,33.641926],[134.491651,33.641878],[134.491579,33.641827],[134.491506,33.641785],[134.491471,33.641772],[134.491441,33.641764],[134.491415,33.641762],[134.491392,33.641765],[134.491373,33.641773],[134.491356,33.641784],[134.491343,33.641795],[134.491332,33.64181],[134.491308,33.641842],[134.491273,33.641876],[134.491229,33.641914],[134.491191,33.641957],[134.491179,33.641981],[134.491164,33.642028],[134.491153,33.642065],[134.491146,33.642076],[134.491135,33.642082],[134.491123,33.642086],[134.491108,33.642086],[134.49107,33.642084],[134.491027,33.642079],[134.490986,33.642066],[134.490954,33.642042],[134.490942,33.642028],[134.490922,33.642002],[134.490909,33.641986],[134.490894,33.64198],[134.490878,33.641979],[134.490864,33.641983],[134.490827,33.642],[134.490777,33.64202],[134.490755,33.642025],[134.490737,33.642021],[134.49072,33.642012],[134.490704,33.641997],[134.490686,33.641976],[134.490639,33.64192],[134.490584,33.641849],[134.490557,33.64181],[134.490534,33.641769],[134.490518,33.641725],[134.490497,33.64164],[134.49048,33.641565],[134.490459,33.641507],[134.49043,33.641464],[134.490415,33.641448],[134.490381,33.641418],[134.490355,33.641403],[134.490273,33.641363],[134.490143,33.641305],[134.490005,33.641246],[134.489913,33.641213],[134.489894,33.641212],[134.489878,33.641215],[134.489867,33.641227],[134.48985,33.641257],[134.489821,33.641306],[134.489798,33.641367],[134.489794,33.641399],[134.489794,33.641432],[134.489798,33.641464],[134.489812,33.641528],[134.489834,33.641586],[134.489856,33.64165],[134.489877,33.641732],[134.489895,33.641832],[134.489907,33.641935],[134.489912,33.642026],[134.48991,33.642068],[134.489905,33.642109],[134.489896,33.64215],[134.489868,33.642229],[134.489829,33.642306],[134.48979,33.642378],[134.489756,33.642444],[134.489734,33.642505],[134.489727,33.642561],[134.489719,33.642612],[134.48971,33.642634],[134.489695,33.642653],[134.489675,33.642671],[134.48965,33.642684],[134.489623,33.642694],[134.489595,33.642699],[134.489568,33.6427],[134.489541,33.642696],[134.489491,33.642689],[134.489467,33.64269],[134.489446,33.642693],[134.489434,33.6427],[134.489416,33.642711],[134.489409,33.64272],[134.489407,33.642732],[134.48941,33.642745],[134.489428,33.642765],[134.489455,33.642797],[134.48948,33.642845],[134.489499,33.642904],[134.489514,33.642967],[134.48952,33.643022],[134.489513,33.643041],[134.489502,33.643047],[134.489485,33.643049],[134.489467,33.643047],[134.489446,33.643041],[134.489406,33.643023],[134.489364,33.643003],[134.489337,33.642995],[134.489312,33.642995],[134.489297,33.643002],[134.489286,33.643012],[134.489268,33.643037],[134.489247,33.64307],[134.489228,33.643111],[134.489218,33.643155],[134.489204,33.643203],[134.489191,33.643228],[134.489171,33.643253],[134.489147,33.643276],[134.489118,33.643299],[134.489086,33.64332],[134.489051,33.643338],[134.489015,33.64335],[134.488942,33.64337],[134.488871,33.643381],[134.488804,33.643388],[134.488733,33.643388],[134.488692,33.643383],[134.488603,33.643362],[134.488518,33.643338],[134.488482,33.643331],[134.488461,33.643332],[134.488453,33.643338],[134.488452,33.643345],[134.48846,33.643363],[134.488493,33.643404],[134.488538,33.64345],[134.488564,33.643469],[134.48862,33.643498],[134.488672,33.64352],[134.488712,33.643548],[134.488742,33.643582],[134.488771,33.643618],[134.488811,33.64365],[134.488854,33.643679],[134.488894,33.643704],[134.488926,33.643729],[134.488936,33.643742],[134.48894,33.643757],[134.48894,33.643772],[134.488935,33.643787],[134.488924,33.643802],[134.48891,33.643813],[134.488889,33.643821],[134.488867,33.643823],[134.488842,33.643822],[134.488793,33.643819],[134.488774,33.643822],[134.488762,33.64383],[134.488754,33.643842],[134.488748,33.643857],[134.488747,33.643875],[134.488753,33.643921],[134.488766,33.643973],[134.488789,33.644026],[134.488824,33.644075],[134.488862,33.644126],[134.488887,33.644166],[134.488899,33.644186],[134.488905,33.644198],[134.488914,33.644224],[134.488921,33.644248],[134.488923,33.644279],[134.488922,33.64431],[134.488911,33.644334],[134.488864,33.64439],[134.488832,33.644419],[134.488761,33.644473],[134.488689,33.64451],[134.488655,33.644523],[134.488597,33.644538],[134.48855,33.644544],[134.488515,33.644547],[134.488495,33.644552],[134.488483,33.64456],[134.488469,33.644575],[134.488462,33.644593],[134.488464,33.644619],[134.48847,33.644653],[134.488489,33.644733],[134.488504,33.644804],[134.488499,33.644828],[134.488489,33.644839],[134.48847,33.644846],[134.488451,33.64485],[134.488368,33.644844],[134.488252,33.644833],[134.488129,33.644824],[134.488012,33.644819],[134.487878,33.644822],[134.48769,33.644832],[134.487472,33.644849],[134.487376,33.644862],[134.487304,33.644878],[134.487275,33.644893],[134.487254,33.644908],[134.487236,33.644929],[134.487223,33.64495],[134.48721,33.644958],[134.487185,33.644963],[134.48714,33.644962],[134.487025,33.644949],[134.486914,33.644928],[134.486818,33.644905],[134.486726,33.644877],[134.486628,33.644844],[134.486536,33.644812],[134.486461,33.64479],[134.486429,33.644786],[134.486401,33.644786],[134.486373,33.644792],[134.486345,33.644806],[134.486312,33.644826],[134.486279,33.644853],[134.486214,33.644919],[134.486161,33.644993],[134.486123,33.645066],[134.486094,33.645132],[134.486065,33.645184],[134.486047,33.645203],[134.486024,33.645218],[134.485994,33.645228],[134.485955,33.645232],[134.485864,33.645231],[134.485783,33.64523],[134.485754,33.645233],[134.485733,33.645238],[134.485718,33.645249],[134.485707,33.645261],[134.485695,33.645297],[134.485683,33.645342],[134.485671,33.645385],[134.485661,33.645403]]]},"properties":{"S_NAME":"大字牟岐浦","HCODE":8101}},{"type":"Feature","geometry":{"type":"Polygon","coordinates":[[[134.417916,33.664744],[134.418016,33.664822],[134.418057,33.664856],[134.418083,33.664883],[134.418108,33.66492],[134.418133,33.664963],[134.418149,33.664989],[134.418157,33.665005],[134.41818,33.665042],[134.418205,33.665071],[134.418235,33.665101],[134.418275,33.665137],[134.418329,33.665182],[134.418392,33.665236],[134.418461,33.665291],[134.418532,33.665347],[134.4186,33.665397],[134.418668,33.665443],[134.418734,33.665487],[134.418797,33.665526],[134.418823,33.665541],[134.41886,33.665562],[134.418923,33.665597],[134.418988,33.665632],[134.419055,33.665665],[134.419122,33.665697],[134.41919,33.665725],[134.419255,33.665749],[134.419339,33.665775],[134.41936,33.665782],[134.419421,33.665802],[134.419521,33.665832],[134.419628,33.66586],[134.419683,33.66587],[134.419809,33.665893],[134.419957,33.66592],[134.420127,33.665946],[134.420299,33.66597],[134.420453,33.665989],[134.42053,33.665994],[134.420612,33.665995],[134.420796,33.665992],[134.420991,33.66599],[134.421183,33.665989],[134.421363,33.665985],[134.421447,33.665978],[134.421596,33.66596],[134.421658,33.665949],[134.421762,33.665924],[134.42185,33.665893],[134.421881,33.665875],[134.421898,33.665852],[134.421907,33.6658],[134.421959,33.665573],[134.422008,33.665343],[134.422055,33.665111],[134.42209,33.665092],[134.422126,33.665123],[134.421908,33.66606],[134.421885,33.66606],[134.421838,33.666273],[134.421873,33.666279],[134.42185,33.666386],[134.421858,33.666388],[134.421843,33.666453],[134.421863,33.666459],[134.421722,33.666976],[134.421567,33.667118],[134.421581,33.667156],[134.421562,33.667161],[134.421531,33.66708],[134.421462,33.667096],[134.420325,33.667041],[134.420321,33.667061],[134.420166,33.667052],[134.420166,33.667036],[134.420144,33.667033],[134.420106,33.667171],[134.420081,33.667259],[134.420065,33.66732],[134.419967,33.667733],[134.420065,33.667749],[134.420071,33.667726],[134.420292,33.667757],[134.420282,33.667813],[134.420309,33.667817],[134.420258,33.667854],[134.419944,33.667789],[134.419797,33.66776],[134.419121,33.667788],[134.418698,33.667807],[134.418652,33.667517],[134.418636,33.667515],[134.418353,33.667499],[134.418181,33.667484],[134.418072,33.667472],[134.417754,33.667419],[134.417339,33.667398],[134.417361,33.667082],[134.417359,33.666931],[134.41734,33.666891],[134.417296,33.666847],[134.417261,33.666831],[134.417222,33.666812],[134.417121,33.666773],[134.416979,33.666717],[134.416846,33.666675],[134.416798,33.666655],[134.416678,33.666603],[134.416615,33.666552],[134.41659,33.666512],[134.416468,33.666305],[134.416413,33.666188],[134.416345,33.666063],[134.416273,33.665891],[134.416261,33.665822],[134.416261,33.665766],[134.41629,33.665697],[134.416341,33.665628],[134.416352,33.665613],[134.416406,33.665548],[134.416466,33.665513],[134.416522,33.6655],[134.416574,33.665486],[134.416739,33.6655],[134.416963,33.66553],[134.417055,33.665534],[134.417125,33.665514],[134.41719,33.665472],[134.417242,33.66542],[134.41729,33.665372],[134.417311,33.665333],[134.417402,33.665216],[134.417587,33.665006],[134.417819,33.664751],[134.41785,33.664744],[134.417886,33.66474],[134.417903,33.664742],[134.417916,33.664744]]]},"properties":{"S_NAME":"大字牟岐浦","HCODE":8101}},{"type":"Feature","geometry":{"type":"Polygon","coordinates":[[[134.436472,33.638859],[134.436417,33.638873],[134.436401,33.638881],[134.436388,33.638892],[134.436376,33.638908],[134.436353,33.638951],[134.436338,33.638972],[134.436319,33.638989],[134.436297,33.639001],[134.436248,33.639021],[134.436221,33.639027],[134.436192,33.639031],[134.436155,33.639029],[134.436107,33.639022],[134.435975,33.638984],[134.43583,33.638938],[134.435711,33.638904],[134.435638,33.638881],[134.435605,33.638866],[134.435591,33.638865],[134.435526,33.638883],[134.435422,33.638912],[134.435375,33.63892],[134.435338,33.638918],[134.435312,33.638907],[134.435296,33.638892],[134.435285,33.638873],[134.435278,33.638853],[134.435277,33.638833],[134.435282,33.638815],[134.435296,33.638798],[134.435319,33.638782],[134.435349,33.638765],[134.43543,33.638727],[134.435528,33.63867],[134.435635,33.638596],[134.43574,33.638509],[134.435831,33.638423],[134.435892,33.63835],[134.435907,33.638319],[134.435914,33.638294],[134.435908,33.638272],[134.435885,33.63823],[134.43588,33.638203],[134.435885,33.638168],[134.4359,33.638129],[134.435922,33.63809],[134.43595,33.638057],[134.43598,33.638033],[134.436042,33.637996],[134.436071,33.637976],[134.436094,33.637949],[134.436114,33.637917],[134.436127,33.637882],[134.436133,33.637847],[134.436131,33.637811],[134.436119,33.637749],[134.436119,33.637723],[134.436125,33.637703],[134.436141,33.637689],[134.436163,33.637679],[134.436189,33.637674],[134.43622,33.637672],[134.436285,33.637667],[134.436317,33.637658],[134.436347,33.63764],[134.436379,33.637611],[134.436464,33.637528],[134.436586,33.63741],[134.436711,33.63729],[134.436796,33.637194],[134.436857,33.637116],[134.436882,33.637079],[134.436956,33.636967],[134.436985,33.636913],[134.437008,33.636864],[134.437021,33.636818],[134.437027,33.636777],[134.437038,33.636713],[134.437049,33.636689],[134.437066,33.636672],[134.437087,33.636658],[134.437146,33.636638],[134.437182,33.636632],[134.437216,33.636629],[134.437249,33.636631],[134.437279,33.636638],[134.437307,33.636649],[134.437372,33.636667],[134.437413,33.636669],[134.43746,33.636669],[134.437552,33.636666],[134.437622,33.636663],[134.43765,33.636657],[134.437673,33.636643],[134.437693,33.636619],[134.437734,33.636578],[134.437794,33.636523],[134.437833,33.636488],[134.437875,33.636459],[134.437921,33.636428],[134.437965,33.636416],[134.437994,33.636413],[134.438012,33.636419],[134.438021,33.636431],[134.438024,33.636448],[134.438019,33.636465],[134.43801,33.636485],[134.437966,33.636539],[134.437886,33.636615],[134.437815,33.636691],[134.437796,33.636719],[134.43779,33.636742],[134.437792,33.636766],[134.437817,33.636825],[134.437852,33.636911],[134.437869,33.636964],[134.437881,33.637022],[134.437888,33.637082],[134.43789,33.637143],[134.437884,33.637201],[134.437868,33.637252],[134.437844,33.637298],[134.437812,33.637336],[134.437771,33.637367],[134.43772,33.637389],[134.437669,33.637405],[134.437585,33.637428],[134.437562,33.637439],[134.437555,33.63745],[134.437557,33.637461],[134.437566,33.637471],[134.437577,33.637478],[134.437604,33.637499],[134.437618,33.637519],[134.437629,33.637546],[134.437637,33.637581],[134.437636,33.637621],[134.437626,33.637663],[134.437603,33.637706],[134.437572,33.637747],[134.43754,33.637784],[134.437493,33.637837],[134.437486,33.637855],[134.437491,33.637867],[134.437513,33.63788],[134.437549,33.637891],[134.437643,33.637915],[134.437721,33.637936],[134.437746,33.637945],[134.437762,33.637958],[134.437771,33.637974],[134.437773,33.637994],[134.437771,33.638016],[134.437759,33.63806],[134.437749,33.638074],[134.437734,33.638084],[134.437707,33.63809],[134.437663,33.638093],[134.437522,33.638091],[134.437381,33.638084],[134.437305,33.638079],[134.437281,33.638085],[134.437259,33.638101],[134.437228,33.638129],[134.437145,33.638215],[134.437037,33.638324],[134.436922,33.638435],[134.436828,33.638527],[134.436766,33.638595],[134.436745,33.638626],[134.436729,33.638655],[134.436708,33.638711],[134.436693,33.63875],[134.436681,33.638764],[134.436663,33.638778],[134.436637,33.638792],[134.436555,33.638827],[134.436472,33.638859]]]},"properties":{"S_NAME":"大字牟岐浦","HCODE":8101}},{"type":"Feature","geometry":{"type":"Polygon","coordinates":[[[134.440794,33.63411],[134.440765,33.63412],[134.440738,33.63414],[134.440716,33.63417],[134.440697,33.634212],[134.440663,33.634329],[134.440618,33.634478],[134.44059,33.634544],[134.440557,33.634593],[134.440517,33.634616],[134.44047,33.634625],[134.44041,33.634632],[134.440333,33.634648],[134.440239,33.634684],[134.440134,33.634736],[134.440028,33.634796],[134.439847,33.63491],[134.439662,33.635049],[134.43958,33.635105],[134.43936,33.635242],[134.439205,33.635344],[134.439167,33.635361],[134.439132,33.635366],[134.439097,33.63536],[134.439027,33.635325],[134.439,33.635308],[134.438979,33.635292],[134.438966,33.635268],[134.438965,33.635239],[134.438973,33.635217],[134.439038,33.635101],[134.439118,33.634974],[134.439167,33.634885],[134.439178,33.634856],[134.43918,33.634834],[134.439171,33.634818],[134.439155,33.634806],[134.439133,33.634797],[134.439083,33.634786],[134.439062,33.634777],[134.43905,33.634761],[134.43905,33.634733],[134.439067,33.63469],[134.439127,33.634587],[134.439169,33.634517],[134.43917,33.634508],[134.43917,33.6345],[134.439165,33.634493],[134.439161,33.63449],[134.439156,33.634489],[134.439083,33.634485],[134.438946,33.634482],[134.438887,33.634477],[134.438844,33.634467],[134.438816,33.634453],[134.438799,33.634436],[134.438784,33.634398],[134.438784,33.634374],[134.438795,33.634345],[134.438822,33.634306],[134.438865,33.634256],[134.438924,33.634201],[134.438991,33.634146],[134.439063,33.6341],[134.439133,33.634063],[134.439197,33.634035],[134.439256,33.634006],[134.439305,33.633969],[134.439342,33.63392],[134.439409,33.633809],[134.43945,33.633759],[134.439504,33.633719],[134.439568,33.633688],[134.439712,33.633633],[134.439857,33.63357],[134.43993,33.633541],[134.440006,33.633518],[134.440084,33.633504],[134.44016,33.633497],[134.440295,33.633495],[134.440386,33.633491],[134.440449,33.633488],[134.440476,33.633486],[134.440504,33.63348],[134.440534,33.633468],[134.44057,33.633445],[134.440658,33.633361],[134.440706,33.633315],[134.440754,33.633277],[134.440798,33.633249],[134.440839,33.633228],[134.440882,33.633203],[134.440926,33.633163],[134.440972,33.633102],[134.441068,33.632955],[134.441116,33.632893],[134.441162,33.632851],[134.441208,33.632826],[134.441255,33.63281],[134.441361,33.632788],[134.44147,33.632768],[134.441519,33.632767],[134.441558,33.632773],[134.441589,33.632786],[134.441616,33.632804],[134.441665,33.632845],[134.441687,33.632865],[134.441706,33.632889],[134.441719,33.632915],[134.441723,33.632943],[134.441718,33.632972],[134.441703,33.632999],[134.441676,33.633022],[134.441634,33.633039],[134.441585,33.633052],[134.44149,33.633073],[134.441453,33.633083],[134.441426,33.633096],[134.441407,33.633112],[134.441395,33.633132],[134.441386,33.633154],[134.441381,33.633178],[134.44138,33.6332],[134.441382,33.633218],[134.441387,33.63323],[134.441396,33.633238],[134.44144,33.63325],[134.441521,33.633267],[134.441564,33.633278],[134.441601,33.633292],[134.441624,33.633305],[134.441647,33.63333],[134.44166,33.633346],[134.441663,33.633357],[134.441656,33.633381],[134.441635,33.633426],[134.441534,33.633587],[134.441389,33.633797],[134.441236,33.63399],[134.441116,33.634128],[134.441079,33.634164],[134.441053,33.634182],[134.441032,33.634188],[134.441008,33.634187],[134.44094,33.634178],[134.440906,33.634171],[134.44088,33.634161],[134.440864,33.634148],[134.44085,33.634122],[134.44084,33.634113],[134.44082,33.634108],[134.440794,33.63411]]]},"properties":{"S_NAME":"大字牟岐浦","HCODE":8101}},{"type":"Feature","geometry":{"type":"Polygon","coordinates":[[[134.494672,33.648666],[134.494663,33.648669],[134.494651,33.64867],[134.494619,33.648667],[134.494576,33.648667],[134.494525,33.648669],[134.494477,33.64867],[134.494458,33.648668],[134.494428,33.648657],[134.494419,33.64865],[134.494416,33.648648],[134.494391,33.648623],[134.494367,33.648589],[134.49436,33.648569],[134.494356,33.648548],[134.494357,33.648526],[134.494363,33.648503],[134.494374,33.648482],[134.494389,33.648463],[134.494407,33.648448],[134.494427,33.648436],[134.49447,33.64842],[134.494505,33.648407],[134.494515,33.648397],[134.494519,33.648387],[134.494519,33.648375],[134.494505,33.648353],[134.494491,33.648344],[134.494456,33.648328],[134.494421,33.648314],[134.494395,33.648298],[134.494388,33.648288],[134.494383,33.648276],[134.494387,33.648243],[134.494401,33.648201],[134.494408,33.648161],[134.494397,33.648128],[134.494383,33.648098],[134.494382,33.648082],[134.494385,33.648063],[134.494394,33.648043],[134.494409,33.648022],[134.494427,33.648002],[134.494472,33.647969],[134.494525,33.647941],[134.494584,33.64791],[134.494614,33.64789],[134.494674,33.647848],[134.494726,33.64781],[134.494762,33.647784],[134.494777,33.647778],[134.494789,33.647776],[134.494801,33.647779],[134.494811,33.647787],[134.494832,33.647809],[134.494857,33.647828],[134.49487,33.647832],[134.494885,33.647832],[134.494899,33.647828],[134.494924,33.647818],[134.494938,33.647804],[134.494941,33.647794],[134.49494,33.647758],[134.494929,33.647695],[134.494923,33.647625],[134.494926,33.647594],[134.494934,33.647569],[134.494949,33.647549],[134.49497,33.647533],[134.494994,33.647518],[134.495024,33.647504],[134.495093,33.647475],[134.495171,33.647447],[134.49525,33.647427],[134.495287,33.647421],[134.495357,33.64742],[134.49539,33.647425],[134.495418,33.647433],[134.495443,33.647444],[134.495463,33.647458],[134.49548,33.647472],[134.49549,33.647487],[134.495493,33.647501],[134.49549,33.647513],[134.495483,33.647526],[134.495455,33.647551],[134.495435,33.647562],[134.495392,33.647587],[134.495352,33.647612],[134.495322,33.647634],[134.495301,33.647657],[134.495283,33.647687],[134.495273,33.647724],[134.495274,33.647743],[134.495282,33.647762],[134.495295,33.647779],[134.495314,33.647795],[134.495336,33.647808],[134.495358,33.647818],[134.495378,33.647824],[134.495393,33.647825],[134.495405,33.647822],[134.495426,33.64781],[134.495451,33.647798],[134.495485,33.647794],[134.495502,33.647796],[134.495517,33.647803],[134.495529,33.647815],[134.495539,33.647831],[134.495556,33.647873],[134.495568,33.647926],[134.495578,33.647983],[134.49558,33.648039],[134.495575,33.648064],[134.495561,33.648114],[134.495545,33.648166],[134.495533,33.648221],[134.49552,33.648273],[134.495511,33.648296],[134.495497,33.648314],[134.495481,33.648328],[134.495462,33.648339],[134.495412,33.648353],[134.495349,33.648358],[134.495278,33.648362],[134.495203,33.648368],[134.495167,33.648373],[134.495075,33.648404],[134.494997,33.648434],[134.494929,33.64847],[134.494817,33.648529],[134.494771,33.648559],[134.494747,33.648577],[134.494716,33.648607],[134.494686,33.648648],[134.494672,33.648666]]]},"properties":{"S_NAME":"大字牟岐浦","HCODE":8101}},{"type":"Feature","geometry":{"type":"Polygon","coordinates":[[[134.451908,33.640232],[134.451975,33.640306],[134.451992,33.640333],[134.452001,33.640361],[134.452003,33.640394],[134.451998,33.640436],[134.451988,33.640484],[134.451973,33.640532],[134.451955,33.640576],[134.451933,33.640608],[134.451908,33.640633],[134.451883,33.640651],[134.451856,33.640666],[134.451814,33.64068],[134.45178,33.640687],[134.451743,33.640685],[134.451692,33.640677],[134.451631,33.640661],[134.45157,33.640632],[134.451454,33.64057],[134.451407,33.640539],[134.451349,33.640499],[134.451306,33.640463],[134.451216,33.640387],[134.451148,33.640301],[134.451092,33.640209],[134.451038,33.640127],[134.450991,33.640063],[134.450917,33.639977],[134.450907,33.639966],[134.45087,33.639917],[134.450837,33.63986],[134.450809,33.639797],[134.450786,33.639735],[134.45077,33.639678],[134.450763,33.639631],[134.450763,33.639591],[134.450772,33.639529],[134.450779,33.639502],[134.45079,33.639478],[134.450807,33.639457],[134.450835,33.639442],[134.450876,33.639433],[134.450973,33.639426],[134.451045,33.639423],[134.451065,33.639426],[134.451085,33.639436],[134.451109,33.639462],[134.451181,33.639559],[134.451251,33.639654],[134.451275,33.639679],[134.451291,33.63969],[134.451304,33.639691],[134.451336,33.639685],[134.451382,33.639689],[134.451398,33.639695],[134.451404,33.639697],[134.451425,33.639711],[134.451441,33.639729],[134.451448,33.639755],[134.451442,33.639787],[134.45142,33.639827],[134.4514,33.639857],[134.45139,33.63987],[134.451327,33.639949],[134.451311,33.639974],[134.451309,33.639977],[134.451301,33.64],[134.451299,33.640019],[134.451307,33.640059],[134.451315,33.640082],[134.451326,33.640103],[134.451339,33.640122],[134.451356,33.640136],[134.451379,33.640143],[134.451403,33.640141],[134.451405,33.640141],[134.451439,33.64013],[134.451525,33.640078],[134.451571,33.640052],[134.451615,33.640034],[134.451654,33.640029],[134.45169,33.640038],[134.451727,33.64006],[134.451769,33.640094],[134.451815,33.640136],[134.451908,33.640232]]]},"properties":{"S_NAME":"大字牟岐浦","HCODE":8101}},{"type":"Feature","geometry":{"type":"Polygon","coordinates":[[[134.422218,33.638021],[134.42219,33.638026],[134.422168,33.638033],[134.422151,33.638043],[134.422136,33.638056],[134.422109,33.638085],[134.422079,33.638118],[134.422047,33.638151],[134.422008,33.638179],[134.421985,33.638191],[134.42196,33.638198],[134.421932,33.638201],[134.421901,33.638198],[134.421868,33.63819],[134.421835,33.638178],[134.421805,33.638159],[134.421778,33.638137],[134.421755,33.638108],[134.421737,33.638076],[134.421725,33.63804],[134.421718,33.638001],[134.421718,33.637961],[134.421727,33.637875],[134.42173,33.63783],[134.421728,33.637784],[134.421715,33.637735],[134.421688,33.637684],[134.421649,33.63763],[134.4216,33.637573],[134.421481,33.637447],[134.421351,33.637305],[134.421234,33.637169],[134.421189,33.637111],[134.421156,33.637062],[134.421133,33.637019],[134.421104,33.636943],[134.421073,33.636854],[134.421032,33.636726],[134.421009,33.636639],[134.42099,33.636534],[134.420971,33.636407],[134.420956,33.636267],[134.420932,33.635983],[134.42092,33.635752],[134.420919,33.635697],[134.420917,33.635585],[134.420921,33.635439],[134.420927,33.635284],[134.420933,33.635133],[134.420938,33.635017],[134.420939,33.634927],[134.420934,33.634827],[134.420918,33.634685],[134.420899,33.634499],[134.420883,33.634281],[134.420875,33.634059],[134.420877,33.633959],[134.420885,33.633877],[134.420897,33.633816],[134.420915,33.63377],[134.420938,33.633732],[134.420998,33.633651],[134.421032,33.633597],[134.421067,33.633532],[134.421099,33.633458],[134.421128,33.633379],[134.421148,33.633296],[134.421159,33.633212],[134.421167,33.633049],[134.421173,33.632975],[134.421183,33.632909],[134.421201,33.632853],[134.42125,33.632746],[134.421275,33.632682],[134.421295,33.632602],[134.421307,33.632505],[134.42132,33.632278],[134.421329,33.632168],[134.421346,33.632071],[134.421371,33.631994],[134.421404,33.631933],[134.421471,33.63184],[134.421498,33.631796],[134.421513,33.63175],[134.421522,33.6317],[134.421537,33.631593],[134.421553,33.631538],[134.421576,33.631485],[134.421606,33.631433],[134.421664,33.631338],[134.421685,33.631295],[134.421695,33.631259],[134.421693,33.631226],[134.421683,33.631195],[134.421676,33.631183],[134.421667,33.631165],[134.421645,33.631134],[134.421592,33.631069],[134.421569,33.631034],[134.421553,33.630997],[134.421547,33.630958],[134.421553,33.63092],[134.421571,33.630878],[134.421599,33.630834],[134.421636,33.630785],[134.421727,33.630674],[134.421832,33.630549],[134.421945,33.630424],[134.422051,33.630316],[134.422131,33.63023],[134.422154,33.630197],[134.422163,33.630173],[134.422161,33.630154],[134.422141,33.630121],[134.422134,33.630101],[134.42213,33.630078],[134.422132,33.630051],[134.42214,33.63002],[134.422153,33.629988],[134.422191,33.629925],[134.422217,33.629894],[134.422248,33.629864],[134.422283,33.629837],[134.422324,33.629809],[134.42237,33.629785],[134.422475,33.629739],[134.422592,33.629695],[134.422711,33.62965],[134.422826,33.629604],[134.422929,33.629556],[134.423017,33.629506],[134.423089,33.629449],[134.423157,33.629387],[134.423202,33.629355],[134.423267,33.629322],[134.423357,33.629287],[134.423475,33.629252],[134.423765,33.629188],[134.424048,33.629136],[134.424251,33.629108],[134.424324,33.629103],[134.424383,33.629106],[134.424433,33.629117],[134.424474,33.629138],[134.42451,33.629164],[134.424566,33.629221],[134.424608,33.629265],[134.424627,33.629279],[134.424648,33.629291],[134.424673,33.629299],[134.424742,33.629319],[134.424832,33.629336],[134.424877,33.62934],[134.424917,33.629339],[134.424949,33.629333],[134.424975,33.629321],[134.425015,33.629305],[134.425032,33.629306],[134.425048,33.629317],[134.425064,33.629333],[134.425094,33.629366],[134.425109,33.62937],[134.425122,33.629363],[134.425135,33.629346],[134.425166,33.629305],[134.425186,33.629289],[134.425209,33.629284],[134.425232,33.629287],[134.425255,33.629298],[134.425272,33.629315],[134.425282,33.629336],[134.425282,33.629362],[134.425274,33.629389],[134.425263,33.629416],[134.425245,33.629466],[134.425243,33.629486],[134.425248,33.629504],[134.425257,33.62952],[134.425285,33.629545],[134.425316,33.62957],[134.425331,33.629577],[134.425346,33.62958],[134.425362,33.629577],[134.425373,33.629568],[134.425384,33.629552],[134.425392,33.629528],[134.425397,33.6295],[134.425399,33.629464],[134.425392,33.629383],[134.42539,33.629304],[134.425397,33.629271],[134.425411,33.629249],[134.425432,33.629234],[134.425458,33.629225],[134.425512,33.629222],[134.425536,33.629225],[134.425557,33.629231],[134.425576,33.62924],[134.425609,33.62927],[134.425638,33.629316],[134.425677,33.629371],[134.425707,33.629398],[134.425743,33.629426],[134.425784,33.629452],[134.425866,33.629509],[134.4259,33.629541],[134.425923,33.629578],[134.425937,33.629619],[134.425942,33.629663],[134.425936,33.629713],[134.425922,33.629766],[134.425898,33.629824],[134.425868,33.629882],[134.42581,33.629986],[134.42579,33.630045],[134.425791,33.630061],[134.425799,33.630073],[134.42581,33.630086],[134.425847,33.630111],[134.425905,33.630154],[134.425994,33.630225],[134.426103,33.630318],[134.426198,33.630409],[134.42623,33.630446],[134.42625,33.63048],[134.426261,33.630513],[134.426263,33.630547],[134.426258,33.630585],[134.426232,33.630685],[134.426219,33.630751],[134.426208,33.63083],[134.426204,33.630923],[134.426207,33.631034],[134.426218,33.631149],[134.426219,33.63116],[134.426237,33.6313],[134.426261,33.631452],[134.426319,33.631789],[134.42638,33.632157],[134.426433,33.632548],[134.42647,33.632944],[134.426482,33.63313],[134.4265,33.633449],[134.426511,33.633673],[134.426519,33.633831],[134.426528,33.633972],[134.426542,33.634141],[134.426568,33.634382],[134.426609,33.634714],[134.426653,33.635073],[134.426688,33.635376],[134.426697,33.635499],[134.426696,33.635563],[134.426696,33.635618],[134.426693,33.635653],[134.426685,33.635741],[134.426661,33.635879],[134.426622,33.636038],[134.426572,33.636212],[134.426515,33.63639],[134.426401,33.636718],[134.426349,33.636849],[134.426302,33.636957],[134.426252,33.637049],[134.426199,33.637129],[134.426136,33.637203],[134.426062,33.637273],[134.42598,33.63734],[134.425898,33.637401],[134.425821,33.637454],[134.425755,33.637496],[134.425656,33.637548],[134.425549,33.637593],[134.425358,33.637673],[134.425086,33.63779],[134.424816,33.637905],[134.424703,33.637948],[134.424528,33.638007],[134.424457,33.638025],[134.424394,33.638037],[134.424332,33.638044],[134.424273,33.638046],[134.424214,33.638044],[134.424151,33.638036],[134.424086,33.638023],[134.424015,33.638004],[134.423943,33.637981],[134.4238,33.637933],[134.423684,33.637896],[134.423638,33.637885],[134.423561,33.637871],[134.423491,33.637863],[134.423422,33.637857],[134.423334,33.637856],[134.423355,33.638012],[134.423303,33.638017],[134.423255,33.637694],[134.423503,33.637638],[134.423425,33.637206],[134.42382,33.637025],[134.423915,33.637202],[134.424378,33.63726],[134.424394,33.637028],[134.42444,33.637028],[134.424442,33.637221],[134.424737,33.637212],[134.424765,33.637164],[134.425106,33.637162],[134.425699,33.636469],[134.425216,33.636249],[134.424996,33.63639],[134.424784,33.636476],[134.424609,33.636532],[134.424416,33.636572],[134.424341,33.63648],[134.424084,33.636629],[134.423947,33.636738],[134.4241,33.63682],[134.424068,33.636875],[134.423987,33.636843],[134.424003,33.636815],[134.424053,33.636835],[134.42406,33.636824],[134.42391,33.636746],[134.423625,33.636887],[134.42358,33.637019],[134.423359,33.636997],[134.42324,33.637176],[134.42322,33.637045],[134.423026,33.637069],[134.422833,33.637109],[134.422686,33.637173],[134.422585,33.637243],[134.422514,33.637529],[134.422914,33.637727],[134.422822,33.637852],[134.42262,33.637761],[134.422606,33.637759],[134.422598,33.637764],[134.42259,33.637775],[134.422573,33.637819],[134.422552,33.637888],[134.422526,33.637955],[134.42251,33.637978],[134.422491,33.637996],[134.422469,33.638008],[134.422442,33.638016],[134.422411,33.63802],[134.422374,33.63802],[134.422292,33.638019],[134.422218,33.638021]]]},"properties":{"S_NAME":"大字牟岐浦","HCODE":8101}},{"type":"Feature","geometry":{"type":"Polygon","coordinates":[[[134.423146,33.667311],[134.423149,33.667249],[134.422899,33.667237],[134.422913,33.666992],[134.422804,33.666966],[134.422784,33.666927],[134.422756,33.666901],[134.422741,33.666857],[134.42277,33.666799],[134.422559,33.66677],[134.422572,33.666712],[134.42258,33.666568],[134.42256,33.666566],[134.422607,33.665967],[134.42264,33.665968],[134.42265,33.665791],[134.422652,33.665722],[134.422652,33.66567],[134.422657,33.665629],[134.422667,33.665593],[134.422683,33.665563],[134.422703,33.665539],[134.422724,33.665521],[134.422747,33.66551],[134.422773,33.665503],[134.422801,33.665499],[134.422832,33.665492],[134.422863,33.665482],[134.422883,33.665474],[134.422888,33.665466],[134.422887,33.665453],[134.422889,33.665422],[134.422897,33.665369],[134.422906,33.665296],[134.42291,33.665206],[134.422915,33.665114],[134.422918,33.665039],[134.422921,33.664985],[134.422921,33.664943],[134.422915,33.664905],[134.422901,33.664865],[134.422878,33.664814],[134.422847,33.664748],[134.422806,33.664664],[134.422757,33.664559],[134.422705,33.66445],[134.42266,33.664351],[134.42262,33.664267],[134.422586,33.664192],[134.422605,33.664172],[134.422581,33.664124],[134.422629,33.664102],[134.422666,33.664185],[134.422699,33.664185],[134.422871,33.664544],[134.423313,33.664377],[134.42333,33.664406],[134.422996,33.664533],[134.42305,33.664633],[134.423105,33.664725],[134.423129,33.664779],[134.423144,33.664838],[134.423151,33.664895],[134.423151,33.664943],[134.423146,33.664976],[134.42313,33.665016],[134.423054,33.665037],[134.423038,33.665365],[134.423032,33.665429],[134.423025,33.665472],[134.423016,33.665501],[134.423001,33.665522],[134.422966,33.665557],[134.42298,33.665577],[134.422962,33.665593],[134.423238,33.665892],[134.423372,33.665818],[134.423469,33.665771],[134.423732,33.665653],[134.423885,33.665591],[134.424,33.66554],[134.424229,33.665445],[134.423873,33.664873],[134.424002,33.664817],[134.424376,33.665417],[134.425004,33.665164],[134.425217,33.665077],[134.424903,33.664691],[134.424974,33.66465],[134.425439,33.66522],[134.425762,33.665033],[134.426158,33.664805],[134.425862,33.664404],[134.425581,33.664184],[134.42542,33.664062],[134.425318,33.66402],[134.424846,33.664348],[134.424864,33.664459],[134.424845,33.664461],[134.424844,33.664453],[134.424842,33.664441],[134.424841,33.66443],[134.424837,33.664409],[134.42471,33.664415],[134.424628,33.663953],[134.424677,33.663947],[134.424682,33.663979],[134.424777,33.66397],[134.424775,33.663956],[134.424735,33.663957],[134.424706,33.663899],[134.424795,33.663797],[134.424925,33.663832],[134.424926,33.663844],[134.425014,33.663786],[134.42495,33.663759],[134.424968,33.663703],[134.424865,33.66367],[134.424628,33.663606],[134.424384,33.66354],[134.424118,33.66347],[134.423952,33.663427],[134.423948,33.663443],[134.423825,33.663411],[134.423517,33.663332],[134.423223,33.663256],[134.423216,33.663272],[134.423186,33.663264],[134.422855,33.663178],[134.422054,33.662977],[134.422049,33.662989],[134.421894,33.662949],[134.42193,33.66285],[134.422888,33.663091],[134.423218,33.663177],[134.423543,33.663261],[134.423851,33.663339],[134.424139,33.663414],[134.424405,33.663484],[134.42465,33.66355],[134.424887,33.663614],[134.425006,33.663427],[134.425047,33.663353],[134.42509,33.663267],[134.425132,33.663172],[134.42517,33.663079],[134.4252,33.662995],[134.425222,33.662922],[134.425233,33.662859],[134.425236,33.662803],[134.425235,33.662748],[134.425236,33.662712],[134.425236,33.662684],[134.425237,33.662617],[134.425239,33.662545],[134.425239,33.662473],[134.425237,33.662412],[134.425231,33.662363],[134.425221,33.66232],[134.425205,33.662274],[134.425179,33.662218],[134.425147,33.662157],[134.425109,33.662092],[134.425069,33.662028],[134.425036,33.661967],[134.425012,33.66191],[134.424994,33.661858],[134.424981,33.661809],[134.424975,33.66176],[134.424977,33.661706],[134.424989,33.661645],[134.425008,33.661577],[134.425032,33.661504],[134.425059,33.661432],[134.425084,33.661364],[134.425105,33.661303],[134.425119,33.661253],[134.425126,33.661211],[134.425126,33.661178],[134.425119,33.661149],[134.42511,33.661122],[134.425109,33.661107],[134.425118,33.661071],[134.425139,33.661026],[134.425163,33.660983],[134.425175,33.660943],[134.425181,33.660907],[134.425186,33.660869],[134.425193,33.660828],[134.425207,33.660786],[134.425226,33.660744],[134.42525,33.66071],[134.425273,33.66069],[134.425296,33.660682],[134.425333,33.660675],[134.425387,33.660658],[134.42545,33.660637],[134.425511,33.660615],[134.425563,33.660598],[134.425609,33.66059],[134.425651,33.66059],[134.425693,33.6606],[134.425739,33.660617],[134.425785,33.660641],[134.425829,33.660667],[134.425866,33.660693],[134.425907,33.660727],[134.425962,33.660775],[134.426029,33.660837],[134.4261,33.6609],[134.426164,33.660954],[134.426226,33.661],[134.426292,33.661041],[134.42636,33.661077],[134.426422,33.661104],[134.42647,33.66112],[134.426512,33.66113],[134.426555,33.661138],[134.426602,33.66115],[134.426643,33.661165],[134.426672,33.661181],[134.426683,33.661192],[134.426704,33.661217],[134.426722,33.661248],[134.426743,33.661281],[134.426767,33.661311],[134.426793,33.661334],[134.426822,33.661355],[134.426877,33.66138],[134.426901,33.661393],[134.426918,33.661408],[134.42692,33.661415],[134.426916,33.661428],[134.426904,33.661439],[134.426897,33.661441],[134.426881,33.661445],[134.426865,33.661448],[134.426878,33.661474],[134.426891,33.661491],[134.426913,33.661513],[134.426948,33.661542],[134.426995,33.661575],[134.42705,33.661609],[134.427107,33.661641],[134.427164,33.661675],[134.427221,33.661714],[134.427281,33.661756],[134.427348,33.661796],[134.427383,33.661811],[134.427425,33.661829],[134.427507,33.661854],[134.427586,33.661874],[134.427659,33.661889],[134.427723,33.661901],[134.42778,33.661912],[134.427829,33.661923],[134.427869,33.661934],[134.4279,33.661947],[134.427922,33.66196],[134.427937,33.661974],[134.427948,33.661994],[134.427959,33.662021],[134.427971,33.662055],[134.427984,33.662093],[134.428005,33.662114],[134.428026,33.662141],[134.428049,33.662183],[134.42807,33.662236],[134.428082,33.66229],[134.428083,33.662313],[134.428077,33.662356],[134.428064,33.662394],[134.428113,33.662535],[134.428139,33.662616],[134.428162,33.66269],[134.428164,33.662698],[134.428185,33.662765],[134.428205,33.662819],[134.42823,33.662863],[134.428247,33.662883],[134.428287,33.66292],[134.428335,33.662959],[134.428385,33.662998],[134.428425,33.663034],[134.428436,33.663048],[134.428448,33.663077],[134.428462,33.663115],[134.428489,33.663166],[134.428522,33.663217],[134.42855,33.663246],[134.42857,33.663254],[134.428589,33.663262],[134.42861,33.663285],[134.428635,33.663321],[134.428665,33.663365],[134.428704,33.663413],[134.428748,33.66346],[134.4288,33.663503],[134.428861,33.663543],[134.428935,33.663583],[134.429022,33.663623],[134.429118,33.663664],[134.429221,33.663704],[134.429328,33.663744],[134.429435,33.663781],[134.429541,33.663813],[134.429646,33.663842],[134.429747,33.663866],[134.429845,33.663888],[134.429938,33.663908],[134.430031,33.663927],[134.430136,33.663947],[134.430256,33.663965],[134.430377,33.663979],[134.430478,33.663988],[134.430556,33.66399],[134.430619,33.663985],[134.430681,33.663973],[134.430755,33.663954],[134.430855,33.663927],[134.430977,33.663893],[134.431103,33.663858],[134.431214,33.663822],[134.431305,33.663791],[134.431442,33.664057],[134.431331,33.664172],[134.429489,33.666157],[134.429423,33.666146],[134.42935,33.66613],[134.429277,33.666109],[134.429229,33.666092],[134.429177,33.666069],[134.429054,33.666012],[134.428997,33.665975],[134.42896,33.665939],[134.428906,33.665884],[134.428818,33.665769],[134.428789,33.665735],[134.428741,33.665687],[134.42869,33.66565],[134.428628,33.665616],[134.428543,33.665581],[134.428399,33.665564],[134.428234,33.665568],[134.42811,33.66558],[134.428053,33.665568],[134.427994,33.665534],[134.427961,33.665478],[134.42796,33.665387],[134.427991,33.665314],[134.428046,33.665228],[134.428059,33.66514],[134.428038,33.665073],[134.427998,33.665015],[134.427931,33.664971],[134.427847,33.664963],[134.427751,33.664988],[134.427704,33.665025],[134.427641,33.665076],[134.427579,33.665135],[134.427502,33.665272],[134.427452,33.665348],[134.427414,33.665404],[134.427362,33.665444],[134.42728,33.665494],[134.427232,33.665519],[134.427175,33.665549],[134.427112,33.665585],[134.427085,33.6656],[134.427063,33.665624],[134.427041,33.66566],[134.427033,33.665694],[134.427035,33.665737],[134.42694,33.665753],[134.426681,33.665763],[134.426655,33.66593],[134.426631,33.666004],[134.42659,33.666095],[134.426524,33.666166],[134.426225,33.666539],[134.426073,33.666754],[134.425884,33.666489],[134.425699,33.6662],[134.425053,33.666504],[134.424598,33.66672],[134.424347,33.666836],[134.423405,33.667294],[134.423331,33.667286],[134.423146,33.667311]]]},"properties":{"S_NAME":"大字牟岐浦","HCODE":8101}},{"type":"Feature","geometry":{"type":"Polygon","coordinates":[[[134.451298,33.641079],[134.451282,33.64112],[134.451273,33.6412],[134.451261,33.64123],[134.45123,33.641248],[134.451188,33.641255],[134.451139,33.641252],[134.451094,33.641242],[134.451055,33.641225],[134.451023,33.641204],[134.450998,33.641181],[134.450959,33.641134],[134.450927,33.641097],[134.450913,33.641082],[134.450896,33.641072],[134.450874,33.641065],[134.450843,33.641066],[134.450798,33.641072],[134.45066,33.641103],[134.450503,33.641139],[134.450431,33.641151],[134.450316,33.641162],[134.450271,33.641163],[134.450236,33.641161],[134.450203,33.641153],[134.450171,33.641135],[134.450131,33.641099],[134.450016,33.640969],[134.449876,33.640795],[134.449818,33.640716],[134.449663,33.640518],[134.449506,33.640331],[134.449344,33.640164],[134.449194,33.640023],[134.449159,33.63999],[134.449069,33.639908],[134.449016,33.639854],[134.448974,33.639799],[134.448938,33.639741],[134.44888,33.639625],[134.448856,33.639574],[134.44883,33.639534],[134.448802,33.639501],[134.448773,33.639472],[134.448739,33.639446],[134.448658,33.639397],[134.448571,33.639351],[134.448482,33.639312],[134.448434,33.639298],[134.448377,33.639288],[134.448311,33.639285],[134.448139,33.639288],[134.447908,33.639293],[134.447642,33.63929],[134.447518,33.639284],[134.447408,33.639275],[134.44724,33.639258],[134.447184,33.639255],[134.447144,33.639259],[134.447119,33.639269],[134.447104,33.639283],[134.447086,33.639313],[134.447069,33.639353],[134.44704,33.639429],[134.447019,33.639477],[134.446991,33.639523],[134.446956,33.639556],[134.446914,33.639575],[134.446868,33.63958],[134.44679,33.639579],[134.446765,33.639587],[134.446749,33.6396],[134.446727,33.639633],[134.446711,33.639649],[134.446691,33.639663],[134.446671,33.639672],[134.44665,33.639677],[134.446628,33.639677],[134.446589,33.639665],[134.446558,33.639649],[134.446547,33.639639],[134.446541,33.639625],[134.446546,33.639603],[134.44656,33.639573],[134.446617,33.639501],[134.446654,33.639462],[134.446658,33.639452],[134.446648,33.639447],[134.446588,33.639457],[134.446349,33.639509],[134.446218,33.639537],[134.446109,33.639563],[134.446041,33.639586],[134.446007,33.639607],[134.445996,33.639628],[134.445992,33.639676],[134.445984,33.639732],[134.445983,33.639779],[134.445987,33.63982],[134.445984,33.639843],[134.445964,33.639904],[134.445953,33.639935],[134.445947,33.639961],[134.445946,33.639982],[134.445951,33.639997],[134.445966,33.640011],[134.445971,33.640015],[134.446012,33.640044],[134.446038,33.640068],[134.446058,33.640097],[134.446065,33.640132],[134.446051,33.640172],[134.446021,33.640216],[134.445973,33.640257],[134.445913,33.640295],[134.44584,33.640323],[134.445761,33.640343],[134.445681,33.640355],[134.445605,33.640361],[134.445535,33.64036],[134.445472,33.640352],[134.445415,33.640338],[134.445361,33.64032],[134.445308,33.640295],[134.445257,33.640266],[134.445209,33.640235],[134.445127,33.64017],[134.445092,33.640134],[134.445058,33.640093],[134.445012,33.640022],[134.444986,33.639985],[134.444902,33.639847],[134.444855,33.639776],[134.444802,33.639709],[134.444701,33.639591],[134.444628,33.639501],[134.444606,33.639466],[134.44459,33.639435],[134.444574,33.639372],[134.444571,33.639339],[134.444573,33.639306],[134.44458,33.639275],[134.444591,33.639246],[134.444607,33.639221],[134.44463,33.639206],[134.444648,33.639197],[134.444778,33.639171],[134.444823,33.63916],[134.444854,33.639149],[134.444867,33.639138],[134.444867,33.639128],[134.444845,33.639109],[134.444819,33.639094],[134.444806,33.639092],[134.444792,33.639095],[134.444775,33.639105],[134.44474,33.639134],[134.444724,33.639143],[134.4447,33.639146],[134.444683,33.639141],[134.444668,33.63913],[134.444659,33.639109],[134.444633,33.639036],[134.444601,33.638931],[134.444597,33.638897],[134.444606,33.638878],[134.444624,33.638868],[134.444652,33.638866],[134.444687,33.638868],[134.44473,33.638874],[134.444775,33.638884],[134.444819,33.638897],[134.444896,33.638932],[134.44493,33.638948],[134.444961,33.63896],[134.444988,33.638965],[134.445006,33.638961],[134.445012,33.638949],[134.444999,33.638928],[134.444913,33.638864],[134.444818,33.6388],[134.444792,33.638781],[134.444781,33.638765],[134.444778,33.638753],[134.444777,33.638714],[134.444779,33.638691],[134.44479,33.638671],[134.444817,33.63866],[134.444861,33.638666],[134.444978,33.638697],[134.445035,33.638713],[134.445079,33.638722],[134.445115,33.638726],[134.445163,33.638723],[134.445181,33.638722],[134.445191,33.638716],[134.445196,33.638704],[134.445189,33.638679],[134.445143,33.638593],[134.445084,33.638487],[134.445061,33.63844],[134.445036,33.638365],[134.44503,33.638317],[134.445037,33.638304],[134.445053,33.6383],[134.445082,33.638304],[134.445164,33.63834],[134.445202,33.638364],[134.44524,33.638394],[134.44529,33.638429],[134.445324,33.638445],[134.445353,33.638442],[134.445396,33.638425],[134.445516,33.638368],[134.445583,33.638344],[134.445646,33.63833],[134.445708,33.638325],[134.445826,33.638331],[134.44594,33.638341],[134.446045,33.638351],[134.446135,33.638365],[134.446171,33.63837],[134.446199,33.638371],[134.446217,33.638369],[134.446228,33.638361],[134.446234,33.638348],[134.446238,33.638302],[134.446243,33.63824],[134.446249,33.63821],[134.446258,33.638184],[134.446271,33.638164],[134.446289,33.638151],[134.446313,33.638145],[134.44634,33.638149],[134.44637,33.638164],[134.4464,33.638187],[134.446429,33.638219],[134.446453,33.638261],[134.446491,33.638352],[134.44652,33.638418],[134.446547,33.638453],[134.446574,33.638478],[134.446593,33.638488],[134.446626,33.638495],[134.446675,33.638496],[134.446743,33.638489],[134.446823,33.638477],[134.446902,33.63846],[134.44697,33.63844],[134.447016,33.638422],[134.447046,33.638403],[134.447066,33.63838],[134.447105,33.638324],[134.447128,33.638291],[134.447156,33.63826],[134.447186,33.638235],[134.447217,33.638218],[134.447249,33.638209],[134.447281,33.638207],[134.447314,33.638212],[134.447376,33.638234],[134.447415,33.638239],[134.447468,33.638233],[134.447533,33.638211],[134.447607,33.638172],[134.447682,33.63812],[134.447748,33.638058],[134.447799,33.637989],[134.447842,33.637914],[134.447881,33.637836],[134.447925,33.637757],[134.447979,33.63768],[134.448043,33.637606],[134.448114,33.637538],[134.448191,33.637475],[134.448271,33.637421],[134.448411,33.637335],[134.448459,33.637302],[134.448484,33.637273],[134.448492,33.637242],[134.448495,33.637151],[134.448504,33.637081],[134.448521,33.637],[134.448544,33.636921],[134.448569,33.63685],[134.448595,33.636799],[134.44862,33.636765],[134.448645,33.636744],[134.448671,33.636731],[134.448694,33.636725],[134.448718,33.636724],[134.448739,33.636729],[134.44876,33.636741],[134.448778,33.636763],[134.448793,33.636792],[134.448805,33.636832],[134.448813,33.636881],[134.448818,33.637002],[134.448821,33.637064],[134.448829,33.637117],[134.448842,33.637159],[134.448863,33.63719],[134.448888,33.637211],[134.44892,33.637223],[134.448954,33.63723],[134.449063,33.637236],[134.44915,33.637242],[134.449264,33.637256],[134.449392,33.637276],[134.449519,33.637303],[134.449627,33.637336],[134.449703,33.637378],[134.449755,33.637424],[134.449834,33.637527],[134.44988,33.637582],[134.449988,33.637698],[134.450042,33.637762],[134.450091,33.637832],[134.450135,33.637903],[134.450172,33.637974],[134.450199,33.638039],[134.450216,33.638099],[134.450225,33.638151],[134.450227,33.638233],[134.450222,33.638266],[134.450214,33.63829],[134.450199,33.638309],[134.450177,33.638319],[134.450143,33.638324],[134.450068,33.638325],[134.450035,33.638331],[134.450011,33.638346],[134.449998,33.638366],[134.449997,33.638391],[134.450011,33.638417],[134.450035,33.638445],[134.4501,33.638502],[134.450127,33.638534],[134.450142,33.638571],[134.450147,33.638613],[134.450142,33.638716],[134.450135,33.638849],[134.450137,33.638922],[134.450145,33.638996],[134.450161,33.63907],[134.450183,33.639141],[134.45021,33.639206],[134.450239,33.639263],[134.450267,33.63931],[134.450296,33.639348],[134.450325,33.639377],[134.450356,33.639401],[134.450385,33.639421],[134.450413,33.639433],[134.450433,33.639435],[134.450445,33.639422],[134.450443,33.639395],[134.450428,33.639322],[134.450431,33.639294],[134.450447,33.639281],[134.450475,33.63928],[134.45051,33.639289],[134.450546,33.639303],[134.45058,33.639322],[134.450611,33.639347],[134.450639,33.639382],[134.450663,33.639431],[134.450683,33.639499],[134.450716,33.639662],[134.450746,33.639816],[134.450766,33.639882],[134.450795,33.639946],[134.450816,33.639978],[134.450837,33.64001],[134.450892,33.640077],[134.451019,33.640217],[134.45107,33.640287],[134.451103,33.640352],[134.451141,33.640463],[134.451163,33.640501],[134.451196,33.640523],[134.451237,33.640534],[134.451331,33.640553],[134.451374,33.640571],[134.451408,33.640593],[134.451414,33.640598],[134.451447,33.640634],[134.451473,33.640681],[134.451489,33.640737],[134.451494,33.640799],[134.451486,33.640861],[134.451463,33.640917],[134.451424,33.640964],[134.451412,33.640974],[134.451331,33.641041],[134.451298,33.641079]]]},"properties":{"S_NAME":"大字牟岐浦","HCODE":8101}},{"type":"Feature","geometry":{"type":"Polygon","coordinates":[[[134.399793,33.679869],[134.399663,33.679834],[134.398188,33.679883],[134.397702,33.67992],[134.396917,33.679996],[134.395987,33.679815],[134.395627,33.679745],[134.394687,33.679524],[134.393746,33.679325],[134.392669,33.679169],[134.391674,33.679014],[134.390513,33.679038],[134.389457,33.679178],[134.388825,33.679424],[134.388324,33.679811],[134.388008,33.680254],[134.387898,33.680715],[134.387649,33.681042],[134.387263,33.681351],[134.386603,33.681816],[134.386195,33.682279],[134.38561,33.683413],[134.385023,33.684279],[134.384705,33.684607],[134.384182,33.684994],[134.382987,33.685505],[134.381336,33.684385],[134.380829,33.684081],[134.37883,33.682841],[134.378003,33.682371],[134.377468,33.682134],[134.377044,33.682018],[134.376418,33.681956],[134.374286,33.681939],[134.373048,33.68178],[134.371972,33.681601],[134.370976,33.681492],[134.370032,33.681452],[134.368809,33.681521],[134.367734,33.681758],[134.36698,33.681974],[134.365527,33.682288],[134.365474,33.682226],[134.365374,33.681976],[134.365261,33.681526],[134.36521,33.681209],[134.365235,33.68092],[134.365204,33.680609],[134.365049,33.680326],[134.364587,33.67961],[134.364333,33.679368],[134.363537,33.67886],[134.362274,33.678118],[134.362094,33.677906],[134.361974,33.677627],[134.361949,33.67751],[134.362062,33.67751],[134.362462,33.677444],[134.363087,33.677244],[134.363327,33.677149],[134.363531,33.677],[134.363649,33.676835],[134.363738,33.676753],[134.363855,33.676682],[134.363862,33.676677],[134.364349,33.67661],[134.364487,33.67661],[134.364715,33.676512],[134.364919,33.67637],[134.365187,33.676027],[134.365724,33.675061],[134.365936,33.674811],[134.366064,33.674737],[134.366236,33.674727],[134.367024,33.674927],[134.367992,33.674985],[134.368799,33.674886],[134.369474,33.674702],[134.370548,33.674727],[134.371086,33.674619],[134.371411,33.674502],[134.372011,33.674011],[134.372399,33.673574],[134.372885,33.672791],[134.373048,33.672378],[134.373111,33.672228],[134.373097,33.672107],[134.373003,33.672007],[134.372741,33.671884],[134.372479,33.671792],[134.371711,33.671644],[134.3716,33.671572],[134.371548,33.671461],[134.371548,33.671286],[134.371473,33.670228],[134.371411,33.670028],[134.371024,33.669499],[134.370742,33.669322],[134.370273,33.66917],[134.369621,33.669112],[134.369499,33.669034],[134.369418,33.668906],[134.369386,33.668745],[134.369461,33.667728],[134.369574,33.667303],[134.369731,33.667022],[134.369974,33.666812],[134.370522,33.666397],[134.371059,33.666089],[134.371623,33.665862],[134.372234,33.665624],[134.372775,33.665543],[134.373323,33.665495],[134.373536,33.66552],[134.374023,33.665653],[134.374175,33.665673],[134.374273,33.665628],[134.374348,33.665587],[134.374623,33.66482],[134.374861,33.664254],[134.374947,33.664151],[134.375073,33.66407],[134.375319,33.663977],[134.37556,33.663828],[134.375642,33.663679],[134.375621,33.663406],[134.375657,33.663312],[134.375777,33.663226],[134.376716,33.6629],[134.376848,33.662812],[134.376942,33.662715],[134.376985,33.662587],[134.37696,33.662271],[134.376985,33.662137],[134.377235,33.661929],[134.377297,33.661824],[134.37731,33.661704],[134.377285,33.661504],[134.377285,33.660696],[134.37731,33.660604],[134.377337,33.660569],[134.377349,33.660553],[134.37736,33.660537],[134.377438,33.660525],[134.37766,33.660579],[134.378198,33.660554],[134.378333,33.660511],[134.378448,33.660446],[134.378523,33.660263],[134.378473,33.659813],[134.378542,33.659554],[134.378624,33.659343],[134.378734,33.659194],[134.378898,33.659046],[134.379135,33.658888],[134.37941,33.658704],[134.379604,33.658502],[134.379735,33.658305],[134.379873,33.657938],[134.379998,33.657738],[134.380265,33.6575],[134.380487,33.657342],[134.380822,33.657184],[134.38124,33.657088],[134.381622,33.657038],[134.382241,33.656928],[134.38265,33.656801],[134.383072,33.656563],[134.383535,33.656022],[134.383672,33.655747],[134.383772,33.655363],[134.383935,33.654938],[134.38418,33.65465],[134.384472,33.654463],[134.384747,33.65433],[134.385332,33.65419],[134.385947,33.654131],[134.386447,33.65408],[134.386873,33.654011],[134.387274,33.653922],[134.387497,33.65383],[134.387668,33.653729],[134.387852,33.653486],[134.388922,33.65178],[134.389622,33.650897],[134.389792,33.650717],[134.389897,33.650606],[134.389946,33.65056],[134.390008,33.650637],[134.39006,33.650709],[134.39011,33.650769],[134.390139,33.650792],[134.390175,33.650809],[134.390214,33.650823],[134.390308,33.650849],[134.390416,33.650883],[134.390474,33.650905],[134.39059,33.650954],[134.390701,33.650999],[134.390798,33.651033],[134.390842,33.651044],[134.390879,33.65105],[134.390915,33.65105],[134.390946,33.651044],[134.390977,33.651033],[134.391008,33.651018],[134.391042,33.650999],[134.39112,33.650951],[134.391201,33.650895],[134.391275,33.650839],[134.391333,33.650786],[134.391353,33.650761],[134.391368,33.650737],[134.391377,33.650713],[134.391382,33.650688],[134.391384,33.650663],[134.391389,33.650606],[134.391403,33.650536],[134.391415,33.650463],[134.391415,33.650429],[134.391411,33.650399],[134.391391,33.650347],[134.391367,33.650297],[134.391361,33.65027],[134.391354,33.650219],[134.39136,33.65018],[134.391368,33.650167],[134.391378,33.650161],[134.391392,33.650158],[134.391408,33.65016],[134.39145,33.65017],[134.391503,33.650184],[134.391564,33.650194],[134.391628,33.650192],[134.39169,33.650188],[134.391716,33.65019],[134.391739,33.650196],[134.391762,33.650207],[134.391783,33.650223],[134.391831,33.650271],[134.391892,33.650338],[134.391949,33.650411],[134.391968,33.650446],[134.391982,33.650477],[134.391997,33.650532],[134.392009,33.650558],[134.392027,33.650586],[134.392056,33.650616],[134.392094,33.650646],[134.392138,33.650677],[134.392186,33.650703],[134.392232,33.650726],[134.392279,33.650741],[134.392323,33.650752],[134.392368,33.650759],[134.392462,33.650765],[134.39257,33.650768],[134.392685,33.65077],[134.392805,33.650767],[134.392925,33.650759],[134.393048,33.650746],[134.393175,33.650724],[134.393232,33.65071],[134.393281,33.650695],[134.393316,33.650678],[134.393338,33.650658],[134.393348,33.650636],[134.393351,33.650614],[134.393356,33.650566],[134.393366,33.650541],[134.39338,33.650516],[134.393407,33.650469],[134.393413,33.650447],[134.393413,33.650427],[134.393405,33.650409],[134.393391,33.650394],[134.393374,33.650383],[134.393352,33.650376],[134.39333,33.650372],[134.393308,33.650372],[134.393259,33.65037],[134.393235,33.650366],[134.393213,33.650355],[134.393193,33.650343],[134.393178,33.650327],[134.39317,33.650314],[134.393171,33.650303],[134.393184,33.650296],[134.393203,33.650292],[134.393247,33.650285],[134.393265,33.650278],[134.393274,33.650266],[134.393279,33.650251],[134.393289,33.650216],[134.393302,33.6502],[134.393325,33.650187],[134.393356,33.650175],[134.393394,33.650165],[134.393479,33.650149],[134.393566,33.650134],[134.393606,33.650131],[134.393645,33.650132],[134.393678,33.65014],[134.393709,33.650154],[134.393736,33.650173],[134.393761,33.650194],[134.393806,33.650233],[134.393853,33.650251],[134.39389,33.650263],[134.3939,33.650272],[134.393904,33.650284],[134.393903,33.650301],[134.393885,33.650339],[134.39387,33.650357],[134.393854,33.650371],[134.393823,33.650393],[134.393808,33.650407],[134.393811,33.650411],[134.393835,33.650417],[134.393869,33.650422],[134.393902,33.650427],[134.393941,33.65044],[134.393994,33.65047],[134.394024,33.650493],[134.394051,33.650518],[134.394073,33.650545],[134.394084,33.650573],[134.394085,33.650601],[134.394077,33.650628],[134.394057,33.650675],[134.394054,33.650693],[134.394062,33.650705],[134.394081,33.650712],[134.394145,33.650719],[134.394238,33.650725],[134.394349,33.650731],[134.394469,33.650732],[134.39453,33.650728],[134.394588,33.650721],[134.394702,33.650699],[134.394757,33.650683],[134.394811,33.650664],[134.394863,33.650642],[134.394909,33.65062],[134.394921,33.650612],[134.394946,33.650597],[134.394975,33.650573],[134.394992,33.65055],[134.395002,33.650526],[134.395014,33.650479],[134.395026,33.650455],[134.395044,33.650428],[134.395068,33.650403],[134.395117,33.650352],[134.395135,33.65033],[134.395141,33.65031],[134.395138,33.650295],[134.395126,33.650279],[134.395109,33.650267],[134.395087,33.650257],[134.395029,33.650239],[134.394978,33.650225],[134.394963,33.650216],[134.394957,33.650205],[134.394961,33.650191],[134.39498,33.650165],[134.395,33.650144],[134.395014,33.650127],[134.395032,33.650102],[134.395061,33.650062],[134.39508,33.650043],[134.395101,33.65003],[134.395126,33.650026],[134.395151,33.650032],[134.395179,33.650048],[134.395237,33.650101],[134.395295,33.650165],[134.395347,33.65022],[134.395369,33.650237],[134.39538,33.650241],[134.395392,33.650237],[134.395399,33.650222],[134.395398,33.650201],[134.395388,33.650158],[134.395379,33.650142],[134.39537,33.65013],[134.395352,33.65011],[134.395342,33.650082],[134.395344,33.650045],[134.39535,33.650029],[134.39536,33.65002],[134.395372,33.650015],[134.395388,33.650017],[134.395405,33.650025],[134.395426,33.65004],[134.395472,33.650082],[134.395515,33.650127],[134.395535,33.650142],[134.395542,33.650144],[134.395553,33.650141],[134.395572,33.650103],[134.39559,33.65008],[134.395621,33.65006],[134.395666,33.650045],[134.395724,33.650038],[134.395789,33.650036],[134.395855,33.650042],[134.395919,33.650054],[134.395974,33.650072],[134.396023,33.650095],[134.396109,33.650142],[134.396154,33.650163],[134.396198,33.650177],[134.396283,33.650201],[134.396316,33.650215],[134.396338,33.650233],[134.396344,33.650258],[134.396343,33.650287],[134.39633,33.650351],[134.396332,33.65038],[134.396343,33.650405],[134.396359,33.650428],[134.396383,33.650449],[134.396413,33.650471],[134.396481,33.650523],[134.396545,33.65059],[134.39657,33.650625],[134.396591,33.65066],[134.396602,33.650693],[134.396608,33.650726],[134.396606,33.65076],[134.396589,33.650828],[134.396574,33.650864],[134.396543,33.650932],[134.396534,33.65096],[134.396531,33.650981],[134.396535,33.650992],[134.396549,33.650997],[134.396596,33.651],[134.396627,33.651005],[134.396661,33.651014],[134.396697,33.651034],[134.39676,33.651069],[134.3968,33.651083],[134.396834,33.651087],[134.396867,33.651088],[134.396907,33.651094],[134.396948,33.651107],[134.396965,33.651117],[134.396976,33.651128],[134.396978,33.651138],[134.396974,33.65115],[134.396964,33.651162],[134.396935,33.651179],[134.3969,33.651186],[134.396879,33.651188],[134.39684,33.651191],[134.396813,33.651195],[134.396809,33.651197],[134.396807,33.651204],[134.396809,33.651212],[134.396821,33.651222],[134.396839,33.651231],[134.396873,33.651245],[134.396907,33.651255],[134.396947,33.651277],[134.396996,33.651319],[134.397018,33.651345],[134.397032,33.651367],[134.397036,33.651386],[134.397027,33.651398],[134.397006,33.651404],[134.396947,33.651416],[134.396916,33.651426],[134.396887,33.651441],[134.396861,33.65146],[134.396815,33.651494],[134.396794,33.651503],[134.396772,33.651503],[134.396751,33.651497],[134.396729,33.651486],[134.396687,33.651468],[134.396664,33.651463],[134.396619,33.651466],[134.39657,33.651482],[134.396514,33.651502],[134.396461,33.65153],[134.396442,33.651547],[134.39644,33.651552],[134.396438,33.651558],[134.396437,33.651595],[134.396427,33.651637],[134.396412,33.651688],[134.396403,33.651739],[134.396399,33.651787],[134.396388,33.651836],[134.396361,33.651886],[134.396328,33.651935],[134.396301,33.65198],[134.396287,33.652023],[134.396285,33.652047],[134.396293,33.652099],[134.396303,33.652128],[134.396318,33.652157],[134.396337,33.652183],[134.396361,33.652207],[134.396389,33.652225],[134.39642,33.652238],[134.396453,33.652245],[134.396488,33.652245],[134.396522,33.65224],[134.396555,33.652227],[134.396618,33.652198],[134.396651,33.652188],[134.396688,33.652189],[134.396727,33.652201],[134.396768,33.652222],[134.396808,33.652248],[134.396877,33.65229],[134.396899,33.652299],[134.396917,33.652299],[134.396928,33.652292],[134.396938,33.652278],[134.396956,33.65224],[134.396967,33.65222],[134.396982,33.652204],[134.397003,33.652195],[134.39703,33.652196],[134.397062,33.65221],[134.3971,33.652233],[134.397175,33.652293],[134.397227,33.652346],[134.397256,33.652384],[134.39728,33.652432],[134.397312,33.652498],[134.397323,33.652533],[134.397326,33.652564],[134.397315,33.652587],[134.397287,33.652597],[134.397247,33.652598],[134.3972,33.652591],[134.397152,33.652579],[134.397109,33.652564],[134.397046,33.652531],[134.397007,33.65251],[134.396991,33.65251],[134.396974,33.652517],[134.396958,33.652532],[134.396942,33.652553],[134.396929,33.652578],[134.396911,33.652627],[134.396906,33.652669],[134.396911,33.652694],[134.396915,33.652697],[134.396924,33.652696],[134.396957,33.65269],[134.396987,33.65269],[134.397025,33.652693],[134.397068,33.652701],[134.397112,33.652713],[134.39715,33.652729],[134.397177,33.652749],[134.397188,33.652771],[134.397186,33.652793],[134.397174,33.652814],[134.397155,33.652831],[134.397132,33.652844],[134.397108,33.652849],[134.397081,33.652848],[134.397015,33.652843],[134.396973,33.652843],[134.396922,33.652848],[134.396807,33.65287],[134.396746,33.652886],[134.396627,33.652919],[134.396529,33.652954],[134.396494,33.652972],[134.396474,33.652991],[134.396468,33.65301],[134.396475,33.653029],[134.396491,33.653047],[134.396515,33.653063],[134.396543,33.653076],[134.396571,33.653085],[134.396635,33.653096],[134.39671,33.653103],[134.396797,33.653114],[134.396836,33.653123],[134.396868,33.653135],[134.39689,33.653151],[134.396895,33.653171],[134.396889,33.653194],[134.396874,33.653216],[134.396851,33.653238],[134.396825,33.653256],[134.396796,33.653269],[134.396767,33.653278],[134.396737,33.653283],[134.396705,33.653286],[134.396636,33.653289],[134.39656,33.6533],[134.396521,33.65331],[134.396482,33.653327],[134.396441,33.65335],[134.396402,33.653377],[134.396325,33.653429],[134.396288,33.653446],[134.396253,33.653454],[134.396217,33.653455],[134.396144,33.653449],[134.396104,33.653449],[134.396058,33.653453],[134.396009,33.653463],[134.395957,33.653477],[134.395904,33.653495],[134.395792,33.653538],[134.395684,33.653588],[134.395633,33.653615],[134.395548,33.653671],[134.395512,33.653701],[134.39545,33.65376],[134.395394,33.653818],[134.395342,33.653875],[134.395308,33.653918],[134.395295,33.653933],[134.395257,33.653993],[134.395225,33.654062],[134.395199,33.654146],[134.395188,33.654194],[134.39517,33.654291],[134.395162,33.654381],[134.395161,33.654464],[134.395162,33.654554],[134.39516,33.65466],[134.395165,33.654775],[134.395173,33.654834],[134.395184,33.65489],[134.395201,33.654947],[134.395246,33.655061],[134.395275,33.65512],[134.395336,33.655241],[134.395402,33.655357],[134.395465,33.655456],[134.395521,33.655538],[134.395573,33.655612],[134.395623,33.655682],[134.39568,33.655754],[134.395749,33.655827],[134.395789,33.655862],[134.395876,33.655924],[134.395923,33.655951],[134.396013,33.655991],[134.396094,33.656024],[134.396129,33.656044],[134.396156,33.656065],[134.39618,33.656089],[134.396215,33.656142],[134.396243,33.656194],[134.396276,33.656238],[134.396298,33.656256],[134.396326,33.656271],[134.39636,33.656281],[134.396397,33.656286],[134.396439,33.656288],[134.39648,33.656283],[134.396521,33.656275],[134.396558,33.65626],[134.396627,33.656226],[134.396665,33.656212],[134.396708,33.656203],[134.396757,33.6562],[134.396811,33.656204],[134.396869,33.656212],[134.396928,33.656223],[134.397044,33.65625],[134.39714,33.656278],[134.397174,33.656293],[134.397195,33.656309],[134.397201,33.656325],[134.397194,33.656342],[134.397177,33.656357],[134.397128,33.656386],[134.397074,33.656406],[134.397014,33.656425],[134.396945,33.656453],[134.396875,33.656488],[134.396848,33.656507],[134.39683,33.656524],[134.396823,33.656537],[134.396824,33.65655],[134.396842,33.656572],[134.396861,33.656593],[134.396875,33.65662],[134.396892,33.656649],[134.396899,33.65666],[134.396943,33.656716],[134.397004,33.65678],[134.397075,33.656847],[134.397114,33.656877],[134.397195,33.656935],[134.397284,33.656986],[134.397382,33.657027],[134.397434,33.657042],[134.397488,33.657055],[134.397544,33.657064],[134.397661,33.657074],[134.397721,33.657075],[134.39784,33.657075],[134.397954,33.657076],[134.398008,33.657081],[134.39806,33.657089],[134.398107,33.657101],[134.398191,33.657129],[134.398226,33.657138],[134.398256,33.657136],[134.398281,33.657128],[134.398304,33.657112],[134.398319,33.657089],[134.39833,33.657064],[134.398336,33.657039],[134.398334,33.656997],[134.398322,33.656962],[134.398312,33.656927],[134.398309,33.656891],[134.398311,33.656875],[134.398322,33.656848],[134.398333,33.656839],[134.398347,33.656832],[134.398365,33.656827],[134.398417,33.656826],[134.398485,33.656825],[134.398522,33.656819],[134.39856,33.656807],[134.398598,33.656786],[134.398635,33.65676],[134.398718,33.656699],[134.398764,33.65667],[134.398813,33.656646],[134.398905,33.656606],[134.398937,33.656588],[134.398956,33.656571],[134.398953,33.656551],[134.398937,33.65653],[134.398912,33.656508],[134.398856,33.656463],[134.398837,33.65644],[134.398825,33.656416],[134.39882,33.656391],[134.398822,33.656365],[134.398843,33.656304],[134.398877,33.656236],[134.398904,33.656171],[134.398909,33.656141],[134.39891,33.656114],[134.398906,33.656089],[134.3989,33.656064],[134.398881,33.656019],[134.398864,33.65598],[134.398862,33.655964],[134.398865,33.655953],[134.398874,33.655945],[134.398911,33.65594],[134.398967,33.65594],[134.399034,33.655936],[134.399103,33.65593],[134.399161,33.655925],[134.399212,33.65592],[134.399266,33.655908],[134.399329,33.655887],[134.39936,33.655872],[134.399388,33.655854],[134.39941,33.655833],[134.399424,33.655809],[134.399434,33.655783],[134.399452,33.655734],[134.399468,33.655715],[134.399491,33.6557],[134.399521,33.655689],[134.399553,33.655681],[134.399616,33.655659],[134.39964,33.655641],[134.399658,33.655621],[134.399672,33.655597],[134.39968,33.655573],[134.399684,33.655548],[134.399682,33.655524],[134.399668,33.655477],[134.399647,33.655431],[134.399626,33.655382],[134.399612,33.65533],[134.399609,33.655273],[134.399621,33.655216],[134.399631,33.65519],[134.399658,33.655148],[134.399676,33.655134],[134.399696,33.655124],[134.399722,33.655122],[134.399752,33.655125],[134.399787,33.655134],[134.399827,33.655149],[134.399868,33.655167],[134.399955,33.655209],[134.400034,33.655247],[134.400101,33.655285],[134.400154,33.655323],[134.400174,33.655344],[134.400202,33.655386],[134.400211,33.655408],[134.400221,33.655452],[134.400235,33.655492],[134.400247,33.655508],[134.400264,33.65552],[134.400286,33.655529],[134.400336,33.655542],[134.400382,33.655551],[134.400417,33.655565],[134.400431,33.655577],[134.400443,33.655592],[134.400452,33.655611],[134.400462,33.655656],[134.400461,33.655678],[134.400457,33.655697],[134.400447,33.655709],[134.400433,33.655719],[134.400417,33.655723],[134.400378,33.655723],[134.400339,33.655718],[134.400303,33.655719],[134.400293,33.655722],[134.400285,33.655731],[134.400274,33.655757],[134.400267,33.655788],[134.400262,33.655803],[134.400248,33.655832],[134.400234,33.655865],[134.400224,33.655905],[134.400222,33.655927],[134.400223,33.655943],[134.400229,33.655955],[134.400238,33.655962],[134.400247,33.655967],[134.400261,33.65597],[134.400297,33.655971],[134.400341,33.655974],[134.400389,33.655981],[134.400413,33.655988],[134.400456,33.656006],[134.400472,33.656018],[134.400484,33.656031],[134.400489,33.656045],[134.400484,33.65606],[134.400473,33.656076],[134.400455,33.656093],[134.400405,33.656124],[134.400344,33.65615],[134.400284,33.656176],[134.400236,33.656207],[134.400219,33.656225],[134.400207,33.656244],[134.400201,33.656264],[134.400202,33.656285],[134.400209,33.656304],[134.400221,33.656324],[134.400238,33.656341],[134.400257,33.656354],[134.400277,33.656361],[134.400299,33.656362],[134.400321,33.656359],[134.400382,33.656346],[134.400423,33.656342],[134.400472,33.656339],[134.400591,33.656343],[134.400714,33.656347],[134.400821,33.656343],[134.40091,33.65634],[134.400948,33.656343],[134.40098,33.656349],[134.40101,33.656359],[134.401064,33.656383],[134.401112,33.656406],[134.401162,33.656429],[134.401187,33.656444],[134.401212,33.656463],[134.401236,33.656485],[134.401258,33.656511],[134.401274,33.656538],[134.401285,33.656563],[134.401288,33.656586],[134.401278,33.656602],[134.401261,33.656613],[134.401235,33.656619],[134.401204,33.65662],[134.401168,33.656617],[134.401089,33.656597],[134.401008,33.65657],[134.400931,33.656545],[134.400895,33.656537],[134.40082,33.656525],[134.400734,33.656523],[134.40069,33.656528],[134.400647,33.656536],[134.400608,33.656548],[134.400579,33.656564],[134.400559,33.656584],[134.400546,33.656607],[134.400526,33.656651],[134.400512,33.656667],[134.40049,33.656677],[134.400463,33.656682],[134.400408,33.656691],[134.400387,33.6567],[134.400373,33.656712],[134.400364,33.656727],[134.400362,33.656747],[134.400369,33.656793],[134.400377,33.656838],[134.400386,33.656884],[134.400394,33.656934],[134.400399,33.656988],[134.400397,33.657043],[134.400384,33.657093],[134.400377,33.657132],[134.400378,33.65714],[134.400384,33.657145],[134.400392,33.657149],[134.400413,33.657148],[134.400469,33.657133],[134.400512,33.657125],[134.400529,33.657126],[134.400542,33.657133],[134.400548,33.657146],[134.400549,33.657164],[134.400545,33.657185],[134.40053,33.657226],[134.400519,33.657243],[134.400497,33.657269],[134.400474,33.657295],[134.40045,33.657327],[134.400434,33.657361],[134.40043,33.657392],[134.400444,33.657423],[134.40048,33.657474],[134.40054,33.657551],[134.400614,33.657645],[134.400687,33.657737],[134.400753,33.657822],[134.400814,33.657903],[134.400872,33.65798],[134.400932,33.658055],[134.400966,33.65809],[134.401039,33.658156],[134.40112,33.658215],[134.401208,33.658267],[134.401293,33.658306],[134.401327,33.658319],[134.401356,33.658325],[134.401374,33.658322],[134.401385,33.658313],[134.401391,33.658298],[134.401396,33.658256],[134.401404,33.658203],[134.401413,33.658176],[134.401426,33.658149],[134.401444,33.658127],[134.401466,33.658107],[134.401492,33.658093],[134.401521,33.658084],[134.40155,33.65808],[134.401578,33.658084],[134.401602,33.658094],[134.401623,33.658109],[134.401639,33.658129],[134.401649,33.658149],[134.401654,33.65817],[134.401651,33.658188],[134.401638,33.658221],[134.401636,33.658233],[134.401643,33.658246],[134.401658,33.658256],[134.401683,33.658265],[134.401747,33.658288],[134.401782,33.658304],[134.401815,33.658322],[134.401896,33.658378],[134.401966,33.658422],[134.402002,33.658446],[134.402038,33.658464],[134.402077,33.65848],[134.402114,33.658495],[134.402148,33.658512],[134.402175,33.658536],[134.402187,33.658558],[134.402194,33.658583],[134.402192,33.658609],[134.402182,33.658634],[134.402164,33.658657],[134.40214,33.658675],[134.402112,33.658687],[134.40208,33.658692],[134.402046,33.658691],[134.402013,33.658689],[134.40198,33.658686],[134.401948,33.658686],[134.401916,33.658687],[134.401881,33.658689],[134.40186,33.658689],[134.401839,33.658691],[134.401823,33.658695],[134.401812,33.658706],[134.40181,33.658715],[134.401815,33.658737],[134.401825,33.658762],[134.401846,33.658802],[134.401872,33.65885],[134.401898,33.658894],[134.401923,33.658935],[134.401936,33.65896],[134.40195,33.658986],[134.401965,33.659015],[134.401979,33.65904],[134.401986,33.659057],[134.401991,33.659072],[134.401988,33.659085],[134.401983,33.659087],[134.401851,33.659373],[134.401858,33.65938],[134.40189,33.65941],[134.401927,33.659449],[134.401979,33.659499],[134.40205,33.659558],[134.402126,33.65961],[134.402204,33.659661],[134.402309,33.659727],[134.402417,33.659793],[134.402525,33.659858],[134.402623,33.659912],[134.402707,33.659956],[134.402795,33.659993],[134.402887,33.660021],[134.402925,33.660028],[134.403027,33.660044],[134.403105,33.660051],[134.403228,33.660056],[134.403369,33.660053],[134.403512,33.660045],[134.403655,33.66003],[134.403802,33.660009],[134.403953,33.659979],[134.404106,33.659944],[134.404259,33.659903],[134.404411,33.659861],[134.404559,33.659819],[134.4047,33.659776],[134.404829,33.659729],[134.404887,33.659703],[134.404939,33.659672],[134.405137,33.659549],[134.405275,33.659449],[134.40536,33.659383],[134.405422,33.659332],[134.405475,33.659276],[134.40548,33.659269],[134.40548,33.659261],[134.405476,33.659254],[134.405474,33.659252],[134.405471,33.65925],[134.405467,33.659248],[134.405434,33.659233],[134.405384,33.659214],[134.405323,33.659189],[134.405267,33.659164],[134.405231,33.659138],[134.405223,33.659126],[134.405218,33.659112],[134.405221,33.659083],[134.405229,33.659069],[134.405253,33.659043],[134.405288,33.659026],[134.405333,33.659019],[134.405377,33.659016],[134.405492,33.659002],[134.405503,33.659],[134.405507,33.658999],[134.405516,33.658997],[134.405529,33.658991],[134.405533,33.658988],[134.40554,33.658983],[134.405547,33.658977],[134.405552,33.65897],[134.405555,33.658967],[134.405565,33.658955],[134.405581,33.658928],[134.405593,33.658908],[134.405616,33.65886],[134.405635,33.658803],[134.405654,33.658735],[134.405679,33.658609],[134.405679,33.658606],[134.405679,33.658595],[134.405676,33.658588],[134.40567,33.658577],[134.405668,33.658574],[134.405661,33.658569],[134.405657,33.658566],[134.405653,33.658565],[134.405649,33.658563],[134.405639,33.658558],[134.405617,33.658547],[134.405585,33.658524],[134.405557,33.658493],[134.405535,33.658455],[134.405519,33.65841],[134.405494,33.658351],[134.405479,33.658315],[134.405466,33.658254],[134.405463,33.65819],[134.405473,33.658126],[134.405481,33.658094],[134.405504,33.658035],[134.405524,33.657981],[134.405527,33.657957],[134.405525,33.657935],[134.405513,33.657915],[134.405493,33.657898],[134.405471,33.657884],[134.405446,33.657875],[134.405421,33.657871],[134.405398,33.657871],[134.40536,33.657879],[134.405345,33.65788],[134.405332,33.657876],[134.40532,33.657865],[134.405302,33.657829],[134.405284,33.657789],[134.405263,33.65776],[134.40524,33.657735],[134.405217,33.657705],[134.405208,33.657687],[134.405202,33.65767],[134.405205,33.657655],[134.405218,33.657644],[134.405242,33.657637],[134.405313,33.657638],[134.405354,33.657642],[134.405428,33.657655],[134.405489,33.65767],[134.40554,33.657686],[134.405586,33.657703],[134.40563,33.657713],[134.405653,33.657712],[134.405674,33.657705],[134.405718,33.657685],[134.405742,33.657676],[134.405769,33.65767],[134.405798,33.657669],[134.405863,33.657682],[134.405933,33.657705],[134.406003,33.65773],[134.40607,33.657758],[134.406137,33.65779],[134.406198,33.657824],[134.406293,33.657873],[134.40633,33.657886],[134.406389,33.657908],[134.406416,33.657917],[134.406448,33.657922],[134.406484,33.65792],[134.406522,33.657914],[134.406555,33.657905],[134.40658,33.657894],[134.406605,33.657881],[134.406629,33.657865],[134.406657,33.657847],[134.406684,33.657827],[134.40671,33.657805],[134.406735,33.657783],[134.40676,33.657759],[134.406787,33.657731],[134.406823,33.657697],[134.406864,33.657658],[134.406903,33.657624],[134.406932,33.6576],[134.406956,33.657579],[134.406984,33.657545],[134.407014,33.657499],[134.407042,33.657451],[134.407065,33.657407],[134.407081,33.657373],[134.407089,33.657348],[134.407088,33.657328],[134.407089,33.657308],[134.407094,33.657281],[134.407105,33.657252],[134.407116,33.657225],[134.407126,33.657203],[134.407127,33.657187],[134.407114,33.657176],[134.407095,33.657167],[134.407081,33.657158],[134.407078,33.657152],[134.407079,33.657139],[134.407091,33.657128],[134.407107,33.657116],[134.407116,33.657107],[134.407115,33.657102],[134.407103,33.657094],[134.407087,33.657088],[134.407073,33.65708],[134.407066,33.657072],[134.407067,33.657066],[134.407076,33.657053],[134.407093,33.657043],[134.407111,33.657039],[134.407129,33.657043],[134.407141,33.657045],[134.407147,33.657041],[134.40715,33.657031],[134.407159,33.657014],[134.407172,33.656995],[134.407185,33.656977],[134.407189,33.656962],[134.40719,33.65695],[134.407191,33.656939],[134.407193,33.656927],[134.407191,33.656916],[134.407179,33.656906],[134.407163,33.656899],[134.407142,33.656895],[134.407125,33.656891],[134.407117,33.656887],[134.407118,33.656882],[134.407128,33.656872],[134.407136,33.656862],[134.407135,33.656857],[134.40713,33.656848],[134.407126,33.656841],[134.407131,33.656833],[134.407138,33.656826],[134.407143,33.656823],[134.407139,33.656819],[134.40713,33.656813],[134.407121,33.656803],[134.407119,33.656796],[134.407129,33.656794],[134.407148,33.656799],[134.407167,33.656808],[134.407183,33.656816],[134.407193,33.656817],[134.407193,33.656805],[134.407194,33.656791],[134.407199,33.656787],[134.407207,33.656786],[134.40723,33.65679],[134.407254,33.656793],[134.407267,33.656788],[134.407278,33.656778],[134.407289,33.656766],[134.407301,33.656755],[134.407313,33.656741],[134.407321,33.656727],[134.407326,33.65671],[134.407325,33.656693],[134.407325,33.656676],[134.407333,33.65666],[134.407349,33.656644],[134.407372,33.656631],[134.407394,33.656623],[134.40741,33.656618],[134.407419,33.656613],[134.407419,33.656605],[134.407415,33.656597],[134.407409,33.656592],[134.407403,33.656586],[134.407396,33.656578],[134.407387,33.656563],[134.40738,33.656549],[134.407382,33.656541],[134.407386,33.656541],[134.4074,33.656546],[134.407416,33.656553],[134.40743,33.656558],[134.407441,33.65656],[134.40745,33.656553],[134.407457,33.656541],[134.407467,33.656529],[134.40748,33.656517],[134.407498,33.656505],[134.407519,33.65649],[134.40754,33.656472],[134.407546,33.656462],[134.407548,33.656451],[134.407547,33.656439],[134.407541,33.656416],[134.407537,33.65639],[134.407534,33.656363],[134.407532,33.656341],[134.407527,33.656332],[134.407517,33.656321],[134.407502,33.656315],[134.407485,33.65631],[134.407466,33.656304],[134.407447,33.656293],[134.407428,33.656277],[134.407409,33.656259],[134.407391,33.656239],[134.407382,33.656222],[134.407383,33.656217],[134.407388,33.656212],[134.407397,33.65621],[134.407419,33.656214],[134.407441,33.656221],[134.407466,33.656233],[134.407479,33.656238],[134.407488,33.65624],[134.407502,33.656237],[134.407518,33.656228],[134.407537,33.656217],[134.407561,33.656204],[134.407583,33.656186],[134.407602,33.656165],[134.407616,33.656145],[134.407621,33.656125],[134.407619,33.656109],[134.40761,33.656097],[134.407604,33.656084],[134.407601,33.656078],[134.407603,33.656069],[134.407621,33.656056],[134.407641,33.656045],[134.407663,33.656035],[134.407689,33.656026],[134.407719,33.656014],[134.40775,33.656008],[134.407766,33.656009],[134.407779,33.656014],[134.407806,33.656031],[134.40784,33.656057],[134.407886,33.656084],[134.407936,33.65611],[134.407979,33.656135],[134.408013,33.656156],[134.408043,33.656174],[134.408073,33.656186],[134.408104,33.656195],[134.408137,33.656198],[134.408172,33.656198],[134.408209,33.656197],[134.408223,33.656182],[134.408238,33.656179],[134.40826,33.656184],[134.408283,33.656193],[134.408301,33.656201],[134.408312,33.656207],[134.408321,33.656215],[134.408333,33.656227],[134.408346,33.656241],[134.408361,33.656252],[134.408377,33.656257],[134.408394,33.656262],[134.408411,33.656265],[134.408427,33.656272],[134.408433,33.656278],[134.408442,33.656293],[134.408443,33.656309],[134.408438,33.656315],[134.408424,33.656322],[134.408411,33.656326],[134.408409,33.656331],[134.408422,33.656344],[134.408441,33.65636],[134.408449,33.656375],[134.408444,33.656385],[134.408447,33.656396],[134.408455,33.656403],[134.408489,33.656419],[134.408537,33.656437],[134.408566,33.656445],[134.408626,33.656461],[134.408686,33.65647],[134.408714,33.656471],[134.408766,33.656469],[134.408812,33.656467],[134.408857,33.656466],[134.408894,33.656464],[134.408907,33.65646],[134.408917,33.656452],[134.408925,33.656441],[134.408945,33.656415],[134.408962,33.656403],[134.408987,33.656392],[134.409017,33.656381],[134.409084,33.656367],[134.409146,33.656361],[134.409197,33.65636],[134.409244,33.656359],[134.409295,33.65635],[134.40935,33.656335],[134.409408,33.656318],[134.40947,33.656299],[134.409534,33.656273],[134.4096,33.656237],[134.409659,33.656197],[134.409708,33.656157],[134.409745,33.656121],[134.409778,33.656088],[134.409813,33.656058],[134.409848,33.656029],[134.409876,33.655998],[134.409901,33.655965],[134.409923,33.655933],[134.409948,33.655903],[134.409969,33.655878],[134.409984,33.655854],[134.409991,33.655834],[134.409994,33.655821],[134.409994,33.655813],[134.409987,33.65581],[134.409971,33.655801],[134.409951,33.65579],[134.40993,33.65578],[134.409913,33.65577],[134.409899,33.655759],[134.40989,33.655743],[134.409885,33.655727],[134.409887,33.655714],[134.409895,33.655707],[134.409906,33.655706],[134.409918,33.655709],[134.409928,33.655718],[134.409936,33.655731],[134.409941,33.655743],[134.409944,33.655751],[134.409947,33.655749],[134.409951,33.655741],[134.409954,33.655729],[134.409958,33.655718],[134.409963,33.655709],[134.409975,33.655701],[134.409989,33.655692],[134.409995,33.655683],[134.409994,33.655679],[134.409982,33.655671],[134.409963,33.655668],[134.409947,33.655669],[134.409933,33.655673],[134.409925,33.655671],[134.40992,33.655661],[134.40992,33.655645],[134.409926,33.655622],[134.409938,33.655601],[134.409948,33.655596],[134.409973,33.655593],[134.409995,33.655593],[134.409999,33.655591],[134.409999,33.655583],[134.40999,33.655563],[134.409986,33.655544],[134.409992,33.655538],[134.410013,33.655533],[134.410032,33.655528],[134.410037,33.655522],[134.410041,33.655506],[134.410045,33.655489],[134.410052,33.655481],[134.410071,33.655467],[134.410087,33.655453],[134.410092,33.655443],[134.410091,33.655422],[134.410092,33.655402],[134.410105,33.655382],[134.41012,33.655366],[134.410128,33.655348],[134.41013,33.655328],[134.410134,33.655305],[134.410149,33.655278],[134.410166,33.655249],[134.410178,33.655222],[134.41018,33.655197],[134.410179,33.655175],[134.410181,33.655156],[134.41018,33.65514],[134.410171,33.655134],[134.410154,33.655133],[134.41013,33.655133],[134.410118,33.655129],[134.410095,33.65512],[134.410074,33.65511],[134.410061,33.655099],[134.410052,33.655087],[134.410046,33.655071],[134.410041,33.65505],[134.410042,33.655032],[134.41005,33.655018],[134.410056,33.655008],[134.41005,33.655],[134.410042,33.654996],[134.410023,33.654988],[134.410011,33.654982],[134.41001,33.654975],[134.410015,33.654967],[134.410023,33.654956],[134.410027,33.654946],[134.410023,33.654939],[134.410012,33.654933],[134.41,33.654925],[134.409995,33.65491],[134.409991,33.654892],[134.409981,33.654874],[134.409966,33.654859],[134.409953,33.654844],[134.409948,33.654828],[134.409947,33.654813],[134.409941,33.654799],[134.409933,33.654787],[134.409926,33.654776],[134.409929,33.654764],[134.409938,33.654753],[134.409946,33.654746],[134.409954,33.65474],[134.409957,33.654734],[134.409958,33.654726],[134.409955,33.654718],[134.409948,33.654713],[134.409938,33.654708],[134.409933,33.654699],[134.409934,33.654689],[134.409939,33.654666],[134.409948,33.654642],[134.40996,33.654624],[134.409965,33.654614],[134.409958,33.654607],[134.409938,33.654604],[134.409917,33.654602],[134.409903,33.654599],[134.409893,33.654594],[134.409885,33.654592],[134.409879,33.654588],[134.409873,33.654581],[134.40987,33.654567],[134.409868,33.654551],[134.40987,33.654536],[134.409875,33.654525],[134.409882,33.65452],[134.409891,33.654524],[134.409899,33.654534],[134.409903,33.654545],[134.409904,33.654555],[134.409907,33.654562],[134.40991,33.654562],[134.409917,33.654556],[134.409927,33.654546],[134.409938,33.654532],[134.409947,33.654515],[134.409951,33.654498],[134.409951,33.654484],[134.409947,33.654473],[134.409942,33.654467],[134.409936,33.654464],[134.409926,33.654459],[134.409917,33.654452],[134.409915,33.654444],[134.409926,33.654436],[134.409941,33.654432],[134.409952,33.654433],[134.409957,33.654438],[134.409963,33.654439],[134.409976,33.65443],[134.40999,33.654417],[134.410003,33.654403],[134.410012,33.654392],[134.410022,33.654389],[134.41004,33.654391],[134.410057,33.654396],[134.410069,33.654396],[134.410076,33.65439],[134.410081,33.65438],[134.410091,33.654366],[134.410103,33.654354],[134.410117,33.654346],[134.410132,33.654343],[134.410137,33.654344],[134.410143,33.654354],[134.410145,33.654368],[134.41015,33.654377],[134.410167,33.654375],[134.410185,33.65437],[134.410197,33.654371],[134.410201,33.654379],[134.410208,33.654387],[134.410215,33.654389],[134.410235,33.654387],[134.410254,33.654381],[134.410271,33.654369],[134.410287,33.654357],[134.41031,33.654352],[134.410337,33.654353],[134.410364,33.654354],[134.410388,33.654347],[134.410415,33.65434],[134.410454,33.654339],[134.410502,33.654342],[134.410546,33.654344],[134.410564,33.654342],[134.410591,33.654335],[134.410615,33.654328],[134.410643,33.654327],[134.410674,33.65433],[134.410705,33.654333],[134.410731,33.654335],[134.410746,33.654332],[134.410748,33.654327],[134.410746,33.654316],[134.410743,33.654306],[134.410749,33.654296],[134.410764,33.654289],[134.410781,33.654287],[134.410801,33.654285],[134.41082,33.654284],[134.410842,33.654279],[134.410863,33.654275],[134.410885,33.654276],[134.410906,33.654281],[134.410926,33.654287],[134.410945,33.65429],[134.410968,33.654291],[134.410995,33.654294],[134.411027,33.654296],[134.411058,33.654293],[134.411072,33.654287],[134.411096,33.654274],[134.411115,33.654262],[134.41113,33.654258],[134.411133,33.654257],[134.411155,33.654259],[134.411184,33.654265],[134.411218,33.654272],[134.411253,33.654277],[134.411284,33.654276],[134.411313,33.654274],[134.411343,33.654272],[134.411375,33.65427],[134.411407,33.654269],[134.411435,33.654265],[134.411463,33.654261],[134.41149,33.654258],[134.411515,33.654255],[134.411531,33.654253],[134.411829,33.654259],[134.412251,33.654387],[134.413173,33.654783],[134.413322,33.654881],[134.41335,33.654892],[134.413389,33.654906],[134.413435,33.654921],[134.413476,33.654939],[134.413513,33.654957],[134.413554,33.654975],[134.413478,33.65511],[134.413388,33.65532],[134.413287,33.65553],[134.413176,33.655741],[134.413099,33.655987],[134.413021,33.656224],[134.412954,33.656469],[134.412865,33.656715],[134.412714,33.657017],[134.41255,33.657256],[134.412397,33.657513],[134.412253,33.657715],[134.412108,33.657899],[134.411962,33.658057],[134.411724,33.658259],[134.411412,33.658539],[134.411292,33.658681],[134.411035,33.659019],[134.410869,33.659222],[134.410705,33.659399],[134.410385,33.659699],[134.410117,33.659945],[134.41,33.660046],[134.409904,33.660107],[134.409816,33.660163],[134.409525,33.66033],[134.409233,33.660501],[134.40892,33.660727],[134.408568,33.661054],[134.408423,33.661242],[134.4083,33.661425],[134.408133,33.661662],[134.408042,33.661821],[134.407918,33.661995],[134.407768,33.662261],[134.407741,33.662424],[134.407747,33.662577],[134.407766,33.662821],[134.407787,33.663092],[134.407901,33.663848],[134.407988,33.664162],[134.408063,33.664459],[134.408143,33.664863],[134.408208,33.665187],[134.408226,33.665385],[134.40823,33.665467],[134.408234,33.665584],[134.408228,33.665738],[134.408211,33.665865],[134.408183,33.665992],[134.408154,33.666083],[134.408084,33.666229],[134.407956,33.666278],[134.407794,33.666291],[134.407685,33.666275],[134.407522,33.666252],[134.407423,33.666209],[134.407259,33.666159],[134.407085,33.666109],[134.4069,33.666077],[134.406747,33.666045],[134.406493,33.666023],[134.40637,33.666081],[134.406235,33.666238],[134.406124,33.666448],[134.406023,33.666659],[134.405774,33.666945],[134.405119,33.667376],[134.404864,33.667509],[134.404374,33.667692],[134.403977,33.667792],[134.403676,33.667836],[134.403181,33.667893],[134.402568,33.667989],[134.40189,33.668096],[134.40129,33.668228],[134.400839,33.66832],[134.400396,33.668339],[134.399866,33.668334],[134.399366,33.668274],[134.399083,33.668208],[134.39881,33.668143],[134.398461,33.668052],[134.398399,33.668039],[134.398347,33.668032],[134.398178,33.668004],[134.398136,33.668007],[134.397984,33.668018],[134.397659,33.667989],[134.397236,33.667973],[134.396996,33.667906],[134.396755,33.66783],[134.396569,33.667754],[134.396295,33.667661],[134.396154,33.667628],[134.39598,33.66757],[134.395857,33.667548],[134.395732,33.667556],[134.395665,33.667609],[134.395601,33.667694],[134.395412,33.668071],[134.395245,33.668526],[134.395078,33.669],[134.394974,33.66941],[134.39492,33.669718],[134.394921,33.670043],[134.394949,33.670232],[134.39502,33.670402],[134.395155,33.670604],[134.39531,33.670854],[134.395682,33.67158],[134.395827,33.671914],[134.395922,33.672192],[134.396098,33.672702],[134.396394,33.673463],[134.397476,33.675991],[134.397637,33.676177],[134.397808,33.676282],[134.398157,33.676402],[134.398553,33.676581],[134.398984,33.676863],[134.399407,33.677254],[134.399561,33.677529],[134.399668,33.677914],[134.399793,33.679869]]]},"properties":{"S_NAME":"大字内妻","HCODE":8101}},{"type":"Feature","geometry":{"type":"Polygon","coordinates":[[[134.456627,33.703698],[134.456414,33.703815],[134.456327,33.704056],[134.456327,33.704531],[134.456489,33.70509],[134.456602,33.70529],[134.456727,33.705723],[134.456839,33.705873],[134.457052,33.706031],[134.457464,33.706281],[134.457676,33.706548],[134.457864,33.706906],[134.458026,33.707473],[134.458051,33.707873],[134.458026,33.708389],[134.457726,33.709531],[134.457477,33.710097],[134.457289,33.710206],[134.456964,33.710314],[134.456377,33.710697],[134.456027,33.710989],[134.455889,33.711164],[134.455528,33.712069],[134.455477,33.712197],[134.455127,33.71278],[134.454802,33.713164],[134.454752,33.713405],[134.454802,33.71383],[134.454752,33.714013],[134.454777,33.714255],[134.455064,33.715197],[134.455227,33.715472],[134.455339,33.715713],[134.455414,33.716346],[134.455502,33.71713],[134.455477,33.717446],[134.455484,33.717822],[134.455337,33.71854],[134.455162,33.719245],[134.455022,33.719282],[134.454977,33.719238],[134.454764,33.719279],[134.454414,33.719188],[134.454177,33.719213],[134.45399,33.719346],[134.453477,33.719571],[134.453202,33.719771],[134.452927,33.720063],[134.452297,33.721054],[134.452202,33.721204],[134.451502,33.721337],[134.451152,33.721446],[134.45094,33.721579],[134.450715,33.721787],[134.45029,33.722412],[134.450015,33.722637],[134.449802,33.722746],[134.449528,33.722971],[134.449477,33.723079],[134.44904,33.723437],[134.448853,33.723504],[134.448679,33.723429],[134.44864,33.723412],[134.448453,33.723304],[134.448178,33.723037],[134.44789,33.722946],[134.44754,33.722787],[134.447428,33.722654],[134.446865,33.722246],[134.446078,33.721771],[134.445353,33.721821],[134.445028,33.721746],[134.444566,33.721546],[134.444166,33.721254],[134.443953,33.721054],[134.443553,33.720846],[134.442766,33.720688],[134.442228,33.720754],[134.441928,33.720796],[134.441578,33.720779],[134.441254,33.720638],[134.440904,33.720571],[134.439904,33.720571],[134.439666,33.720596],[134.439179,33.720388],[134.438379,33.719988],[134.437779,33.719846],[134.437404,33.719846],[134.437079,33.719804],[134.436567,33.719646],[134.435629,33.719621],[134.435054,33.719413],[134.434704,33.719396],[134.433654,33.718946],[134.433117,33.718605],[134.432955,33.71843],[134.432742,33.718338],[134.432505,33.718313],[134.432417,33.718338],[134.43218,33.718288],[134.431692,33.717888],[134.43148,33.717597],[134.430692,33.71728],[134.430292,33.716897],[134.429805,33.716622],[134.42948,33.716555],[134.429218,33.716463],[134.428543,33.716172],[134.428168,33.716172],[134.428005,33.71608],[134.427118,33.715339],[134.426955,33.715297],[134.426756,33.715415],[134.426118,33.715564],[134.42593,33.715539],[134.425393,33.715605],[134.425168,33.715672],[134.424368,33.715739],[134.424256,33.715805],[134.424216,33.71598],[134.424143,33.716297],[134.424043,33.716497],[134.423256,33.717122],[134.422856,33.717238],[134.422468,33.717438],[134.421931,33.717905],[134.421743,33.71813],[134.421531,33.718447],[134.421231,33.718647],[134.420956,33.718672],[134.420281,33.718597],[134.419419,33.71878],[134.418531,33.718822],[134.417781,33.71893],[134.417106,33.719105],[134.416569,33.719197],[134.415894,33.719438],[134.415569,33.71958],[134.415194,33.719621],[134.414757,33.719555],[134.413844,33.719597],[134.413494,33.719663],[134.412682,33.71968],[134.412282,33.719722],[134.411232,33.719563],[134.410932,33.71943],[134.410207,33.719313],[134.409445,33.719113],[134.40872,33.719022],[134.407782,33.719022],[134.40767,33.719038],[134.406207,33.718997],[134.404995,33.718838],[134.404008,33.718588],[134.402845,33.718155],[134.402383,33.718022],[134.401983,33.717972],[134.400046,33.718197],[134.398021,33.718014],[134.397021,33.717922],[134.396671,33.717939],[134.396046,33.718122],[134.395579,33.718283],[134.394929,33.718528],[134.394043,33.718622],[134.393415,33.718474],[134.392943,33.718215],[134.392622,33.718289],[134.392822,33.718022],[134.392984,33.717664],[134.393009,33.717439],[134.392984,33.717197],[134.392734,33.716722],[134.392684,33.716522],[134.392684,33.716297],[134.392797,33.71603],[134.393171,33.715464],[134.393334,33.714947],[134.393309,33.714439],[134.393371,33.714231],[134.393746,33.713672],[134.393746,33.713606],[134.393739,33.713595],[134.394427,33.713331],[134.394816,33.713214],[134.395228,33.713172],[134.396055,33.7133],[134.396513,33.713259],[134.39697,33.713102],[134.398183,33.712883],[134.399169,33.712799],[134.401576,33.71288],[134.402455,33.712827],[134.403036,33.712793],[134.403768,33.712625],[134.404085,33.712504],[134.404259,33.712361],[134.404448,33.712137],[134.404696,33.711772],[134.404772,33.711302],[134.405084,33.707171],[134.405183,33.705676],[134.405311,33.704755],[134.405478,33.704076],[134.405565,33.703783],[134.405845,33.703266],[134.406094,33.702975],[134.406369,33.702708],[134.406944,33.702287],[134.407381,33.702068],[134.408059,33.701899],[134.408655,33.701773],[134.409278,33.701694],[134.410142,33.701664],[134.410793,33.70154],[134.411337,33.701346],[134.411988,33.701153],[134.412307,33.70109],[134.412759,33.700938],[134.413056,33.700706],[134.413272,33.700474],[134.413688,33.700066],[134.414191,33.699481],[134.414527,33.699086],[134.414929,33.698551],[134.415341,33.69806],[134.415481,33.697948],[134.415753,33.69784],[134.416265,33.697872],[134.416912,33.697929],[134.417775,33.697944],[134.418507,33.697821],[134.419321,33.697586],[134.419838,33.697392],[134.420355,33.697197],[134.420818,33.697001],[134.421143,33.696916],[134.421686,33.696744],[134.422714,33.696672],[134.423388,33.696684],[134.424009,33.696695],[134.424757,33.696619],[134.425337,33.696424],[134.425992,33.696073],[134.426594,33.695675],[134.427167,33.695345],[134.427742,33.694947],[134.428399,33.69446],[134.42881,33.694149],[134.429384,33.693805],[134.429984,33.69357],[134.431011,33.693373],[134.431931,33.69332],[134.432335,33.69335],[134.432632,33.693378],[134.43312,33.693441],[134.433311,33.693453],[134.433471,33.693418],[134.433553,33.693337],[134.433713,33.693173],[134.433873,33.69305],[134.43405,33.692981],[134.434337,33.692935],[134.4347,33.692838],[134.434796,33.692763],[134.434828,33.692695],[134.434795,33.692621],[134.435101,33.692719],[134.435393,33.692974],[134.435653,33.693501],[134.435773,33.694229],[134.435842,33.694844],[134.435859,33.695366],[134.435773,33.695591],[134.435529,33.695809],[134.4352,33.696041],[134.434991,33.696165],[134.434822,33.69624],[134.43458,33.696343],[134.434303,33.696531],[134.434063,33.696797],[134.433865,33.69717],[134.433796,33.697454],[134.433806,33.69765],[134.43388,33.697812],[134.434212,33.698128],[134.434428,33.698342],[134.434511,33.69851],[134.434537,33.698652],[134.43449,33.698794],[134.434451,33.69893],[134.434211,33.699222],[134.433969,33.699613],[134.433793,33.699803],[134.433713,33.699946],[134.433699,33.700081],[134.433757,33.700236],[134.43392,33.70033],[134.434139,33.700389],[134.434397,33.70036],[134.434696,33.70027],[134.434969,33.700105],[134.435097,33.699922],[134.435232,33.699752],[134.435566,33.699202],[134.435757,33.69893],[134.435938,33.698763],[134.436119,33.698616],[134.436987,33.698405],[134.437826,33.698307],[134.438498,33.69827],[134.438772,33.698256],[134.440174,33.698349],[134.441947,33.698767],[134.442995,33.699012],[134.443856,33.699164],[134.446412,33.699596],[134.446842,33.699694],[134.44701,33.699764],[134.447107,33.699949],[134.447231,33.700495],[134.447331,33.700951],[134.447511,33.701386],[134.447722,33.701639],[134.448284,33.701922],[134.449197,33.702142],[134.449925,33.702178],[134.451165,33.702291],[134.452437,33.702408],[134.453347,33.702512],[134.453688,33.702621],[134.454394,33.702848],[134.455573,33.703278],[134.456627,33.703698]]]},"properties":{"S_NAME":"大字橘","HCODE":8101}}]}