{"type":"FeatureCollection","features":[{"type":"Feature","geometry":{"type":"Polygon","coordinates":[[[134.343525,33.62489],[134.34343,33.625071],[134.343121,33.625368],[134.342556,33.625919],[134.342352,33.626156],[134.342226,33.626344],[134.342084,33.626491],[134.342025,33.626547],[134.341814,33.626707],[134.341395,33.626949],[134.341077,33.627207],[134.340818,33.627608],[134.340585,33.628183],[134.34043,33.62829],[134.339963,33.628375],[134.339721,33.628523],[134.33951,33.628809],[134.339445,33.629152],[134.339452,33.62938],[134.339445,33.629636],[134.339404,33.62995],[134.339334,33.630321],[134.339188,33.63083],[134.339037,33.631271],[134.338957,33.632029],[134.338978,33.63249],[134.339078,33.633025],[134.339026,33.63323],[134.338869,33.63358],[134.338589,33.633834],[134.338032,33.634151],[134.337849,33.634299],[134.337773,33.634479],[134.337846,33.634683],[134.33804,33.634925],[134.33864,33.635498],[134.339043,33.635919],[134.339498,33.63637],[134.339787,33.636559],[134.340219,33.636861],[134.340425,33.637006],[134.339892,33.637279],[134.339363,33.637547],[134.338828,33.637841],[134.338609,33.638013],[134.338491,33.63823],[134.338425,33.638455],[134.338312,33.63885],[134.338236,33.639159],[134.338205,33.639494],[134.338191,33.6397],[134.338183,33.639834],[134.338174,33.639956],[134.338136,33.64003],[134.338024,33.640067],[134.337854,33.640072],[134.337674,33.640074],[134.337435,33.640059],[134.33675,33.640056],[134.336475,33.640081],[134.335422,33.640331],[134.335409,33.640305],[134.335384,33.640267],[134.335352,33.640231],[134.335322,33.640199],[134.335281,33.640161],[134.335213,33.640099],[134.335141,33.640041],[134.335052,33.63998],[134.33495,33.639915],[134.334849,33.639851],[134.334761,33.639788],[134.334688,33.639725],[134.33462,33.639651],[134.334559,33.63957],[134.334508,33.639482],[134.334465,33.639394],[134.334443,33.639349],[134.334416,33.639305],[134.334381,33.639259],[134.334337,33.639211],[134.334231,33.639112],[134.334178,33.639058],[134.33413,33.639002],[134.334087,33.638941],[134.334052,33.638876],[134.334022,33.63881],[134.333973,33.638678],[134.333928,33.638549],[134.333882,33.63842],[134.333824,33.638286],[134.333754,33.638146],[134.333672,33.637996],[134.333576,33.637837],[134.333527,33.637758],[134.333423,33.637607],[134.333317,33.637472],[134.333263,33.637409],[134.333152,33.637292],[134.333034,33.637177],[134.33292,33.637068],[134.332818,33.636965],[134.332731,33.636865],[134.332694,33.636814],[134.332661,33.636762],[134.332602,33.636653],[134.332572,33.636602],[134.332535,33.636555],[134.332493,33.636515],[134.33244,33.636483],[134.332379,33.636459],[134.332312,33.63644],[134.332243,33.636423],[134.332103,33.636394],[134.331973,33.636358],[134.331915,33.636338],[134.331896,33.63633],[134.331863,33.636315],[134.331816,33.636288],[134.331737,33.63623],[134.331667,33.636166],[134.331597,33.636099],[134.331566,33.636064],[134.331542,33.636027],[134.331528,33.635989],[134.331522,33.635949],[134.331526,33.635906],[134.331536,33.635863],[134.331566,33.635772],[134.331595,33.635678],[134.331619,33.635585],[134.331636,33.635495],[134.33164,33.635452],[134.331638,33.63541],[134.33163,33.635369],[134.331619,33.635347],[134.331613,33.635331],[134.331585,33.635294],[134.331547,33.635259],[134.331454,33.63519],[134.33135,33.635118],[134.331244,33.635041],[134.331138,33.634956],[134.331033,33.634863],[134.330934,33.634768],[134.330842,33.634676],[134.330756,33.634586],[134.330667,33.634496],[134.33057,33.634397],[134.330528,33.634344],[134.330495,33.634288],[134.330476,33.63423],[134.330472,33.634167],[134.330479,33.634103],[134.330505,33.633974],[134.33051,33.633912],[134.330501,33.633854],[134.330484,33.633799],[134.330458,33.633745],[134.330396,33.633635],[134.330364,33.633577],[134.330334,33.633516],[134.330284,33.633391],[134.330247,33.633263],[134.330219,33.633138],[134.330186,33.633022],[134.33014,33.632916],[134.330093,33.632817],[134.330074,33.632767],[134.330065,33.632733],[134.33006,33.632716],[134.330051,33.632664],[134.330042,33.632553],[134.330034,33.632431],[134.330022,33.632303],[134.330008,33.632185],[134.329989,33.632088],[134.329973,33.632047],[134.329952,33.63201],[134.329923,33.631976],[134.329883,33.631943],[134.329835,33.631912],[134.329781,33.631881],[134.32969,33.631837],[134.329605,33.6318],[134.329405,33.631716],[134.329218,33.631642],[134.329045,33.631578],[134.328885,33.63152],[134.328808,33.63149],[134.328665,33.631427],[134.328599,33.631391],[134.328536,33.63135],[134.328476,33.631302],[134.328365,33.6312],[134.328264,33.631105],[134.328168,33.631028],[134.328123,33.630991],[134.328082,33.63095],[134.328045,33.630902],[134.328011,33.630844],[134.327983,33.63078],[134.327962,33.630713],[134.327946,33.630649],[134.327939,33.630592],[134.327939,33.630543],[134.327945,33.630502],[134.327956,33.630466],[134.327988,33.630399],[134.32802,33.630322],[134.32805,33.630242],[134.328075,33.630171],[134.328095,33.630112],[134.328113,33.630065],[134.328126,33.630025],[134.32813,33.630005],[134.32813,33.629984],[134.328125,33.629958],[134.3281,33.62989],[134.328064,33.629807],[134.328029,33.629719],[134.327998,33.629628],[134.327967,33.629539],[134.327932,33.629454],[134.327894,33.629378],[134.327856,33.629318],[134.327812,33.629268],[134.327759,33.629208],[134.327688,33.629125],[134.327601,33.629025],[134.327496,33.62892],[134.327383,33.62882],[134.327279,33.628729],[134.327193,33.628651],[134.327126,33.628586],[134.327072,33.628531],[134.327029,33.628476],[134.32701,33.628445],[134.326993,33.628408],[134.326978,33.628364],[134.326966,33.628316],[134.326953,33.628212],[134.326953,33.628162],[134.326958,33.628116],[134.326969,33.628073],[134.326996,33.628002],[134.327027,33.627932],[134.327054,33.627874],[134.327095,33.627787],[134.327125,33.627726],[134.327148,33.627675],[134.327169,33.627634],[134.327189,33.627598],[134.327207,33.62756],[134.327224,33.627522],[134.327237,33.627484],[134.327243,33.627444],[134.327247,33.627402],[134.32725,33.627356],[134.327251,33.627345],[134.327253,33.627304],[134.327257,33.627248],[134.32726,33.627194],[134.327258,33.627146],[134.327258,33.6271],[134.327263,33.627054],[134.327274,33.627005],[134.327292,33.626955],[134.327313,33.626907],[134.327334,33.626865],[134.327373,33.626802],[134.327424,33.626725],[134.327463,33.626671],[134.327496,33.626627],[134.327519,33.626584],[134.327526,33.626558],[134.32753,33.62649],[134.327524,33.62641],[134.32751,33.626328],[134.327495,33.62625],[134.327484,33.626174],[134.32748,33.626136],[134.327483,33.626062],[134.327495,33.625986],[134.327515,33.625904],[134.327539,33.625825],[134.32756,33.625756],[134.327572,33.625695],[134.327568,33.625628],[134.327558,33.625588],[134.327527,33.625506],[134.327493,33.62543],[134.327463,33.625372],[134.327438,33.62532],[134.327415,33.625256],[134.327394,33.625179],[134.327375,33.625104],[134.327358,33.625041],[134.327339,33.624984],[134.327314,33.624926],[134.32728,33.624862],[134.327243,33.624801],[134.32721,33.624747],[134.327188,33.624703],[134.327183,33.624694],[134.327167,33.624633],[134.327162,33.624561],[134.327169,33.624485],[134.327184,33.624404],[134.327203,33.62432],[134.32722,33.624234],[134.327227,33.624147],[134.327226,33.624105],[134.32722,33.624066],[134.327208,33.624028],[134.327192,33.623992],[134.327145,33.623917],[134.327086,33.623823],[134.327016,33.623703],[134.326933,33.62356],[134.326925,33.623547],[134.326837,33.623399],[134.326746,33.623244],[134.326676,33.623122],[134.32663,33.623035],[134.326547,33.622867],[134.326547,33.622842],[134.326554,33.62281],[134.326607,33.622711],[134.326664,33.622615],[134.326706,33.62255],[134.326746,33.622486],[134.32681,33.622371],[134.326869,33.622254],[134.326926,33.622132],[134.326985,33.622006],[134.327048,33.621883],[134.327078,33.621827],[134.327144,33.62172],[134.327212,33.621614],[134.327267,33.621526],[134.327322,33.62144],[134.327368,33.621372],[134.327407,33.62132],[134.327453,33.621269],[134.327509,33.62121],[134.327532,33.62118],[134.327547,33.621152],[134.327549,33.621141],[134.327551,33.621124],[134.327541,33.621098],[134.32752,33.621074],[134.327493,33.621051],[134.327428,33.62101],[134.327351,33.620966],[134.327278,33.620927],[134.327194,33.62088],[134.327095,33.620818],[134.327068,33.620799],[134.327002,33.62075],[134.32696,33.620715],[134.326885,33.620643],[134.326852,33.620603],[134.326825,33.620564],[134.326798,33.620518],[134.326755,33.62042],[134.326723,33.620324],[134.32666,33.620207],[134.326604,33.620176],[134.326542,33.620164],[134.326478,33.620167],[134.326198,33.620216],[134.326133,33.620221],[134.326072,33.620219],[134.326011,33.620207],[134.325978,33.620193],[134.325931,33.620163],[134.325875,33.62011],[134.325811,33.620024],[134.325743,33.61987],[134.325672,33.619691],[134.325643,33.619645],[134.325616,33.619608],[134.325575,33.619565],[134.32541,33.619456],[134.325345,33.619407],[134.325312,33.619376],[134.325303,33.619332],[134.325298,33.619282],[134.325312,33.619206],[134.325329,33.619123],[134.325328,33.619044],[134.32531,33.618961],[134.32527,33.618875],[134.325212,33.618779],[134.325154,33.618692],[134.325075,33.618601],[134.325005,33.618536],[134.324799,33.618395],[134.324612,33.618256],[134.324494,33.618169],[134.324376,33.618055],[134.324275,33.617936],[134.324195,33.617814],[134.324131,33.617723],[134.324081,33.617664],[134.32401,33.617609],[134.323934,33.61757],[134.323878,33.617543],[134.323808,33.617529],[134.323746,33.617515],[134.323652,33.617501],[134.323401,33.617481],[134.323345,33.617466],[134.323299,33.617434],[134.323264,33.617405],[134.323216,33.617314],[134.323079,33.617049],[134.32296,33.616769],[134.322894,33.616622],[134.322792,33.616408],[134.322732,33.616179],[134.322691,33.615903],[134.322645,33.61506],[134.322652,33.614907],[134.322674,33.614439],[134.322682,33.614067],[134.322723,33.613732],[134.324825,33.613774],[134.325489,33.613789],[134.326221,33.613831],[134.326759,33.613904],[134.327198,33.613985],[134.327574,33.613877],[134.327871,33.613818],[134.328214,33.613806],[134.328618,33.613835],[134.328804,33.613911],[134.329032,33.614029],[134.329353,33.614188],[134.329556,33.61432],[134.329659,33.614587],[134.32968,33.615001],[134.329725,33.615303],[134.329854,33.61557],[134.329981,33.615681],[134.330287,33.615826],[134.33046,33.615892],[134.330804,33.615967],[134.33121,33.616099],[134.331313,33.616185],[134.331383,33.616328],[134.331394,33.616579],[134.331455,33.616803],[134.331591,33.617058],[134.331754,33.617353],[134.331858,33.617505],[134.332366,33.618027],[134.33262,33.618226],[134.333011,33.618494],[134.3334,33.618674],[134.33378,33.61884],[134.334304,33.619128],[134.334714,33.619308],[134.334984,33.619468],[134.335104,33.619629],[134.335173,33.619804],[134.335199,33.620016],[134.335156,33.620284],[134.334977,33.620705],[134.334629,33.621329],[134.334562,33.621521],[134.334609,33.621664],[134.334804,33.62172],[134.335016,33.621695],[134.335221,33.621617],[134.335357,33.621492],[134.335423,33.621262],[134.335525,33.621099],[134.335741,33.620973],[134.336083,33.620846],[134.336276,33.620788],[134.336278,33.620988],[134.336257,33.621141],[134.336031,33.62143],[134.335838,33.621603],[134.335669,33.621843],[134.335606,33.622022],[134.335667,33.622194],[134.335773,33.622331],[134.335921,33.622403],[134.336077,33.622434],[134.336308,33.622394],[134.336384,33.62239],[134.336447,33.622414],[134.336621,33.622595],[134.336681,33.622637],[134.336887,33.622692],[134.337109,33.622777],[134.337366,33.62288],[134.337624,33.622949],[134.33783,33.622997],[134.338154,33.623033],[134.338436,33.623014],[134.338756,33.623029],[134.339039,33.623144],[134.339315,33.623295],[134.339614,33.623427],[134.339844,33.623531],[134.340073,33.623567],[134.340349,33.623654],[134.340606,33.623694],[134.340985,33.623729],[134.341036,33.623766],[134.341205,33.624256],[134.34125,33.624289],[134.341334,33.624339],[134.34149,33.624338],[134.341635,33.624333],[134.341823,33.624357],[134.34194,33.624403],[134.341991,33.624468],[134.342009,33.624589],[134.341932,33.624766],[134.341925,33.624811],[134.341953,33.624829],[134.342008,33.624829],[134.342095,33.624795],[134.34258,33.624536],[134.342736,33.624469],[134.34288,33.624431],[134.343014,33.624444],[134.343104,33.624472],[134.34316,33.624518],[134.343273,33.62469],[134.343373,33.624809],[134.34345,33.624859],[134.343525,33.62489]]]},"properties":{"S_NAME":"熟田","HCODE":8101}},{"type":"Feature","geometry":{"type":"Polygon","coordinates":[[[134.341359,33.607922],[134.341293,33.60819],[134.341271,33.608305],[134.341252,33.608622],[134.34122,33.608938],[134.341199,33.609139],[134.34133,33.609627],[134.341377,33.609742],[134.34131,33.609905],[134.34134,33.610015],[134.341266,33.610059],[134.341088,33.610026],[134.340916,33.610085],[134.340768,33.610201],[134.340689,33.610326],[134.340668,33.61103],[134.340592,33.611452],[134.340583,33.61174],[134.340501,33.612119],[134.340338,33.61245],[134.340117,33.612744],[134.339999,33.61297],[134.339844,33.613507],[134.339796,33.613903],[134.339807,33.615052],[134.339717,33.615234],[134.339514,33.615493],[134.339345,33.615829],[134.339135,33.616567],[134.338969,33.617141],[134.338829,33.617415],[134.338478,33.617752],[134.338035,33.618108],[134.337906,33.618372],[134.337896,33.618535],[134.33792,33.618668],[134.338187,33.61903],[134.338257,33.619154],[134.338241,33.619283],[134.338116,33.619379],[134.338037,33.619533],[134.338018,33.619858],[134.338102,33.620268],[134.338185,33.620593],[134.338268,33.620865],[134.338379,33.621059],[134.33867,33.621627],[134.33917,33.622465],[134.339331,33.622597],[134.339584,33.622691],[134.339984,33.622689],[134.340202,33.622802],[134.340318,33.622944],[134.340355,33.623202],[134.340349,33.623654],[134.340073,33.623567],[134.339844,33.623531],[134.339614,33.623427],[134.339315,33.623295],[134.339039,33.623144],[134.338756,33.623029],[134.338436,33.623014],[134.338154,33.623033],[134.33783,33.622997],[134.337624,33.622949],[134.337366,33.62288],[134.337109,33.622777],[134.336887,33.622692],[134.336681,33.622637],[134.336621,33.622595],[134.336447,33.622414],[134.336384,33.62239],[134.336308,33.622394],[134.336077,33.622434],[134.335921,33.622403],[134.335773,33.622331],[134.335667,33.622194],[134.335606,33.622022],[134.335669,33.621843],[134.335838,33.621603],[134.336031,33.62143],[134.336257,33.621141],[134.336278,33.620988],[134.336276,33.620788],[134.336083,33.620846],[134.335741,33.620973],[134.335525,33.621099],[134.335423,33.621262],[134.335357,33.621492],[134.335221,33.621617],[134.335016,33.621695],[134.334804,33.62172],[134.334609,33.621664],[134.334562,33.621521],[134.334629,33.621329],[134.334977,33.620705],[134.335156,33.620284],[134.335199,33.620016],[134.335173,33.619804],[134.335104,33.619629],[134.334984,33.619468],[134.334714,33.619308],[134.334304,33.619128],[134.33378,33.61884],[134.3334,33.618674],[134.333011,33.618494],[134.33262,33.618226],[134.332366,33.618027],[134.331858,33.617505],[134.331754,33.617353],[134.331591,33.617058],[134.331455,33.616803],[134.331394,33.616579],[134.331383,33.616328],[134.331313,33.616185],[134.33121,33.616099],[134.330804,33.615967],[134.33046,33.615892],[134.330287,33.615826],[134.329981,33.615681],[134.329854,33.61557],[134.329725,33.615303],[134.32968,33.615001],[134.329659,33.614587],[134.329556,33.61432],[134.329353,33.614188],[134.329032,33.614029],[134.328804,33.613911],[134.328618,33.613835],[134.328214,33.613806],[134.327871,33.613818],[134.327574,33.613877],[134.327198,33.613985],[134.326759,33.613904],[134.326221,33.613831],[134.325489,33.613789],[134.324825,33.613774],[134.322723,33.613732],[134.322712,33.613619],[134.322775,33.613023],[134.322793,33.612761],[134.322885,33.611963],[134.322942,33.611659],[134.323032,33.61128],[134.323135,33.610903],[134.323225,33.61057],[134.323359,33.610191],[134.323519,33.609813],[134.323687,33.609582],[134.323801,33.609465],[134.323826,33.60944],[134.324153,33.609112],[134.324529,33.608743],[134.324845,33.608455],[134.324991,33.608337],[134.325229,33.608174],[134.325453,33.608048],[134.325825,33.60785],[134.326332,33.607626],[134.32653,33.607537],[134.326745,33.607443],[134.326993,33.607341],[134.327552,33.607127],[134.328193,33.606907],[134.32884,33.606688],[134.329799,33.606371],[134.330091,33.606281],[134.330627,33.606106],[134.331059,33.605976],[134.33135,33.605891],[134.331707,33.605933],[134.331913,33.60597],[134.332153,33.606069],[134.332487,33.606266],[134.332681,33.606409],[134.332842,33.606514],[134.332982,33.606563],[134.333188,33.606595],[134.333264,33.606598],[134.333387,33.606604],[134.333494,33.606665],[134.333604,33.606823],[134.33371,33.607024],[134.333725,33.607135],[134.333758,33.60718],[134.333871,33.607173],[134.333983,33.607111],[134.334135,33.607016],[134.334234,33.606971],[134.334357,33.606917],[134.334489,33.606883],[134.335099,33.606723],[134.335198,33.606706],[134.335264,33.606628],[134.335289,33.6065],[134.335295,33.606411],[134.335334,33.606339],[134.335434,33.606294],[134.335599,33.60627],[134.335686,33.606253],[134.335738,33.606208],[134.335718,33.606142],[134.335644,33.606031],[134.33557,33.605932],[134.335509,33.605877],[134.335489,33.605816],[134.335528,33.605765],[134.335713,33.605692],[134.33574,33.605647],[134.335706,33.605581],[134.335568,33.60544],[134.335468,33.605358],[134.335434,33.60528],[134.335426,33.605191],[134.335439,33.605113],[134.335511,33.60503],[134.335729,33.604945],[134.335808,33.604861],[134.335814,33.604744],[134.335806,33.604594],[134.335817,33.604439],[134.335842,33.604255],[134.336004,33.604124],[134.336639,33.604025],[134.337147,33.603943],[134.337415,33.603888],[134.337541,33.604224],[134.337732,33.604733],[134.337964,33.605263],[134.338372,33.605955],[134.338717,33.606546],[134.339163,33.607497],[134.339211,33.607598],[134.339279,33.607636],[134.339447,33.607652],[134.340497,33.607717],[134.340918,33.607794],[134.341359,33.607922]]]},"properties":{"S_NAME":"吉野","HCODE":8101}},{"type":"Feature","geometry":{"type":"Polygon","coordinates":[[[134.351028,33.603812],[134.350289,33.603832],[134.350357,33.604324],[134.35031,33.604364],[134.350161,33.604527],[134.350119,33.604669],[134.350071,33.604868],[134.350046,33.604958],[134.349855,33.6052],[134.349792,33.605232],[134.349692,33.605227],[134.349598,33.605249],[134.349523,33.605291],[134.349493,33.60538],[134.349437,33.605444],[134.349356,33.605455],[134.349142,33.605409],[134.349048,33.60541],[134.348929,33.605437],[134.348848,33.605448],[134.348328,33.605441],[134.348165,33.605458],[134.347872,33.605554],[134.347753,33.605628],[134.34771,33.605702],[134.347705,33.605843],[134.347715,33.605898],[134.347672,33.605935],[134.346771,33.606104],[134.34659,33.606142],[134.34654,33.606194],[134.34653,33.606482],[134.346494,33.606556],[134.346425,33.606614],[134.346163,33.606726],[134.346051,33.606774],[134.346014,33.606821],[134.345959,33.606989],[134.3459,33.607029],[134.345718,33.607068],[134.345546,33.607079],[134.345326,33.607026],[134.345213,33.607033],[134.344984,33.607111],[134.34455,33.607172],[134.344458,33.607211],[134.344459,33.607307],[134.344506,33.607421],[134.34445,33.607537],[134.344417,33.607633],[134.344201,33.607611],[134.344044,33.607628],[134.343488,33.607737],[134.343077,33.607805],[134.342723,33.607874],[134.34254,33.607952],[134.342278,33.608107],[134.342106,33.608137],[134.341936,33.608137],[134.341653,33.608018],[134.341359,33.607922],[134.340918,33.607794],[134.340497,33.607717],[134.339447,33.607652],[134.339279,33.607636],[134.339211,33.607598],[134.339163,33.607497],[134.338717,33.606546],[134.338372,33.605955],[134.337964,33.605263],[134.337732,33.604733],[134.337541,33.604224],[134.337415,33.603888],[134.337861,33.60374],[134.338514,33.603565],[134.338797,33.603492],[134.339319,33.603354],[134.339599,33.603269],[134.339773,33.603233],[134.339853,33.603216],[134.340063,33.60318],[134.340282,33.603157],[134.341024,33.603064],[134.341334,33.603023],[134.34185,33.602948],[134.342244,33.602865],[134.34244,33.602807],[134.342609,33.602747],[134.342961,33.602615],[134.343147,33.602521],[134.343328,33.602442],[134.343654,33.602278],[134.344581,33.601756],[134.345215,33.601385],[134.345683,33.601081],[134.345823,33.600989],[134.346165,33.600765],[134.346685,33.600437],[134.347426,33.599994],[134.347892,33.599771],[134.34887,33.599329],[134.349446,33.599081],[134.349937,33.598834],[134.350002,33.598801],[134.35031,33.598642],[134.350625,33.598488],[134.35123,33.598225],[134.351562,33.598086],[134.351775,33.597999],[134.351222,33.599908],[134.350682,33.60163],[134.350767,33.602],[134.350797,33.602409],[134.350817,33.602647],[134.350842,33.603164],[134.350937,33.603264],[134.351092,33.603319],[134.351076,33.60356],[134.351028,33.603812]]]},"properties":{"S_NAME":"多良","HCODE":8101}},{"type":"Feature","geometry":{"type":"Polygon","coordinates":[[[134.356832,33.618442],[134.356596,33.61845],[134.355657,33.618474],[134.354953,33.618532],[134.354811,33.618788],[134.35446,33.618844],[134.354204,33.618845],[134.353835,33.618781],[134.353402,33.618666],[134.353056,33.618601],[134.352787,33.618599],[134.352452,33.618708],[134.352155,33.61882],[134.351963,33.618914],[134.351677,33.61913],[134.35144,33.619233],[134.351205,33.619357],[134.350976,33.619443],[134.350672,33.619499],[134.35033,33.619688],[134.349898,33.620143],[134.349071,33.620751],[134.348453,33.621135],[134.348228,33.621312],[134.34803,33.621494],[134.347689,33.621824],[134.347457,33.622204],[134.347146,33.62236],[134.346701,33.62265],[134.346455,33.6229],[134.346257,33.623088],[134.346137,33.623176],[134.345994,33.623308],[134.345802,33.623372],[134.345567,33.623371],[134.345455,33.623405],[134.345424,33.623445],[134.345307,33.623761],[134.345195,33.623842],[134.344988,33.623923],[134.344748,33.623972],[134.344413,33.624075],[134.344102,33.624178],[134.34357,33.624603],[134.343566,33.624748],[134.343544,33.624869],[134.343525,33.62489],[134.34345,33.624859],[134.343373,33.624809],[134.343273,33.62469],[134.34316,33.624518],[134.343104,33.624472],[134.343014,33.624444],[134.34288,33.624431],[134.342736,33.624469],[134.34258,33.624536],[134.342095,33.624795],[134.342008,33.624829],[134.341953,33.624829],[134.341925,33.624811],[134.341932,33.624766],[134.342009,33.624589],[134.341991,33.624468],[134.34194,33.624403],[134.341823,33.624357],[134.341635,33.624333],[134.34149,33.624338],[134.341334,33.624339],[134.34125,33.624289],[134.341205,33.624256],[134.341036,33.623766],[134.340985,33.623729],[134.340606,33.623694],[134.340349,33.623654],[134.340355,33.623202],[134.340318,33.622944],[134.340202,33.622802],[134.339984,33.622689],[134.339584,33.622691],[134.339331,33.622597],[134.33917,33.622465],[134.33867,33.621627],[134.338379,33.621059],[134.338268,33.620865],[134.338185,33.620593],[134.338102,33.620268],[134.338018,33.619858],[134.338037,33.619533],[134.338116,33.619379],[134.338241,33.619283],[134.338257,33.619154],[134.338187,33.61903],[134.33792,33.618668],[134.337896,33.618535],[134.337906,33.618372],[134.338035,33.618108],[134.338478,33.617752],[134.338829,33.617415],[134.338969,33.617141],[134.339135,33.616567],[134.339345,33.615829],[134.339514,33.615493],[134.339717,33.615234],[134.339807,33.615052],[134.339796,33.613903],[134.339844,33.613507],[134.339999,33.61297],[134.340117,33.612744],[134.340338,33.61245],[134.340501,33.612119],[134.340583,33.61174],[134.340592,33.611452],[134.340668,33.61103],[134.340689,33.610326],[134.340768,33.610201],[134.340916,33.610085],[134.341088,33.610026],[134.341266,33.610059],[134.34134,33.610015],[134.34131,33.609905],[134.341377,33.609742],[134.34133,33.609627],[134.341199,33.609139],[134.34122,33.608938],[134.341252,33.608622],[134.341271,33.608305],[134.341293,33.60819],[134.341359,33.607922],[134.341653,33.608018],[134.341936,33.608137],[134.342106,33.608137],[134.342278,33.608107],[134.34254,33.607952],[134.342723,33.607874],[134.343077,33.607805],[134.343488,33.607737],[134.344044,33.607628],[134.344201,33.607611],[134.344417,33.607633],[134.34445,33.607537],[134.344506,33.607421],[134.344459,33.607307],[134.344458,33.607211],[134.34455,33.607172],[134.344984,33.607111],[134.345213,33.607033],[134.345326,33.607026],[134.345546,33.607079],[134.345718,33.607068],[134.3459,33.607029],[134.345959,33.606989],[134.346014,33.606821],[134.346051,33.606774],[134.346163,33.606726],[134.346425,33.606614],[134.346494,33.606556],[134.34653,33.606482],[134.34654,33.606194],[134.34659,33.606142],[134.346771,33.606104],[134.347672,33.605935],[134.347715,33.605898],[134.347705,33.605843],[134.34771,33.605702],[134.347753,33.605628],[134.347872,33.605554],[134.348165,33.605458],[134.348328,33.605441],[134.348848,33.605448],[134.348929,33.605437],[134.349048,33.60541],[134.349142,33.605409],[134.349356,33.605455],[134.349437,33.605444],[134.349493,33.60538],[134.349523,33.605291],[134.349598,33.605249],[134.349692,33.605227],[134.349792,33.605232],[134.349855,33.6052],[134.350046,33.604958],[134.350071,33.604868],[134.350119,33.604669],[134.350161,33.604527],[134.35031,33.604364],[134.350357,33.604324],[134.350289,33.603832],[134.351028,33.603812],[134.350998,33.603938],[134.351404,33.603762],[134.351453,33.603841],[134.351665,33.604184],[134.351903,33.604554],[134.352013,33.604811],[134.352204,33.605169],[134.352293,33.605943],[134.352339,33.606582],[134.353852,33.60633],[134.354934,33.606099],[134.355048,33.605738],[134.355202,33.605737],[134.355334,33.605756],[134.355458,33.605813],[134.35552,33.60589],[134.355655,33.606237],[134.35575,33.606552],[134.355806,33.606675],[134.356048,33.60704],[134.356143,33.607246],[134.356222,33.607407],[134.356332,33.607599],[134.356213,33.607782],[134.356402,33.608006],[134.356473,33.608179],[134.356537,33.608416],[134.356623,33.608618],[134.356806,33.608993],[134.356996,33.609316],[134.357173,33.609633],[134.357578,33.61035],[134.357824,33.610702],[134.357922,33.61084],[134.358318,33.61093],[134.358407,33.610918],[134.358579,33.610754],[134.358764,33.610941],[134.358881,33.61107],[134.359116,33.611226],[134.359314,33.611451],[134.359456,33.611623],[134.359566,33.611758],[134.3596,33.611885],[134.359612,33.612011],[134.359463,33.612275],[134.359353,33.61267],[134.359326,33.613196],[134.359266,33.613704],[134.359189,33.613991],[134.359118,33.614264],[134.358955,33.614508],[134.358679,33.614881],[134.358401,33.615367],[134.358225,33.615878],[134.358147,33.616256],[134.358044,33.616574],[134.357957,33.616763],[134.357793,33.616987],[134.357513,33.6172],[134.357312,33.61746],[134.357099,33.617689],[134.356978,33.617903],[134.356905,33.618149],[134.356832,33.618442]]]},"properties":{"S_NAME":"四方原","HCODE":8101}},{"type":"Feature","geometry":{"type":"Polygon","coordinates":[[[134.383225,33.618756],[134.382844,33.618946],[134.382599,33.619054],[134.382383,33.619208],[134.382269,33.619265],[134.382129,33.619314],[134.38209,33.619354],[134.382031,33.619387],[134.381948,33.619401],[134.381849,33.619395],[134.381774,33.619409],[134.381731,33.619442],[134.381637,33.619602],[134.381578,33.619639],[134.381495,33.619662],[134.381424,33.619653],[134.381301,33.619591],[134.381157,33.619522],[134.381074,33.619513],[134.380987,33.619534],[134.380889,33.619594],[134.380771,33.619674],[134.380712,33.619737],[134.380673,33.619804],[134.380627,33.619867],[134.380548,33.619907],[134.380473,33.619928],[134.380425,33.619944],[134.380411,33.619903],[134.380408,33.61986],[134.380411,33.619812],[134.38042,33.619762],[134.380427,33.619711],[134.380429,33.619662],[134.380425,33.619617],[134.380418,33.619595],[134.380408,33.619575],[134.380395,33.619558],[134.380376,33.619543],[134.380356,33.61953],[134.380306,33.619513],[134.380253,33.619503],[134.380209,33.619498],[134.380124,33.619495],[134.380041,33.619491],[134.38,33.619486],[134.379963,33.619478],[134.379894,33.619454],[134.379862,33.619437],[134.379832,33.619418],[134.379806,33.619397],[134.379766,33.619353],[134.379735,33.619305],[134.379711,33.619255],[134.379679,33.619178],[134.379651,33.619102],[134.379626,33.619025],[134.37961,33.618975],[134.379593,33.618925],[134.379577,33.618876],[134.379545,33.618787],[134.379509,33.618699],[134.379463,33.618605],[134.37943,33.618552],[134.379411,33.618528],[134.37939,33.618508],[134.379368,33.618493],[134.379342,33.618486],[134.37932,33.618484],[134.379277,33.618492],[134.379234,33.618511],[134.379194,33.61854],[134.379157,33.618578],[134.379127,33.618619],[134.379098,33.618659],[134.379066,33.618696],[134.37903,33.61873],[134.37901,33.618746],[134.378975,33.618766],[134.378936,33.618783],[134.378896,33.618797],[134.378857,33.618805],[134.378818,33.61881],[134.37878,33.61881],[134.378738,33.618799],[134.378698,33.618783],[134.37866,33.618764],[134.378601,33.618735],[134.378543,33.618708],[134.378485,33.618681],[134.378424,33.618653],[134.378365,33.618628],[134.378305,33.618602],[134.37821,33.618562],[134.378114,33.618525],[134.378014,33.618491],[134.377955,33.618473],[134.377898,33.618451],[134.377874,33.618437],[134.377853,33.618421],[134.377837,33.618404],[134.377812,33.618367],[134.377795,33.618325],[134.377779,33.618275],[134.377766,33.61822],[134.37775,33.618165],[134.377737,33.618124],[134.377725,33.618096],[134.377709,33.618068],[134.377688,33.618038],[134.37766,33.61801],[134.377628,33.617987],[134.377616,33.61798],[134.37761,33.617978],[134.37756,33.617964],[134.377508,33.617959],[134.377454,33.617957],[134.377366,33.61796],[134.377282,33.617966],[134.377201,33.617977],[134.37717,33.617983],[134.37713,33.617992],[134.377061,33.618012],[134.376993,33.618035],[134.376929,33.618058],[134.376867,33.618084],[134.376808,33.618114],[134.376756,33.618145],[134.376707,33.618181],[134.37666,33.618218],[134.376594,33.618268],[134.376523,33.618314],[134.376485,33.618332],[134.376446,33.618347],[134.376396,33.618359],[134.376347,33.618363],[134.376297,33.61836],[134.376264,33.618353],[134.376231,33.618343],[134.376171,33.618314],[134.376114,33.618278],[134.376071,33.618246],[134.376028,33.618217],[134.375983,33.618195],[134.375952,33.618186],[134.375919,33.618181],[134.37585,33.61818],[134.375781,33.618184],[134.375711,33.618188],[134.375643,33.618191],[134.375573,33.618189],[134.375495,33.61818],[134.375418,33.618176],[134.375383,33.61818],[134.37535,33.61819],[134.375315,33.61821],[134.375285,33.618238],[134.375257,33.618268],[134.375224,33.618306],[134.375193,33.618343],[134.375166,33.618381],[134.375132,33.61843],[134.375097,33.618478],[134.375055,33.618522],[134.375006,33.618557],[134.374949,33.618584],[134.374889,33.618604],[134.37483,33.618614],[134.374769,33.618617],[134.37471,33.618615],[134.374665,33.618608],[134.374621,33.618599],[134.374576,33.618591],[134.374531,33.618581],[134.374487,33.61857],[134.374446,33.618555],[134.374395,33.618526],[134.374345,33.618497],[134.374319,33.618485],[134.374293,33.618477],[134.37425,33.618473],[134.374202,33.618471],[134.37416,33.618467],[134.374119,33.618464],[134.374092,33.618475],[134.374053,33.618453],[134.373849,33.618312],[134.373544,33.618048],[134.373302,33.617863],[134.373166,33.617738],[134.373046,33.61753],[134.372942,33.617293],[134.372871,33.617112],[134.372111,33.61761],[134.371692,33.617466],[134.371593,33.617471],[134.371527,33.617508],[134.371418,33.617592],[134.371276,33.617634],[134.371171,33.617639],[134.37109,33.617624],[134.371009,33.617566],[134.370951,33.617511],[134.370859,33.617274],[134.370767,33.617041],[134.370704,33.6169],[134.370679,33.616805],[134.370678,33.61671],[134.370752,33.61646],[134.370765,33.616367],[134.370769,33.61631],[134.37074,33.616263],[134.370664,33.616224],[134.370593,33.616189],[134.370498,33.616173],[134.370441,33.616202],[134.370352,33.616285],[134.370273,33.616369],[134.370198,33.616484],[134.370158,33.616526],[134.370109,33.616544],[134.370043,33.616556],[134.369803,33.616545],[134.369661,33.616566],[134.36951,33.616591],[134.36943,33.616599],[134.369401,33.616568],[134.369424,33.616544],[134.36948,33.616484],[134.369536,33.616385],[134.369559,33.616314],[134.369535,33.616254],[134.369459,33.616215],[134.369329,33.616162],[134.369201,33.616115],[134.369083,33.616092],[134.368997,33.616081],[134.368879,33.61611],[134.368729,33.616178],[134.368624,33.616155],[134.368318,33.616048],[134.36811,33.616042],[134.367864,33.616052],[134.367344,33.616079],[134.367212,33.616143],[134.3671,33.616286],[134.367026,33.616398],[134.366534,33.616417],[134.366316,33.616371],[134.365521,33.616424],[134.365276,33.616442],[134.365039,33.616475],[134.364578,33.616684],[134.364136,33.616924],[134.363711,33.617014],[134.363352,33.617127],[134.362861,33.617186],[134.362464,33.61726],[134.362168,33.617408],[134.362004,33.617595],[134.361912,33.617849],[134.361933,33.618023],[134.361857,33.618063],[134.361394,33.618082],[134.360658,33.618269],[134.360337,33.618382],[134.360054,33.618487],[134.359847,33.618599],[134.359705,33.618592],[134.359582,33.61853],[134.359024,33.61833],[134.358326,33.618321],[134.357475,33.618374],[134.356832,33.618442],[134.356905,33.618149],[134.356978,33.617903],[134.357099,33.617689],[134.357312,33.61746],[134.357513,33.6172],[134.357793,33.616987],[134.357957,33.616763],[134.358044,33.616574],[134.358147,33.616256],[134.358225,33.615878],[134.358401,33.615367],[134.358679,33.614881],[134.358955,33.614508],[134.359118,33.614264],[134.359189,33.613991],[134.359266,33.613704],[134.359326,33.613196],[134.359353,33.61267],[134.359463,33.612275],[134.359612,33.612011],[134.3596,33.611885],[134.359566,33.611758],[134.359456,33.611623],[134.359314,33.611451],[134.359116,33.611226],[134.358881,33.61107],[134.358764,33.610941],[134.358579,33.610754],[134.358407,33.610918],[134.358318,33.61093],[134.357922,33.61084],[134.357824,33.610702],[134.357578,33.61035],[134.357173,33.609633],[134.356996,33.609316],[134.356806,33.608993],[134.356623,33.608618],[134.356537,33.608416],[134.356473,33.608179],[134.356402,33.608006],[134.356213,33.607782],[134.356332,33.607599],[134.356222,33.607407],[134.356143,33.607246],[134.356048,33.60704],[134.355806,33.606675],[134.35575,33.606552],[134.355655,33.606237],[134.35552,33.60589],[134.355458,33.605813],[134.355334,33.605756],[134.355202,33.605737],[134.355048,33.605738],[134.354934,33.606099],[134.353852,33.60633],[134.352339,33.606582],[134.352293,33.605943],[134.352204,33.605169],[134.352013,33.604811],[134.351903,33.604554],[134.351665,33.604184],[134.351453,33.603841],[134.351404,33.603762],[134.350998,33.603938],[134.351028,33.603812],[134.351076,33.60356],[134.351092,33.603319],[134.350937,33.603264],[134.350842,33.603164],[134.350817,33.602647],[134.350797,33.602409],[134.350767,33.602],[134.350682,33.60163],[134.351222,33.599908],[134.351775,33.597999],[134.352188,33.597815],[134.352225,33.597802],[134.352549,33.597685],[134.352852,33.597571],[134.353429,33.597376],[134.353852,33.597254],[134.354313,33.597164],[134.355058,33.59701],[134.355289,33.596969],[134.355356,33.596949],[134.355528,33.596911],[134.355805,33.596863],[134.35589,33.596871],[134.35613,33.596916],[134.356624,33.596984],[134.35678,33.597008],[134.357391,33.597051],[134.357795,33.597088],[134.358121,33.597134],[134.358371,33.597207],[134.358605,33.597315],[134.358771,33.597441],[134.358939,33.597631],[134.359044,33.597749],[134.359226,33.597739],[134.359346,33.597766],[134.359461,33.597838],[134.359534,33.598043],[134.359546,33.59817],[134.359525,33.598234],[134.35946,33.598262],[134.359275,33.598313],[134.359397,33.598789],[134.35943,33.598809],[134.359479,33.598772],[134.359533,33.59874],[134.359618,33.59865],[134.359678,33.598542],[134.359812,33.598286],[134.359887,33.598148],[134.35999,33.597944],[134.360507,33.597164],[134.360545,33.597117],[134.360673,33.596953],[134.360791,33.596792],[134.360857,33.596701],[134.36099,33.596542],[134.361073,33.596503],[134.361203,33.596495],[134.361375,33.596539],[134.361482,33.596591],[134.361623,33.596719],[134.361711,33.596874],[134.361916,33.597286],[134.361943,33.597334],[134.362312,33.597292],[134.36244,33.597966],[134.362603,33.59848],[134.362994,33.599317],[134.363459,33.60042],[134.363576,33.600643],[134.363839,33.601097],[134.364305,33.601837],[134.36479,33.602569],[134.365139,33.603054],[134.365604,33.603642],[134.365759,33.60384],[134.366242,33.604364],[134.366358,33.604531],[134.367127,33.605345],[134.368169,33.606305],[134.368229,33.606358],[134.369104,33.607121],[134.369528,33.607446],[134.369981,33.607818],[134.371898,33.609296],[134.372553,33.609714],[134.372866,33.609918],[134.373143,33.610096],[134.373297,33.61019],[134.373663,33.610404],[134.374061,33.610637],[134.374254,33.610753],[134.374433,33.610866],[134.374765,33.611082],[134.374929,33.611187],[134.375097,33.61129],[134.375274,33.611399],[134.375654,33.6116],[134.376064,33.61182],[134.37649,33.612053],[134.376896,33.612276],[134.377079,33.612375],[134.377383,33.612531],[134.377611,33.612643],[134.377766,33.612725],[134.377823,33.612757],[134.377875,33.612782],[134.377927,33.612802],[134.377987,33.612816],[134.378055,33.612823],[134.378205,33.612828],[134.378274,33.612829],[134.378332,33.612834],[134.378365,33.612841],[134.378372,33.612842],[134.378397,33.612853],[134.378429,33.612864],[134.37845,33.612867],[134.378475,33.612862],[134.378532,33.612844],[134.378619,33.612811],[134.37867,33.612796],[134.378781,33.61277],[134.378898,33.612747],[134.379007,33.612727],[134.379059,33.612722],[134.379107,33.61272],[134.379152,33.612725],[134.379191,33.612734],[134.379223,33.61275],[134.379249,33.612769],[134.379267,33.612791],[134.379275,33.612813],[134.379272,33.612834],[134.379262,33.612854],[134.379232,33.612892],[134.37921,33.612927],[134.379206,33.612945],[134.379204,33.612988],[134.379202,33.613041],[134.379203,33.613097],[134.379208,33.613117],[134.379221,33.61313],[134.379241,33.61313],[134.379267,33.613121],[134.379324,33.613086],[134.379376,33.613049],[134.379414,33.613019],[134.37945,33.612997],[134.379486,33.61298],[134.379504,33.612975],[134.379519,33.612976],[134.379532,33.612983],[134.37954,33.612996],[134.379546,33.613015],[134.379549,33.613061],[134.37955,33.613109],[134.379551,33.613129],[134.379557,33.613145],[134.379567,33.613156],[134.379583,33.613162],[134.379632,33.613152],[134.379694,33.613139],[134.379723,33.61314],[134.379746,33.613147],[134.379767,33.613161],[134.379781,33.613179],[134.379791,33.613201],[134.379797,33.613222],[134.379793,33.613258],[134.379792,33.613271],[134.379795,33.613277],[134.379806,33.613277],[134.379855,33.613254],[134.379925,33.61322],[134.379993,33.613196],[134.380022,33.613194],[134.380047,33.613196],[134.380067,33.613204],[134.380084,33.61322],[134.380096,33.613242],[134.380105,33.613267],[134.380108,33.613295],[134.380104,33.613321],[134.380094,33.613344],[134.380076,33.61336],[134.380054,33.613372],[134.380002,33.613389],[134.37998,33.613401],[134.379953,33.613419],[134.379933,33.613437],[134.379911,33.613456],[134.379893,33.613474],[134.379865,33.613501],[134.379833,33.613535],[134.379813,33.613559],[134.379812,33.613564],[134.379815,33.613567],[134.37982,33.613569],[134.379827,33.613569],[134.379843,33.613566],[134.379872,33.613562],[134.379885,33.613563],[134.379893,33.613565],[134.379907,33.613569],[134.379919,33.613574],[134.379928,33.613579],[134.379935,33.613585],[134.379938,33.613588],[134.379942,33.613593],[134.379944,33.613601],[134.379943,33.613615],[134.379939,33.613624],[134.379936,33.613629],[134.379928,33.613637],[134.37992,33.613643],[134.379877,33.613672],[134.379822,33.613704],[134.379769,33.613744],[134.379726,33.613784],[134.379691,33.613833],[134.379667,33.613877],[134.379655,33.613905],[134.37965,33.613926],[134.379646,33.613957],[134.379643,33.61399],[134.379645,33.614036],[134.379643,33.61406],[134.379637,33.614087],[134.37963,33.614107],[134.379614,33.614147],[134.379613,33.614161],[134.379616,33.614172],[134.379622,33.614179],[134.37963,33.614183],[134.379641,33.614185],[134.379669,33.614182],[134.379704,33.614174],[134.379771,33.614156],[134.379829,33.61414],[134.379884,33.61412],[134.379923,33.614099],[134.379962,33.614073],[134.379992,33.614043],[134.380014,33.614011],[134.380033,33.61398],[134.380056,33.61395],[134.380085,33.613923],[134.380122,33.613904],[134.380142,33.613898],[134.380182,33.613892],[134.380223,33.613895],[134.380263,33.613905],[134.380306,33.613922],[134.380352,33.613945],[134.380395,33.613973],[134.380433,33.613999],[134.380472,33.614026],[134.380503,33.61404],[134.380526,33.614045],[134.380545,33.614042],[134.380564,33.614035],[134.380578,33.614025],[134.380587,33.61401],[134.38059,33.614003],[134.380593,33.61399],[134.380592,33.613978],[134.380585,33.613966],[134.380563,33.613951],[134.380536,33.613936],[134.38048,33.613902],[134.380458,33.613881],[134.380435,33.613851],[134.380417,33.613817],[134.380404,33.61378],[134.380394,33.613741],[134.380392,33.613703],[134.380396,33.613686],[134.380405,33.613671],[134.380432,33.61365],[134.38045,33.613641],[134.380487,33.613624],[134.380518,33.613605],[134.380544,33.613585],[134.380568,33.613564],[134.380597,33.613547],[134.380633,33.613535],[134.380673,33.613527],[134.380715,33.613523],[134.380759,33.613523],[134.380802,33.613526],[134.380843,33.613531],[134.380884,33.613538],[134.380927,33.613543],[134.380971,33.613547],[134.381016,33.613549],[134.381053,33.613558],[134.381069,33.613566],[134.381078,33.613578],[134.381092,33.613611],[134.381107,33.61364],[134.381127,33.613663],[134.381147,33.613678],[134.381174,33.613693],[134.38121,33.613705],[134.381245,33.61371],[134.381269,33.613712],[134.381296,33.613712],[134.381323,33.613716],[134.381349,33.61373],[134.381368,33.61375],[134.381373,33.613773],[134.381368,33.613784],[134.381345,33.613804],[134.381322,33.613825],[134.38131,33.613847],[134.381305,33.613864],[134.381304,33.61388],[134.381326,33.613972],[134.381328,33.613979],[134.381335,33.613992],[134.381341,33.614],[134.38135,33.614009],[134.381358,33.614014],[134.381366,33.614016],[134.38137,33.614017],[134.38138,33.61402],[134.381422,33.614023],[134.381461,33.614026],[134.381496,33.614033],[134.381528,33.614047],[134.381563,33.614072],[134.381598,33.614096],[134.381615,33.614101],[134.381634,33.614102],[134.381655,33.614097],[134.381677,33.614085],[134.381693,33.614067],[134.381701,33.61405],[134.381704,33.614031],[134.381704,33.614012],[134.381698,33.613988],[134.381692,33.613962],[134.381691,33.613937],[134.381695,33.61391],[134.381709,33.613885],[134.381719,33.613873],[134.381747,33.613855],[134.381764,33.613849],[134.3818,33.613844],[134.381817,33.613847],[134.381833,33.613852],[134.381846,33.613863],[134.381869,33.613889],[134.38189,33.613911],[134.381906,33.613919],[134.38192,33.613922],[134.381934,33.613922],[134.381971,33.613919],[134.382008,33.613915],[134.382032,33.613919],[134.382055,33.613928],[134.382077,33.613941],[134.382115,33.613975],[134.382149,33.614011],[134.38218,33.614046],[134.38221,33.614081],[134.382238,33.614115],[134.382266,33.614149],[134.382296,33.614176],[134.382329,33.614194],[134.382349,33.614199],[134.38239,33.614207],[134.38243,33.614215],[134.382479,33.614225],[134.382527,33.61424],[134.382574,33.614255],[134.382652,33.614285],[134.382731,33.614316],[134.382814,33.614344],[134.382895,33.61437],[134.382973,33.6144],[134.383008,33.614417],[134.383041,33.614438],[134.383083,33.614477],[134.38312,33.614521],[134.38316,33.614568],[134.383211,33.614624],[134.383257,33.614681],[134.383272,33.61471],[134.38328,33.61474],[134.383279,33.614766],[134.383273,33.614792],[134.383261,33.614819],[134.383246,33.614844],[134.383226,33.614868],[134.383182,33.614912],[134.383131,33.614948],[134.383078,33.614974],[134.383051,33.614983],[134.383001,33.614995],[134.382948,33.614999],[134.382883,33.614993],[134.382821,33.614985],[134.382788,33.614982],[134.382766,33.614984],[134.382752,33.614993],[134.382749,33.615003],[134.382753,33.615015],[134.382761,33.615032],[134.382767,33.615041],[134.382772,33.615053],[134.382774,33.615065],[134.382768,33.615073],[134.382755,33.61508],[134.382739,33.615082],[134.382716,33.615082],[134.382663,33.615076],[134.382608,33.615068],[134.382584,33.615067],[134.382567,33.615071],[134.382556,33.61508],[134.382552,33.61509],[134.382553,33.6151],[134.382556,33.615118],[134.38256,33.615133],[134.38256,33.615145],[134.382555,33.615155],[134.382547,33.615164],[134.382537,33.615172],[134.382523,33.615179],[134.382509,33.615184],[134.382474,33.615193],[134.382402,33.61521],[134.382338,33.615229],[134.382293,33.615252],[134.382275,33.615267],[134.382265,33.615286],[134.38226,33.615307],[134.382258,33.615323],[134.382259,33.615347],[134.382265,33.615386],[134.382278,33.615429],[134.382288,33.615466],[134.382291,33.615499],[134.382287,33.615514],[134.382272,33.615537],[134.38225,33.615559],[134.382201,33.615602],[134.382183,33.615623],[134.382173,33.615647],[134.382172,33.615663],[134.382176,33.615681],[134.38219,33.615706],[134.382217,33.615735],[134.382241,33.615751],[134.38227,33.615765],[134.382301,33.615774],[134.382335,33.61578],[134.382402,33.615791],[134.382455,33.615808],[134.382504,33.615829],[134.382551,33.615857],[134.382593,33.61589],[134.382634,33.615925],[134.382675,33.615957],[134.382725,33.615986],[134.382779,33.616012],[134.382847,33.616035],[134.382902,33.616047],[134.382951,33.616063],[134.382968,33.616075],[134.38298,33.61609],[134.382983,33.616104],[134.382982,33.616137],[134.382983,33.61616],[134.382988,33.616177],[134.383,33.616192],[134.383021,33.616199],[134.383055,33.616202],[134.383098,33.616203],[134.383177,33.616197],[134.383232,33.616197],[134.383256,33.616201],[134.383279,33.616208],[134.383298,33.616218],[134.383316,33.616232],[134.38333,33.616253],[134.383339,33.616276],[134.383339,33.616297],[134.383328,33.616311],[134.38331,33.616321],[134.383264,33.616338],[134.383213,33.616362],[134.383189,33.616376],[134.383169,33.616396],[134.383152,33.61642],[134.383123,33.616458],[134.383106,33.616477],[134.383085,33.616492],[134.383059,33.616505],[134.383032,33.616515],[134.382973,33.616531],[134.382911,33.616547],[134.382848,33.616568],[134.382789,33.616594],[134.382736,33.616624],[134.382692,33.616655],[134.382657,33.616691],[134.382644,33.61671],[134.382634,33.616732],[134.382622,33.616778],[134.382607,33.616827],[134.382595,33.616852],[134.382583,33.616869],[134.382556,33.616907],[134.382551,33.616923],[134.382551,33.616932],[134.382556,33.616941],[134.382573,33.61695],[134.382601,33.616955],[134.382673,33.616954],[134.382734,33.616954],[134.382778,33.616957],[134.38282,33.616964],[134.382856,33.616973],[134.382885,33.616983],[134.382908,33.617],[134.382915,33.617011],[134.382919,33.617025],[134.382921,33.617054],[134.382928,33.61707],[134.382938,33.617079],[134.382945,33.617079],[134.382955,33.617078],[134.382975,33.617066],[134.383018,33.617035],[134.38304,33.617016],[134.383062,33.617003],[134.383083,33.616995],[134.383108,33.616995],[134.383134,33.617004],[134.383189,33.617038],[134.383245,33.617079],[134.383291,33.61711],[134.383335,33.617139],[134.383373,33.617169],[134.383397,33.617198],[134.383417,33.617229],[134.383433,33.617262],[134.383443,33.617292],[134.383451,33.617321],[134.383455,33.617352],[134.383454,33.617389],[134.383445,33.617424],[134.38343,33.617454],[134.383415,33.617468],[134.383398,33.61748],[134.383358,33.617501],[134.383312,33.617528],[134.383272,33.617558],[134.383255,33.617576],[134.383249,33.617589],[134.383249,33.617603],[134.383251,33.617611],[134.383257,33.617619],[134.383274,33.617631],[134.383297,33.617637],[134.383332,33.617637],[134.38338,33.617628],[134.383415,33.617617],[134.383463,33.617598],[134.383519,33.617579],[134.383573,33.617559],[134.383599,33.617546],[134.38363,33.617527],[134.38366,33.617504],[134.383716,33.617454],[134.383775,33.617409],[134.383822,33.617382],[134.383875,33.617358],[134.383933,33.617333],[134.383984,33.617309],[134.384036,33.617292],[134.38406,33.61729],[134.384083,33.617293],[134.384098,33.617301],[134.384112,33.617314],[134.384135,33.617344],[134.384149,33.61738],[134.38415,33.61743],[134.384145,33.617455],[134.384128,33.617502],[134.384109,33.617549],[134.384092,33.617594],[134.38407,33.617637],[134.384047,33.617668],[134.384024,33.61769],[134.383993,33.61771],[134.383973,33.617718],[134.383914,33.61774],[134.383866,33.617762],[134.38386,33.61777],[134.38386,33.617775],[134.383863,33.61778],[134.383877,33.617789],[134.383906,33.617801],[134.38394,33.617815],[134.383968,33.617831],[134.383986,33.617849],[134.38399,33.617858],[134.383986,33.617873],[134.383974,33.617888],[134.383955,33.617902],[134.383931,33.617914],[134.383905,33.617924],[134.38388,33.617931],[134.383846,33.617936],[134.383787,33.617937],[134.383729,33.617945],[134.383691,33.617955],[134.38367,33.617964],[134.383653,33.617974],[134.383643,33.617985],[134.383642,33.617996],[134.383645,33.618002],[134.383652,33.618011],[134.383673,33.618029],[134.383701,33.618052],[134.383715,33.618063],[134.383726,33.618075],[134.383734,33.618088],[134.383736,33.618106],[134.383733,33.618126],[134.383711,33.618166],[134.383682,33.618207],[134.383651,33.618254],[134.383623,33.618297],[134.383592,33.618337],[134.383538,33.618381],[134.383477,33.61842],[134.383414,33.618458],[134.383363,33.618492],[134.383314,33.618528],[134.38327,33.618567],[134.383241,33.618594],[134.383215,33.618624],[134.383203,33.618654],[134.383197,33.618693],[134.383199,33.618717],[134.383203,33.618726],[134.383207,33.618732],[134.383215,33.618747],[134.383225,33.618756]]]},"properties":{"S_NAME":"大里","HCODE":8101}},{"type":"Feature","geometry":{"type":"Polygon","coordinates":[[[134.264591,33.721191],[134.264467,33.721092],[134.264044,33.720906],[134.263648,33.72078],[134.262223,33.720547],[134.261761,33.720455],[134.260424,33.720414],[134.258999,33.720525],[134.258611,33.720522],[134.258499,33.720497],[134.258149,33.720272],[134.25808,33.720197],[134.257511,33.719572],[134.257299,33.719239],[134.256911,33.718897],[134.256751,33.718822],[134.256443,33.718756],[134.254485,33.718863],[134.253787,33.718939],[134.253112,33.719031],[134.251849,33.719297],[134.250437,33.719814],[134.249642,33.720244],[134.24916,33.720585],[134.248924,33.720797],[134.248712,33.72118],[134.248412,33.722064],[134.248411,33.722221],[134.248437,33.722397],[134.248481,33.722637],[134.248462,33.722805],[134.248337,33.723097],[134.248145,33.723443],[134.247827,33.723787],[134.247564,33.724001],[134.247343,33.724095],[134.247212,33.724088],[134.246937,33.724022],[134.246311,33.723732],[134.245565,33.723182],[134.245253,33.723017],[134.2449,33.722914],[134.244137,33.72278],[134.243336,33.722733],[134.243015,33.72267],[134.242737,33.722539],[134.242486,33.722299],[134.242291,33.722148],[134.24208,33.722038],[134.241413,33.721772],[134.239899,33.721344],[134.239738,33.72128],[134.239213,33.720989],[134.238438,33.720697],[134.237863,33.720381],[134.237675,33.720222],[134.237415,33.72007],[134.237125,33.719972],[134.236651,33.719956],[134.235988,33.720064],[134.235438,33.720222],[134.235313,33.720184],[134.235226,33.720089],[134.234888,33.719639],[134.234751,33.719506],[134.234431,33.719283],[134.234231,33.719192],[134.234063,33.719164],[134.233844,33.719194],[134.233626,33.719256],[134.232338,33.720072],[134.231838,33.720472],[134.230947,33.721091],[134.230549,33.721446],[134.23045,33.721511],[134.230339,33.721514],[134.228926,33.721647],[134.228156,33.721825],[134.227889,33.72183],[134.227176,33.721697],[134.224889,33.721155],[134.224653,33.721143],[134.224477,33.721205],[134.223927,33.721522],[134.223402,33.721922],[134.222939,33.722463],[134.222852,33.722488],[134.222139,33.722238],[134.22067,33.721865],[134.22036,33.721839],[134.220102,33.721838],[134.219427,33.721947],[134.21884,33.722088],[134.218492,33.722155],[134.218152,33.72213],[134.217252,33.721955],[134.21654,33.72173],[134.216314,33.721645],[134.21604,33.721613],[134.215198,33.721855],[134.214915,33.721888],[134.214278,33.721838],[134.21334,33.721663],[134.212628,33.721572],[134.211965,33.721663],[134.211678,33.721764],[134.211416,33.721797],[134.210866,33.721688],[134.210628,33.721572],[134.209798,33.721196],[134.209736,33.720986],[134.209673,33.720763],[134.209578,33.720472],[134.209511,33.720161],[134.209491,33.719889],[134.209578,33.719372],[134.209441,33.718897],[134.209078,33.718447],[134.208641,33.71813],[134.208453,33.718064],[134.20722,33.717532],[134.206669,33.717407],[134.206131,33.717104],[134.205463,33.716693],[134.205081,33.71667],[134.204517,33.716788],[134.203982,33.716829],[134.203125,33.716706],[134.201654,33.716331],[134.200779,33.715864],[134.200029,33.715206],[134.198903,33.714229],[134.198625,33.713886],[134.198425,33.713644],[134.198209,33.713403],[134.197978,33.713174],[134.19761,33.712896],[134.196876,33.712444],[134.195512,33.711676],[134.194335,33.711121],[134.194021,33.711064],[134.193626,33.711028],[134.193278,33.71103],[134.192616,33.711014],[134.19093,33.710956],[134.190271,33.710901],[134.190061,33.710834],[134.189244,33.710189],[134.189109,33.709991],[134.188978,33.709585],[134.188803,33.709441],[134.186521,33.708552],[134.185251,33.708016],[134.184868,33.707921],[134.184361,33.707686],[134.183954,33.707611],[134.1832,33.707605],[134.182967,33.707519],[134.182103,33.706923],[134.181532,33.706577],[134.180798,33.706184],[134.180426,33.70607],[134.180146,33.705935],[134.179902,33.705898],[134.179473,33.705939],[134.179221,33.705596],[134.179057,33.705491],[134.178743,33.705415],[134.178148,33.70503],[134.177705,33.704722],[134.177075,33.704309],[134.176643,33.704021],[134.176237,33.703936],[134.175888,33.703918],[134.175459,33.70393],[134.175116,33.703888],[134.174698,33.703794],[134.174187,33.703767],[134.173804,33.703779],[134.173653,33.703702],[134.173547,33.703587],[134.173345,33.702929],[134.173051,33.702416],[134.17271,33.701885],[134.172084,33.701244],[134.171453,33.700724],[134.170821,33.69999],[134.170481,33.699585],[134.170096,33.699238],[134.16977,33.699124],[134.168633,33.699236],[134.168447,33.699189],[134.167796,33.698921],[134.167597,33.698806],[134.167107,33.698372],[134.166587,33.697982],[134.166097,33.697626],[134.165353,33.697427],[134.165038,33.697283],[134.164561,33.697053],[134.164201,33.696997],[134.163876,33.697027],[134.163039,33.696848],[134.162772,33.696762],[134.162562,33.696647],[134.162572,33.696492],[134.162784,33.696098],[134.163046,33.695505],[134.163239,33.694893],[134.16334,33.694447],[134.163343,33.693361],[134.163352,33.69308],[134.16342,33.692808],[134.163607,33.692201],[134.163916,33.691695],[134.164283,33.69115],[134.164294,33.691024],[134.164036,33.690764],[134.163675,33.690504],[134.163457,33.690113],[134.163315,33.689706],[134.1633,33.689338],[134.163459,33.688804],[134.16356,33.688454],[134.163558,33.688222],[134.163693,33.688196],[134.163808,33.688142],[134.163923,33.688087],[134.164038,33.688032],[134.164168,33.687968],[134.164299,33.687905],[134.164434,33.687848],[134.164546,33.687806],[134.164659,33.687764],[134.164714,33.687742],[134.164768,33.687717],[134.164843,33.687676],[134.164915,33.687628],[134.164985,33.687577],[134.165065,33.687508],[134.165149,33.687444],[134.165193,33.687417],[134.16524,33.687393],[134.165292,33.687373],[134.165348,33.687357],[134.165466,33.687336],[134.165587,33.687316],[134.165725,33.687283],[134.165861,33.687245],[134.165997,33.687207],[134.166105,33.68718],[134.166217,33.687156],[134.166329,33.687129],[134.166397,33.687109],[134.16643,33.687098],[134.166493,33.68707],[134.166522,33.687053],[134.166574,33.687009],[134.16662,33.686957],[134.16665,33.686924],[134.166736,33.686836],[134.166811,33.686768],[134.166886,33.686705],[134.16696,33.686649],[134.167032,33.6866],[134.167104,33.686559],[134.167175,33.686525],[134.167246,33.686497],[134.167385,33.686448],[134.167525,33.6864],[134.167667,33.686346],[134.167813,33.686295],[134.16789,33.686273],[134.16797,33.686254],[134.168136,33.686224],[134.168319,33.686203],[134.168519,33.686186],[134.168731,33.686175],[134.168801,33.686175],[134.168943,33.686175],[134.169044,33.686181],[134.16914,33.68619],[134.169231,33.686203],[134.16932,33.686219],[134.169488,33.686256],[134.169654,33.686293],[134.169818,33.686326],[134.16998,33.686355],[134.17014,33.68638],[134.170289,33.686401],[134.170418,33.686415],[134.170517,33.686422],[134.170586,33.686422],[134.170639,33.686414],[134.170688,33.6864],[134.170735,33.686378],[134.170782,33.686349],[134.170826,33.686313],[134.170868,33.68627],[134.17091,33.68622],[134.170954,33.686161],[134.171004,33.686099],[134.171057,33.686037],[134.171113,33.685983],[134.171174,33.685936],[134.17124,33.685892],[134.171314,33.685842],[134.171396,33.685786],[134.171478,33.685731],[134.171558,33.685683],[134.171634,33.68564],[134.171716,33.685598],[134.17181,33.685551],[134.171919,33.685499],[134.172036,33.685447],[134.172153,33.685402],[134.172269,33.685361],[134.172383,33.685324],[134.172495,33.685282],[134.172604,33.685233],[134.172709,33.68518],[134.17281,33.685121],[134.172904,33.685062],[134.172984,33.68501],[134.173041,33.684972],[134.173082,33.684948],[134.173119,33.684926],[134.173173,33.684898],[134.173246,33.684862],[134.173336,33.684823],[134.173439,33.684787],[134.173553,33.684755],[134.173678,33.684723],[134.173814,33.684687],[134.173957,33.684646],[134.174099,33.684605],[134.174233,33.684566],[134.174353,33.684531],[134.174456,33.684501],[134.17454,33.684474],[134.174777,33.684399],[134.17482,33.68438],[134.174834,33.684367],[134.174839,33.684351],[134.174839,33.684332],[134.174827,33.684289],[134.174807,33.684239],[134.174788,33.684183],[134.174774,33.684121],[134.174759,33.68405],[134.174743,33.68397],[134.174728,33.683888],[134.174714,33.683814],[134.174703,33.683751],[134.174696,33.683698],[134.174696,33.683649],[134.174702,33.683595],[134.174717,33.683539],[134.174742,33.683484],[134.174774,33.683432],[134.174812,33.683384],[134.174851,33.683341],[134.174884,33.683304],[134.174912,33.68327],[134.174933,33.683237],[134.174944,33.683201],[134.174952,33.683163],[134.174956,33.683122],[134.174958,33.683076],[134.174954,33.683024],[134.174948,33.682994],[134.174938,33.68296],[134.174904,33.68288],[134.174862,33.682788],[134.174821,33.682687],[134.174786,33.682579],[134.174761,33.682475],[134.174741,33.682388],[134.174736,33.682372],[134.174723,33.682321],[134.17471,33.682264],[134.174698,33.682196],[134.174688,33.682103],[134.174684,33.681985],[134.174687,33.681846],[134.174699,33.681689],[134.174717,33.681532],[134.174737,33.681395],[134.174755,33.681289],[134.174771,33.681203],[134.174792,33.68112],[134.174816,33.681026],[134.174844,33.68093],[134.174868,33.680841],[134.174916,33.680642],[134.174932,33.680567],[134.174947,33.680486],[134.174955,33.680404],[134.17495,33.680322],[134.174938,33.680236],[134.174925,33.68014],[134.174912,33.680027],[134.174903,33.679904],[134.174898,33.679786],[134.174896,33.679679],[134.174897,33.679583],[134.1749,33.679499],[134.174904,33.679423],[134.174913,33.67935],[134.174919,33.679314],[134.174939,33.679242],[134.174968,33.679166],[134.175003,33.679088],[134.175045,33.679008],[134.175068,33.678968],[134.17512,33.678892],[134.175149,33.678857],[134.17518,33.678824],[134.175247,33.678767],[134.175318,33.67872],[134.175386,33.678682],[134.175442,33.678647],[134.17549,33.678615],[134.175529,33.678582],[134.175561,33.678542],[134.175587,33.678496],[134.175608,33.67844],[134.175624,33.678373],[134.175634,33.678301],[134.175641,33.678234],[134.175642,33.678173],[134.175637,33.678118],[134.175627,33.678063],[134.17561,33.678003],[134.175592,33.677942],[134.175568,33.677859],[134.175558,33.67782],[134.175541,33.677717],[134.175529,33.677614],[134.175525,33.677474],[134.175532,33.677335],[134.175539,33.677266],[134.175558,33.677142],[134.17558,33.677032],[134.17561,33.676924],[134.175654,33.676816],[134.175683,33.676763],[134.175715,33.676712],[134.175751,33.676664],[134.175791,33.67662],[134.175836,33.676582],[134.175901,33.676536],[134.175974,33.676494],[134.176053,33.676445],[134.176112,33.6764],[134.176159,33.676352],[134.176171,33.676328],[134.176177,33.676307],[134.176174,33.676293],[134.176165,33.676278],[134.176135,33.676253],[134.176092,33.676231],[134.175986,33.676189],[134.175933,33.676168],[134.175866,33.676137],[134.175808,33.676105],[134.175709,33.676035],[134.175617,33.675961],[134.175544,33.675902],[134.175466,33.675844],[134.175385,33.675789],[134.175333,33.675756],[134.175225,33.675698],[134.175169,33.675672],[134.17511,33.675649],[134.175052,33.67563],[134.174975,33.675608],[134.174819,33.675573],[134.174741,33.675555],[134.174665,33.675532],[134.174594,33.675506],[134.174501,33.675458],[134.174411,33.675403],[134.17432,33.675353],[134.174243,33.675319],[134.174164,33.675288],[134.174087,33.675254],[134.174008,33.675213],[134.173929,33.675174],[134.173889,33.675158],[134.173848,33.675147],[134.173796,33.67514],[134.173742,33.675141],[134.173687,33.675146],[134.173632,33.675155],[134.173525,33.67518],[134.173398,33.675209],[134.173272,33.675234],[134.173139,33.675255],[134.173044,33.675262],[134.172998,33.675262],[134.172954,33.675259],[134.172913,33.675251],[134.172876,33.675237],[134.172834,33.67521],[134.172801,33.675173],[134.172774,33.675129],[134.172752,33.67508],[134.172717,33.674978],[134.172672,33.674827],[134.172629,33.674686],[134.172587,33.674547],[134.172418,33.67406],[134.172376,33.673964],[134.172352,33.673918],[134.172326,33.673874],[134.172292,33.673827],[134.172255,33.673782],[134.172174,33.673696],[134.172087,33.673613],[134.172,33.673532],[134.171912,33.673452],[134.171823,33.673375],[134.171818,33.673371],[134.171734,33.673302],[134.171648,33.673228],[134.171571,33.673148],[134.171501,33.673057],[134.171434,33.672964],[134.171398,33.67292],[134.171359,33.67288],[134.171312,33.672841],[134.171258,33.672807],[134.171202,33.672776],[134.171083,33.672721],[134.170963,33.672669],[134.170846,33.672619],[134.170731,33.672569],[134.170616,33.672515],[134.1705,33.67246],[134.170384,33.672401],[134.170268,33.672339],[134.170209,33.672305],[134.170099,33.672233],[134.170047,33.672195],[134.169998,33.672153],[134.169952,33.672109],[134.169871,33.672017],[134.1698,33.671918],[134.169732,33.671811],[134.169665,33.671698],[134.169599,33.671586],[134.169531,33.671481],[134.169462,33.671385],[134.169388,33.671291],[134.169311,33.671197],[134.169233,33.671104],[134.169156,33.671012],[134.169091,33.670928],[134.169029,33.670851],[134.168994,33.670813],[134.168953,33.670774],[134.168877,33.670713],[134.168821,33.670671],[134.168798,33.670651],[134.168791,33.670643],[134.168784,33.670633],[134.168779,33.670625],[134.168778,33.670616],[134.168781,33.670603],[134.168788,33.670595],[134.168802,33.670584],[134.168816,33.670577],[134.168835,33.670568],[134.168857,33.67056],[134.16896,33.67053],[134.169012,33.670515],[134.16907,33.670493],[134.169121,33.670469],[134.169166,33.670443],[134.169206,33.670415],[134.169242,33.670384],[134.169275,33.670351],[134.169342,33.670271],[134.169401,33.670182],[134.169456,33.670091],[134.169488,33.670031],[134.169497,33.670014],[134.16954,33.669938],[134.169565,33.669894],[134.169586,33.669865],[134.169645,33.669788],[134.16971,33.669711],[134.169777,33.669637],[134.169832,33.669569],[134.169887,33.669501],[134.169942,33.669433],[134.170002,33.669359],[134.170061,33.669283],[134.170112,33.669205],[134.170144,33.66914],[134.170159,33.669108],[134.170182,33.66904],[134.170227,33.668872],[134.170274,33.6687],[134.170299,33.668598],[134.170327,33.668495],[134.170355,33.668395],[134.170381,33.668305],[134.170409,33.668222],[134.170437,33.668146],[134.170462,33.668076],[134.170483,33.66801],[134.170503,33.667945],[134.170523,33.667879],[134.170543,33.66781],[134.170562,33.667747],[134.170578,33.667693],[134.170592,33.667639],[134.170611,33.667577],[134.170634,33.667505],[134.170664,33.667435],[134.170699,33.667376],[134.170737,33.667327],[134.170773,33.667283],[134.170808,33.667239],[134.170845,33.667192],[134.170887,33.667138],[134.170935,33.66708],[134.170991,33.667019],[134.171051,33.666957],[134.171108,33.666894],[134.171134,33.666861],[134.171183,33.666798],[134.171226,33.666733],[134.171263,33.666668],[134.171298,33.666601],[134.171331,33.666533],[134.171362,33.666459],[134.17139,33.666384],[134.171414,33.666303],[134.171437,33.666218],[134.171463,33.66613],[134.171489,33.666039],[134.171514,33.665955],[134.171533,33.66588],[134.17155,33.665812],[134.171565,33.665742],[134.171581,33.665669],[134.171598,33.665594],[134.171613,33.665518],[134.171631,33.665444],[134.171651,33.665377],[134.171675,33.665314],[134.171708,33.665253],[134.171751,33.665188],[134.171803,33.665122],[134.171861,33.665059],[134.171919,33.665001],[134.171972,33.664949],[134.172016,33.664901],[134.17206,33.664857],[134.17211,33.664814],[134.172169,33.664772],[134.172229,33.664733],[134.172283,33.664699],[134.172339,33.664665],[134.172401,33.664626],[134.172468,33.664582],[134.172531,33.664536],[134.172555,33.664513],[134.172596,33.664468],[134.172632,33.664418],[134.172668,33.66436],[134.172675,33.664351],[134.172704,33.664302],[134.172741,33.664246],[134.172777,33.664198],[134.172814,33.66415],[134.172854,33.664097],[134.172894,33.664045],[134.172933,33.663994],[134.172968,33.663943],[134.173,33.663888],[134.173026,33.663822],[134.173051,33.663755],[134.173073,33.663696],[134.173098,33.663647],[134.173129,33.663597],[134.173168,33.663539],[134.173212,33.663478],[134.17326,33.66342],[134.17331,33.663362],[134.173357,33.663302],[134.173377,33.663267],[134.173416,33.663197],[134.173455,33.663132],[134.173495,33.663077],[134.173536,33.663029],[134.173575,33.66298],[134.173613,33.662924],[134.173653,33.662869],[134.173693,33.662815],[134.173733,33.662764],[134.173767,33.662719],[134.173798,33.662675],[134.173834,33.662625],[134.17388,33.662565],[134.173931,33.662505],[134.173977,33.662457],[134.174018,33.662418],[134.174066,33.662373],[134.174127,33.66231],[134.174194,33.662244],[134.174254,33.662194],[134.17428,33.662177],[134.174332,33.662148],[134.174391,33.662114],[134.174457,33.662072],[134.174526,33.662031],[134.174588,33.661996],[134.174649,33.661963],[134.17471,33.661928],[134.17477,33.661891],[134.174822,33.661858],[134.174863,33.661832],[134.174904,33.661809],[134.174957,33.661784],[134.17502,33.661754],[134.175078,33.661723],[134.175118,33.661699],[134.175161,33.661668],[134.175196,33.661637],[134.175246,33.661596],[134.175269,33.661575],[134.175285,33.66155],[134.175291,33.661521],[134.175291,33.66149],[134.175275,33.661423],[134.175254,33.661363],[134.175235,33.66131],[134.175217,33.661258],[134.175194,33.661203],[134.17517,33.661144],[134.175147,33.661088],[134.175126,33.661034],[134.175105,33.660978],[134.175082,33.660919],[134.175057,33.660862],[134.175031,33.660809],[134.175002,33.660762],[134.174976,33.660717],[134.174951,33.66067],[134.174925,33.660622],[134.174891,33.660568],[134.174852,33.660511],[134.174811,33.660457],[134.174772,33.660409],[134.17473,33.660367],[134.174672,33.660325],[134.174601,33.660284],[134.174526,33.660247],[134.174455,33.660212],[134.174389,33.66018],[134.174326,33.660151],[134.174266,33.660121],[134.174207,33.660093],[134.174146,33.660062],[134.173578,33.659837],[134.173415,33.659777],[134.17337,33.659756],[134.173335,33.65972],[134.173278,33.659632],[134.173226,33.659557],[134.173177,33.6595],[134.173122,33.659443],[134.173057,33.659372],[134.172989,33.659292],[134.172921,33.659209],[134.172859,33.659127],[134.172799,33.659047],[134.172735,33.658967],[134.172661,33.65888],[134.172567,33.658783],[134.172458,33.658675],[134.172346,33.658567],[134.17224,33.658463],[134.172138,33.658367],[134.172034,33.658278],[134.171927,33.658198],[134.171829,33.658129],[134.171744,33.658071],[134.171671,33.658018],[134.171598,33.657961],[134.171533,33.657901],[134.171519,33.657886],[134.171509,33.657871],[134.171496,33.657844],[134.171491,33.657826],[134.171488,33.657799],[134.171491,33.657777],[134.171503,33.657732],[134.171515,33.657699],[134.171545,33.657624],[134.17156,33.657593],[134.171581,33.657552],[134.171637,33.657462],[134.171711,33.657368],[134.171783,33.657271],[134.171813,33.657222],[134.171874,33.657131],[134.171912,33.65709],[134.171962,33.657056],[134.172023,33.657026],[134.172095,33.657001],[134.172173,33.656979],[134.172333,33.656936],[134.172407,33.65691],[134.172477,33.656882],[134.172546,33.656852],[134.172679,33.656783],[134.172746,33.656744],[134.172884,33.656658],[134.173023,33.656567],[134.173091,33.656518],[134.173223,33.656419],[134.173343,33.656318],[134.173396,33.656266],[134.173497,33.656164],[134.173597,33.656059],[134.173704,33.655952],[134.173812,33.655848],[134.173913,33.655755],[134.174007,33.655675],[134.174055,33.65564],[134.17416,33.655573],[134.174278,33.655512],[134.174401,33.655454],[134.174521,33.655394],[134.174638,33.655332],[134.174654,33.655323],[134.174748,33.65527],[134.17485,33.655203],[134.174951,33.65514],[134.175049,33.655082],[134.175146,33.655022],[134.175193,33.654988],[134.175237,33.654951],[134.175323,33.654865],[134.175409,33.654772],[134.175499,33.654675],[134.175587,33.654575],[134.175626,33.654524],[134.175691,33.654421],[134.175748,33.654317],[134.175807,33.654215],[134.175872,33.654117],[134.175942,33.654018],[134.176015,33.653918],[134.176086,33.653819],[134.176152,33.653724],[134.176215,33.653636],[134.176286,33.653554],[134.176324,33.653517],[134.176367,33.653482],[134.176411,33.653451],[134.176456,33.653424],[134.176502,33.653403],[134.176546,33.653388],[134.176562,33.653388],[134.176582,33.653391],[134.176631,33.653401],[134.176822,33.653453],[134.177009,33.653502],[134.177169,33.653536],[134.17733,33.653569],[134.177493,33.653597],[134.177664,33.653624],[134.177854,33.65365],[134.17805,33.653675],[134.178211,33.653693],[134.178316,33.6537],[134.178353,33.653699],[134.178385,33.653694],[134.178417,33.653683],[134.178455,33.653667],[134.178545,33.653617],[134.178661,33.653546],[134.178804,33.653455],[134.178957,33.653353],[134.179104,33.653251],[134.179241,33.65315],[134.179379,33.653045],[134.17953,33.65293],[134.179684,33.652811],[134.179827,33.652696],[134.179962,33.652586],[134.180099,33.652475],[134.180247,33.652357],[134.180392,33.652242],[134.180516,33.65214],[134.18062,33.652054],[134.180721,33.651981],[134.180832,33.651914],[134.180949,33.651845],[134.181006,33.651806],[134.181063,33.651764],[134.181174,33.651667],[134.181292,33.651562],[134.181424,33.651452],[134.181547,33.651347],[134.181598,33.651301],[134.181641,33.651258],[134.181702,33.651185],[134.181752,33.65112],[134.18181,33.651055],[134.181843,33.651025],[134.181879,33.650998],[134.181918,33.650975],[134.181961,33.650954],[134.182007,33.650938],[134.182058,33.650924],[134.18217,33.650903],[134.182301,33.650883],[134.182447,33.650867],[134.182605,33.650855],[134.182761,33.650845],[134.182888,33.650833],[134.182936,33.650824],[134.182975,33.650806],[134.183036,33.650769],[134.183132,33.650707],[134.183166,33.650683],[134.183197,33.650656],[134.183225,33.650628],[134.183928,33.64954],[134.184054,33.649295],[134.184305,33.648626],[134.184613,33.648691],[134.184679,33.648706],[134.18478,33.648729],[134.184829,33.648742],[134.184926,33.648766],[134.185164,33.648833],[134.185358,33.648879],[134.185554,33.648927],[134.185761,33.64898],[134.185946,33.649023],[134.18603,33.649044],[134.186179,33.64909],[134.186324,33.649134],[134.186473,33.649169],[134.186546,33.649179],[134.186624,33.649184],[134.186714,33.649181],[134.186819,33.649168],[134.187051,33.64913],[134.187164,33.649113],[134.187377,33.649089],[134.187476,33.649078],[134.187566,33.649074],[134.187645,33.649083],[134.187707,33.649106],[134.187759,33.649146],[134.18781,33.649201],[134.187923,33.649338],[134.187985,33.649407],[134.188048,33.649466],[134.188186,33.649586],[134.188346,33.649742],[134.188436,33.649818],[134.188529,33.64988],[134.188623,33.649931],[134.188787,33.650013],[134.188922,33.650084],[134.189058,33.650151],[134.18918,33.650215],[134.189238,33.650242],[134.189307,33.650267],[134.189391,33.650286],[134.189571,33.650313],[134.189701,33.650329],[134.189806,33.650341],[134.189854,33.65035],[134.189898,33.650365],[134.189932,33.650386],[134.190008,33.650448],[134.190124,33.650528],[134.190194,33.650579],[134.190263,33.650636],[134.190377,33.650728],[134.190496,33.650822],[134.19056,33.650878],[134.190627,33.650948],[134.190673,33.651023],[134.190692,33.651064],[134.19073,33.651156],[134.190775,33.651253],[134.190803,33.6513],[134.190836,33.651342],[134.190911,33.651421],[134.190984,33.651497],[134.191014,33.651535],[134.191076,33.651612],[134.191113,33.651649],[134.191159,33.651684],[134.191213,33.651715],[134.191342,33.651773],[134.191468,33.651827],[134.191521,33.651854],[134.191569,33.651883],[134.191656,33.651941],[134.191746,33.652002],[134.191844,33.652064],[134.191945,33.652126],[134.192039,33.652183],[134.192126,33.652242],[134.192165,33.652274],[134.1922,33.652307],[134.192232,33.652342],[134.192259,33.652378],[134.192301,33.652446],[134.192329,33.652503],[134.19236,33.652559],[134.192385,33.652589],[134.192418,33.652623],[134.192458,33.652658],[134.192554,33.652728],[134.192605,33.65276],[134.192703,33.652813],[134.192753,33.652835],[134.192798,33.652855],[134.192944,33.65291],[134.193214,33.652999],[134.193325,33.653039],[134.193368,33.653059],[134.193404,33.653083],[134.193431,33.653112],[134.193455,33.653145],[134.193497,33.653221],[134.193548,33.653311],[134.193615,33.653407],[134.193651,33.653455],[134.193726,33.653544],[134.193802,33.653626],[134.193883,33.653713],[134.193973,33.653813],[134.194067,33.653919],[134.194164,33.65402],[134.194216,33.654068],[134.194273,33.654111],[134.194338,33.65415],[134.194413,33.654183],[134.1945,33.654211],[134.194597,33.654234],[134.194696,33.654254],[134.19489,33.654287],[134.195051,33.654322],[134.195199,33.654355],[134.195357,33.654387],[134.195539,33.654415],[134.195737,33.654444],[134.195944,33.654474],[134.196145,33.654503],[134.196327,33.654528],[134.196494,33.654547],[134.196581,33.654554],[134.196778,33.654559],[134.197003,33.654557],[134.19724,33.654554],[134.197473,33.654556],[134.197589,33.654561],[134.197708,33.654569],[134.197831,33.654582],[134.198084,33.654621],[134.198332,33.654666],[134.198553,33.654703],[134.198748,33.654732],[134.198937,33.654769],[134.199034,33.654797],[134.199132,33.654828],[134.199226,33.654861],[134.199386,33.654927],[134.199445,33.654958],[134.199532,33.655014],[134.199607,33.655077],[134.199696,33.655155],[134.199728,33.655183],[134.199799,33.655243],[134.199904,33.655335],[134.200009,33.655422],[134.200065,33.655464],[134.200123,33.655503],[134.200184,33.655539],[134.200332,33.655627],[134.200378,33.65562],[134.200445,33.655586],[134.20045,33.655533],[134.200459,33.655495],[134.201829,33.656507],[134.202253,33.656824],[134.203007,33.657726],[134.203222,33.658492],[134.2043,33.659304],[134.206564,33.660613],[134.208,33.661196],[134.208344,33.661336],[134.21077,33.66233],[134.212442,33.662963],[134.215246,33.664543],[134.215564,33.664598],[134.218105,33.665042],[134.220047,33.664999],[134.222097,33.665632],[134.223622,33.666584],[134.225493,33.667753],[134.228729,33.669198],[134.231262,33.669765],[134.231966,33.669922],[134.23461,33.66979],[134.236607,33.669702],[134.239362,33.671143],[134.239627,33.671281],[134.242539,33.672365],[134.245506,33.673179],[134.247449,33.673316],[134.247503,33.673316],[134.24853,33.673843],[134.249143,33.674185],[134.249893,33.674509],[134.251279,33.674806],[134.25214,33.674857],[134.253517,33.674799],[134.254522,33.674908],[134.255447,33.674968],[134.255901,33.675064],[134.256237,33.67521],[134.256574,33.675504],[134.256875,33.676143],[134.257218,33.677127],[134.257575,33.677454],[134.258464,33.677892],[134.259115,33.67802],[134.260558,33.678058],[134.260955,33.678145],[134.261583,33.678284],[134.262357,33.678534],[134.262715,33.678959],[134.263133,33.679417],[134.263609,33.679841],[134.26438,33.680313],[134.265071,33.680556],[134.265879,33.6806],[134.266745,33.680644],[134.267237,33.680608],[134.267632,33.68072],[134.268488,33.681218],[134.269945,33.681264],[134.270775,33.681225],[134.271834,33.681175],[134.272626,33.681054],[134.273196,33.680834],[134.273656,33.680652],[134.274032,33.680617],[134.274909,33.680639],[134.275755,33.680807],[134.276654,33.681094],[134.277626,33.681538],[134.278653,33.682254],[134.280311,33.683122],[134.281174,33.683703],[134.282217,33.684108],[134.282766,33.684474],[134.282979,33.685059],[134.283193,33.68573],[134.28364,33.686356],[134.284684,33.686806],[134.285728,33.687276],[134.286666,33.687618],[134.287475,33.68796],[134.28814,33.688183],[134.288492,33.688366],[134.288958,33.689546],[134.289383,33.690419],[134.289584,33.690691],[134.290875,33.691704],[134.291138,33.692071],[134.29146,33.693154],[134.291688,33.69398],[134.292023,33.694995],[134.292218,33.696383],[134.292341,33.697414],[134.291885,33.697425],[134.291156,33.697548],[134.287341,33.698445],[134.28647,33.698586],[134.285497,33.698609],[134.284786,33.698478],[134.283984,33.698322],[134.282665,33.698246],[134.281834,33.698302],[134.280459,33.698611],[134.278624,33.699376],[134.277557,33.699709],[134.276504,33.699851],[134.275713,33.699806],[134.275165,33.699792],[134.273909,33.704406],[134.27387,33.705497],[134.273928,33.706029],[134.274016,33.707335],[134.273719,33.708048],[134.273036,33.708882],[134.272383,33.709471],[134.271899,33.709779],[134.27087,33.710479],[134.270731,33.710751],[134.270291,33.711448],[134.269914,33.712348],[134.269426,33.713359],[134.269249,33.714071],[134.268915,33.715259],[134.268717,33.715785],[134.268601,33.716446],[134.268742,33.717436],[134.268563,33.717843],[134.268343,33.718133],[134.267941,33.718592],[134.267278,33.719325],[134.266835,33.719717],[134.265363,33.720657],[134.264591,33.721191]]]},"properties":{"S_NAME":"平井","HCODE":8101}},{"type":"Feature","geometry":{"type":"Polygon","coordinates":[[[134.363773,33.688129],[134.363612,33.688209],[134.363374,33.688417],[134.363209,33.68871],[134.363187,33.68875],[134.363099,33.688975],[134.363013,33.689081],[134.362887,33.689109],[134.362589,33.689179],[134.362287,33.68925],[134.362125,33.690283],[134.361912,33.691317],[134.3618,33.6919],[134.361837,33.6926],[134.361987,33.693258],[134.361912,33.693642],[134.3617,33.694],[134.3611,33.694425],[134.360961,33.694661],[134.360538,33.695983],[134.360675,33.696158],[134.360988,33.696408],[134.361475,33.696683],[134.362125,33.696975],[134.363062,33.697316],[134.363925,33.697608],[134.364475,33.697924],[134.364925,33.698191],[134.365275,33.698399],[134.365062,33.698943],[134.364992,33.69938],[134.364975,33.699974],[134.365098,33.701554],[134.365165,33.702598],[134.365325,33.703124],[134.365463,33.703466],[134.365488,33.703649],[134.365438,33.703957],[134.3653,33.704257],[134.365275,33.704482],[134.365325,33.704549],[134.365575,33.704682],[134.36625,33.70484],[134.366887,33.705182],[134.36735,33.705315],[134.367537,33.705315],[134.368162,33.705407],[134.368537,33.705382],[134.368887,33.705474],[134.369025,33.705565],[134.369774,33.705924],[134.370149,33.705907],[134.370442,33.70596],[134.370637,33.706132],[134.371037,33.706765],[134.371612,33.706782],[134.371824,33.706923],[134.372012,33.707098],[134.372312,33.707215],[134.372462,33.70719],[134.372662,33.707232],[134.372924,33.70744],[134.373649,33.708315],[134.374211,33.708715],[134.374474,33.708807],[134.374674,33.708831],[134.374811,33.708673],[134.374836,33.708582],[134.375074,33.70829],[134.375289,33.708209],[134.375561,33.708207],[134.376211,33.708232],[134.377099,33.708073],[134.377536,33.708057],[134.377861,33.70814],[134.378073,33.70814],[134.378398,33.708098],[134.378936,33.707923],[134.379498,33.707898],[134.379911,33.707948],[134.380548,33.708123],[134.380679,33.708201],[134.380898,33.708331],[134.380923,33.70844],[134.380823,33.709048],[134.380823,33.709473],[134.38122,33.710669],[134.38137,33.710777],[134.381726,33.710852],[134.38221,33.710914],[134.382623,33.710956],[134.382948,33.711023],[134.383773,33.711431],[134.384285,33.711631],[134.384423,33.711656],[134.384498,33.711698],[134.384885,33.711773],[134.385148,33.711864],[134.38556,33.712089],[134.385935,33.712198],[134.386396,33.712198],[134.386897,33.712156],[134.387469,33.712101],[134.387847,33.712064],[134.388172,33.711956],[134.388435,33.711756],[134.388622,33.711664],[134.388922,33.711581],[134.389197,33.711556],[134.389409,33.711581],[134.390292,33.711858],[134.390648,33.711934],[134.391372,33.712056],[134.391672,33.712164],[134.392063,33.712545],[134.392322,33.712798],[134.392697,33.713023],[134.393284,33.713223],[134.393634,33.713431],[134.393739,33.713595],[134.393746,33.713606],[134.393746,33.713672],[134.393371,33.714231],[134.393309,33.714439],[134.393334,33.714947],[134.393171,33.715464],[134.392797,33.71603],[134.392684,33.716297],[134.392684,33.716522],[134.392734,33.716722],[134.392984,33.717197],[134.393009,33.717439],[134.392984,33.717664],[134.392822,33.718022],[134.392622,33.718289],[134.392572,33.718422],[134.392497,33.718514],[134.391972,33.71943],[134.391684,33.72008],[134.391547,33.720555],[134.391547,33.720888],[134.391597,33.72118],[134.391834,33.721696],[134.392272,33.722196],[134.392672,33.722488],[134.394146,33.723338],[134.394609,33.723496],[134.394634,33.723788],[134.394521,33.724329],[134.394496,33.724417],[134.394396,33.724438],[134.393822,33.724571],[134.393172,33.724796],[134.392747,33.724888],[134.392334,33.724929],[134.391422,33.725088],[134.390322,33.725213],[134.38986,33.725329],[134.389297,33.725413],[134.38886,33.725413],[134.388722,33.725396],[134.387947,33.725388],[134.387607,33.725439],[134.38686,33.725571],[134.386083,33.725526],[134.385865,33.725534],[134.385435,33.725588],[134.384898,33.725629],[134.384548,33.725696],[134.383986,33.725854],[134.383761,33.725871],[134.383498,33.725854],[134.382711,33.725554],[134.382364,33.725448],[134.382036,33.725379],[134.381661,33.725379],[134.380049,33.725554],[134.379474,33.725663],[134.379211,33.725754],[134.378424,33.725954],[134.377999,33.725996],[134.377536,33.725971],[134.377186,33.726063],[134.376911,33.726238],[134.376724,33.726462],[134.376237,33.726779],[134.375162,33.727287],[134.374597,33.727608],[134.374516,33.727609],[134.374237,33.727471],[134.373949,33.727379],[134.373624,33.727312],[134.373212,33.727312],[134.372675,33.727421],[134.372499,33.727387],[134.372312,33.727304],[134.372075,33.727104],[134.371982,33.727049],[134.371812,33.727012],[134.371187,33.726921],[134.37065,33.726762],[134.370137,33.726738],[134.3696,33.726788],[134.369308,33.726744],[134.36895,33.726563],[134.3686,33.726404],[134.368495,33.726371],[134.368413,33.726404],[134.367763,33.726779],[134.36725,33.726937],[134.366413,33.727096],[134.365688,33.727346],[134.364876,33.727796],[134.364756,33.727898],[134.364688,33.728037],[134.364613,33.728421],[134.364476,33.728696],[134.364344,33.728833],[134.364101,33.728962],[134.363713,33.729145],[134.363396,33.729462],[134.363173,33.729842],[134.362401,33.730962],[134.362259,33.731102],[134.362106,33.731132],[134.361858,33.731061],[134.361453,33.73101],[134.360964,33.730987],[134.360514,33.73112],[134.360246,33.731339],[134.360126,33.73137],[134.359751,33.73137],[134.359264,33.731295],[134.358751,33.731278],[134.358351,33.731345],[134.358245,33.731157],[134.357811,33.730613],[134.356764,33.729579],[134.356677,33.729287],[134.356652,33.729129],[134.356464,33.728862],[134.356089,33.728637],[134.355836,33.728548],[134.355577,33.728523],[134.355302,33.728571],[134.354464,33.728837],[134.35411,33.729121],[134.353902,33.729037],[134.353314,33.728654],[134.353198,33.728614],[134.353064,33.728612],[134.352964,33.728629],[134.352827,33.728696],[134.351902,33.728762],[134.351788,33.728816],[134.351739,33.728895],[134.351714,33.729212],[134.351614,33.729662],[134.351365,33.72987],[134.350965,33.730045],[134.34964,33.730245],[134.349152,33.730337],[134.349004,33.730015],[134.348824,33.729806],[134.34854,33.72957],[134.34819,33.729387],[134.347865,33.729162],[134.347727,33.728829],[134.347664,33.728706],[134.347515,33.728604],[134.347077,33.728529],[134.346515,33.72837],[134.345865,33.728329],[134.345215,33.72837],[134.344921,33.728363],[134.344678,33.728262],[134.344353,33.727962],[134.343978,33.727696],[134.343765,33.727604],[134.34279,33.727512],[134.34169,33.727537],[134.341457,33.727582],[134.341315,33.727646],[134.341196,33.727757],[134.34104,33.727979],[134.340781,33.728374],[134.340749,33.728405],[134.340505,33.728637],[134.340041,33.729062],[134.339716,33.729404],[134.339478,33.729579],[134.338478,33.730004],[134.337591,33.73032],[134.337078,33.730453],[134.336666,33.730478],[134.336318,33.730012],[134.336261,33.729935],[134.336057,33.7297],[134.33551,33.729244],[134.335404,33.729123],[134.33537,33.728995],[134.335392,33.728772],[134.335383,33.728637],[134.335325,33.728502],[134.335169,33.728273],[134.334939,33.727977],[134.334719,33.727776],[134.334499,33.727629],[134.334215,33.72753],[134.333862,33.727461],[134.333116,33.727271],[134.332766,33.727151],[134.332522,33.727024],[134.332311,33.72689],[134.332173,33.726851],[134.332019,33.726885],[134.331866,33.726927],[134.331629,33.727046],[134.331002,33.727191],[134.329792,33.727671],[134.329254,33.727946],[134.32909,33.728112],[134.328898,33.728356],[134.32873,33.72854],[134.328448,33.728765],[134.328135,33.728964],[134.327541,33.729569],[134.327367,33.72972],[134.327152,33.729879],[134.327072,33.72992],[134.326886,33.729921],[134.326465,33.729904],[134.32602,33.729907],[134.325761,33.729935],[134.325381,33.730012],[134.324784,33.730172],[134.32463,33.730173],[134.324427,33.7301],[134.324267,33.730054],[134.32405,33.730052],[134.323702,33.730047],[134.32308,33.730092],[134.322837,33.730154],[134.322596,33.730291],[134.32183,33.730837],[134.321618,33.731129],[134.321243,33.731828],[134.320943,33.73217],[134.320643,33.732395],[134.320248,33.732496],[134.319953,33.732508],[134.319263,33.732364],[134.318914,33.732272],[134.318306,33.732053],[134.317931,33.731812],[134.317742,33.73157],[134.317656,33.731528],[134.317515,33.73151],[134.317193,33.731487],[134.316543,33.731345],[134.316006,33.731304],[134.315034,33.731442],[134.314775,33.731464],[134.314231,33.73137],[134.314111,33.731374],[134.314006,33.731412],[134.312984,33.73199],[134.312881,33.73202],[134.312781,33.732012],[134.312623,33.731975],[134.312404,33.731862],[134.312241,33.731795],[134.312038,33.731729],[134.311786,33.731596],[134.311501,33.731456],[134.311177,33.73137],[134.310731,33.731278],[134.310463,33.731179],[134.310186,33.730991],[134.310056,33.730924],[134.309732,33.730859],[134.309335,33.730868],[134.309077,33.730924],[134.308859,33.73104],[134.308034,33.731938],[134.307873,33.732007],[134.307355,33.732037],[134.306676,33.73215],[134.305869,33.732344],[134.305351,33.732388],[134.30506,33.73239],[134.304768,33.732284],[134.304312,33.732071],[134.30373,33.731874],[134.303373,33.731779],[134.302986,33.731664],[134.302678,33.731604],[134.302451,33.73158],[134.302169,33.731597],[134.301991,33.731578],[134.301843,33.731553],[134.301696,33.731483],[134.301547,33.731366],[134.301429,33.731228],[134.301368,33.731198],[134.300925,33.731119],[134.300815,33.731125],[134.300393,33.731245],[134.300283,33.731287],[134.300228,33.731359],[134.30018,33.731426],[134.30007,33.731478],[134.299947,33.731499],[134.299781,33.731474],[134.29907,33.731304],[134.297508,33.731054],[134.296533,33.73087],[134.294571,33.730554],[134.294473,33.730512],[134.294433,33.730437],[134.294358,33.730212],[134.294234,33.730108],[134.294058,33.730029],[134.293783,33.729945],[134.293487,33.729748],[134.293308,33.72967],[134.293056,33.729568],[134.292683,33.72947],[134.292221,33.729395],[134.292018,33.729318],[134.291351,33.72893],[134.291221,33.728879],[134.290633,33.728721],[134.290328,33.728599],[134.290146,33.728454],[134.290046,33.728271],[134.289071,33.727837],[134.288884,33.727704],[134.288321,33.727596],[134.287259,33.727521],[134.286696,33.727587],[134.286159,33.727746],[134.284834,33.728304],[134.284159,33.72867],[134.283809,33.728979],[134.283534,33.729454],[134.283134,33.730312],[134.282913,33.730698],[134.282721,33.730881],[134.282512,33.730998],[134.282297,33.731054],[134.282012,33.731024],[134.281865,33.730844],[134.281636,33.730629],[134.280678,33.730216],[134.278872,33.729695],[134.277522,33.729246],[134.277122,33.728971],[134.276635,33.728587],[134.27626,33.728162],[134.276173,33.728096],[134.276092,33.728055],[134.27599,33.728082],[134.275772,33.728271],[134.275574,33.728435],[134.275427,33.728481],[134.275097,33.728454],[134.274535,33.728296],[134.274047,33.728296],[134.272723,33.727929],[134.272135,33.727838],[134.271258,33.727606],[134.270607,33.727205],[134.270273,33.726888],[134.269785,33.726571],[134.269248,33.72603],[134.26901,33.725488],[134.268773,33.725088],[134.268423,33.724655],[134.267985,33.724455],[134.267185,33.724271],[134.266473,33.72418],[134.266161,33.724005],[134.265973,33.723597],[134.265836,33.723122],[134.265673,33.72278],[134.265348,33.722447],[134.265273,33.722314],[134.265136,33.721747],[134.264923,33.721455],[134.264591,33.721191],[134.265363,33.720657],[134.266835,33.719717],[134.267278,33.719325],[134.267941,33.718592],[134.268343,33.718133],[134.268563,33.717843],[134.268742,33.717436],[134.268601,33.716446],[134.268717,33.715785],[134.268915,33.715259],[134.269249,33.714071],[134.269426,33.713359],[134.269914,33.712348],[134.270291,33.711448],[134.270731,33.710751],[134.27087,33.710479],[134.271899,33.709779],[134.272383,33.709471],[134.273036,33.708882],[134.273719,33.708048],[134.274016,33.707335],[134.273928,33.706029],[134.27387,33.705497],[134.273909,33.704406],[134.275165,33.699792],[134.275713,33.699806],[134.276504,33.699851],[134.277557,33.699709],[134.278624,33.699376],[134.280459,33.698611],[134.281834,33.698302],[134.282665,33.698246],[134.283984,33.698322],[134.284786,33.698478],[134.285497,33.698609],[134.28647,33.698586],[134.287341,33.698445],[134.291156,33.697548],[134.291885,33.697425],[134.292341,33.697414],[134.292218,33.696383],[134.292023,33.694995],[134.291688,33.69398],[134.29146,33.693154],[134.291138,33.692071],[134.290875,33.691704],[134.289584,33.690691],[134.289383,33.690419],[134.288958,33.689546],[134.288492,33.688366],[134.28814,33.688183],[134.287475,33.68796],[134.286666,33.687618],[134.285728,33.687276],[134.284684,33.686806],[134.28364,33.686356],[134.283193,33.68573],[134.282979,33.685059],[134.282766,33.684474],[134.282217,33.684108],[134.281174,33.683703],[134.280311,33.683122],[134.278653,33.682254],[134.277626,33.681538],[134.276654,33.681094],[134.275755,33.680807],[134.274909,33.680639],[134.274032,33.680617],[134.273656,33.680652],[134.273196,33.680834],[134.272626,33.681054],[134.271834,33.681175],[134.270775,33.681225],[134.269945,33.681264],[134.268488,33.681218],[134.267632,33.68072],[134.267237,33.680608],[134.266745,33.680644],[134.265879,33.6806],[134.265071,33.680556],[134.26438,33.680313],[134.263609,33.679841],[134.263133,33.679417],[134.262715,33.678959],[134.262357,33.678534],[134.261583,33.678284],[134.260955,33.678145],[134.260558,33.678058],[134.259115,33.67802],[134.258464,33.677892],[134.257575,33.677454],[134.257218,33.677127],[134.256875,33.676143],[134.256574,33.675504],[134.256237,33.67521],[134.255901,33.675064],[134.255447,33.674968],[134.254522,33.674908],[134.253517,33.674799],[134.25214,33.674857],[134.251279,33.674806],[134.249893,33.674509],[134.249143,33.674185],[134.24853,33.673843],[134.247503,33.673316],[134.248313,33.672867],[134.249227,33.672419],[134.249896,33.672065],[134.250476,33.671788],[134.250783,33.671635],[134.250927,33.671482],[134.250998,33.671208],[134.251335,33.670341],[134.251858,33.669776],[134.252619,33.669574],[134.254378,33.669123],[134.255194,33.668936],[134.25563,33.668842],[134.256301,33.668747],[134.25695,33.668732],[134.258654,33.668634],[134.25949,33.668599],[134.260457,33.6686],[134.261452,33.668586],[134.262076,33.668602],[134.262578,33.668473],[134.262831,33.668287],[134.263199,33.667764],[134.263669,33.667503],[134.264918,33.666918],[134.265768,33.666427],[134.266761,33.665753],[134.267612,33.665338],[134.268321,33.664722],[134.268612,33.664869],[134.2691,33.665099],[134.269503,33.665228],[134.270262,33.66552],[134.270606,33.665686],[134.27088,33.665875],[134.271315,33.666227],[134.271682,33.666488],[134.271999,33.666608],[134.272268,33.666759],[134.272623,33.66703],[134.27288,33.667323],[134.273029,33.667596],[134.273127,33.667768],[134.273176,33.667819],[134.273347,33.667939],[134.273494,33.667999],[134.274237,33.668258],[134.274739,33.668396],[134.27525,33.668488],[134.275744,33.66858],[134.276722,33.668815],[134.277393,33.668985],[134.278216,33.669073],[134.27915,33.669032],[134.280619,33.668819],[134.283275,33.668185],[134.283484,33.66816],[134.283721,33.668159],[134.284997,33.668191],[134.285836,33.668442],[134.286509,33.668834],[134.287297,33.669621],[134.288095,33.670281],[134.288612,33.670503],[134.289544,33.670722],[134.290256,33.670799],[134.290988,33.670832],[134.291805,33.670741],[134.292556,33.670621],[134.292996,33.670475],[134.293825,33.67006],[134.29609,33.668593],[134.296479,33.668324],[134.296773,33.668302],[134.301659,33.66826],[134.30401,33.668184],[134.30628,33.668224],[134.308317,33.668319],[134.30891,33.668319],[134.311176,33.668366],[134.312235,33.668399],[134.313716,33.668389],[134.314882,33.668262],[134.315763,33.667872],[134.316784,33.66756],[134.319828,33.667135],[134.32256,33.66695],[134.32407,33.666916],[134.324868,33.666982],[134.325584,33.66743],[134.326044,33.667855],[134.326817,33.668278],[134.32803,33.668567],[134.329398,33.668605],[134.33065,33.668502],[134.331676,33.668542],[134.332958,33.668605],[134.333188,33.668794],[134.33434,33.670204],[134.335706,33.670973],[134.337296,33.671592],[134.340127,33.672897],[134.343011,33.674321],[134.343022,33.674327],[134.344576,33.675177],[134.345612,33.675608],[134.346371,33.675844],[134.34731,33.676148],[134.348583,33.676806],[134.349447,33.677174],[134.350539,33.677615],[134.351384,33.678161],[134.352114,33.678886],[134.353311,33.680211],[134.353854,33.680817],[134.354231,33.681389],[134.354271,33.681992],[134.354019,33.682925],[134.353957,33.683737],[134.354157,33.684293],[134.354751,33.685118],[134.355244,33.685563],[134.355702,33.685804],[134.356339,33.686072],[134.356966,33.686128],[134.357293,33.686276],[134.357646,33.686538],[134.358137,33.686888],[134.358579,33.687157],[134.359586,33.687714],[134.360221,33.687791],[134.360921,33.687813],[134.361621,33.687781],[134.362028,33.687833],[134.363773,33.688129]]]},"properties":{"S_NAME":"小川","HCODE":8101}},{"type":"Feature","geometry":{"type":"Polygon","coordinates":[[[134.290256,33.670799],[134.289544,33.670722],[134.288612,33.670503],[134.288095,33.670281],[134.287297,33.669621],[134.286509,33.668834],[134.285836,33.668442],[134.284997,33.668191],[134.283721,33.668159],[134.283484,33.66816],[134.283275,33.668185],[134.280619,33.668819],[134.27915,33.669032],[134.278216,33.669073],[134.277393,33.668985],[134.276722,33.668815],[134.275744,33.66858],[134.27525,33.668488],[134.274739,33.668396],[134.274237,33.668258],[134.273494,33.667999],[134.273347,33.667939],[134.273176,33.667819],[134.273127,33.667768],[134.273029,33.667596],[134.27288,33.667323],[134.272623,33.66703],[134.272268,33.666759],[134.271999,33.666608],[134.271682,33.666488],[134.271315,33.666227],[134.27088,33.665875],[134.270606,33.665686],[134.270262,33.66552],[134.269503,33.665228],[134.2691,33.665099],[134.268612,33.664869],[134.268321,33.664722],[134.267612,33.665338],[134.266761,33.665753],[134.265768,33.666427],[134.264918,33.666918],[134.263669,33.667503],[134.263199,33.667764],[134.262831,33.668287],[134.262578,33.668473],[134.262076,33.668602],[134.261452,33.668586],[134.260457,33.6686],[134.25949,33.668599],[134.258654,33.668634],[134.25695,33.668732],[134.256301,33.668747],[134.25563,33.668842],[134.255194,33.668936],[134.254378,33.669123],[134.252619,33.669574],[134.251858,33.669776],[134.251335,33.670341],[134.250998,33.671208],[134.250927,33.671482],[134.250783,33.671635],[134.250476,33.671788],[134.249896,33.672065],[134.249227,33.672419],[134.248313,33.672867],[134.247503,33.673316],[134.247449,33.673316],[134.245506,33.673179],[134.242539,33.672365],[134.239627,33.671281],[134.239362,33.671143],[134.236607,33.669702],[134.23461,33.66979],[134.231966,33.669922],[134.231262,33.669765],[134.228729,33.669198],[134.225493,33.667753],[134.223622,33.666584],[134.222097,33.665632],[134.220047,33.664999],[134.218105,33.665042],[134.215564,33.664598],[134.215246,33.664543],[134.212442,33.662963],[134.21077,33.66233],[134.208344,33.661336],[134.208,33.661196],[134.206564,33.660613],[134.2043,33.659304],[134.203222,33.658492],[134.203007,33.657726],[134.202253,33.656824],[134.201829,33.656507],[134.200459,33.655495],[134.200469,33.655448],[134.200481,33.655402],[134.200521,33.655306],[134.200569,33.6552],[134.200579,33.655178],[134.200622,33.65508],[134.200678,33.654956],[134.200737,33.654846],[134.200797,33.65475],[134.20086,33.654662],[134.200899,33.65461],[134.200924,33.654576],[134.200991,33.654489],[134.201059,33.654403],[134.201128,33.654314],[134.201204,33.654219],[134.201286,33.654116],[134.201368,33.654001],[134.201406,33.653939],[134.20144,33.653876],[134.201498,33.653746],[134.201545,33.653617],[134.201584,33.653497],[134.201623,33.653377],[134.201668,33.653251],[134.201726,33.653119],[134.201759,33.653055],[134.201796,33.652992],[134.201836,33.652935],[134.201918,33.652832],[134.201987,33.652745],[134.202033,33.652673],[134.202052,33.652641],[134.202075,33.652611],[134.202101,33.652583],[134.202135,33.652557],[134.202217,33.652508],[134.202305,33.652464],[134.202382,33.652424],[134.202451,33.652381],[134.202517,33.652328],[134.202581,33.652265],[134.202637,33.652193],[134.202681,33.652119],[134.202699,33.652082],[134.202725,33.65201],[134.202739,33.651946],[134.202742,33.651915],[134.202737,33.651849],[134.202718,33.651775],[134.202695,33.651691],[134.202675,33.651599],[134.20266,33.651501],[134.202644,33.65141],[134.202622,33.651327],[134.202599,33.651224],[134.202581,33.651066],[134.202562,33.650659],[134.202555,33.650579],[134.202538,33.650418],[134.202516,33.650218],[134.202506,33.650126],[134.202499,33.650079],[134.202496,33.650025],[134.202503,33.649969],[134.202523,33.649912],[134.202551,33.649858],[134.202602,33.649772],[134.202637,33.649705],[134.202655,33.649669],[134.202671,33.64963],[134.202681,33.649583],[134.202678,33.649527],[134.202667,33.649465],[134.202633,33.649335],[134.202597,33.649199],[134.202549,33.649044],[134.202518,33.648963],[134.202478,33.64888],[134.202429,33.648797],[134.202372,33.648715],[134.202304,33.648635],[134.202162,33.648485],[134.202038,33.648348],[134.201928,33.648232],[134.201879,33.648181],[134.201839,33.648134],[134.201807,33.648088],[134.201784,33.648044],[134.20177,33.647999],[134.201761,33.647952],[134.201759,33.647903],[134.201766,33.647852],[134.201781,33.647798],[134.201804,33.64774],[134.201871,33.647612],[134.201955,33.647473],[134.202048,33.647324],[134.202101,33.647232],[134.202215,33.646995],[134.202313,33.646781],[134.202352,33.646696],[134.202435,33.646538],[134.202527,33.646382],[134.202611,33.646242],[134.202667,33.64615],[134.202691,33.646111],[134.202777,33.645973],[134.202824,33.645899],[134.202868,33.645821],[134.202896,33.645742],[134.202902,33.645661],[134.202895,33.645583],[134.202874,33.645435],[134.202861,33.645277],[134.202833,33.645068],[134.202809,33.64486],[134.202806,33.644772],[134.202812,33.644696],[134.202828,33.644631],[134.202851,33.644574],[134.202914,33.644453],[134.202941,33.644392],[134.202958,33.644338],[134.202958,33.644297],[134.202933,33.644202],[134.202911,33.644025],[134.202897,33.64393],[134.202857,33.643782],[134.202853,33.643728],[134.202867,33.643684],[134.202928,33.643602],[134.202954,33.643552],[134.202997,33.643442],[134.203017,33.643388],[134.203032,33.643334],[134.203033,33.643281],[134.203015,33.643224],[134.202982,33.643165],[134.202891,33.643039],[134.202839,33.642972],[134.202777,33.6429],[134.202624,33.642742],[134.202465,33.642578],[134.202322,33.642428],[134.202201,33.6423],[134.202104,33.642208],[134.202068,33.642172],[134.202045,33.642138],[134.202036,33.6421],[134.20204,33.642059],[134.202062,33.641957],[134.202107,33.641764],[134.202141,33.641645],[134.202169,33.641567],[134.202218,33.641417],[134.202239,33.641344],[134.202272,33.641204],[134.202297,33.641071],[134.202322,33.64094],[134.202349,33.640814],[134.202378,33.6407],[134.202409,33.640603],[134.202444,33.64052],[134.20249,33.640444],[134.202517,33.640406],[134.202548,33.640369],[134.202584,33.640333],[134.202666,33.640259],[134.202759,33.640188],[134.202851,33.640119],[134.202928,33.640054],[134.202994,33.639998],[134.203048,33.639956],[134.203074,33.639938],[134.203098,33.639917],[134.203121,33.639891],[134.203143,33.639858],[134.203165,33.639814],[134.203207,33.639701],[134.203249,33.639571],[134.203289,33.639437],[134.20333,33.639303],[134.203368,33.63917],[134.203406,33.639037],[134.203436,33.638909],[134.203456,33.638785],[134.203467,33.638663],[134.20347,33.638539],[134.203467,33.638411],[134.203461,33.638284],[134.203452,33.638162],[134.20344,33.638042],[134.203425,33.637922],[134.203405,33.637804],[134.203379,33.637693],[134.203345,33.637594],[134.203313,33.63751],[134.203291,33.637437],[134.203279,33.637375],[134.203269,33.637322],[134.203255,33.637269],[134.20325,33.63724],[134.203252,33.637203],[134.203261,33.637159],[134.203271,33.637131],[134.203279,33.637103],[134.203339,33.636971],[134.203409,33.636836],[134.203471,33.636713],[134.203529,33.636594],[134.203585,33.636462],[134.203637,33.636318],[134.203676,33.636184],[134.203696,33.636072],[134.203715,33.635973],[134.203732,33.635922],[134.203755,33.635867],[134.203786,33.63581],[134.203822,33.635752],[134.203905,33.63564],[134.203948,33.635587],[134.204036,33.635488],[134.204124,33.635389],[134.204212,33.635284],[134.204303,33.635175],[134.2044,33.635064],[134.204497,33.634958],[134.204579,33.634866],[134.204636,33.634796],[134.204664,33.634769],[134.204696,33.63475],[134.20474,33.634738],[134.204796,33.634732],[134.204863,33.634734],[134.204938,33.63474],[134.205097,33.634763],[134.205247,33.634792],[134.205386,33.634816],[134.205453,33.634822],[134.205516,33.634821],[134.205577,33.634815],[134.205636,33.634802],[134.205694,33.634785],[134.205751,33.634762],[134.205806,33.634733],[134.20586,33.6347],[134.205913,33.634664],[134.206019,33.63458],[134.206122,33.634489],[134.206219,33.634399],[134.206305,33.634321],[134.206387,33.634255],[134.206484,33.634194],[134.206603,33.634128],[134.206726,33.634062],[134.206782,33.634031],[134.206828,33.634001],[134.206865,33.633973],[134.206894,33.633945],[134.206915,33.633915],[134.206929,33.633884],[134.206935,33.633848],[134.206934,33.633773],[134.20693,33.633706],[134.206931,33.633677],[134.206938,33.633651],[134.206951,33.633625],[134.206972,33.633597],[134.207045,33.633528],[134.207155,33.633439],[134.207283,33.633335],[134.207414,33.633224],[134.20754,33.633113],[134.207657,33.633005],[134.207762,33.6329],[134.207814,33.632845],[134.207863,33.632788],[134.207958,33.632661],[134.208003,33.632595],[134.208086,33.632444],[134.208158,33.632332],[134.208226,33.632212],[134.208287,33.63209],[134.208337,33.63197],[134.208385,33.63185],[134.208438,33.631739],[134.208496,33.631638],[134.208566,33.631542],[134.208603,33.631499],[134.208641,33.631458],[134.208703,33.631399],[134.208793,33.631323],[134.208823,33.631296],[134.208856,33.631239],[134.20888,33.631171],[134.208899,33.631103],[134.208923,33.630978],[134.208934,33.630923],[134.208951,33.630873],[134.208975,33.630826],[134.209008,33.630782],[134.209095,33.630692],[134.209214,33.630585],[134.209368,33.630451],[134.209524,33.630324],[134.209663,33.630216],[134.209791,33.630107],[134.20985,33.630053],[134.209952,33.629941],[134.210006,33.629887],[134.210064,33.629832],[134.210128,33.629782],[134.210192,33.629742],[134.210254,33.62971],[134.210385,33.629653],[134.210456,33.629612],[134.210603,33.629513],[134.210731,33.629408],[134.210789,33.629357],[134.210901,33.629248],[134.211061,33.629114],[134.211241,33.628975],[134.211357,33.628876],[134.211452,33.6288],[134.211503,33.628774],[134.211557,33.628767],[134.211612,33.628785],[134.211667,33.628821],[134.211724,33.628862],[134.211779,33.628897],[134.211904,33.628969],[134.212064,33.629059],[134.212163,33.629109],[134.212386,33.629206],[134.212581,33.629292],[134.212769,33.629386],[134.21302,33.629509],[134.213134,33.629567],[134.213271,33.629648],[134.213375,33.629716],[134.213429,33.629751],[134.213475,33.629787],[134.213507,33.629821],[134.213527,33.629857],[134.213554,33.629941],[134.213577,33.629987],[134.213619,33.630031],[134.213684,33.630068],[134.213765,33.630096],[134.213853,33.630117],[134.213937,33.630128],[134.214024,33.630134],[134.214115,33.630136],[134.21433,33.630136],[134.214587,33.630139],[134.214848,33.630147],[134.214962,33.630152],[134.21507,33.630161],[134.215185,33.630179],[134.215311,33.630205],[134.215438,33.630238],[134.215549,33.630272],[134.215633,33.630304],[134.215709,33.630339],[134.215921,33.630442],[134.216173,33.630567],[134.216257,33.630613],[134.216315,33.630649],[134.216414,33.630715],[134.216477,33.630746],[134.216558,33.630766],[134.216657,33.630771],[134.216765,33.630768],[134.216863,33.63077],[134.216872,33.630771],[134.21694,33.63078],[134.217015,33.630796],[134.217109,33.63081],[134.217235,33.630815],[134.21738,33.630812],[134.217525,33.630804],[134.21765,33.630791],[134.217904,33.630755],[134.21822,33.630713],[134.218446,33.630685],[134.218508,33.630682],[134.218562,33.630688],[134.218624,33.630701],[134.218695,33.630722],[134.218822,33.630769],[134.218884,33.630789],[134.21896,33.630804],[134.219058,33.630809],[134.219272,33.630807],[134.219442,33.630805],[134.219521,33.630803],[134.219695,33.63079],[134.219903,33.630778],[134.220012,33.630778],[134.220113,33.630787],[134.220196,33.630804],[134.220269,33.630833],[134.220341,33.63087],[134.220488,33.630962],[134.220617,33.631042],[134.220676,33.631081],[134.220741,33.631136],[134.220817,33.631216],[134.2209,33.631314],[134.22106,33.631517],[134.221133,33.63161],[134.221208,33.631695],[134.221287,33.631772],[134.221372,33.631841],[134.221458,33.631905],[134.221545,33.631962],[134.221635,33.632014],[134.221731,33.632056],[134.221833,33.632087],[134.22194,33.632115],[134.222049,33.632147],[134.222156,33.632187],[134.222343,33.632269],[134.222411,33.632296],[134.222477,33.632317],[134.222659,33.632365],[134.22288,33.632418],[134.222968,33.632433],[134.223046,33.632444],[134.223136,33.63245],[134.223366,33.632453],[134.223578,33.63245],[134.223777,33.632446],[134.224042,33.632442],[134.224162,33.632438],[134.224246,33.632429],[134.22431,33.632416],[134.22447,33.632376],[134.224577,33.632355],[134.224694,33.632337],[134.224809,33.632324],[134.224933,33.63231],[134.224969,33.632296],[134.224998,33.632279],[134.225049,33.632254],[134.225107,33.632233],[134.225175,33.632215],[134.225256,33.632199],[134.225348,33.632188],[134.225553,33.632174],[134.225771,33.63217],[134.225993,33.632179],[134.226109,33.63219],[134.226228,33.632209],[134.226353,33.632232],[134.226612,33.632291],[134.226743,33.632319],[134.226873,33.632344],[134.227,33.632361],[134.227244,33.632383],[134.227359,33.632392],[134.227469,33.632405],[134.227571,33.632421],[134.227765,33.632465],[134.227817,33.63248],[134.2281,33.632549],[134.228257,33.632579],[134.228361,33.632603],[134.228445,33.63261],[134.228488,33.63261],[134.228585,33.632601],[134.228699,33.632585],[134.22883,33.632566],[134.228973,33.632547],[134.229122,33.632531],[134.229269,33.632516],[134.229813,33.632468],[134.229874,33.632454],[134.229948,33.632433],[134.230045,33.6324],[134.230213,33.63233],[134.230286,33.632299],[134.230401,33.632242],[134.230489,33.632192],[134.230566,33.632142],[134.230606,33.63212],[134.230647,33.6321],[134.230692,33.632085],[134.230743,33.632077],[134.230799,33.632075],[134.230932,33.632086],[134.231013,33.632094],[134.231104,33.632099],[134.231311,33.632097],[134.231532,33.632088],[134.231739,33.632089],[134.23191,33.632092],[134.231977,33.632088],[134.23203,33.632077],[134.232066,33.632054],[134.23209,33.632023],[134.232104,33.631985],[134.232126,33.631896],[134.232153,33.6318],[134.232186,33.631709],[134.232213,33.63163],[134.232249,33.631504],[134.232366,33.631437],[134.232485,33.631368],[134.232605,33.631297],[134.23285,33.631147],[134.232841,33.631032],[134.232827,33.630901],[134.232804,33.630738],[134.23277,33.630548],[134.23273,33.630353],[134.232684,33.63017],[134.232629,33.630001],[134.232594,33.629921],[134.232555,33.629842],[134.232511,33.629765],[134.232418,33.629622],[134.232326,33.629498],[134.232241,33.629393],[134.232027,33.629146],[134.23201,33.629084],[134.231998,33.629012],[134.232,33.62892],[134.232018,33.628803],[134.232034,33.628736],[134.232084,33.628584],[134.232151,33.628419],[134.232173,33.628369],[134.232221,33.628264],[134.232285,33.628132],[134.23235,33.62801],[134.232387,33.627945],[134.232607,33.627565],[134.232511,33.627443],[134.232414,33.627325],[134.232313,33.62721],[134.232101,33.626992],[134.232155,33.626901],[134.232234,33.626787],[134.232354,33.62663],[134.232507,33.626444],[134.232785,33.626115],[134.232932,33.626096],[134.233001,33.626085],[134.233073,33.626075],[134.233204,33.626051],[134.233264,33.626036],[134.233321,33.626017],[134.233377,33.625994],[134.233431,33.625965],[134.233482,33.625927],[134.233589,33.625837],[134.233714,33.625728],[134.233787,33.625669],[134.233866,33.625609],[134.234033,33.625496],[134.234195,33.625403],[134.234345,33.625332],[134.234489,33.625272],[134.234622,33.625258],[134.234749,33.625245],[134.234862,33.625236],[134.235056,33.625226],[134.235166,33.625102],[134.235278,33.624977],[134.235636,33.624595],[134.235958,33.624586],[134.236243,33.62458],[134.236453,33.624578],[134.236528,33.624577],[134.236589,33.624574],[134.23664,33.624569],[134.236687,33.624559],[134.236733,33.624542],[134.236825,33.624496],[134.236918,33.624445],[134.236964,33.624421],[134.237013,33.624399],[134.237062,33.62438],[134.237112,33.624366],[134.237163,33.624356],[134.237216,33.62435],[134.237329,33.624345],[134.237392,33.62434],[134.237459,33.624331],[134.237531,33.624315],[134.237609,33.624294],[134.237773,33.62424],[134.237944,33.624182],[134.238116,33.624122],[134.238289,33.624056],[134.238461,33.623979],[134.238637,33.623893],[134.238816,33.623802],[134.239004,33.62371],[134.239102,33.623665],[134.239308,33.623581],[134.239418,33.623542],[134.23944,33.623535],[134.239518,33.623507],[134.239936,33.623391],[134.240081,33.623349],[134.240298,33.62327],[134.240463,33.623203],[134.240589,33.623151],[134.240697,33.623106],[134.240805,33.623059],[134.240907,33.62301],[134.240953,33.622987],[134.241031,33.622939],[134.241057,33.622921],[134.24136,33.622716],[134.241414,33.622688],[134.241472,33.622663],[134.241538,33.622641],[134.241618,33.622624],[134.241713,33.622608],[134.241947,33.622578],[134.242081,33.622557],[134.242222,33.62253],[134.242367,33.622493],[134.242516,33.622451],[134.242818,33.622358],[134.243115,33.622275],[134.243391,33.622204],[134.243518,33.622167],[134.243634,33.622128],[134.243737,33.622084],[134.243831,33.622035],[134.243912,33.621984],[134.243985,33.621932],[134.24405,33.621881],[134.244107,33.62183],[134.244204,33.621731],[134.24429,33.621636],[134.244737,33.621572],[134.245457,33.621759],[134.247324,33.62164],[134.247989,33.621597],[134.248695,33.621836],[134.249129,33.621631],[134.249162,33.621615],[134.249424,33.621642],[134.249925,33.621429],[134.250199,33.621856],[134.250428,33.621788],[134.250587,33.621733],[134.250667,33.6217],[134.250747,33.621664],[134.250824,33.621625],[134.250893,33.621584],[134.250956,33.621542],[134.251006,33.621498],[134.251048,33.621452],[134.251083,33.621407],[134.251141,33.621315],[134.252241,33.620773],[134.253315,33.620683],[134.253539,33.620522],[134.253895,33.62043],[134.254119,33.620102],[134.25449,33.619924],[134.255077,33.619614],[134.255367,33.61962],[134.25552,33.619632],[134.255686,33.619639],[134.255851,33.61964],[134.256001,33.619633],[134.256123,33.619616],[134.256221,33.61959],[134.256305,33.619558],[134.256382,33.619521],[134.256546,33.619438],[134.256636,33.619396],[134.256729,33.619358],[134.256821,33.619327],[134.256909,33.619306],[134.256989,33.619294],[134.257064,33.619294],[134.257191,33.619295],[134.25726,33.619299],[134.257409,33.619307],[134.257538,33.619307],[134.257664,33.6193],[134.257767,33.619286],[134.257872,33.619262],[134.25789,33.619258],[134.257943,33.619252],[134.257992,33.619251],[134.258047,33.619258],[134.258134,33.619283],[134.258244,33.619318],[134.25836,33.61935],[134.258473,33.619378],[134.258637,33.61942],[134.25878,33.61946],[134.258909,33.619495],[134.259022,33.619523],[134.259131,33.619545],[134.259244,33.619566],[134.259369,33.619585],[134.259499,33.619596],[134.259545,33.619596],[134.259668,33.619587],[134.259787,33.619574],[134.25991,33.61956],[134.259963,33.619553],[134.260066,33.619532],[134.260107,33.619518],[134.260136,33.619504],[134.260176,33.619481],[134.260246,33.619435],[134.260325,33.61938],[134.260411,33.619319],[134.260504,33.619251],[134.260622,33.619174],[134.26068,33.619141],[134.260748,33.619111],[134.260807,33.61909],[134.260935,33.619061],[134.261024,33.619043],[134.261067,33.61903],[134.261105,33.619016],[134.261134,33.619002],[134.26117,33.618981],[134.261195,33.618964],[134.26126,33.618903],[134.261335,33.618827],[134.261385,33.618779],[134.261416,33.618752],[134.261471,33.618706],[134.261474,33.618703],[134.261541,33.618648],[134.261611,33.618584],[134.261631,33.618568],[134.261676,33.618536],[134.261723,33.618509],[134.26177,33.618488],[134.261901,33.618442],[134.262013,33.618406],[134.262124,33.618366],[134.262242,33.618319],[134.262304,33.618295],[134.262413,33.618265],[134.262523,33.618248],[134.262653,33.618238],[134.262798,33.618225],[134.262861,33.618215],[134.262922,33.618202],[134.263044,33.618165],[134.263165,33.61812],[134.263293,33.618075],[134.263347,33.61806],[134.263423,33.618042],[134.263484,33.618037],[134.26354,33.618046],[134.263591,33.618065],[134.263657,33.618105],[134.263688,33.618121],[134.263718,33.618133],[134.263812,33.61816],[134.263935,33.61819],[134.264028,33.618217],[134.264165,33.61826],[134.264254,33.618285],[134.264314,33.618297],[134.264385,33.618304],[134.264486,33.61831],[134.264584,33.618316],[134.264645,33.618325],[134.264748,33.618352],[134.264833,33.618384],[134.264913,33.618414],[134.264993,33.618442],[134.265082,33.618469],[134.26518,33.618505],[134.265267,33.61854],[134.265282,33.618546],[134.26531,33.61856],[134.265321,33.618565],[134.265397,33.618612],[134.265452,33.618644],[134.265466,33.618647],[134.265477,33.618648],[134.265506,33.618645],[134.265566,33.618629],[134.265655,33.618596],[134.265761,33.61856],[134.265855,33.618536],[134.26595,33.618529],[134.266034,33.618541],[134.266095,33.618556],[134.266188,33.618581],[134.266273,33.618607],[134.266338,33.61863],[134.266414,33.61866],[134.26645,33.618674],[134.266551,33.618721],[134.266564,33.618727],[134.266679,33.618783],[134.266795,33.618839],[134.266886,33.618878],[134.266978,33.618911],[134.267071,33.618938],[134.267186,33.618967],[134.267205,33.618973],[134.267214,33.618975],[134.267226,33.618978],[134.267232,33.618979],[134.267244,33.61898],[134.267257,33.61898],[134.267276,33.618977],[134.267282,33.618976],[134.267288,33.618974],[134.2673,33.61897],[134.267321,33.618959],[134.267327,33.618956],[134.267331,33.618954],[134.26744,33.618873],[134.267531,33.618805],[134.267629,33.618727],[134.267644,33.618714],[134.267734,33.618639],[134.267839,33.618544],[134.267942,33.61845],[134.268037,33.618363],[134.268122,33.618292],[134.2682,33.618234],[134.26829,33.618181],[134.268398,33.618123],[134.268516,33.618064],[134.268627,33.618009],[134.268722,33.617959],[134.268763,33.617934],[134.268799,33.617908],[134.26886,33.617852],[134.268917,33.617784],[134.268984,33.6177],[134.269022,33.617654],[134.26911,33.617563],[134.269157,33.617522],[134.269205,33.617487],[134.269254,33.617458],[134.269305,33.617434],[134.269354,33.617417],[134.269405,33.617405],[134.269453,33.617399],[134.269502,33.617398],[134.269598,33.617405],[134.269693,33.617417],[134.269792,33.617428],[134.269904,33.617433],[134.270032,33.61743],[134.27017,33.617419],[134.270307,33.617399],[134.270437,33.617377],[134.270564,33.617355],[134.270691,33.617342],[134.27083,33.617331],[134.270993,33.617319],[134.271172,33.617303],[134.271339,33.617289],[134.271473,33.617278],[134.27159,33.617267],[134.271714,33.617254],[134.271852,33.617239],[134.271993,33.617226],[134.272128,33.617222],[134.272266,33.617224],[134.272418,33.617229],[134.272582,33.617232],[134.272669,33.61723],[134.272755,33.617224],[134.27284,33.617215],[134.272923,33.617201],[134.273076,33.617165],[134.273189,33.61713],[134.273241,33.617105],[134.273286,33.617077],[134.273336,33.617029],[134.273352,33.617011],[134.273427,33.616931],[134.273496,33.616856],[134.273561,33.616787],[134.27363,33.616717],[134.273702,33.616641],[134.273775,33.61657],[134.273839,33.616518],[134.273869,33.616501],[134.273899,33.616489],[134.273932,33.616482],[134.274018,33.61648],[134.274123,33.616488],[134.274239,33.6165],[134.274351,33.616508],[134.274461,33.616516],[134.274572,33.616523],[134.274684,33.616527],[134.274739,33.616523],[134.274794,33.616513],[134.274845,33.616496],[134.274897,33.616474],[134.274997,33.616419],[134.275097,33.616361],[134.275198,33.616306],[134.275298,33.616255],[134.275391,33.616207],[134.275486,33.616167],[134.275536,33.616154],[134.275588,33.616142],[134.275697,33.616131],[134.275807,33.616124],[134.275908,33.616113],[134.275999,33.616102],[134.276077,33.616093],[134.276147,33.616088],[134.276172,33.616088],[134.276181,33.616089],[134.276219,33.616094],[134.276259,33.616103],[134.276344,33.61613],[134.276388,33.616147],[134.276466,33.616187],[134.276536,33.616228],[134.276609,33.616276],[134.27669,33.616326],[134.276773,33.616375],[134.276847,33.616416],[134.276915,33.616447],[134.276991,33.616471],[134.277084,33.61649],[134.277188,33.616509],[134.277292,33.616531],[134.277399,33.616558],[134.277445,33.616568],[134.277543,33.616586],[134.277636,33.616605],[134.277722,33.61662],[134.277796,33.61663],[134.277865,33.616638],[134.277935,33.616649],[134.27801,33.616661],[134.278088,33.616678],[134.278163,33.616701],[134.278231,33.616729],[134.278296,33.616765],[134.278365,33.616808],[134.278438,33.616858],[134.278516,33.61691],[134.278596,33.616963],[134.278671,33.61701],[134.278749,33.617054],[134.278837,33.617093],[134.278935,33.617128],[134.279039,33.617159],[134.279142,33.617191],[134.279235,33.617223],[134.27933,33.617257],[134.279436,33.61729],[134.279466,33.617298],[134.27956,33.617323],[134.279697,33.617354],[134.279834,33.61738],[134.279963,33.6174],[134.280082,33.617417],[134.280192,33.617433],[134.280294,33.61745],[134.280392,33.617466],[134.280493,33.617481],[134.280595,33.617491],[134.280701,33.617496],[134.280806,33.617491],[134.28091,33.617473],[134.281014,33.617446],[134.281119,33.617416],[134.281227,33.617384],[134.281334,33.617352],[134.281421,33.617327],[134.281439,33.617322],[134.281535,33.617292],[134.281629,33.617265],[134.281724,33.617239],[134.281822,33.617212],[134.281924,33.617184],[134.282028,33.617156],[134.28213,33.617124],[134.282232,33.617091],[134.282334,33.617059],[134.282434,33.617031],[134.282535,33.617005],[134.28264,33.61698],[134.28275,33.616954],[134.282864,33.616929],[134.282976,33.616905],[134.283082,33.61688],[134.283183,33.61686],[134.283279,33.616847],[134.28337,33.616841],[134.283458,33.616841],[134.283546,33.616842],[134.283635,33.61684],[134.283722,33.616836],[134.283806,33.616833],[134.283882,33.61683],[134.283917,33.616831],[134.283981,33.616839],[134.28401,33.616848],[134.284035,33.616858],[134.284059,33.616872],[134.284102,33.616906],[134.284144,33.616942],[134.284188,33.616978],[134.284231,33.617014],[134.284269,33.61705],[134.284299,33.617086],[134.284326,33.617123],[134.284356,33.617164],[134.284395,33.617204],[134.284442,33.617244],[134.284498,33.617283],[134.284558,33.617315],[134.284624,33.617344],[134.284692,33.617371],[134.284758,33.617396],[134.284823,33.61742],[134.284886,33.617448],[134.284943,33.617478],[134.284999,33.617513],[134.285051,33.617556],[134.2851,33.617605],[134.285149,33.617657],[134.285199,33.617706],[134.285251,33.617746],[134.285313,33.617781],[134.285391,33.617816],[134.285485,33.617853],[134.285586,33.617892],[134.285681,33.617926],[134.285757,33.617951],[134.285818,33.61797],[134.285873,33.617986],[134.285926,33.618],[134.285981,33.618018],[134.286039,33.618044],[134.286098,33.618079],[134.286156,33.61812],[134.286211,33.618163],[134.286256,33.618201],[134.286297,33.618236],[134.286342,33.618271],[134.286392,33.618304],[134.286452,33.618334],[134.286487,33.618347],[134.286526,33.618359],[134.286611,33.618374],[134.286703,33.618382],[134.28679,33.618388],[134.286866,33.618393],[134.28693,33.618401],[134.286991,33.618409],[134.287049,33.618419],[134.287115,33.618426],[134.287155,33.618428],[134.287253,33.618425],[134.28737,33.618414],[134.287488,33.618401],[134.287586,33.618387],[134.287661,33.618377],[134.287729,33.618367],[134.287802,33.618354],[134.287884,33.61834],[134.28797,33.618327],[134.288056,33.618317],[134.288139,33.618311],[134.288225,33.618308],[134.288317,33.61831],[134.288413,33.618314],[134.288505,33.618321],[134.288585,33.618331],[134.288655,33.618342],[134.288725,33.618348],[134.288808,33.618344],[134.288908,33.618334],[134.289029,33.618324],[134.289171,33.618324],[134.289331,33.618334],[134.289513,33.618352],[134.289537,33.618352],[134.289588,33.618346],[134.289638,33.618335],[134.289688,33.618319],[134.289738,33.618301],[134.289789,33.61828],[134.289839,33.618261],[134.289891,33.618245],[134.289944,33.618237],[134.28997,33.618235],[134.290024,33.618241],[134.29005,33.618247],[134.290075,33.618257],[134.29012,33.618285],[134.290159,33.618323],[134.290192,33.618363],[134.290222,33.6184],[134.290249,33.618431],[134.290277,33.618462],[134.290311,33.618497],[134.290351,33.618537],[134.290391,33.61857],[134.290402,33.618579],[134.290465,33.61862],[134.290539,33.618657],[134.290619,33.61869],[134.2907,33.618718],[134.29078,33.618742],[134.290864,33.618764],[134.290956,33.618788],[134.291056,33.618811],[134.291108,33.61882],[134.291215,33.618832],[134.291268,33.618833],[134.291374,33.618825],[134.291479,33.61881],[134.29158,33.61879],[134.291676,33.61877],[134.291767,33.618748],[134.291851,33.618727],[134.291929,33.618708],[134.292004,33.618689],[134.292076,33.618672],[134.292146,33.618658],[134.292217,33.618646],[134.292287,33.618634],[134.292355,33.618625],[134.292416,33.618623],[134.292443,33.618627],[134.292464,33.618632],[134.292503,33.618654],[134.292541,33.61869],[134.292589,33.618739],[134.292649,33.618801],[134.292712,33.618871],[134.29277,33.618945],[134.29282,33.619019],[134.292867,33.619095],[134.292914,33.619169],[134.292965,33.619242],[134.293016,33.61931],[134.293067,33.619372],[134.293118,33.619427],[134.293166,33.619473],[134.293209,33.619511],[134.293249,33.61954],[134.293292,33.61956],[134.293318,33.619566],[134.293346,33.619569],[134.293414,33.619569],[134.293489,33.61956],[134.293569,33.619545],[134.293651,33.619527],[134.293735,33.619512],[134.293821,33.619508],[134.293911,33.619515],[134.294004,33.619531],[134.294099,33.619554],[134.294197,33.619578],[134.2943,33.619604],[134.294406,33.619625],[134.294514,33.619642],[134.29462,33.619654],[134.29472,33.619661],[134.294816,33.619663],[134.294913,33.619658],[134.295018,33.619648],[134.295133,33.619631],[134.295182,33.619623],[134.295255,33.619609],[134.29538,33.619582],[134.295506,33.619554],[134.295631,33.619521],[134.295694,33.619504],[134.295815,33.619463],[134.295933,33.619421],[134.296047,33.619381],[134.296153,33.619341],[134.296255,33.619303],[134.296356,33.619261],[134.296454,33.61921],[134.296549,33.619157],[134.296639,33.619106],[134.296721,33.619059],[134.296797,33.619017],[134.296872,33.61898],[134.296947,33.618948],[134.297025,33.618924],[134.297063,33.618916],[134.297144,33.618907],[134.297227,33.618907],[134.297312,33.618915],[134.297401,33.618928],[134.297497,33.618948],[134.297602,33.618976],[134.297609,33.618977],[134.297643,33.618988],[134.297747,33.619023],[134.2979,33.61908],[134.298052,33.619141],[134.298177,33.619196],[134.298278,33.619244],[134.298374,33.619293],[134.298486,33.61935],[134.298617,33.619417],[134.298757,33.619488],[134.298893,33.619553],[134.299017,33.61961],[134.299126,33.61966],[134.299217,33.619702],[134.299398,33.619801],[134.299443,33.619827],[134.299466,33.619838],[134.299515,33.619854],[134.299573,33.619859],[134.299642,33.619856],[134.299721,33.619845],[134.299806,33.619827],[134.299893,33.619807],[134.299974,33.619787],[134.300042,33.619771],[134.30011,33.619761],[134.300187,33.619758],[134.300278,33.61976],[134.300385,33.619766],[134.3005,33.619775],[134.300616,33.619782],[134.300738,33.619788],[134.300869,33.619788],[134.301008,33.61978],[134.301143,33.61977],[134.301259,33.619757],[134.301344,33.619745],[134.301409,33.619734],[134.301467,33.619726],[134.301529,33.61972],[134.301598,33.619719],[134.301669,33.619725],[134.301742,33.619738],[134.301818,33.61976],[134.301904,33.619792],[134.302,33.619833],[134.302106,33.61988],[134.302218,33.61993],[134.302331,33.619978],[134.302454,33.62003],[134.302591,33.620088],[134.302744,33.620154],[134.302863,33.620208],[134.302881,33.620216],[134.302944,33.620248],[134.303019,33.620284],[134.303081,33.620318],[134.303127,33.620346],[134.303166,33.62038],[134.303213,33.620429],[134.303274,33.620497],[134.303343,33.620577],[134.303408,33.620653],[134.303456,33.620713],[134.303491,33.620759],[134.303496,33.620766],[134.303517,33.620794],[134.303539,33.620821],[134.303562,33.620842],[134.30359,33.62086],[134.303626,33.620873],[134.30367,33.620884],[134.303718,33.620892],[134.303866,33.620905],[134.303881,33.620907],[134.30396,33.620911],[134.304045,33.620906],[134.30409,33.620899],[134.304184,33.620874],[134.304281,33.620838],[134.304381,33.620798],[134.304478,33.620756],[134.304569,33.620717],[134.304655,33.62068],[134.304731,33.620647],[134.304803,33.620623],[134.30484,33.620616],[134.304877,33.620612],[134.304915,33.620612],[134.304997,33.620621],[134.305085,33.620642],[134.305181,33.620669],[134.305281,33.620699],[134.305386,33.620728],[134.305489,33.620753],[134.305589,33.620772],[134.305701,33.620797],[134.305816,33.620812],[134.305873,33.620824],[134.305983,33.620855],[134.306035,33.620877],[134.306137,33.620923],[134.306162,33.620935],[134.306234,33.620972],[134.306329,33.621021],[134.306416,33.621073],[134.306496,33.62113],[134.306564,33.621191],[134.306595,33.621225],[134.306621,33.62126],[134.306665,33.621333],[134.306696,33.621408],[134.306719,33.62148],[134.306741,33.621551],[134.306774,33.621622],[134.306821,33.621692],[134.306849,33.621726],[134.306911,33.621791],[134.306982,33.621855],[134.307061,33.621921],[134.307147,33.621994],[134.307166,33.622011],[134.307232,33.622072],[134.307271,33.622115],[134.307306,33.622157],[134.307338,33.622202],[134.307366,33.622248],[134.307416,33.622352],[134.307437,33.622408],[134.307455,33.62247],[134.307493,33.622599],[134.307531,33.622734],[134.307613,33.622967],[134.307633,33.623023],[134.307653,33.623086],[134.307674,33.623146],[134.307701,33.623202],[134.307735,33.62325],[134.307779,33.623295],[134.307826,33.623339],[134.307869,33.623383],[134.307906,33.623432],[134.307909,33.623438],[134.30792,33.623458],[134.307929,33.623486],[134.307942,33.623544],[134.307944,33.623598],[134.307939,33.623659],[134.307928,33.623749],[134.307912,33.623884],[134.307898,33.624052],[134.30789,33.624237],[134.307889,33.624427],[134.30789,33.624623],[134.307889,33.624821],[134.307895,33.625012],[134.307903,33.625102],[134.307913,33.625186],[134.307939,33.625334],[134.307962,33.625458],[134.307967,33.625508],[134.307967,33.625553],[134.307963,33.625592],[134.307956,33.625627],[134.307946,33.625658],[134.307931,33.625685],[134.307914,33.625709],[134.307895,33.62573],[134.307854,33.62576],[134.307811,33.625776],[134.307758,33.625793],[134.307725,33.625807],[134.307639,33.625848],[134.307546,33.6259],[134.307466,33.625945],[134.307412,33.625981],[134.307395,33.625995],[134.307385,33.62601],[134.307381,33.626023],[134.307383,33.626036],[134.30739,33.62605],[134.307414,33.626079],[134.307442,33.626114],[134.307477,33.626155],[134.30752,33.626205],[134.307572,33.626262],[134.307637,33.626333],[134.307714,33.626417],[134.307801,33.626517],[134.307883,33.626628],[134.30796,33.626745],[134.30803,33.626856],[134.308092,33.626955],[134.308163,33.627058],[134.308258,33.627185],[134.308374,33.627336],[134.308476,33.62747],[134.308489,33.627487],[134.308549,33.627573],[134.308581,33.62762],[134.30862,33.627683],[134.308654,33.627749],[134.308686,33.627818],[134.308713,33.627892],[134.308739,33.62797],[134.308778,33.628128],[134.308792,33.628203],[134.308806,33.628338],[134.308807,33.628368],[134.308808,33.6284],[134.308806,33.62844],[134.308803,33.628521],[134.308792,33.628645],[134.308777,33.628783],[134.308774,33.628816],[134.308762,33.628944],[134.308744,33.629128],[134.308718,33.629325],[134.3087,33.629424],[134.308654,33.629623],[134.308603,33.629812],[134.308577,33.629893],[134.308548,33.629984],[134.30849,33.630134],[134.308459,33.6302],[134.308426,33.630259],[134.308357,33.630362],[134.308286,33.630456],[134.308212,33.630551],[134.308139,33.630644],[134.308067,33.630732],[134.308014,33.630796],[134.307999,33.630813],[134.307933,33.630887],[134.30793,33.630891],[134.30786,33.630968],[134.307793,33.631046],[134.307738,33.631124],[134.307715,33.631165],[134.307696,33.631206],[134.307665,33.631287],[134.307645,33.631371],[134.307628,33.631479],[134.307612,33.631635],[134.307592,33.631836],[134.307578,33.631984],[134.307572,33.63208],[134.307559,33.632294],[134.307547,33.632503],[134.307541,33.632706],[134.307537,33.632898],[134.307537,33.633071],[134.307537,33.633218],[134.307536,33.633334],[134.307531,33.633431],[134.307521,33.633523],[134.307514,33.633573],[134.307492,33.63368],[134.307465,33.633793],[134.307439,33.633895],[134.307419,33.633974],[134.307407,33.634031],[134.307399,33.634079],[134.307391,33.634132],[134.307379,33.6342],[134.307367,33.63428],[134.307358,33.634362],[134.307355,33.634436],[134.30736,33.634502],[134.307374,33.634563],[134.307396,33.634626],[134.307424,33.634693],[134.307459,33.634765],[134.307495,33.634843],[134.307532,33.634922],[134.307569,33.635001],[134.307603,33.635075],[134.307632,33.635139],[134.307657,33.635189],[134.307679,33.635232],[134.307699,33.635275],[134.307721,33.635327],[134.307746,33.635392],[134.30776,33.635426],[134.307777,33.635465],[134.307815,33.635546],[134.307861,33.635629],[134.307913,33.635714],[134.307962,33.635796],[134.308005,33.635871],[134.308042,33.635941],[134.30808,33.636013],[134.308129,33.636092],[134.308189,33.636181],[134.308259,33.636277],[134.308328,33.63637],[134.308393,33.63645],[134.308423,33.636486],[134.308448,33.636516],[134.308502,33.636576],[134.3086,33.636694],[134.30872,33.636829],[134.308838,33.63695],[134.308948,33.637047],[134.309069,33.637149],[134.309166,33.637227],[134.30924,33.637284],[134.309291,33.637322],[134.309358,33.637386],[134.309387,33.637413],[134.309397,33.637423],[134.309429,33.637447],[134.309468,33.63747],[134.309525,33.637494],[134.309595,33.637518],[134.30967,33.637541],[134.30974,33.637561],[134.309806,33.637576],[134.309818,33.637579],[134.309869,33.637589],[134.30993,33.637595],[134.309989,33.637595],[134.310047,33.63759],[134.310105,33.637581],[134.310163,33.637566],[134.310225,33.637546],[134.310289,33.637519],[134.310358,33.637487],[134.310431,33.637448],[134.310506,33.637406],[134.310579,33.637363],[134.310647,33.637319],[134.310713,33.637277],[134.310776,33.637233],[134.310839,33.637187],[134.310902,33.637139],[134.310969,33.637089],[134.311038,33.637038],[134.311111,33.636985],[134.311186,33.636934],[134.311258,33.636881],[134.311325,33.636827],[134.311388,33.636773],[134.312826,33.638436],[134.313164,33.638524],[134.313426,33.638657],[134.313558,33.638752],[134.313628,33.638867],[134.313675,33.63905],[134.313683,33.639812],[134.313627,33.640371],[134.313541,33.640931],[134.313455,33.641465],[134.313429,33.641897],[134.313301,33.642819],[134.313029,33.643308],[134.312755,33.643489],[134.312051,33.643622],[134.311162,33.643654],[134.310563,33.64367],[134.310104,33.643725],[134.309752,33.643837],[134.309345,33.644019],[134.308783,33.644299],[134.308415,33.644496],[134.308086,33.644661],[134.307776,33.644891],[134.307312,33.645252],[134.307119,33.645974],[134.3065,33.647016],[134.305344,33.648126],[134.303608,33.649496],[134.302063,33.650752],[134.300979,33.652115],[134.299764,33.653378],[134.29754,33.65511],[134.295465,33.656328],[134.295008,33.656639],[134.294155,33.657285],[134.294036,33.65848],[134.293779,33.659913],[134.293476,33.661309],[134.293084,33.662856],[134.292471,33.664743],[134.291381,33.667585],[134.290529,33.669332],[134.290231,33.670347],[134.290256,33.670799]]]},"properties":{"S_NAME":"相川","HCODE":8101}},{"type":"Feature","geometry":{"type":"Polygon","coordinates":[[[134.352456,33.663286],[134.351642,33.663788],[134.350498,33.664878],[134.3493,33.665778],[134.34891,33.666226],[134.348482,33.667135],[134.348383,33.667779],[134.348389,33.66832],[134.3485,33.668918],[134.348382,33.669445],[134.348099,33.669981],[134.347874,33.670275],[134.347429,33.671213],[134.346802,33.672467],[134.346375,33.673522],[134.345863,33.674797],[134.345612,33.675608],[134.344576,33.675177],[134.343022,33.674327],[134.343011,33.674321],[134.340127,33.672897],[134.337296,33.671592],[134.335706,33.670973],[134.33434,33.670204],[134.333188,33.668794],[134.332958,33.668605],[134.331676,33.668542],[134.33065,33.668502],[134.329398,33.668605],[134.32803,33.668567],[134.326817,33.668278],[134.326044,33.667855],[134.325584,33.66743],[134.324868,33.666982],[134.32407,33.666916],[134.32256,33.66695],[134.319828,33.667135],[134.316784,33.66756],[134.315763,33.667872],[134.314882,33.668262],[134.313716,33.668389],[134.312235,33.668399],[134.311176,33.668366],[134.30891,33.668319],[134.308317,33.668319],[134.30628,33.668224],[134.30401,33.668184],[134.301659,33.66826],[134.296773,33.668302],[134.296479,33.668324],[134.29609,33.668593],[134.293825,33.67006],[134.292996,33.670475],[134.292556,33.670621],[134.291805,33.670741],[134.290988,33.670832],[134.290256,33.670799],[134.290231,33.670347],[134.290529,33.669332],[134.291381,33.667585],[134.292471,33.664743],[134.293084,33.662856],[134.293476,33.661309],[134.293779,33.659913],[134.294036,33.65848],[134.294155,33.657285],[134.295008,33.656639],[134.295465,33.656328],[134.29754,33.65511],[134.299764,33.653378],[134.300979,33.652115],[134.302063,33.650752],[134.302926,33.650572],[134.304275,33.650798],[134.305664,33.65111],[134.307889,33.652061],[134.309209,33.653009],[134.310343,33.653925],[134.311147,33.65457],[134.311931,33.655102],[134.312558,33.655585],[134.313028,33.655859],[134.31378,33.656157],[134.314141,33.656144],[134.316077,33.655758],[134.316558,33.65579],[134.317048,33.656037],[134.318389,33.65728],[134.319557,33.657945],[134.320564,33.658227],[134.321486,33.6584],[134.3229,33.658596],[134.324835,33.658813],[134.326585,33.658955],[134.327904,33.658947],[134.329035,33.65878],[134.330412,33.658161],[134.33075,33.658158],[134.33118,33.658258],[134.332843,33.658888],[134.333843,33.659176],[134.334857,33.659322],[134.336117,33.659596],[134.337319,33.660075],[134.338949,33.660474],[134.343824,33.660158],[134.344254,33.660207],[134.34447,33.660333],[134.345275,33.661261],[134.346138,33.661757],[134.347541,33.662478],[134.349927,33.663073],[134.352456,33.663286]]]},"properties":{"S_NAME":"神野","HCODE":8101}},{"type":"Feature","geometry":{"type":"Polygon","coordinates":[[[134.352456,33.663286],[134.349927,33.663073],[134.347541,33.662478],[134.346138,33.661757],[134.345275,33.661261],[134.34447,33.660333],[134.344254,33.660207],[134.343824,33.660158],[134.338949,33.660474],[134.337319,33.660075],[134.336117,33.659596],[134.334857,33.659322],[134.333843,33.659176],[134.332843,33.658888],[134.33118,33.658258],[134.33075,33.658158],[134.330412,33.658161],[134.329035,33.65878],[134.327904,33.658947],[134.326585,33.658955],[134.324835,33.658813],[134.3229,33.658596],[134.321486,33.6584],[134.320564,33.658227],[134.319557,33.657945],[134.318389,33.65728],[134.317048,33.656037],[134.316558,33.65579],[134.316077,33.655758],[134.314141,33.656144],[134.31378,33.656157],[134.313028,33.655859],[134.312558,33.655585],[134.311931,33.655102],[134.311147,33.65457],[134.310343,33.653925],[134.309209,33.653009],[134.307889,33.652061],[134.305664,33.65111],[134.304275,33.650798],[134.302926,33.650572],[134.302063,33.650752],[134.303608,33.649496],[134.305344,33.648126],[134.3065,33.647016],[134.307119,33.645974],[134.307312,33.645252],[134.307776,33.644891],[134.308086,33.644661],[134.308415,33.644496],[134.308783,33.644299],[134.309345,33.644019],[134.309752,33.643837],[134.310104,33.643725],[134.310563,33.64367],[134.311162,33.643654],[134.312051,33.643622],[134.312755,33.643489],[134.313029,33.643308],[134.313301,33.642819],[134.313429,33.641897],[134.313455,33.641465],[134.313541,33.640931],[134.313627,33.640371],[134.313683,33.639812],[134.313675,33.63905],[134.313628,33.638867],[134.313558,33.638752],[134.313426,33.638657],[134.313164,33.638524],[134.312826,33.638436],[134.311388,33.636773],[134.311452,33.636714],[134.311522,33.636648],[134.3116,33.636573],[134.311683,33.636492],[134.311709,33.636465],[134.311763,33.636409],[134.311801,33.636368],[134.311868,33.636288],[134.311926,33.636213],[134.311978,33.636142],[134.312028,33.636076],[134.312075,33.636013],[134.312119,33.635953],[134.312156,33.635893],[134.312184,33.635831],[134.312188,33.635823],[134.312193,33.635808],[134.312208,33.635769],[134.312231,33.635708],[134.312256,33.635648],[134.312287,33.635592],[134.312321,33.63554],[134.312343,33.635512],[134.312358,33.635495],[134.312397,33.635454],[134.312445,33.635418],[134.312501,33.635382],[134.312581,33.635339],[134.312658,33.635311],[134.312705,33.635295],[134.312754,33.635282],[134.312804,33.635272],[134.312856,33.635266],[134.312907,33.635264],[134.312958,33.635266],[134.31306,33.635277],[134.313156,33.635296],[134.313245,33.635315],[134.313326,33.635332],[134.3134,33.635346],[134.313472,33.635359],[134.313544,33.635368],[134.31358,33.635372],[134.313657,33.635375],[134.313742,33.635368],[134.313835,33.635349],[134.313921,33.635322],[134.313935,33.635318],[134.313986,33.635298],[134.314037,33.635274],[134.314088,33.635247],[134.314184,33.635184],[134.314272,33.635114],[134.314313,33.635079],[134.314381,33.635009],[134.314433,33.634946],[134.314478,33.63489],[134.314501,33.634866],[134.314527,33.634844],[134.314557,33.634826],[134.31459,33.634809],[134.314629,33.634795],[134.314714,33.634773],[134.314805,33.634756],[134.314896,33.63474],[134.314982,33.634726],[134.315061,33.634713],[134.315134,33.634704],[134.315196,33.634696],[134.315253,33.634688],[134.31531,33.634671],[134.315339,33.634659],[134.315399,33.634623],[134.315462,33.634576],[134.315524,33.634524],[134.315584,33.63447],[134.315641,33.634418],[134.315694,33.634367],[134.315747,33.634313],[134.315795,33.634256],[134.315846,33.634195],[134.315897,33.634131],[134.31595,33.634062],[134.316006,33.633992],[134.316062,33.633926],[134.316114,33.633871],[134.316161,33.633829],[134.316207,33.633796],[134.316261,33.633767],[134.316325,33.633733],[134.316402,33.633694],[134.316483,33.633652],[134.31656,33.63361],[134.316628,33.63357],[134.316689,33.633532],[134.316748,33.633497],[134.316808,33.633463],[134.31687,33.633431],[134.316933,33.633404],[134.316994,33.633382],[134.317022,33.633372],[134.317077,33.633362],[134.317132,33.633357],[134.317187,33.63336],[134.317244,33.633366],[134.317306,33.633379],[134.317371,33.633399],[134.317439,33.633425],[134.317509,33.633457],[134.317577,33.633495],[134.317638,33.633539],[134.317691,33.633585],[134.317696,33.633591],[134.317736,33.633634],[134.317782,33.633678],[134.31783,33.633716],[134.317883,33.633746],[134.317939,33.633771],[134.318,33.633794],[134.31806,33.633815],[134.318121,33.633835],[134.318178,33.633851],[134.31823,33.633861],[134.318276,33.633868],[134.318322,33.633879],[134.318373,33.633899],[134.318429,33.633932],[134.31849,33.633978],[134.318551,33.63403],[134.318607,33.634086],[134.318657,33.63414],[134.318704,33.63419],[134.318749,33.63423],[134.318768,33.634243],[134.318789,33.634255],[134.318831,33.634274],[134.318876,33.634291],[134.318928,33.634315],[134.318985,33.634348],[134.319035,33.634387],[134.319054,33.634408],[134.319071,33.634431],[134.319081,33.634453],[134.319086,33.634477],[134.319088,33.634526],[134.319085,33.634577],[134.319087,33.634628],[134.319091,33.634654],[134.319108,33.634704],[134.319134,33.634745],[134.319152,33.634763],[134.319192,33.634789],[134.31924,33.634809],[134.319299,33.634832],[134.319365,33.634865],[134.319436,33.634908],[134.319512,33.634957],[134.319589,33.635007],[134.319625,33.635029],[134.319663,33.635053],[134.319732,33.635094],[134.319795,33.635136],[134.319846,33.635176],[134.319887,33.635217],[134.319916,33.63526],[134.319939,33.635305],[134.319955,33.635353],[134.319964,33.635403],[134.319967,33.635458],[134.319964,33.635518],[134.319957,33.635581],[134.319945,33.635647],[134.31993,33.635714],[134.319913,33.635779],[134.319901,33.635843],[134.319901,33.635901],[134.319906,33.635928],[134.319916,33.635953],[134.31993,33.635977],[134.319968,33.636021],[134.320006,33.636065],[134.320037,33.636111],[134.320057,33.636161],[134.32007,33.636211],[134.320077,33.63626],[134.320078,33.636304],[134.320078,33.636344],[134.320078,33.636382],[134.320077,33.63641],[134.320077,33.636417],[134.320079,33.63645],[134.320087,33.636482],[134.320105,33.636517],[134.320132,33.636551],[134.320168,33.636587],[134.320211,33.636625],[134.320257,33.636663],[134.320304,33.636706],[134.320353,33.636751],[134.320402,33.636805],[134.32045,33.636866],[134.320499,33.636932],[134.320547,33.636998],[134.320594,33.637058],[134.32064,33.637112],[134.320683,33.637165],[134.320727,33.637221],[134.320767,33.637283],[134.320807,33.637351],[134.320842,33.637421],[134.320871,33.637491],[134.320895,33.637559],[134.320916,33.637629],[134.320937,33.637703],[134.320959,33.63778],[134.320986,33.637858],[134.321002,33.637895],[134.32102,33.637929],[134.321042,33.63796],[134.321066,33.637987],[134.321092,33.638011],[134.321152,33.638054],[134.321216,33.638096],[134.32128,33.638144],[134.321341,33.638202],[134.321369,33.638229],[134.321372,33.638232],[134.321428,33.638298],[134.321483,33.638367],[134.321536,33.638436],[134.321594,33.638507],[134.321664,33.638578],[134.321745,33.638651],[134.321831,33.638724],[134.32187,33.638761],[134.321905,33.638797],[134.321936,33.638834],[134.321958,33.63887],[134.321974,33.638906],[134.321994,33.638975],[134.322008,33.639039],[134.322026,33.639098],[134.322042,33.639131],[134.322069,33.639178],[134.322138,33.63926],[134.322202,33.639333],[134.322256,33.639396],[134.322279,33.639429],[134.322298,33.639464],[134.322328,33.639544],[134.322355,33.639636],[134.322384,33.639734],[134.322419,33.639831],[134.322459,33.639919],[134.322499,33.63999],[134.322542,33.640051],[134.322568,33.640081],[134.322592,33.64011],[134.322649,33.640169],[134.322712,33.640223],[134.322778,33.640265],[134.322814,33.640281],[134.322851,33.640293],[134.322889,33.640303],[134.322926,33.640308],[134.323005,33.64031],[134.323083,33.640305],[134.323154,33.640295],[134.323218,33.640282],[134.323248,33.640273],[134.3233,33.640251],[134.32335,33.640225],[134.323406,33.640194],[134.323437,33.640178],[134.323472,33.640166],[134.323508,33.640159],[134.323548,33.640159],[134.32359,33.640166],[134.323634,33.64018],[134.323727,33.640221],[134.323822,33.640263],[134.323908,33.640302],[134.323979,33.640338],[134.324004,33.640354],[134.324043,33.640388],[134.324077,33.640422],[134.324118,33.640456],[134.324143,33.64047],[134.324171,33.640481],[134.324202,33.640487],[134.324236,33.640487],[134.324308,33.640473],[134.324382,33.640452],[134.324449,33.640432],[134.324481,33.640426],[134.324512,33.640425],[134.324543,33.640431],[134.324574,33.640441],[134.324604,33.640457],[134.324663,33.640499],[134.324719,33.640544],[134.324774,33.640584],[134.324841,33.640622],[134.324921,33.640653],[134.324964,33.640665],[134.325009,33.640674],[134.325053,33.640679],[134.325137,33.640674],[134.325223,33.640658],[134.325312,33.640643],[134.325359,33.640638],[134.325404,33.640637],[134.325448,33.64064],[134.325488,33.640649],[134.32552,33.640663],[134.325549,33.640683],[134.325573,33.640707],[134.325614,33.640763],[134.325689,33.64088],[134.325708,33.64091],[134.325727,33.640938],[134.32575,33.640959],[134.325777,33.640975],[134.325808,33.640988],[134.325839,33.641002],[134.325875,33.641015],[134.325915,33.64103],[134.32596,33.641045],[134.32601,33.641062],[134.326061,33.641079],[134.326107,33.641097],[134.326146,33.641116],[134.326178,33.641136],[134.326202,33.641153],[134.326218,33.64117],[134.326228,33.641185],[134.326233,33.641201],[134.326238,33.64122],[134.32624,33.641242],[134.326243,33.641269],[134.326241,33.641296],[134.326235,33.641323],[134.326223,33.641351],[134.32621,33.64138],[134.3262,33.641412],[134.326193,33.641449],[134.326192,33.641489],[134.326199,33.64153],[134.326211,33.641569],[134.326231,33.641605],[134.326255,33.641639],[134.326281,33.641673],[134.326307,33.641706],[134.326333,33.641741],[134.32636,33.641777],[134.326385,33.641815],[134.326408,33.641853],[134.326429,33.641893],[134.326445,33.641931],[134.326455,33.641965],[134.326462,33.641998],[134.326467,33.642032],[134.326468,33.642069],[134.326468,33.642107],[134.326466,33.642149],[134.326459,33.642192],[134.326445,33.642236],[134.326429,33.642282],[134.326413,33.642328],[134.326399,33.642374],[134.326387,33.64242],[134.326377,33.642464],[134.326369,33.642505],[134.326358,33.642539],[134.32635,33.642571],[134.326343,33.6426],[134.326339,33.64263],[134.326337,33.642662],[134.326339,33.642694],[134.326345,33.642728],[134.326353,33.642761],[134.326365,33.642795],[134.326382,33.642828],[134.326406,33.64286],[134.326434,33.64289],[134.326465,33.64292],[134.326495,33.642952],[134.32652,33.642985],[134.326541,33.643019],[134.326557,33.643052],[134.326568,33.643083],[134.326576,33.64311],[134.32658,33.643137],[134.32658,33.643165],[134.326576,33.643195],[134.326573,33.643227],[134.326573,33.64326],[134.326581,33.643291],[134.326596,33.643322],[134.326614,33.643353],[134.326636,33.643386],[134.326657,33.643421],[134.326675,33.643457],[134.326691,33.643492],[134.326701,33.643525],[134.326706,33.643555],[134.326704,33.643584],[134.326699,33.643615],[134.326688,33.643647],[134.326673,33.643682],[134.326652,33.64372],[134.326623,33.643763],[134.326589,33.64381],[134.326554,33.643856],[134.326522,33.643902],[134.326496,33.643944],[134.326474,33.643983],[134.326451,33.64402],[134.326428,33.644055],[134.326402,33.64409],[134.326378,33.644125],[134.326359,33.644161],[134.326346,33.644197],[134.326341,33.644236],[134.326341,33.644277],[134.326343,33.644322],[134.326346,33.644369],[134.326351,33.644417],[134.326354,33.644465],[134.326356,33.644509],[134.326357,33.644551],[134.326356,33.644593],[134.326354,33.644632],[134.326349,33.64467],[134.326343,33.644709],[134.326335,33.644751],[134.326326,33.644794],[134.326316,33.644838],[134.326303,33.644881],[134.326291,33.64492],[134.326278,33.644955],[134.326267,33.644987],[134.326259,33.645022],[134.326255,33.645057],[134.326257,33.645094],[134.32626,33.64513],[134.326266,33.645164],[134.326274,33.645196],[134.326283,33.645226],[134.326297,33.645256],[134.326314,33.645286],[134.326333,33.645315],[134.326353,33.645346],[134.32637,33.645375],[134.326375,33.645383],[134.326386,33.645405],[134.326397,33.645436],[134.326407,33.645466],[134.326413,33.645497],[134.326416,33.645528],[134.326416,33.645561],[134.326412,33.645593],[134.326404,33.645627],[134.326395,33.645663],[134.326388,33.645703],[134.326382,33.645748],[134.326378,33.645796],[134.326374,33.645842],[134.326369,33.645887],[134.326362,33.645928],[134.326354,33.64597],[134.326344,33.646013],[134.326334,33.64606],[134.326324,33.64611],[134.326312,33.64616],[134.326299,33.646207],[134.326284,33.646252],[134.326267,33.646296],[134.32625,33.646339],[134.326231,33.646383],[134.326216,33.646429],[134.326204,33.646476],[134.326199,33.646526],[134.326202,33.646578],[134.326211,33.646634],[134.326225,33.646694],[134.326239,33.646757],[134.326256,33.646823],[134.326271,33.646889],[134.326282,33.646952],[134.32629,33.647012],[134.326298,33.647071],[134.326309,33.647129],[134.326322,33.647187],[134.326339,33.647242],[134.326357,33.647292],[134.326371,33.647334],[134.326382,33.647368],[134.326392,33.647398],[134.326404,33.647429],[134.326417,33.647462],[134.326422,33.647469],[134.326436,33.647497],[134.326463,33.647531],[134.326501,33.647558],[134.32655,33.647581],[134.326603,33.647603],[134.326658,33.647628],[134.32671,33.647658],[134.32676,33.647692],[134.326812,33.647728],[134.326867,33.647767],[134.326924,33.647805],[134.326985,33.647843],[134.327046,33.647875],[134.327105,33.647903],[134.327163,33.647927],[134.327219,33.647948],[134.327273,33.647969],[134.327324,33.64799],[134.327374,33.648009],[134.32742,33.64803],[134.327464,33.648048],[134.32751,33.648069],[134.32756,33.648094],[134.327615,33.648127],[134.327679,33.648167],[134.327746,33.648212],[134.327818,33.648262],[134.327889,33.648312],[134.327959,33.648362],[134.328027,33.648412],[134.328094,33.648461],[134.328157,33.648508],[134.328215,33.648554],[134.328271,33.648598],[134.328321,33.648638],[134.328367,33.648677],[134.328413,33.648716],[134.32846,33.648754],[134.328505,33.648793],[134.328548,33.64883],[134.328586,33.648863],[134.328615,33.64889],[134.328638,33.648914],[134.328659,33.648936],[134.32868,33.648958],[134.328701,33.648981],[134.328727,33.649],[134.328757,33.649015],[134.32879,33.649022],[134.328833,33.649022],[134.328888,33.649014],[134.328958,33.649],[134.32904,33.648982],[134.329126,33.64896],[134.329209,33.648937],[134.32928,33.648915],[134.32934,33.648896],[134.329392,33.648879],[134.329438,33.648867],[134.329476,33.648859],[134.329509,33.648852],[134.329534,33.648848],[134.329554,33.648841],[134.329571,33.648836],[134.329592,33.648831],[134.329622,33.648827],[134.329661,33.648826],[134.329707,33.648828],[134.329757,33.648835],[134.329808,33.648845],[134.329859,33.648859],[134.329909,33.648874],[134.329956,33.648887],[134.330002,33.648898],[134.330044,33.648907],[134.330082,33.648913],[134.330115,33.648917],[134.330147,33.648918],[134.330183,33.648917],[134.330221,33.648913],[134.330225,33.648912],[134.330273,33.648904],[134.330328,33.648894],[134.330386,33.648882],[134.330446,33.648868],[134.330506,33.648854],[134.330567,33.648841],[134.330628,33.64883],[134.330688,33.64882],[134.330743,33.64881],[134.331229,33.649347],[134.332152,33.650655],[134.332399,33.650625],[134.332815,33.650641],[134.333163,33.650667],[134.333714,33.650738],[134.334345,33.650893],[134.33492,33.651134],[134.335337,33.6513],[134.335484,33.651393],[134.335575,33.651458],[134.335755,33.651513],[134.336239,33.651566],[134.336912,33.651552],[134.33707,33.65156],[134.337216,33.651625],[134.337386,33.651746],[134.337617,33.651843],[134.337808,33.651851],[134.338201,33.65181],[134.338403,33.6518],[134.338853,33.651844],[134.339292,33.651888],[134.33973,33.651913],[134.339944,33.651939],[134.340124,33.651976],[134.340396,33.652208],[134.341095,33.653053],[134.341504,33.653501],[134.341969,33.653958],[134.342422,33.654367],[134.343424,33.655144],[134.343855,33.655526],[134.344036,33.655647],[134.344332,33.655751],[134.344292,33.655912],[134.344247,33.656247],[134.344228,33.656402],[134.344383,33.656823],[134.344519,33.657153],[134.344973,33.658046],[134.345667,33.658991],[134.346177,33.659472],[134.346929,33.660134],[134.347722,33.660653],[134.3496,33.66164],[134.35096,33.662449],[134.352456,33.663286]]]},"properties":{"S_NAME":"若松","HCODE":8101}},{"type":"Feature","geometry":{"type":"Polygon","coordinates":[[[134.383225,33.618756],[134.383238,33.618765],[134.383266,33.618778],[134.383312,33.618791],[134.383365,33.618801],[134.383422,33.618813],[134.383475,33.618828],[134.383524,33.618848],[134.38357,33.618869],[134.383618,33.618892],[134.383668,33.618912],[134.383718,33.618929],[134.383764,33.61895],[134.383798,33.618976],[134.383822,33.619008],[134.383837,33.619048],[134.383845,33.619089],[134.383853,33.61912],[134.383862,33.619132],[134.383868,33.619136],[134.383877,33.619138],[134.383888,33.619135],[134.383905,33.619125],[134.383945,33.619091],[134.383986,33.619064],[134.384023,33.619053],[134.384042,33.619051],[134.38408,33.619056],[134.384112,33.619065],[134.384142,33.61908],[134.38417,33.619099],[134.384194,33.619128],[134.384208,33.619162],[134.384214,33.619203],[134.384213,33.619237],[134.384217,33.619267],[134.384222,33.619278],[134.38423,33.619286],[134.384249,33.619289],[134.384276,33.619286],[134.384293,33.61928],[134.384321,33.619265],[134.384345,33.619247],[134.384369,33.619229],[134.384382,33.619227],[134.384396,33.619227],[134.384426,33.619239],[134.384442,33.61925],[134.38447,33.619275],[134.384504,33.619313],[134.384528,33.619352],[134.384549,33.619392],[134.384567,33.619434],[134.384588,33.619477],[134.38461,33.619521],[134.384628,33.619553],[134.384649,33.619584],[134.384674,33.619612],[134.384704,33.619635],[134.384739,33.619657],[134.384777,33.619678],[134.384806,33.619695],[134.384832,33.619716],[134.38485,33.61974],[134.384853,33.619758],[134.384851,33.619797],[134.384851,33.619835],[134.384858,33.619853],[134.384866,33.619863],[134.384878,33.619873],[134.384892,33.619881],[134.384913,33.619889],[134.384934,33.619893],[134.384957,33.619894],[134.384977,33.61989],[134.384997,33.619882],[134.385034,33.619861],[134.385074,33.619838],[134.385116,33.619819],[134.385155,33.619801],[134.38517,33.61979],[134.385182,33.619776],[134.385188,33.619758],[134.385192,33.619739],[134.385198,33.61972],[134.385212,33.619694],[134.385236,33.619671],[134.385264,33.619651],[134.385287,33.619634],[134.385313,33.61962],[134.38534,33.619611],[134.385365,33.619606],[134.38539,33.619604],[134.385417,33.6196],[134.385444,33.619588],[134.385461,33.61957],[134.385473,33.61955],[134.385476,33.619541],[134.385478,33.619516],[134.385483,33.619492],[134.385492,33.619474],[134.385506,33.619457],[134.385545,33.619429],[134.385596,33.619404],[134.385627,33.619393],[134.385689,33.619372],[134.38575,33.619352],[134.385801,33.619328],[134.385853,33.619303],[134.385904,33.619285],[134.385947,33.619276],[134.385994,33.619275],[134.386051,33.619282],[134.386091,33.619289],[134.386125,33.619294],[134.38613,33.619292],[134.386133,33.619288],[134.386125,33.619282],[134.386086,33.619252],[134.386068,33.619234],[134.386056,33.619216],[134.386051,33.619202],[134.386052,33.619188],[134.386056,33.619176],[134.386072,33.619153],[134.386108,33.619131],[134.386137,33.619127],[134.386168,33.619129],[134.386201,33.619136],[134.386275,33.619161],[134.386321,33.619178],[134.386358,33.6192],[134.386369,33.619211],[134.386373,33.619224],[134.386368,33.619235],[134.38636,33.619247],[134.386338,33.619272],[134.386322,33.619301],[134.386319,33.61932],[134.386324,33.61934],[134.386347,33.619371],[134.38638,33.619411],[134.386414,33.619452],[134.386442,33.619492],[134.386466,33.619534],[134.386498,33.619591],[134.386517,33.619623],[134.386536,33.619654],[134.38655,33.619681],[134.38656,33.61971],[134.386569,33.619739],[134.386578,33.619779],[134.386589,33.619818],[134.386602,33.619857],[134.386618,33.619893],[134.386635,33.61993],[134.386648,33.619969],[134.386655,33.620004],[134.386665,33.620036],[134.386675,33.62005],[134.386688,33.620061],[134.386701,33.620067],[134.386737,33.620073],[134.386749,33.620075],[134.38678,33.620068],[134.386798,33.620053],[134.386804,33.620033],[134.386804,33.620004],[134.386797,33.619972],[134.386783,33.619905],[134.386777,33.61985],[134.386779,33.619825],[134.386783,33.619777],[134.38679,33.619722],[134.386799,33.619659],[134.386813,33.619596],[134.386834,33.61954],[134.386847,33.619515],[134.386878,33.619467],[134.386912,33.61942],[134.38694,33.61938],[134.38697,33.619342],[134.387007,33.619307],[134.387036,33.619285],[134.387068,33.619268],[134.387102,33.619258],[134.387142,33.619256],[134.387184,33.619259],[134.387231,33.619257],[134.387264,33.61925],[134.387279,33.619244],[134.387303,33.619228],[134.387308,33.619219],[134.387308,33.619206],[134.387296,33.61918],[134.387282,33.619153],[134.387283,33.619126],[134.387291,33.619114],[134.387301,33.619103],[134.387329,33.619085],[134.387355,33.619075],[134.387376,33.619072],[134.387397,33.619071],[134.387427,33.619078],[134.387464,33.619089],[134.387497,33.619096],[134.387511,33.619094],[134.387521,33.619087],[134.387529,33.619076],[134.387536,33.619062],[134.387539,33.619046],[134.387543,33.619014],[134.387539,33.61898],[134.387529,33.61895],[134.387516,33.618922],[134.387493,33.618882],[134.387475,33.618843],[134.387473,33.618823],[134.387477,33.618804],[134.387489,33.618781],[134.387502,33.618757],[134.387508,33.618734],[134.387505,33.618725],[134.387494,33.618709],[134.387478,33.618696],[134.387452,33.618685],[134.387435,33.618683],[134.387399,33.61868],[134.387366,33.618677],[134.387347,33.618671],[134.387315,33.618653],[134.387285,33.61863],[134.387256,33.618609],[134.387231,33.618593],[134.387205,33.61858],[134.387168,33.618567],[134.387143,33.618563],[134.387089,33.618561],[134.387032,33.618567],[134.386985,33.618572],[134.386943,33.618575],[134.386925,33.618573],[134.38691,33.618567],[134.386888,33.618546],[134.38688,33.618532],[134.386865,33.618501],[134.386849,33.618474],[134.386828,33.618452],[134.386801,33.618435],[134.386771,33.618422],[134.386738,33.618413],[134.386711,33.6184],[134.386697,33.618382],[134.386695,33.618363],[134.386698,33.618342],[134.386719,33.618307],[134.386744,33.618288],[134.386775,33.618273],[134.386812,33.618263],[134.38685,33.618256],[134.386911,33.618245],[134.386958,33.618239],[134.387005,33.618234],[134.387053,33.618232],[134.387105,33.618234],[134.387157,33.618237],[134.387206,33.618237],[134.387256,33.618235],[134.387304,33.618232],[134.387349,33.618229],[134.387388,33.618229],[134.387427,33.618235],[134.387461,33.618248],[134.387487,33.618268],[134.387495,33.618281],[134.387501,33.618295],[134.387503,33.618311],[134.3875,33.618324],[134.387488,33.618353],[134.387478,33.618377],[134.387479,33.618386],[134.387487,33.618392],[134.387502,33.618394],[134.387521,33.618394],[134.38757,33.618389],[134.387618,33.61838],[134.387661,33.618373],[134.387698,33.618362],[134.387736,33.618348],[134.387777,33.618326],[134.38782,33.618303],[134.387859,33.618285],[134.387891,33.618274],[134.387923,33.618269],[134.387957,33.618273],[134.387973,33.61828],[134.388004,33.6183],[134.388036,33.618323],[134.388077,33.618351],[134.388119,33.618376],[134.388165,33.618397],[134.388224,33.618418],[134.388285,33.618437],[134.388345,33.618454],[134.388394,33.618468],[134.388445,33.618483],[134.388506,33.618496],[134.388566,33.618506],[134.388618,33.618519],[134.388634,33.618527],[134.388642,33.618539],[134.388629,33.618562],[134.388615,33.618576],[134.388587,33.618608],[134.388578,33.618625],[134.388572,33.618647],[134.388579,33.618693],[134.388592,33.618738],[134.388592,33.618759],[134.388584,33.618778],[134.38857,33.618795],[134.388551,33.618812],[134.388528,33.618826],[134.388502,33.618839],[134.388454,33.61886],[134.388409,33.618878],[134.388365,33.618895],[134.388324,33.618916],[134.38829,33.618939],[134.388263,33.618966],[134.388255,33.618981],[134.388249,33.619001],[134.388248,33.619024],[134.388254,33.61907],[134.388256,33.619121],[134.388253,33.61914],[134.388244,33.619177],[134.388241,33.61921],[134.388244,33.619223],[134.388257,33.619237],[134.388281,33.619246],[134.388312,33.619253],[134.388383,33.619265],[134.388438,33.619282],[134.388455,33.619292],[134.388483,33.619313],[134.388491,33.619326],[134.388496,33.619339],[134.388495,33.619351],[134.388483,33.619376],[134.388466,33.619401],[134.388446,33.619433],[134.388428,33.61947],[134.388417,33.619508],[134.388415,33.619528],[134.388413,33.619579],[134.388416,33.61963],[134.388416,33.619684],[134.38841,33.619727],[134.3884,33.61977],[134.388385,33.619813],[134.388365,33.619855],[134.388344,33.619896],[134.388322,33.619937],[134.388305,33.619962],[134.388286,33.619987],[134.388259,33.620012],[134.388237,33.620027],[134.38819,33.620055],[134.388173,33.620069],[134.388163,33.620084],[134.388164,33.620098],[134.388167,33.620104],[134.38818,33.620115],[134.388199,33.620126],[134.388236,33.620138],[134.388262,33.620142],[134.388319,33.620139],[134.388382,33.620129],[134.388426,33.620124],[134.388466,33.620126],[134.38848,33.62013],[134.388491,33.620139],[134.388494,33.620148],[134.388494,33.62016],[134.388491,33.620187],[134.388492,33.620214],[134.388499,33.620237],[134.388515,33.62026],[134.388531,33.620284],[134.38854,33.620306],[134.388542,33.620328],[134.388538,33.620348],[134.388531,33.620355],[134.388512,33.620368],[134.388487,33.62038],[134.388456,33.620395],[134.388425,33.620416],[134.388407,33.620439],[134.388405,33.620451],[134.38841,33.620466],[134.388425,33.62048],[134.388448,33.620492],[134.388475,33.620501],[134.388504,33.620507],[134.388534,33.62051],[134.388554,33.620508],[134.388593,33.6205],[134.388629,33.620496],[134.388664,33.620501],[134.388692,33.620516],[134.388704,33.620527],[134.388719,33.620551],[134.38872,33.620575],[134.388709,33.6206],[134.388695,33.620626],[134.388676,33.620662],[134.388656,33.620695],[134.388632,33.620723],[134.388595,33.620744],[134.388552,33.620759],[134.388504,33.620772],[134.38846,33.620782],[134.388421,33.620798],[134.388406,33.620808],[134.388389,33.620833],[134.388385,33.62086],[134.38839,33.620888],[134.388407,33.620918],[134.388422,33.620932],[134.388439,33.620944],[134.388478,33.620963],[134.38852,33.620977],[134.388563,33.620985],[134.388606,33.62099],[134.388645,33.620991],[134.388682,33.620991],[134.388717,33.62099],[134.388756,33.620991],[134.388795,33.620995],[134.388831,33.621007],[134.388847,33.621017],[134.388866,33.621034],[134.38888,33.621053],[134.388885,33.621076],[134.38888,33.621098],[134.388866,33.621119],[134.388848,33.62114],[134.388819,33.621166],[134.388795,33.621194],[134.388788,33.621207],[134.388784,33.621221],[134.388787,33.621239],[134.38881,33.621277],[134.388839,33.621317],[134.38885,33.621338],[134.388854,33.621355],[134.388857,33.621388],[134.388862,33.62142],[134.38887,33.621436],[134.388893,33.62146],[134.388925,33.621477],[134.388942,33.621481],[134.388961,33.621483],[134.388982,33.621479],[134.389003,33.62147],[134.389022,33.621458],[134.38906,33.62143],[134.389101,33.621409],[134.389144,33.621397],[134.389187,33.621388],[134.389233,33.621378],[134.389282,33.621363],[134.38933,33.621348],[134.389373,33.621336],[134.389406,33.62133],[134.389438,33.62133],[134.389466,33.62134],[134.389478,33.62135],[134.389497,33.621374],[134.389512,33.621404],[134.389521,33.621444],[134.38952,33.621483],[134.389513,33.621522],[134.389503,33.621546],[134.389481,33.621593],[134.389456,33.621639],[134.389435,33.621676],[134.38942,33.621703],[134.389403,33.621729],[134.389379,33.621758],[134.389351,33.62179],[134.389328,33.621823],[134.389323,33.62184],[134.389321,33.621859],[134.389325,33.621879],[134.389338,33.621921],[134.38935,33.621963],[134.389351,33.622006],[134.389345,33.622048],[134.389337,33.622124],[134.389331,33.62216],[134.389322,33.622184],[134.389302,33.622219],[134.389265,33.622246],[134.389225,33.622275],[134.389191,33.622302],[134.389161,33.622331],[134.389151,33.62235],[134.389142,33.622367],[134.389138,33.622385],[134.38914,33.622406],[134.389144,33.622422],[134.389155,33.622439],[134.389175,33.622453],[134.389206,33.622464],[134.389242,33.622474],[134.389277,33.622489],[134.389292,33.6225],[134.389303,33.622512],[134.389312,33.622526],[134.38932,33.622559],[134.38932,33.622592],[134.389314,33.622621],[134.389302,33.622646],[134.389289,33.622671],[134.389275,33.6227],[134.389262,33.622734],[134.389253,33.622774],[134.389246,33.622813],[134.389242,33.622851],[134.389239,33.622885],[134.389237,33.622916],[134.389232,33.622946],[134.389222,33.622974],[134.389207,33.623002],[134.389188,33.623029],[134.389162,33.623057],[134.389132,33.623084],[134.389098,33.62311],[134.389061,33.623136],[134.389019,33.623159],[134.388974,33.623182],[134.388927,33.623208],[134.388876,33.623237],[134.388824,33.623273],[134.388773,33.623313],[134.388723,33.623358],[134.388678,33.623408],[134.388634,33.623463],[134.388593,33.623521],[134.388549,33.623583],[134.388503,33.623646],[134.388453,33.623715],[134.3884,33.62379],[134.388341,33.623869],[134.38828,33.623951],[134.388219,33.624029],[134.388164,33.624098],[134.388111,33.624158],[134.388059,33.62421],[134.388001,33.62426],[134.387935,33.624305],[134.387865,33.624349],[134.387793,33.624388],[134.387725,33.624422],[134.387659,33.62445],[134.387597,33.624473],[134.387536,33.624494],[134.387473,33.624511],[134.387413,33.624528],[134.387356,33.624543],[134.387305,33.624555],[134.387255,33.624563],[134.387203,33.624567],[134.387145,33.624567],[134.387075,33.624559],[134.386995,33.624546],[134.386908,33.624529],[134.386815,33.62451],[134.386716,33.624488],[134.386616,33.624465],[134.386566,33.624454],[134.38631,33.624401],[134.386223,33.624381],[134.386131,33.624362],[134.386039,33.624344],[134.385949,33.624328],[134.385862,33.624314],[134.385781,33.624303],[134.385707,33.624295],[134.385638,33.62429],[134.385573,33.624291],[134.385509,33.624294],[134.38544,33.6243],[134.385364,33.624309],[134.385285,33.62432],[134.385202,33.624331],[134.385113,33.624343],[134.385023,33.624357],[134.384927,33.624375],[134.384826,33.624402],[134.384724,33.624436],[134.384624,33.624474],[134.384533,33.624513],[134.384454,33.624547],[134.384384,33.62458],[134.384322,33.624614],[134.384263,33.624649],[134.384205,33.624685],[134.384148,33.624721],[134.384095,33.624754],[134.384042,33.62478],[134.383992,33.624801],[134.383947,33.624816],[134.383905,33.624823],[134.383867,33.624823],[134.383834,33.624817],[134.383807,33.624806],[134.383754,33.624784],[134.383729,33.624774],[134.383703,33.624767],[134.383666,33.624768],[134.383619,33.624779],[134.383562,33.624794],[134.383492,33.62481],[134.383412,33.624828],[134.383326,33.624847],[134.383234,33.624865],[134.383138,33.624881],[134.383041,33.624897],[134.382943,33.624911],[134.382845,33.624921],[134.382751,33.624928],[134.382657,33.62493],[134.382612,33.624928],[134.382522,33.624916],[134.382438,33.624899],[134.382362,33.624881],[134.382296,33.624865],[134.38224,33.624852],[134.382187,33.624842],[134.382133,33.624835],[134.382074,33.624829],[134.38201,33.624825],[134.381944,33.624823],[134.381879,33.624826],[134.381812,33.624831],[134.381745,33.624845],[134.38168,33.624865],[134.381613,33.624892],[134.381547,33.624926],[134.381481,33.624963],[134.381416,33.624997],[134.381355,33.625029],[134.3813,33.625058],[134.381258,33.625082],[134.381241,33.625095],[134.381231,33.625102],[134.381217,33.625121],[134.381215,33.625139],[134.381223,33.625158],[134.381237,33.625181],[134.381256,33.625201],[134.38128,33.625216],[134.381305,33.625222],[134.38133,33.625226],[134.381352,33.625234],[134.381369,33.625252],[134.381375,33.625266],[134.381385,33.625297],[134.381392,33.625328],[134.3814,33.625353],[134.38141,33.625371],[134.381421,33.625385],[134.381436,33.625401],[134.381453,33.625422],[134.381471,33.625448],[134.38149,33.625478],[134.381504,33.625511],[134.381515,33.625544],[134.381524,33.625576],[134.381536,33.625605],[134.38155,33.625628],[134.381565,33.625647],[134.381581,33.625667],[134.381596,33.62569],[134.381609,33.625718],[134.381621,33.625749],[134.381636,33.625783],[134.381653,33.625818],[134.38167,33.625855],[134.38169,33.625892],[134.381709,33.625929],[134.381727,33.625964],[134.381742,33.626],[134.381755,33.626034],[134.381764,33.626065],[134.381772,33.626097],[134.381783,33.626127],[134.381799,33.626159],[134.381818,33.626188],[134.381835,33.626219],[134.381844,33.626248],[134.381843,33.626261],[134.381839,33.626274],[134.381824,33.626288],[134.381809,33.626295],[134.381796,33.626295],[134.381776,33.626289],[134.381752,33.626271],[134.38171,33.626222],[134.381686,33.626198],[134.38166,33.626175],[134.381635,33.626147],[134.381608,33.626112],[134.381584,33.626073],[134.381559,33.626032],[134.381536,33.62599],[134.381512,33.625952],[134.381488,33.625915],[134.381463,33.62588],[134.381435,33.625846],[134.381408,33.625814],[134.381382,33.625784],[134.381359,33.625756],[134.38134,33.625729],[134.381324,33.625701],[134.38131,33.625672],[134.381296,33.625638],[134.381283,33.625607],[134.381269,33.625579],[134.381251,33.625559],[134.381232,33.625549],[134.381209,33.625542],[134.381188,33.625536],[134.381165,33.625529],[134.381144,33.62552],[134.381127,33.625514],[134.381112,33.625514],[134.3811,33.625521],[134.381089,33.625531],[134.381078,33.625543],[134.381063,33.625554],[134.381048,33.625565],[134.381035,33.625581],[134.381029,33.625601],[134.381028,33.625626],[134.38103,33.625653],[134.381031,33.625681],[134.381027,33.625706],[134.381019,33.625732],[134.381012,33.625758],[134.381006,33.625787],[134.381001,33.625816],[134.380995,33.625846],[134.380985,33.625873],[134.38097,33.625894],[134.380955,33.625901],[134.380943,33.625901],[134.380931,33.625898],[134.380921,33.625892],[134.380908,33.625877],[134.3809,33.625848],[134.380894,33.625819],[134.38089,33.625793],[134.380887,33.625771],[134.380884,33.625753],[134.380878,33.625737],[134.38087,33.625722],[134.380864,33.625707],[134.380859,33.625689],[134.380857,33.625668],[134.380858,33.625646],[134.380858,33.625627],[134.380855,33.625619],[134.38085,33.625611],[134.380842,33.625603],[134.380834,33.625598],[134.380825,33.625588],[134.380817,33.625573],[134.380814,33.625555],[134.380814,33.625532],[134.380818,33.625507],[134.380817,33.625487],[134.380813,33.62548],[134.380807,33.625475],[134.380785,33.625472],[134.380761,33.625483],[134.380739,33.625498],[134.380721,33.625514],[134.380707,33.625531],[134.380696,33.62555],[134.380685,33.62557],[134.380672,33.625591],[134.380657,33.62561],[134.38064,33.625626],[134.380619,33.625635],[134.380594,33.625641],[134.380566,33.625643],[134.380531,33.625642],[134.380495,33.62564],[134.380459,33.625635],[134.38043,33.625628],[134.380408,33.625615],[134.380393,33.625602],[134.380379,33.625592],[134.380362,33.625587],[134.380351,33.625588],[134.380327,33.62559],[134.380301,33.625589],[134.380289,33.625585],[134.380264,33.62557],[134.380239,33.625552],[134.380213,33.625541],[134.380199,33.625541],[134.380184,33.625545],[134.380152,33.625561],[134.380121,33.625581],[134.380092,33.625595],[134.380078,33.625595],[134.380065,33.625592],[134.380054,33.625587],[134.380032,33.625575],[134.380011,33.625567],[134.38,33.625568],[134.379978,33.625574],[134.379954,33.625583],[134.379927,33.625586],[134.379896,33.625577],[134.379862,33.625562],[134.379828,33.62555],[134.379794,33.625548],[134.379761,33.625558],[134.37973,33.625569],[134.3797,33.625577],[134.379668,33.625573],[134.379636,33.625565],[134.379598,33.625556],[134.379552,33.625555],[134.379525,33.625559],[134.37947,33.625569],[134.379418,33.625577],[134.379375,33.62558],[134.379341,33.625576],[134.379309,33.625569],[134.379278,33.625564],[134.379239,33.625562],[134.379197,33.625563],[134.379155,33.625564],[134.379114,33.62556],[134.37908,33.625551],[134.379052,33.625537],[134.379031,33.62552],[134.379018,33.625499],[134.379014,33.625475],[134.379018,33.625449],[134.379031,33.625423],[134.379051,33.625395],[134.379076,33.625368],[134.379104,33.62534],[134.379134,33.625313],[134.379158,33.625295],[134.379168,33.625288],[134.379203,33.625261],[134.379239,33.625237],[134.379275,33.62521],[134.379306,33.625184],[134.379329,33.625156],[134.379335,33.62514],[134.379341,33.62511],[134.37934,33.625093],[134.379333,33.625064],[134.37932,33.625035],[134.379302,33.625011],[134.379274,33.62499],[134.379257,33.624982],[134.379214,33.624972],[134.379161,33.624967],[134.379104,33.624964],[134.379048,33.624961],[134.378996,33.624953],[134.378952,33.624942],[134.378914,33.624925],[134.378881,33.624904],[134.378854,33.624877],[134.378831,33.624846],[134.378811,33.624812],[134.378792,33.624775],[134.378773,33.624739],[134.378752,33.624705],[134.378729,33.624679],[134.378702,33.624662],[134.378673,33.62465],[134.37864,33.624643],[134.378604,33.624637],[134.378565,33.624635],[134.378523,33.624633],[134.378485,33.624634],[134.378478,33.624634],[134.378433,33.624637],[134.378394,33.624642],[134.378368,33.624648],[134.37836,33.624653],[134.378353,33.624663],[134.37835,33.624672],[134.378343,33.624692],[134.378337,33.624703],[134.378332,33.624709],[134.378324,33.624717],[134.378316,33.624722],[134.378304,33.624726],[134.378293,33.624727],[134.378282,33.624724],[134.378274,33.624722],[134.378264,33.62472],[134.378249,33.624723],[134.378233,33.624734],[134.37821,33.624752],[134.378185,33.62477],[134.378172,33.624775],[134.378158,33.624775],[134.37813,33.624766],[134.378102,33.624752],[134.378088,33.624749],[134.378069,33.624746],[134.378038,33.624746],[134.378002,33.624752],[134.377965,33.624754],[134.377946,33.624752],[134.377926,33.624745],[134.377906,33.624734],[134.377866,33.624705],[134.377828,33.624672],[134.377793,33.62464],[134.377762,33.624613],[134.377757,33.62461],[134.377731,33.624588],[134.3777,33.624565],[134.377663,33.624541],[134.377625,33.624518],[134.377585,33.624494],[134.377547,33.62447],[134.377512,33.624445],[134.377484,33.624421],[134.377463,33.624398],[134.377452,33.624377],[134.377451,33.624355],[134.377456,33.624333],[134.377469,33.62431],[134.377485,33.624284],[134.377501,33.62426],[134.377515,33.624238],[134.377523,33.624221],[134.377522,33.624207],[134.377508,33.624194],[134.377474,33.624181],[134.377424,33.624166],[134.377365,33.62415],[134.377302,33.624136],[134.377241,33.624122],[134.377179,33.624111],[134.377113,33.624101],[134.377041,33.624094],[134.376959,33.624089],[134.376871,33.624085],[134.376777,33.624084],[134.376679,33.624083],[134.376583,33.624085],[134.376492,33.62409],[134.376452,33.624096],[134.37638,33.624109],[134.37632,33.624126],[134.376271,33.624143],[134.376228,33.624156],[134.376191,33.624167],[134.376158,33.624173],[134.37615,33.624175],[134.376144,33.624175],[134.376141,33.624175],[134.376133,33.624174],[134.376126,33.624171],[134.376122,33.62417],[134.376117,33.624165],[134.376115,33.624161],[134.375966,33.623931],[134.375935,33.623887],[134.375914,33.623856],[134.375903,33.623831],[134.375901,33.623811],[134.375905,33.623793],[134.375911,33.623776],[134.375915,33.623768],[134.375917,33.623758],[134.375915,33.623743],[134.375917,33.623733],[134.375925,33.623725],[134.37595,33.623711],[134.37597,33.6237],[134.375987,33.62369],[134.376002,33.623682],[134.376013,33.623674],[134.376019,33.623665],[134.37602,33.623655],[134.376018,33.623644],[134.376016,33.623634],[134.376011,33.623623],[134.376006,33.623615],[134.375997,33.62361],[134.375983,33.623608],[134.375965,33.62361],[134.375945,33.623613],[134.375926,33.623616],[134.375915,33.623616],[134.375907,33.623614],[134.375901,33.623611],[134.375896,33.623606],[134.375891,33.623599],[134.375886,33.623591],[134.37588,33.623585],[134.375873,33.623578],[134.37585,33.623555],[134.375791,33.623571],[134.375791,33.623611],[134.375795,33.623622],[134.3758,33.623633],[134.375885,33.623733],[134.375846,33.623764],[134.375651,33.623607],[134.37529,33.623694],[134.375209,33.623716],[134.375127,33.623738],[134.375037,33.623762],[134.374935,33.623787],[134.374827,33.623815],[134.374718,33.623844],[134.374616,33.623877],[134.374523,33.623911],[134.374433,33.623946],[134.374169,33.624047],[134.374082,33.624082],[134.373997,33.624121],[134.373914,33.624164],[134.373834,33.624208],[134.373759,33.624253],[134.373686,33.624294],[134.373618,33.624334],[134.373557,33.624368],[134.373503,33.624398],[134.373481,33.624408],[134.373453,33.62442],[134.373419,33.624429],[134.373386,33.624431],[134.373351,33.624423],[134.373322,33.624407],[134.373299,33.624388],[134.373256,33.624345],[134.373222,33.624306],[134.373179,33.624252],[134.373132,33.624189],[134.3731,33.624149],[134.373087,33.624135],[134.373079,33.624129],[134.373071,33.624123],[134.373056,33.624117],[134.373038,33.624112],[134.372984,33.624105],[134.372912,33.624092],[134.372861,33.624083],[134.372801,33.624072],[134.372734,33.624063],[134.372666,33.624054],[134.372602,33.624047],[134.372547,33.62404],[134.3725,33.624038],[134.372457,33.624042],[134.37239,33.624066],[134.372346,33.62409],[134.372311,33.624108],[134.372262,33.624133],[134.372223,33.624144],[134.372187,33.624148],[134.372154,33.624147],[134.372121,33.624138],[134.372089,33.624124],[134.372055,33.624105],[134.372019,33.624081],[134.371952,33.624035],[134.37185,33.623968],[134.371776,33.623923],[134.371719,33.623894],[134.37166,33.623871],[134.371598,33.623853],[134.371535,33.623843],[134.371471,33.62384],[134.371403,33.623846],[134.37137,33.623853],[134.3713,33.62387],[134.371228,33.623896],[134.371133,33.623941],[134.371026,33.62401],[134.370891,33.624104],[134.370759,33.624201],[134.37053,33.624378],[134.370401,33.624486],[134.370353,33.624524],[134.370291,33.624572],[134.370239,33.624611],[134.370199,33.624643],[134.370159,33.62467],[134.370113,33.624696],[134.370052,33.624719],[134.369979,33.624743],[134.369896,33.624766],[134.369808,33.624791],[134.369716,33.624816],[134.369627,33.62484],[134.369545,33.624862],[134.369473,33.62488],[134.36941,33.624893],[134.369352,33.624899],[134.369297,33.624899],[134.369242,33.624892],[134.369188,33.624882],[134.369137,33.62487],[134.369087,33.624859],[134.369036,33.624851],[134.368978,33.624844],[134.368909,33.624841],[134.368824,33.624839],[134.368721,33.624839],[134.368596,33.62484],[134.368022,33.624835],[134.367778,33.625698],[134.367854,33.625718],[134.367708,33.626241],[134.367499,33.626196],[134.367556,33.625996],[134.367615,33.626004],[134.367943,33.624847],[134.36787,33.624842],[134.367793,33.624836],[134.367714,33.624827],[134.367633,33.624811],[134.367551,33.62479],[134.367472,33.624766],[134.3674,33.624741],[134.367335,33.624717],[134.367276,33.624697],[134.367218,33.624683],[134.367155,33.624675],[134.367084,33.624675],[134.367004,33.624677],[134.366914,33.62468],[134.366811,33.62468],[134.366704,33.624677],[134.366602,33.624674],[134.366515,33.624668],[134.366443,33.62466],[134.366374,33.624648],[134.3663,33.624627],[134.366212,33.624594],[134.366115,33.624554],[134.366017,33.624509],[134.365925,33.624464],[134.365841,33.624421],[134.36577,33.624385],[134.365712,33.624358],[134.365698,33.624353],[134.365592,33.624334],[134.365601,33.624255],[134.365576,33.624225],[134.365556,33.624201],[134.365538,33.62418],[134.365523,33.62416],[134.365509,33.624144],[134.365494,33.624131],[134.365477,33.624122],[134.365453,33.624116],[134.365423,33.624111],[134.365383,33.624106],[134.365334,33.624097],[134.365275,33.624086],[134.365214,33.624075],[134.365155,33.624066],[134.365101,33.624062],[134.365044,33.624064],[134.364972,33.624075],[134.364873,33.624092],[134.364461,33.624179],[134.364241,33.624898],[134.364158,33.62517],[134.364227,33.625186],[134.364489,33.62597],[134.364431,33.625985],[134.364413,33.62594],[134.364386,33.625941],[134.364154,33.625259],[134.363419,33.625108],[134.362922,33.625004],[134.362803,33.625069],[134.362771,33.625045],[134.362855,33.624968],[134.362905,33.624758],[134.362626,33.62481],[134.362326,33.625619],[134.36321,33.625839],[134.363191,33.625893],[134.363331,33.625983],[134.363398,33.625926],[134.36343,33.625947],[134.363212,33.626168],[134.363115,33.626894],[134.36347,33.627531],[134.363432,33.627539],[134.363379,33.627454],[134.363352,33.627463],[134.363036,33.626904],[134.363138,33.626142],[134.363183,33.626139],[134.363288,33.626033],[134.363289,33.625997],[134.36315,33.625898],[134.362651,33.625779],[134.362486,33.625745],[134.36244,33.626059],[134.362276,33.627115],[134.362441,33.627141],[134.362405,33.627454],[134.362335,33.628064],[134.362547,33.628367],[134.362678,33.628313],[134.363045,33.628772],[134.363384,33.628838],[134.363654,33.628882],[134.363684,33.628739],[134.363574,33.628715],[134.363555,33.628616],[134.363514,33.628616],[134.363486,33.628369],[134.363443,33.627993],[134.363481,33.627983],[134.363475,33.627886],[134.363514,33.627883],[134.363603,33.628686],[134.366696,33.629285],[134.366819,33.628844],[134.366764,33.62878],[134.366787,33.628694],[134.366858,33.628707],[134.366953,33.628368],[134.367278,33.627209],[134.367176,33.62718],[134.367207,33.62707],[134.367228,33.626998],[134.367457,33.627045],[134.367451,33.627069],[134.367089,33.628368],[134.366824,33.629303],[134.366766,33.629298],[134.36591,33.63041],[134.365692,33.630682],[134.365659,33.63069],[134.365321,33.631142],[134.365299,33.631304],[134.365285,33.631361],[134.365222,33.631487],[134.365171,33.631593],[134.365029,33.63186],[134.364971,33.631953],[134.364894,33.632048],[134.364748,33.63223],[134.364627,33.632362],[134.36498,33.632558],[134.365121,33.632419],[134.365304,33.632237],[134.365579,33.632011],[134.365588,33.63197],[134.365603,33.631929],[134.365652,33.631851],[134.365844,33.631588],[134.365876,33.631531],[134.365885,33.631502],[134.365888,33.631478],[134.365885,33.631455],[134.365878,33.631435],[134.365868,33.631415],[134.36586,33.631394],[134.365857,33.631372],[134.365862,33.631348],[134.365875,33.631322],[134.365895,33.631294],[134.365923,33.63127],[134.365955,33.631247],[134.365995,33.631228],[134.366042,33.631211],[134.366099,33.6312],[134.366165,33.631192],[134.366237,33.631192],[134.366314,33.631198],[134.366393,33.631211],[134.366473,33.631232],[134.366549,33.63126],[134.366618,33.631295],[134.36668,33.631334],[134.366738,33.631377],[134.366793,33.631422],[134.36734,33.631176],[134.367817,33.631233],[134.367904,33.631244],[134.36799,33.631254],[134.368071,33.63126],[134.368144,33.631262],[134.36821,33.631258],[134.36824,33.631253],[134.368269,33.631244],[134.368321,33.631219],[134.368364,33.631183],[134.368401,33.631139],[134.368415,33.631114],[134.368438,33.631058],[134.368462,33.630995],[134.368532,33.630862],[134.368588,33.630793],[134.368646,33.630724],[134.368699,33.630658],[134.368737,33.630594],[134.368777,33.630474],[134.368786,33.630418],[134.368791,33.63037],[134.368797,33.630311],[134.36881,33.630266],[134.368831,33.630226],[134.368846,33.63021],[134.368885,33.630184],[134.368907,33.630175],[134.368962,33.630166],[134.369026,33.630167],[134.369095,33.630175],[134.369231,33.630203],[134.369291,33.630217],[134.369345,33.630226],[134.369392,33.63023],[134.369412,33.630228],[134.36945,33.630219],[134.369488,33.630198],[134.369532,33.630165],[134.369582,33.630122],[134.369635,33.630073],[134.369687,33.630023],[134.369735,33.629975],[134.369782,33.629932],[134.369833,33.629892],[134.369862,33.629874],[134.369923,33.629838],[134.369957,33.629823],[134.370021,33.629802],[134.370051,33.629797],[134.37008,33.629797],[134.370109,33.629802],[134.370138,33.629815],[134.370171,33.629836],[134.370217,33.62987],[134.370271,33.629906],[134.370335,33.62994],[134.370397,33.629976],[134.370427,33.629998],[134.370457,33.630024],[134.370469,33.630045],[134.370499,33.630114],[134.370512,33.630152],[134.370516,33.630178],[134.370515,33.630197],[134.370509,33.630212],[134.370498,33.630221],[134.370487,33.630233],[134.370475,33.630244],[134.370467,33.630266],[134.370461,33.630296],[134.370459,33.630313],[134.370457,33.630359],[134.37046,33.630399],[134.370463,33.630417],[134.370468,33.630444],[134.370476,33.630474],[134.370484,33.630507],[134.37049,33.630538],[134.370487,33.630566],[134.370477,33.630587],[134.370462,33.630608],[134.370429,33.630641],[134.370304,33.630734],[134.370185,33.630819],[134.370128,33.630856],[134.370071,33.630887],[134.370022,33.630906],[134.369994,33.63091],[134.369937,33.630913],[134.369888,33.630905],[134.369794,33.630873],[134.369762,33.630862],[134.369695,33.630845],[134.369659,33.630841],[134.369584,33.630841],[134.369546,33.630845],[134.369508,33.630852],[134.369434,33.630875],[134.369288,33.630947],[134.369212,33.630991],[134.369129,33.631035],[134.369048,33.63108],[134.368974,33.631129],[134.368914,33.631183],[134.368891,33.631212],[134.368852,33.631275],[134.368825,33.631344],[134.368802,33.631419],[134.368784,33.6315],[134.36877,33.631567],[134.368765,33.631627],[134.368769,33.631682],[134.368776,33.631743],[134.368783,33.631796],[134.368789,33.63184],[134.368791,33.631868],[134.368794,33.631911],[134.368791,33.631938],[134.368786,33.631963],[134.368777,33.631986],[134.368762,33.632006],[134.368741,33.632026],[134.368715,33.632045],[134.36868,33.632062],[134.368636,33.632075],[134.368588,33.632085],[134.368533,33.632092],[134.368448,33.632096],[134.368389,33.632103],[134.368356,33.632113],[134.368328,33.632133],[134.368303,33.632157],[134.368284,33.632183],[134.368268,33.632207],[134.368257,33.632234],[134.368244,33.632298],[134.368236,33.632382],[134.36824,33.632523],[134.368255,33.632611],[134.368266,33.632651],[134.368302,33.63273],[134.368381,33.632849],[134.368498,33.633007],[134.368804,33.633393],[134.368927,33.633552],[134.36903,33.633666],[134.369188,33.633827],[134.369263,33.633893],[134.369367,33.633968],[134.369473,33.633857],[134.369561,33.633894],[134.369653,33.633932],[134.369743,33.633975],[134.369782,33.634],[134.369931,33.634135],[134.369942,33.634153],[134.369942,33.634175],[134.369935,33.634201],[134.36991,33.634269],[134.369894,33.634325],[134.369891,33.634343],[134.369893,33.634359],[134.369909,33.63438],[134.36996,33.634395],[134.370036,33.634424],[134.370183,33.634486],[134.37034,33.634557],[134.370476,33.634641],[134.370567,33.634607],[134.370616,33.634588],[134.370608,33.634563],[134.370608,33.634549],[134.370622,33.63452],[134.370633,33.634503],[134.370651,33.634486],[134.370669,33.634473],[134.37069,33.634464],[134.370713,33.634459],[134.370737,33.634457],[134.370801,33.634464],[134.370849,33.634475],[134.370908,33.634486],[134.370969,33.634499],[134.371032,33.634511],[134.371063,33.634516],[134.371118,33.634517],[134.371141,33.63451],[134.371178,33.634489],[134.371212,33.634462],[134.371245,33.634437],[134.37128,33.634413],[134.371318,33.634387],[134.371356,33.634362],[134.371379,33.634354],[134.371402,33.63435],[134.371427,33.634352],[134.371455,33.634358],[134.371515,33.634379],[134.371578,33.634405],[134.37164,33.634429],[134.371703,33.63445],[134.371762,33.634465],[134.371821,33.634476],[134.37185,33.634478],[134.371907,33.634475],[134.371965,33.634468],[134.37202,33.63446],[134.372071,33.634451],[134.372118,33.634435],[134.37216,33.634407],[134.372202,33.634371],[134.37225,33.634336],[134.372304,33.6343],[134.372311,33.634294],[134.372328,33.634279],[134.372348,33.634257],[134.372363,33.63423],[134.372372,33.634206],[134.372374,33.634201],[134.372392,33.63414],[134.372414,33.634083],[134.372446,33.634033],[134.372481,33.633983],[134.372514,33.633929],[134.37255,33.633877],[134.372591,33.633831],[134.372636,33.633796],[134.372681,33.633768],[134.37272,33.633744],[134.372757,33.633716],[134.372778,33.633697],[134.37282,33.633648],[134.372843,33.633622],[134.372867,33.633598],[134.372893,33.633578],[134.372919,33.633564],[134.372945,33.633555],[134.372973,33.633548],[134.373036,33.633542],[134.373106,33.633535],[134.37319,33.633527],[134.37329,33.633518],[134.373403,33.633508],[134.373515,33.633497],[134.373615,33.633481],[134.373715,33.633464],[134.37383,33.633444],[134.373957,33.633421],[134.374073,33.633395],[134.374121,33.63338],[134.374161,33.633365],[134.374228,33.633332],[134.374284,33.633298],[134.374335,33.633264],[134.374383,33.633229],[134.374425,33.63319],[134.374442,33.633168],[134.374469,33.633117],[134.374482,33.633053],[134.374485,33.632985],[134.374483,33.632917],[134.37448,33.632853],[134.374479,33.632787],[134.374481,33.632715],[134.374489,33.632641],[134.374499,33.63257],[134.37451,33.632504],[134.374517,33.632444],[134.374516,33.632387],[134.374508,33.632336],[134.374495,33.632292],[134.374477,33.632256],[134.374465,33.632242],[134.37445,33.632231],[134.37443,33.632222],[134.374384,33.632214],[134.374333,33.63221],[134.374283,33.632204],[134.37424,33.6322],[134.374207,33.632194],[134.374181,33.632187],[134.374158,33.632176],[134.374133,33.632157],[134.374114,33.632131],[134.374108,33.632097],[134.374114,33.632061],[134.374124,33.632029],[134.374138,33.631969],[134.373748,33.631532],[134.373703,33.631485],[134.373657,33.631437],[134.373631,33.631403],[134.37361,33.631374],[134.373596,33.631348],[134.373591,33.631326],[134.373595,33.631305],[134.373599,33.631296],[134.373615,33.631283],[134.373624,33.631279],[134.373644,33.631276],[134.373667,33.631282],[134.373692,33.631295],[134.373719,33.631317],[134.373746,33.631343],[134.373776,33.631374],[134.373914,33.631531],[134.374312,33.631986],[134.374346,33.631997],[134.374558,33.631965],[134.374628,33.631957],[134.374704,33.631949],[134.374784,33.631944],[134.374859,33.631942],[134.37493,33.631945],[134.374994,33.631953],[134.375052,33.631969],[134.375078,33.631981],[134.375101,33.631995],[134.375143,33.632031],[134.37516,33.632052],[134.375196,33.6321],[134.37523,33.632149],[134.37526,33.632193],[134.375283,33.632226],[134.375305,33.632248],[134.375351,33.632268],[134.375431,33.632295],[134.375533,33.632326],[134.375633,33.632359],[134.375723,33.632389],[134.375801,33.632412],[134.375865,33.632426],[134.375916,33.632443],[134.375937,33.632457],[134.375953,33.632475],[134.375968,33.632496],[134.375997,33.632539],[134.376016,33.632557],[134.376037,33.632569],[134.376062,33.632577],[134.376091,33.632583],[134.376157,33.632593],[134.376231,33.632611],[134.376312,33.632638],[134.376403,33.632674],[134.376497,33.632713],[134.376584,33.632751],[134.376652,33.63278],[134.376715,33.632806],[134.376782,33.632832],[134.376856,33.632863],[134.376929,33.632899],[134.37699,33.632935],[134.377037,33.632972],[134.377074,33.633001],[134.377098,33.633027],[134.377109,33.633053],[134.377108,33.633069],[134.3771,33.633104],[134.377087,33.633138],[134.377071,33.633164],[134.37706,33.633193],[134.377055,33.633235],[134.377056,33.633262],[134.377065,33.633316],[134.377076,33.63336],[134.377088,33.633393],[134.377093,33.633428],[134.377085,33.633474],[134.377074,33.633527],[134.377072,33.633578],[134.377082,33.633623],[134.377092,33.633643],[134.377119,33.633683],[134.377155,33.63372],[134.377191,33.633753],[134.377222,33.633781],[134.377255,33.63381],[134.377295,33.633845],[134.37734,33.633884],[134.377382,33.633921],[134.377412,33.633948],[134.377432,33.633971],[134.377448,33.63399],[134.377453,33.634008],[134.377451,33.634016],[134.377443,33.634024],[134.377407,33.634038],[134.377362,33.634052],[134.377323,33.634074],[134.377291,33.634099],[134.377247,33.634126],[134.37718,33.63415],[134.377107,33.634175],[134.377076,33.63419],[134.377049,33.634206],[134.37701,33.634243],[134.376973,33.634281],[134.37695,33.634297],[134.376896,33.634328],[134.37684,33.634356],[134.376787,33.634381],[134.376738,33.634413],[134.376699,33.634456],[134.376665,33.634507],[134.376636,33.634558],[134.376607,33.634599],[134.37659,33.634616],[134.376551,33.634649],[134.3765,33.63468],[134.376472,33.634693],[134.37642,33.63471],[134.376397,33.634711],[134.376376,33.63471],[134.376358,33.634704],[134.376325,33.634687],[134.376294,33.634668],[134.376262,33.634655],[134.376246,33.634655],[134.376228,33.634659],[134.376208,33.634668],[134.376168,33.634692],[134.376126,33.63472],[134.376085,33.634749],[134.376046,33.634775],[134.376008,33.634797],[134.375977,33.634814],[134.375957,33.634825],[134.375951,33.634832],[134.37595,33.634873],[134.375959,33.634978],[134.375976,33.635146],[134.375997,33.63534],[134.376012,33.635524],[134.376026,33.635677],[134.376034,33.635783],[134.37604,33.635844],[134.376045,33.635883],[134.376056,33.635968],[134.376071,33.635984],[134.376084,33.636004],[134.376093,33.636023],[134.376096,33.636031],[134.37611,33.636068],[134.376123,33.636114],[134.376135,33.636167],[134.376149,33.636226],[134.376161,33.636288],[134.376177,33.636349],[134.376201,33.636412],[134.376219,33.636444],[134.376268,33.636509],[134.376328,33.636574],[134.376389,33.636634],[134.376445,33.636692],[134.376492,33.636745],[134.37653,33.636793],[134.376556,33.636842],[134.376565,33.636868],[134.37658,33.636923],[134.3766,33.636977],[134.376616,33.637001],[134.376619,33.637003],[134.37664,33.637019],[134.376668,33.637035],[134.376701,33.637049],[134.376768,33.637071],[134.37683,33.637089],[134.376884,33.637112],[134.376927,33.637145],[134.376944,33.637167],[134.376975,33.637216],[134.377005,33.637272],[134.377039,33.637328],[134.377078,33.63738],[134.377128,33.637423],[134.37719,33.637462],[134.377267,33.637501],[134.377353,33.637538],[134.377442,33.63757],[134.377525,33.637588],[134.377601,33.637597],[134.37767,33.637597],[134.377732,33.637596],[134.37778,33.637601],[134.377798,33.637607],[134.37781,33.637616],[134.377817,33.637627],[134.377817,33.637639],[134.37781,33.63765],[134.377799,33.63766],[134.37778,33.63767],[134.377739,33.637691],[134.377701,33.637711],[134.377677,33.637733],[134.377662,33.63776],[134.377659,33.637788],[134.377662,33.637805],[134.377677,33.63784],[134.377704,33.637877],[134.37773,33.637927],[134.377738,33.637959],[134.377743,33.637996],[134.377743,33.638081],[134.37774,33.638161],[134.377743,33.638194],[134.377748,33.638221],[134.377764,33.638277],[134.377786,33.638345],[134.377816,33.638433],[134.377862,33.638541],[134.377893,33.6386],[134.377969,33.638723],[134.378051,33.63884],[134.378093,33.63889],[134.378174,33.638981],[134.378267,33.639072],[134.378321,33.639119],[134.378442,33.639221],[134.378574,33.639321],[134.378635,33.639362],[134.378644,33.639367],[134.378785,33.639454],[134.378926,33.639531],[134.37906,33.639599],[134.379189,33.63966],[134.379312,33.639716],[134.37943,33.639766],[134.379489,33.639786],[134.379548,33.639804],[134.379607,33.639817],[134.379721,33.639836],[134.379825,33.639849],[134.379911,33.63986],[134.379995,33.63987],[134.380096,33.639878],[134.380215,33.639884],[134.38034,33.639887],[134.380459,33.639888],[134.380574,33.639889],[134.380689,33.639894],[134.380805,33.639901],[134.380912,33.63991],[134.381261,33.639881],[134.381349,33.639869],[134.381422,33.639859],[134.381456,33.639858],[134.381489,33.639863],[134.381523,33.639872],[134.381556,33.639886],[134.381619,33.639915],[134.381646,33.639925],[134.381669,33.639928],[134.381688,33.639926],[134.381706,33.639922],[134.381742,33.639908],[134.381781,33.639897],[134.381824,33.639895],[134.381847,33.639899],[134.381894,33.639916],[134.381935,33.639946],[134.381952,33.639966],[134.381964,33.639987],[134.381971,33.640011],[134.381983,33.640062],[134.381991,33.640117],[134.382,33.640174],[134.382009,33.640237],[134.382018,33.640304],[134.382029,33.640371],[134.382047,33.640426],[134.38207,33.640469],[134.382084,33.640489],[134.382137,33.640569],[134.382185,33.64063],[134.382244,33.640698],[134.382316,33.640771],[134.382398,33.640848],[134.382485,33.640923],[134.38257,33.640992],[134.382648,33.641053],[134.382718,33.641104],[134.382778,33.641147],[134.382823,33.64118],[134.382863,33.641206],[134.382901,33.641225],[134.382946,33.641239],[134.382999,33.64125],[134.383062,33.641261],[134.383138,33.641274],[134.383223,33.64129],[134.383314,33.64131],[134.383401,33.641332],[134.383481,33.641356],[134.383551,33.641378],[134.383617,33.641397],[134.383685,33.641412],[134.383759,33.64142],[134.38384,33.641424],[134.383924,33.641427],[134.384009,33.641431],[134.384092,33.641436],[134.384172,33.64144],[134.384247,33.641441],[134.38428,33.641438],[134.384343,33.641428],[134.384399,33.641416],[134.384449,33.641404],[134.384491,33.641394],[134.384531,33.641389],[134.384569,33.64139],[134.38461,33.641396],[134.384655,33.641407],[134.384699,33.641418],[134.384741,33.641424],[134.384777,33.641419],[134.384793,33.641413],[134.384824,33.641399],[134.384853,33.641382],[134.384881,33.641366],[134.384912,33.641353],[134.384947,33.641347],[134.384989,33.641352],[134.385036,33.641366],[134.385084,33.641387],[134.385129,33.64141],[134.385167,33.641431],[134.385202,33.641453],[134.385232,33.641473],[134.385264,33.641494],[134.385293,33.641516],[134.385316,33.641538],[134.385329,33.641564],[134.38533,33.641577],[134.385324,33.641605],[134.385309,33.641633],[134.385292,33.641659],[134.385274,33.641679],[134.385255,33.641699],[134.38523,33.641716],[134.385197,33.641735],[134.38516,33.641756],[134.385124,33.64178],[134.38511,33.641793],[134.385094,33.64182],[134.385093,33.641836],[134.385097,33.641863],[134.385114,33.641907],[134.385135,33.641949],[134.385162,33.642014],[134.385186,33.642089],[134.385203,33.642159],[134.385215,33.642192],[134.385241,33.642226],[134.38528,33.642262],[134.385325,33.642302],[134.385366,33.642348],[134.385383,33.642372],[134.385396,33.642398],[134.385418,33.642451],[134.385432,33.642502],[134.385444,33.642548],[134.385454,33.64259],[134.385461,33.64263],[134.385465,33.642674],[134.385468,33.642725],[134.385472,33.642778],[134.385479,33.64283],[134.385496,33.642874],[134.385517,33.642911],[134.385544,33.642942],[134.385589,33.643006],[134.385629,33.643081],[134.385666,33.643135],[134.385694,33.643172],[134.385739,33.643238],[134.385781,33.643309],[134.385799,33.643344],[134.385815,33.643373],[134.385838,33.643394],[134.385868,33.643409],[134.385903,33.643419],[134.385942,33.643427],[134.385982,33.643435],[134.386026,33.643446],[134.386079,33.64346],[134.386142,33.64348],[134.386213,33.643505],[134.386286,33.643534],[134.386354,33.643567],[134.386411,33.6436],[134.386462,33.643635],[134.386513,33.64367],[134.38657,33.643708],[134.386636,33.643746],[134.386709,33.643786],[134.386765,33.643816],[134.386791,33.643827],[134.38683,33.64384],[134.386872,33.643852],[134.386918,33.643865],[134.386961,33.643882],[134.386999,33.643906],[134.387033,33.643935],[134.387068,33.643969],[134.387107,33.644004],[134.387154,33.644037],[134.387209,33.644068],[134.38727,33.644098],[134.387332,33.644124],[134.387395,33.644149],[134.387458,33.644172],[134.387517,33.644195],[134.387571,33.644216],[134.387626,33.64424],[134.387679,33.644268],[134.387737,33.644301],[134.387794,33.644338],[134.387843,33.644378],[134.387859,33.644399],[134.387871,33.64442],[134.387875,33.644439],[134.387873,33.644457],[134.387865,33.644476],[134.387854,33.644493],[134.387839,33.644509],[134.387804,33.644537],[134.387767,33.644559],[134.387729,33.644577],[134.387692,33.64459],[134.387652,33.644599],[134.387612,33.644604],[134.387573,33.644603],[134.387539,33.644594],[134.387506,33.644576],[134.387478,33.644554],[134.387449,33.644532],[134.387418,33.644515],[134.387387,33.644504],[134.38737,33.644504],[134.387361,33.644504],[134.387349,33.644509],[134.387343,33.64452],[134.387341,33.64453],[134.387341,33.644543],[134.387345,33.644559],[134.387355,33.64458],[134.387364,33.644596],[134.387383,33.64462],[134.387401,33.644639],[134.38742,33.64466],[134.38744,33.644688],[134.387458,33.644723],[134.387464,33.644739],[134.387468,33.644759],[134.387467,33.644777],[134.387464,33.64479],[134.387455,33.644801],[134.387442,33.64481],[134.387428,33.644816],[134.387408,33.64482],[134.387389,33.64482],[134.387371,33.644817],[134.387352,33.644811],[134.387335,33.644801],[134.387306,33.644775],[134.38728,33.644748],[134.387267,33.644733],[134.387249,33.644717],[134.387232,33.644706],[134.387213,33.644694],[134.3872,33.644683],[134.387188,33.644668],[134.387184,33.644662],[134.387174,33.644651],[134.387161,33.644639],[134.387129,33.644622],[134.3871,33.644611],[134.387063,33.644601],[134.387049,33.644605],[134.387048,33.64461],[134.387053,33.644622],[134.387061,33.644635],[134.38707,33.644656],[134.387077,33.644673],[134.387085,33.644695],[134.387091,33.644707],[134.387108,33.644725],[134.387125,33.644745],[134.387138,33.644764],[134.387141,33.644774],[134.387139,33.644782],[134.387132,33.64479],[134.387114,33.644806],[134.387091,33.644826],[134.387068,33.64485],[134.387048,33.644876],[134.387027,33.644899],[134.387016,33.644906],[134.387003,33.644911],[134.386988,33.64491],[134.386973,33.644906],[134.386938,33.64489],[134.386901,33.64487],[134.386841,33.644835],[134.386811,33.644815],[134.386775,33.644786],[134.38671,33.644727],[134.386691,33.644714],[134.386673,33.644704],[134.386656,33.644699],[134.38664,33.644698],[134.386622,33.644703],[134.386602,33.644714],[134.386575,33.644731],[134.38654,33.644754],[134.3865,33.644785],[134.38646,33.644821],[134.386421,33.644864],[134.386387,33.644914],[134.38636,33.644966],[134.386357,33.644972],[134.386331,33.645044],[134.386306,33.645126],[134.386286,33.645217],[134.386271,33.645311],[134.386263,33.645403],[134.386263,33.645491],[134.386269,33.645574],[134.38628,33.645656],[134.386294,33.645736],[134.386314,33.645815],[134.386342,33.645892],[134.386378,33.64597],[134.386424,33.646047],[134.386479,33.646118],[134.386509,33.646152],[134.386575,33.646211],[134.386647,33.646262],[134.386722,33.646306],[134.386763,33.646322],[134.386791,33.646331],[134.386872,33.646342],[134.386972,33.646349],[134.387029,33.646353],[134.387086,33.646357],[134.387143,33.646359],[134.387196,33.646361],[134.38724,33.646366],[134.387268,33.646374],[134.387275,33.64638],[134.387455,33.646657],[134.387464,33.646669],[134.387471,33.646684],[134.387479,33.646722],[134.387488,33.646768],[134.387503,33.646819],[134.387534,33.646875],[134.387571,33.646924],[134.387611,33.646966],[134.387658,33.647007],[134.387733,33.647058],[134.387817,33.647108],[134.387903,33.647159],[134.387986,33.647211],[134.388071,33.647265],[134.388156,33.647318],[134.388248,33.647371],[134.388345,33.64742],[134.388448,33.647465],[134.388559,33.647502],[134.388617,33.647517],[134.388737,33.647539],[134.388856,33.647555],[134.388975,33.647562],[134.389086,33.647562],[134.389191,33.647558],[134.389291,33.647549],[134.389388,33.647536],[134.38948,33.64752],[134.389568,33.647499],[134.389652,33.647471],[134.389731,33.647436],[134.389802,33.647395],[134.389867,33.647352],[134.389923,33.647312],[134.389973,33.647275],[134.390021,33.647247],[134.390048,33.647237],[134.390108,33.647224],[134.390178,33.647222],[134.390256,33.647228],[134.390338,33.647237],[134.390421,33.647247],[134.390507,33.647257],[134.390594,33.647267],[134.390684,33.647276],[134.390777,33.647287],[134.390869,33.647301],[134.390961,33.64732],[134.391051,33.647342],[134.39114,33.647369],[134.391225,33.647394],[134.39131,33.647414],[134.391391,33.647432],[134.391469,33.647449],[134.391545,33.647474],[134.391617,33.647507],[134.391684,33.647546],[134.391747,33.647583],[134.391804,33.647614],[134.391857,33.647636],[134.391905,33.647655],[134.391952,33.647677],[134.391995,33.647705],[134.392038,33.647737],[134.392081,33.647773],[134.392122,33.647808],[134.392159,33.647841],[134.392185,33.647872],[134.392192,33.647887],[134.392193,33.647901],[134.392188,33.647914],[134.392162,33.647936],[134.392123,33.647952],[134.392078,33.647963],[134.392034,33.647966],[134.391992,33.647964],[134.391951,33.647958],[134.391911,33.647952],[134.39187,33.647945],[134.391827,33.647942],[134.391781,33.647942],[134.391729,33.647947],[134.39168,33.647957],[134.391654,33.647966],[134.391637,33.647979],[134.391632,33.647991],[134.391633,33.648001],[134.391639,33.648012],[134.391652,33.648028],[134.391674,33.648047],[134.391689,33.648065],[134.391699,33.648083],[134.391699,33.648102],[134.391692,33.648122],[134.391677,33.64814],[134.391647,33.64816],[134.391634,33.648165],[134.391621,33.648169],[134.391604,33.648169],[134.391589,33.648167],[134.391571,33.648163],[134.391537,33.64815],[134.391508,33.648136],[134.391484,33.648122],[134.391463,33.64811],[134.391441,33.6481],[134.391411,33.648094],[134.391375,33.648092],[134.391329,33.648091],[134.391277,33.648094],[134.391216,33.648098],[134.391153,33.648105],[134.391089,33.648114],[134.391028,33.648123],[134.390974,33.648134],[134.390934,33.648148],[134.390923,33.648156],[134.390916,33.648166],[134.390915,33.648176],[134.390922,33.648188],[134.390932,33.648199],[134.390947,33.64821],[134.390982,33.648227],[134.391025,33.648243],[134.391061,33.648252],[134.391105,33.648263],[134.391125,33.64827],[134.391144,33.648281],[134.391153,33.648288],[134.391167,33.648303],[134.391172,33.648315],[134.391173,33.648325],[134.391172,33.648334],[134.391168,33.648344],[134.391159,33.648351],[134.391143,33.648356],[134.391123,33.648355],[134.391095,33.648351],[134.391065,33.648344],[134.391035,33.648335],[134.391005,33.648325],[134.390976,33.648314],[134.390945,33.648301],[134.390916,33.648294],[134.390905,33.648294],[134.390896,33.648295],[134.390889,33.648302],[134.390884,33.648311],[134.390882,33.648322],[134.390877,33.648352],[134.390871,33.648376],[134.390862,33.648398],[134.390845,33.648427],[134.390832,33.648451],[134.390831,33.648461],[134.390835,33.64847],[134.390844,33.648476],[134.390859,33.648481],[134.390901,33.648488],[134.390939,33.648493],[134.390973,33.648497],[134.391014,33.648503],[134.391042,33.648511],[134.391071,33.648523],[134.391101,33.64854],[134.391128,33.648562],[134.391139,33.648574],[134.391149,33.648586],[134.391153,33.648595],[134.391152,33.648605],[134.391147,33.648616],[134.391141,33.648623],[134.391119,33.648637],[134.3911,33.648643],[134.391079,33.648647],[134.39105,33.648645],[134.391019,33.648641],[134.390986,33.648637],[134.390947,33.648633],[134.390914,33.648636],[134.390893,33.648643],[134.39089,33.648647],[134.390892,33.648656],[134.390923,33.648691],[134.390938,33.648709],[134.390944,33.648722],[134.390943,33.648736],[134.390938,33.648749],[134.390917,33.648776],[134.390901,33.64879],[134.390866,33.648816],[134.390825,33.648841],[134.39078,33.648864],[134.390729,33.648888],[134.390672,33.648911],[134.390607,33.648934],[134.390537,33.648952],[134.390463,33.648962],[134.390386,33.648962],[134.390308,33.648952],[134.390232,33.648939],[134.390159,33.648922],[134.390091,33.648906],[134.390027,33.648896],[134.389996,33.648895],[134.389936,33.648902],[134.389907,33.648911],[134.389848,33.648935],[134.389784,33.648964],[134.389712,33.648993],[134.389633,33.649019],[134.38955,33.649043],[134.38947,33.649067],[134.389395,33.64909],[134.389323,33.649114],[134.389253,33.649139],[134.389181,33.649165],[134.389108,33.649194],[134.389063,33.649217],[134.389042,33.649228],[134.389013,33.649248],[134.388987,33.64927],[134.388965,33.649295],[134.388947,33.649321],[134.38892,33.649375],[134.388888,33.649456],[134.388733,33.649931],[134.38929,33.650544],[134.3894,33.650572],[134.389487,33.650604],[134.389792,33.650717],[134.389622,33.650897],[134.388922,33.65178],[134.387852,33.653486],[134.387668,33.653729],[134.387497,33.65383],[134.387274,33.653922],[134.386873,33.654011],[134.386447,33.65408],[134.385947,33.654131],[134.385332,33.65419],[134.384747,33.65433],[134.384472,33.654463],[134.38418,33.65465],[134.383935,33.654938],[134.383772,33.655363],[134.383672,33.655747],[134.383535,33.656022],[134.383072,33.656563],[134.38265,33.656801],[134.382241,33.656928],[134.381622,33.657038],[134.38124,33.657088],[134.380822,33.657184],[134.380487,33.657342],[134.380265,33.6575],[134.379998,33.657738],[134.379873,33.657938],[134.379735,33.658305],[134.379604,33.658502],[134.37941,33.658704],[134.379135,33.658888],[134.378898,33.659046],[134.378734,33.659194],[134.378624,33.659343],[134.378542,33.659554],[134.378473,33.659813],[134.378523,33.660263],[134.378448,33.660446],[134.378333,33.660511],[134.378198,33.660554],[134.37766,33.660579],[134.377438,33.660525],[134.37736,33.660537],[134.377349,33.660553],[134.377337,33.660569],[134.37731,33.660604],[134.377285,33.660696],[134.377285,33.661504],[134.37731,33.661704],[134.377297,33.661824],[134.377235,33.661929],[134.376985,33.662137],[134.37696,33.662271],[134.376985,33.662587],[134.376942,33.662715],[134.376848,33.662812],[134.376716,33.6629],[134.375777,33.663226],[134.375657,33.663312],[134.375621,33.663406],[134.375642,33.663679],[134.37556,33.663828],[134.375319,33.663977],[134.375073,33.66407],[134.374947,33.664151],[134.374861,33.664254],[134.374623,33.66482],[134.374348,33.665587],[134.374273,33.665628],[134.374175,33.665673],[134.374023,33.665653],[134.373536,33.66552],[134.373323,33.665495],[134.372775,33.665543],[134.372234,33.665624],[134.371623,33.665862],[134.371059,33.666089],[134.370522,33.666397],[134.369974,33.666812],[134.369731,33.667022],[134.369574,33.667303],[134.369461,33.667728],[134.369386,33.668745],[134.369418,33.668906],[134.369499,33.669034],[134.369621,33.669112],[134.370273,33.66917],[134.370742,33.669322],[134.371024,33.669499],[134.371411,33.670028],[134.371473,33.670228],[134.371548,33.671286],[134.371548,33.671461],[134.3716,33.671572],[134.371711,33.671644],[134.372479,33.671792],[134.372741,33.671884],[134.373003,33.672007],[134.373097,33.672107],[134.373111,33.672228],[134.373048,33.672378],[134.372885,33.672791],[134.372399,33.673574],[134.372011,33.674011],[134.371411,33.674502],[134.371086,33.674619],[134.370548,33.674727],[134.369474,33.674702],[134.368799,33.674886],[134.367992,33.674985],[134.367024,33.674927],[134.366236,33.674727],[134.366064,33.674737],[134.365936,33.674811],[134.365724,33.675061],[134.365187,33.676027],[134.364919,33.67637],[134.364715,33.676512],[134.364487,33.67661],[134.364349,33.67661],[134.363862,33.676677],[134.363855,33.676682],[134.363738,33.676753],[134.363649,33.676835],[134.363531,33.677],[134.363327,33.677149],[134.363087,33.677244],[134.362462,33.677444],[134.362062,33.67751],[134.361949,33.67751],[134.361974,33.677627],[134.362094,33.677906],[134.362274,33.678118],[134.363537,33.67886],[134.364333,33.679368],[134.364587,33.67961],[134.365049,33.680326],[134.365204,33.680609],[134.365235,33.68092],[134.36521,33.681209],[134.365261,33.681526],[134.365374,33.681976],[134.365474,33.682226],[134.365527,33.682288],[134.365799,33.682609],[134.365611,33.683059],[134.365499,33.683509],[134.365474,33.684001],[134.365586,33.684434],[134.365607,33.684573],[134.365536,33.684634],[134.365261,33.684701],[134.364986,33.684809],[134.364832,33.68491],[134.364749,33.685059],[134.364699,33.685417],[134.364699,33.685892],[134.364849,33.686434],[134.364661,33.687584],[134.364613,33.687698],[134.364474,33.687784],[134.363865,33.688084],[134.363773,33.688129],[134.362028,33.687833],[134.361621,33.687781],[134.360921,33.687813],[134.360221,33.687791],[134.359586,33.687714],[134.358579,33.687157],[134.358137,33.686888],[134.357646,33.686538],[134.357293,33.686276],[134.356966,33.686128],[134.356339,33.686072],[134.355702,33.685804],[134.355244,33.685563],[134.354751,33.685118],[134.354157,33.684293],[134.353957,33.683737],[134.354019,33.682925],[134.354271,33.681992],[134.354231,33.681389],[134.353854,33.680817],[134.353311,33.680211],[134.352114,33.678886],[134.351384,33.678161],[134.350539,33.677615],[134.349447,33.677174],[134.348583,33.676806],[134.34731,33.676148],[134.346371,33.675844],[134.345612,33.675608],[134.345863,33.674797],[134.346375,33.673522],[134.346802,33.672467],[134.347429,33.671213],[134.347874,33.670275],[134.348099,33.669981],[134.348382,33.669445],[134.3485,33.668918],[134.348389,33.66832],[134.348383,33.667779],[134.348482,33.667135],[134.34891,33.666226],[134.3493,33.665778],[134.350498,33.664878],[134.351642,33.663788],[134.352456,33.663286],[134.35096,33.662449],[134.3496,33.66164],[134.347722,33.660653],[134.346929,33.660134],[134.346177,33.659472],[134.345667,33.658991],[134.344973,33.658046],[134.344519,33.657153],[134.344383,33.656823],[134.344228,33.656402],[134.344247,33.656247],[134.344292,33.655912],[134.344332,33.655751],[134.344036,33.655647],[134.343855,33.655526],[134.343424,33.655144],[134.342422,33.654367],[134.341969,33.653958],[134.341504,33.653501],[134.341095,33.653053],[134.340396,33.652208],[134.340124,33.651976],[134.339944,33.651939],[134.33973,33.651913],[134.339292,33.651888],[134.338853,33.651844],[134.338403,33.6518],[134.338201,33.65181],[134.337808,33.651851],[134.337617,33.651843],[134.337386,33.651746],[134.337216,33.651625],[134.33707,33.65156],[134.336912,33.651552],[134.336239,33.651566],[134.335755,33.651513],[134.335575,33.651458],[134.335484,33.651393],[134.335337,33.6513],[134.33492,33.651134],[134.334345,33.650893],[134.333714,33.650738],[134.333163,33.650667],[134.332815,33.650641],[134.332399,33.650625],[134.332152,33.650655],[134.331229,33.649347],[134.330743,33.64881],[134.330792,33.648798],[134.330818,33.648788],[134.330833,33.648781],[134.330866,33.648761],[134.330894,33.64874],[134.330917,33.648719],[134.330937,33.648697],[134.330954,33.648672],[134.330971,33.648642],[134.330986,33.648605],[134.331003,33.648566],[134.331021,33.648528],[134.33104,33.648494],[134.33106,33.648468],[134.331083,33.648447],[134.331109,33.648429],[134.331137,33.648411],[134.331168,33.648396],[134.331205,33.648382],[134.331249,33.64837],[134.331298,33.64836],[134.331348,33.648351],[134.331399,33.648346],[134.331444,33.648341],[134.331488,33.648338],[134.33153,33.648334],[134.331575,33.648328],[134.33162,33.648319],[134.331665,33.648304],[134.331708,33.648286],[134.331746,33.64826],[134.331784,33.648228],[134.331821,33.648186],[134.331864,33.648135],[134.331909,33.648075],[134.331956,33.648011],[134.332002,33.647948],[134.332043,33.647886],[134.332083,33.647828],[134.332121,33.647772],[134.332158,33.647717],[134.332194,33.647664],[134.332228,33.647613],[134.332257,33.647567],[134.332278,33.647525],[134.332295,33.647487],[134.332306,33.647452],[134.332312,33.647421],[134.332316,33.64739],[134.332318,33.647359],[134.332319,33.647329],[134.332322,33.647295],[134.33233,33.647259],[134.332344,33.64722],[134.332367,33.647177],[134.3324,33.647131],[134.332439,33.647082],[134.332486,33.64703],[134.332536,33.646976],[134.33259,33.646921],[134.332646,33.646865],[134.332701,33.646808],[134.332756,33.646749],[134.332806,33.646692],[134.332853,33.646637],[134.332892,33.646586],[134.332926,33.646537],[134.332951,33.64649],[134.332959,33.646468],[134.332967,33.646422],[134.332969,33.646376],[134.332968,33.646327],[134.332968,33.646277],[134.332971,33.646224],[134.332976,33.646173],[134.332984,33.646125],[134.332993,33.646082],[134.333006,33.646041],[134.333025,33.645998],[134.333049,33.645947],[134.333081,33.645889],[134.333119,33.645826],[134.33316,33.645763],[134.333204,33.645703],[134.333248,33.645645],[134.333289,33.645592],[134.333326,33.645541],[134.333359,33.645493],[134.333388,33.645442],[134.333415,33.645383],[134.333433,33.645336],[134.333442,33.645313],[134.333466,33.645238],[134.333486,33.645164],[134.333502,33.645095],[134.333512,33.645035],[134.333517,33.644979],[134.333522,33.644925],[134.333525,33.644869],[134.333531,33.644812],[134.333541,33.644752],[134.333557,33.644687],[134.333581,33.64462],[134.333609,33.644553],[134.333641,33.644491],[134.333672,33.644435],[134.333704,33.644385],[134.333735,33.644335],[134.333764,33.644282],[134.333789,33.644225],[134.333814,33.644167],[134.333837,33.644108],[134.333859,33.644048],[134.333882,33.643988],[134.333904,33.643923],[134.333925,33.643851],[134.333947,33.643776],[134.333966,33.643702],[134.333981,33.643635],[134.333989,33.643579],[134.333993,33.643535],[134.333991,33.643497],[134.333986,33.643465],[134.33398,33.643434],[134.333969,33.643405],[134.333953,33.643373],[134.333932,33.643338],[134.33391,33.6433],[134.333887,33.64326],[134.333865,33.643215],[134.333848,33.643168],[134.333834,33.643118],[134.333827,33.643065],[134.333826,33.643008],[134.333832,33.642948],[134.333843,33.642884],[134.333859,33.642816],[134.333877,33.642744],[134.333894,33.642674],[134.333906,33.64261],[134.33391,33.642552],[134.333907,33.642501],[134.333902,33.642451],[134.333898,33.642401],[134.333897,33.642347],[134.333899,33.642294],[134.333906,33.642243],[134.333916,33.642193],[134.333933,33.642146],[134.333955,33.642102],[134.333983,33.642058],[134.334016,33.642016],[134.334051,33.641976],[134.334086,33.641939],[134.334118,33.641903],[134.334148,33.64187],[134.334175,33.641837],[134.334202,33.641803],[134.334229,33.641771],[134.334258,33.64174],[134.334288,33.641712],[134.334322,33.641687],[134.334358,33.641666],[134.334396,33.641648],[134.334431,33.641629],[134.334465,33.64161],[134.334502,33.641587],[134.334543,33.64156],[134.334589,33.641526],[134.334641,33.641489],[134.334698,33.641452],[134.334757,33.641417],[134.334816,33.641386],[134.334873,33.641359],[134.334925,33.641334],[134.334969,33.641311],[134.335009,33.641289],[134.335045,33.641269],[134.335083,33.641247],[134.335122,33.641224],[134.33516,33.641197],[134.335196,33.641167],[134.335227,33.641131],[134.335254,33.641093],[134.335276,33.641054],[134.335293,33.64102],[134.335306,33.640988],[134.335315,33.640957],[134.335323,33.640923],[134.335345,33.640815],[134.335378,33.640638],[134.335391,33.640557],[134.335411,33.640483],[134.33543,33.640412],[134.335432,33.640377],[134.335427,33.640342],[134.335422,33.640331],[134.336475,33.640081],[134.33675,33.640056],[134.337435,33.640059],[134.337674,33.640074],[134.337854,33.640072],[134.338024,33.640067],[134.338136,33.64003],[134.338174,33.639956],[134.338183,33.639834],[134.338191,33.6397],[134.338205,33.639494],[134.338236,33.639159],[134.338312,33.63885],[134.338425,33.638455],[134.338491,33.63823],[134.338609,33.638013],[134.338828,33.637841],[134.339363,33.637547],[134.339892,33.637279],[134.340425,33.637006],[134.340219,33.636861],[134.339787,33.636559],[134.339498,33.63637],[134.339043,33.635919],[134.33864,33.635498],[134.33804,33.634925],[134.337846,33.634683],[134.337773,33.634479],[134.337849,33.634299],[134.338032,33.634151],[134.338589,33.633834],[134.338869,33.63358],[134.339026,33.63323],[134.339078,33.633025],[134.338978,33.63249],[134.338957,33.632029],[134.339037,33.631271],[134.339188,33.63083],[134.339334,33.630321],[134.339404,33.62995],[134.339445,33.629636],[134.339452,33.62938],[134.339445,33.629152],[134.33951,33.628809],[134.339721,33.628523],[134.339963,33.628375],[134.34043,33.62829],[134.340585,33.628183],[134.340818,33.627608],[134.341077,33.627207],[134.341395,33.626949],[134.341814,33.626707],[134.342025,33.626547],[134.342084,33.626491],[134.342226,33.626344],[134.342352,33.626156],[134.342556,33.625919],[134.343121,33.625368],[134.34343,33.625071],[134.343525,33.62489],[134.343544,33.624869],[134.343566,33.624748],[134.34357,33.624603],[134.344102,33.624178],[134.344413,33.624075],[134.344748,33.623972],[134.344988,33.623923],[134.345195,33.623842],[134.345307,33.623761],[134.345424,33.623445],[134.345455,33.623405],[134.345567,33.623371],[134.345802,33.623372],[134.345994,33.623308],[134.346137,33.623176],[134.346257,33.623088],[134.346455,33.6229],[134.346701,33.62265],[134.347146,33.62236],[134.347457,33.622204],[134.347689,33.621824],[134.34803,33.621494],[134.348228,33.621312],[134.348453,33.621135],[134.349071,33.620751],[134.349898,33.620143],[134.35033,33.619688],[134.350672,33.619499],[134.350976,33.619443],[134.351205,33.619357],[134.35144,33.619233],[134.351677,33.61913],[134.351963,33.618914],[134.352155,33.61882],[134.352452,33.618708],[134.352787,33.618599],[134.353056,33.618601],[134.353402,33.618666],[134.353835,33.618781],[134.354204,33.618845],[134.35446,33.618844],[134.354811,33.618788],[134.354953,33.618532],[134.355657,33.618474],[134.356596,33.61845],[134.356832,33.618442],[134.357475,33.618374],[134.358326,33.618321],[134.359024,33.61833],[134.359582,33.61853],[134.359705,33.618592],[134.359847,33.618599],[134.360054,33.618487],[134.360337,33.618382],[134.360658,33.618269],[134.361394,33.618082],[134.361857,33.618063],[134.361933,33.618023],[134.361912,33.617849],[134.362004,33.617595],[134.362168,33.617408],[134.362464,33.61726],[134.362861,33.617186],[134.363352,33.617127],[134.363711,33.617014],[134.364136,33.616924],[134.364578,33.616684],[134.365039,33.616475],[134.365276,33.616442],[134.365521,33.616424],[134.366316,33.616371],[134.366534,33.616417],[134.367026,33.616398],[134.3671,33.616286],[134.367212,33.616143],[134.367344,33.616079],[134.367864,33.616052],[134.36811,33.616042],[134.368318,33.616048],[134.368624,33.616155],[134.368729,33.616178],[134.368879,33.61611],[134.368997,33.616081],[134.369083,33.616092],[134.369201,33.616115],[134.369329,33.616162],[134.369459,33.616215],[134.369535,33.616254],[134.369559,33.616314],[134.369536,33.616385],[134.36948,33.616484],[134.369424,33.616544],[134.369401,33.616568],[134.36943,33.616599],[134.36951,33.616591],[134.369661,33.616566],[134.369803,33.616545],[134.370043,33.616556],[134.370109,33.616544],[134.370158,33.616526],[134.370198,33.616484],[134.370273,33.616369],[134.370352,33.616285],[134.370441,33.616202],[134.370498,33.616173],[134.370593,33.616189],[134.370664,33.616224],[134.37074,33.616263],[134.370769,33.61631],[134.370765,33.616367],[134.370752,33.61646],[134.370678,33.61671],[134.370679,33.616805],[134.370704,33.6169],[134.370767,33.617041],[134.370859,33.617274],[134.370951,33.617511],[134.371009,33.617566],[134.37109,33.617624],[134.371171,33.617639],[134.371276,33.617634],[134.371418,33.617592],[134.371527,33.617508],[134.371593,33.617471],[134.371692,33.617466],[134.372111,33.61761],[134.372871,33.617112],[134.372942,33.617293],[134.373046,33.61753],[134.373166,33.617738],[134.373302,33.617863],[134.373544,33.618048],[134.373849,33.618312],[134.374053,33.618453],[134.374092,33.618475],[134.374119,33.618464],[134.37416,33.618467],[134.374202,33.618471],[134.37425,33.618473],[134.374293,33.618477],[134.374319,33.618485],[134.374345,33.618497],[134.374395,33.618526],[134.374446,33.618555],[134.374487,33.61857],[134.374531,33.618581],[134.374576,33.618591],[134.374621,33.618599],[134.374665,33.618608],[134.37471,33.618615],[134.374769,33.618617],[134.37483,33.618614],[134.374889,33.618604],[134.374949,33.618584],[134.375006,33.618557],[134.375055,33.618522],[134.375097,33.618478],[134.375132,33.61843],[134.375166,33.618381],[134.375193,33.618343],[134.375224,33.618306],[134.375257,33.618268],[134.375285,33.618238],[134.375315,33.61821],[134.37535,33.61819],[134.375383,33.61818],[134.375418,33.618176],[134.375495,33.61818],[134.375573,33.618189],[134.375643,33.618191],[134.375711,33.618188],[134.375781,33.618184],[134.37585,33.61818],[134.375919,33.618181],[134.375952,33.618186],[134.375983,33.618195],[134.376028,33.618217],[134.376071,33.618246],[134.376114,33.618278],[134.376171,33.618314],[134.376231,33.618343],[134.376264,33.618353],[134.376297,33.61836],[134.376347,33.618363],[134.376396,33.618359],[134.376446,33.618347],[134.376485,33.618332],[134.376523,33.618314],[134.376594,33.618268],[134.37666,33.618218],[134.376707,33.618181],[134.376756,33.618145],[134.376808,33.618114],[134.376867,33.618084],[134.376929,33.618058],[134.376993,33.618035],[134.377061,33.618012],[134.37713,33.617992],[134.37717,33.617983],[134.377201,33.617977],[134.377282,33.617966],[134.377366,33.61796],[134.377454,33.617957],[134.377508,33.617959],[134.37756,33.617964],[134.37761,33.617978],[134.377616,33.61798],[134.377628,33.617987],[134.37766,33.61801],[134.377688,33.618038],[134.377709,33.618068],[134.377725,33.618096],[134.377737,33.618124],[134.37775,33.618165],[134.377766,33.61822],[134.377779,33.618275],[134.377795,33.618325],[134.377812,33.618367],[134.377837,33.618404],[134.377853,33.618421],[134.377874,33.618437],[134.377898,33.618451],[134.377955,33.618473],[134.378014,33.618491],[134.378114,33.618525],[134.37821,33.618562],[134.378305,33.618602],[134.378365,33.618628],[134.378424,33.618653],[134.378485,33.618681],[134.378543,33.618708],[134.378601,33.618735],[134.37866,33.618764],[134.378698,33.618783],[134.378738,33.618799],[134.37878,33.61881],[134.378818,33.61881],[134.378857,33.618805],[134.378896,33.618797],[134.378936,33.618783],[134.378975,33.618766],[134.37901,33.618746],[134.37903,33.61873],[134.379066,33.618696],[134.379098,33.618659],[134.379127,33.618619],[134.379157,33.618578],[134.379194,33.61854],[134.379234,33.618511],[134.379277,33.618492],[134.37932,33.618484],[134.379342,33.618486],[134.379368,33.618493],[134.37939,33.618508],[134.379411,33.618528],[134.37943,33.618552],[134.379463,33.618605],[134.379509,33.618699],[134.379545,33.618787],[134.379577,33.618876],[134.379593,33.618925],[134.37961,33.618975],[134.379626,33.619025],[134.379651,33.619102],[134.379679,33.619178],[134.379711,33.619255],[134.379735,33.619305],[134.379766,33.619353],[134.379806,33.619397],[134.379832,33.619418],[134.379862,33.619437],[134.379894,33.619454],[134.379963,33.619478],[134.38,33.619486],[134.380041,33.619491],[134.380124,33.619495],[134.380209,33.619498],[134.380253,33.619503],[134.380306,33.619513],[134.380356,33.61953],[134.380376,33.619543],[134.380395,33.619558],[134.380408,33.619575],[134.380418,33.619595],[134.380425,33.619617],[134.380429,33.619662],[134.380427,33.619711],[134.38042,33.619762],[134.380411,33.619812],[134.380408,33.61986],[134.380411,33.619903],[134.380425,33.619944],[134.380473,33.619928],[134.380548,33.619907],[134.380627,33.619867],[134.380673,33.619804],[134.380712,33.619737],[134.380771,33.619674],[134.380889,33.619594],[134.380987,33.619534],[134.381074,33.619513],[134.381157,33.619522],[134.381301,33.619591],[134.381424,33.619653],[134.381495,33.619662],[134.381578,33.619639],[134.381637,33.619602],[134.381731,33.619442],[134.381774,33.619409],[134.381849,33.619395],[134.381948,33.619401],[134.382031,33.619387],[134.38209,33.619354],[134.382129,33.619314],[134.382269,33.619265],[134.382383,33.619208],[134.382599,33.619054],[134.382844,33.618946],[134.383225,33.618756]]]},"properties":{"S_NAME":"浅川","HCODE":8101}},{"type":"Feature","geometry":{"type":"Polygon","coordinates":[[[134.354226,33.586783],[134.354236,33.586789],[134.354291,33.586821],[134.354358,33.586855],[134.354399,33.586872],[134.354487,33.586903],[134.354573,33.586931],[134.35465,33.586949],[134.354718,33.586963],[134.354782,33.586979],[134.354847,33.586994],[134.354912,33.587004],[134.354982,33.587003],[134.355058,33.586999],[134.35514,33.587001],[134.355227,33.587011],[134.35531,33.587024],[134.355387,33.587035],[134.355455,33.587047],[134.355517,33.587063],[134.355575,33.587079],[134.355633,33.587089],[134.355696,33.587088],[134.355769,33.587084],[134.355858,33.587089],[134.355962,33.587103],[134.356067,33.587119],[134.356169,33.587126],[134.356266,33.587131],[134.356367,33.58714],[134.356468,33.587153],[134.356562,33.587167],[134.356611,33.587172],[134.356642,33.587175],[134.356705,33.587185],[134.356754,33.587201],[134.356775,33.587211],[134.356815,33.587238],[134.35686,33.58727],[134.356909,33.587302],[134.356954,33.587331],[134.35699,33.587349],[134.357006,33.587353],[134.357024,33.587355],[134.357045,33.587353],[134.35707,33.587346],[134.357133,33.587325],[134.357205,33.5873],[134.357283,33.587276],[134.35736,33.58726],[134.357433,33.587255],[134.357502,33.587259],[134.357577,33.587263],[134.357621,33.587262],[134.357716,33.587256],[134.357811,33.587247],[134.357897,33.587237],[134.357976,33.587224],[134.358056,33.587208],[134.358143,33.587188],[134.35824,33.587173],[134.358347,33.587164],[134.358453,33.587159],[134.358543,33.587153],[134.358615,33.587145],[134.358682,33.587143],[134.358754,33.587147],[134.358828,33.587149],[134.358863,33.587144],[134.358899,33.587133],[134.358965,33.587102],[134.359028,33.587072],[134.359061,33.587061],[134.359093,33.587053],[134.359126,33.58705],[134.359198,33.587046],[134.359282,33.587043],[134.359364,33.587045],[134.359429,33.587054],[134.359456,33.587062],[134.35948,33.587072],[134.359531,33.587103],[134.359595,33.587146],[134.35966,33.587194],[134.359713,33.587239],[134.359751,33.587279],[134.359784,33.587313],[134.359822,33.587342],[134.359865,33.587364],[134.359889,33.58737],[134.359944,33.587371],[134.360004,33.587369],[134.360073,33.587374],[134.360148,33.587391],[134.360184,33.587402],[134.360258,33.587427],[134.360329,33.587451],[134.360402,33.587468],[134.360477,33.587472],[134.360515,33.587468],[134.360549,33.58746],[134.36058,33.587446],[134.360609,33.587426],[134.360635,33.587403],[134.360685,33.587355],[134.360713,33.587337],[134.360745,33.587323],[134.360779,33.587316],[134.360814,33.587314],[134.360847,33.587316],[134.360876,33.587324],[134.360902,33.587335],[134.360946,33.587362],[134.360989,33.587393],[134.361016,33.587405],[134.361076,33.587426],[134.361138,33.587442],[134.361198,33.587456],[134.361254,33.587471],[134.361307,33.587489],[134.361356,33.587507],[134.361397,33.587518],[134.361414,33.587519],[134.361442,33.587514],[134.36147,33.587503],[134.361509,33.58749],[134.361533,33.587487],[134.36156,33.58749],[134.361589,33.587499],[134.361623,33.587515],[134.361691,33.587562],[134.361754,33.587616],[134.3618,33.587654],[134.361805,33.587659],[134.361847,33.587698],[134.361888,33.587743],[134.361926,33.587794],[134.361951,33.587839],[134.361956,33.587847],[134.36197,33.587894],[134.361975,33.587937],[134.361971,33.587974],[134.361969,33.588004],[134.361973,33.588013],[134.361982,33.58802],[134.362015,33.588019],[134.362037,33.588013],[134.36208,33.587997],[134.362096,33.587988],[134.362121,33.587969],[134.362132,33.587947],[134.362138,33.58792],[134.362142,33.587908],[134.362152,33.587892],[134.362168,33.587878],[134.362195,33.587861],[134.36227,33.587831],[134.362314,33.587818],[134.3624,33.587798],[134.36244,33.587792],[134.362517,33.587786],[134.362557,33.587788],[134.362636,33.587794],[134.362716,33.587808],[134.362795,33.587826],[134.362867,33.587849],[134.362898,33.587863],[134.362927,33.587879],[134.362948,33.587896],[134.362965,33.587915],[134.362976,33.587934],[134.362981,33.587953],[134.362981,33.58797],[134.362975,33.587984],[134.362964,33.587996],[134.36295,33.588005],[134.362918,33.588018],[134.3629,33.588021],[134.362863,33.588025],[134.362818,33.588028],[134.362761,33.588032],[134.362707,33.588039],[134.362672,33.588048],[134.362667,33.58805],[134.362663,33.588052],[134.362662,33.588054],[134.362659,33.58806],[134.362659,33.588064],[134.362659,33.588067],[134.362662,33.588074],[134.362667,33.588081],[134.362685,33.588096],[134.362715,33.588111],[134.362753,33.588127],[134.362799,33.588147],[134.362843,33.588175],[134.362887,33.588209],[134.362936,33.588242],[134.363046,33.588295],[134.363072,33.588311],[134.363094,33.588328],[134.36313,33.588372],[134.363158,33.588426],[134.363201,33.588542],[134.363219,33.588581],[134.363228,33.588592],[134.363236,33.588597],[134.363245,33.588599],[134.363256,33.588597],[134.363267,33.588591],[134.36329,33.588573],[134.363316,33.588551],[134.363342,33.588528],[134.363382,33.588506],[134.363445,33.588485],[134.363486,33.588476],[134.36357,33.588462],[134.363643,33.58846],[134.363698,33.588467],[134.363796,33.58849],[134.363839,33.58851],[134.363857,33.588525],[134.36387,33.588544],[134.363879,33.588567],[134.363885,33.588592],[134.363886,33.588619],[134.363884,33.588644],[134.363878,33.588666],[134.363869,33.588687],[134.363857,33.588705],[134.363842,33.58872],[134.363825,33.588732],[134.363748,33.588755],[134.363733,33.588763],[134.363721,33.588773],[134.363687,33.588835],[134.363658,33.588865],[134.363625,33.588891],[134.3636,33.588902],[134.363581,33.588908],[134.36357,33.588912],[134.363568,33.588917],[134.363581,33.58893],[134.363632,33.588973],[134.363679,33.589004],[134.363731,33.589033],[134.363778,33.589059],[134.363845,33.589101],[134.363883,33.589123],[134.363922,33.589147],[134.363938,33.589163],[134.363949,33.589181],[134.363952,33.589201],[134.363949,33.589223],[134.363933,33.589265],[134.363921,33.589281],[134.363908,33.589292],[134.363895,33.589299],[134.363867,33.589308],[134.363837,33.589318],[134.363803,33.589332],[134.363791,33.589338],[134.363782,33.589344],[134.363775,33.589352],[134.363787,33.589358],[134.363841,33.589374],[134.363868,33.589381],[134.363908,33.589388],[134.363965,33.589394],[134.364032,33.589403],[134.364034,33.589403],[134.364103,33.589414],[134.364167,33.589428],[134.364225,33.589445],[134.364276,33.589462],[134.364322,33.589478],[134.364363,33.58949],[134.364401,33.5895],[134.364438,33.589515],[134.364471,33.589536],[134.364496,33.58956],[134.364509,33.589579],[134.364508,33.589593],[134.364495,33.589626],[134.36449,33.589638],[134.364485,33.589666],[134.364488,33.589677],[134.364494,33.589685],[134.364513,33.589698],[134.364533,33.589714],[134.364537,33.589725],[134.364542,33.589746],[134.364544,33.589755],[134.364553,33.589789],[134.364572,33.589821],[134.364599,33.589856],[134.364631,33.589898],[134.364661,33.589948],[134.364687,33.590002],[134.364707,33.590084],[134.364722,33.590141],[134.364771,33.590257],[134.36479,33.590318],[134.364799,33.590379],[134.364801,33.59043],[134.364795,33.590464],[134.364788,33.590476],[134.364772,33.59049],[134.36476,33.590491],[134.364736,33.590488],[134.364712,33.590474],[134.364691,33.590448],[134.364671,33.590415],[134.364612,33.590336],[134.364581,33.590291],[134.364553,33.59024],[134.36453,33.590186],[134.364509,33.590125],[134.364486,33.590064],[134.36446,33.590008],[134.364404,33.589922],[134.364381,33.589886],[134.364364,33.58985],[134.364352,33.589815],[134.36413,33.58989],[134.364064,33.589913],[134.364004,33.589935],[134.36395,33.589957],[134.363902,33.589981],[134.363866,33.590005],[134.363854,33.590017],[134.363845,33.590031],[134.363837,33.590062],[134.363832,33.590101],[134.363822,33.590153],[134.363809,33.590215],[134.363795,33.590285],[134.363782,33.590355],[134.363768,33.590417],[134.363752,33.590466],[134.363745,33.590508],[134.363747,33.590528],[134.363754,33.590552],[134.363766,33.590576],[134.363798,33.590624],[134.363828,33.590663],[134.363855,33.590693],[134.363903,33.590736],[134.363928,33.590753],[134.363962,33.59077],[134.364002,33.590791],[134.364052,33.59082],[134.364078,33.590841],[134.364133,33.59089],[134.364184,33.590941],[134.364222,33.590988],[134.364249,33.591026],[134.364252,33.591031],[134.364274,33.59107],[134.364289,33.591107],[134.364294,33.591139],[134.36429,33.591151],[134.364277,33.591175],[134.364265,33.591196],[134.36426,33.591214],[134.364264,33.591229],[134.364272,33.591237],[134.364284,33.59124],[134.364299,33.591239],[134.364315,33.591237],[134.364337,33.591238],[134.364366,33.591247],[134.364404,33.591264],[134.364446,33.591288],[134.364488,33.591316],[134.364524,33.591346],[134.364552,33.591375],[134.364566,33.591401],[134.364563,33.591424],[134.364553,33.591435],[134.364524,33.591454],[134.364487,33.591467],[134.364466,33.59147],[134.364425,33.59147],[134.364385,33.591468],[134.364341,33.591463],[134.364298,33.591458],[134.364256,33.591452],[134.364215,33.591444],[134.364177,33.591435],[134.364138,33.591425],[134.364088,33.591414],[134.364009,33.591406],[134.363903,33.5914],[134.363783,33.591395],[134.363416,33.591763],[134.363336,33.591752],[134.36333,33.591772],[134.363317,33.591787],[134.363291,33.591803],[134.363255,33.59182],[134.363212,33.591836],[134.363163,33.591851],[134.363111,33.591862],[134.363053,33.591867],[134.362997,33.591865],[134.362972,33.591861],[134.362949,33.591853],[134.362912,33.591833],[134.362883,33.591813],[134.362855,33.591795],[134.362827,33.591784],[134.362812,33.591781],[134.362776,33.591778],[134.362738,33.591781],[134.362701,33.591782],[134.362663,33.59178],[134.362622,33.59178],[134.362573,33.591778],[134.362515,33.591779],[134.362445,33.591778],[134.362368,33.591778],[134.362293,33.591778],[134.362229,33.59178],[134.362171,33.591785],[134.362105,33.591794],[134.362031,33.591809],[134.361991,33.591817],[134.361953,33.591826],[134.361795,33.591859],[134.361862,33.592082],[134.361819,33.592092],[134.361787,33.591986],[134.361648,33.592044],[134.361586,33.592069],[134.361517,33.592097],[134.36145,33.592122],[134.361395,33.592143],[134.361358,33.592157],[134.361335,33.592165],[134.36132,33.592166],[134.361305,33.592165],[134.361288,33.59216],[134.361268,33.592154],[134.361248,33.592148],[134.361236,33.59215],[134.361205,33.592154],[134.361171,33.592156],[134.361138,33.592157],[134.361105,33.592156],[134.361074,33.592154],[134.361044,33.592149],[134.361013,33.592142],[134.36098,33.592132],[134.360945,33.59212],[134.360908,33.592104],[134.36087,33.592089],[134.360815,33.592188],[134.360774,33.592172],[134.360831,33.592065],[134.360583,33.591927],[134.360355,33.591801],[134.360119,33.592116],[134.360071,33.592181],[134.360442,33.592376],[134.360644,33.592287],[134.360663,33.592323],[134.36008,33.592633],[134.359713,33.59276],[134.359749,33.592861],[134.359754,33.592876],[134.359802,33.593011],[134.360056,33.593003],[134.36024,33.593683],[134.360289,33.593861],[134.360351,33.594093],[134.361074,33.59397],[134.361159,33.592683],[134.361233,33.592689],[134.361303,33.592695],[134.361371,33.592698],[134.36143,33.592699],[134.361457,33.592697],[134.3615,33.592687],[134.361538,33.592672],[134.361576,33.592653],[134.36162,33.592632],[134.361671,33.592609],[134.361726,33.592588],[134.361782,33.59257],[134.361833,33.592554],[134.361953,33.592527],[134.361917,33.592408],[134.361964,33.592399],[134.361994,33.592508],[134.361998,33.592507],[134.362572,33.59239],[134.363343,33.592222],[134.364399,33.591991],[134.364874,33.591887],[134.36489,33.59194],[134.364415,33.592046],[134.363316,33.592284],[134.362589,33.592443],[134.362552,33.59254],[134.362534,33.592602],[134.362517,33.592675],[134.362501,33.592756],[134.362488,33.592842],[134.362477,33.592929],[134.36247,33.593014],[134.362467,33.593095],[134.362467,33.593168],[134.362466,33.593232],[134.362466,33.593295],[134.362464,33.593365],[134.362462,33.593441],[134.362458,33.593514],[134.362453,33.593578],[134.362451,33.593639],[134.362454,33.593707],[134.362463,33.59378],[134.362473,33.593852],[134.362483,33.593916],[134.362491,33.593971],[134.362501,33.594016],[134.362514,33.594053],[134.362534,33.594088],[134.362562,33.594123],[134.362598,33.594155],[134.362636,33.594181],[134.362676,33.5942],[134.362718,33.594218],[134.362761,33.594238],[134.362796,33.594265],[134.36281,33.59428],[134.362817,33.594296],[134.362822,33.59433],[134.362815,33.594362],[134.362807,33.594376],[134.362788,33.594397],[134.362773,33.594405],[134.362755,33.594411],[134.362704,33.594418],[134.36264,33.59442],[134.362563,33.594424],[134.362479,33.59443],[134.362387,33.59444],[134.362287,33.594453],[134.362181,33.594472],[134.362069,33.594495],[134.362018,33.594507],[134.361955,33.594521],[134.361844,33.594544],[134.361734,33.594561],[134.361684,33.594568],[134.361627,33.594576],[134.361597,33.594581],[134.361591,33.594986],[134.361607,33.594987],[134.361625,33.594991],[134.361646,33.595],[134.361688,33.595027],[134.36169,33.59503],[134.361724,33.595064],[134.361738,33.595086],[134.361761,33.595132],[134.361781,33.595185],[134.361797,33.595239],[134.361808,33.595289],[134.361812,33.595332],[134.361812,33.595377],[134.361814,33.595432],[134.361824,33.595553],[134.361826,33.595671],[134.361825,33.59576],[134.361834,33.595845],[134.361852,33.595928],[134.361878,33.596008],[134.361907,33.596087],[134.361937,33.596164],[134.361969,33.596243],[134.362006,33.596325],[134.362037,33.596391],[134.362047,33.596413],[134.362091,33.596507],[134.362136,33.596608],[134.362177,33.596715],[134.36221,33.596828],[134.362239,33.596948],[134.362267,33.597075],[134.362295,33.597214],[134.362312,33.597292],[134.361943,33.597334],[134.361916,33.597286],[134.361711,33.596874],[134.361623,33.596719],[134.361482,33.596591],[134.361375,33.596539],[134.361203,33.596495],[134.361073,33.596503],[134.36099,33.596542],[134.359383,33.595477],[134.359035,33.595131],[134.358207,33.594309],[134.35842,33.59362],[134.358627,33.59304],[134.358663,33.59295],[134.358458,33.592952],[134.358213,33.592954],[134.358035,33.592949],[134.357901,33.592921],[134.357818,33.592882],[134.357643,33.592777],[134.35746,33.592692],[134.357289,33.592632],[134.356962,33.592589],[134.356656,33.592545],[134.356408,33.592575],[134.356351,33.592624],[134.356296,33.59269],[134.356262,33.592762],[134.35622,33.592858],[134.356173,33.592906],[134.356149,33.592914],[134.355928,33.592899],[134.355797,33.592904],[134.355607,33.592918],[134.355512,33.592922],[134.355476,33.592848],[134.355436,33.592787],[134.355289,33.592552],[134.355125,33.592218],[134.354962,33.591934],[134.354633,33.591155],[134.354561,33.590929],[134.354552,33.590753],[134.354574,33.59056],[134.354613,33.590366],[134.354706,33.590028],[134.354986,33.589458],[134.354937,33.589361],[134.354732,33.588947],[134.354577,33.588587],[134.354447,33.588073],[134.35436,33.587653],[134.354307,33.587372],[134.354226,33.586783]]]},"properties":{"S_NAME":"鞆浦","HCODE":8101}},{"type":"Feature","geometry":{"type":"Polygon","coordinates":[[[134.368768,33.590379],[134.368832,33.590383],[134.368883,33.590387],[134.368923,33.590397],[134.36894,33.590406],[134.368952,33.590418],[134.368965,33.590447],[134.368966,33.590464],[134.368963,33.59048],[134.368956,33.590494],[134.368932,33.590517],[134.368906,33.590536],[134.368882,33.590551],[134.368854,33.590563],[134.368813,33.590573],[134.368758,33.590582],[134.368699,33.590589],[134.368556,33.590596],[134.368552,33.590596],[134.368485,33.590594],[134.368417,33.590593],[134.368344,33.590589],[134.368269,33.590581],[134.368204,33.590569],[134.368177,33.59056],[134.368156,33.59055],[134.368138,33.590538],[134.368126,33.590524],[134.36812,33.590509],[134.368117,33.590492],[134.368119,33.590475],[134.368127,33.590459],[134.368138,33.590443],[134.368153,33.590432],[134.368171,33.590424],[134.368214,33.590415],[134.368258,33.590407],[134.368296,33.590393],[134.368336,33.590379],[134.368383,33.590373],[134.368441,33.590376],[134.368504,33.590381],[134.368568,33.590381],[134.368632,33.590379],[134.3687,33.590378],[134.368768,33.590379]]]},"properties":{"S_NAME":"鞆浦","HCODE":8101}},{"type":"Feature","geometry":{"type":"Polygon","coordinates":[[[134.367636,33.590253],[134.367555,33.590258],[134.367479,33.590265],[134.367406,33.590269],[134.367337,33.590271],[134.367279,33.590274],[134.367235,33.590278],[134.3672,33.590285],[134.367163,33.590291],[134.367124,33.59029],[134.367093,33.590283],[134.367082,33.590275],[134.367074,33.590264],[134.367066,33.590235],[134.367058,33.590196],[134.367051,33.590152],[134.367052,33.590131],[134.367057,33.590113],[134.367066,33.590097],[134.367095,33.59007],[134.367127,33.590041],[134.36715,33.59],[134.367178,33.589957],[134.367197,33.589941],[134.367221,33.589928],[134.36725,33.589919],[134.367311,33.589911],[134.367367,33.589911],[134.367416,33.589912],[134.367464,33.589914],[134.367519,33.589916],[134.367577,33.589919],[134.36763,33.589929],[134.367678,33.589944],[134.367724,33.589968],[134.367851,33.590041],[134.3679,33.590067],[134.367949,33.590094],[134.367992,33.590118],[134.368032,33.590139],[134.368067,33.590159],[134.368095,33.590177],[134.368116,33.590196],[134.368128,33.590216],[134.368131,33.590238],[134.368127,33.590257],[134.368115,33.590269],[134.368092,33.590276],[134.368052,33.590281],[134.367998,33.590283],[134.367946,33.590282],[134.367903,33.590273],[134.36786,33.590261],[134.367799,33.590253],[134.36772,33.590251],[134.367636,33.590253]]]},"properties":{"S_NAME":"鞆浦","HCODE":8101}},{"type":"Feature","geometry":{"type":"Polygon","coordinates":[[[134.367921,33.589501],[134.367888,33.58952],[134.367848,33.589535],[134.367802,33.58955],[134.367747,33.589564],[134.36769,33.589578],[134.36763,33.589589],[134.367496,33.589609],[134.367419,33.589623],[134.367345,33.589636],[134.367276,33.589644],[134.367216,33.58965],[134.367163,33.589651],[134.367113,33.589647],[134.367062,33.589642],[134.367002,33.589634],[134.366952,33.58962],[134.366935,33.58961],[134.366926,33.589596],[134.366922,33.589582],[134.366922,33.589567],[134.366917,33.589539],[134.366908,33.589528],[134.366875,33.589513],[134.366805,33.589491],[134.366777,33.589485],[134.366748,33.589487],[134.366678,33.589506],[134.366635,33.589506],[134.366593,33.589499],[134.36656,33.589484],[134.366534,33.589469],[134.366521,33.589465],[134.366489,33.589466],[134.366448,33.589478],[134.366402,33.589484],[134.366377,33.589479],[134.366353,33.589471],[134.366308,33.589447],[134.366267,33.589418],[134.366236,33.589388],[134.366226,33.589373],[134.366223,33.589358],[134.366224,33.589341],[134.366251,33.58927],[134.366251,33.589231],[134.366248,33.589196],[134.366254,33.589171],[134.366278,33.589138],[134.366282,33.589123],[134.366277,33.589079],[134.36627,33.589032],[134.366271,33.589015],[134.366275,33.589002],[134.366295,33.588991],[134.366319,33.588986],[134.366339,33.588972],[134.366352,33.58895],[134.366361,33.588921],[134.366364,33.588891],[134.36636,33.588877],[134.366355,33.588867],[134.366344,33.58886],[134.366331,33.588856],[134.366316,33.588854],[134.366281,33.588853],[134.366247,33.588849],[134.366215,33.588838],[134.366192,33.588817],[134.366176,33.588789],[134.366168,33.58876],[134.366168,33.588735],[134.366175,33.588713],[134.366189,33.588686],[134.366207,33.588657],[134.366231,33.588627],[134.366254,33.588599],[134.366273,33.58857],[134.366278,33.588554],[134.366279,33.588535],[134.366271,33.588496],[134.366253,33.588462],[134.366226,33.588437],[134.366202,33.588417],[134.366194,33.588405],[134.366189,33.588391],[134.366187,33.588359],[134.366181,33.588336],[134.366173,33.588328],[134.366149,33.588323],[134.36612,33.588318],[134.366105,33.588312],[134.366039,33.588278],[134.365948,33.588252],[134.365932,33.588244],[134.36592,33.588233],[134.365913,33.58822],[134.365911,33.588209],[134.365913,33.588197],[134.365928,33.588179],[134.365939,33.588173],[134.365973,33.588164],[134.366068,33.588138],[134.366144,33.588118],[134.366288,33.588082],[134.366337,33.588068],[134.366379,33.588058],[134.366412,33.588058],[134.366426,33.588062],[134.366479,33.588079],[134.366542,33.588095],[134.366621,33.588128],[134.366645,33.588133],[134.366695,33.588133],[134.366748,33.588124],[134.366843,33.588106],[134.366886,33.588103],[134.366927,33.588101],[134.366961,33.588098],[134.366973,33.588092],[134.366983,33.588069],[134.366991,33.588039],[134.367011,33.58801],[134.367027,33.587998],[134.367047,33.587987],[134.367071,33.587979],[134.367124,33.587967],[134.36718,33.587959],[134.367238,33.587947],[134.367292,33.587926],[134.367348,33.587903],[134.367404,33.58789],[134.367459,33.587888],[134.367507,33.587892],[134.367544,33.587895],[134.367574,33.587897],[134.367607,33.587896],[134.367643,33.587893],[134.367683,33.587885],[134.367773,33.587859],[134.367839,33.587852],[134.367916,33.587851],[134.367999,33.58785],[134.368077,33.587844],[134.368152,33.587842],[134.36819,33.587846],[134.368227,33.587854],[134.368303,33.587879],[134.368386,33.587906],[134.368472,33.587925],[134.368554,33.58794],[134.368621,33.587956],[134.368673,33.587975],[134.368723,33.587996],[134.368779,33.588016],[134.368838,33.588037],[134.368891,33.588059],[134.368936,33.588083],[134.368975,33.588112],[134.369007,33.588145],[134.369036,33.58818],[134.369059,33.588212],[134.369071,33.588238],[134.369071,33.588251],[134.369067,33.588265],[134.36904,33.588294],[134.369001,33.588323],[134.368958,33.588348],[134.368914,33.588367],[134.368868,33.588384],[134.368814,33.588401],[134.368766,33.588417],[134.368731,33.588429],[134.368719,33.58844],[134.36872,33.588447],[134.368724,33.588454],[134.368754,33.588471],[134.368765,33.588479],[134.36878,33.588492],[134.36881,33.588512],[134.368854,33.588539],[134.368904,33.58857],[134.368949,33.5886],[134.368989,33.58863],[134.369018,33.588658],[134.369028,33.588673],[134.369042,33.588699],[134.369048,33.588722],[134.369047,33.588744],[134.369035,33.588765],[134.369012,33.588785],[134.368978,33.588805],[134.36894,33.588823],[134.368895,33.588838],[134.368843,33.58885],[134.368784,33.588857],[134.368723,33.588862],[134.368667,33.588866],[134.368617,33.588867],[134.368571,33.588862],[134.368524,33.588847],[134.36848,33.588832],[134.368441,33.588823],[134.368407,33.588823],[134.368372,33.588831],[134.368332,33.588842],[134.368247,33.588867],[134.368206,33.588878],[134.368171,33.588885],[134.368126,33.588892],[134.368115,33.588896],[134.368112,33.588904],[134.368109,33.588912],[134.368099,33.588968],[134.368086,33.588998],[134.368065,33.589018],[134.368045,33.589032],[134.368035,33.58905],[134.368039,33.589075],[134.368044,33.589111],[134.368044,33.589131],[134.368043,33.589176],[134.368038,33.589219],[134.368031,33.58925],[134.368023,33.58928],[134.368001,33.589368],[134.367984,33.589417],[134.367973,33.589437],[134.367949,33.589474],[134.367921,33.589501]]]},"properties":{"S_NAME":"鞆浦","HCODE":8101}},{"type":"Feature","geometry":{"type":"Polygon","coordinates":[[[134.36099,33.596542],[134.360857,33.596701],[134.360791,33.596792],[134.360673,33.596953],[134.360545,33.597117],[134.360507,33.597164],[134.35999,33.597944],[134.359887,33.598148],[134.359812,33.598286],[134.359678,33.598542],[134.359618,33.59865],[134.359533,33.59874],[134.359479,33.598772],[134.35943,33.598809],[134.359397,33.598789],[134.359275,33.598313],[134.35946,33.598262],[134.359525,33.598234],[134.359546,33.59817],[134.359534,33.598043],[134.359461,33.597838],[134.359346,33.597766],[134.359226,33.597739],[134.359044,33.597749],[134.358939,33.597631],[134.358771,33.597441],[134.358605,33.597315],[134.358371,33.597207],[134.358121,33.597134],[134.357795,33.597088],[134.357391,33.597051],[134.35678,33.597008],[134.356624,33.596984],[134.35613,33.596916],[134.35589,33.596871],[134.355805,33.596863],[134.355528,33.596911],[134.355356,33.596949],[134.355289,33.596969],[134.355058,33.59701],[134.354313,33.597164],[134.353852,33.597254],[134.353429,33.597376],[134.352852,33.597571],[134.352549,33.597685],[134.352225,33.597802],[134.352188,33.597815],[134.351775,33.597999],[134.351562,33.598086],[134.35123,33.598225],[134.350625,33.598488],[134.35031,33.598642],[134.350002,33.598801],[134.349937,33.598834],[134.349625,33.597748],[134.349557,33.597358],[134.349549,33.597121],[134.349516,33.596955],[134.349514,33.596815],[134.349567,33.596433],[134.349611,33.596223],[134.349653,33.595968],[134.349679,33.595761],[134.3497,33.59554],[134.349704,33.595285],[134.349713,33.595062],[134.349723,33.595011],[134.349707,33.594865],[134.349689,33.594802],[134.349662,33.594677],[134.349636,33.594502],[134.349654,33.594265],[134.349591,33.593992],[134.349532,33.593684],[134.349489,33.593454],[134.349318,33.592805],[134.349119,33.592172],[134.348854,33.59161],[134.348545,33.59112],[134.347883,33.590365],[134.347337,33.589963],[134.347068,33.589814],[134.347007,33.589776],[134.346878,33.589703],[134.34665,33.589608],[134.346403,33.589534],[134.346068,33.589395],[134.345939,33.589317],[134.345878,33.589304],[134.345705,33.589357],[134.345506,33.589401],[134.344961,33.589494],[134.344649,33.58956],[134.344646,33.588745],[134.344647,33.588637],[134.344647,33.588521],[134.344632,33.588252],[134.344598,33.587942],[134.344533,33.587634],[134.344486,33.58737],[134.344403,33.586997],[134.344367,33.586822],[134.344314,33.586544],[134.344266,33.586266],[134.344082,33.585659],[134.344008,33.585448],[134.343916,33.585191],[134.344036,33.585181],[134.344075,33.585031],[134.344083,33.585026],[134.344087,33.585024],[134.344091,33.585023],[134.344101,33.585021],[134.344111,33.585022],[134.34412,33.585024],[134.344128,33.585029],[134.344134,33.585035],[134.344139,33.585042],[134.344085,33.585247],[134.34433,33.585272],[134.344335,33.585255],[134.34434,33.585237],[134.344345,33.585215],[134.344348,33.585188],[134.344355,33.585081],[134.345042,33.585045],[134.345764,33.585012],[134.345859,33.585008],[134.345872,33.585163],[134.345941,33.585156],[134.345946,33.585155],[134.345955,33.585154],[134.345964,33.585151],[134.345968,33.585149],[134.345971,33.585147],[134.345979,33.585142],[134.345985,33.585137],[134.345987,33.585134],[134.346001,33.58512],[134.346018,33.585099],[134.346039,33.585074],[134.346063,33.585048],[134.34609,33.585025],[134.346103,33.585015],[134.34613,33.585007],[134.346158,33.585011],[134.346185,33.585025],[134.346214,33.585044],[134.346241,33.585063],[134.346268,33.585083],[134.346296,33.585102],[134.346323,33.585118],[134.346351,33.585132],[134.346431,33.585165],[134.346431,33.585158],[134.346423,33.58495],[134.34645,33.584949],[134.34646,33.585229],[134.346485,33.585236],[134.346515,33.585245],[134.346543,33.585257],[134.346569,33.585271],[134.346593,33.585288],[134.346622,33.585303],[134.346641,33.585309],[134.346663,33.585314],[134.346717,33.585316],[134.346782,33.585312],[134.346848,33.585305],[134.346912,33.585298],[134.346969,33.585292],[134.347022,33.585286],[134.347071,33.585282],[134.347119,33.585278],[134.347168,33.585274],[134.34722,33.585271],[134.347276,33.585266],[134.347334,33.585264],[134.347389,33.585269],[134.347414,33.585276],[134.347435,33.585288],[134.347453,33.585303],[134.347468,33.585321],[134.347491,33.585365],[134.347508,33.58541],[134.347522,33.585447],[134.347538,33.585476],[134.347562,33.585508],[134.347684,33.585616],[134.347716,33.585619],[134.347878,33.585625],[134.348151,33.585636],[134.348309,33.585649],[134.348448,33.585678],[134.348663,33.585727],[134.348824,33.585781],[134.348923,33.585815],[134.349121,33.585885],[134.349297,33.585922],[134.349506,33.58597],[134.349684,33.586028],[134.349798,33.586024],[134.35011,33.586134],[134.35015,33.586124],[134.350249,33.586095],[134.350519,33.586024],[134.350746,33.585996],[134.350985,33.585988],[134.35128,33.585999],[134.351628,33.586042],[134.35209,33.586112],[134.352326,33.586171],[134.352565,33.586217],[134.352779,33.586287],[134.352951,33.586355],[134.353231,33.586425],[134.353439,33.586486],[134.353609,33.586553],[134.353742,33.586599],[134.353901,33.58665],[134.354058,33.586709],[134.354128,33.586735],[134.354183,33.58676],[134.354226,33.586783],[134.354307,33.587372],[134.35436,33.587653],[134.354447,33.588073],[134.354577,33.588587],[134.354732,33.588947],[134.354937,33.589361],[134.354986,33.589458],[134.354706,33.590028],[134.354613,33.590366],[134.354574,33.59056],[134.354552,33.590753],[134.354561,33.590929],[134.354633,33.591155],[134.354962,33.591934],[134.355125,33.592218],[134.355289,33.592552],[134.355436,33.592787],[134.355476,33.592848],[134.355512,33.592922],[134.355607,33.592918],[134.355797,33.592904],[134.355928,33.592899],[134.356149,33.592914],[134.356173,33.592906],[134.35622,33.592858],[134.356262,33.592762],[134.356296,33.59269],[134.356351,33.592624],[134.356408,33.592575],[134.356656,33.592545],[134.356962,33.592589],[134.357289,33.592632],[134.35746,33.592692],[134.357643,33.592777],[134.357818,33.592882],[134.357901,33.592921],[134.358035,33.592949],[134.358213,33.592954],[134.358458,33.592952],[134.358663,33.59295],[134.358627,33.59304],[134.35842,33.59362],[134.358207,33.594309],[134.359035,33.595131],[134.359383,33.595477],[134.36099,33.596542]]]},"properties":{"S_NAME":"奥浦","HCODE":8101}},{"type":"Feature","geometry":{"type":"Polygon","coordinates":[[[134.330743,33.64881],[134.330688,33.64882],[134.330628,33.64883],[134.330567,33.648841],[134.330506,33.648854],[134.330446,33.648868],[134.330386,33.648882],[134.330328,33.648894],[134.330273,33.648904],[134.330225,33.648912],[134.330221,33.648913],[134.330183,33.648917],[134.330147,33.648918],[134.330115,33.648917],[134.330082,33.648913],[134.330044,33.648907],[134.330002,33.648898],[134.329956,33.648887],[134.329909,33.648874],[134.329859,33.648859],[134.329808,33.648845],[134.329757,33.648835],[134.329707,33.648828],[134.329661,33.648826],[134.329622,33.648827],[134.329592,33.648831],[134.329571,33.648836],[134.329554,33.648841],[134.329534,33.648848],[134.329509,33.648852],[134.329476,33.648859],[134.329438,33.648867],[134.329392,33.648879],[134.32934,33.648896],[134.32928,33.648915],[134.329209,33.648937],[134.329126,33.64896],[134.32904,33.648982],[134.328958,33.649],[134.328888,33.649014],[134.328833,33.649022],[134.32879,33.649022],[134.328757,33.649015],[134.328727,33.649],[134.328701,33.648981],[134.32868,33.648958],[134.328659,33.648936],[134.328638,33.648914],[134.328615,33.64889],[134.328586,33.648863],[134.328548,33.64883],[134.328505,33.648793],[134.32846,33.648754],[134.328413,33.648716],[134.328367,33.648677],[134.328321,33.648638],[134.328271,33.648598],[134.328215,33.648554],[134.328157,33.648508],[134.328094,33.648461],[134.328027,33.648412],[134.327959,33.648362],[134.327889,33.648312],[134.327818,33.648262],[134.327746,33.648212],[134.327679,33.648167],[134.327615,33.648127],[134.32756,33.648094],[134.32751,33.648069],[134.327464,33.648048],[134.32742,33.64803],[134.327374,33.648009],[134.327324,33.64799],[134.327273,33.647969],[134.327219,33.647948],[134.327163,33.647927],[134.327105,33.647903],[134.327046,33.647875],[134.326985,33.647843],[134.326924,33.647805],[134.326867,33.647767],[134.326812,33.647728],[134.32676,33.647692],[134.32671,33.647658],[134.326658,33.647628],[134.326603,33.647603],[134.32655,33.647581],[134.326501,33.647558],[134.326463,33.647531],[134.326436,33.647497],[134.326422,33.647469],[134.326417,33.647462],[134.326404,33.647429],[134.326392,33.647398],[134.326382,33.647368],[134.326371,33.647334],[134.326357,33.647292],[134.326339,33.647242],[134.326322,33.647187],[134.326309,33.647129],[134.326298,33.647071],[134.32629,33.647012],[134.326282,33.646952],[134.326271,33.646889],[134.326256,33.646823],[134.326239,33.646757],[134.326225,33.646694],[134.326211,33.646634],[134.326202,33.646578],[134.326199,33.646526],[134.326204,33.646476],[134.326216,33.646429],[134.326231,33.646383],[134.32625,33.646339],[134.326267,33.646296],[134.326284,33.646252],[134.326299,33.646207],[134.326312,33.64616],[134.326324,33.64611],[134.326334,33.64606],[134.326344,33.646013],[134.326354,33.64597],[134.326362,33.645928],[134.326369,33.645887],[134.326374,33.645842],[134.326378,33.645796],[134.326382,33.645748],[134.326388,33.645703],[134.326395,33.645663],[134.326404,33.645627],[134.326412,33.645593],[134.326416,33.645561],[134.326416,33.645528],[134.326413,33.645497],[134.326407,33.645466],[134.326397,33.645436],[134.326386,33.645405],[134.326375,33.645383],[134.32637,33.645375],[134.326353,33.645346],[134.326333,33.645315],[134.326314,33.645286],[134.326297,33.645256],[134.326283,33.645226],[134.326274,33.645196],[134.326266,33.645164],[134.32626,33.64513],[134.326257,33.645094],[134.326255,33.645057],[134.326259,33.645022],[134.326267,33.644987],[134.326278,33.644955],[134.326291,33.64492],[134.326303,33.644881],[134.326316,33.644838],[134.326326,33.644794],[134.326335,33.644751],[134.326343,33.644709],[134.326349,33.64467],[134.326354,33.644632],[134.326356,33.644593],[134.326357,33.644551],[134.326356,33.644509],[134.326354,33.644465],[134.326351,33.644417],[134.326346,33.644369],[134.326343,33.644322],[134.326341,33.644277],[134.326341,33.644236],[134.326346,33.644197],[134.326359,33.644161],[134.326378,33.644125],[134.326402,33.64409],[134.326428,33.644055],[134.326451,33.64402],[134.326474,33.643983],[134.326496,33.643944],[134.326522,33.643902],[134.326554,33.643856],[134.326589,33.64381],[134.326623,33.643763],[134.326652,33.64372],[134.326673,33.643682],[134.326688,33.643647],[134.326699,33.643615],[134.326704,33.643584],[134.326706,33.643555],[134.326701,33.643525],[134.326691,33.643492],[134.326675,33.643457],[134.326657,33.643421],[134.326636,33.643386],[134.326614,33.643353],[134.326596,33.643322],[134.326581,33.643291],[134.326573,33.64326],[134.326573,33.643227],[134.326576,33.643195],[134.32658,33.643165],[134.32658,33.643137],[134.326576,33.64311],[134.326568,33.643083],[134.326557,33.643052],[134.326541,33.643019],[134.32652,33.642985],[134.326495,33.642952],[134.326465,33.64292],[134.326434,33.64289],[134.326406,33.64286],[134.326382,33.642828],[134.326365,33.642795],[134.326353,33.642761],[134.326345,33.642728],[134.326339,33.642694],[134.326337,33.642662],[134.326339,33.64263],[134.326343,33.6426],[134.32635,33.642571],[134.326358,33.642539],[134.326369,33.642505],[134.326377,33.642464],[134.326387,33.64242],[134.326399,33.642374],[134.326413,33.642328],[134.326429,33.642282],[134.326445,33.642236],[134.326459,33.642192],[134.326466,33.642149],[134.326468,33.642107],[134.326468,33.642069],[134.326467,33.642032],[134.326462,33.641998],[134.326455,33.641965],[134.326445,33.641931],[134.326429,33.641893],[134.326408,33.641853],[134.326385,33.641815],[134.32636,33.641777],[134.326333,33.641741],[134.326307,33.641706],[134.326281,33.641673],[134.326255,33.641639],[134.326231,33.641605],[134.326211,33.641569],[134.326199,33.64153],[134.326192,33.641489],[134.326193,33.641449],[134.3262,33.641412],[134.32621,33.64138],[134.326223,33.641351],[134.326235,33.641323],[134.326241,33.641296],[134.326243,33.641269],[134.32624,33.641242],[134.326238,33.64122],[134.326233,33.641201],[134.326228,33.641185],[134.326218,33.64117],[134.326202,33.641153],[134.326178,33.641136],[134.326146,33.641116],[134.326107,33.641097],[134.326061,33.641079],[134.32601,33.641062],[134.32596,33.641045],[134.325915,33.64103],[134.325875,33.641015],[134.325839,33.641002],[134.325808,33.640988],[134.325777,33.640975],[134.32575,33.640959],[134.325727,33.640938],[134.325708,33.64091],[134.325689,33.64088],[134.325614,33.640763],[134.325573,33.640707],[134.325549,33.640683],[134.32552,33.640663],[134.325488,33.640649],[134.325448,33.64064],[134.325404,33.640637],[134.325359,33.640638],[134.325312,33.640643],[134.325223,33.640658],[134.325137,33.640674],[134.325053,33.640679],[134.325009,33.640674],[134.324964,33.640665],[134.324921,33.640653],[134.324841,33.640622],[134.324774,33.640584],[134.324719,33.640544],[134.324663,33.640499],[134.324604,33.640457],[134.324574,33.640441],[134.324543,33.640431],[134.324512,33.640425],[134.324481,33.640426],[134.324449,33.640432],[134.324382,33.640452],[134.324308,33.640473],[134.324236,33.640487],[134.324202,33.640487],[134.324171,33.640481],[134.324143,33.64047],[134.324118,33.640456],[134.324077,33.640422],[134.324043,33.640388],[134.324004,33.640354],[134.323979,33.640338],[134.323908,33.640302],[134.323822,33.640263],[134.323727,33.640221],[134.323634,33.64018],[134.32359,33.640166],[134.323548,33.640159],[134.323508,33.640159],[134.323472,33.640166],[134.323437,33.640178],[134.323406,33.640194],[134.32335,33.640225],[134.3233,33.640251],[134.323248,33.640273],[134.323218,33.640282],[134.323154,33.640295],[134.323083,33.640305],[134.323005,33.64031],[134.322926,33.640308],[134.322889,33.640303],[134.322851,33.640293],[134.322814,33.640281],[134.322778,33.640265],[134.322712,33.640223],[134.322649,33.640169],[134.322592,33.64011],[134.322568,33.640081],[134.322542,33.640051],[134.322499,33.63999],[134.322459,33.639919],[134.322419,33.639831],[134.322384,33.639734],[134.322355,33.639636],[134.322328,33.639544],[134.322298,33.639464],[134.322279,33.639429],[134.322256,33.639396],[134.322202,33.639333],[134.322138,33.63926],[134.322069,33.639178],[134.322042,33.639131],[134.322026,33.639098],[134.322008,33.639039],[134.321994,33.638975],[134.321974,33.638906],[134.321958,33.63887],[134.321936,33.638834],[134.321905,33.638797],[134.32187,33.638761],[134.321831,33.638724],[134.321745,33.638651],[134.321664,33.638578],[134.321594,33.638507],[134.321536,33.638436],[134.321483,33.638367],[134.321428,33.638298],[134.321372,33.638232],[134.321369,33.638229],[134.321341,33.638202],[134.32128,33.638144],[134.321216,33.638096],[134.321152,33.638054],[134.321092,33.638011],[134.321066,33.637987],[134.321042,33.63796],[134.32102,33.637929],[134.321002,33.637895],[134.320986,33.637858],[134.320959,33.63778],[134.320937,33.637703],[134.320916,33.637629],[134.320895,33.637559],[134.320871,33.637491],[134.320842,33.637421],[134.320807,33.637351],[134.320767,33.637283],[134.320727,33.637221],[134.320683,33.637165],[134.32064,33.637112],[134.320594,33.637058],[134.320547,33.636998],[134.320499,33.636932],[134.32045,33.636866],[134.320402,33.636805],[134.320353,33.636751],[134.320304,33.636706],[134.320257,33.636663],[134.320211,33.636625],[134.320168,33.636587],[134.320132,33.636551],[134.320105,33.636517],[134.320087,33.636482],[134.320079,33.63645],[134.320077,33.636417],[134.320077,33.63641],[134.320078,33.636382],[134.320078,33.636344],[134.320078,33.636304],[134.320077,33.63626],[134.32007,33.636211],[134.320057,33.636161],[134.320037,33.636111],[134.320006,33.636065],[134.319968,33.636021],[134.31993,33.635977],[134.319916,33.635953],[134.319906,33.635928],[134.319901,33.635901],[134.319901,33.635843],[134.319913,33.635779],[134.31993,33.635714],[134.319945,33.635647],[134.319957,33.635581],[134.319964,33.635518],[134.319967,33.635458],[134.319964,33.635403],[134.319955,33.635353],[134.319939,33.635305],[134.319916,33.63526],[134.319887,33.635217],[134.319846,33.635176],[134.319795,33.635136],[134.319732,33.635094],[134.319663,33.635053],[134.319625,33.635029],[134.319589,33.635007],[134.319512,33.634957],[134.319436,33.634908],[134.319365,33.634865],[134.319299,33.634832],[134.31924,33.634809],[134.319192,33.634789],[134.319152,33.634763],[134.319134,33.634745],[134.319108,33.634704],[134.319091,33.634654],[134.319087,33.634628],[134.319085,33.634577],[134.319088,33.634526],[134.319086,33.634477],[134.319081,33.634453],[134.319071,33.634431],[134.319054,33.634408],[134.319035,33.634387],[134.318985,33.634348],[134.318928,33.634315],[134.318876,33.634291],[134.318831,33.634274],[134.318789,33.634255],[134.318768,33.634243],[134.318749,33.63423],[134.318704,33.63419],[134.318657,33.63414],[134.318607,33.634086],[134.318551,33.63403],[134.31849,33.633978],[134.318429,33.633932],[134.318373,33.633899],[134.318322,33.633879],[134.318276,33.633868],[134.31823,33.633861],[134.318178,33.633851],[134.318121,33.633835],[134.31806,33.633815],[134.318,33.633794],[134.317939,33.633771],[134.317883,33.633746],[134.31783,33.633716],[134.317782,33.633678],[134.317736,33.633634],[134.317696,33.633591],[134.317691,33.633585],[134.317638,33.633539],[134.317577,33.633495],[134.317509,33.633457],[134.317439,33.633425],[134.317371,33.633399],[134.317306,33.633379],[134.317244,33.633366],[134.317187,33.63336],[134.317132,33.633357],[134.317077,33.633362],[134.317022,33.633372],[134.316994,33.633382],[134.316933,33.633404],[134.31687,33.633431],[134.316808,33.633463],[134.316748,33.633497],[134.316689,33.633532],[134.316628,33.63357],[134.31656,33.63361],[134.316483,33.633652],[134.316402,33.633694],[134.316325,33.633733],[134.316261,33.633767],[134.316207,33.633796],[134.316161,33.633829],[134.316114,33.633871],[134.316062,33.633926],[134.316006,33.633992],[134.31595,33.634062],[134.315897,33.634131],[134.315846,33.634195],[134.315795,33.634256],[134.315747,33.634313],[134.315694,33.634367],[134.315641,33.634418],[134.315584,33.63447],[134.315524,33.634524],[134.315462,33.634576],[134.315399,33.634623],[134.315339,33.634659],[134.31531,33.634671],[134.315253,33.634688],[134.315196,33.634696],[134.315134,33.634704],[134.315061,33.634713],[134.314982,33.634726],[134.314896,33.63474],[134.314805,33.634756],[134.314714,33.634773],[134.314629,33.634795],[134.31459,33.634809],[134.314557,33.634826],[134.314527,33.634844],[134.314501,33.634866],[134.314478,33.63489],[134.314433,33.634946],[134.314381,33.635009],[134.314313,33.635079],[134.314272,33.635114],[134.314184,33.635184],[134.314088,33.635247],[134.314037,33.635274],[134.313986,33.635298],[134.313935,33.635318],[134.313921,33.635322],[134.313835,33.635349],[134.313742,33.635368],[134.313657,33.635375],[134.31358,33.635372],[134.313544,33.635368],[134.313472,33.635359],[134.3134,33.635346],[134.313326,33.635332],[134.313245,33.635315],[134.313156,33.635296],[134.31306,33.635277],[134.312958,33.635266],[134.312907,33.635264],[134.312856,33.635266],[134.312804,33.635272],[134.312754,33.635282],[134.312705,33.635295],[134.312658,33.635311],[134.312581,33.635339],[134.312501,33.635382],[134.312445,33.635418],[134.312397,33.635454],[134.312358,33.635495],[134.312343,33.635512],[134.312321,33.63554],[134.312287,33.635592],[134.312256,33.635648],[134.312231,33.635708],[134.312208,33.635769],[134.312193,33.635808],[134.312188,33.635823],[134.312184,33.635831],[134.312156,33.635893],[134.312119,33.635953],[134.312075,33.636013],[134.312028,33.636076],[134.311978,33.636142],[134.311926,33.636213],[134.311868,33.636288],[134.311801,33.636368],[134.311763,33.636409],[134.311709,33.636465],[134.311683,33.636492],[134.3116,33.636573],[134.311522,33.636648],[134.311452,33.636714],[134.311388,33.636773],[134.311325,33.636827],[134.311258,33.636881],[134.311186,33.636934],[134.311111,33.636985],[134.311038,33.637038],[134.310969,33.637089],[134.310902,33.637139],[134.310839,33.637187],[134.310776,33.637233],[134.310713,33.637277],[134.310647,33.637319],[134.310579,33.637363],[134.310506,33.637406],[134.310431,33.637448],[134.310358,33.637487],[134.310289,33.637519],[134.310225,33.637546],[134.310163,33.637566],[134.310105,33.637581],[134.310047,33.63759],[134.309989,33.637595],[134.30993,33.637595],[134.309869,33.637589],[134.309818,33.637579],[134.309806,33.637576],[134.30974,33.637561],[134.30967,33.637541],[134.309595,33.637518],[134.309525,33.637494],[134.309468,33.63747],[134.309429,33.637447],[134.309397,33.637423],[134.309387,33.637413],[134.309358,33.637386],[134.309291,33.637322],[134.30924,33.637284],[134.309166,33.637227],[134.309069,33.637149],[134.308948,33.637047],[134.308838,33.63695],[134.30872,33.636829],[134.3086,33.636694],[134.308502,33.636576],[134.308448,33.636516],[134.308423,33.636486],[134.308393,33.63645],[134.308328,33.63637],[134.308259,33.636277],[134.308189,33.636181],[134.308129,33.636092],[134.30808,33.636013],[134.308042,33.635941],[134.308005,33.635871],[134.307962,33.635796],[134.307913,33.635714],[134.307861,33.635629],[134.307815,33.635546],[134.307777,33.635465],[134.30776,33.635426],[134.307746,33.635392],[134.307721,33.635327],[134.307699,33.635275],[134.307679,33.635232],[134.307657,33.635189],[134.307632,33.635139],[134.307603,33.635075],[134.307569,33.635001],[134.307532,33.634922],[134.307495,33.634843],[134.307459,33.634765],[134.307424,33.634693],[134.307396,33.634626],[134.307374,33.634563],[134.30736,33.634502],[134.307355,33.634436],[134.307358,33.634362],[134.307367,33.63428],[134.307379,33.6342],[134.307391,33.634132],[134.307399,33.634079],[134.307407,33.634031],[134.307419,33.633974],[134.307439,33.633895],[134.307465,33.633793],[134.307492,33.63368],[134.307514,33.633573],[134.307521,33.633523],[134.307531,33.633431],[134.307536,33.633334],[134.307537,33.633218],[134.307537,33.633071],[134.307537,33.632898],[134.307541,33.632706],[134.307547,33.632503],[134.307559,33.632294],[134.307572,33.63208],[134.307578,33.631984],[134.307592,33.631836],[134.307612,33.631635],[134.307628,33.631479],[134.307645,33.631371],[134.307665,33.631287],[134.307696,33.631206],[134.307715,33.631165],[134.307738,33.631124],[134.307793,33.631046],[134.30786,33.630968],[134.30793,33.630891],[134.307933,33.630887],[134.307999,33.630813],[134.308014,33.630796],[134.308067,33.630732],[134.308139,33.630644],[134.308212,33.630551],[134.308286,33.630456],[134.308357,33.630362],[134.308426,33.630259],[134.308459,33.6302],[134.30849,33.630134],[134.308548,33.629984],[134.308577,33.629893],[134.308603,33.629812],[134.308654,33.629623],[134.3087,33.629424],[134.308718,33.629325],[134.308744,33.629128],[134.308762,33.628944],[134.308774,33.628816],[134.308777,33.628783],[134.308792,33.628645],[134.308803,33.628521],[134.308806,33.62844],[134.308808,33.6284],[134.308807,33.628368],[134.308806,33.628338],[134.308792,33.628203],[134.308778,33.628128],[134.308739,33.62797],[134.308713,33.627892],[134.308686,33.627818],[134.308654,33.627749],[134.30862,33.627683],[134.308581,33.62762],[134.308549,33.627573],[134.308489,33.627487],[134.308476,33.62747],[134.308374,33.627336],[134.308258,33.627185],[134.308163,33.627058],[134.308092,33.626955],[134.30803,33.626856],[134.30796,33.626745],[134.307883,33.626628],[134.307801,33.626517],[134.307714,33.626417],[134.307637,33.626333],[134.307572,33.626262],[134.30752,33.626205],[134.307477,33.626155],[134.307442,33.626114],[134.307414,33.626079],[134.30739,33.62605],[134.307383,33.626036],[134.307381,33.626023],[134.307385,33.62601],[134.307395,33.625995],[134.307412,33.625981],[134.307466,33.625945],[134.307546,33.6259],[134.307639,33.625848],[134.307725,33.625807],[134.307758,33.625793],[134.307811,33.625776],[134.307854,33.62576],[134.307895,33.62573],[134.307914,33.625709],[134.307931,33.625685],[134.307946,33.625658],[134.307956,33.625627],[134.307963,33.625592],[134.307967,33.625553],[134.307967,33.625508],[134.307962,33.625458],[134.307939,33.625334],[134.307913,33.625186],[134.307903,33.625102],[134.307895,33.625012],[134.307889,33.624821],[134.30789,33.624623],[134.307889,33.624427],[134.30789,33.624237],[134.307898,33.624052],[134.307912,33.623884],[134.307928,33.623749],[134.307939,33.623659],[134.307944,33.623598],[134.307942,33.623544],[134.307929,33.623486],[134.30792,33.623458],[134.307909,33.623438],[134.307906,33.623432],[134.307869,33.623383],[134.307826,33.623339],[134.307779,33.623295],[134.307735,33.62325],[134.307701,33.623202],[134.307674,33.623146],[134.307653,33.623086],[134.307633,33.623023],[134.307916,33.622751],[134.308441,33.622586],[134.309044,33.622541],[134.310178,33.62236],[134.310967,33.622239],[134.312019,33.622093],[134.313542,33.62192],[134.31494,33.621703],[134.315675,33.621614],[134.316683,33.621576],[134.317728,33.621538],[134.31896,33.62153],[134.319632,33.621526],[134.320415,33.621427],[134.321388,33.621289],[134.322116,33.621204],[134.323203,33.62118],[134.324183,33.621058],[134.325264,33.620864],[134.326798,33.620518],[134.326825,33.620564],[134.326852,33.620603],[134.326885,33.620643],[134.32696,33.620715],[134.327002,33.62075],[134.327068,33.620799],[134.327095,33.620818],[134.327194,33.62088],[134.327278,33.620927],[134.327351,33.620966],[134.327428,33.62101],[134.327493,33.621051],[134.32752,33.621074],[134.327541,33.621098],[134.327551,33.621124],[134.327549,33.621141],[134.327547,33.621152],[134.327532,33.62118],[134.327509,33.62121],[134.327453,33.621269],[134.327407,33.62132],[134.327368,33.621372],[134.327322,33.62144],[134.327267,33.621526],[134.327212,33.621614],[134.327144,33.62172],[134.327078,33.621827],[134.327048,33.621883],[134.326985,33.622006],[134.326926,33.622132],[134.326869,33.622254],[134.32681,33.622371],[134.326746,33.622486],[134.326706,33.62255],[134.326664,33.622615],[134.326607,33.622711],[134.326554,33.62281],[134.326547,33.622842],[134.326547,33.622867],[134.32663,33.623035],[134.326676,33.623122],[134.326746,33.623244],[134.326837,33.623399],[134.326925,33.623547],[134.326933,33.62356],[134.327016,33.623703],[134.327086,33.623823],[134.327145,33.623917],[134.327192,33.623992],[134.327208,33.624028],[134.32722,33.624066],[134.327226,33.624105],[134.327227,33.624147],[134.32722,33.624234],[134.327203,33.62432],[134.327184,33.624404],[134.327169,33.624485],[134.327162,33.624561],[134.327167,33.624633],[134.327183,33.624694],[134.327188,33.624703],[134.32721,33.624747],[134.327243,33.624801],[134.32728,33.624862],[134.327314,33.624926],[134.327339,33.624984],[134.327358,33.625041],[134.327375,33.625104],[134.327394,33.625179],[134.327415,33.625256],[134.327438,33.62532],[134.327463,33.625372],[134.327493,33.62543],[134.327527,33.625506],[134.327558,33.625588],[134.327568,33.625628],[134.327572,33.625695],[134.32756,33.625756],[134.327539,33.625825],[134.327515,33.625904],[134.327495,33.625986],[134.327483,33.626062],[134.32748,33.626136],[134.327484,33.626174],[134.327495,33.62625],[134.32751,33.626328],[134.327524,33.62641],[134.32753,33.62649],[134.327526,33.626558],[134.327519,33.626584],[134.327496,33.626627],[134.327463,33.626671],[134.327424,33.626725],[134.327373,33.626802],[134.327334,33.626865],[134.327313,33.626907],[134.327292,33.626955],[134.327274,33.627005],[134.327263,33.627054],[134.327258,33.6271],[134.327258,33.627146],[134.32726,33.627194],[134.327257,33.627248],[134.327253,33.627304],[134.327251,33.627345],[134.32725,33.627356],[134.327247,33.627402],[134.327243,33.627444],[134.327237,33.627484],[134.327224,33.627522],[134.327207,33.62756],[134.327189,33.627598],[134.327169,33.627634],[134.327148,33.627675],[134.327125,33.627726],[134.327095,33.627787],[134.327054,33.627874],[134.327027,33.627932],[134.326996,33.628002],[134.326969,33.628073],[134.326958,33.628116],[134.326953,33.628162],[134.326953,33.628212],[134.326966,33.628316],[134.326978,33.628364],[134.326993,33.628408],[134.32701,33.628445],[134.327029,33.628476],[134.327072,33.628531],[134.327126,33.628586],[134.327193,33.628651],[134.327279,33.628729],[134.327383,33.62882],[134.327496,33.62892],[134.327601,33.629025],[134.327688,33.629125],[134.327759,33.629208],[134.327812,33.629268],[134.327856,33.629318],[134.327894,33.629378],[134.327932,33.629454],[134.327967,33.629539],[134.327998,33.629628],[134.328029,33.629719],[134.328064,33.629807],[134.3281,33.62989],[134.328125,33.629958],[134.32813,33.629984],[134.32813,33.630005],[134.328126,33.630025],[134.328113,33.630065],[134.328095,33.630112],[134.328075,33.630171],[134.32805,33.630242],[134.32802,33.630322],[134.327988,33.630399],[134.327956,33.630466],[134.327945,33.630502],[134.327939,33.630543],[134.327939,33.630592],[134.327946,33.630649],[134.327962,33.630713],[134.327983,33.63078],[134.328011,33.630844],[134.328045,33.630902],[134.328082,33.63095],[134.328123,33.630991],[134.328168,33.631028],[134.328264,33.631105],[134.328365,33.6312],[134.328476,33.631302],[134.328536,33.63135],[134.328599,33.631391],[134.328665,33.631427],[134.328808,33.63149],[134.328885,33.63152],[134.329045,33.631578],[134.329218,33.631642],[134.329405,33.631716],[134.329605,33.6318],[134.32969,33.631837],[134.329781,33.631881],[134.329835,33.631912],[134.329883,33.631943],[134.329923,33.631976],[134.329952,33.63201],[134.329973,33.632047],[134.329989,33.632088],[134.330008,33.632185],[134.330022,33.632303],[134.330034,33.632431],[134.330042,33.632553],[134.330051,33.632664],[134.33006,33.632716],[134.330065,33.632733],[134.330074,33.632767],[134.330093,33.632817],[134.33014,33.632916],[134.330186,33.633022],[134.330219,33.633138],[134.330247,33.633263],[134.330284,33.633391],[134.330334,33.633516],[134.330364,33.633577],[134.330396,33.633635],[134.330458,33.633745],[134.330484,33.633799],[134.330501,33.633854],[134.33051,33.633912],[134.330505,33.633974],[134.330479,33.634103],[134.330472,33.634167],[134.330476,33.63423],[134.330495,33.634288],[134.330528,33.634344],[134.33057,33.634397],[134.330667,33.634496],[134.330756,33.634586],[134.330842,33.634676],[134.330934,33.634768],[134.331033,33.634863],[134.331138,33.634956],[134.331244,33.635041],[134.33135,33.635118],[134.331454,33.63519],[134.331547,33.635259],[134.331585,33.635294],[134.331613,33.635331],[134.331619,33.635347],[134.33163,33.635369],[134.331638,33.63541],[134.33164,33.635452],[134.331636,33.635495],[134.331619,33.635585],[134.331595,33.635678],[134.331566,33.635772],[134.331536,33.635863],[134.331526,33.635906],[134.331522,33.635949],[134.331528,33.635989],[134.331542,33.636027],[134.331566,33.636064],[134.331597,33.636099],[134.331667,33.636166],[134.331737,33.63623],[134.331816,33.636288],[134.331863,33.636315],[134.331896,33.63633],[134.331915,33.636338],[134.331973,33.636358],[134.332103,33.636394],[134.332243,33.636423],[134.332312,33.63644],[134.332379,33.636459],[134.33244,33.636483],[134.332493,33.636515],[134.332535,33.636555],[134.332572,33.636602],[134.332602,33.636653],[134.332661,33.636762],[134.332694,33.636814],[134.332731,33.636865],[134.332818,33.636965],[134.33292,33.637068],[134.333034,33.637177],[134.333152,33.637292],[134.333263,33.637409],[134.333317,33.637472],[134.333423,33.637607],[134.333527,33.637758],[134.333576,33.637837],[134.333672,33.637996],[134.333754,33.638146],[134.333824,33.638286],[134.333882,33.63842],[134.333928,33.638549],[134.333973,33.638678],[134.334022,33.63881],[134.334052,33.638876],[134.334087,33.638941],[134.33413,33.639002],[134.334178,33.639058],[134.334231,33.639112],[134.334337,33.639211],[134.334381,33.639259],[134.334416,33.639305],[134.334443,33.639349],[134.334465,33.639394],[134.334508,33.639482],[134.334559,33.63957],[134.33462,33.639651],[134.334688,33.639725],[134.334761,33.639788],[134.334849,33.639851],[134.33495,33.639915],[134.335052,33.63998],[134.335141,33.640041],[134.335213,33.640099],[134.335281,33.640161],[134.335322,33.640199],[134.335352,33.640231],[134.335384,33.640267],[134.335409,33.640305],[134.335422,33.640331],[134.335427,33.640342],[134.335432,33.640377],[134.33543,33.640412],[134.335411,33.640483],[134.335391,33.640557],[134.335378,33.640638],[134.335345,33.640815],[134.335323,33.640923],[134.335315,33.640957],[134.335306,33.640988],[134.335293,33.64102],[134.335276,33.641054],[134.335254,33.641093],[134.335227,33.641131],[134.335196,33.641167],[134.33516,33.641197],[134.335122,33.641224],[134.335083,33.641247],[134.335045,33.641269],[134.335009,33.641289],[134.334969,33.641311],[134.334925,33.641334],[134.334873,33.641359],[134.334816,33.641386],[134.334757,33.641417],[134.334698,33.641452],[134.334641,33.641489],[134.334589,33.641526],[134.334543,33.64156],[134.334502,33.641587],[134.334465,33.64161],[134.334431,33.641629],[134.334396,33.641648],[134.334358,33.641666],[134.334322,33.641687],[134.334288,33.641712],[134.334258,33.64174],[134.334229,33.641771],[134.334202,33.641803],[134.334175,33.641837],[134.334148,33.64187],[134.334118,33.641903],[134.334086,33.641939],[134.334051,33.641976],[134.334016,33.642016],[134.333983,33.642058],[134.333955,33.642102],[134.333933,33.642146],[134.333916,33.642193],[134.333906,33.642243],[134.333899,33.642294],[134.333897,33.642347],[134.333898,33.642401],[134.333902,33.642451],[134.333907,33.642501],[134.33391,33.642552],[134.333906,33.64261],[134.333894,33.642674],[134.333877,33.642744],[134.333859,33.642816],[134.333843,33.642884],[134.333832,33.642948],[134.333826,33.643008],[134.333827,33.643065],[134.333834,33.643118],[134.333848,33.643168],[134.333865,33.643215],[134.333887,33.64326],[134.33391,33.6433],[134.333932,33.643338],[134.333953,33.643373],[134.333969,33.643405],[134.33398,33.643434],[134.333986,33.643465],[134.333991,33.643497],[134.333993,33.643535],[134.333989,33.643579],[134.333981,33.643635],[134.333966,33.643702],[134.333947,33.643776],[134.333925,33.643851],[134.333904,33.643923],[134.333882,33.643988],[134.333859,33.644048],[134.333837,33.644108],[134.333814,33.644167],[134.333789,33.644225],[134.333764,33.644282],[134.333735,33.644335],[134.333704,33.644385],[134.333672,33.644435],[134.333641,33.644491],[134.333609,33.644553],[134.333581,33.64462],[134.333557,33.644687],[134.333541,33.644752],[134.333531,33.644812],[134.333525,33.644869],[134.333522,33.644925],[134.333517,33.644979],[134.333512,33.645035],[134.333502,33.645095],[134.333486,33.645164],[134.333466,33.645238],[134.333442,33.645313],[134.333433,33.645336],[134.333415,33.645383],[134.333388,33.645442],[134.333359,33.645493],[134.333326,33.645541],[134.333289,33.645592],[134.333248,33.645645],[134.333204,33.645703],[134.33316,33.645763],[134.333119,33.645826],[134.333081,33.645889],[134.333049,33.645947],[134.333025,33.645998],[134.333006,33.646041],[134.332993,33.646082],[134.332984,33.646125],[134.332976,33.646173],[134.332971,33.646224],[134.332968,33.646277],[134.332968,33.646327],[134.332969,33.646376],[134.332967,33.646422],[134.332959,33.646468],[134.332951,33.64649],[134.332926,33.646537],[134.332892,33.646586],[134.332853,33.646637],[134.332806,33.646692],[134.332756,33.646749],[134.332701,33.646808],[134.332646,33.646865],[134.33259,33.646921],[134.332536,33.646976],[134.332486,33.64703],[134.332439,33.647082],[134.3324,33.647131],[134.332367,33.647177],[134.332344,33.64722],[134.33233,33.647259],[134.332322,33.647295],[134.332319,33.647329],[134.332318,33.647359],[134.332316,33.64739],[134.332312,33.647421],[134.332306,33.647452],[134.332295,33.647487],[134.332278,33.647525],[134.332257,33.647567],[134.332228,33.647613],[134.332194,33.647664],[134.332158,33.647717],[134.332121,33.647772],[134.332083,33.647828],[134.332043,33.647886],[134.332002,33.647948],[134.331956,33.648011],[134.331909,33.648075],[134.331864,33.648135],[134.331821,33.648186],[134.331784,33.648228],[134.331746,33.64826],[134.331708,33.648286],[134.331665,33.648304],[134.33162,33.648319],[134.331575,33.648328],[134.33153,33.648334],[134.331488,33.648338],[134.331444,33.648341],[134.331399,33.648346],[134.331348,33.648351],[134.331298,33.64836],[134.331249,33.64837],[134.331205,33.648382],[134.331168,33.648396],[134.331137,33.648411],[134.331109,33.648429],[134.331083,33.648447],[134.33106,33.648468],[134.33104,33.648494],[134.331021,33.648528],[134.331003,33.648566],[134.330986,33.648605],[134.330971,33.648642],[134.330954,33.648672],[134.330937,33.648697],[134.330917,33.648719],[134.330894,33.64874],[134.330866,33.648761],[134.330833,33.648781],[134.330818,33.648788],[134.330792,33.648798],[134.330743,33.64881]]]},"properties":{"S_NAME":"大井","HCODE":8101}},{"type":"Feature","geometry":{"type":"Polygon","coordinates":[[[134.326798,33.620518],[134.325264,33.620864],[134.324183,33.621058],[134.323203,33.62118],[134.322116,33.621204],[134.321388,33.621289],[134.320415,33.621427],[134.319632,33.621526],[134.31896,33.62153],[134.317728,33.621538],[134.316683,33.621576],[134.315675,33.621614],[134.31494,33.621703],[134.313542,33.62192],[134.312019,33.622093],[134.310967,33.622239],[134.310178,33.62236],[134.309044,33.622541],[134.308441,33.622586],[134.307916,33.622751],[134.307633,33.623023],[134.307613,33.622967],[134.307531,33.622734],[134.307493,33.622599],[134.307455,33.62247],[134.307437,33.622408],[134.307416,33.622352],[134.307366,33.622248],[134.307338,33.622202],[134.307306,33.622157],[134.307271,33.622115],[134.307232,33.622072],[134.307166,33.622011],[134.307147,33.621994],[134.307061,33.621921],[134.306982,33.621855],[134.306911,33.621791],[134.306849,33.621726],[134.306821,33.621692],[134.306774,33.621622],[134.306741,33.621551],[134.306719,33.62148],[134.306696,33.621408],[134.306665,33.621333],[134.306621,33.62126],[134.306595,33.621225],[134.306564,33.621191],[134.306496,33.62113],[134.306416,33.621073],[134.306329,33.621021],[134.306234,33.620972],[134.306162,33.620935],[134.306137,33.620923],[134.306035,33.620877],[134.305983,33.620855],[134.305873,33.620824],[134.305816,33.620812],[134.305701,33.620797],[134.305589,33.620772],[134.305489,33.620753],[134.305386,33.620728],[134.305281,33.620699],[134.305181,33.620669],[134.305085,33.620642],[134.304997,33.620621],[134.304915,33.620612],[134.304877,33.620612],[134.30484,33.620616],[134.304803,33.620623],[134.304731,33.620647],[134.304655,33.62068],[134.304569,33.620717],[134.304478,33.620756],[134.304381,33.620798],[134.304281,33.620838],[134.304184,33.620874],[134.30409,33.620899],[134.304045,33.620906],[134.30396,33.620911],[134.303881,33.620907],[134.303866,33.620905],[134.303718,33.620892],[134.30367,33.620884],[134.303626,33.620873],[134.30359,33.62086],[134.303562,33.620842],[134.303539,33.620821],[134.303517,33.620794],[134.303496,33.620766],[134.303993,33.620114],[134.305397,33.618437],[134.307196,33.616497],[134.308205,33.615466],[134.308428,33.615308],[134.308835,33.6149],[134.309711,33.614405],[134.31047,33.614118],[134.311556,33.613845],[134.31233,33.613865],[134.312955,33.613903],[134.313743,33.614002],[134.314732,33.614236],[134.315483,33.614409],[134.316586,33.614683],[134.318213,33.615038],[134.31899,33.615263],[134.319853,33.61532],[134.320402,33.615306],[134.320826,33.61524],[134.321756,33.615124],[134.322652,33.614907],[134.322645,33.61506],[134.322691,33.615903],[134.322732,33.616179],[134.322792,33.616408],[134.322894,33.616622],[134.32296,33.616769],[134.323079,33.617049],[134.323216,33.617314],[134.323264,33.617405],[134.323299,33.617434],[134.323345,33.617466],[134.323401,33.617481],[134.323652,33.617501],[134.323746,33.617515],[134.323808,33.617529],[134.323878,33.617543],[134.323934,33.61757],[134.32401,33.617609],[134.324081,33.617664],[134.324131,33.617723],[134.324195,33.617814],[134.324275,33.617936],[134.324376,33.618055],[134.324494,33.618169],[134.324612,33.618256],[134.324799,33.618395],[134.325005,33.618536],[134.325075,33.618601],[134.325154,33.618692],[134.325212,33.618779],[134.32527,33.618875],[134.32531,33.618961],[134.325328,33.619044],[134.325329,33.619123],[134.325312,33.619206],[134.325298,33.619282],[134.325303,33.619332],[134.325312,33.619376],[134.325345,33.619407],[134.32541,33.619456],[134.325575,33.619565],[134.325616,33.619608],[134.325643,33.619645],[134.325672,33.619691],[134.325743,33.61987],[134.325811,33.620024],[134.325875,33.62011],[134.325931,33.620163],[134.325978,33.620193],[134.326011,33.620207],[134.326072,33.620219],[134.326133,33.620221],[134.326198,33.620216],[134.326478,33.620167],[134.326542,33.620164],[134.326604,33.620176],[134.32666,33.620207],[134.326723,33.620324],[134.326755,33.62042],[134.326798,33.620518]]]},"properties":{"S_NAME":"富田","HCODE":8101}},{"type":"Feature","geometry":{"type":"Polygon","coordinates":[[[134.322652,33.614907],[134.321756,33.615124],[134.320826,33.61524],[134.320402,33.615306],[134.319853,33.61532],[134.31899,33.615263],[134.318213,33.615038],[134.316586,33.614683],[134.315483,33.614409],[134.314732,33.614236],[134.313743,33.614002],[134.312955,33.613903],[134.31233,33.613865],[134.311556,33.613845],[134.312242,33.612954],[134.312957,33.612148],[134.314191,33.610834],[134.315243,33.609764],[134.316019,33.608973],[134.316817,33.608166],[134.317687,33.6073],[134.318561,33.606417],[134.318906,33.606093],[134.319483,33.60645],[134.319921,33.606715],[134.320373,33.606979],[134.321081,33.607409],[134.322008,33.608039],[134.323358,33.609034],[134.323801,33.609465],[134.323687,33.609582],[134.323519,33.609813],[134.323359,33.610191],[134.323225,33.61057],[134.323135,33.610903],[134.323032,33.61128],[134.322942,33.611659],[134.322885,33.611963],[134.322793,33.612761],[134.322775,33.613023],[134.322712,33.613619],[134.322723,33.613732],[134.322682,33.614067],[134.322674,33.614439],[134.322652,33.614907]]]},"properties":{"S_NAME":"吉田","HCODE":8101}},{"type":"Feature","geometry":{"type":"Polygon","coordinates":[[[134.311556,33.613845],[134.31047,33.614118],[134.309711,33.614405],[134.308835,33.6149],[134.308428,33.615308],[134.308205,33.615466],[134.307196,33.616497],[134.305397,33.618437],[134.303993,33.620114],[134.303496,33.620766],[134.303491,33.620759],[134.303456,33.620713],[134.303408,33.620653],[134.303343,33.620577],[134.303274,33.620497],[134.303213,33.620429],[134.303166,33.62038],[134.303127,33.620346],[134.303081,33.620318],[134.303019,33.620284],[134.302944,33.620248],[134.302881,33.620216],[134.302863,33.620208],[134.302744,33.620154],[134.302591,33.620088],[134.302454,33.62003],[134.302331,33.619978],[134.302218,33.61993],[134.302106,33.61988],[134.302,33.619833],[134.301904,33.619792],[134.301818,33.61976],[134.301742,33.619738],[134.301669,33.619725],[134.301598,33.619719],[134.301529,33.61972],[134.301467,33.619726],[134.301409,33.619734],[134.301344,33.619745],[134.301259,33.619757],[134.301143,33.61977],[134.301008,33.61978],[134.300869,33.619788],[134.300738,33.619788],[134.300616,33.619782],[134.3005,33.619775],[134.300385,33.619766],[134.300278,33.61976],[134.300187,33.619758],[134.30011,33.619761],[134.300042,33.619771],[134.299974,33.619787],[134.299893,33.619807],[134.299806,33.619827],[134.299721,33.619845],[134.299642,33.619856],[134.299573,33.619859],[134.299515,33.619854],[134.299466,33.619838],[134.299443,33.619827],[134.299398,33.619801],[134.299217,33.619702],[134.299126,33.61966],[134.299017,33.61961],[134.298893,33.619553],[134.298757,33.619488],[134.298617,33.619417],[134.298486,33.61935],[134.298374,33.619293],[134.298278,33.619244],[134.298177,33.619196],[134.298052,33.619141],[134.2979,33.61908],[134.297747,33.619023],[134.297643,33.618988],[134.297923,33.618458],[134.298666,33.617382],[134.299209,33.616651],[134.299928,33.615717],[134.301511,33.614109],[134.302605,33.613144],[134.303634,33.612211],[134.305221,33.61067],[134.306849,33.609075],[134.30962,33.606575],[134.3103,33.605863],[134.310849,33.60534],[134.311593,33.604573],[134.312989,33.603474],[134.313851,33.602856],[134.313329,33.6016],[134.312856,33.600437],[134.312388,33.599318],[134.311852,33.598229],[134.311351,33.59746],[134.310786,33.596678],[134.309709,33.595592],[134.308666,33.594773],[134.307752,33.594086],[134.306677,33.593294],[134.305748,33.592674],[134.305774,33.590342],[134.305922,33.589196],[134.305908,33.58818],[134.305805,33.58748],[134.305847,33.586818],[134.305887,33.58408],[134.30582,33.582925],[134.305793,33.582122],[134.306443,33.581939],[134.307568,33.581897],[134.308005,33.581922],[134.308339,33.58201],[134.308355,33.582014],[134.308482,33.58207],[134.308492,33.582075],[134.308805,33.582214],[134.30913,33.582331],[134.30983,33.582872],[134.309967,33.58303],[134.310267,33.58323],[134.31083,33.58328],[134.31123,33.583414],[134.311392,33.583505],[134.31158,33.58373],[134.311792,33.583905],[134.312205,33.584047],[134.312555,33.584064],[134.313467,33.584155],[134.31373,33.584339],[134.313929,33.584539],[134.314629,33.584839],[134.315192,33.585397],[134.315354,33.585713],[134.315642,33.585988],[134.315892,33.586097],[134.315967,33.586097],[134.316292,33.586013],[134.316754,33.585938],[134.317342,33.585947],[134.317904,33.585988],[134.318417,33.586122],[134.318504,33.586172],[134.319016,33.586597],[134.319166,33.586705],[134.319092,33.587013],[134.319204,33.587397],[134.319394,33.587415],[134.318875,33.58804],[134.318556,33.588626],[134.318314,33.58938],[134.318099,33.590383],[134.318082,33.591281],[134.318266,33.592219],[134.31851,33.593169],[134.318696,33.59364],[134.318783,33.59428],[134.318911,33.595056],[134.318902,33.59622],[134.318762,33.598121],[134.318656,33.598979],[134.31851,33.599834],[134.318511,33.601011],[134.31853,33.601593],[134.318506,33.602956],[134.318533,33.604647],[134.318828,33.606045],[134.318906,33.606093],[134.318561,33.606417],[134.317687,33.6073],[134.316817,33.608166],[134.316019,33.608973],[134.315243,33.609764],[134.314191,33.610834],[134.312957,33.612148],[134.312242,33.612954],[134.311556,33.613845]]]},"properties":{"S_NAME":"中山","HCODE":8101}},{"type":"Feature","geometry":{"type":"Polygon","coordinates":[[[134.297643,33.618988],[134.297609,33.618977],[134.297602,33.618976],[134.297497,33.618948],[134.297401,33.618928],[134.297312,33.618915],[134.297227,33.618907],[134.297144,33.618907],[134.297063,33.618916],[134.297025,33.618924],[134.296947,33.618948],[134.296872,33.61898],[134.296797,33.619017],[134.296721,33.619059],[134.296639,33.619106],[134.296549,33.619157],[134.296454,33.61921],[134.296356,33.619261],[134.296255,33.619303],[134.296153,33.619341],[134.296047,33.619381],[134.295933,33.619421],[134.295815,33.619463],[134.295694,33.619504],[134.295631,33.619521],[134.295506,33.619554],[134.29538,33.619582],[134.295255,33.619609],[134.295182,33.619623],[134.295133,33.619631],[134.295018,33.619648],[134.294913,33.619658],[134.294816,33.619663],[134.29472,33.619661],[134.29462,33.619654],[134.294514,33.619642],[134.294406,33.619625],[134.2943,33.619604],[134.294197,33.619578],[134.294099,33.619554],[134.294004,33.619531],[134.293911,33.619515],[134.293821,33.619508],[134.293735,33.619512],[134.293651,33.619527],[134.293569,33.619545],[134.293489,33.61956],[134.293414,33.619569],[134.293346,33.619569],[134.293318,33.619566],[134.293292,33.61956],[134.293249,33.61954],[134.293209,33.619511],[134.293166,33.619473],[134.293118,33.619427],[134.293067,33.619372],[134.293016,33.61931],[134.292965,33.619242],[134.292914,33.619169],[134.292867,33.619095],[134.29282,33.619019],[134.29277,33.618945],[134.292712,33.618871],[134.292649,33.618801],[134.292589,33.618739],[134.292541,33.61869],[134.292503,33.618654],[134.292464,33.618632],[134.292443,33.618627],[134.292416,33.618623],[134.292355,33.618625],[134.292287,33.618634],[134.292217,33.618646],[134.292146,33.618658],[134.292076,33.618672],[134.292004,33.618689],[134.291929,33.618708],[134.291851,33.618727],[134.291767,33.618748],[134.291676,33.61877],[134.29158,33.61879],[134.291479,33.61881],[134.291374,33.618825],[134.291268,33.618833],[134.291215,33.618832],[134.291108,33.61882],[134.291056,33.618811],[134.290956,33.618788],[134.290864,33.618764],[134.29078,33.618742],[134.2907,33.618718],[134.290619,33.61869],[134.290539,33.618657],[134.290465,33.61862],[134.290402,33.618579],[134.290391,33.61857],[134.290351,33.618537],[134.290311,33.618497],[134.290277,33.618462],[134.290249,33.618431],[134.290222,33.6184],[134.290192,33.618363],[134.290159,33.618323],[134.29012,33.618285],[134.290075,33.618257],[134.29005,33.618247],[134.290024,33.618241],[134.28997,33.618235],[134.289944,33.618237],[134.289891,33.618245],[134.289839,33.618261],[134.289789,33.61828],[134.289738,33.618301],[134.289688,33.618319],[134.289638,33.618335],[134.289588,33.618346],[134.289537,33.618352],[134.289513,33.618352],[134.289331,33.618334],[134.289171,33.618324],[134.289029,33.618324],[134.288908,33.618334],[134.288808,33.618344],[134.288725,33.618348],[134.288655,33.618342],[134.288585,33.618331],[134.288505,33.618321],[134.288413,33.618314],[134.288317,33.61831],[134.288225,33.618308],[134.288139,33.618311],[134.288056,33.618317],[134.28797,33.618327],[134.287884,33.61834],[134.287802,33.618354],[134.287729,33.618367],[134.287661,33.618377],[134.287586,33.618387],[134.287488,33.618401],[134.28737,33.618414],[134.287253,33.618425],[134.287155,33.618428],[134.287115,33.618426],[134.287049,33.618419],[134.286991,33.618409],[134.28693,33.618401],[134.286866,33.618393],[134.28679,33.618388],[134.286703,33.618382],[134.286611,33.618374],[134.286526,33.618359],[134.286487,33.618347],[134.286452,33.618334],[134.286392,33.618304],[134.286342,33.618271],[134.286297,33.618236],[134.286256,33.618201],[134.286211,33.618163],[134.286156,33.61812],[134.286098,33.618079],[134.286039,33.618044],[134.285981,33.618018],[134.285926,33.618],[134.285873,33.617986],[134.285818,33.61797],[134.285757,33.617951],[134.285681,33.617926],[134.285586,33.617892],[134.285485,33.617853],[134.285391,33.617816],[134.285313,33.617781],[134.285251,33.617746],[134.285199,33.617706],[134.285149,33.617657],[134.2851,33.617605],[134.285051,33.617556],[134.284999,33.617513],[134.284943,33.617478],[134.284886,33.617448],[134.284823,33.61742],[134.284758,33.617396],[134.284692,33.617371],[134.284624,33.617344],[134.284558,33.617315],[134.284498,33.617283],[134.284442,33.617244],[134.284395,33.617204],[134.284356,33.617164],[134.284326,33.617123],[134.284299,33.617086],[134.284269,33.61705],[134.284231,33.617014],[134.284188,33.616978],[134.284144,33.616942],[134.284102,33.616906],[134.284059,33.616872],[134.284035,33.616858],[134.28401,33.616848],[134.283981,33.616839],[134.283917,33.616831],[134.283882,33.61683],[134.283806,33.616833],[134.283722,33.616836],[134.283635,33.61684],[134.283546,33.616842],[134.283458,33.616841],[134.28337,33.616841],[134.283279,33.616847],[134.283183,33.61686],[134.283082,33.61688],[134.282976,33.616905],[134.282864,33.616929],[134.28275,33.616954],[134.28264,33.61698],[134.282535,33.617005],[134.282434,33.617031],[134.282334,33.617059],[134.282232,33.617091],[134.28213,33.617124],[134.282028,33.617156],[134.281924,33.617184],[134.281822,33.617212],[134.281724,33.617239],[134.281629,33.617265],[134.281535,33.617292],[134.281439,33.617322],[134.281421,33.617327],[134.281334,33.617352],[134.281227,33.617384],[134.281119,33.617416],[134.281014,33.617446],[134.28091,33.617473],[134.280806,33.617491],[134.280701,33.617496],[134.280595,33.617491],[134.280493,33.617481],[134.280392,33.617466],[134.280294,33.61745],[134.280192,33.617433],[134.280082,33.617417],[134.279963,33.6174],[134.279834,33.61738],[134.279697,33.617354],[134.27956,33.617323],[134.279466,33.617298],[134.279436,33.61729],[134.27933,33.617257],[134.279235,33.617223],[134.279142,33.617191],[134.279039,33.617159],[134.278935,33.617128],[134.278837,33.617093],[134.278749,33.617054],[134.278671,33.61701],[134.278596,33.616963],[134.278516,33.61691],[134.278438,33.616858],[134.278365,33.616808],[134.278296,33.616765],[134.278231,33.616729],[134.278163,33.616701],[134.278088,33.616678],[134.27801,33.616661],[134.277935,33.616649],[134.277865,33.616638],[134.277796,33.61663],[134.277722,33.61662],[134.277636,33.616605],[134.277543,33.616586],[134.277445,33.616568],[134.277399,33.616558],[134.277292,33.616531],[134.277188,33.616509],[134.277084,33.61649],[134.276991,33.616471],[134.276915,33.616447],[134.276847,33.616416],[134.276773,33.616375],[134.27669,33.616326],[134.276609,33.616276],[134.276536,33.616228],[134.276466,33.616187],[134.276388,33.616147],[134.276344,33.61613],[134.276259,33.616103],[134.276219,33.616094],[134.276396,33.615144],[134.276633,33.614469],[134.277021,33.613744],[134.277283,33.612685],[134.277521,33.612144],[134.27812,33.611202],[134.278308,33.610569],[134.278495,33.609494],[134.27892,33.609178],[134.278958,33.608636],[134.278633,33.607786],[134.278895,33.607353],[134.27922,33.60697],[134.27917,33.606678],[134.278708,33.60612],[134.27827,33.605486],[134.278176,33.605124],[134.277895,33.604045],[134.27727,33.603645],[134.276571,33.603287],[134.275983,33.602903],[134.275221,33.602762],[134.274796,33.602562],[134.274708,33.602228],[134.274571,33.60022],[134.274758,33.599595],[134.274871,33.598962],[134.274946,33.597971],[134.274921,33.597454],[134.276383,33.597004],[134.277083,33.596621],[134.277833,33.596554],[134.278119,33.596384],[134.278314,33.595996],[134.27862,33.595746],[134.279258,33.595338],[134.279395,33.595296],[134.279908,33.595296],[134.28042,33.595179],[134.280745,33.594938],[134.280883,33.594463],[134.280958,33.592638],[134.281495,33.591696],[134.281895,33.591113],[134.282408,33.590863],[134.28322,33.590755],[134.28387,33.590613],[134.284732,33.590663],[134.285332,33.590888],[134.285432,33.59073],[134.28557,33.589871],[134.285757,33.589221],[134.28602,33.588747],[134.28662,33.588547],[134.287107,33.588347],[134.287395,33.588103],[134.287427,33.588076],[134.287482,33.58803],[134.287745,33.587672],[134.287782,33.58753],[134.28772,33.586705],[134.287595,33.586613],[134.287682,33.58643],[134.28782,33.586272],[134.288432,33.585822],[134.288919,33.585414],[134.289132,33.58533],[134.289432,33.585372],[134.289969,33.585397],[134.290482,33.585147],[134.291157,33.584564],[134.291457,33.58438],[134.291944,33.584364],[134.292344,33.58438],[134.292719,33.58443],[134.292907,33.584364],[134.293044,33.583955],[134.293044,33.583705],[134.293094,33.583464],[134.293207,33.583347],[134.293294,33.583122],[134.293719,33.582489],[134.293769,33.582331],[134.293694,33.581947],[134.293669,33.581522],[134.293711,33.581367],[134.293719,33.581339],[134.293727,33.581339],[134.294256,33.581322],[134.295069,33.581347],[134.295931,33.581589],[134.296306,33.581614],[134.296931,33.581522],[134.297001,33.58153],[134.29708,33.581539],[134.297381,33.581572],[134.297769,33.581706],[134.298056,33.581756],[134.298918,33.581956],[134.299331,33.582022],[134.300318,33.582297],[134.300806,33.582389],[134.301993,33.582497],[134.302718,33.582706],[134.303143,33.582956],[134.303631,33.582997],[134.303917,33.582926],[134.304255,33.582853],[134.304305,33.582839],[134.30455,33.582792],[134.304942,33.582518],[134.305793,33.582122],[134.30582,33.582925],[134.305887,33.58408],[134.305847,33.586818],[134.305805,33.58748],[134.305908,33.58818],[134.305922,33.589196],[134.305774,33.590342],[134.305748,33.592674],[134.306677,33.593294],[134.307752,33.594086],[134.308666,33.594773],[134.309709,33.595592],[134.310786,33.596678],[134.311351,33.59746],[134.311852,33.598229],[134.312388,33.599318],[134.312856,33.600437],[134.313329,33.6016],[134.313851,33.602856],[134.312989,33.603474],[134.311593,33.604573],[134.310849,33.60534],[134.3103,33.605863],[134.30962,33.606575],[134.306849,33.609075],[134.305221,33.61067],[134.303634,33.612211],[134.302605,33.613144],[134.301511,33.614109],[134.299928,33.615717],[134.299209,33.616651],[134.298666,33.617382],[134.297923,33.618458],[134.297643,33.618988]]]},"properties":{"S_NAME":"櫛川","HCODE":8101}},{"type":"Feature","geometry":{"type":"Polygon","coordinates":[[[134.333264,33.606598],[134.333188,33.606595],[134.332982,33.606563],[134.332842,33.606514],[134.332681,33.606409],[134.332487,33.606266],[134.332153,33.606069],[134.331913,33.60597],[134.331707,33.605933],[134.33135,33.605891],[134.331059,33.605976],[134.330627,33.606106],[134.330091,33.606281],[134.329799,33.606371],[134.32884,33.606688],[134.328193,33.606907],[134.327552,33.607127],[134.326993,33.607341],[134.326745,33.607443],[134.32653,33.607537],[134.326332,33.607626],[134.325825,33.60785],[134.325453,33.608048],[134.325229,33.608174],[134.324991,33.608337],[134.324845,33.608455],[134.324529,33.608743],[134.324153,33.609112],[134.323826,33.60944],[134.323801,33.609465],[134.323358,33.609034],[134.322008,33.608039],[134.321081,33.607409],[134.320373,33.606979],[134.319921,33.606715],[134.319483,33.60645],[134.318906,33.606093],[134.318828,33.606045],[134.318533,33.604647],[134.318506,33.602956],[134.31853,33.601593],[134.318511,33.601011],[134.31851,33.599834],[134.318567,33.599866],[134.318891,33.600033],[134.319203,33.600232],[134.319388,33.600384],[134.31956,33.600494],[134.319737,33.600561],[134.320174,33.600617],[134.320677,33.60091],[134.32154,33.601497],[134.321716,33.601585],[134.321789,33.601596],[134.32224,33.601705],[134.322396,33.601693],[134.322562,33.601705],[134.322702,33.60175],[134.322923,33.601876],[134.323163,33.601949],[134.323464,33.602019],[134.323804,33.60209],[134.324203,33.602141],[134.32486,33.602243],[134.324962,33.60224],[134.325083,33.602188],[134.325159,33.602161],[134.325345,33.602173],[134.326134,33.602231],[134.326696,33.602326],[134.326816,33.602339],[134.32702,33.602389],[134.327266,33.602459],[134.327588,33.602584],[134.328,33.602687],[134.328281,33.602755],[134.328559,33.602825],[134.328706,33.602824],[134.32891,33.602783],[134.329117,33.602752],[134.329268,33.602768],[134.329482,33.602764],[134.329638,33.602774],[134.329772,33.602786],[134.329935,33.60278],[134.331036,33.603499],[134.331318,33.603798],[134.331931,33.604611],[134.332069,33.604806],[134.333264,33.606598]]]},"properties":{"S_NAME":"芝","HCODE":8101}},{"type":"Feature","geometry":{"type":"Polygon","coordinates":[[[134.330453,33.589176],[134.331008,33.590357],[134.331434,33.591519],[134.331889,33.592726],[134.333317,33.596556],[134.333888,33.597659],[134.334498,33.598729],[134.334906,33.59913],[134.335251,33.599348],[134.335532,33.599516],[134.335861,33.599696],[134.336143,33.599889],[134.336348,33.600148],[134.336569,33.600472],[134.336744,33.600835],[134.337129,33.602108],[134.337485,33.603408],[134.337705,33.603654],[134.337861,33.60374],[134.337415,33.603888],[134.337147,33.603943],[134.336639,33.604025],[134.336004,33.604124],[134.335842,33.604255],[134.335817,33.604439],[134.335806,33.604594],[134.335814,33.604744],[134.335808,33.604861],[134.335729,33.604945],[134.335511,33.60503],[134.335439,33.605113],[134.335426,33.605191],[134.335434,33.60528],[134.335468,33.605358],[134.335568,33.60544],[134.335706,33.605581],[134.33574,33.605647],[134.335713,33.605692],[134.335528,33.605765],[134.335489,33.605816],[134.335509,33.605877],[134.33557,33.605932],[134.335644,33.606031],[134.335718,33.606142],[134.335738,33.606208],[134.335686,33.606253],[134.335599,33.60627],[134.335434,33.606294],[134.335334,33.606339],[134.335295,33.606411],[134.335289,33.6065],[134.335264,33.606628],[134.335198,33.606706],[134.335099,33.606723],[134.334489,33.606883],[134.334357,33.606917],[134.334234,33.606971],[134.334135,33.607016],[134.333983,33.607111],[134.333871,33.607173],[134.333758,33.60718],[134.333725,33.607135],[134.33371,33.607024],[134.333604,33.606823],[134.333494,33.606665],[134.333387,33.606604],[134.333264,33.606598],[134.332069,33.604806],[134.331931,33.604611],[134.331318,33.603798],[134.331036,33.603499],[134.329935,33.60278],[134.329772,33.602786],[134.329638,33.602774],[134.329482,33.602764],[134.329268,33.602768],[134.329117,33.602752],[134.32891,33.602783],[134.328706,33.602824],[134.328559,33.602825],[134.328281,33.602755],[134.328,33.602687],[134.327588,33.602584],[134.327266,33.602459],[134.32702,33.602389],[134.326816,33.602339],[134.326696,33.602326],[134.326134,33.602231],[134.325345,33.602173],[134.325159,33.602161],[134.325083,33.602188],[134.324962,33.60224],[134.32486,33.602243],[134.324203,33.602141],[134.323804,33.60209],[134.323464,33.602019],[134.323163,33.601949],[134.322923,33.601876],[134.322702,33.60175],[134.322562,33.601705],[134.322396,33.601693],[134.32224,33.601705],[134.321789,33.601596],[134.321716,33.601585],[134.32154,33.601497],[134.320677,33.60091],[134.320174,33.600617],[134.319737,33.600561],[134.31956,33.600494],[134.319388,33.600384],[134.319203,33.600232],[134.318891,33.600033],[134.318567,33.599866],[134.31851,33.599834],[134.318656,33.598979],[134.318762,33.598121],[134.318902,33.59622],[134.318911,33.595056],[134.318783,33.59428],[134.318696,33.59364],[134.31851,33.593169],[134.318266,33.592219],[134.318082,33.591281],[134.318099,33.590383],[134.318314,33.58938],[134.318556,33.588626],[134.318875,33.58804],[134.319394,33.587415],[134.319904,33.587463],[134.320091,33.587447],[134.321516,33.587105],[134.321546,33.587105],[134.321604,33.587105],[134.322141,33.587463],[134.322329,33.587555],[134.32271,33.587673],[134.32297,33.587754],[134.323054,33.58778],[134.324078,33.587938],[134.324378,33.587963],[134.324916,33.587872],[134.325403,33.587847],[134.327053,33.588297],[134.327641,33.588413],[134.328201,33.588388],[134.328602,33.588429],[134.328943,33.588551],[134.329504,33.588882],[134.329951,33.589149],[134.330228,33.589222],[134.330453,33.589176]]]},"properties":{"S_NAME":"野江","HCODE":8101}},{"type":"Feature","geometry":{"type":"Polygon","coordinates":[[[134.344649,33.58956],[134.344961,33.589494],[134.345506,33.589401],[134.345705,33.589357],[134.345878,33.589304],[134.345939,33.589317],[134.346068,33.589395],[134.346403,33.589534],[134.34665,33.589608],[134.346878,33.589703],[134.347007,33.589776],[134.347068,33.589814],[134.347337,33.589963],[134.347883,33.590365],[134.348545,33.59112],[134.348854,33.59161],[134.349119,33.592172],[134.349318,33.592805],[134.349489,33.593454],[134.349532,33.593684],[134.349591,33.593992],[134.349654,33.594265],[134.349636,33.594502],[134.349662,33.594677],[134.349689,33.594802],[134.349707,33.594865],[134.349723,33.595011],[134.349713,33.595062],[134.349704,33.595285],[134.3497,33.59554],[134.349679,33.595761],[134.349653,33.595968],[134.349611,33.596223],[134.349567,33.596433],[134.349514,33.596815],[134.349516,33.596955],[134.349549,33.597121],[134.349557,33.597358],[134.349625,33.597748],[134.349937,33.598834],[134.349446,33.599081],[134.34887,33.599329],[134.347892,33.599771],[134.347426,33.599994],[134.346685,33.600437],[134.346165,33.600765],[134.345823,33.600989],[134.345683,33.601081],[134.345215,33.601385],[134.344581,33.601756],[134.343654,33.602278],[134.343328,33.602442],[134.343147,33.602521],[134.342961,33.602615],[134.342609,33.602747],[134.34244,33.602807],[134.342244,33.602865],[134.34185,33.602948],[134.341334,33.603023],[134.341024,33.603064],[134.340282,33.603157],[134.340063,33.60318],[134.339853,33.603216],[134.339773,33.603233],[134.339599,33.603269],[134.339319,33.603354],[134.338797,33.603492],[134.338514,33.603565],[134.337861,33.60374],[134.337705,33.603654],[134.337485,33.603408],[134.337129,33.602108],[134.336744,33.600835],[134.336569,33.600472],[134.336348,33.600148],[134.336143,33.599889],[134.335861,33.599696],[134.335532,33.599516],[134.335251,33.599348],[134.334906,33.59913],[134.334498,33.598729],[134.333888,33.597659],[134.333317,33.596556],[134.331889,33.592726],[134.331434,33.591519],[134.331008,33.590357],[134.330453,33.589176],[134.330478,33.589172],[134.330678,33.589126],[134.330912,33.588971],[134.331178,33.588813],[134.332132,33.58822],[134.332306,33.588204],[134.332446,33.588232],[134.33414,33.588972],[134.334277,33.58893],[134.335027,33.588363],[134.335364,33.588263],[134.335702,33.58823],[134.336148,33.588236],[134.336602,33.588297],[134.336593,33.588306],[134.336747,33.58834],[134.336864,33.588322],[134.33787,33.58832],[134.338677,33.588413],[134.339577,33.588493],[134.340162,33.588574],[134.340499,33.588521],[134.341029,33.588269],[134.341347,33.588232],[134.341952,33.588331],[134.342324,33.588463],[134.342772,33.588726],[134.343061,33.588852],[134.343292,33.588936],[134.343441,33.589017],[134.343606,33.589131],[134.343673,33.589187],[134.343731,33.589306],[134.343773,33.589439],[134.343958,33.589922],[134.34405,33.589858],[134.344149,33.589793],[134.344299,33.589706],[134.344475,33.589606],[134.344533,33.589585],[134.344649,33.58956]]]},"properties":{"S_NAME":"高園","HCODE":8101}},{"type":"Feature","geometry":{"type":"Polygon","coordinates":[[[134.343916,33.585191],[134.344008,33.585448],[134.344082,33.585659],[134.344266,33.586266],[134.344314,33.586544],[134.344367,33.586822],[134.344403,33.586997],[134.344486,33.58737],[134.344533,33.587634],[134.344598,33.587942],[134.344632,33.588252],[134.344647,33.588521],[134.344647,33.588637],[134.344646,33.588745],[134.344649,33.58956],[134.344533,33.589585],[134.344475,33.589606],[134.344299,33.589706],[134.344149,33.589793],[134.34405,33.589858],[134.343958,33.589922],[134.343773,33.589439],[134.343731,33.589306],[134.343673,33.589187],[134.343606,33.589131],[134.343441,33.589017],[134.343292,33.588936],[134.343061,33.588852],[134.342772,33.588726],[134.342324,33.588463],[134.341952,33.588331],[134.341347,33.588232],[134.341029,33.588269],[134.340499,33.588521],[134.340162,33.588574],[134.339577,33.588493],[134.338677,33.588413],[134.33787,33.58832],[134.336864,33.588322],[134.336747,33.58834],[134.336593,33.588306],[134.336602,33.588297],[134.336148,33.588236],[134.335702,33.58823],[134.335364,33.588263],[134.335027,33.588363],[134.334277,33.58893],[134.33414,33.588972],[134.332446,33.588232],[134.332306,33.588204],[134.332132,33.58822],[134.331178,33.588813],[134.330912,33.588971],[134.330678,33.589126],[134.330478,33.589172],[134.330453,33.589176],[134.330228,33.589222],[134.329951,33.589149],[134.329504,33.588882],[134.328943,33.588551],[134.328602,33.588429],[134.328201,33.588388],[134.327641,33.588413],[134.327053,33.588297],[134.325403,33.587847],[134.324916,33.587872],[134.324378,33.587963],[134.324078,33.587938],[134.323054,33.58778],[134.32297,33.587754],[134.32271,33.587673],[134.322329,33.587555],[134.322141,33.587463],[134.321604,33.587105],[134.321546,33.587105],[134.321516,33.587105],[134.320091,33.587447],[134.319904,33.587463],[134.319394,33.587415],[134.319204,33.587397],[134.319092,33.587013],[134.319166,33.586705],[134.319016,33.586597],[134.318504,33.586172],[134.318417,33.586122],[134.317904,33.585988],[134.317342,33.585947],[134.316754,33.585938],[134.316292,33.586013],[134.315967,33.586097],[134.315892,33.586097],[134.315642,33.585988],[134.315354,33.585713],[134.315192,33.585397],[134.314629,33.584839],[134.313929,33.584539],[134.31373,33.584339],[134.313467,33.584155],[134.312555,33.584064],[134.312205,33.584047],[134.311792,33.583905],[134.31158,33.58373],[134.311392,33.583505],[134.31123,33.583414],[134.31083,33.58328],[134.310267,33.58323],[134.309967,33.58303],[134.30983,33.582872],[134.30913,33.582331],[134.308805,33.582214],[134.308492,33.582075],[134.310004,33.580124],[134.310882,33.578968],[134.31181,33.577882],[134.309719,33.576204],[134.30901,33.574188],[134.307789,33.573547],[134.307726,33.573503],[134.307675,33.573445],[134.307318,33.572857],[134.306524,33.571709],[134.306447,33.571578],[134.306222,33.571347],[134.305548,33.570859],[134.305189,33.57058],[134.305,33.570353],[134.304843,33.570073],[134.304515,33.569351],[134.304199,33.568197],[134.303945,33.567266],[134.302892,33.567601],[134.302165,33.567841],[134.300445,33.56856],[134.29976,33.567387],[134.29931,33.566602],[134.299246,33.566486],[134.299245,33.566384],[134.299332,33.56623],[134.299366,33.56609],[134.298749,33.565699],[134.296547,33.565576],[134.293884,33.565354],[134.292435,33.563324],[134.291787,33.562622],[134.291724,33.562445],[134.291682,33.562183],[134.29172,33.56193],[134.292194,33.561254],[134.292885,33.560574],[134.293921,33.559557],[134.294807,33.558592],[134.295523,33.557709],[134.295622,33.557704],[134.295724,33.557694],[134.295821,33.55768],[134.295905,33.557659],[134.295972,33.55763],[134.295987,33.557618],[134.296013,33.557593],[134.296038,33.55755],[134.296053,33.557501],[134.296066,33.557448],[134.296084,33.557393],[134.296114,33.557337],[134.296153,33.557282],[134.296199,33.557228],[134.296299,33.557124],[134.29639,33.55703],[134.296474,33.556946],[134.296557,33.556872],[134.296639,33.556803],[134.296719,33.556724],[134.296792,33.556626],[134.296824,33.556573],[134.296851,33.556519],[134.296871,33.556466],[134.296882,33.556414],[134.296887,33.556363],[134.296885,33.556256],[134.296876,33.556132],[134.296863,33.555986],[134.296839,33.555822],[134.296799,33.555642],[134.296758,33.555415],[134.296702,33.555087],[134.296583,33.554666],[134.296536,33.554474],[134.296499,33.554296],[134.296444,33.553986],[134.29642,33.553852],[134.296393,33.553734],[134.296361,33.553626],[134.296297,33.553448],[134.296275,33.553372],[134.296266,33.553305],[134.296271,33.553244],[134.29629,33.553188],[134.296321,33.553135],[134.296399,33.553038],[134.296504,33.553113],[134.296613,33.553188],[134.29673,33.553259],[134.296859,33.553323],[134.296996,33.553376],[134.297003,33.553379],[134.297163,33.553424],[134.297269,33.553447],[134.297336,33.553461],[134.297517,33.55349],[134.297702,33.553512],[134.297883,33.553531],[134.29822,33.553558],[134.298523,33.553583],[134.298662,33.5536],[134.298912,33.553641],[134.299028,33.55366],[134.299138,33.553674],[134.299247,33.55368],[134.299352,33.553675],[134.299454,33.553661],[134.299551,33.553642],[134.299719,33.553603],[134.299785,33.553588],[134.299842,33.553579],[134.29989,33.553577],[134.29993,33.553582],[134.299966,33.553597],[134.299997,33.55362],[134.300024,33.553653],[134.300046,33.553696],[134.300062,33.553746],[134.300074,33.553804],[134.300079,33.553868],[134.300078,33.554007],[134.300077,33.554149],[134.30008,33.554215],[134.300087,33.554278],[134.300097,33.554338],[134.300127,33.554455],[134.300168,33.554569],[134.300195,33.554627],[134.300227,33.554685],[134.300265,33.554745],[134.300309,33.554806],[134.300409,33.554926],[134.300718,33.555271],[134.300918,33.555187],[134.301182,33.555084],[134.30157,33.554942],[134.302049,33.554768],[134.302284,33.55468],[134.302493,33.554597],[134.302665,33.55452],[134.302804,33.554451],[134.303021,33.554331],[134.303211,33.554223],[134.303308,33.554175],[134.303403,33.554131],[134.303497,33.554093],[134.303586,33.554066],[134.303669,33.554046],[134.303754,33.554032],[134.303958,33.554006],[134.304092,33.553984],[134.304252,33.553952],[134.304605,33.553873],[134.304893,33.553806],[134.304977,33.553785],[134.305023,33.553771],[134.305339,33.553743],[134.305602,33.553741],[134.305784,33.553749],[134.305925,33.553756],[134.306198,33.553788],[134.306468,33.553745],[134.30662,33.553702],[134.306755,33.553553],[134.306814,33.553401],[134.306798,33.55327],[134.306685,33.553093],[134.306486,33.55293],[134.306212,33.55283],[134.305924,33.55276],[134.305559,33.552669],[134.30516,33.552634],[134.304957,33.552593],[134.30484,33.552556],[134.304801,33.552508],[134.304781,33.552434],[134.304791,33.552348],[134.304822,33.552303],[134.304848,33.552265],[134.304871,33.552223],[134.304884,33.552165],[134.304893,33.552093],[134.304903,33.552008],[134.304914,33.551917],[134.304926,33.551835],[134.304938,33.55177],[134.304959,33.551712],[134.304998,33.551641],[134.305056,33.551514],[134.305093,33.551417],[134.305109,33.55138],[134.305122,33.551345],[134.305127,33.551308],[134.305131,33.55127],[134.30514,33.551228],[134.305157,33.551182],[134.305185,33.551123],[134.305222,33.55105],[134.305266,33.550978],[134.305288,33.550949],[134.30531,33.550927],[134.305349,33.550898],[134.305427,33.55085],[134.305475,33.550819],[134.305487,33.550799],[134.305509,33.550741],[134.305528,33.550677],[134.305545,33.550623],[134.305557,33.55058],[134.305566,33.55053],[134.305566,33.55046],[134.305561,33.550372],[134.305551,33.55027],[134.305545,33.550217],[134.305527,33.550127],[134.305515,33.550093],[134.3055,33.55007],[134.305482,33.550057],[134.305464,33.550048],[134.305422,33.550035],[134.305374,33.550011],[134.30533,33.549975],[134.30529,33.549931],[134.305258,33.54988],[134.305231,33.549829],[134.305203,33.549778],[134.305183,33.549728],[134.305172,33.549683],[134.305172,33.549639],[134.305176,33.549595],[134.305176,33.549546],[134.305175,33.549499],[134.305172,33.549456],[134.305169,33.549422],[134.305163,33.549392],[134.305154,33.549364],[134.30515,33.54934],[134.305154,33.549318],[134.305166,33.549298],[134.305184,33.549276],[134.305203,33.54925],[134.30522,33.549219],[134.305232,33.54918],[134.305239,33.549135],[134.305246,33.549087],[134.305252,33.549037],[134.30526,33.548989],[134.30527,33.548943],[134.305278,33.548922],[134.305291,33.548902],[134.30531,33.548881],[134.305339,33.548862],[134.305378,33.548842],[134.305476,33.548803],[134.30558,33.548768],[134.305666,33.548736],[134.305735,33.548708],[134.305792,33.548681],[134.305844,33.548657],[134.305902,33.548634],[134.30597,33.548613],[134.306016,33.548602],[134.306024,33.548608],[134.306026,33.548611],[134.306026,33.548619],[134.30602,33.548647],[134.306019,33.548655],[134.30602,33.548663],[134.306023,33.54867],[134.306026,33.548675],[134.306032,33.548682],[134.306038,33.54869],[134.306056,33.548704],[134.306072,33.548719],[134.306076,33.548725],[134.306077,33.548731],[134.306077,33.548736],[134.306072,33.54874],[134.306066,33.548743],[134.306059,33.548744],[134.306049,33.548745],[134.306039,33.548745],[134.306029,33.548744],[134.306018,33.548742],[134.306003,33.548738],[134.305971,33.548726],[134.305942,33.548716],[134.305929,33.548713],[134.305922,33.548712],[134.305918,33.548713],[134.305916,33.548716],[134.305916,33.54872],[134.305918,33.548726],[134.305924,33.548736],[134.305934,33.548751],[134.30595,33.548771],[134.305967,33.548797],[134.305976,33.548814],[134.30598,33.548824],[134.305984,33.548837],[134.305984,33.548847],[134.305982,33.548857],[134.305979,33.548865],[134.305971,33.548874],[134.305963,33.54888],[134.305952,33.548886],[134.305927,33.548896],[134.3059,33.548907],[134.305873,33.548922],[134.30584,33.548939],[134.305803,33.548957],[134.30577,33.548978],[134.305756,33.548991],[134.305748,33.549],[134.305744,33.549013],[134.305742,33.549025],[134.305746,33.549055],[134.305755,33.549089],[134.30577,33.549125],[134.305781,33.549141],[134.305793,33.549156],[134.305805,33.549166],[134.305822,33.549178],[134.305838,33.549188],[134.305882,33.549206],[134.30593,33.549226],[134.305976,33.549245],[134.306007,33.54926],[134.306019,33.549267],[134.306029,33.549275],[134.306049,33.549291],[134.306063,33.549303],[134.306072,33.549312],[134.306081,33.54932],[134.306087,33.549329],[134.306094,33.549339],[134.306119,33.549411],[134.306146,33.549493],[134.30617,33.549574],[134.306196,33.549652],[134.306209,33.54969],[134.306245,33.549762],[134.306291,33.549829],[134.306346,33.54989],[134.306403,33.549943],[134.306465,33.549987],[134.306527,33.550021],[134.30659,33.550044],[134.306665,33.550064],[134.306827,33.550097],[134.306936,33.550119],[134.306976,33.550131],[134.307051,33.550152],[134.307135,33.550177],[134.30722,33.550203],[134.307294,33.550222],[134.307356,33.550232],[134.307418,33.550234],[134.307488,33.55023],[134.307563,33.55022],[134.307602,33.550211],[134.307647,33.550198],[134.307711,33.550173],[134.30781,33.550124],[134.307892,33.550081],[134.308047,33.549995],[134.308149,33.54993],[134.308224,33.549874],[134.308285,33.54982],[134.30834,33.549773],[134.308387,33.549733],[134.308429,33.549701],[134.308465,33.549678],[134.308499,33.549664],[134.308509,33.549662],[134.308535,33.549656],[134.308575,33.549654],[134.30862,33.549657],[134.308672,33.549666],[134.308728,33.549676],[134.308824,33.549689],[134.308828,33.549689],[134.308834,33.549687],[134.308838,33.549686],[134.308841,33.549683],[134.308843,33.549678],[134.308843,33.549674],[134.308841,33.549668],[134.308835,33.549663],[134.308779,33.549627],[134.308733,33.549593],[134.308712,33.549572],[134.308698,33.549552],[134.308692,33.549538],[134.308681,33.549509],[134.308674,33.549469],[134.308675,33.54943],[134.308682,33.549384],[134.308692,33.54933],[134.308704,33.549276],[134.308709,33.549226],[134.308707,33.549183],[134.308701,33.549167],[134.308692,33.549147],[134.308671,33.54912],[134.308655,33.549103],[134.308622,33.54908],[134.308594,33.549067],[134.308564,33.549059],[134.30851,33.549051],[134.308442,33.549045],[134.308388,33.549042],[134.308352,33.549041],[134.308338,33.549038],[134.308324,33.549032],[134.308294,33.549011],[134.308261,33.548985],[134.308226,33.548962],[134.308195,33.548944],[134.308161,33.548918],[134.30813,33.548886],[134.308087,33.54883],[134.308041,33.548774],[134.308004,33.548728],[134.307982,33.548699],[134.30796,33.548657],[134.307945,33.548621],[134.307924,33.548564],[134.307913,33.548524],[134.307899,33.548475],[134.307881,33.548384],[134.30787,33.54833],[134.307855,33.548262],[134.307842,33.548201],[134.307834,33.548142],[134.307832,33.548082],[134.307835,33.548019],[134.307836,33.547952],[134.307835,33.547884],[134.307836,33.547822],[134.307843,33.547771],[134.307854,33.547729],[134.307859,33.547693],[134.307857,33.54766],[134.307847,33.547625],[134.307827,33.547583],[134.307801,33.547533],[134.30777,33.54747],[134.307737,33.547401],[134.307711,33.54734],[134.307695,33.547296],[134.307693,33.547278],[134.307693,33.547241],[134.307698,33.547207],[134.307708,33.547166],[134.307717,33.547139],[134.307734,33.547104],[134.307748,33.547078],[134.307773,33.547043],[134.307806,33.547003],[134.307842,33.546957],[134.307886,33.546911],[134.30791,33.546889],[134.30793,33.546876],[134.307963,33.546856],[134.308025,33.546825],[134.308098,33.546792],[134.308187,33.546753],[134.308317,33.546703],[134.308425,33.546663],[134.30853,33.546625],[134.308631,33.54659],[134.308723,33.546557],[134.308807,33.546528],[134.308883,33.546503],[134.308951,33.546478],[134.309013,33.546454],[134.309042,33.546438],[134.309072,33.54642],[134.309128,33.546383],[134.309179,33.546348],[134.309227,33.546317],[134.309231,33.546316],[134.309293,33.546278],[134.30937,33.546236],[134.309461,33.546193],[134.309509,33.546174],[134.309628,33.546133],[134.309693,33.546113],[134.309745,33.546099],[134.309797,33.546086],[134.309818,33.546082],[134.309839,33.546078],[134.309872,33.546075],[134.30993,33.546076],[134.310046,33.546088],[134.310149,33.546099],[134.310252,33.546114],[134.310418,33.546139],[134.310497,33.546153],[134.310571,33.546161],[134.310633,33.546163],[134.310695,33.54616],[134.310767,33.54615],[134.310827,33.546141],[134.310888,33.546127],[134.310947,33.54611],[134.311014,33.546085],[134.311051,33.546064],[134.311085,33.546041],[134.311107,33.546022],[134.311131,33.545994],[134.311171,33.545942],[134.3112,33.545905],[134.311229,33.545876],[134.311254,33.545856],[134.311332,33.545807],[134.311403,33.545766],[134.311484,33.545725],[134.311526,33.545706],[134.311563,33.545693],[134.311607,33.545681],[134.311695,33.545661],[134.311791,33.54564],[134.311891,33.545616],[134.311977,33.545597],[134.312016,33.545591],[134.312076,33.545587],[134.312127,33.545584],[134.31219,33.545578],[134.312263,33.545564],[134.312337,33.545549],[134.312408,33.545534],[134.312474,33.545523],[134.312542,33.545516],[134.312593,33.545506],[134.312639,33.545495],[134.312683,33.545481],[134.312748,33.545462],[134.312849,33.545437],[134.312897,33.545427],[134.312919,33.545424],[134.312955,33.545419],[134.313019,33.545417],[134.313049,33.545416],[134.313075,33.545418],[134.313109,33.545419],[134.313177,33.545426],[134.313259,33.545433],[134.313388,33.545447],[134.31345,33.545456],[134.313543,33.545472],[134.313634,33.54549],[134.31373,33.545506],[134.313831,33.545521],[134.313934,33.545536],[134.314036,33.545556],[134.314134,33.545578],[134.314223,33.545602],[134.314274,33.545618],[134.314312,33.545632],[134.314351,33.545645],[134.31439,33.545664],[134.314473,33.545709],[134.314555,33.545757],[134.314629,33.545796],[134.314694,33.545828],[134.314754,33.545861],[134.314813,33.545901],[134.314847,33.545929],[134.314879,33.545957],[134.314894,33.545975],[134.31491,33.545998],[134.314932,33.546035],[134.314957,33.546086],[134.314988,33.546154],[134.315038,33.546279],[134.315049,33.546311],[134.315078,33.546391],[134.315096,33.546428],[134.315105,33.546444],[134.315126,33.546471],[134.315154,33.546504],[134.315184,33.546547],[134.315198,33.546571],[134.315206,33.546592],[134.31521,33.546631],[134.315207,33.546672],[134.315213,33.546734],[134.315223,33.546787],[134.315235,33.546832],[134.315252,33.546883],[134.315269,33.54692],[134.315279,33.546938],[134.315304,33.546971],[134.315506,33.547199],[134.3163,33.547015],[134.316293,33.546949],[134.316367,33.546925],[134.316411,33.546909],[134.316431,33.546899],[134.316453,33.546888],[134.316469,33.546876],[134.316483,33.546858],[134.316497,33.546841],[134.316512,33.546818],[134.316522,33.546796],[134.316534,33.546763],[134.316549,33.546704],[134.316556,33.546651],[134.316554,33.546608],[134.316547,33.546561],[134.316538,33.546509],[134.316527,33.54645],[134.316517,33.546411],[134.316513,33.546398],[134.316501,33.54637],[134.316494,33.546355],[134.316448,33.54627],[134.31613,33.545681],[134.316202,33.545654],[134.31652,33.546242],[134.316534,33.546269],[134.316584,33.546362],[134.316853,33.546267],[134.317506,33.546037],[134.317956,33.545703],[134.317747,33.545399],[134.317829,33.545358],[134.318135,33.545803],[134.318597,33.54525],[134.318491,33.545046],[134.318474,33.545012],[134.318614,33.544951],[134.318617,33.544949],[134.318557,33.544857],[134.318047,33.545012],[134.317992,33.544928],[134.31743,33.545029],[134.317389,33.544975],[134.317177,33.545009],[134.317187,33.545045],[134.3173,33.545444],[134.317239,33.545456],[134.317137,33.545096],[134.317046,33.545111],[134.317014,33.545113],[134.316975,33.545114],[134.316923,33.545107],[134.316875,33.545098],[134.316823,33.545085],[134.316783,33.545072],[134.316755,33.54506],[134.316726,33.545045],[134.316711,33.545037],[134.316671,33.545011],[134.316581,33.545045],[134.316154,33.545211],[134.316123,33.545155],[134.316406,33.545045],[134.316611,33.544966],[134.316601,33.544959],[134.316575,33.544938],[134.316565,33.544926],[134.31656,33.544918],[134.316555,33.544895],[134.316551,33.544846],[134.316541,33.544801],[134.316525,33.544755],[134.316518,33.544725],[134.316517,33.544707],[134.316519,33.544683],[134.31653,33.544636],[134.316539,33.544592],[134.31654,33.544575],[134.316534,33.544555],[134.316523,33.544532],[134.316501,33.544492],[134.316497,33.544486],[134.316494,33.544483],[134.316491,33.544481],[134.316482,33.544475],[134.316477,33.544474],[134.316474,33.544473],[134.316465,33.544471],[134.316422,33.544468],[134.316386,33.544463],[134.316348,33.544457],[134.316303,33.544449],[134.316246,33.544436],[134.316186,33.544422],[134.316149,33.544409],[134.316121,33.544396],[134.31609,33.544377],[134.31606,33.544357],[134.316037,33.544332],[134.31603,33.54432],[134.316028,33.544307],[134.316031,33.544293],[134.316048,33.544265],[134.316075,33.544222],[134.316121,33.54416],[134.316159,33.544117],[134.31621,33.544069],[134.316262,33.544017],[134.316307,33.543964],[134.316349,33.543915],[134.316379,33.543889],[134.3164,33.543874],[134.316427,33.54386],[134.316452,33.543852],[134.316482,33.543843],[134.316518,33.543839],[134.316555,33.543837],[134.31659,33.54384],[134.316596,33.54384],[134.316611,33.54384],[134.316617,33.543839],[134.316626,33.543837],[134.316631,33.543836],[134.31664,33.543833],[134.316644,33.543832],[134.316653,33.543827],[134.316662,33.543822],[134.316665,33.54382],[134.316808,33.543715],[134.316843,33.543693],[134.316889,33.543669],[134.316936,33.543647],[134.316972,33.543633],[134.317006,33.543621],[134.317051,33.543603],[134.317105,33.543579],[134.317158,33.54355],[134.317188,33.543531],[134.317204,33.543516],[134.317225,33.543492],[134.317263,33.54344],[134.317283,33.543411],[134.317303,33.543369],[134.317321,33.543328],[134.317338,33.543287],[134.317356,33.543242],[134.317373,33.543194],[134.317383,33.54315],[134.317383,33.54313],[134.31738,33.543112],[134.317373,33.543095],[134.317362,33.54308],[134.317334,33.543051],[134.317299,33.54302],[134.317249,33.542988],[134.317229,33.543001],[134.317217,33.543005],[134.317206,33.543005],[134.317167,33.542989],[134.317131,33.542972],[134.317078,33.542946],[134.317011,33.542915],[134.316942,33.542882],[134.316882,33.542853],[134.316836,33.542826],[134.316809,33.542801],[134.316803,33.542788],[134.3168,33.542776],[134.316803,33.542748],[134.316815,33.542716],[134.31683,33.542688],[134.316857,33.542654],[134.316877,33.542637],[134.316903,33.542623],[134.316929,33.542613],[134.316943,33.542611],[134.316968,33.542608],[134.317002,33.54261],[134.317036,33.542616],[134.317062,33.542622],[134.317091,33.542632],[134.317144,33.542658],[134.317188,33.542685],[134.317228,33.542715],[134.317266,33.542745],[134.317303,33.542771],[134.317343,33.542795],[134.317387,33.542816],[134.317432,33.542834],[134.3175,33.542862],[134.317518,33.54287],[134.317531,33.54287],[134.317536,33.542866],[134.317542,33.542855],[134.317545,33.542841],[134.317545,33.542827],[134.317542,33.542818],[134.317534,33.54281],[134.317508,33.542792],[134.317486,33.542776],[134.317461,33.542751],[134.317449,33.542731],[134.317439,33.542702],[134.317429,33.542663],[134.317426,33.542638],[134.31743,33.542601],[134.317438,33.542569],[134.317449,33.542536],[134.317487,33.542434],[134.3175,33.542403],[134.317521,33.542365],[134.317545,33.542339],[134.317563,33.542326],[134.317594,33.54231],[134.31764,33.542295],[134.3177,33.542279],[134.317757,33.542267],[134.317814,33.542256],[134.317876,33.542245],[134.317948,33.542233],[134.31803,33.542223],[134.318129,33.542214],[134.318156,33.542209],[134.318175,33.5422],[134.318191,33.542179],[134.318203,33.542152],[134.318205,33.542145],[134.31821,33.542125],[134.318214,33.542095],[134.318216,33.542061],[134.318211,33.542023],[134.318203,33.542],[134.318193,33.54198],[134.318154,33.541935],[134.31811,33.541892],[134.318071,33.541857],[134.318043,33.541832],[134.318018,33.541815],[134.318003,33.54181],[134.317968,33.541804],[134.317923,33.541801],[134.317862,33.541801],[134.317794,33.541803],[134.317725,33.541811],[134.317652,33.541821],[134.317537,33.541838],[134.317422,33.541855],[134.317347,33.541867],[134.317283,33.54188],[134.317227,33.54189],[134.317176,33.541897],[134.317127,33.541897],[134.317075,33.541889],[134.31702,33.541875],[134.31697,33.541858],[134.316928,33.541842],[134.316907,33.541828],[134.316889,33.541812],[134.316883,33.541802],[134.316874,33.541782],[134.316872,33.541774],[134.316873,33.541767],[134.316877,33.541759],[134.316925,33.54169],[134.316959,33.541639],[134.316996,33.541592],[134.317038,33.541553],[134.317081,33.54152],[134.317179,33.541467],[134.317229,33.541442],[134.31728,33.541413],[134.317327,33.541376],[134.317418,33.541291],[134.317508,33.541197],[134.317597,33.541101],[134.317689,33.541011],[134.317782,33.540929],[134.317878,33.540852],[134.317979,33.540774],[134.318085,33.54069],[134.318193,33.540606],[134.318297,33.540534],[134.318404,33.540471],[134.318526,33.540406],[134.318667,33.540331],[134.318747,33.540291],[134.318832,33.540255],[134.318922,33.540221],[134.319016,33.540191],[134.319111,33.540166],[134.319297,33.540126],[134.319458,33.540095],[134.319527,33.540081],[134.319589,33.540064],[134.319647,33.540045],[134.319702,33.540023],[134.319807,33.539962],[134.319863,33.53993],[134.319925,33.539898],[134.319996,33.53987],[134.320075,33.539845],[134.320163,33.539826],[134.320344,33.539794],[134.320507,33.539768],[134.320642,33.539748],[134.320703,33.53974],[134.320821,33.539735],[134.320878,33.539735],[134.320985,33.539742],[134.321066,33.539746],[134.321082,33.539747],[134.321097,33.53975],[134.321191,33.539772],[134.321303,33.539803],[134.321393,33.53983],[134.321473,33.539849],[134.321512,33.539856],[134.321553,33.539857],[134.321594,33.539854],[134.321632,33.539848],[134.321664,33.539839],[134.321689,33.539826],[134.321703,33.53981],[134.321722,33.539778],[134.321737,33.539767],[134.321762,33.539762],[134.321801,33.539764],[134.321854,33.539774],[134.321916,33.539789],[134.322055,33.539828],[134.322195,33.539865],[134.32233,33.539897],[134.322396,33.539908],[134.32252,33.53992],[134.322648,33.539925],[134.322789,33.539933],[134.322941,33.539944],[134.323085,33.539954],[134.323206,33.539958],[134.323313,33.539962],[134.323419,33.539969],[134.323526,33.53998],[134.323623,33.539982],[134.323698,33.539969],[134.323762,33.539959],[134.323792,33.53996],[134.323821,33.539969],[134.323852,33.539984],[134.323884,33.540004],[134.323952,33.540048],[134.324027,33.540086],[134.324114,33.540121],[134.324218,33.540156],[134.324318,33.540192],[134.324355,33.54021],[134.324377,33.540228],[134.324378,33.540244],[134.324365,33.54026],[134.324344,33.540277],[134.324318,33.540291],[134.324281,33.54032],[134.324273,33.540335],[134.324269,33.540351],[134.324269,33.54037],[134.324271,33.54042],[134.324264,33.540479],[134.324255,33.540506],[134.324241,33.540531],[134.324219,33.540548],[134.324194,33.540562],[134.324165,33.540573],[134.324111,33.540594],[134.324089,33.540607],[134.324073,33.540622],[134.324063,33.54064],[134.324061,33.540658],[134.32407,33.540679],[134.324086,33.540699],[134.324141,33.540743],[134.3242,33.540796],[134.324224,33.540826],[134.324266,33.540888],[134.324307,33.540946],[134.324329,33.540968],[134.324372,33.541008],[134.324387,33.541027],[134.324393,33.541049],[134.324388,33.541073],[134.324375,33.5411],[134.324355,33.541126],[134.32433,33.541149],[134.324301,33.54117],[134.32427,33.541183],[134.324236,33.541193],[134.324201,33.541198],[134.324119,33.541204],[134.324024,33.54121],[134.32398,33.541217],[134.323943,33.541226],[134.323916,33.541242],[134.323901,33.541261],[134.323895,33.541285],[134.323887,33.541338],[134.323874,33.541364],[134.323848,33.541386],[134.323811,33.541405],[134.323766,33.54142],[134.323712,33.54143],[134.323655,33.541434],[134.323594,33.54143],[134.323531,33.541424],[134.32347,33.541412],[134.32341,33.541398],[134.323302,33.541369],[134.323211,33.541339],[134.323125,33.541304],[134.32304,33.541262],[134.322968,33.541232],[134.322945,33.541229],[134.322929,33.541235],[134.322921,33.541251],[134.322918,33.541273],[134.322914,33.541326],[134.322908,33.541351],[134.322899,33.541373],[134.322887,33.541391],[134.322874,33.541402],[134.322861,33.541406],[134.322847,33.541401],[134.322815,33.541373],[134.322773,33.541339],[134.322746,33.541324],[134.322688,33.5413],[134.322643,33.541278],[134.322628,33.541265],[134.322613,33.541237],[134.322597,33.541214],[134.322582,33.541206],[134.322564,33.541203],[134.322544,33.541205],[134.322525,33.541211],[134.322507,33.541225],[134.322493,33.541245],[134.322481,33.54127],[134.322473,33.5413],[134.322459,33.541368],[134.322448,33.541434],[134.322443,33.541494],[134.32245,33.541542],[134.322458,33.541562],[134.322483,33.541605],[134.322513,33.54165],[134.322515,33.541654],[134.322517,33.54166],[134.322518,33.541664],[134.322518,33.541671],[134.322516,33.541678],[134.322511,33.541687],[134.322481,33.541722],[134.322399,33.541817],[134.322284,33.541928],[134.322221,33.541977],[134.322155,33.542021],[134.322089,33.542062],[134.322021,33.542096],[134.321956,33.542127],[134.321892,33.54215],[134.321833,33.542169],[134.321742,33.542196],[134.321717,33.542207],[134.321706,33.542217],[134.321709,33.542227],[134.321953,33.542516],[134.322043,33.54263],[134.32213,33.542738],[134.322173,33.5428],[134.322217,33.542873],[134.322261,33.542958],[134.32235,33.543143],[134.322428,33.543301],[134.32246,33.543354],[134.322486,33.54339],[134.322527,33.543431],[134.322553,33.543459],[134.322572,33.543494],[134.322594,33.543543],[134.322623,33.543607],[134.322646,33.543675],[134.322652,33.543707],[134.322649,33.543733],[134.322641,33.543757],[134.322626,33.543801],[134.322623,33.543827],[134.322625,33.543856],[134.322634,33.543887],[134.322647,33.543915],[134.322662,33.543941],[134.322679,33.54396],[134.322694,33.54397],[134.322709,33.543973],[134.322728,33.543971],[134.32278,33.543966],[134.322816,33.543966],[134.322856,33.543972],[134.322899,33.543981],[134.32294,33.543995],[134.322978,33.544017],[134.323008,33.544043],[134.323031,33.544074],[134.323046,33.544107],[134.323053,33.544141],[134.323052,33.544174],[134.323041,33.544203],[134.323022,33.544228],[134.322995,33.54425],[134.322963,33.544267],[134.322924,33.544279],[134.32288,33.544286],[134.322833,33.54429],[134.322729,33.544294],[134.32262,33.544307],[134.322565,33.544318],[134.322511,33.544332],[134.322459,33.544348],[134.322364,33.544383],[134.322322,33.544403],[134.322287,33.544423],[134.322257,33.544445],[134.322236,33.54447],[134.32222,33.544496],[134.322202,33.544558],[134.322178,33.544629],[134.322128,33.544708],[134.322094,33.544748],[134.322016,33.544829],[134.321929,33.544904],[134.32184,33.544976],[134.321759,33.545046],[134.321752,33.545052],[134.321661,33.545128],[134.321606,33.545165],[134.321544,33.545199],[134.32147,33.54523],[134.321387,33.545257],[134.321298,33.545282],[134.32115,33.54532],[134.321112,33.545326],[134.321067,33.545331],[134.320987,33.545342],[134.320919,33.545356],[134.32086,33.545372],[134.320807,33.545385],[134.320756,33.545393],[134.320708,33.545397],[134.320656,33.545396],[134.320604,33.545392],[134.320557,33.545384],[134.320526,33.545376],[134.320469,33.545361],[134.32046,33.545359],[134.320451,33.545358],[134.320439,33.545359],[134.320431,33.545361],[134.320409,33.545371],[134.320354,33.545406],[134.320315,33.545434],[134.320275,33.545469],[134.320234,33.545513],[134.320214,33.54554],[134.320195,33.545565],[134.320178,33.545593],[134.320163,33.545623],[134.320151,33.545649],[134.320143,33.545678],[134.320133,33.545723],[134.320126,33.545782],[134.320116,33.54591],[134.320111,33.545972],[134.320107,33.546035],[134.320104,33.546099],[134.320112,33.54613],[134.320123,33.546152],[134.320137,33.546168],[134.320162,33.546187],[134.320189,33.546206],[134.320217,33.546222],[134.320253,33.546245],[134.320271,33.546253],[134.320327,33.546275],[134.320371,33.546288],[134.320416,33.546302],[134.32047,33.546316],[134.320596,33.546343],[134.320642,33.546356],[134.320678,33.546366],[134.3207,33.546374],[134.320706,33.54638],[134.320716,33.546389],[134.320722,33.546399],[134.320726,33.54642],[134.32072,33.546442],[134.320714,33.54645],[134.320695,33.546465],[134.32064,33.546498],[134.320607,33.546517],[134.320543,33.546552],[134.320465,33.546593],[134.320384,33.546633],[134.320301,33.54667],[134.320259,33.546686],[134.320178,33.546715],[134.3201,33.54674],[134.320027,33.54676],[134.31996,33.546778],[134.319895,33.546793],[134.319833,33.546805],[134.319787,33.546814],[134.319772,33.546818],[134.319767,33.54682],[134.31976,33.546824],[134.319751,33.54683],[134.319742,33.546838],[134.319727,33.54686],[134.319702,33.546899],[134.319677,33.546934],[134.319649,33.546964],[134.319632,33.546979],[134.319613,33.546994],[134.319594,33.547003],[134.319554,33.547015],[134.31951,33.547023],[134.319435,33.547035],[134.319384,33.547045],[134.319346,33.547057],[134.319292,33.547079],[134.31924,33.547106],[134.319191,33.547137],[134.319141,33.547176],[134.319084,33.547225],[134.319018,33.547286],[134.318944,33.547357],[134.318861,33.547435],[134.31877,33.547524],[134.318674,33.547624],[134.31858,33.547725],[134.318498,33.547813],[134.31843,33.547874],[134.31838,33.547912],[134.318315,33.547955],[134.318233,33.548008],[134.31815,33.548065],[134.318071,33.54812],[134.318004,33.548174],[134.317971,33.548206],[134.317954,33.548225],[134.317936,33.548248],[134.31791,33.54829],[134.317878,33.548347],[134.317822,33.548441],[134.317784,33.548503],[134.317744,33.548565],[134.317705,33.54864],[134.317689,33.548674],[134.317679,33.548705],[134.317673,33.548731],[134.317671,33.54875],[134.317668,33.548774],[134.31767,33.548809],[134.317674,33.548831],[134.317677,33.548841],[134.317684,33.548849],[134.317687,33.548852],[134.317697,33.548857],[134.317707,33.54886],[134.317747,33.548865],[134.317762,33.548868],[134.317772,33.548872],[134.317786,33.548883],[134.317788,33.548895],[134.317786,33.548913],[134.317778,33.548931],[134.317765,33.54895],[134.317748,33.548965],[134.317729,33.548981],[134.317695,33.549001],[134.317667,33.549012],[134.317632,33.549021],[134.317582,33.549029],[134.317449,33.549048],[134.317372,33.54906],[134.3173,33.549068],[134.317237,33.549071],[134.317214,33.54907],[134.317179,33.549066],[134.31716,33.549062],[134.317139,33.549056],[134.317103,33.549041],[134.317056,33.549016],[134.317011,33.548984],[134.316995,33.548969],[134.316966,33.548937],[134.316952,33.548919],[134.316925,33.548879],[134.316879,33.548802],[134.316834,33.548723],[134.316789,33.54865],[134.316757,33.548593],[134.316739,33.548553],[134.316724,33.548513],[134.316705,33.548438],[134.316701,33.548414],[134.316691,33.548386],[134.316681,33.54837],[134.31667,33.548359],[134.316652,33.548345],[134.316645,33.548336],[134.316641,33.548323],[134.316639,33.548306],[134.316643,33.548265],[134.316652,33.54822],[134.31666,33.548197],[134.316679,33.548148],[134.316713,33.548096],[134.316758,33.54804],[134.31681,33.547989],[134.316857,33.547942],[134.316899,33.547899],[134.316938,33.547856],[134.316971,33.547813],[134.317066,33.547683],[134.316738,33.547175],[134.316709,33.547224],[134.316686,33.547255],[134.316662,33.547283],[134.316635,33.54731],[134.316605,33.547336],[134.316572,33.547363],[134.316536,33.547388],[134.316502,33.547409],[134.316397,33.547465],[134.315705,33.54785],[134.315602,33.547911],[134.315555,33.547941],[134.315535,33.547954],[134.315517,33.547968],[134.315485,33.547999],[134.315461,33.548026],[134.315434,33.54806],[134.315405,33.548098],[134.315374,33.54814],[134.315337,33.548186],[134.315295,33.548238],[134.315256,33.54828],[134.315197,33.548345],[134.315143,33.548398],[134.315091,33.548445],[134.315041,33.548481],[134.315004,33.548502],[134.314965,33.54852],[134.3149,33.548548],[134.314823,33.54858],[134.314749,33.548611],[134.314662,33.548645],[134.314563,33.54868],[134.314467,33.548713],[134.314382,33.548741],[134.314311,33.548765],[134.314232,33.548794],[134.314139,33.548824],[134.31409,33.548838],[134.314045,33.54885],[134.314026,33.548882],[134.314008,33.548909],[134.313987,33.548933],[134.313956,33.548962],[134.313922,33.548989],[134.313887,33.549019],[134.31385,33.549053],[134.31382,33.549082],[134.313791,33.549117],[134.31377,33.549146],[134.313749,33.549183],[134.313734,33.549223],[134.313725,33.549266],[134.313721,33.549299],[134.313716,33.549337],[134.313712,33.549357],[134.313704,33.549377],[134.313681,33.549427],[134.313654,33.549479],[134.313633,33.549522],[134.313627,33.54954],[134.313624,33.549551],[134.313625,33.549571],[134.313629,33.549586],[134.313639,33.54961],[134.313661,33.54965],[134.313693,33.5497],[134.313731,33.549749],[134.313771,33.549799],[134.313808,33.549848],[134.31384,33.549894],[134.313873,33.549941],[134.313907,33.549985],[134.313933,33.550013],[134.313955,33.550033],[134.313972,33.550046],[134.313996,33.550059],[134.314025,33.550074],[134.314052,33.550083],[134.314108,33.550101],[134.314166,33.550116],[134.314234,33.550132],[134.314267,33.55014],[134.314282,33.550144],[134.314304,33.550153],[134.314321,33.550166],[134.314336,33.550179],[134.314373,33.550212],[134.314409,33.55025],[134.314444,33.55029],[134.314483,33.550332],[134.314527,33.550373],[134.314577,33.550413],[134.314631,33.550454],[134.314691,33.550492],[134.314761,33.550533],[134.314841,33.550576],[134.315277,33.550786],[134.315346,33.550823],[134.315426,33.550867],[134.315461,33.550882],[134.315478,33.550885],[134.315493,33.550886],[134.315523,33.550888],[134.315584,33.550888],[134.315647,33.550891],[134.315676,33.550895],[134.315734,33.550906],[134.315804,33.550924],[134.315887,33.550949],[134.315929,33.550965],[134.315966,33.550986],[134.315997,33.551011],[134.316018,33.551042],[134.31603,33.551077],[134.316036,33.551114],[134.316036,33.551152],[134.316033,33.551223],[134.316035,33.551283],[134.316045,33.551308],[134.316064,33.551331],[134.316091,33.551351],[134.316127,33.551369],[134.316213,33.551401],[134.316303,33.55143],[134.316384,33.55146],[134.316452,33.551491],[134.316503,33.551527],[134.316538,33.551565],[134.316551,33.551586],[134.316559,33.551608],[134.316564,33.551629],[134.316563,33.551651],[134.316556,33.551672],[134.316542,33.551691],[134.316518,33.551709],[134.316488,33.551724],[134.316453,33.551736],[134.316416,33.551746],[134.316341,33.551752],[134.316306,33.551751],[134.316234,33.551743],[134.316161,33.551738],[134.316086,33.551741],[134.316016,33.551751],[134.315954,33.55177],[134.315899,33.551794],[134.315847,33.551816],[134.315804,33.55184],[134.31579,33.551855],[134.315783,33.551873],[134.315785,33.551897],[134.315808,33.551952],[134.315843,33.552007],[134.315871,33.552055],[134.315879,33.552076],[134.315882,33.552095],[134.31588,33.552112],[134.31587,33.552129],[134.315854,33.552144],[134.315833,33.552155],[134.315811,33.552163],[134.315788,33.552165],[134.315766,33.552161],[134.315745,33.552153],[134.315715,33.55214],[134.315707,33.552141],[134.315705,33.552151],[134.315709,33.552167],[134.315728,33.552209],[134.315762,33.552247],[134.315799,33.552276],[134.315814,33.552292],[134.315826,33.552309],[134.315832,33.552331],[134.315832,33.552354],[134.315824,33.552402],[134.31581,33.55244],[134.315801,33.552471],[134.315801,33.55249],[134.315818,33.552545],[134.315835,33.552581],[134.315883,33.552665],[134.315944,33.552754],[134.31601,33.552839],[134.316075,33.552916],[134.316134,33.552984],[134.316196,33.553047],[134.316273,33.553116],[134.31636,33.553188],[134.316437,33.553249],[134.316487,33.553291],[134.316503,33.553308],[134.316514,33.553326],[134.316521,33.553345],[134.31652,33.553398],[134.316514,33.553427],[134.316503,33.553456],[134.316486,33.553484],[134.316462,33.553512],[134.316434,33.553536],[134.316372,33.553583],[134.316314,33.553625],[134.31627,33.553668],[134.316256,33.55369],[134.316249,33.553711],[134.316248,33.553732],[134.316256,33.553754],[134.316272,33.553774],[134.316296,33.553795],[134.316328,33.553814],[134.316414,33.553851],[134.316507,33.553889],[134.31655,33.55391],[134.316586,33.553935],[134.316616,33.553959],[134.316676,33.554003],[134.31671,33.554018],[134.316749,33.554027],[134.316792,33.554032],[134.316836,33.554034],[134.316922,33.554032],[134.316987,33.554036],[134.317043,33.554042],[134.317098,33.55405],[134.317157,33.554059],[134.317215,33.554069],[134.317269,33.554086],[134.317295,33.554098],[134.317349,33.554126],[134.317403,33.554165],[134.317455,33.554201],[134.317498,33.55422],[134.317517,33.554221],[134.317533,33.554218],[134.317569,33.554202],[134.31761,33.554185],[134.317653,33.554173],[134.317671,33.554173],[134.317686,33.554179],[134.317711,33.5542],[134.317737,33.554227],[134.317769,33.55425],[134.317805,33.554266],[134.317839,33.554281],[134.317872,33.554298],[134.317914,33.55433],[134.317968,33.554382],[134.318033,33.554439],[134.3181,33.554485],[134.318167,33.554515],[134.318239,33.554535],[134.31832,33.554555],[134.31841,33.554575],[134.318507,33.554597],[134.318604,33.55462],[134.318685,33.554645],[134.31874,33.554673],[134.318782,33.554698],[134.318828,33.554714],[134.318856,33.554719],[134.318924,33.554724],[134.31901,33.554731],[134.3191,33.554743],[134.31914,33.554753],[134.319171,33.554765],[134.319189,33.554782],[134.319199,33.554802],[134.31921,33.554848],[134.31922,33.554873],[134.319236,33.554899],[134.319282,33.55495],[134.319322,33.554997],[134.319332,33.555017],[134.319343,33.555047],[134.31935,33.555052],[134.319364,33.55505],[134.319385,33.555041],[134.319442,33.555004],[134.319491,33.554959],[134.319504,33.554939],[134.319509,33.554921],[134.31951,33.554903],[134.319506,33.554863],[134.319507,33.554816],[134.319513,33.554792],[134.319525,33.554773],[134.319544,33.554759],[134.31957,33.554753],[134.319601,33.554753],[134.319638,33.554757],[134.319676,33.554766],[134.319753,33.554787],[134.319829,33.554811],[134.319911,33.554841],[134.320002,33.55488],[134.320092,33.554921],[134.320164,33.554959],[134.320191,33.554978],[134.320211,33.554996],[134.320223,33.555017],[134.320226,33.55504],[134.32022,33.555068],[134.320209,33.555098],[134.320191,33.55513],[134.32015,33.555193],[134.32011,33.555251],[134.320102,33.555262],[134.320076,33.555303],[134.320046,33.555354],[134.320024,33.555405],[134.320013,33.555457],[134.320008,33.555509],[134.320003,33.555533],[134.319991,33.555557],[134.319971,33.555579],[134.319939,33.555599],[134.319898,33.555618],[134.319809,33.555653],[134.319733,33.55569],[134.319705,33.55571],[134.319663,33.555751],[134.319637,33.555792],[134.319609,33.555832],[134.31959,33.555849],[134.319565,33.555864],[134.319531,33.555875],[134.31949,33.555885],[134.319444,33.55589],[134.319343,33.555893],[134.319291,33.555889],[134.319187,33.555878],[134.319088,33.555869],[134.31899,33.555869],[134.318894,33.555878],[134.318792,33.555891],[134.318684,33.555906],[134.318559,33.555916],[134.318415,33.555916],[134.318269,33.555907],[134.318203,33.555899],[134.318092,33.555879],[134.317996,33.555859],[134.317896,33.555846],[134.317841,33.555842],[134.317724,33.555841],[134.317598,33.555844],[134.317472,33.555844],[134.317411,33.55584],[134.317355,33.555833],[134.317303,33.555821],[134.317256,33.555806],[134.317167,33.555774],[134.317122,33.555761],[134.317073,33.555752],[134.317024,33.555745],[134.316972,33.555741],[134.316869,33.555736],[134.316766,33.55573],[134.316673,33.555727],[134.316594,33.555735],[134.316561,33.555743],[134.316533,33.555753],[134.316509,33.555765],[134.316491,33.555779],[134.316477,33.555794],[134.316468,33.555808],[134.316462,33.555822],[134.316461,33.555833],[134.316465,33.555843],[134.31647,33.555849],[134.316479,33.555851],[134.316506,33.555852],[134.316545,33.555854],[134.316595,33.555861],[134.316656,33.555874],[134.316723,33.555888],[134.316798,33.555911],[134.316885,33.555943],[134.316975,33.555985],[134.31706,33.55603],[134.317128,33.556073],[134.317192,33.55611],[134.317228,33.556125],[134.317265,33.556136],[134.317346,33.556155],[134.317424,33.55617],[134.317485,33.556186],[134.317509,33.556197],[134.317531,33.556209],[134.31757,33.556243],[134.31761,33.556286],[134.317637,33.556308],[134.317669,33.55633],[134.317708,33.556352],[134.317798,33.556391],[134.317877,33.556427],[134.317903,33.556443],[134.317937,33.556475],[134.317951,33.556494],[134.317979,33.556542],[134.318013,33.556601],[134.318042,33.556666],[134.318049,33.556697],[134.318053,33.556729],[134.318053,33.556761],[134.318043,33.556825],[134.318033,33.556858],[134.318005,33.556921],[134.317971,33.556978],[134.317952,33.557002],[134.317931,33.557023],[134.317907,33.55704],[134.317882,33.557054],[134.317851,33.557064],[134.317778,33.557075],[134.317694,33.557085],[134.317651,33.557094],[134.317607,33.557107],[134.317567,33.557123],[134.317494,33.557161],[134.317441,33.557197],[134.317413,33.557228],[134.317406,33.557244],[134.317404,33.557272],[134.317409,33.557287],[134.317423,33.55732],[134.317443,33.557361],[134.317458,33.557406],[134.31746,33.557429],[134.317456,33.557451],[134.317443,33.55747],[134.317424,33.557487],[134.317401,33.557501],[134.317351,33.557523],[134.317326,33.55753],[134.317282,33.557536],[134.317235,33.55754],[134.317181,33.557541],[134.317136,33.557546],[134.317121,33.557553],[134.317112,33.557561],[134.317111,33.557573],[134.317123,33.557599],[134.317144,33.557624],[134.317165,33.557648],[134.317178,33.557674],[134.317176,33.557704],[134.317169,33.557719],[134.31716,33.557733],[134.317147,33.557744],[134.31713,33.557751],[134.317086,33.557759],[134.317028,33.557765],[134.316955,33.557776],[134.316874,33.557793],[134.316792,33.557818],[134.316754,33.557834],[134.316684,33.557868],[134.316656,33.557886],[134.316611,33.557921],[134.316578,33.557957],[134.316549,33.557997],[134.316516,33.55804],[134.316476,33.558086],[134.316429,33.558127],[134.316385,33.558156],[134.316369,33.558161],[134.316357,33.558157],[134.316352,33.558147],[134.31635,33.558131],[134.316357,33.558092],[134.316369,33.558052],[134.316377,33.558025],[134.316374,33.558019],[134.316365,33.55802],[134.316332,33.558034],[134.316297,33.558059],[134.316268,33.558081],[134.316238,33.558106],[134.316191,33.558139],[134.316124,33.558179],[134.316043,33.558223],[134.315954,33.558265],[134.315865,33.558302],[134.31578,33.558334],[134.315696,33.558361],[134.315605,33.558385],[134.3155,33.558409],[134.315398,33.558433],[134.315313,33.558458],[134.315249,33.558481],[134.315196,33.558504],[134.315144,33.558523],[134.315091,33.558544],[134.315035,33.558564],[134.314982,33.55858],[134.314957,33.558584],[134.314935,33.558583],[134.314917,33.558576],[134.314902,33.558564],[134.314877,33.558527],[134.314852,33.558478],[134.314822,33.55842],[134.314792,33.558355],[134.31476,33.558281],[134.314732,33.558208],[134.314708,33.558144],[134.31469,33.558089],[134.314675,33.558039],[134.314661,33.557987],[134.314653,33.557941],[134.314654,33.557908],[134.314662,33.557896],[134.314691,33.557877],[134.314748,33.55785],[134.314826,33.557815],[134.31491,33.557782],[134.31498,33.557756],[134.315009,33.557743],[134.315032,33.557727],[134.315048,33.557706],[134.315056,33.557678],[134.315058,33.557647],[134.315055,33.557612],[134.315043,33.557544],[134.315025,33.55749],[134.315011,33.557471],[134.314993,33.557459],[134.314968,33.557454],[134.314933,33.557456],[134.31485,33.557477],[134.314763,33.557499],[134.314723,33.557505],[134.314686,33.557507],[134.314652,33.557505],[134.314587,33.557496],[134.31452,33.557477],[134.314487,33.557463],[134.314452,33.557443],[134.314417,33.557419],[134.314344,33.557352],[134.31428,33.55728],[134.314235,33.557226],[134.314202,33.557184],[134.314168,33.557127],[134.314117,33.557031],[134.314064,33.556924],[134.314019,33.556841],[134.313984,33.556795],[134.313946,33.55677],[134.313893,33.556755],[134.31383,33.556747],[134.313798,33.556747],[134.313734,33.556754],[134.313668,33.556768],[134.313598,33.556785],[134.313525,33.556796],[134.313488,33.556796],[134.313454,33.55679],[134.313419,33.556776],[134.313387,33.556755],[134.313356,33.556728],[134.313327,33.556693],[134.313299,33.556653],[134.313245,33.556557],[134.313197,33.556452],[134.313178,33.556406],[134.313156,33.556353],[134.31312,33.556263],[134.313087,33.556178],[134.312995,33.556169],[134.312945,33.55616],[134.312902,33.556152],[134.312879,33.556149],[134.312865,33.556149],[134.312858,33.55615],[134.312844,33.556152],[134.312837,33.556153],[134.31283,33.556155],[134.312816,33.556159],[134.312797,33.556167],[134.312785,33.556174],[134.31278,33.556177],[134.312677,33.556249],[134.312962,33.556822],[134.312992,33.556833],[134.313077,33.556986],[134.31306,33.55701],[134.313042,33.557029],[134.313014,33.557051],[134.312987,33.557077],[134.31297,33.557106],[134.312968,33.557121],[134.31297,33.557154],[134.312978,33.557187],[134.312991,33.557222],[134.313005,33.557258],[134.313185,33.557216],[134.313231,33.557204],[134.313204,33.557081],[134.313272,33.557068],[134.313302,33.557188],[134.313549,33.557129],[134.313704,33.557102],[134.313727,33.557227],[134.313475,33.557468],[134.313511,33.557616],[134.313529,33.557734],[134.313596,33.557722],[134.31364,33.557909],[134.313565,33.557944],[134.313627,33.558244],[134.314331,33.558057],[134.314359,33.558037],[134.314386,33.558025],[134.314397,33.558024],[134.314405,33.558027],[134.314411,33.558033],[134.314417,33.558056],[134.314417,33.558086],[134.314412,33.558121],[134.314405,33.558158],[134.31423,33.558193],[134.314117,33.558221],[134.313989,33.558255],[134.313866,33.558289],[134.313763,33.558315],[134.31368,33.558336],[134.313605,33.558355],[134.31354,33.558376],[134.313514,33.558389],[134.313493,33.558405],[134.313477,33.558422],[134.313466,33.558442],[134.31346,33.558464],[134.313456,33.558518],[134.313458,33.55858],[134.313464,33.55864],[134.313472,33.558687],[134.31348,33.558723],[134.313487,33.558764],[134.313489,33.558822],[134.313484,33.558887],[134.313477,33.558918],[134.313466,33.558944],[134.313451,33.558967],[134.313434,33.558986],[134.313392,33.55902],[134.313344,33.559048],[134.313293,33.559078],[134.313242,33.559114],[134.313204,33.559147],[134.313193,33.559156],[134.313151,33.559201],[134.313117,33.559245],[134.31309,33.559293],[134.313061,33.55935],[134.313032,33.559413],[134.313004,33.559472],[134.31298,33.559521],[134.312951,33.559576],[134.31291,33.559656],[134.312821,33.559818],[134.31279,33.559872],[134.312777,33.559901],[134.312759,33.559952],[134.312744,33.560004],[134.31273,33.560063],[134.312717,33.560131],[134.312717,33.560164],[134.312724,33.560217],[134.312737,33.560255],[134.312758,33.560291],[134.312784,33.560324],[134.312815,33.560355],[134.312852,33.560386],[134.312892,33.560416],[134.312937,33.560444],[134.312997,33.560474],[134.313059,33.560507],[134.313088,33.560528],[134.313111,33.560548],[134.313158,33.560588],[134.313183,33.560602],[134.31321,33.560611],[134.313217,33.560611],[134.313225,33.560611],[134.313258,33.560606],[134.313293,33.560597],[134.313325,33.560585],[134.313356,33.560577],[134.313371,33.560577],[134.313399,33.560583],[134.313425,33.560598],[134.31345,33.560617],[134.313492,33.560668],[134.313517,33.560701],[134.313536,33.560734],[134.313559,33.560781],[134.313582,33.560844],[134.313602,33.560909],[134.313618,33.560975],[134.313626,33.561041],[134.313626,33.561074],[134.313613,33.561124],[134.313603,33.561148],[134.313576,33.561196],[134.313539,33.561241],[134.313517,33.56126],[134.313493,33.561277],[134.313467,33.561292],[134.31341,33.56131],[134.313354,33.561327],[134.313331,33.56134],[134.313307,33.561357],[134.313269,33.561402],[134.313233,33.56145],[134.313225,33.561457],[134.313214,33.561469],[134.313172,33.561503],[134.313126,33.561533],[134.313055,33.561569],[134.312981,33.561599],[134.312917,33.56162],[134.312864,33.561636],[134.312811,33.56165],[134.31268,33.5622],[134.312564,33.562181],[134.31268,33.561653],[134.312542,33.561712],[134.312483,33.561733],[134.312452,33.561739],[134.312422,33.561742],[134.312394,33.561739],[134.312369,33.56173],[134.312348,33.561717],[134.312316,33.561687],[134.3123,33.561663],[134.312287,33.561637],[134.312266,33.561583],[134.312233,33.561509],[134.312197,33.561439],[134.312159,33.561372],[134.312124,33.561309],[134.312089,33.561244],[134.312058,33.561185],[134.312032,33.561124],[134.312017,33.561077],[134.312011,33.561041],[134.312012,33.561004],[134.312017,33.560969],[134.312018,33.560939],[134.312015,33.560926],[134.312003,33.560912],[134.311985,33.560902],[134.311938,33.560885],[134.311884,33.560873],[134.311843,33.560868],[134.311809,33.560867],[134.311749,33.560869],[134.311689,33.560874],[134.311638,33.560882],[134.311587,33.560892],[134.311547,33.560905],[134.311492,33.560931],[134.311467,33.56095],[134.311446,33.56097],[134.31143,33.560991],[134.31142,33.561015],[134.311417,33.561037],[134.311421,33.561058],[134.311429,33.561082],[134.311448,33.561127],[134.311467,33.561171],[134.311486,33.561215],[134.311502,33.56126],[134.311518,33.561305],[134.31153,33.561352],[134.311538,33.561421],[134.311539,33.561456],[134.311532,33.561526],[134.311515,33.56159],[134.311501,33.561621],[134.311485,33.561649],[134.311463,33.561675],[134.311445,33.56169],[134.311404,33.561716],[134.311359,33.561737],[134.311308,33.561752],[134.311256,33.561763],[134.311197,33.561774],[134.311129,33.561781],[134.311063,33.561785],[134.311003,33.561785],[134.310945,33.561782],[134.310887,33.561775],[134.31083,33.561763],[134.310775,33.561749],[134.31074,33.561738],[134.310674,33.561709],[134.310616,33.561675],[134.310584,33.56165],[134.310528,33.561595],[134.310471,33.56154],[134.310418,33.561494],[134.310395,33.56147],[134.310378,33.561444],[134.310368,33.561415],[134.310365,33.561373],[134.31036,33.561334],[134.310352,33.561319],[134.310326,33.561302],[134.310292,33.561291],[134.310263,33.561281],[134.310238,33.561271],[134.310215,33.561262],[134.31011,33.561037],[134.310076,33.560968],[134.30993,33.560659],[134.309913,33.560636],[134.309893,33.56062],[134.30987,33.560612],[134.309845,33.56061],[134.309817,33.560611],[134.30979,33.560613],[134.309738,33.560623],[134.30969,33.560635],[134.309645,33.560649],[134.309561,33.560672],[134.309476,33.560697],[134.309384,33.560728],[134.309072,33.560854],[134.308948,33.560899],[134.308834,33.56094],[134.30873,33.560979],[134.308627,33.561018],[134.308617,33.561218],[134.308605,33.561419],[134.308588,33.561625],[134.308568,33.561834],[134.308549,33.562001],[134.308544,33.562044],[134.308527,33.56216],[134.309796,33.562499],[134.309817,33.562442],[134.31005,33.56181],[134.310129,33.56183],[134.309834,33.56263],[134.311119,33.562956],[134.311139,33.56296],[134.311153,33.56296],[134.311159,33.562959],[134.311168,33.562957],[134.311173,33.562956],[134.311182,33.562952],[134.311187,33.56295],[134.311194,33.562946],[134.312,33.562465],[134.312051,33.562525],[134.311171,33.563049],[134.311162,33.563053],[134.311146,33.563057],[134.311137,33.563057],[134.311123,33.563054],[134.310461,33.562882],[134.310254,33.56283],[134.310047,33.562778],[134.309866,33.562731],[134.309817,33.56272],[134.309684,33.56269],[134.309517,33.562659],[134.309362,33.562638],[134.309209,33.562617],[134.309071,33.562595],[134.308933,33.562574],[134.308796,33.562558],[134.30866,33.562548],[134.308464,33.562537],[134.308425,33.562753],[134.308383,33.562974],[134.308343,33.563193],[134.308484,33.563169],[134.308606,33.563152],[134.308641,33.563152],[134.308679,33.563155],[134.308717,33.563165],[134.308754,33.563182],[134.308783,33.563206],[134.308798,33.563237],[134.308812,33.563274],[134.308817,33.563309],[134.308763,33.56351],[134.30865,33.563467],[134.308592,33.563448],[134.308543,33.563441],[134.308498,33.563447],[134.308469,33.563459],[134.308443,33.563475],[134.308414,33.563505],[134.3084,33.563528],[134.30839,33.563552],[134.308377,33.563603],[134.308365,33.563668],[134.308361,33.563691],[134.308359,33.563707],[134.308355,33.563731],[134.30834,33.5638],[134.308319,33.563884],[134.308294,33.563968],[134.308263,33.564061],[134.308229,33.564167],[134.30819,33.564281],[134.308165,33.564357],[134.308149,33.564402],[134.308114,33.564525],[134.308077,33.564675],[134.308046,33.564827],[134.308016,33.564971],[134.307986,33.565107],[134.307957,33.565227],[134.307956,33.565232],[134.307956,33.565235],[134.307958,33.565238],[134.307959,33.565241],[134.307962,33.565246],[134.307964,33.565249],[134.307971,33.565253],[134.307979,33.565256],[134.30859,33.565368],[134.30857,33.565443],[134.308076,33.565352],[134.308052,33.565349],[134.308045,33.565349],[134.30803,33.56535],[134.308022,33.565351],[134.308007,33.565354],[134.307993,33.565358],[134.307979,33.565363],[134.307966,33.565371],[134.307961,33.565374],[134.307949,33.565383],[134.307934,33.565397],[134.30793,33.565403],[134.307923,33.565414],[134.307919,33.56542],[134.307914,33.565431],[134.307912,33.565438],[134.30791,33.565449],[134.307846,33.565847],[134.307827,33.565984],[134.30781,33.566121],[134.307794,33.566269],[134.307778,33.566427],[134.307771,33.566532],[134.307768,33.566586],[134.307763,33.566747],[134.307763,33.566908],[134.307764,33.56707],[134.307764,33.567231],[134.307764,33.567393],[134.307765,33.567559],[134.307769,33.567726],[134.30778,33.567895],[134.307799,33.568064],[134.307826,33.568233],[134.307858,33.568397],[134.307897,33.568561],[134.307934,33.568694],[134.307966,33.568798],[134.307988,33.568866],[134.308094,33.569123],[134.308133,33.569229],[134.30817,33.569327],[134.308192,33.56941],[134.308205,33.569479],[134.308215,33.569534],[134.308232,33.569577],[134.308262,33.569616],[134.308308,33.569651],[134.308334,33.569666],[134.308376,33.569683],[134.308404,33.569645],[134.308448,33.569656],[134.308447,33.569709],[134.308527,33.569734],[134.308562,33.569746],[134.308598,33.569764],[134.30863,33.569785],[134.308689,33.569838],[134.30874,33.569892],[134.308783,33.569935],[134.308802,33.569955],[134.308817,33.569975],[134.30883,33.569999],[134.308847,33.570053],[134.308873,33.570121],[134.308896,33.570159],[134.308965,33.570239],[134.309001,33.570282],[134.309031,33.570327],[134.309052,33.570373],[134.309057,33.570419],[134.309049,33.570466],[134.30903,33.570514],[134.308977,33.570609],[134.308918,33.570702],[134.308862,33.570792],[134.308815,33.570876],[134.30878,33.570956],[134.30877,33.570997],[134.308764,33.57104],[134.308762,33.571085],[134.308775,33.571183],[134.308805,33.571297],[134.308845,33.571424],[134.308882,33.571546],[134.308897,33.571598],[134.308911,33.571675],[134.308917,33.571709],[134.308928,33.571746],[134.308949,33.57179],[134.309018,33.571906],[134.309098,33.572043],[134.309132,33.572111],[134.309155,33.572174],[134.309172,33.572235],[134.309201,33.572362],[134.309225,33.572432],[134.309255,33.572509],[134.309295,33.57259],[134.309387,33.572754],[134.309478,33.572894],[134.309561,33.573006],[134.309641,33.573106],[134.309721,33.573208],[134.309757,33.573265],[134.309788,33.573327],[134.3098,33.573363],[134.309811,33.573395],[134.309817,33.573433],[134.309824,33.573471],[134.309838,33.57364],[134.309849,33.573731],[134.309867,33.573824],[134.309896,33.573916],[134.309934,33.574007],[134.309939,33.574017],[134.309979,33.574094],[134.310026,33.574177],[134.31012,33.574317],[134.310202,33.574431],[134.310238,33.574485],[134.310271,33.574541],[134.310298,33.574599],[134.310323,33.57466],[134.310361,33.574783],[134.310387,33.574892],[134.310412,33.574987],[134.31043,33.575032],[134.310456,33.575076],[134.31049,33.575119],[134.310532,33.575161],[134.310577,33.5752],[134.310621,33.575232],[134.310662,33.575257],[134.310696,33.575271],[134.310749,33.575283],[134.31077,33.575289],[134.310791,33.575299],[134.31081,33.575315],[134.31083,33.575338],[134.310866,33.575391],[134.310892,33.575439],[134.310907,33.57548],[134.310909,33.5755],[134.310908,33.575524],[134.310894,33.575576],[134.310871,33.575625],[134.310859,33.575642],[134.310846,33.575652],[134.310822,33.575666],[134.310814,33.575677],[134.310807,33.575696],[134.310803,33.575725],[134.310805,33.575765],[134.310812,33.575812],[134.310825,33.575865],[134.310848,33.575921],[134.310879,33.575977],[134.310918,33.576032],[134.310962,33.576085],[134.311009,33.576134],[134.311055,33.576177],[134.311099,33.576213],[134.311179,33.576267],[134.311249,33.576305],[134.311308,33.576336],[134.311332,33.576352],[134.311351,33.576369],[134.311365,33.57639],[134.311373,33.576412],[134.311381,33.576477],[134.311384,33.576523],[134.311401,33.576648],[134.311416,33.576726],[134.311436,33.576809],[134.311462,33.576891],[134.311493,33.57697],[134.311528,33.57704],[134.311568,33.577103],[134.311613,33.577157],[134.311661,33.577207],[134.311711,33.577251],[134.311762,33.577291],[134.311868,33.577362],[134.311977,33.577436],[134.312086,33.577519],[134.312142,33.577559],[134.312203,33.577594],[134.312267,33.577624],[134.312335,33.577643],[134.312407,33.577655],[134.312482,33.577663],[134.312637,33.577673],[134.312787,33.577686],[134.31286,33.577691],[134.31293,33.577692],[134.312997,33.577687],[134.313059,33.577674],[134.313117,33.577656],[134.313222,33.577611],[134.313307,33.57757],[134.313374,33.577542],[134.313376,33.577541],[134.313428,33.577524],[134.313471,33.577511],[134.313491,33.577502],[134.313511,33.577487],[134.313531,33.577467],[134.313573,33.577398],[134.313621,33.577307],[134.313677,33.577211],[134.313732,33.577122],[134.313773,33.577041],[134.313789,33.576991],[134.313799,33.576955],[134.31381,33.576946],[134.313828,33.576942],[134.313886,33.576944],[134.313967,33.576953],[134.314063,33.576961],[134.314162,33.576964],[134.314209,33.576964],[134.314291,33.57696],[134.314365,33.576957],[134.314443,33.576958],[134.314524,33.576964],[134.314602,33.576976],[134.314674,33.576988],[134.314708,33.576994],[134.314745,33.576996],[134.314784,33.576995],[134.314867,33.576979],[134.314959,33.576954],[134.315047,33.576928],[134.315133,33.576903],[134.315221,33.576878],[134.315314,33.576851],[134.315364,33.576837],[134.315414,33.576826],[134.315522,33.576811],[134.315637,33.576806],[134.315761,33.576807],[134.315893,33.57681],[134.315965,33.576813],[134.316038,33.57682],[134.316195,33.576845],[134.316363,33.576883],[134.316535,33.57692],[134.316709,33.576949],[134.316885,33.576975],[134.317065,33.577006],[134.317252,33.577045],[134.317449,33.577093],[134.317654,33.577144],[134.317754,33.577171],[134.317848,33.5772],[134.317932,33.577231],[134.318005,33.577262],[134.31807,33.577296],[134.318191,33.577366],[134.318257,33.577402],[134.318407,33.577474],[134.318564,33.577546],[134.318697,33.577615],[134.318796,33.577671],[134.318834,33.577689],[134.318865,33.577699],[134.31889,33.577699],[134.318911,33.577692],[134.318955,33.577667],[134.318984,33.577658],[134.319019,33.577652],[134.319055,33.577654],[134.319091,33.57766],[134.319119,33.577672],[134.319136,33.577691],[134.319138,33.577714],[134.319125,33.577743],[134.319111,33.577762],[134.319097,33.577776],[134.319051,33.57781],[134.319043,33.577819],[134.319041,33.577826],[134.319042,33.577839],[134.319051,33.577858],[134.319083,33.577891],[134.319126,33.57792],[134.319167,33.57795],[134.319208,33.577978],[134.319245,33.577997],[134.319274,33.578011],[134.319302,33.578028],[134.31933,33.578055],[134.319346,33.578085],[134.319349,33.578101],[134.319344,33.578124],[134.319335,33.578149],[134.319326,33.578173],[134.31932,33.578197],[134.319309,33.578215],[134.319294,33.578223],[134.319274,33.578226],[134.319228,33.578222],[134.319176,33.578213],[134.319126,33.578203],[134.319079,33.578195],[134.319022,33.57819],[134.318963,33.578187],[134.318911,33.578187],[134.318863,33.578184],[134.318839,33.57818],[134.318796,33.578163],[134.318757,33.578144],[134.31874,33.578138],[134.318726,33.578136],[134.318709,33.578146],[134.318697,33.578163],[134.318681,33.578215],[134.318669,33.578274],[134.318654,33.578326],[134.318641,33.578374],[134.318622,33.578452],[134.318614,33.578492],[134.318606,33.578574],[134.318606,33.578629],[134.318609,33.578683],[134.318615,33.578721],[134.31862,33.578744],[134.318626,33.578767],[134.318633,33.578794],[134.318645,33.578819],[134.318668,33.578837],[134.318685,33.578845],[134.318728,33.578854],[134.318753,33.578859],[134.3188,33.578878],[134.318819,33.57889],[134.318831,33.578901],[134.318836,33.578914],[134.31883,33.578925],[134.318821,33.578935],[134.318792,33.578954],[134.318759,33.578972],[134.318729,33.578988],[134.318698,33.578997],[134.318662,33.579001],[134.318625,33.579004],[134.31861,33.579007],[134.318589,33.57902],[134.318571,33.579037],[134.318557,33.579058],[134.318535,33.579104],[134.318523,33.579127],[134.31851,33.579148],[134.318493,33.579169],[134.318472,33.579188],[134.318447,33.579201],[134.318412,33.579211],[134.318374,33.579211],[134.318294,33.579202],[134.318255,33.579199],[134.31819,33.579205],[134.318127,33.579218],[134.318067,33.579226],[134.318011,33.579229],[134.317956,33.579224],[134.317911,33.579216],[134.317867,33.579205],[134.317817,33.579193],[134.317763,33.579182],[134.317708,33.579176],[134.317655,33.579174],[134.317603,33.579174],[134.317548,33.57917],[134.317493,33.579166],[134.317466,33.579167],[134.317441,33.579171],[134.317417,33.579179],[134.317373,33.579204],[134.317332,33.579233],[134.317266,33.579272],[134.317202,33.57931],[134.317174,33.579331],[134.317139,33.579364],[134.317109,33.579402],[134.317084,33.579443],[134.317042,33.579529],[134.317002,33.579625],[134.31697,33.579721],[134.316946,33.579819],[134.316932,33.579921],[134.316929,33.580023],[134.31693,33.580085],[134.316947,33.580207],[134.31696,33.580266],[134.316995,33.580375],[134.31703,33.580472],[134.317061,33.580571],[134.317075,33.580643],[134.317092,33.580713],[134.317104,33.580747],[134.317122,33.580789],[134.317174,33.580868],[134.31723,33.580945],[134.317285,33.581034],[134.317337,33.581123],[134.317389,33.581203],[134.317444,33.581274],[134.317472,33.581308],[134.317527,33.581367],[134.317578,33.581415],[134.31763,33.581464],[134.317671,33.581504],[134.317713,33.581542],[134.317761,33.581581],[134.317815,33.581618],[134.317874,33.58165],[134.317931,33.581678],[134.317991,33.581702],[134.318067,33.581731],[134.31816,33.581768],[134.31825,33.581809],[134.318315,33.581846],[134.318379,33.581883],[134.318452,33.58192],[134.318533,33.581955],[134.318618,33.581985],[134.318695,33.58201],[134.318772,33.582033],[134.318846,33.582055],[134.318921,33.582076],[134.319002,33.582097],[134.319058,33.58211],[134.319086,33.582114],[134.31911,33.582112],[134.319133,33.582105],[134.319148,33.582094],[134.319164,33.582079],[134.319187,33.582064],[134.319214,33.582053],[134.319226,33.582051],[134.319236,33.582052],[134.319241,33.58206],[134.319245,33.582083],[134.319246,33.582112],[134.31925,33.582127],[134.319265,33.582152],[134.319275,33.582163],[134.319316,33.582186],[134.319347,33.582196],[134.319416,33.582207],[134.319453,33.582211],[134.319564,33.582229],[134.319672,33.582251],[134.319772,33.58227],[134.319866,33.582284],[134.31996,33.582297],[134.320059,33.582311],[134.32016,33.58232],[134.320254,33.582323],[134.320344,33.582326],[134.320387,33.582331],[134.32043,33.582339],[134.320497,33.582361],[134.320562,33.58239],[134.320621,33.582417],[134.320672,33.58244],[134.320728,33.582459],[134.32078,33.582473],[134.320837,33.582485],[134.320895,33.582491],[134.320957,33.582495],[134.321021,33.582498],[134.321098,33.582499],[134.321174,33.582507],[134.32124,33.582522],[134.321296,33.582544],[134.32135,33.582571],[134.321405,33.582601],[134.321435,33.582615],[134.321504,33.582635],[134.321535,33.582641],[134.321601,33.58265],[134.321636,33.582652],[134.321716,33.582649],[134.321806,33.582634],[134.321906,33.582609],[134.322008,33.582578],[134.322109,33.582541],[134.322205,33.582502],[134.322293,33.582463],[134.322372,33.582427],[134.322442,33.582392],[134.322506,33.58236],[134.322569,33.582328],[134.322636,33.582294],[134.322638,33.582293],[134.322709,33.582257],[134.322774,33.582216],[134.322801,33.582196],[134.322823,33.582176],[134.322839,33.582154],[134.32285,33.582131],[134.322857,33.582108],[134.322863,33.582054],[134.322865,33.581991],[134.322867,33.581916],[134.322871,33.581835],[134.322874,33.581759],[134.322874,33.581695],[134.32287,33.581646],[134.322858,33.581612],[134.322837,33.581591],[134.322805,33.581581],[134.322767,33.581578],[134.322725,33.581579],[134.322686,33.58158],[134.322652,33.581574],[134.322628,33.58156],[134.322621,33.581548],[134.322619,33.581532],[134.32262,33.581512],[134.322632,33.581461],[134.322653,33.581402],[134.322676,33.581342],[134.322694,33.581284],[134.322711,33.581229],[134.322728,33.581175],[134.322749,33.58112],[134.322774,33.581064],[134.322804,33.581009],[134.322836,33.580957],[134.32287,33.58091],[134.32291,33.580869],[134.322958,33.580833],[134.323018,33.580804],[134.323088,33.58078],[134.323165,33.58076],[134.323247,33.580742],[134.323328,33.580724],[134.323407,33.580707],[134.323484,33.580687],[134.323557,33.580667],[134.323627,33.580645],[134.323694,33.580622],[134.323755,33.580601],[134.323812,33.580582],[134.32384,33.580576],[134.323869,33.580572],[134.323898,33.580573],[134.323929,33.580577],[134.323964,33.580587],[134.324,33.580602],[134.324079,33.580647],[134.324161,33.580704],[134.324242,33.580764],[134.324318,33.58082],[134.324389,33.580873],[134.324456,33.580923],[134.32452,33.580972],[134.324582,33.581021],[134.324646,33.581067],[134.324714,33.58111],[134.324788,33.581148],[134.324867,33.581181],[134.324951,33.581208],[134.325038,33.581229],[134.325127,33.581243],[134.325218,33.581253],[134.325311,33.581258],[134.325405,33.581261],[134.325499,33.581262],[134.325588,33.581261],[134.325672,33.581257],[134.325754,33.581254],[134.325845,33.581258],[134.325896,33.581265],[134.326021,33.581291],[134.326167,33.581334],[134.326321,33.581382],[134.326466,33.581428],[134.326589,33.581463],[134.326696,33.581492],[134.326796,33.58152],[134.326899,33.581551],[134.327007,33.581589],[134.327121,33.581628],[134.32724,33.581665],[134.32736,33.581698],[134.32748,33.58173],[134.327596,33.581764],[134.327704,33.581806],[134.327806,33.581854],[134.327908,33.581903],[134.328016,33.581947],[134.328134,33.581982],[134.328263,33.582011],[134.328395,33.582035],[134.32853,33.582057],[134.328663,33.58208],[134.328788,33.582103],[134.328899,33.582127],[134.328992,33.582151],[134.329071,33.582174],[134.329139,33.582196],[134.3292,33.582216],[134.329257,33.58223],[134.329285,33.582234],[134.329313,33.582235],[134.32937,33.582225],[134.329428,33.582196],[134.329486,33.582155],[134.329539,33.582108],[134.329577,33.582068],[134.329585,33.582061],[134.329622,33.582015],[134.329655,33.581969],[134.329687,33.581922],[134.329719,33.581871],[134.329757,33.581815],[134.329807,33.581755],[134.329874,33.581689],[134.329957,33.581621],[134.330045,33.581558],[134.33009,33.58153],[134.330177,33.581486],[134.330217,33.581469],[134.330292,33.581442],[134.33036,33.581416],[134.330391,33.5814],[134.330447,33.58136],[134.330504,33.581312],[134.330565,33.581256],[134.330638,33.581198],[134.330723,33.581138],[134.330825,33.581075],[134.330943,33.58101],[134.331073,33.580939],[134.331209,33.580867],[134.331331,33.580792],[134.331384,33.580756],[134.331429,33.580719],[134.331499,33.580647],[134.331557,33.580586],[134.331585,33.580562],[134.331614,33.580542],[134.331644,33.580528],[134.331715,33.580509],[134.331794,33.580493],[134.331837,33.580482],[134.331882,33.580467],[134.331928,33.580445],[134.332027,33.580386],[134.332128,33.580314],[134.332234,33.580236],[134.33229,33.580195],[134.332513,33.580043],[134.332582,33.579999],[134.332654,33.579958],[134.332726,33.57992],[134.332802,33.579886],[134.332879,33.579855],[134.332953,33.579825],[134.333019,33.579792],[134.333045,33.579775],[134.333067,33.579755],[134.333098,33.579713],[134.333117,33.57967],[134.333131,33.579632],[134.333144,33.5796],[134.333158,33.579574],[134.333175,33.57955],[134.333194,33.579527],[134.333218,33.579503],[134.333245,33.579478],[134.333271,33.579461],[134.333303,33.579442],[134.333392,33.579403],[134.333492,33.579366],[134.333596,33.579328],[134.3337,33.579292],[134.333802,33.579257],[134.333904,33.579225],[134.334003,33.579195],[134.334104,33.579168],[134.334209,33.579142],[134.334322,33.579117],[134.33444,33.579093],[134.334554,33.57907],[134.334654,33.57905],[134.334732,33.57903],[134.334793,33.57901],[134.334842,33.578985],[134.334886,33.578953],[134.334928,33.578916],[134.334968,33.578879],[134.334989,33.578862],[134.335032,33.578836],[134.335054,33.578828],[134.335099,33.578819],[134.335123,33.578818],[134.335169,33.578824],[134.335214,33.578837],[134.335259,33.578853],[134.335299,33.57887],[134.335333,33.578885],[134.335364,33.578893],[134.335398,33.578898],[134.335442,33.578898],[134.335499,33.578893],[134.335565,33.578885],[134.335628,33.578869],[134.335657,33.578859],[134.335702,33.578832],[134.335739,33.578802],[134.335772,33.578774],[134.335808,33.578753],[134.335849,33.57874],[134.335893,33.578734],[134.335937,33.578733],[134.335979,33.578735],[134.336021,33.578737],[134.336065,33.578733],[134.336089,33.578727],[134.336137,33.578707],[134.336188,33.57868],[134.336238,33.578651],[134.336286,33.578626],[134.336333,33.578605],[134.336383,33.57859],[134.336437,33.578579],[134.336496,33.57857],[134.336559,33.578564],[134.336623,33.57856],[134.336682,33.578559],[134.336737,33.578559],[134.336786,33.578562],[134.336835,33.578566],[134.336881,33.578571],[134.336928,33.578574],[134.336975,33.578571],[134.337,33.578567],[134.337049,33.578547],[134.3371,33.578523],[134.337152,33.578498],[134.337205,33.57848],[134.33726,33.578468],[134.337318,33.578462],[134.337382,33.578455],[134.337453,33.578445],[134.337621,33.578407],[134.337667,33.578394],[134.337699,33.578389],[134.337714,33.578391],[134.337727,33.578393],[134.337752,33.578404],[134.337783,33.578423],[134.33781,33.578442],[134.337824,33.578449],[134.33784,33.578453],[134.337875,33.578448],[134.337917,33.578433],[134.33797,33.578413],[134.338077,33.57838],[134.338257,33.578326],[134.338315,33.578305],[134.33836,33.578284],[134.338399,33.578262],[134.33844,33.578233],[134.338489,33.578195],[134.338547,33.57815],[134.338607,33.578106],[134.338664,33.578071],[134.338711,33.578051],[134.338753,33.578043],[134.338795,33.578042],[134.338841,33.578045],[134.338896,33.578047],[134.338958,33.578051],[134.339031,33.578057],[134.339109,33.578064],[134.339196,33.578073],[134.339286,33.578083],[134.339379,33.578094],[134.339473,33.578104],[134.339571,33.578112],[134.339677,33.578117],[134.339787,33.578117],[134.339901,33.578116],[134.340008,33.578115],[134.340106,33.578117],[134.340194,33.578122],[134.340271,33.578131],[134.340358,33.578145],[134.340404,33.578158],[134.340482,33.578176],[134.340566,33.57819],[134.340653,33.578193],[134.340739,33.578191],[134.340821,33.578191],[134.340894,33.578198],[134.340958,33.578211],[134.341018,33.578225],[134.341077,33.578234],[134.341139,33.578234],[134.341204,33.578229],[134.341271,33.578225],[134.341335,33.57823],[134.341399,33.578242],[134.341461,33.578256],[134.341521,33.578266],[134.341579,33.578268],[134.34164,33.578264],[134.341707,33.57826],[134.341782,33.57826],[134.341867,33.578266],[134.341957,33.578274],[134.342053,33.578284],[134.342151,33.578293],[134.342254,33.578299],[134.342363,33.578306],[134.342478,33.578309],[134.342599,33.578313],[134.342716,33.578318],[134.342824,33.578325],[134.342914,33.578335],[134.342995,33.578348],[134.343075,33.578363],[134.343161,33.578378],[134.343254,33.57839],[134.343345,33.578396],[134.343422,33.578397],[134.343454,33.578393],[134.343502,33.578378],[134.34354,33.578356],[134.343575,33.578329],[134.34361,33.578298],[134.343646,33.57827],[134.343683,33.578251],[134.3437,33.578248],[134.343715,33.578249],[134.343731,33.578253],[134.34376,33.578271],[134.343792,33.578294],[134.343827,33.578315],[134.343865,33.57833],[134.343905,33.578338],[134.343945,33.578338],[134.343983,33.578331],[134.344022,33.578321],[134.344067,33.578311],[134.344123,33.578306],[134.344201,33.578316],[134.344273,33.578332],[134.344306,33.578345],[134.344331,33.578359],[134.34435,33.578375],[134.344364,33.578392],[134.344377,33.578408],[134.34439,33.578422],[134.344405,33.578437],[134.344419,33.578455],[134.344432,33.578481],[134.344446,33.578511],[134.344465,33.578538],[134.344479,33.578548],[134.344498,33.578555],[134.344544,33.578557],[134.344571,33.578553],[134.344628,33.578543],[134.344684,33.578535],[134.344729,33.578535],[134.344749,33.578538],[134.34478,33.578549],[134.344805,33.578564],[134.344822,33.578579],[134.344839,33.578594],[134.344857,33.578609],[134.344882,33.578621],[134.344915,33.578632],[134.344954,33.578638],[134.344996,33.57864],[134.345017,33.578638],[134.345059,33.578634],[134.345101,33.578625],[134.345143,33.578615],[134.345244,33.578601],[134.34533,33.578596],[134.345412,33.5786],[134.345493,33.578612],[134.345573,33.578625],[134.345655,33.578636],[134.345702,33.578637],[134.345738,33.578639],[134.345824,33.57863],[134.34591,33.578606],[134.345994,33.578577],[134.346073,33.578554],[134.346108,33.578551],[134.346139,33.578552],[134.34617,33.578559],[134.346198,33.578571],[134.346225,33.578585],[134.346278,33.57862],[134.346383,33.578688],[134.346419,33.578711],[134.346457,33.578734],[134.346494,33.578759],[134.346525,33.578787],[134.346546,33.578816],[134.34656,33.578849],[134.34657,33.57888],[134.34658,33.578909],[134.346591,33.578936],[134.346603,33.578961],[134.346615,33.578985],[134.346735,33.57899],[134.346778,33.578991],[134.346819,33.578989],[134.346857,33.578983],[134.346892,33.578974],[134.346929,33.578965],[134.346965,33.578957],[134.347006,33.57895],[134.347051,33.578948],[134.347104,33.57895],[134.347162,33.578956],[134.347225,33.578967],[134.347291,33.578978],[134.347345,33.578987],[134.347443,33.579007],[134.347549,33.579029],[134.347651,33.579049],[134.347742,33.579069],[134.347818,33.579084],[134.347891,33.579094],[134.347966,33.579099],[134.348048,33.579095],[134.348139,33.579088],[134.348235,33.579078],[134.348334,33.579068],[134.348435,33.579059],[134.348539,33.579052],[134.348645,33.579042],[134.348753,33.579028],[134.348862,33.579014],[134.348967,33.578997],[134.349067,33.578979],[134.34916,33.578961],[134.349249,33.578941],[134.349337,33.578921],[134.349424,33.578898],[134.349509,33.578877],[134.34959,33.578856],[134.349666,33.578835],[134.349734,33.578817],[134.349798,33.578802],[134.349859,33.578794],[134.349917,33.57879],[134.349971,33.578789],[134.350018,33.578783],[134.35004,33.578777],[134.350073,33.578754],[134.3501,33.578726],[134.350125,33.578702],[134.350151,33.578688],[134.350181,33.578689],[134.350213,33.578697],[134.350246,33.57871],[134.350277,33.57872],[134.350307,33.57873],[134.350328,33.57874],[134.350337,33.578746],[134.350343,33.578759],[134.350343,33.578774],[134.350335,33.578791],[134.350326,33.578808],[134.350317,33.578826],[134.350316,33.578844],[134.350322,33.578852],[134.350332,33.57886],[134.350364,33.578873],[134.350413,33.578884],[134.350469,33.578892],[134.350526,33.578897],[134.350583,33.578899],[134.350642,33.578899],[134.350706,33.578896],[134.350773,33.578888],[134.350845,33.57888],[134.350922,33.578869],[134.351,33.578857],[134.351079,33.578846],[134.351153,33.578834],[134.351222,33.578823],[134.35128,33.578812],[134.351329,33.578801],[134.35137,33.578794],[134.351403,33.578788],[134.351428,33.578785],[134.351453,33.578787],[134.351479,33.578792],[134.351508,33.5788],[134.351539,33.578808],[134.351564,33.578811],[134.351574,33.578809],[134.351585,33.578794],[134.351592,33.578772],[134.351601,33.578744],[134.351621,33.578715],[134.351653,33.578687],[134.351693,33.578667],[134.351716,33.578661],[134.351763,33.578656],[134.351811,33.578662],[134.35186,33.578673],[134.35191,33.578687],[134.351959,33.578696],[134.352008,33.578703],[134.352058,33.578708],[134.352109,33.578712],[134.352159,33.578715],[134.35221,33.578718],[134.352262,33.578721],[134.352312,33.578723],[134.352361,33.578728],[134.352406,33.578736],[134.352446,33.57875],[134.352483,33.578767],[134.35252,33.578784],[134.352563,33.578796],[134.352615,33.578798],[134.352676,33.578792],[134.352743,33.578782],[134.352811,33.578768],[134.35288,33.578753],[134.352949,33.578739],[134.353017,33.578728],[134.35308,33.578718],[134.35314,33.578712],[134.353199,33.578708],[134.353253,33.578703],[134.353308,33.578699],[134.353371,33.578694],[134.353781,33.578649],[134.353884,33.578639],[134.353987,33.57863],[134.354085,33.578627],[134.354178,33.578629],[134.354262,33.578635],[134.354338,33.57864],[134.354405,33.57864],[134.354461,33.578639],[134.354483,33.578643],[134.354501,33.578649],[134.354513,33.578661],[134.354522,33.578678],[134.354531,33.578716],[134.354539,33.57875],[134.354546,33.578764],[134.354555,33.578776],[134.35457,33.578784],[134.354616,33.578799],[134.354685,33.578805],[134.354725,33.578807],[134.354809,33.578804],[134.354893,33.578796],[134.354975,33.578792],[134.355051,33.578798],[134.355129,33.578809],[134.355212,33.578821],[134.3553,33.578831],[134.355391,33.578837],[134.355478,33.578844],[134.355565,33.578847],[134.35565,33.578846],[134.355738,33.578844],[134.355832,33.57885],[134.35588,33.578858],[134.35593,33.578871],[134.355976,33.578886],[134.356017,33.578902],[134.356051,33.578921],[134.356074,33.578942],[134.356104,33.57898],[134.356119,33.578997],[134.356141,33.579011],[134.356169,33.579021],[134.356205,33.579028],[134.356245,33.579032],[134.356326,33.579031],[134.356361,33.579029],[134.356427,33.579019],[134.35649,33.579],[134.356559,33.578977],[134.356635,33.578954],[134.356677,33.578945],[134.356763,33.578937],[134.356807,33.578937],[134.356887,33.578943],[134.356921,33.57895],[134.35695,33.578959],[134.356976,33.57897],[134.356998,33.578982],[134.357018,33.578997],[134.357048,33.579032],[134.357073,33.579075],[134.357093,33.57912],[134.357113,33.579164],[134.357133,33.579201],[134.357152,33.579226],[134.357162,33.579233],[134.357173,33.579235],[134.357187,33.579232],[134.357218,33.579212],[134.357258,33.579178],[134.357305,33.579138],[134.357355,33.579104],[134.357379,33.579095],[134.357399,33.579092],[134.357415,33.579099],[134.357428,33.579114],[134.357437,33.579132],[134.357448,33.57918],[134.357451,33.579228],[134.357459,33.579263],[134.35747,33.579272],[134.357485,33.579275],[134.357505,33.579274],[134.357555,33.579255],[134.357608,33.579227],[134.35766,33.579195],[134.35771,33.579161],[134.357756,33.579134],[134.35778,33.579125],[134.357802,33.579122],[134.357825,33.579126],[134.357847,33.57914],[134.357867,33.579159],[134.357886,33.579183],[134.357913,33.579233],[134.357923,33.579274],[134.357928,33.579292],[134.357936,33.579308],[134.35795,33.579323],[134.357971,33.579339],[134.358028,33.579372],[134.358057,33.579391],[134.358082,33.579412],[134.358099,33.579436],[134.358125,33.579482],[134.358137,33.579498],[134.358154,33.579506],[134.358176,33.579505],[134.358233,33.579484],[134.358265,33.579473],[134.358295,33.579466],[134.358322,33.579468],[134.358369,33.579481],[134.358392,33.579484],[134.358413,33.579478],[134.358434,33.579463],[134.358478,33.579414],[134.358503,33.57939],[134.35853,33.579375],[134.358558,33.579372],[134.358588,33.579378],[134.358618,33.579391],[134.358677,33.579427],[134.358727,33.579462],[134.358752,33.579478],[134.358806,33.579503],[134.358871,33.579526],[134.358944,33.579542],[134.359021,33.579555],[134.359096,33.579565],[134.35917,33.579568],[134.359239,33.579567],[134.359309,33.579563],[134.35938,33.579559],[134.359454,33.579558],[134.359522,33.579562],[134.359579,33.579573],[134.359634,33.579579],[134.359663,33.579575],[134.359693,33.579567],[134.359756,33.579543],[134.359787,33.579532],[134.359818,33.579526],[134.359846,33.579528],[134.359898,33.579543],[134.359924,33.579552],[134.359952,33.579558],[134.35998,33.57956],[134.36004,33.579554],[134.360099,33.579549],[134.360154,33.579552],[134.360227,33.579557],[134.360341,33.579552],[134.360486,33.579538],[134.360624,33.579523],[134.360722,33.579515],[134.360797,33.579509],[134.360873,33.579499],[134.360955,33.579479],[134.361036,33.579452],[134.361105,33.579421],[134.361164,33.579397],[134.361189,33.579392],[134.361212,33.579395],[134.361232,33.579404],[134.361245,33.579417],[134.36125,33.579433],[134.361247,33.57945],[134.361232,33.579469],[134.361179,33.579509],[134.361109,33.579554],[134.361043,33.579605],[134.361019,33.579629],[134.361008,33.579649],[134.36101,33.579662],[134.361027,33.579669],[134.36106,33.579671],[134.361145,33.579662],[134.361231,33.579652],[134.361303,33.57965],[134.361335,33.579653],[134.361367,33.579658],[134.361426,33.579677],[134.361482,33.5797],[134.361532,33.57972],[134.361572,33.579737],[134.361585,33.579746],[134.361594,33.579759],[134.361596,33.579776],[134.361595,33.579813],[134.361601,33.579828],[134.361615,33.57984],[134.361639,33.579846],[134.361673,33.579848],[134.361761,33.579841],[134.36186,33.579831],[134.361871,33.57983],[134.361962,33.579823],[134.362074,33.579813],[134.362192,33.579802],[134.362249,33.579799],[134.362301,33.579799],[134.362345,33.579807],[134.362378,33.579823],[134.362403,33.579844],[134.362439,33.579892],[134.362457,33.579912],[134.362478,33.579926],[134.362517,33.579942],[134.36253,33.579946],[134.362534,33.579952],[134.362525,33.579959],[134.36248,33.579979],[134.362408,33.580002],[134.362326,33.580027],[134.362261,33.580052],[134.362245,33.580064],[134.362242,33.580075],[134.362253,33.580086],[134.362275,33.580094],[134.362305,33.580098],[134.36234,33.580099],[134.362379,33.580095],[134.362465,33.580078],[134.362559,33.580055],[134.362651,33.580039],[134.362737,33.580031],[134.362776,33.580032],[134.362808,33.580036],[134.362835,33.580042],[134.362854,33.580051],[134.362861,33.58006],[134.362858,33.58007],[134.362841,33.580081],[134.362778,33.580104],[134.362692,33.580134],[134.362602,33.580173],[134.362523,33.580213],[134.362464,33.580243],[134.362445,33.580254],[134.362436,33.580263],[134.362435,33.580271],[134.362464,33.580285],[134.36253,33.580301],[134.362617,33.580316],[134.362711,33.580333],[134.36281,33.580347],[134.362911,33.580358],[134.36301,33.580364],[134.363057,33.580364],[134.363145,33.580356],[134.363229,33.580338],[134.36333,33.580314],[134.363456,33.580288],[134.363582,33.58027],[134.363635,33.580267],[134.363674,33.580271],[134.363701,33.58028],[134.363717,33.580293],[134.363724,33.580309],[134.363723,33.580328],[134.363713,33.580349],[134.363698,33.58037],[134.363677,33.580389],[134.363651,33.580406],[134.363623,33.580419],[134.363591,33.580429],[134.363518,33.580441],[134.363432,33.580453],[134.363331,33.580478],[134.363224,33.580509],[134.363118,33.580536],[134.363017,33.580557],[134.362923,33.580572],[134.362832,33.580586],[134.362745,33.580598],[134.362657,33.58061],[134.362562,33.580621],[134.362461,33.580634],[134.362351,33.58065],[134.362248,33.58066],[134.362205,33.580659],[134.362167,33.580655],[134.362111,33.580643],[134.362088,33.580641],[134.362069,33.580645],[134.36205,33.580658],[134.362032,33.580679],[134.361998,33.580734],[134.361963,33.580792],[134.361926,33.580846],[134.361882,33.580889],[134.361879,33.580891],[134.361819,33.580931],[134.361756,33.580972],[134.361727,33.580995],[134.361699,33.581022],[134.361655,33.58108],[134.361625,33.581133],[134.361602,33.581171],[134.361591,33.581185],[134.361574,33.581197],[134.361551,33.581206],[134.361477,33.581225],[134.361377,33.581244],[134.361262,33.581267],[134.361144,33.581296],[134.36104,33.581326],[134.360958,33.581358],[134.360887,33.581388],[134.36081,33.581414],[134.360722,33.581432],[134.360636,33.581441],[134.360559,33.581442],[134.360527,33.581443],[134.360498,33.581445],[134.360474,33.581453],[134.360453,33.581467],[134.360413,33.581506],[134.360388,33.581529],[134.360357,33.581552],[134.360315,33.581574],[134.360268,33.581594],[134.360164,33.58163],[134.360068,33.581663],[134.359986,33.581695],[134.359912,33.581727],[134.359836,33.581758],[134.359801,33.58177],[134.359769,33.581778],[134.359742,33.581778],[134.359719,33.581772],[134.359702,33.581759],[134.359671,33.581724],[134.359656,33.581706],[134.359636,33.58169],[134.359614,33.581675],[134.359585,33.581663],[134.359514,33.581649],[134.359469,33.581647],[134.359371,33.581656],[134.359324,33.581666],[134.359281,33.58168],[134.359244,33.581699],[134.359213,33.581721],[134.359188,33.581746],[134.359146,33.581799],[134.359108,33.581856],[134.359072,33.581913],[134.359038,33.581971],[134.359005,33.582025],[134.358993,33.582047],[134.358978,33.582073],[134.358952,33.58211],[134.358942,33.582123],[134.35893,33.582128],[134.358919,33.582127],[134.358906,33.582117],[134.358878,33.582088],[134.358859,33.582075],[134.358839,33.582067],[134.358813,33.582068],[134.358784,33.582076],[134.358719,33.582105],[134.35865,33.582138],[134.358582,33.582165],[134.358524,33.582184],[134.358478,33.582194],[134.358438,33.5822],[134.358399,33.582203],[134.358362,33.5822],[134.358347,33.582194],[134.358337,33.582183],[134.358331,33.582166],[134.358328,33.582124],[134.358324,33.582103],[134.358315,33.582088],[134.358298,33.582078],[134.358276,33.582073],[134.358249,33.582073],[134.35822,33.582077],[134.358165,33.582096],[134.358108,33.582121],[134.358037,33.582151],[134.357942,33.582177],[134.35784,33.582197],[134.357794,33.582204],[134.357716,33.582206],[134.357651,33.582207],[134.357586,33.582218],[134.357515,33.582242],[134.357446,33.582273],[134.357376,33.582305],[134.357304,33.582334],[134.357267,33.582347],[134.357182,33.582367],[134.357091,33.582382],[134.357,33.582396],[134.356911,33.582411],[134.356827,33.582429],[134.356749,33.58245],[134.356673,33.582474],[134.356593,33.582499],[134.356506,33.582524],[134.35642,33.582549],[134.356337,33.582571],[134.356262,33.582594],[134.356196,33.582618],[134.356134,33.582642],[134.356064,33.582665],[134.355975,33.582683],[134.355873,33.582701],[134.355769,33.582722],[134.355669,33.582745],[134.355621,33.582757],[134.355538,33.582784],[134.355463,33.582812],[134.355386,33.582842],[134.355297,33.582869],[134.355203,33.582895],[134.355112,33.582917],[134.355034,33.582939],[134.355003,33.58295],[134.354977,33.582964],[134.354957,33.58298],[134.354943,33.582999],[134.354936,33.58302],[134.354933,33.583042],[134.354939,33.583089],[134.354954,33.583136],[134.354957,33.583157],[134.354957,33.583177],[134.354947,33.583193],[134.354932,33.583206],[134.35491,33.583218],[134.354849,33.58324],[134.354773,33.583262],[134.354734,33.583276],[134.354701,33.583292],[134.354676,33.58331],[134.354657,33.583331],[134.354636,33.583376],[134.354626,33.583397],[134.35461,33.583416],[134.354584,33.58343],[134.354552,33.583441],[134.354472,33.583457],[134.354387,33.583477],[134.3543,33.583499],[134.354253,33.583509],[134.3542,33.583515],[134.354141,33.583517],[134.35403,33.583519],[134.354004,33.58352],[134.353829,33.583548],[134.353712,33.583571],[134.353647,33.583582],[134.353593,33.583595],[134.353546,33.583605],[134.353504,33.583606],[134.353483,33.583601],[134.353462,33.583594],[134.353422,33.583575],[134.353385,33.583553],[134.353353,33.583536],[134.35332,33.583523],[134.353282,33.583516],[134.353229,33.583514],[134.353154,33.583514],[134.353067,33.583517],[134.352976,33.583522],[134.352886,33.583529],[134.352803,33.583536],[134.352724,33.583545],[134.352643,33.583557],[134.352558,33.58357],[134.352477,33.583587],[134.352405,33.583607],[134.35235,33.583631],[134.352327,33.583644],[134.352289,33.58367],[134.352247,33.583692],[134.352221,33.5837],[134.35219,33.583706],[134.352156,33.583709],[134.35208,33.583711],[134.352007,33.583709],[134.351945,33.583705],[134.351898,33.583701],[134.351856,33.583695],[134.351813,33.583687],[134.351761,33.583675],[134.351703,33.583661],[134.351641,33.583647],[134.351578,33.58363],[134.351517,33.583613],[134.351459,33.583599],[134.351405,33.583589],[134.351354,33.583583],[134.351303,33.583582],[134.351248,33.583585],[134.351182,33.583591],[134.351106,33.583598],[134.351026,33.583605],[134.350947,33.583611],[134.350873,33.583613],[134.350802,33.583617],[134.350726,33.583624],[134.350641,33.583638],[134.350547,33.583659],[134.350448,33.583683],[134.35035,33.583704],[134.350255,33.58372],[134.350166,33.583734],[134.350081,33.583751],[134.349999,33.583772],[134.349921,33.5838],[134.349846,33.583827],[134.349773,33.583849],[134.3497,33.583861],[134.34963,33.583867],[134.349562,33.583869],[134.349497,33.58387],[134.349438,33.583874],[134.349384,33.583874],[134.34934,33.583872],[134.349303,33.583863],[134.349274,33.583849],[134.349247,33.583831],[134.349219,33.583807],[134.349187,33.583783],[134.349155,33.583763],[134.34912,33.583753],[134.349102,33.583752],[134.349084,33.583755],[134.349047,33.583764],[134.349008,33.583769],[134.348988,33.583769],[134.348945,33.583756],[134.348903,33.583739],[134.348872,33.583728],[134.348865,33.583725],[134.348856,33.583724],[134.34885,33.583723],[134.348842,33.583724],[134.348836,33.583725],[134.348828,33.583728],[134.348824,33.58373],[134.348819,33.583733],[134.348812,33.583739],[134.348789,33.583761],[134.348756,33.583783],[134.348735,33.583791],[134.348683,33.583803],[134.348629,33.583812],[134.348576,33.583823],[134.348531,33.583834],[134.348491,33.583846],[134.348455,33.583853],[134.348419,33.583853],[134.3484,33.583848],[134.348359,33.583837],[134.348313,33.583822],[134.348261,33.583807],[134.348204,33.583795],[134.348146,33.583782],[134.348091,33.583773],[134.348041,33.583763],[134.347996,33.583757],[134.347951,33.583756],[134.347906,33.583761],[134.347861,33.583771],[134.347818,33.58378],[134.347782,33.583784],[134.347751,33.583777],[134.347725,33.583765],[134.347699,33.583754],[134.347668,33.583751],[134.34765,33.583753],[134.347609,33.583763],[134.347564,33.583776],[134.347517,33.583789],[134.347467,33.5838],[134.347411,33.583806],[134.347344,33.583809],[134.347265,33.583805],[134.347181,33.583798],[134.3471,33.58379],[134.34703,33.583784],[134.346974,33.583779],[134.346928,33.583772],[134.34689,33.58376],[134.346855,33.58374],[134.346823,33.583715],[134.346792,33.583689],[134.346762,33.583666],[134.346732,33.583646],[134.346697,33.58363],[134.346657,33.583619],[134.346609,33.58361],[134.346556,33.583605],[134.346504,33.583606],[134.346458,33.583613],[134.346418,33.583626],[134.346383,33.583644],[134.34635,33.583668],[134.346314,33.583693],[134.346276,33.583717],[134.34623,33.583735],[134.346203,33.583741],[134.346173,33.583743],[134.346105,33.58374],[134.346032,33.583731],[134.345958,33.583723],[134.345886,33.583719],[134.345819,33.583719],[134.345757,33.58372],[134.345751,33.58372],[134.345701,33.583721],[134.34565,33.583718],[134.345603,33.583711],[134.345554,33.583697],[134.345502,33.583677],[134.345449,33.583657],[134.345424,33.58365],[134.345398,33.583647],[134.345376,33.583648],[134.345353,33.583654],[134.345332,33.583665],[134.345312,33.583678],[134.345273,33.58371],[134.345235,33.583739],[134.345193,33.583758],[134.345151,33.583767],[134.345108,33.583769],[134.345067,33.583767],[134.345027,33.583761],[134.344988,33.583755],[134.344952,33.583749],[134.344917,33.583742],[134.344882,33.583735],[134.34485,33.583725],[134.34482,33.58371],[134.344791,33.583689],[134.344767,33.583664],[134.344751,33.583635],[134.34474,33.583604],[134.344732,33.583576],[134.344722,33.583558],[134.344716,33.583554],[134.344706,33.583554],[134.344682,33.583566],[134.344655,33.583586],[134.344626,33.583608],[134.344596,33.583626],[134.344566,33.583639],[134.344532,33.583648],[134.344494,33.583656],[134.344451,33.58366],[134.344407,33.58366],[134.344365,33.583657],[134.344328,33.583648],[134.344294,33.583637],[134.344259,33.583623],[134.34422,33.583612],[134.344175,33.583601],[134.344129,33.58359],[134.344083,33.583579],[134.344037,33.583563],[134.343995,33.583547],[134.343957,33.583529],[134.343925,33.58351],[134.343899,33.58349],[134.343877,33.583466],[134.343859,33.583438],[134.343844,33.583405],[134.343833,33.583369],[134.343828,33.583334],[134.343829,33.583304],[134.343836,33.583278],[134.343846,33.583256],[134.343857,33.583232],[134.343866,33.583206],[134.34387,33.583181],[134.343867,33.583163],[134.343863,33.583159],[134.343855,33.583156],[134.343835,33.58316],[134.34381,33.58317],[134.343786,33.583182],[134.343763,33.583191],[134.343741,33.583199],[134.343712,33.583209],[134.343673,33.583221],[134.343622,33.583236],[134.343568,33.583252],[134.343512,33.58327],[134.343459,33.583285],[134.34341,33.583302],[134.34336,33.583319],[134.343311,33.583339],[134.343258,33.583361],[134.343201,33.583383],[134.343136,33.583401],[134.3431,33.583408],[134.343024,33.583417],[134.34295,33.583419],[134.342884,33.583415],[134.34283,33.583404],[134.342784,33.583392],[134.342737,33.583385],[134.342684,33.583388],[134.34262,33.583401],[134.342549,33.583417],[134.342474,33.583428],[134.342396,33.58343],[134.342323,33.583425],[134.342256,33.583421],[134.3422,33.583424],[134.342154,33.583432],[134.342109,33.583444],[134.34206,33.583455],[134.342,33.583461],[134.341933,33.583463],[134.341866,33.58346],[134.341801,33.583455],[134.341744,33.583447],[134.341693,33.583438],[134.341649,33.583429],[134.34161,33.58342],[134.341579,33.583413],[134.341554,33.5834],[134.341534,33.583383],[134.341528,33.583372],[134.341517,33.583348],[134.341511,33.583322],[134.341511,33.583297],[134.341514,33.583272],[134.341521,33.583248],[134.341529,33.583224],[134.341538,33.583197],[134.341546,33.58317],[134.341554,33.583146],[134.341562,33.583124],[134.341566,33.583107],[134.341568,33.583093],[134.341568,33.583082],[134.341563,33.583073],[134.341556,33.583067],[134.341547,33.583067],[134.341537,33.583069],[134.341528,33.583076],[134.341518,33.583085],[134.341511,33.583095],[134.341502,33.583104],[134.341493,33.583114],[134.341478,33.583126],[134.341455,33.58314],[134.341424,33.583158],[134.341388,33.583178],[134.341349,33.583199],[134.341308,33.58322],[134.341269,33.583241],[134.341229,33.58326],[134.341192,33.583276],[134.341153,33.583291],[134.341112,33.583301],[134.341066,33.583309],[134.341012,33.583311],[134.340956,33.583309],[134.340901,33.583302],[134.340855,33.583291],[134.340816,33.583276],[134.340784,33.583257],[134.340755,33.583233],[134.340726,33.583204],[134.340699,33.583171],[134.340677,33.583136],[134.340661,33.583099],[134.340649,33.583061],[134.340641,33.583023],[134.340634,33.582987],[134.340625,33.582953],[134.340614,33.582923],[134.340601,33.582902],[134.340593,33.582895],[134.340574,33.582889],[134.340551,33.582892],[134.340527,33.5829],[134.3405,33.582912],[134.34047,33.582923],[134.340438,33.582931],[134.340404,33.582932],[134.340365,33.582923],[134.340325,33.582909],[134.340284,33.582893],[134.340244,33.582879],[134.340207,33.582866],[134.340174,33.58285],[134.340144,33.582827],[134.340119,33.582794],[134.340096,33.582759],[134.340071,33.582733],[134.340058,33.582728],[134.340042,33.582727],[134.340026,33.582732],[134.339992,33.582753],[134.33996,33.582782],[134.339931,33.582809],[134.339906,33.582831],[134.339882,33.582847],[134.339853,33.582858],[134.339814,33.582863],[134.339768,33.582866],[134.339715,33.582871],[134.339657,33.582881],[134.339595,33.582895],[134.339531,33.58291],[134.339471,33.582919],[134.339414,33.58292],[134.339359,33.582915],[134.339305,33.582911],[134.339249,33.582911],[134.339188,33.582916],[134.339118,33.582922],[134.339037,33.582925],[134.338941,33.582921],[134.338839,33.582914],[134.338739,33.582904],[134.33865,33.582895],[134.338576,33.582887],[134.338513,33.582878],[134.338463,33.582866],[134.338441,33.582857],[134.338403,33.582837],[134.33837,33.582813],[134.338341,33.582786],[134.33831,33.582756],[134.33828,33.582729],[134.33825,33.58271],[134.338236,33.582706],[134.33822,33.582705],[134.338205,33.582708],[134.338192,33.582713],[134.338163,33.58273],[134.338134,33.582747],[134.338119,33.582754],[134.338087,33.582765],[134.338052,33.582773],[134.33801,33.582779],[134.337959,33.582783],[134.337902,33.582787],[134.337844,33.582788],[134.337786,33.582787],[134.33773,33.582784],[134.337663,33.582779],[134.337632,33.582774],[134.337616,33.582769],[134.337588,33.582753],[134.337562,33.582731],[134.337539,33.58271],[134.337514,33.582691],[134.337498,33.582684],[134.337459,33.582677],[134.337407,33.582677],[134.337343,33.582682],[134.33727,33.582687],[134.337187,33.582687],[134.337102,33.582685],[134.337018,33.582684],[134.336944,33.582688],[134.336879,33.582694],[134.33682,33.582701],[134.336764,33.582707],[134.336707,33.582706],[134.33665,33.582702],[134.336593,33.582694],[134.336536,33.582687],[134.33648,33.582677],[134.336428,33.582668],[134.33638,33.58266],[134.336338,33.58265],[134.336304,33.582639],[134.336271,33.582623],[134.336242,33.5826],[134.336215,33.582572],[134.336192,33.582541],[134.336173,33.582513],[134.33616,33.582491],[134.336151,33.582472],[134.336147,33.582454],[134.336145,33.582432],[134.336143,33.58241],[134.336136,33.582389],[134.33613,33.582381],[134.336121,33.582376],[134.336108,33.582372],[134.336076,33.582373],[134.336037,33.58238],[134.335998,33.582389],[134.335961,33.582396],[134.335925,33.582402],[134.33589,33.582409],[134.335852,33.582417],[134.335811,33.582425],[134.335769,33.582429],[134.335727,33.582425],[134.335705,33.582419],[134.335661,33.5824],[134.335618,33.582376],[134.335574,33.582353],[134.335528,33.582332],[134.335482,33.582313],[134.335434,33.582292],[134.335384,33.582266],[134.335333,33.582237],[134.33529,33.582209],[134.335284,33.582205],[134.335237,33.582173],[134.335192,33.582145],[134.335151,33.582119],[134.335109,33.582096],[134.335064,33.582074],[134.335016,33.582051],[134.334968,33.582028],[134.334924,33.582003],[134.334884,33.581974],[134.334847,33.581943],[134.334808,33.581911],[134.334763,33.581881],[134.334712,33.581852],[134.334662,33.581825],[134.334616,33.581797],[134.334578,33.581769],[134.334547,33.58174],[134.334517,33.581712],[134.334487,33.581685],[134.334454,33.58166],[134.334422,33.581638],[134.334393,33.581617],[134.334369,33.581599],[134.334344,33.581583],[134.334314,33.581571],[134.334276,33.581562],[134.334227,33.581555],[134.334176,33.581547],[134.334132,33.581536],[134.334097,33.581519],[134.334072,33.581499],[134.334051,33.581477],[134.334027,33.581457],[134.333999,33.581438],[134.333964,33.58142],[134.333922,33.581401],[134.333869,33.581381],[134.333714,33.581328],[134.333469,33.581488],[134.333228,33.581646],[134.332999,33.581796],[134.332333,33.582229],[134.332212,33.582307],[134.332342,33.582436],[134.332379,33.58248],[134.332409,33.582525],[134.332434,33.582571],[134.332449,33.582618],[134.332454,33.582666],[134.33245,33.582715],[134.332441,33.582767],[134.332428,33.582819],[134.332412,33.582873],[134.332393,33.582931],[134.332371,33.582992],[134.332345,33.583056],[134.332316,33.583124],[134.332289,33.583197],[134.332264,33.583274],[134.332241,33.583354],[134.33222,33.583437],[134.332202,33.583523],[134.332186,33.583609],[134.332174,33.583695],[134.332166,33.583782],[134.332166,33.583826],[134.332166,33.583913],[134.332175,33.583996],[134.332188,33.584071],[134.332208,33.584135],[134.332222,33.584163],[134.332251,33.584212],[134.332289,33.584259],[134.332334,33.584308],[134.332382,33.584361],[134.332425,33.584415],[134.332455,33.584466],[134.332462,33.584489],[134.332464,33.58451],[134.332462,33.58455],[134.332462,33.58459],[134.332466,33.58461],[134.332485,33.584653],[134.332515,33.584696],[134.33255,33.584736],[134.332582,33.584771],[134.332608,33.5848],[134.33263,33.584824],[134.332649,33.584847],[134.332842,33.584888],[134.333129,33.584952],[134.333349,33.585006],[134.333416,33.585027],[134.333512,33.585062],[134.333597,33.5851],[134.333705,33.585147],[134.333851,33.585201],[134.333898,33.585218],[134.33393,33.58518],[134.333962,33.585142],[134.333991,33.585103],[134.334014,33.585063],[134.334035,33.585023],[134.334055,33.584985],[134.33408,33.584952],[134.33411,33.584923],[134.334145,33.584898],[134.334184,33.584878],[134.334223,33.58486],[134.334264,33.584845],[134.334305,33.584835],[134.334348,33.584833],[134.33439,33.584838],[134.334432,33.584852],[134.334471,33.584874],[134.334505,33.584906],[134.334533,33.584943],[134.334556,33.584988],[134.334579,33.585034],[134.334601,33.585082],[134.334626,33.585128],[134.334656,33.58517],[134.334696,33.585205],[134.334743,33.585231],[134.334794,33.585249],[134.334845,33.585261],[134.33489,33.585267],[134.334931,33.585271],[134.334971,33.585272],[134.335011,33.585275],[134.335048,33.585275],[134.335079,33.585273],[134.335091,33.585268],[134.3351,33.585261],[134.335104,33.58525],[134.335105,33.585223],[134.335104,33.585192],[134.335107,33.585177],[134.335121,33.585151],[134.335149,33.58513],[134.335179,33.585114],[134.335204,33.585099],[134.335213,33.58508],[134.335212,33.585062],[134.335203,33.58504],[134.335191,33.585016],[134.335181,33.584989],[134.335178,33.584963],[134.33518,33.584951],[134.335192,33.584929],[134.335218,33.584912],[134.335254,33.584899],[134.335294,33.58489],[134.335336,33.584883],[134.335378,33.584881],[134.335417,33.584885],[134.33545,33.584895],[134.335475,33.584913],[134.335495,33.584938],[134.335513,33.58497],[134.335526,33.585009],[134.335535,33.585051],[134.335538,33.585095],[134.335536,33.585118],[134.335525,33.585159],[134.335516,33.585195],[134.335514,33.585211],[134.335517,33.585224],[134.335525,33.585237],[134.335538,33.585246],[134.335556,33.585254],[134.335604,33.585264],[134.335656,33.585265],[134.33568,33.585264],[134.335727,33.585257],[134.335776,33.585243],[134.335833,33.585223],[134.335868,33.585208],[134.335889,33.585189],[134.335895,33.58518],[134.335897,33.585164],[134.335892,33.585134],[134.33588,33.585095],[134.335867,33.585062],[134.335855,33.585036],[134.335847,33.585018],[134.335843,33.584999],[134.33584,33.584976],[134.33584,33.584949],[134.335847,33.584925],[134.335856,33.584915],[134.335867,33.584908],[134.335881,33.584905],[134.335917,33.584907],[134.335964,33.584918],[134.336014,33.584934],[134.336066,33.584951],[134.33612,33.584966],[134.336175,33.584977],[134.336233,33.584982],[134.336292,33.584978],[134.33635,33.58497],[134.336407,33.58496],[134.336459,33.584948],[134.336508,33.584937],[134.336552,33.584932],[134.336591,33.58493],[134.336622,33.584938],[134.336636,33.584946],[134.336657,33.584969],[134.336666,33.584986],[134.336676,33.585027],[134.33668,33.585076],[134.336684,33.585127],[134.336689,33.585175],[134.336695,33.585217],[134.336699,33.585255],[134.336702,33.585292],[134.336698,33.585328],[134.33669,33.585363],[134.336677,33.585397],[134.336661,33.585428],[134.336646,33.585455],[134.336641,33.585467],[134.336641,33.585487],[134.336649,33.585497],[134.336661,33.585505],[134.336697,33.585519],[134.336743,33.585527],[134.336789,33.585533],[134.336829,33.585535],[134.336867,33.585535],[134.336907,33.585533],[134.336953,33.585533],[134.337007,33.585532],[134.337062,33.585526],[134.337114,33.585511],[134.337158,33.585484],[134.337296,33.585351],[134.337308,33.585329],[134.337311,33.585296],[134.337309,33.585257],[134.337308,33.585216],[134.337307,33.585178],[134.337311,33.585143],[134.337317,33.585111],[134.337325,33.585082],[134.337331,33.585053],[134.337338,33.585026],[134.337347,33.585002],[134.337358,33.58498],[134.337373,33.584961],[134.33739,33.584945],[134.337412,33.584932],[134.337435,33.584922],[134.337461,33.584916],[134.337489,33.584912],[134.337516,33.584913],[134.337544,33.584918],[134.337572,33.584925],[134.3376,33.584935],[134.337628,33.584947],[134.337641,33.584957],[134.337652,33.584972],[134.337685,33.585025],[134.337703,33.585065],[134.337709,33.585088],[134.337712,33.58511],[134.337712,33.585133],[134.337713,33.585158],[134.337715,33.585187],[134.337717,33.585219],[134.337717,33.585248],[134.337717,33.585263],[134.337712,33.585285],[134.337693,33.585331],[134.337787,33.585475],[134.337819,33.585513],[134.337854,33.585544],[134.337874,33.585557],[134.337896,33.585566],[134.337942,33.585575],[134.337993,33.585574],[134.338045,33.585566],[134.338092,33.585558],[134.338137,33.585548],[134.33818,33.58554],[134.338225,33.585533],[134.338272,33.585527],[134.338318,33.585524],[134.338361,33.585525],[134.338394,33.585533],[134.338419,33.585547],[134.338436,33.585565],[134.338447,33.585585],[134.338452,33.585602],[134.338458,33.585617],[134.33847,33.585631],[134.338493,33.585641],[134.338527,33.585647],[134.338567,33.585651],[134.338607,33.585652],[134.338641,33.585649],[134.338671,33.585642],[134.338696,33.585631],[134.338715,33.585615],[134.338728,33.585594],[134.338732,33.585568],[134.338723,33.58554],[134.338699,33.585509],[134.338664,33.585477],[134.338624,33.585448],[134.338584,33.585422],[134.338546,33.5854],[134.338509,33.585379],[134.338475,33.585356],[134.338441,33.585328],[134.338413,33.585297],[134.338392,33.585264],[134.338382,33.58523],[134.338382,33.585213],[134.338387,33.58518],[134.3384,33.585145],[134.338419,33.585111],[134.338442,33.585078],[134.338466,33.585048],[134.338493,33.585024],[134.33852,33.585008],[134.338551,33.584997],[134.338589,33.584985],[134.338641,33.584972],[134.338702,33.584956],[134.338771,33.584941],[134.338843,33.584935],[134.338913,33.584939],[134.338948,33.584945],[134.339017,33.584962],[134.339088,33.584982],[134.339159,33.585002],[134.339232,33.585021],[134.339303,33.585038],[134.339372,33.585052],[134.339438,33.585064],[134.339501,33.585077],[134.339561,33.585092],[134.339617,33.585109],[134.339669,33.58513],[134.33971,33.58515],[134.339739,33.58517],[134.339754,33.585188],[134.33976,33.585203],[134.339763,33.585219],[134.339745,33.585256],[134.339729,33.585292],[134.339717,33.585328],[134.33971,33.58536],[134.339707,33.585392],[134.339706,33.585424],[134.339707,33.58546],[134.339704,33.5855],[134.339702,33.585541],[134.339704,33.585581],[134.339711,33.585616],[134.339724,33.585646],[134.339741,33.585671],[134.33985,33.585796],[134.339903,33.585798],[134.339964,33.585797],[134.340005,33.585791],[134.340033,33.585783],[134.34005,33.58577],[134.340062,33.585754],[134.340112,33.585646],[134.340162,33.585564],[134.340067,33.585296],[134.339899,33.585258],[134.339909,33.585216],[134.340152,33.585271],[134.340202,33.585231],[134.340241,33.5852],[134.340276,33.58517],[134.340307,33.585141],[134.340334,33.585112],[134.340357,33.585087],[134.34038,33.585064],[134.340401,33.585044],[134.340423,33.585027],[134.340445,33.585013],[134.340466,33.585001],[134.340488,33.584992],[134.340508,33.584985],[134.340532,33.584984],[134.340555,33.584987],[134.340633,33.585007],[134.34065,33.585002],[134.340685,33.584996],[134.340722,33.584994],[134.340763,33.584994],[134.340851,33.584998],[134.340939,33.585005],[134.341021,33.58501],[134.341102,33.585014],[134.341186,33.585021],[134.341278,33.585029],[134.341375,33.58504],[134.341471,33.58505],[134.341559,33.585055],[134.341632,33.585055],[134.341696,33.585051],[134.341759,33.585046],[134.341827,33.585042],[134.341904,33.58504],[134.341986,33.585041],[134.342072,33.585042],[134.342135,33.585046],[134.342256,33.585053],[134.342357,33.58506],[134.342445,33.58507],[134.342523,33.585084],[134.342598,33.585102],[134.34267,33.585124],[134.342738,33.585148],[134.342802,33.585175],[134.342858,33.585202],[134.342913,33.58523],[134.342968,33.58526],[134.343027,33.585293],[134.34309,33.585325],[134.343155,33.585356],[134.343216,33.585382],[134.343254,33.585396],[134.343266,33.58538],[134.343284,33.585356],[134.3433,33.585329],[134.343313,33.585301],[134.343324,33.585272],[134.343337,33.585242],[134.343356,33.585216],[134.343382,33.585194],[134.343413,33.585176],[134.343447,33.585161],[134.343483,33.585147],[134.343517,33.585137],[134.343552,33.585131],[134.34359,33.585135],[134.343631,33.585149],[134.343679,33.585167],[134.343733,33.585185],[134.343763,33.585192],[134.343829,33.585197],[134.343916,33.585191]]]},"properties":{"S_NAME":"大字宍喰浦","HCODE":8101}},{"type":"Feature","geometry":{"type":"Polygon","coordinates":[[[134.33393,33.583326],[134.333955,33.583328],[134.334,33.583337],[134.334034,33.583349],[134.33406,33.583365],[134.334081,33.583384],[134.334099,33.583405],[134.334117,33.583424],[134.334133,33.583445],[134.334144,33.583467],[134.334145,33.583489],[134.334136,33.583513],[134.334117,33.583537],[134.334091,33.583562],[134.334058,33.583585],[134.334021,33.583609],[134.333983,33.58363],[134.333947,33.583648],[134.333846,33.583683],[134.333735,33.583707],[134.33368,33.583713],[134.333626,33.583719],[134.333575,33.583722],[134.333523,33.583722],[134.333473,33.583719],[134.333429,33.583713],[134.333389,33.583707],[134.333355,33.583699],[134.333327,33.583691],[134.333303,33.583683],[134.333281,33.583673],[134.333263,33.583662],[134.333251,33.583647],[134.333248,33.583629],[134.333255,33.583605],[134.333273,33.583578],[134.3333,33.583549],[134.333336,33.58352],[134.33338,33.583492],[134.333426,33.583465],[134.333474,33.58344],[134.333519,33.583418],[134.333564,33.583396],[134.333611,33.583377],[134.333665,33.58336],[134.333723,33.583345],[134.333784,33.583334],[134.333814,33.583329],[134.333875,33.583325],[134.33393,33.583326]]]},"properties":{"S_NAME":"大字宍喰浦","HCODE":8101}},{"type":"Feature","geometry":{"type":"Polygon","coordinates":[[[134.316876,33.56052],[134.316917,33.560524],[134.316936,33.560529],[134.316971,33.560545],[134.316995,33.560564],[134.317017,33.560588],[134.317037,33.560609],[134.317058,33.560629],[134.31708,33.560649],[134.317096,33.560665],[134.317113,33.560678],[134.317136,33.560689],[134.317162,33.560694],[134.31719,33.5607],[134.31722,33.560711],[134.317246,33.560726],[134.317256,33.560737],[134.317264,33.560755],[134.317267,33.560774],[134.317264,33.560819],[134.317266,33.560861],[134.317275,33.560897],[134.317285,33.560934],[134.317288,33.560989],[134.317286,33.561017],[134.317273,33.561073],[134.317258,33.561116],[134.317236,33.561157],[134.317224,33.561177],[134.317175,33.561227],[134.317112,33.561267],[134.317078,33.561282],[134.317036,33.561295],[134.316993,33.561304],[134.316972,33.561306],[134.316908,33.561302],[134.316846,33.561291],[134.316789,33.561277],[134.31674,33.561259],[134.316717,33.561249],[134.316698,33.561236],[134.316676,33.561217],[134.316658,33.561195],[134.316634,33.561146],[134.316625,33.561094],[134.316626,33.561045],[134.316635,33.560995],[134.316669,33.56086],[134.316691,33.56081],[134.316718,33.560748],[134.316761,33.560642],[134.316787,33.560574],[134.316796,33.56055],[134.316802,33.56054],[134.31682,33.560527],[134.316846,33.56052],[134.316876,33.56052]]]},"properties":{"S_NAME":"大字宍喰浦","HCODE":8101}},{"type":"Feature","geometry":{"type":"Polygon","coordinates":[[[134.32088,33.555975],[134.320895,33.55598],[134.320931,33.555998],[134.320978,33.556019],[134.321036,33.55603],[134.321102,33.556039],[134.321161,33.556053],[134.321186,33.556063],[134.321205,33.556073],[134.321218,33.556084],[134.321225,33.556095],[134.321223,33.556103],[134.321213,33.556111],[134.321183,33.556123],[134.321148,33.556131],[134.321112,33.556137],[134.321071,33.556145],[134.321024,33.556153],[134.321004,33.556159],[134.32099,33.556165],[134.320986,33.556172],[134.320991,33.556179],[134.321027,33.556196],[134.321081,33.556217],[134.321134,33.556242],[134.321254,33.556306],[134.32129,33.556324],[134.321295,33.556328],[134.321296,33.556331],[134.321297,33.556334],[134.321297,33.556337],[134.321295,33.556342],[134.321293,33.556345],[134.321287,33.556349],[134.321283,33.55635],[134.321254,33.556353],[134.321224,33.556357],[134.321174,33.556362],[134.321118,33.556364],[134.321061,33.556362],[134.321007,33.556355],[134.320959,33.55634],[134.320915,33.556317],[134.320869,33.556283],[134.32082,33.556244],[134.320776,33.556212],[134.320738,33.556196],[134.320705,33.556184],[134.320688,33.556174],[134.32067,33.556158],[134.320653,33.556139],[134.320641,33.556119],[134.320635,33.5561],[134.320637,33.556083],[134.320647,33.556071],[134.32069,33.556057],[134.320738,33.556048],[134.32077,33.556032],[134.320794,33.556013],[134.320819,33.555993],[134.320833,33.555984],[134.320848,33.555977],[134.320864,33.555975],[134.32088,33.555975]]]},"properties":{"S_NAME":"大字宍喰浦","HCODE":8101}},{"type":"Feature","geometry":{"type":"Polygon","coordinates":[[[134.320279,33.557101],[134.320309,33.557157],[134.320317,33.557182],[134.320318,33.557203],[134.320314,33.557222],[134.320305,33.557238],[134.320294,33.557253],[134.320265,33.557284],[134.32023,33.557318],[134.320185,33.557349],[134.320126,33.557374],[134.320059,33.557396],[134.319991,33.557418],[134.319929,33.557441],[134.319873,33.557465],[134.319825,33.557489],[134.319775,33.557511],[134.319745,33.55752],[134.319709,33.557527],[134.319627,33.557538],[134.319537,33.557546],[134.319502,33.557543],[134.319366,33.557531],[134.319265,33.557518],[134.319154,33.557497],[134.319104,33.557484],[134.31906,33.557467],[134.319029,33.557449],[134.319011,33.557428],[134.319007,33.557404],[134.319012,33.557379],[134.319022,33.557354],[134.319045,33.557305],[134.319061,33.557259],[134.319066,33.557219],[134.319062,33.557201],[134.319056,33.557184],[134.31903,33.557155],[134.318994,33.557132],[134.31897,33.557122],[134.318919,33.557108],[134.318864,33.5571],[134.318809,33.557101],[134.318753,33.557108],[134.318698,33.557121],[134.318674,33.557123],[134.318654,33.557123],[134.31864,33.557115],[134.318631,33.557099],[134.31863,33.557078],[134.318633,33.557051],[134.318642,33.557024],[134.318667,33.556973],[134.318685,33.556951],[134.318707,33.556932],[134.318736,33.556916],[134.318772,33.5569],[134.31886,33.556871],[134.318959,33.556845],[134.319046,33.55682],[134.319115,33.556795],[134.31918,33.556772],[134.319244,33.556751],[134.319314,33.556736],[134.319389,33.55673],[134.319428,33.556732],[134.319501,33.55674],[134.319564,33.556756],[134.319613,33.556776],[134.319653,33.556798],[134.319686,33.556816],[134.319716,33.556839],[134.319742,33.556869],[134.319767,33.556905],[134.319797,33.556939],[134.319815,33.556952],[134.319835,33.556961],[134.319859,33.556969],[134.319917,33.556977],[134.319951,33.556978],[134.320025,33.556977],[134.320098,33.556982],[134.320131,33.556988],[134.32016,33.556997],[134.320187,33.557011],[134.320213,33.557027],[134.320237,33.557049],[134.320258,33.557073],[134.320279,33.557101]]]},"properties":{"S_NAME":"大字宍喰浦","HCODE":8101}},{"type":"Feature","geometry":{"type":"Polygon","coordinates":[[[134.326361,33.55572],[134.326364,33.555745],[134.32636,33.555771],[134.326352,33.555799],[134.32634,33.555832],[134.32632,33.555869],[134.326289,33.55591],[134.326268,33.555932],[134.326216,33.555979],[134.326159,33.556026],[134.326099,33.55607],[134.32604,33.556113],[134.325982,33.556151],[134.325928,33.556187],[134.325878,33.556219],[134.325833,33.556245],[134.325798,33.55627],[134.325782,33.556284],[134.325776,33.556293],[134.325769,33.556304],[134.325764,33.556328],[134.325757,33.556363],[134.325748,33.5564],[134.32574,33.55642],[134.325734,33.556434],[134.325723,33.556446],[134.325713,33.556454],[134.325695,33.556464],[134.325677,33.556472],[134.325656,33.556476],[134.325602,33.556485],[134.325544,33.556494],[134.325491,33.556504],[134.325444,33.556515],[134.325393,33.556529],[134.325331,33.556544],[134.325261,33.556558],[134.325187,33.556568],[134.325109,33.556574],[134.325032,33.556583],[134.324951,33.556598],[134.324872,33.556618],[134.324792,33.556637],[134.324717,33.556654],[134.324653,33.556666],[134.324625,33.556671],[134.324603,33.556672],[134.324582,33.556672],[134.324567,33.556669],[134.324553,33.556663],[134.324545,33.556659],[134.324529,33.556643],[134.324521,33.556631],[134.324511,33.556616],[134.324506,33.556602],[134.324503,33.556589],[134.324503,33.556566],[134.324505,33.556546],[134.324504,33.556527],[134.3245,33.556512],[134.324495,33.5565],[134.324485,33.556487],[134.324476,33.556469],[134.32447,33.556444],[134.324458,33.556397],[134.324447,33.556325],[134.324445,33.556298],[134.324445,33.556259],[134.324449,33.556231],[134.324455,33.556209],[134.324462,33.556186],[134.32447,33.556164],[134.324479,33.55615],[134.324486,33.556138],[134.324501,33.556122],[134.324516,33.556111],[134.324529,33.556103],[134.324554,33.556094],[134.32458,33.556087],[134.324614,33.556081],[134.32466,33.556072],[134.324671,33.556068],[134.324675,33.556066],[134.324681,33.55606],[134.324684,33.556051],[134.324681,33.556044],[134.324665,33.556017],[134.324641,33.555983],[134.324625,33.555956],[134.324613,33.555928],[134.324607,33.555907],[134.324599,33.555864],[134.324598,33.555845],[134.324597,33.555825],[134.3246,33.555809],[134.324606,33.555796],[134.324614,33.555784],[134.324623,33.555776],[134.324637,33.555766],[134.324668,33.555753],[134.324705,33.555735],[134.324722,33.555724],[134.324748,33.555707],[134.324782,33.555679],[134.324824,33.555634],[134.324863,33.555591],[134.324903,33.555553],[134.324942,33.555521],[134.324957,33.555511],[134.324978,33.555499],[134.325003,33.555488],[134.32503,33.55548],[134.325051,33.555475],[134.325082,33.55547],[134.325141,33.55546],[134.325198,33.555455],[134.325259,33.555452],[134.325319,33.555454],[134.325352,33.555456],[134.325378,33.555461],[134.325408,33.555469],[134.325442,33.555479],[134.325487,33.555498],[134.325542,33.555521],[134.325593,33.555543],[134.325635,33.555562],[134.32565,33.555574],[134.325662,33.555588],[134.325668,33.555604],[134.32567,33.555623],[134.325668,33.555641],[134.325659,33.555671],[134.32565,33.555693],[134.325645,33.555703],[134.325649,33.555708],[134.325668,33.555711],[134.325705,33.55571],[134.325764,33.555705],[134.325838,33.555701],[134.325919,33.555702],[134.325996,33.555708],[134.326064,33.555715],[134.326114,33.555716],[134.326134,33.555714],[134.326159,33.55571],[134.326173,33.555707],[134.32621,33.555694],[134.32625,33.55568],[134.326269,33.555674],[134.326287,33.555672],[134.326304,33.555673],[134.32632,33.555677],[134.326336,33.555685],[134.326348,33.555692],[134.326353,33.555697],[134.326359,33.555709],[134.326361,33.55572]]]},"properties":{"S_NAME":"大字宍喰浦","HCODE":8101}},{"type":"Feature","geometry":{"type":"Polygon","coordinates":[[[134.33781,33.583679],[134.337797,33.583691],[134.337784,33.583701],[134.337771,33.583709],[134.33776,33.583716],[134.337746,33.583723],[134.337726,33.583732],[134.337702,33.583743],[134.337689,33.583746],[134.337673,33.583747],[134.337639,33.583749],[134.337507,33.583753],[134.337395,33.58375],[134.337351,33.583745],[134.337314,33.583736],[134.337285,33.583727],[134.33724,33.583704],[134.337201,33.583686],[134.33718,33.583681],[134.337153,33.58368],[134.33709,33.583686],[134.337018,33.583699],[134.336944,33.583711],[134.33687,33.583716],[134.336802,33.583715],[134.336742,33.583712],[134.336692,33.58371],[134.336654,33.583708],[134.336624,33.583705],[134.336599,33.5837],[134.336574,33.583689],[134.336552,33.583676],[134.336529,33.583661],[134.336506,33.583646],[134.336484,33.583631],[134.336468,33.583615],[134.336459,33.583597],[134.33646,33.583574],[134.336465,33.583563],[134.336486,33.583541],[134.336501,33.58353],[134.336541,33.583513],[134.336596,33.583503],[134.336662,33.583496],[134.336738,33.583495],[134.336821,33.583495],[134.33691,33.5835],[134.336999,33.583507],[134.337088,33.583516],[134.337175,33.583528],[134.337264,33.583539],[134.337363,33.583549],[134.33747,33.583556],[134.337671,33.583569],[134.337703,33.583576],[134.337744,33.583589],[134.337764,33.583601],[134.337783,33.583615],[134.3378,33.583628],[134.337813,33.58364],[134.33782,33.583651],[134.337822,33.583663],[134.337818,33.583668],[134.33781,33.583679]]]},"properties":{"S_NAME":"大字宍喰浦","HCODE":8101}},{"type":"Feature","geometry":{"type":"Polygon","coordinates":[[[134.323471,33.555888],[134.323485,33.555907],[134.323495,33.55593],[134.323501,33.555955],[134.323504,33.555983],[134.323498,33.556045],[134.323489,33.556086],[134.323481,33.556108],[134.323472,33.556133],[134.323454,33.556176],[134.323416,33.556252],[134.323373,33.556319],[134.323329,33.556384],[134.323313,33.556406],[134.323266,33.556473],[134.323232,33.556511],[134.323201,33.556539],[134.323169,33.556562],[134.323128,33.556587],[134.323076,33.556619],[134.32304,33.556639],[134.323016,33.556648],[134.322991,33.556657],[134.322945,33.556664],[134.3229,33.556666],[134.322853,33.556666],[134.322807,33.556663],[134.322786,33.556659],[134.322757,33.556653],[134.322733,33.556643],[134.322703,33.55663],[134.322679,33.556615],[134.322648,33.556596],[134.322631,33.556582],[134.322606,33.556563],[134.32257,33.556528],[134.322523,33.556472],[134.322481,33.55641],[134.322446,33.556345],[134.322384,33.55623],[134.322366,33.556195],[134.322359,33.556176],[134.322354,33.556154],[134.32235,33.55611],[134.322352,33.55609],[134.322357,33.55607],[134.322362,33.55605],[134.322369,33.556036],[134.322375,33.556026],[134.322394,33.556007],[134.322432,33.555977],[134.322482,33.555944],[134.322538,33.55591],[134.322593,33.555875],[134.322647,33.555844],[134.322675,33.555832],[134.322702,33.555823],[134.322726,33.555818],[134.32275,33.555817],[134.322781,33.555819],[134.322801,33.555824],[134.322827,33.555834],[134.322849,33.555847],[134.322868,33.555856],[134.32288,33.555859],[134.322896,33.55586],[134.322914,33.555857],[134.322953,33.555849],[134.323035,33.555833],[134.323057,33.555827],[134.323076,33.555821],[134.323112,33.5558],[134.323153,33.555776],[134.323183,33.555763],[134.323202,33.555758],[134.323225,33.555753],[134.323261,33.55575],[134.323294,33.555752],[134.323316,33.555757],[134.32333,33.555763],[134.323362,33.555786],[134.323393,33.555815],[134.323431,33.555847],[134.323471,33.555888]]]},"properties":{"S_NAME":"大字宍喰浦","HCODE":8101}},{"type":"Feature","geometry":{"type":"Polygon","coordinates":[[[134.325331,33.558042],[134.325242,33.55805],[134.325156,33.558057],[134.32508,33.558055],[134.324917,33.558045],[134.32473,33.558027],[134.324617,33.558018],[134.32452,33.558008],[134.324482,33.558002],[134.324446,33.557994],[134.324426,33.557989],[134.324395,33.557978],[134.324378,33.557968],[134.324365,33.557957],[134.324358,33.557949],[134.32435,33.557939],[134.324341,33.557915],[134.324334,33.557876],[134.324327,33.557835],[134.324328,33.557814],[134.32433,33.557799],[134.324337,33.557784],[134.324348,33.557772],[134.324363,33.55776],[134.32441,33.557735],[134.324473,33.557712],[134.324507,33.557701],[134.324576,33.557686],[134.324643,33.557675],[134.324714,33.55767],[134.32479,33.557668],[134.32487,33.557666],[134.324948,33.557664],[134.325023,33.557658],[134.325062,33.557651],[134.325113,33.557638],[134.325167,33.55762],[134.325241,33.557595],[134.325315,33.557573],[134.325368,33.557558],[134.325416,33.557546],[134.325446,33.55754],[134.325477,33.557536],[134.325504,33.557536],[134.32554,33.557539],[134.325568,33.557545],[134.325605,33.557553],[134.325724,33.55758],[134.325797,33.557595],[134.325853,33.557607],[134.325895,33.557614],[134.325912,33.557616],[134.325931,33.557617],[134.325948,33.557613],[134.325972,33.557603],[134.326017,33.557579],[134.326074,33.557546],[134.326095,33.557534],[134.326125,33.55752],[134.326147,33.557513],[134.326171,33.557506],[134.326194,33.557502],[134.32622,33.557501],[134.326278,33.557498],[134.326339,33.557502],[134.32639,33.557507],[134.326425,33.557514],[134.326456,33.557522],[134.326478,33.557533],[134.326493,33.557541],[134.326502,33.557549],[134.326516,33.557561],[134.326525,33.557572],[134.32653,33.557584],[134.326528,33.557595],[134.326521,33.557606],[134.3265,33.557626],[134.32648,33.557647],[134.326469,33.557662],[134.326465,33.557672],[134.326461,33.557687],[134.326458,33.557701],[134.326451,33.557734],[134.326444,33.557746],[134.326431,33.557755],[134.326394,33.557771],[134.326341,33.557792],[134.326275,33.557822],[134.326201,33.557859],[134.326134,33.557892],[134.326094,33.557912],[134.326041,33.557933],[134.325988,33.557948],[134.325929,33.557962],[134.32583,33.557983],[134.325743,33.558001],[134.32566,33.558019],[134.325606,33.55803],[134.325565,33.558036],[134.325487,33.558039],[134.325413,33.558039],[134.325331,33.558042]]]},"properties":{"S_NAME":"大字宍喰浦","HCODE":8101}},{"type":"Feature","geometry":{"type":"Polygon","coordinates":[[[134.318742,33.559303],[134.318634,33.559315],[134.318513,33.559331],[134.318394,33.559339],[134.31834,33.559336],[134.31829,33.559331],[134.318189,33.559315],[134.318077,33.559298],[134.317943,33.559284],[134.317871,33.559281],[134.317714,33.559282],[134.317547,33.559293],[134.317375,33.559309],[134.317144,33.55931],[134.317005,33.559311],[134.316922,33.559303],[134.316884,33.559295],[134.316851,33.559284],[134.316824,33.559272],[134.316803,33.559257],[134.31679,33.559242],[134.316783,33.559225],[134.316784,33.559207],[134.31679,33.559188],[134.316816,33.559141],[134.316847,33.559081],[134.316883,33.559018],[134.316922,33.558958],[134.316964,33.558907],[134.316988,33.558886],[134.317013,33.558868],[134.317041,33.558853],[134.31707,33.55884],[134.317101,33.558832],[134.317131,33.558829],[134.317162,33.55883],[134.317189,33.558836],[134.317215,33.558845],[134.317258,33.558861],[134.317274,33.558864],[134.317286,33.558858],[134.317294,33.558846],[134.317309,33.558809],[134.317327,33.558759],[134.317351,33.558702],[134.317383,33.558639],[134.317421,33.55857],[134.317446,33.558537],[134.317477,33.558507],[134.317516,33.558482],[134.317562,33.558462],[134.317615,33.558446],[134.317738,33.558423],[134.317873,33.558404],[134.318009,33.558384],[134.318135,33.558359],[134.318191,33.558346],[134.318296,33.558323],[134.318351,33.558317],[134.31841,33.558317],[134.318475,33.558323],[134.318544,33.558335],[134.318689,33.558368],[134.318829,33.558403],[134.318955,33.558428],[134.319062,33.558444],[134.319149,33.558447],[134.319238,33.55845],[134.319348,33.558456],[134.319477,33.558469],[134.319598,33.558481],[134.31969,33.558485],[134.31977,33.558491],[134.319862,33.558508],[134.319957,33.558535],[134.319995,33.558549],[134.320019,33.558562],[134.320028,33.558571],[134.320023,33.558577],[134.319984,33.558586],[134.319933,33.558594],[134.319887,33.558606],[134.31987,33.558614],[134.31986,33.558625],[134.319855,33.558637],[134.319859,33.558651],[134.319871,33.558664],[134.31989,33.558677],[134.319919,33.558688],[134.319956,33.558694],[134.320047,33.558698],[134.320144,33.558701],[134.320227,33.558708],[134.320261,33.558715],[134.32029,33.558726],[134.320314,33.558741],[134.32033,33.558759],[134.320344,33.55878],[134.320367,33.558824],[134.320383,33.558843],[134.320403,33.558857],[134.320429,33.558868],[134.320459,33.558876],[134.32052,33.558888],[134.320576,33.5589],[134.320638,33.558921],[134.320673,33.558938],[134.320754,33.558981],[134.32079,33.559005],[134.320819,33.559029],[134.320834,33.559048],[134.320833,33.559063],[134.320818,33.559075],[134.320763,33.559093],[134.320699,33.559119],[134.320632,33.559148],[134.320594,33.559158],[134.32055,33.559162],[134.320497,33.559157],[134.32044,33.559147],[134.320382,33.559131],[134.320284,33.559095],[134.320248,33.559078],[134.320201,33.559054],[134.32018,33.559049],[134.320158,33.55905],[134.320129,33.559057],[134.320058,33.559083],[134.319976,33.559116],[134.319889,33.559143],[134.319784,33.55917],[134.319645,33.559206],[134.319477,33.559249],[134.3193,33.559283],[134.319217,33.559293],[134.319064,33.559299],[134.318937,33.559298],[134.318834,33.559298],[134.318742,33.559303]]]},"properties":{"S_NAME":"大字宍喰浦","HCODE":8101}},{"type":"Feature","geometry":{"type":"Polygon","coordinates":[[[134.319214,33.560875],[134.319101,33.56089],[134.319036,33.560914],[134.318998,33.560933],[134.318926,33.560975],[134.318888,33.560994],[134.318842,33.561009],[134.318793,33.561021],[134.318743,33.561029],[134.318642,33.56104],[134.318591,33.561044],[134.318543,33.561052],[134.31848,33.561068],[134.318443,33.561082],[134.318367,33.56111],[134.318327,33.561121],[134.318249,33.561129],[134.318211,33.561127],[134.318174,33.561121],[134.318141,33.561109],[134.318111,33.561092],[134.318061,33.561048],[134.318018,33.560996],[134.317973,33.560945],[134.317936,33.560893],[134.317925,33.560867],[134.317918,33.560844],[134.317916,33.56082],[134.317913,33.560768],[134.31791,33.560723],[134.317907,33.560688],[134.31791,33.560672],[134.317919,33.560658],[134.317931,33.560646],[134.317945,33.560637],[134.31797,33.560627],[134.318001,33.560617],[134.318028,33.560604],[134.318044,33.560587],[134.318055,33.560565],[134.318062,33.560541],[134.318067,33.56049],[134.318068,33.560447],[134.31807,33.560407],[134.318075,33.560361],[134.318082,33.560333],[134.318103,33.560281],[134.318133,33.560239],[134.31817,33.560208],[134.318213,33.560184],[134.318265,33.56016],[134.318322,33.560141],[134.318382,33.560125],[134.318446,33.56011],[134.31851,33.560097],[134.318592,33.560079],[134.318675,33.560065],[134.318738,33.56006],[134.31878,33.560057],[134.318821,33.560051],[134.318885,33.560028],[134.31895,33.560004],[134.318982,33.559998],[134.319013,33.559998],[134.319046,33.560003],[134.319078,33.560012],[134.319144,33.560032],[134.319205,33.560044],[134.319267,33.560054],[134.319341,33.560068],[134.319429,33.560088],[134.319516,33.560105],[134.319597,33.560112],[134.319679,33.560124],[134.319722,33.560134],[134.319757,33.560147],[134.319785,33.560166],[134.319794,33.560179],[134.319796,33.560188],[134.3198,33.560208],[134.319808,33.560228],[134.319817,33.560237],[134.319846,33.56025],[134.319861,33.560251],[134.319877,33.56025],[134.319885,33.560248],[134.319899,33.560241],[134.319914,33.560233],[134.319938,33.560219],[134.319965,33.560213],[134.319979,33.560215],[134.319993,33.560219],[134.320004,33.560228],[134.320011,33.56024],[134.320012,33.560257],[134.320016,33.560272],[134.320026,33.560281],[134.320042,33.560287],[134.320061,33.560291],[134.320081,33.560289],[134.3201,33.560283],[134.320131,33.560263],[134.32016,33.560248],[134.320173,33.560247],[134.320183,33.56025],[134.3202,33.56027],[134.320217,33.560295],[134.320233,33.560317],[134.320253,33.560335],[134.32028,33.560351],[134.320315,33.560363],[134.320355,33.56037],[134.320425,33.560371],[134.320492,33.560376],[134.320524,33.560385],[134.320556,33.560402],[134.320588,33.560422],[134.320627,33.56044],[134.320679,33.560452],[134.320742,33.560461],[134.320799,33.560471],[134.320824,33.560478],[134.320841,33.560487],[134.32085,33.560498],[134.320846,33.56051],[134.320834,33.560524],[134.320815,33.560536],[134.32077,33.560562],[134.320714,33.560582],[134.320659,33.56059],[134.320629,33.560589],[134.32059,33.560586],[134.320557,33.560588],[134.320545,33.560594],[134.320537,33.560602],[134.320532,33.560627],[134.320531,33.560657],[134.320525,33.560691],[134.320519,33.560707],[134.3205,33.560733],[134.320488,33.560741],[134.32046,33.560756],[134.320429,33.560767],[134.320362,33.560775],[134.320328,33.560776],[134.320261,33.560773],[134.320173,33.56077],[134.320086,33.560771],[134.320005,33.560781],[134.31993,33.560796],[134.319856,33.56081],[134.319777,33.560817],[134.3197,33.560824],[134.31963,33.560836],[134.319566,33.560851],[134.319504,33.560863],[134.319476,33.560865],[134.319422,33.560866],[134.319367,33.560864],[134.319214,33.560875]]]},"properties":{"S_NAME":"大字宍喰浦","HCODE":8101}},{"type":"Feature","geometry":{"type":"Polygon","coordinates":[[[134.293711,33.581367],[134.293669,33.581522],[134.293694,33.581947],[134.293769,33.582331],[134.293719,33.582489],[134.293294,33.583122],[134.293207,33.583347],[134.293094,33.583464],[134.293044,33.583705],[134.293044,33.583955],[134.292907,33.584364],[134.292719,33.58443],[134.292344,33.58438],[134.291944,33.584364],[134.291457,33.58438],[134.291157,33.584564],[134.290482,33.585147],[134.289969,33.585397],[134.289432,33.585372],[134.289132,33.58533],[134.288919,33.585414],[134.288432,33.585822],[134.28782,33.586272],[134.287682,33.58643],[134.287595,33.586613],[134.28772,33.586705],[134.287782,33.58753],[134.287745,33.587672],[134.287482,33.58803],[134.287427,33.588076],[134.287395,33.588103],[134.286388,33.586931],[134.28474,33.585774],[134.283035,33.585109],[134.281047,33.584344],[134.279485,33.583728],[134.278208,33.583466],[134.276919,33.583158],[134.275948,33.582796],[134.275501,33.582562],[134.275032,33.582134],[134.274818,33.581848],[134.274607,33.581515],[134.274563,33.581135],[134.27469,33.580585],[134.275036,33.57972],[134.276007,33.578683],[134.276499,33.578226],[134.277092,33.577808],[134.277931,33.577331],[134.278751,33.576371],[134.279797,33.575153],[134.28045,33.574204],[134.281473,33.57331],[134.282432,33.572598],[134.285715,33.570722],[134.285504,33.569712],[134.285488,33.569028],[134.285534,33.567464],[134.285525,33.566415],[134.285342,33.565216],[134.284877,33.564103],[134.28404,33.56323],[134.283144,33.562475],[134.281719,33.561325],[134.28218,33.560941],[134.282562,33.560711],[134.282753,33.560566],[134.282873,33.560388],[134.283056,33.560029],[134.283075,33.56001],[134.2831,33.559995],[134.283163,33.559968],[134.283248,33.55994],[134.283334,33.559914],[134.283422,33.559893],[134.283512,33.559874],[134.283707,33.559846],[134.283933,33.559813],[134.284132,33.559777],[134.284193,33.559766],[134.284328,33.559745],[134.284458,33.559728],[134.284578,33.559719],[134.284685,33.55972],[134.284783,33.55973],[134.284877,33.559748],[134.285075,33.559797],[134.285308,33.559848],[134.285554,33.559895],[134.285669,33.559915],[134.285772,33.559929],[134.285869,33.559939],[134.285963,33.559945],[134.28606,33.559946],[134.286164,33.559943],[134.2864,33.559923],[134.286651,33.559898],[134.286885,33.559883],[134.287099,33.55988],[134.287311,33.559882],[134.287533,33.55988],[134.287739,33.559882],[134.287828,33.559887],[134.287959,33.5599],[134.288012,33.5599],[134.288059,33.559888],[134.288108,33.559858],[134.288158,33.559808],[134.288212,33.559741],[134.288215,33.559737],[134.288267,33.559662],[134.288379,33.559487],[134.288484,33.559315],[134.288587,33.559154],[134.288691,33.559005],[134.288793,33.558874],[134.288968,33.558631],[134.289066,33.558516],[134.289133,33.558456],[134.289209,33.558404],[134.289293,33.558362],[134.289384,33.558328],[134.289482,33.558302],[134.289581,33.55828],[134.289783,33.558243],[134.289984,33.55821],[134.290194,33.558183],[134.290416,33.558162],[134.290627,33.558145],[134.29072,33.558137],[134.290869,33.558118],[134.29094,33.558111],[134.291015,33.558109],[134.291104,33.558113],[134.291207,33.558122],[134.291438,33.558147],[134.291548,33.558155],[134.291643,33.558152],[134.291716,33.558137],[134.291771,33.558112],[134.291815,33.55808],[134.291898,33.558011],[134.291946,33.55798],[134.292001,33.557954],[134.292063,33.557932],[134.29213,33.557914],[134.292205,33.557902],[134.292282,33.557892],[134.292454,33.557883],[134.292653,33.557877],[134.292875,33.557865],[134.293088,33.557849],[134.293253,33.557836],[134.293371,33.557825],[134.293485,33.557819],[134.293626,33.557815],[134.293788,33.557815],[134.293952,33.557817],[134.29411,33.557821],[134.294268,33.557824],[134.294429,33.557822],[134.294593,33.557811],[134.294678,33.5578],[134.294848,33.557768],[134.295017,33.557734],[134.2951,33.557723],[134.29518,33.557715],[134.29526,33.557712],[134.295429,33.557711],[134.295523,33.557709],[134.294807,33.558592],[134.293921,33.559557],[134.292885,33.560574],[134.292194,33.561254],[134.29172,33.56193],[134.291682,33.562183],[134.291724,33.562445],[134.291787,33.562622],[134.292435,33.563324],[134.293884,33.565354],[134.293259,33.566081],[134.292406,33.567157],[134.293758,33.568581],[134.294384,33.569263],[134.293773,33.569667],[134.293513,33.56996],[134.293316,33.570437],[134.292518,33.572733],[134.291574,33.57511],[134.290403,33.577433],[134.293711,33.581367]]]},"properties":{"S_NAME":"大字日比原","HCODE":8101}},{"type":"Feature","geometry":{"type":"Polygon","coordinates":[[[134.308492,33.582075],[134.308482,33.58207],[134.308355,33.582014],[134.308339,33.58201],[134.308005,33.581922],[134.307568,33.581897],[134.306443,33.581939],[134.305793,33.582122],[134.304942,33.582518],[134.30455,33.582792],[134.304305,33.582839],[134.304255,33.582853],[134.303917,33.582926],[134.303631,33.582997],[134.303143,33.582956],[134.302718,33.582706],[134.301993,33.582497],[134.300806,33.582389],[134.300318,33.582297],[134.299331,33.582022],[134.298918,33.581956],[134.298056,33.581756],[134.297769,33.581706],[134.297381,33.581572],[134.29708,33.581539],[134.297001,33.58153],[134.296931,33.581522],[134.296306,33.581614],[134.295931,33.581589],[134.295069,33.581347],[134.294256,33.581322],[134.293727,33.581339],[134.293719,33.581339],[134.293711,33.581367],[134.290403,33.577433],[134.291574,33.57511],[134.292518,33.572733],[134.293316,33.570437],[134.293513,33.56996],[134.293773,33.569667],[134.294384,33.569263],[134.293758,33.568581],[134.292406,33.567157],[134.293259,33.566081],[134.293884,33.565354],[134.296547,33.565576],[134.298749,33.565699],[134.299366,33.56609],[134.299332,33.56623],[134.299245,33.566384],[134.299246,33.566486],[134.29931,33.566602],[134.29976,33.567387],[134.300445,33.56856],[134.302165,33.567841],[134.302892,33.567601],[134.303945,33.567266],[134.304199,33.568197],[134.304515,33.569351],[134.304843,33.570073],[134.305,33.570353],[134.305189,33.57058],[134.305548,33.570859],[134.306222,33.571347],[134.306447,33.571578],[134.306524,33.571709],[134.307318,33.572857],[134.307675,33.573445],[134.307726,33.573503],[134.307789,33.573547],[134.30901,33.574188],[134.309719,33.576204],[134.31181,33.577882],[134.310882,33.578968],[134.310004,33.580124],[134.308492,33.582075]]]},"properties":{"S_NAME":"大字久保","HCODE":8101}},{"type":"Feature","geometry":{"type":"Polygon","coordinates":[[[134.281719,33.561325],[134.283144,33.562475],[134.28404,33.56323],[134.284877,33.564103],[134.285342,33.565216],[134.285525,33.566415],[134.285534,33.567464],[134.285488,33.569028],[134.285504,33.569712],[134.285715,33.570722],[134.282432,33.572598],[134.282171,33.571688],[134.281596,33.570678],[134.280882,33.570006],[134.280057,33.569276],[134.279164,33.568842],[134.278028,33.568494],[134.276905,33.56829],[134.275691,33.568179],[134.274823,33.568286],[134.273481,33.566359],[134.27257,33.565071],[134.271499,33.56392],[134.270705,33.563333],[134.269873,33.562882],[134.269021,33.562549],[134.267851,33.562911],[134.266016,33.563362],[134.26434,33.563508],[134.263046,33.563465],[134.261731,33.563372],[134.26076,33.563243],[134.259686,33.562945],[134.262372,33.556865],[134.262425,33.55686],[134.262479,33.55684],[134.262533,33.556807],[134.262653,33.556724],[134.26272,33.55668],[134.26279,33.55664],[134.262864,33.556602],[134.262943,33.556568],[134.263023,33.556539],[134.263104,33.556515],[134.263185,33.556497],[134.263267,33.556484],[134.263346,33.556475],[134.263491,33.556471],[134.263625,33.556481],[134.263754,33.556491],[134.263885,33.556495],[134.263951,33.556493],[134.264014,33.556487],[134.264075,33.556479],[134.264185,33.556449],[134.264296,33.556415],[134.264356,33.556402],[134.264491,33.556383],[134.264633,33.556362],[134.264701,33.556346],[134.264716,33.55634],[134.264766,33.556322],[134.264827,33.556294],[134.264947,33.556232],[134.265008,33.556204],[134.26507,33.55618],[134.265134,33.556162],[134.265198,33.556147],[134.265327,33.556127],[134.26545,33.556114],[134.265573,33.556106],[134.265699,33.556101],[134.265833,33.556101],[134.265904,33.556105],[134.26606,33.556123],[134.26622,33.556153],[134.266367,33.556186],[134.266484,33.556211],[134.266585,33.55623],[134.266637,33.556237],[134.266749,33.556247],[134.266869,33.556249],[134.266931,33.556246],[134.26705,33.556231],[134.26711,33.556218],[134.267238,33.55618],[134.267377,33.556125],[134.267528,33.556061],[134.26769,33.555994],[134.26786,33.555926],[134.26803,33.555853],[134.268195,33.55577],[134.268362,33.55568],[134.268535,33.555593],[134.268543,33.55559],[134.268637,33.555545],[134.268829,33.555464],[134.269016,33.555398],[134.269186,33.555344],[134.269263,33.555317],[134.269334,33.555286],[134.269396,33.555251],[134.269452,33.555212],[134.269558,33.55513],[134.26967,33.555055],[134.269731,33.555023],[134.269795,33.554994],[134.269863,33.55497],[134.269933,33.55495],[134.270003,33.554933],[134.270075,33.554922],[134.270144,33.554915],[134.270208,33.554913],[134.270265,33.554916],[134.270311,33.554924],[134.270351,33.554937],[134.270385,33.554954],[134.270415,33.554975],[134.270473,33.555029],[134.270529,33.555095],[134.270587,33.555171],[134.270642,33.555255],[134.270693,33.555347],[134.270739,33.555445],[134.27076,33.555497],[134.270777,33.555549],[134.270783,33.555579],[134.270789,33.555601],[134.270797,33.555653],[134.270798,33.555705],[134.270794,33.555757],[134.270773,33.555864],[134.270746,33.555982],[134.270717,33.556107],[134.270687,33.556234],[134.270656,33.556352],[134.270626,33.556467],[134.270599,33.55658],[134.270579,33.556695],[134.270574,33.556754],[134.270576,33.556814],[134.270582,33.556875],[134.270593,33.556938],[134.270625,33.557063],[134.27066,33.557185],[134.270695,33.557303],[134.270735,33.557414],[134.270757,33.557465],[134.270816,33.557567],[134.270855,33.557622],[134.270904,33.557681],[134.271027,33.557816],[134.27117,33.557966],[134.271309,33.558122],[134.271444,33.558274],[134.271515,33.558347],[134.271591,33.558417],[134.271673,33.558484],[134.271762,33.558548],[134.271948,33.558668],[134.272134,33.558783],[134.272312,33.558892],[134.272481,33.558992],[134.272639,33.559077],[134.272819,33.559175],[134.272876,33.559207],[134.272924,33.559237],[134.272971,33.55927],[134.273016,33.559306],[134.273058,33.559348],[134.273097,33.559393],[134.273132,33.55944],[134.273164,33.559491],[134.273189,33.559544],[134.27321,33.5596],[134.273243,33.559718],[134.273273,33.559843],[134.273302,33.559975],[134.273326,33.560072],[134.273376,33.560219],[134.273418,33.560322],[134.273464,33.560429],[134.273512,33.560531],[134.273536,33.560575],[134.273562,33.560614],[134.273589,33.560647],[134.27362,33.560675],[134.273656,33.560696],[134.273696,33.560711],[134.273741,33.560718],[134.273789,33.560721],[134.273837,33.560719],[134.273886,33.560713],[134.273978,33.56069],[134.274077,33.560653],[134.274193,33.560599],[134.274322,33.560535],[134.274449,33.560475],[134.274505,33.560449],[134.274557,33.560428],[134.274609,33.560411],[134.274663,33.560397],[134.274787,33.560376],[134.274858,33.560369],[134.275008,33.56036],[134.275155,33.560353],[134.275298,33.560344],[134.275371,33.560338],[134.275447,33.560327],[134.275525,33.560312],[134.275691,33.560273],[134.275861,33.56023],[134.276027,33.560187],[134.276192,33.560145],[134.27669,33.560051],[134.277374,33.559918],[134.277591,33.559859],[134.277778,33.5598],[134.277852,33.559768],[134.277916,33.559738],[134.278027,33.559677],[134.278131,33.559616],[134.278185,33.55959],[134.278241,33.559571],[134.278298,33.559565],[134.278358,33.559573],[134.278417,33.559599],[134.278476,33.55964],[134.278533,33.559691],[134.278589,33.559748],[134.278684,33.55986],[134.278759,33.559953],[134.278832,33.560037],[134.279025,33.56023],[134.279152,33.560353],[134.27928,33.560484],[134.279405,33.560617],[134.279518,33.560743],[134.279624,33.560867],[134.279847,33.561049],[134.28007,33.561099],[134.281171,33.561083],[134.281475,33.5612],[134.281719,33.561325]]]},"properties":{"S_NAME":"大字尾崎","HCODE":8101}},{"type":"Feature","geometry":{"type":"Polygon","coordinates":[[[134.282432,33.572598],[134.281473,33.57331],[134.28045,33.574204],[134.279797,33.575153],[134.278751,33.576371],[134.277931,33.577331],[134.277092,33.577808],[134.272852,33.573912],[134.268807,33.573768],[134.266835,33.57362],[134.26626,33.573569],[134.266157,33.573056],[134.266069,33.572547],[134.266029,33.572313],[134.265891,33.571536],[134.265121,33.569962],[134.264579,33.568331],[134.260419,33.56986],[134.260709,33.568388],[134.260698,33.567137],[134.260658,33.565979],[134.260384,33.56478],[134.260073,33.563903],[134.259686,33.562945],[134.26076,33.563243],[134.261731,33.563372],[134.263046,33.563465],[134.26434,33.563508],[134.266016,33.563362],[134.267851,33.562911],[134.269021,33.562549],[134.269873,33.562882],[134.270705,33.563333],[134.271499,33.56392],[134.27257,33.565071],[134.273481,33.566359],[134.274823,33.568286],[134.275691,33.568179],[134.276905,33.56829],[134.278028,33.568494],[134.279164,33.568842],[134.280057,33.569276],[134.280882,33.570006],[134.281596,33.570678],[134.282171,33.571688],[134.282432,33.572598]]]},"properties":{"S_NAME":"大字芥附","HCODE":8101}},{"type":"Feature","geometry":{"type":"Polygon","coordinates":[[[134.200459,33.655495],[134.20045,33.655533],[134.200445,33.655586],[134.200378,33.65562],[134.200332,33.655627],[134.200184,33.655539],[134.200123,33.655503],[134.200065,33.655464],[134.200009,33.655422],[134.199904,33.655335],[134.199799,33.655243],[134.199728,33.655183],[134.199696,33.655155],[134.199607,33.655077],[134.199532,33.655014],[134.199445,33.654958],[134.199386,33.654927],[134.199226,33.654861],[134.199132,33.654828],[134.199034,33.654797],[134.198937,33.654769],[134.198748,33.654732],[134.198553,33.654703],[134.198332,33.654666],[134.198084,33.654621],[134.197831,33.654582],[134.197708,33.654569],[134.197589,33.654561],[134.197473,33.654556],[134.19724,33.654554],[134.197003,33.654557],[134.196778,33.654559],[134.196581,33.654554],[134.196494,33.654547],[134.196327,33.654528],[134.196145,33.654503],[134.195944,33.654474],[134.195737,33.654444],[134.195539,33.654415],[134.195357,33.654387],[134.195199,33.654355],[134.195051,33.654322],[134.19489,33.654287],[134.194696,33.654254],[134.194597,33.654234],[134.1945,33.654211],[134.194413,33.654183],[134.194338,33.65415],[134.194273,33.654111],[134.194216,33.654068],[134.194164,33.65402],[134.194067,33.653919],[134.193973,33.653813],[134.193883,33.653713],[134.193802,33.653626],[134.193726,33.653544],[134.193651,33.653455],[134.193615,33.653407],[134.193548,33.653311],[134.193497,33.653221],[134.193455,33.653145],[134.193431,33.653112],[134.193404,33.653083],[134.193368,33.653059],[134.193325,33.653039],[134.193214,33.652999],[134.192944,33.65291],[134.192798,33.652855],[134.192753,33.652835],[134.192703,33.652813],[134.192605,33.65276],[134.192554,33.652728],[134.192458,33.652658],[134.192418,33.652623],[134.192385,33.652589],[134.19236,33.652559],[134.192329,33.652503],[134.192301,33.652446],[134.192259,33.652378],[134.192232,33.652342],[134.1922,33.652307],[134.192165,33.652274],[134.192126,33.652242],[134.192039,33.652183],[134.191945,33.652126],[134.191844,33.652064],[134.191746,33.652002],[134.191656,33.651941],[134.191569,33.651883],[134.191521,33.651854],[134.191468,33.651827],[134.191342,33.651773],[134.191213,33.651715],[134.191159,33.651684],[134.191113,33.651649],[134.191076,33.651612],[134.191014,33.651535],[134.190984,33.651497],[134.190911,33.651421],[134.190836,33.651342],[134.190803,33.6513],[134.190775,33.651253],[134.19073,33.651156],[134.190692,33.651064],[134.190673,33.651023],[134.190627,33.650948],[134.19056,33.650878],[134.190496,33.650822],[134.190377,33.650728],[134.190263,33.650636],[134.190194,33.650579],[134.190124,33.650528],[134.190008,33.650448],[134.189932,33.650386],[134.189898,33.650365],[134.189854,33.65035],[134.189806,33.650341],[134.189701,33.650329],[134.189571,33.650313],[134.189391,33.650286],[134.189307,33.650267],[134.189238,33.650242],[134.18918,33.650215],[134.189058,33.650151],[134.188922,33.650084],[134.188787,33.650013],[134.188623,33.649931],[134.188529,33.64988],[134.188436,33.649818],[134.188346,33.649742],[134.188186,33.649586],[134.188048,33.649466],[134.187985,33.649407],[134.187923,33.649338],[134.18781,33.649201],[134.187759,33.649146],[134.187707,33.649106],[134.187645,33.649083],[134.187566,33.649074],[134.187476,33.649078],[134.187377,33.649089],[134.187164,33.649113],[134.187051,33.64913],[134.186819,33.649168],[134.186714,33.649181],[134.186624,33.649184],[134.186546,33.649179],[134.186473,33.649169],[134.186324,33.649134],[134.186179,33.64909],[134.18603,33.649044],[134.185946,33.649023],[134.185761,33.64898],[134.185554,33.648927],[134.185358,33.648879],[134.185164,33.648833],[134.184926,33.648766],[134.184829,33.648742],[134.18478,33.648729],[134.184679,33.648706],[134.184613,33.648691],[134.184305,33.648626],[134.1842,33.648599],[134.184119,33.648572],[134.183933,33.648508],[134.183719,33.648436],[134.183567,33.64838],[134.183432,33.648336],[134.183281,33.648295],[134.183277,33.648278],[134.183256,33.64823],[134.183228,33.648183],[134.183198,33.648139],[134.183163,33.648097],[134.183127,33.648059],[134.183088,33.648024],[134.183048,33.647993],[134.18296,33.647938],[134.182861,33.647895],[134.182751,33.647858],[134.182633,33.647828],[134.182507,33.647803],[134.182381,33.647773],[134.182319,33.647754],[134.182259,33.64773],[134.182146,33.647674],[134.182048,33.647619],[134.181962,33.64757],[134.181921,33.647543],[134.181825,33.647476],[134.181702,33.647379],[134.181578,33.647278],[134.181486,33.647205],[134.181414,33.647154],[134.181312,33.647094],[134.181139,33.646995],[134.180941,33.646883],[134.180772,33.646797],[134.180647,33.64674],[134.180536,33.646686],[134.180414,33.64661],[134.180351,33.646565],[134.180231,33.646468],[134.180175,33.646417],[134.180082,33.646315],[134.180051,33.646277],[134.180041,33.646265],[134.179977,33.646165],[134.179918,33.646069],[134.179883,33.646022],[134.179841,33.645976],[134.179788,33.645932],[134.179727,33.645888],[134.179663,33.645847],[134.179535,33.645771],[134.179426,33.645705],[134.179379,33.645672],[134.179336,33.645636],[134.179296,33.645594],[134.179256,33.645546],[134.17922,33.645494],[134.179157,33.645383],[134.179104,33.645275],[134.179064,33.645175],[134.179029,33.645073],[134.178995,33.644964],[134.17897,33.644856],[134.178957,33.644761],[134.17895,33.644681],[134.178942,33.644647],[134.178927,33.644614],[134.178902,33.644584],[134.178868,33.644555],[134.178828,33.644529],[134.178737,33.644484],[134.178687,33.644466],[134.178636,33.644451],[134.178522,33.644424],[134.178385,33.644397],[134.178232,33.644371],[134.178078,33.64435],[134.177939,33.644341],[134.177815,33.644339],[134.177702,33.644338],[134.177596,33.644342],[134.177488,33.644353],[134.17737,33.644377],[134.177251,33.644407],[134.177136,33.644441],[134.177032,33.644473],[134.176946,33.6445],[134.17688,33.644524],[134.176828,33.64454],[134.176807,33.644542],[134.176784,33.644543],[134.176762,33.644539],[134.176713,33.644522],[134.17664,33.644486],[134.17656,33.644437],[134.176298,33.644248],[134.17605,33.644072],[134.17594,33.643991],[134.175839,33.643912],[134.175747,33.643836],[134.175592,33.643699],[134.175467,33.643586],[134.175347,33.64348],[134.175204,33.643357],[134.175117,33.643289],[134.175021,33.643221],[134.174917,33.64316],[134.174804,33.643107],[134.174684,33.643066],[134.174561,33.643038],[134.17444,33.643018],[134.174327,33.643005],[134.174138,33.642991],[134.173996,33.642984],[134.173866,33.642984],[134.17372,33.642985],[134.173561,33.642981],[134.173482,33.642976],[134.17332,33.64295],[134.173152,33.642912],[134.17297,33.642867],[134.17277,33.642814],[134.172556,33.64275],[134.172331,33.642672],[134.172223,33.64263],[134.172028,33.642548],[134.171946,33.642508],[134.171799,33.642427],[134.171634,33.64233],[134.171422,33.642206],[134.171205,33.642085],[134.171037,33.642002],[134.170923,33.64196],[134.170823,33.641927],[134.170763,33.641904],[134.170629,33.641845],[134.170576,33.641821],[134.170471,33.641768],[134.170403,33.641729],[134.170326,33.641666],[134.170245,33.641596],[134.170156,33.64152],[134.170041,33.641434],[134.169922,33.641347],[134.169822,33.641273],[134.169748,33.641211],[134.16968,33.641143],[134.169604,33.641057],[134.169522,33.640962],[134.169441,33.640868],[134.169361,33.640779],[134.169281,33.640687],[134.169196,33.640588],[134.169108,33.640484],[134.169017,33.640381],[134.168926,33.640285],[134.168851,33.640197],[134.168795,33.640118],[134.168746,33.640043],[134.168718,33.640003],[134.168649,33.639914],[134.168577,33.63983],[134.168519,33.639768],[134.168495,33.639747],[134.16847,33.639729],[134.16844,33.639713],[134.168438,33.639712],[134.168351,33.639678],[134.16823,33.639636],[134.168112,33.639593],[134.168016,33.639549],[134.167936,33.639501],[134.167848,33.639439],[134.167749,33.639364],[134.167646,33.639285],[134.167549,33.639207],[134.167506,33.639169],[134.167468,33.639131],[134.167436,33.639094],[134.16741,33.639057],[134.167374,33.638981],[134.167346,33.638902],[134.167315,33.638816],[134.167287,33.638726],[134.167263,33.638631],[134.167244,33.638533],[134.16722,33.638435],[134.167202,33.638387],[134.167155,33.638292],[134.167093,33.638196],[134.167015,33.638096],[134.166935,33.638002],[134.166863,33.637929],[134.1668,33.637871],[134.16673,33.637817],[134.16664,33.63775],[134.16654,33.637677],[134.166443,33.63761],[134.16635,33.637549],[134.166256,33.637489],[134.166152,33.637423],[134.166036,33.637353],[134.166011,33.637337],[134.165909,33.637276],[134.165775,33.637198],[134.165652,33.637127],[134.16555,33.637065],[134.165467,33.637005],[134.16543,33.636973],[134.165393,33.636936],[134.165359,33.636897],[134.165329,33.636856],[134.165301,33.636814],[134.165278,33.636771],[134.165244,33.636684],[134.165221,33.636597],[134.165199,33.636507],[134.165175,33.636416],[134.165155,33.636329],[134.165136,33.636248],[134.165122,33.636211],[134.165102,33.636176],[134.165074,33.636146],[134.165034,33.636118],[134.164985,33.636094],[134.164932,33.636073],[134.164823,33.636039],[134.164726,33.636013],[134.164642,33.635991],[134.164561,33.635971],[134.164483,33.635948],[134.164446,33.635932],[134.164411,33.635913],[134.164378,33.635889],[134.164346,33.635861],[134.164284,33.635796],[134.164218,33.63572],[134.164144,33.635636],[134.164063,33.635546],[134.163975,33.635452],[134.163891,33.635362],[134.163822,33.635283],[134.16377,33.635219],[134.16373,33.635172],[134.163693,33.63514],[134.16367,33.635128],[134.163643,33.635119],[134.163563,33.635105],[134.163451,33.635094],[134.163324,33.635084],[134.163191,33.635072],[134.163053,33.635062],[134.162904,33.635056],[134.162749,33.635053],[134.162604,33.635052],[134.162475,33.635048],[134.162355,33.635046],[134.162222,33.635047],[134.162082,33.635051],[134.161956,33.635055],[134.16186,33.635053],[134.161821,33.635049],[134.161783,33.635042],[134.161748,33.635031],[134.161709,33.635016],[134.161622,33.634974],[134.161518,33.634916],[134.161394,33.634844],[134.161261,33.634767],[134.161132,33.634696],[134.16101,33.63463],[134.160894,33.634559],[134.160774,33.634476],[134.160662,33.63439],[134.160563,33.634314],[134.160476,33.634248],[134.16031,33.634135],[134.160109,33.633964],[134.160002,33.633878],[134.1599,33.633796],[134.159811,33.633721],[134.159735,33.633653],[134.15966,33.633585],[134.159576,33.633512],[134.159488,33.633437],[134.159408,33.633361],[134.159335,33.633288],[134.159264,33.633213],[134.159187,33.633135],[134.159111,33.633056],[134.158916,33.632867],[134.158794,33.632747],[134.158759,33.632707],[134.158729,33.632664],[134.158672,33.632587],[134.15864,33.63256],[134.158605,33.632547],[134.15856,33.632547],[134.158508,33.632561],[134.158448,33.632584],[134.15831,33.632645],[134.158151,33.632706],[134.15799,33.632761],[134.157841,33.632809],[134.157712,33.632848],[134.157629,33.632874],[134.157529,33.632909],[134.157483,33.632926],[134.157423,33.632953],[134.157355,33.632978],[134.157267,33.633008],[134.157171,33.633044],[134.157076,33.633089],[134.156987,33.633138],[134.156907,33.633184],[134.156829,33.633222],[134.156791,33.633236],[134.156749,33.633247],[134.156703,33.633254],[134.156652,33.633256],[134.156596,33.633256],[134.156535,33.633251],[134.156401,33.63323],[134.156328,33.633216],[134.156178,33.633178],[134.156034,33.633139],[134.155906,33.633097],[134.155786,33.63305],[134.155601,33.632971],[134.155429,33.632886],[134.155344,33.632833],[134.155181,33.632732],[134.155027,33.632637],[134.154876,33.632551],[134.154794,33.63251],[134.154703,33.632471],[134.154601,33.632432],[134.154368,33.632359],[134.154111,33.632291],[134.153842,33.632228],[134.15358,33.632171],[134.153338,33.632121],[134.15312,33.632073],[134.153016,33.632047],[134.152916,33.632019],[134.152816,33.631986],[134.152717,33.631951],[134.152621,33.631912],[134.152528,33.631871],[134.152439,33.631829],[134.152354,33.631784],[134.152208,33.6317],[134.152185,33.631687],[134.152002,33.631573],[134.151791,33.631438],[134.151579,33.631303],[134.151402,33.631191],[134.151274,33.631109],[134.151226,33.631074],[134.151189,33.631041],[134.151134,33.630973],[134.151109,33.630938],[134.151076,33.630899],[134.151034,33.630859],[134.150976,33.630814],[134.150907,33.630767],[134.15083,33.630721],[134.150672,33.630635],[134.150528,33.630562],[134.150467,33.630527],[134.150411,33.630488],[134.150364,33.630444],[134.150322,33.630391],[134.150289,33.630333],[134.150261,33.630272],[134.15022,33.630154],[134.150189,33.630053],[134.150165,33.629959],[134.15014,33.629854],[134.150115,33.629739],[134.150088,33.62964],[134.150059,33.629567],[134.150021,33.629494],[134.149964,33.629387],[134.149894,33.629245],[134.149827,33.629105],[134.149777,33.628993],[134.149739,33.628896],[134.149703,33.628795],[134.149669,33.628681],[134.149643,33.62857],[134.149634,33.628517],[134.149627,33.628424],[134.149627,33.628408],[134.149628,33.62837],[134.149629,33.628344],[134.14963,33.628277],[134.149627,33.628242],[134.149618,33.628204],[134.149602,33.628161],[134.149544,33.628057],[134.14951,33.627999],[134.14948,33.62794],[134.149458,33.627883],[134.149446,33.627831],[134.149444,33.627783],[134.149451,33.627692],[134.149457,33.627647],[134.149457,33.62756],[134.149454,33.627479],[134.149457,33.627414],[134.149465,33.627357],[134.149468,33.627323],[134.149467,33.627282],[134.149455,33.627175],[134.149455,33.627116],[134.149464,33.627061],[134.149491,33.627013],[134.149534,33.626978],[134.149596,33.626952],[134.14967,33.626936],[134.149751,33.626923],[134.14992,33.626908],[134.150082,33.626897],[134.150233,33.626891],[134.150367,33.62689],[134.150492,33.626886],[134.150617,33.62687],[134.150681,33.626856],[134.150811,33.626821],[134.150938,33.626783],[134.151063,33.626742],[134.151181,33.626693],[134.151291,33.626639],[134.151397,33.62658],[134.151501,33.626526],[134.151605,33.626475],[134.151705,33.626423],[134.151795,33.626366],[134.151881,33.626304],[134.151964,33.626237],[134.152049,33.62617],[134.152139,33.626108],[134.152165,33.626095],[134.152236,33.626056],[134.15234,33.626006],[134.152449,33.625948],[134.152558,33.625883],[134.152663,33.625816],[134.152759,33.625756],[134.15285,33.625697],[134.152937,33.625631],[134.153023,33.625555],[134.15311,33.62547],[134.153196,33.62538],[134.153276,33.625283],[134.153313,33.625233],[134.153377,33.625133],[134.153429,33.625034],[134.153472,33.624938],[134.153508,33.624845],[134.153541,33.624748],[134.153572,33.624647],[134.153601,33.624547],[134.153629,33.624459],[134.153645,33.624417],[134.153668,33.624371],[134.153698,33.624318],[134.153742,33.624254],[134.153869,33.624088],[134.154057,33.623877],[134.154144,33.623769],[134.154195,33.623707],[134.154261,33.623654],[134.154337,33.623602],[134.154423,33.623544],[134.154467,33.623509],[134.154558,33.623434],[134.154649,33.623351],[134.15474,33.623268],[134.154824,33.623186],[134.15486,33.623146],[134.154891,33.623106],[134.154913,33.623064],[134.154927,33.623023],[134.154931,33.622981],[134.154922,33.622937],[134.154902,33.622892],[134.154873,33.622846],[134.154836,33.622799],[134.154793,33.622753],[134.154746,33.622706],[134.154641,33.622612],[134.154536,33.622519],[134.154444,33.622425],[134.154407,33.622376],[134.154378,33.622327],[134.154358,33.622275],[134.154346,33.622224],[134.154341,33.622171],[134.154343,33.622063],[134.154353,33.621952],[134.154357,33.621838],[134.154355,33.62178],[134.154348,33.621722],[134.154336,33.621664],[134.154317,33.621605],[134.154292,33.621546],[134.154257,33.621486],[134.154215,33.621427],[134.154167,33.621366],[134.154058,33.621241],[134.153938,33.621112],[134.153816,33.620975],[134.153759,33.620905],[134.153655,33.620765],[134.153611,33.620695],[134.153574,33.620626],[134.153545,33.620557],[134.153522,33.620489],[134.153504,33.620421],[134.153477,33.620284],[134.153454,33.620141],[134.153422,33.619991],[134.153379,33.619838],[134.153351,33.619763],[134.15332,33.61969],[134.153284,33.61962],[134.153243,33.619553],[134.153197,33.619487],[134.153146,33.619421],[134.153107,33.619373],[134.153028,33.619278],[134.152885,33.619104],[134.152719,33.61889],[134.152549,33.618658],[134.152395,33.618439],[134.15228,33.618263],[134.152238,33.618191],[134.152206,33.618126],[134.152183,33.618063],[134.152168,33.617998],[134.152157,33.617926],[134.152152,33.617842],[134.152151,33.617745],[134.152156,33.617521],[134.152176,33.617283],[134.152191,33.617169],[134.15221,33.617063],[134.152231,33.61697],[134.152256,33.616887],[134.152284,33.616812],[134.152315,33.616744],[134.152351,33.616679],[134.152388,33.616618],[134.15243,33.616555],[134.152523,33.616427],[134.15263,33.616289],[134.152748,33.616144],[134.152878,33.615991],[134.153011,33.615836],[134.153134,33.615692],[134.153235,33.615567],[134.153303,33.615471],[134.153325,33.615429],[134.153341,33.61539],[134.153352,33.615351],[134.15336,33.615311],[134.153364,33.615266],[134.153364,33.615217],[134.153362,33.615103],[134.153355,33.614977],[134.153356,33.614894],[134.153357,33.614864],[134.153368,33.614836],[134.153406,33.614762],[134.153431,33.614729],[134.153458,33.614697],[134.153488,33.614668],[134.153554,33.614617],[134.153615,33.614575],[134.153668,33.614538],[134.153724,33.614497],[134.153783,33.614446],[134.15384,33.614387],[134.153864,33.614355],[134.153885,33.614322],[134.153917,33.614254],[134.153949,33.614181],[134.153987,33.614102],[134.154032,33.614018],[134.154083,33.613934],[134.154139,33.613851],[134.154171,33.613813],[134.154243,33.613743],[134.154328,33.61368],[134.15442,33.613621],[134.154515,33.61356],[134.154606,33.613502],[134.154687,33.613451],[134.154759,33.613406],[134.154823,33.613359],[134.154883,33.613301],[134.154941,33.613235],[134.154997,33.613164],[134.15505,33.613089],[134.155104,33.613007],[134.15516,33.612914],[134.155214,33.612822],[134.155264,33.612738],[134.15531,33.612662],[134.155354,33.612587],[134.155399,33.612503],[134.155447,33.612414],[134.155494,33.612326],[134.155543,33.612241],[134.155591,33.612159],[134.155635,33.61208],[134.155677,33.611999],[134.155723,33.611913],[134.155769,33.611825],[134.155805,33.611748],[134.155826,33.611692],[134.155841,33.61165],[134.155861,33.611613],[134.155875,33.611595],[134.155893,33.61158],[134.155914,33.611567],[134.155939,33.61156],[134.155941,33.611559],[134.155972,33.611555],[134.156008,33.611556],[134.156094,33.611568],[134.156196,33.611589],[134.156307,33.611613],[134.156418,33.611632],[134.156523,33.611641],[134.156625,33.611641],[134.156679,33.611637],[134.156789,33.611621],[134.156898,33.611601],[134.157001,33.611582],[134.157098,33.611566],[134.157201,33.611555],[134.157319,33.611545],[134.157449,33.611539],[134.15758,33.611535],[134.157711,33.611534],[134.157841,33.611536],[134.157971,33.61154],[134.158105,33.611549],[134.15824,33.611565],[134.158375,33.611587],[134.158504,33.611614],[134.158625,33.611641],[134.158741,33.611671],[134.158855,33.611705],[134.158969,33.611744],[134.159081,33.611784],[134.159188,33.611822],[134.159293,33.611861],[134.159395,33.611905],[134.159495,33.611953],[134.159579,33.611996],[134.159643,33.61203],[134.1597,33.612069],[134.159765,33.612126],[134.159839,33.612202],[134.159906,33.612278],[134.159954,33.612342],[134.159995,33.612401],[134.160049,33.612468],[134.160089,33.612511],[134.160145,33.612562],[134.160195,33.612596],[134.160334,33.612645],[134.160401,33.612666],[134.160468,33.612682],[134.160598,33.612703],[134.160723,33.612714],[134.160847,33.612717],[134.160967,33.612713],[134.161084,33.612699],[134.161196,33.612675],[134.161299,33.61264],[134.161347,33.612618],[134.161393,33.612594],[134.161438,33.612566],[134.161524,33.612504],[134.161611,33.61243],[134.161695,33.612359],[134.161736,33.612329],[134.161777,33.612304],[134.161858,33.612266],[134.161948,33.612241],[134.16205,33.612217],[134.162159,33.61219],[134.162211,33.612175],[134.162263,33.612158],[134.16236,33.612116],[134.162406,33.612092],[134.162491,33.612037],[134.162532,33.612006],[134.162608,33.611936],[134.162643,33.611899],[134.16271,33.611816],[134.162766,33.611731],[134.162812,33.611648],[134.162848,33.611564],[134.162882,33.611474],[134.162917,33.611371],[134.16295,33.611266],[134.162978,33.61117],[134.163005,33.61109],[134.16302,33.611057],[134.163038,33.611028],[134.163061,33.611002],[134.163088,33.61098],[134.163118,33.610962],[134.163152,33.610945],[134.163226,33.610915],[134.163313,33.610886],[134.163417,33.610858],[134.163541,33.610829],[134.163676,33.610801],[134.163804,33.610775],[134.163922,33.610751],[134.16404,33.610723],[134.164161,33.610688],[134.164286,33.610648],[134.164412,33.610607],[134.164538,33.610569],[134.164605,33.610552],[134.164749,33.610528],[134.164902,33.610514],[134.16505,33.610509],[134.165188,33.610506],[134.165333,33.610505],[134.165515,33.610505],[134.165721,33.610506],[134.165819,33.610509],[134.165978,33.610519],[134.166084,33.610532],[134.166172,33.610538],[134.166268,33.610528],[134.16632,33.610522],[134.166374,33.610519],[134.166431,33.610522],[134.166491,33.610531],[134.166614,33.610561],[134.166674,33.610575],[134.166735,33.610585],[134.166795,33.610585],[134.166855,33.610581],[134.166992,33.610558],[134.167166,33.61053],[134.167371,33.610503],[134.167569,33.610474],[134.167733,33.610442],[134.167804,33.610428],[134.167869,33.61042],[134.167934,33.610417],[134.168,33.61042],[134.168128,33.610437],[134.168189,33.610444],[134.168211,33.610445],[134.168248,33.610447],[134.168303,33.610441],[134.168356,33.610427],[134.168409,33.610409],[134.168517,33.610358],[134.168635,33.610295],[134.168676,33.610273],[134.168759,33.610229],[134.168879,33.610161],[134.168992,33.610094],[134.169098,33.610026],[134.169194,33.609953],[134.16928,33.609885],[134.169353,33.609829],[134.169416,33.609785],[134.169475,33.609749],[134.169538,33.609715],[134.169578,33.609699],[134.169629,33.609685],[134.169692,33.609672],[134.16977,33.60966],[134.169957,33.609641],[134.170164,33.609628],[134.170361,33.609616],[134.170537,33.609608],[134.170688,33.609605],[134.170817,33.609604],[134.170943,33.609601],[134.171077,33.60959],[134.171208,33.609579],[134.171312,33.609574],[134.171395,33.609577],[134.171479,33.609589],[134.171584,33.609607],[134.1717,33.609631],[134.171814,33.609661],[134.171917,33.609694],[134.172015,33.60973],[134.172107,33.609766],[134.1722,33.609799],[134.172297,33.609824],[134.172397,33.609843],[134.172493,33.609861],[134.172579,33.60988],[134.17262,33.609886],[134.17266,33.609885],[134.172702,33.609878],[134.172744,33.60986],[134.172787,33.609834],[134.172829,33.609802],[134.172907,33.609729],[134.172972,33.609651],[134.173029,33.609574],[134.173081,33.609499],[134.173137,33.609425],[134.173202,33.609348],[134.173277,33.609266],[134.173353,33.609188],[134.173414,33.609119],[134.17346,33.609058],[134.173505,33.608988],[134.173557,33.6089],[134.173613,33.608804],[134.173664,33.608713],[134.173706,33.608635],[134.17374,33.608572],[134.173753,33.608547],[134.173768,33.608526],[134.173787,33.608508],[134.173811,33.608492],[134.173843,33.608479],[134.173884,33.608466],[134.173933,33.608454],[134.174046,33.608436],[134.174162,33.608427],[134.174272,33.608422],[134.174369,33.608421],[134.174451,33.608414],[134.174528,33.608398],[134.17457,33.608386],[134.174659,33.608347],[134.174706,33.608323],[134.174797,33.608263],[134.174878,33.608194],[134.174946,33.608123],[134.175004,33.608061],[134.175055,33.608009],[134.175108,33.607959],[134.175165,33.607905],[134.17523,33.607854],[134.175296,33.607812],[134.175369,33.607778],[134.175461,33.607743],[134.175579,33.607701],[134.175703,33.607656],[134.175811,33.607617],[134.175854,33.607599],[134.175891,33.607579],[134.175922,33.607559],[134.17595,33.607534],[134.175972,33.607504],[134.175992,33.607472],[134.176008,33.607436],[134.17602,33.607398],[134.17603,33.607361],[134.176038,33.607284],[134.176043,33.607205],[134.176052,33.607121],[134.176065,33.607035],[134.176068,33.606992],[134.176066,33.606953],[134.176057,33.606914],[134.176044,33.606879],[134.176026,33.606845],[134.17598,33.606778],[134.175924,33.606709],[134.175867,33.606632],[134.175809,33.606541],[134.175749,33.606442],[134.175715,33.606397],[134.175677,33.606356],[134.175633,33.606321],[134.175586,33.606294],[134.175536,33.606269],[134.175429,33.606222],[134.175319,33.60617],[134.175209,33.606109],[134.175105,33.606044],[134.175007,33.605978],[134.174917,33.605922],[134.174833,33.605878],[134.174749,33.605841],[134.174491,33.605733],[134.174377,33.605676],[134.174295,33.605633],[134.17421,33.605586],[134.174118,33.605536],[134.174028,33.605482],[134.173942,33.605423],[134.173861,33.605362],[134.17378,33.605301],[134.173699,33.605242],[134.17362,33.605182],[134.173542,33.605118],[134.173471,33.605054],[134.173407,33.60499],[134.173348,33.604921],[134.17332,33.60488],[134.173258,33.604777],[134.173194,33.60465],[134.173125,33.604522],[134.173054,33.604408],[134.173019,33.60436],[134.172957,33.604286],[134.172929,33.60426],[134.172877,33.604223],[134.172818,33.604187],[134.172744,33.604136],[134.172659,33.604077],[134.172573,33.604021],[134.172488,33.60397],[134.172405,33.603915],[134.172322,33.60385],[134.172245,33.603778],[134.17218,33.603706],[134.172123,33.603636],[134.17207,33.603565],[134.172012,33.603491],[134.171952,33.603421],[134.171889,33.603362],[134.171855,33.603338],[134.171782,33.603292],[134.171698,33.603247],[134.171606,33.603201],[134.171513,33.603155],[134.171428,33.603114],[134.171355,33.603078],[134.171301,33.60305],[134.171259,33.603022],[134.171216,33.60298],[134.17116,33.602912],[134.171097,33.60283],[134.171034,33.602751],[134.170974,33.602679],[134.17091,33.602605],[134.170838,33.602523],[134.170766,33.602434],[134.170703,33.602345],[134.170647,33.602256],[134.170586,33.602169],[134.17051,33.602083],[134.170427,33.602001],[134.170342,33.601929],[134.170261,33.601867],[134.170181,33.601811],[134.170099,33.60176],[134.170024,33.601716],[134.169961,33.601682],[134.169917,33.601651],[134.169906,33.601634],[134.1699,33.601614],[134.169901,33.60159],[134.169922,33.601527],[134.169957,33.601444],[134.169995,33.601337],[134.170023,33.601249],[134.170033,33.60122],[134.170067,33.601099],[134.170099,33.600985],[134.170131,33.60088],[134.170166,33.600789],[134.170203,33.600709],[134.170243,33.600638],[134.170286,33.600572],[134.17034,33.600504],[134.170406,33.600433],[134.170481,33.600364],[134.170556,33.600304],[134.17063,33.600257],[134.170705,33.60022],[134.170784,33.60019],[134.170868,33.600166],[134.170956,33.600148],[134.171047,33.600132],[134.171136,33.600118],[134.17122,33.600105],[134.171296,33.600086],[134.171332,33.600071],[134.171363,33.600055],[134.171419,33.600012],[134.171467,33.599962],[134.171508,33.599911],[134.171548,33.599854],[134.171589,33.599788],[134.171632,33.599714],[134.171669,33.599635],[134.171696,33.599557],[134.171718,33.599475],[134.171739,33.599384],[134.17176,33.59929],[134.171779,33.599199],[134.171791,33.599124],[134.171794,33.59906],[134.171789,33.599033],[134.171765,33.598984],[134.171748,33.59896],[134.17171,33.598907],[134.17167,33.598844],[134.171632,33.598775],[134.171592,33.598705],[134.171548,33.598634],[134.171501,33.598559],[134.17145,33.598475],[134.171402,33.598391],[134.171362,33.598318],[134.171331,33.598261],[134.171298,33.598215],[134.171277,33.598195],[134.171232,33.59816],[134.171185,33.598129],[134.17114,33.598101],[134.171092,33.598072],[134.171036,33.598034],[134.170972,33.59799],[134.170913,33.597942],[134.170867,33.597895],[134.17083,33.597847],[134.170796,33.597794],[134.170761,33.597734],[134.170728,33.59767],[134.170695,33.597605],[134.170666,33.597536],[134.170638,33.597469],[134.170613,33.597401],[134.170589,33.59733],[134.170563,33.597258],[134.170543,33.597183],[134.170534,33.597102],[134.170541,33.597017],[134.170551,33.596973],[134.170566,33.596927],[134.170585,33.596882],[134.170627,33.596814],[134.170653,33.596787],[134.170719,33.596737],[134.170809,33.59667],[134.170849,33.596645],[134.17089,33.596624],[134.170978,33.596591],[134.171069,33.59656],[134.171172,33.596513],[134.17127,33.596462],[134.171384,33.596405],[134.171513,33.596343],[134.171634,33.596273],[134.171721,33.596207],[134.171804,33.596136],[134.171887,33.596066],[134.171972,33.596003],[134.172065,33.595945],[134.172178,33.59589],[134.172323,33.595829],[134.172435,33.595784],[134.172509,33.595747],[134.172581,33.595702],[134.172686,33.595625],[134.17277,33.595566],[134.172848,33.595506],[134.172922,33.595452],[134.172961,33.595428],[134.173003,33.595408],[134.17304,33.595393],[134.173117,33.595371],[134.173198,33.595354],[134.173276,33.595337],[134.173353,33.595315],[134.17339,33.595303],[134.173444,33.595278],[134.173547,33.595218],[134.173647,33.595153],[134.173711,33.59511],[134.173775,33.595068],[134.173837,33.595027],[134.173896,33.59499],[134.173927,33.594972],[134.173999,33.594945],[134.174082,33.594927],[134.174167,33.594912],[134.174264,33.59489],[134.174359,33.594866],[134.17446,33.594839],[134.174564,33.59481],[134.174667,33.594776],[134.174766,33.594733],[134.174863,33.594686],[134.174953,33.594641],[134.17504,33.594599],[134.175125,33.594558],[134.175237,33.5945],[134.17535,33.594443],[134.175455,33.594391],[134.175554,33.594345],[134.175654,33.594302],[134.17573,33.594267],[134.175805,33.59423],[134.17584,33.594209],[134.175902,33.594162],[134.175931,33.594136],[134.175981,33.594079],[134.176026,33.594008],[134.176065,33.593936],[134.176132,33.593796],[134.176162,33.593739],[134.176175,33.59373],[134.176188,33.593726],[134.176213,33.593726],[134.17624,33.593737],[134.176267,33.593756],[134.17632,33.593803],[134.176384,33.593854],[134.176443,33.593898],[134.176507,33.593944],[134.176575,33.593999],[134.176644,33.594057],[134.176699,33.594103],[134.17673,33.594124],[134.176761,33.594142],[134.176794,33.594155],[134.176825,33.594162],[134.176889,33.594167],[134.176956,33.594165],[134.177037,33.594157],[134.177117,33.594149],[134.177205,33.594146],[134.177303,33.594149],[134.177401,33.594156],[134.177507,33.594161],[134.177612,33.594165],[134.177721,33.594162],[134.177833,33.594153],[134.177945,33.594143],[134.17806,33.59413],[134.178176,33.594118],[134.178299,33.594102],[134.17843,33.594084],[134.178563,33.594069],[134.17866,33.594059],[134.178756,33.594048],[134.178804,33.59404],[134.178864,33.594023],[134.178922,33.594003],[134.178979,33.593978],[134.179084,33.593918],[134.179152,33.593868],[134.179217,33.593817],[134.179292,33.593762],[134.179379,33.593704],[134.179465,33.593647],[134.179573,33.593566],[134.179681,33.593485],[134.179772,33.593424],[134.179839,33.593378],[134.179872,33.593354],[134.1799,33.593328],[134.179928,33.593294],[134.179953,33.593258],[134.179992,33.59318],[134.180029,33.593097],[134.180068,33.593012],[134.180113,33.59293],[134.180145,33.592878],[134.180216,33.592779],[134.180294,33.592681],[134.18036,33.592594],[134.180392,33.59255],[134.180447,33.59246],[134.180485,33.592371],[134.180516,33.592279],[134.180542,33.592175],[134.180543,33.592173],[134.180573,33.592053],[134.180591,33.591993],[134.180631,33.591896],[134.180674,33.591823],[134.180699,33.591789],[134.180727,33.591756],[134.180767,33.591719],[134.180856,33.591649],[134.18095,33.591583],[134.181048,33.591505],[134.181136,33.591421],[134.181176,33.591375],[134.181231,33.5913],[134.181284,33.591223],[134.181346,33.59114],[134.181422,33.591053],[134.181503,33.590969],[134.18159,33.590886],[134.181638,33.590848],[134.181688,33.590815],[134.181744,33.590787],[134.181792,33.590772],[134.181841,33.590761],[134.181893,33.590754],[134.181945,33.59075],[134.181998,33.59075],[134.182123,33.590758],[134.182247,33.590767],[134.182357,33.590762],[134.182452,33.590746],[134.182544,33.59072],[134.182654,33.59068],[134.182759,33.590632],[134.182863,33.590581],[134.182967,33.590529],[134.183073,33.59048],[134.183195,33.590431],[134.183319,33.590386],[134.183441,33.590341],[134.183559,33.590292],[134.183675,33.590239],[134.183771,33.59019],[134.183866,33.590136],[134.183961,33.590076],[134.184057,33.590008],[134.184149,33.589936],[134.184212,33.589879],[134.184248,33.589847],[134.184343,33.589752],[134.184434,33.589656],[134.18452,33.589558],[134.184604,33.589455],[134.184683,33.589348],[134.18472,33.589293],[134.184787,33.589179],[134.184828,33.589092],[134.184867,33.588994],[134.184899,33.588886],[134.184923,33.588765],[134.184937,33.588643],[134.184943,33.588518],[134.184945,33.588393],[134.184946,33.588276],[134.184941,33.588167],[134.186399,33.588492],[134.187726,33.58884],[134.188598,33.589156],[134.18948,33.589498],[134.19099,33.589946],[134.192272,33.59034],[134.193377,33.590613],[134.194719,33.59099],[134.195652,33.591306],[134.196645,33.591579],[134.197441,33.591816],[134.198464,33.59208],[134.199456,33.592295],[134.200591,33.592525],[134.202002,33.592639],[134.203584,33.592618],[134.205105,33.592478],[134.206787,33.592397],[134.20892,33.592317],[134.210021,33.592175],[134.211263,33.59199],[134.212859,33.591762],[134.214019,33.591543],[134.215553,33.591205],[134.216591,33.590726],[134.218123,33.590125],[134.219533,33.589559],[134.220795,33.589357],[134.221825,33.589216],[134.222875,33.589032],[134.224026,33.588848],[134.224976,33.588825],[134.225928,33.588955],[134.227182,33.588998],[134.228203,33.589001],[134.229209,33.588991],[134.229989,33.589005],[134.229531,33.58987],[134.228803,33.590965],[134.228005,33.592271],[134.22762,33.593431],[134.227205,33.594533],[134.226486,33.595653],[134.225836,33.596426],[134.225617,33.596883],[134.22562,33.597171],[134.225774,33.597449],[134.226916,33.598626],[134.227804,33.599592],[134.228356,33.600333],[134.228506,33.60133],[134.228423,33.602336],[134.228108,33.603285],[134.22759,33.604217],[134.227041,33.605024],[134.226943,33.605413],[134.22683,33.606462],[134.230549,33.61007],[134.231575,33.610271],[134.232579,33.610646],[134.233463,33.611139],[134.234643,33.611994],[134.235441,33.613055],[134.235926,33.614142],[134.236421,33.615357],[134.23701,33.616815],[134.23763,33.618299],[134.238283,33.620164],[134.238905,33.621986],[134.239308,33.623581],[134.239102,33.623665],[134.239004,33.62371],[134.238816,33.623802],[134.238637,33.623893],[134.238461,33.623979],[134.238289,33.624056],[134.238116,33.624122],[134.237944,33.624182],[134.237773,33.62424],[134.237609,33.624294],[134.237531,33.624315],[134.237459,33.624331],[134.237392,33.62434],[134.237329,33.624345],[134.237216,33.62435],[134.237163,33.624356],[134.237112,33.624366],[134.237062,33.62438],[134.237013,33.624399],[134.236964,33.624421],[134.236918,33.624445],[134.236825,33.624496],[134.236733,33.624542],[134.236687,33.624559],[134.23664,33.624569],[134.236589,33.624574],[134.236528,33.624577],[134.236453,33.624578],[134.236243,33.62458],[134.235958,33.624586],[134.235636,33.624595],[134.235278,33.624977],[134.235166,33.625102],[134.235056,33.625226],[134.234862,33.625236],[134.234749,33.625245],[134.234622,33.625258],[134.234489,33.625272],[134.234345,33.625332],[134.234195,33.625403],[134.234033,33.625496],[134.233866,33.625609],[134.233787,33.625669],[134.233714,33.625728],[134.233589,33.625837],[134.233482,33.625927],[134.233431,33.625965],[134.233377,33.625994],[134.233321,33.626017],[134.233264,33.626036],[134.233204,33.626051],[134.233073,33.626075],[134.233001,33.626085],[134.232932,33.626096],[134.232785,33.626115],[134.232507,33.626444],[134.232354,33.62663],[134.232234,33.626787],[134.232155,33.626901],[134.232101,33.626992],[134.232313,33.62721],[134.232414,33.627325],[134.232511,33.627443],[134.232607,33.627565],[134.232387,33.627945],[134.23235,33.62801],[134.232285,33.628132],[134.232221,33.628264],[134.232173,33.628369],[134.232151,33.628419],[134.232084,33.628584],[134.232034,33.628736],[134.232018,33.628803],[134.232,33.62892],[134.231998,33.629012],[134.23201,33.629084],[134.232027,33.629146],[134.232241,33.629393],[134.232326,33.629498],[134.232418,33.629622],[134.232511,33.629765],[134.232555,33.629842],[134.232594,33.629921],[134.232629,33.630001],[134.232684,33.63017],[134.23273,33.630353],[134.23277,33.630548],[134.232804,33.630738],[134.232827,33.630901],[134.232841,33.631032],[134.23285,33.631147],[134.232605,33.631297],[134.232485,33.631368],[134.232366,33.631437],[134.232249,33.631504],[134.232213,33.63163],[134.232186,33.631709],[134.232153,33.6318],[134.232126,33.631896],[134.232104,33.631985],[134.23209,33.632023],[134.232066,33.632054],[134.23203,33.632077],[134.231977,33.632088],[134.23191,33.632092],[134.231739,33.632089],[134.231532,33.632088],[134.231311,33.632097],[134.231104,33.632099],[134.231013,33.632094],[134.230932,33.632086],[134.230799,33.632075],[134.230743,33.632077],[134.230692,33.632085],[134.230647,33.6321],[134.230606,33.63212],[134.230566,33.632142],[134.230489,33.632192],[134.230401,33.632242],[134.230286,33.632299],[134.230213,33.63233],[134.230045,33.6324],[134.229948,33.632433],[134.229874,33.632454],[134.229813,33.632468],[134.229269,33.632516],[134.229122,33.632531],[134.228973,33.632547],[134.22883,33.632566],[134.228699,33.632585],[134.228585,33.632601],[134.228488,33.63261],[134.228445,33.63261],[134.228361,33.632603],[134.228257,33.632579],[134.2281,33.632549],[134.227817,33.63248],[134.227765,33.632465],[134.227571,33.632421],[134.227469,33.632405],[134.227359,33.632392],[134.227244,33.632383],[134.227,33.632361],[134.226873,33.632344],[134.226743,33.632319],[134.226612,33.632291],[134.226353,33.632232],[134.226228,33.632209],[134.226109,33.63219],[134.225993,33.632179],[134.225771,33.63217],[134.225553,33.632174],[134.225348,33.632188],[134.225256,33.632199],[134.225175,33.632215],[134.225107,33.632233],[134.225049,33.632254],[134.224998,33.632279],[134.224969,33.632296],[134.224933,33.63231],[134.224809,33.632324],[134.224694,33.632337],[134.224577,33.632355],[134.22447,33.632376],[134.22431,33.632416],[134.224246,33.632429],[134.224162,33.632438],[134.224042,33.632442],[134.223777,33.632446],[134.223578,33.63245],[134.223366,33.632453],[134.223136,33.63245],[134.223046,33.632444],[134.222968,33.632433],[134.22288,33.632418],[134.222659,33.632365],[134.222477,33.632317],[134.222411,33.632296],[134.222343,33.632269],[134.222156,33.632187],[134.222049,33.632147],[134.22194,33.632115],[134.221833,33.632087],[134.221731,33.632056],[134.221635,33.632014],[134.221545,33.631962],[134.221458,33.631905],[134.221372,33.631841],[134.221287,33.631772],[134.221208,33.631695],[134.221133,33.63161],[134.22106,33.631517],[134.2209,33.631314],[134.220817,33.631216],[134.220741,33.631136],[134.220676,33.631081],[134.220617,33.631042],[134.220488,33.630962],[134.220341,33.63087],[134.220269,33.630833],[134.220196,33.630804],[134.220113,33.630787],[134.220012,33.630778],[134.219903,33.630778],[134.219695,33.63079],[134.219521,33.630803],[134.219442,33.630805],[134.219272,33.630807],[134.219058,33.630809],[134.21896,33.630804],[134.218884,33.630789],[134.218822,33.630769],[134.218695,33.630722],[134.218624,33.630701],[134.218562,33.630688],[134.218508,33.630682],[134.218446,33.630685],[134.21822,33.630713],[134.217904,33.630755],[134.21765,33.630791],[134.217525,33.630804],[134.21738,33.630812],[134.217235,33.630815],[134.217109,33.63081],[134.217015,33.630796],[134.21694,33.63078],[134.216872,33.630771],[134.216863,33.63077],[134.216765,33.630768],[134.216657,33.630771],[134.216558,33.630766],[134.216477,33.630746],[134.216414,33.630715],[134.216315,33.630649],[134.216257,33.630613],[134.216173,33.630567],[134.215921,33.630442],[134.215709,33.630339],[134.215633,33.630304],[134.215549,33.630272],[134.215438,33.630238],[134.215311,33.630205],[134.215185,33.630179],[134.21507,33.630161],[134.214962,33.630152],[134.214848,33.630147],[134.214587,33.630139],[134.21433,33.630136],[134.214115,33.630136],[134.214024,33.630134],[134.213937,33.630128],[134.213853,33.630117],[134.213765,33.630096],[134.213684,33.630068],[134.213619,33.630031],[134.213577,33.629987],[134.213554,33.629941],[134.213527,33.629857],[134.213507,33.629821],[134.213475,33.629787],[134.213429,33.629751],[134.213375,33.629716],[134.213271,33.629648],[134.213134,33.629567],[134.21302,33.629509],[134.212769,33.629386],[134.212581,33.629292],[134.212386,33.629206],[134.212163,33.629109],[134.212064,33.629059],[134.211904,33.628969],[134.211779,33.628897],[134.211724,33.628862],[134.211667,33.628821],[134.211612,33.628785],[134.211557,33.628767],[134.211503,33.628774],[134.211452,33.6288],[134.211357,33.628876],[134.211241,33.628975],[134.211061,33.629114],[134.210901,33.629248],[134.210789,33.629357],[134.210731,33.629408],[134.210603,33.629513],[134.210456,33.629612],[134.210385,33.629653],[134.210254,33.62971],[134.210192,33.629742],[134.210128,33.629782],[134.210064,33.629832],[134.210006,33.629887],[134.209952,33.629941],[134.20985,33.630053],[134.209791,33.630107],[134.209663,33.630216],[134.209524,33.630324],[134.209368,33.630451],[134.209214,33.630585],[134.209095,33.630692],[134.209008,33.630782],[134.208975,33.630826],[134.208951,33.630873],[134.208934,33.630923],[134.208923,33.630978],[134.208899,33.631103],[134.20888,33.631171],[134.208856,33.631239],[134.208823,33.631296],[134.208793,33.631323],[134.208703,33.631399],[134.208641,33.631458],[134.208603,33.631499],[134.208566,33.631542],[134.208496,33.631638],[134.208438,33.631739],[134.208385,33.63185],[134.208337,33.63197],[134.208287,33.63209],[134.208226,33.632212],[134.208158,33.632332],[134.208086,33.632444],[134.208003,33.632595],[134.207958,33.632661],[134.207863,33.632788],[134.207814,33.632845],[134.207762,33.6329],[134.207657,33.633005],[134.20754,33.633113],[134.207414,33.633224],[134.207283,33.633335],[134.207155,33.633439],[134.207045,33.633528],[134.206972,33.633597],[134.206951,33.633625],[134.206938,33.633651],[134.206931,33.633677],[134.20693,33.633706],[134.206934,33.633773],[134.206935,33.633848],[134.206929,33.633884],[134.206915,33.633915],[134.206894,33.633945],[134.206865,33.633973],[134.206828,33.634001],[134.206782,33.634031],[134.206726,33.634062],[134.206603,33.634128],[134.206484,33.634194],[134.206387,33.634255],[134.206305,33.634321],[134.206219,33.634399],[134.206122,33.634489],[134.206019,33.63458],[134.205913,33.634664],[134.20586,33.6347],[134.205806,33.634733],[134.205751,33.634762],[134.205694,33.634785],[134.205636,33.634802],[134.205577,33.634815],[134.205516,33.634821],[134.205453,33.634822],[134.205386,33.634816],[134.205247,33.634792],[134.205097,33.634763],[134.204938,33.63474],[134.204863,33.634734],[134.204796,33.634732],[134.20474,33.634738],[134.204696,33.63475],[134.204664,33.634769],[134.204636,33.634796],[134.204579,33.634866],[134.204497,33.634958],[134.2044,33.635064],[134.204303,33.635175],[134.204212,33.635284],[134.204124,33.635389],[134.204036,33.635488],[134.203948,33.635587],[134.203905,33.63564],[134.203822,33.635752],[134.203786,33.63581],[134.203755,33.635867],[134.203732,33.635922],[134.203715,33.635973],[134.203696,33.636072],[134.203676,33.636184],[134.203637,33.636318],[134.203585,33.636462],[134.203529,33.636594],[134.203471,33.636713],[134.203409,33.636836],[134.203339,33.636971],[134.203279,33.637103],[134.203271,33.637131],[134.203261,33.637159],[134.203252,33.637203],[134.20325,33.63724],[134.203255,33.637269],[134.203269,33.637322],[134.203279,33.637375],[134.203291,33.637437],[134.203313,33.63751],[134.203345,33.637594],[134.203379,33.637693],[134.203405,33.637804],[134.203425,33.637922],[134.20344,33.638042],[134.203452,33.638162],[134.203461,33.638284],[134.203467,33.638411],[134.20347,33.638539],[134.203467,33.638663],[134.203456,33.638785],[134.203436,33.638909],[134.203406,33.639037],[134.203368,33.63917],[134.20333,33.639303],[134.203289,33.639437],[134.203249,33.639571],[134.203207,33.639701],[134.203165,33.639814],[134.203143,33.639858],[134.203121,33.639891],[134.203098,33.639917],[134.203074,33.639938],[134.203048,33.639956],[134.202994,33.639998],[134.202928,33.640054],[134.202851,33.640119],[134.202759,33.640188],[134.202666,33.640259],[134.202584,33.640333],[134.202548,33.640369],[134.202517,33.640406],[134.20249,33.640444],[134.202444,33.64052],[134.202409,33.640603],[134.202378,33.6407],[134.202349,33.640814],[134.202322,33.64094],[134.202297,33.641071],[134.202272,33.641204],[134.202239,33.641344],[134.202218,33.641417],[134.202169,33.641567],[134.202141,33.641645],[134.202107,33.641764],[134.202062,33.641957],[134.20204,33.642059],[134.202036,33.6421],[134.202045,33.642138],[134.202068,33.642172],[134.202104,33.642208],[134.202201,33.6423],[134.202322,33.642428],[134.202465,33.642578],[134.202624,33.642742],[134.202777,33.6429],[134.202839,33.642972],[134.202891,33.643039],[134.202982,33.643165],[134.203015,33.643224],[134.203033,33.643281],[134.203032,33.643334],[134.203017,33.643388],[134.202997,33.643442],[134.202954,33.643552],[134.202928,33.643602],[134.202867,33.643684],[134.202853,33.643728],[134.202857,33.643782],[134.202897,33.64393],[134.202911,33.644025],[134.202933,33.644202],[134.202958,33.644297],[134.202958,33.644338],[134.202941,33.644392],[134.202914,33.644453],[134.202851,33.644574],[134.202828,33.644631],[134.202812,33.644696],[134.202806,33.644772],[134.202809,33.64486],[134.202833,33.645068],[134.202861,33.645277],[134.202874,33.645435],[134.202895,33.645583],[134.202902,33.645661],[134.202896,33.645742],[134.202868,33.645821],[134.202824,33.645899],[134.202777,33.645973],[134.202691,33.646111],[134.202667,33.64615],[134.202611,33.646242],[134.202527,33.646382],[134.202435,33.646538],[134.202352,33.646696],[134.202313,33.646781],[134.202215,33.646995],[134.202101,33.647232],[134.202048,33.647324],[134.201955,33.647473],[134.201871,33.647612],[134.201804,33.64774],[134.201781,33.647798],[134.201766,33.647852],[134.201759,33.647903],[134.201761,33.647952],[134.20177,33.647999],[134.201784,33.648044],[134.201807,33.648088],[134.201839,33.648134],[134.201879,33.648181],[134.201928,33.648232],[134.202038,33.648348],[134.202162,33.648485],[134.202304,33.648635],[134.202372,33.648715],[134.202429,33.648797],[134.202478,33.64888],[134.202518,33.648963],[134.202549,33.649044],[134.202597,33.649199],[134.202633,33.649335],[134.202667,33.649465],[134.202678,33.649527],[134.202681,33.649583],[134.202671,33.64963],[134.202655,33.649669],[134.202637,33.649705],[134.202602,33.649772],[134.202551,33.649858],[134.202523,33.649912],[134.202503,33.649969],[134.202496,33.650025],[134.202499,33.650079],[134.202506,33.650126],[134.202516,33.650218],[134.202538,33.650418],[134.202555,33.650579],[134.202562,33.650659],[134.202581,33.651066],[134.202599,33.651224],[134.202622,33.651327],[134.202644,33.65141],[134.20266,33.651501],[134.202675,33.651599],[134.202695,33.651691],[134.202718,33.651775],[134.202737,33.651849],[134.202742,33.651915],[134.202739,33.651946],[134.202725,33.65201],[134.202699,33.652082],[134.202681,33.652119],[134.202637,33.652193],[134.202581,33.652265],[134.202517,33.652328],[134.202451,33.652381],[134.202382,33.652424],[134.202305,33.652464],[134.202217,33.652508],[134.202135,33.652557],[134.202101,33.652583],[134.202075,33.652611],[134.202052,33.652641],[134.202033,33.652673],[134.201987,33.652745],[134.201918,33.652832],[134.201836,33.652935],[134.201796,33.652992],[134.201759,33.653055],[134.201726,33.653119],[134.201668,33.653251],[134.201623,33.653377],[134.201584,33.653497],[134.201545,33.653617],[134.201498,33.653746],[134.20144,33.653876],[134.201406,33.653939],[134.201368,33.654001],[134.201286,33.654116],[134.201204,33.654219],[134.201128,33.654314],[134.201059,33.654403],[134.200991,33.654489],[134.200924,33.654576],[134.200899,33.65461],[134.20086,33.654662],[134.200797,33.65475],[134.200737,33.654846],[134.200678,33.654956],[134.200622,33.65508],[134.200579,33.655178],[134.200569,33.6552],[134.200521,33.655306],[134.200481,33.655402],[134.200469,33.655448],[134.200459,33.655495]]]},"properties":{"S_NAME":"大字久尾","HCODE":8101}},{"type":"Feature","geometry":{"type":"Polygon","coordinates":[[[134.276219,33.616094],[134.276181,33.616089],[134.276172,33.616088],[134.276147,33.616088],[134.276077,33.616093],[134.275999,33.616102],[134.275908,33.616113],[134.275807,33.616124],[134.275697,33.616131],[134.275588,33.616142],[134.275536,33.616154],[134.275486,33.616167],[134.275391,33.616207],[134.275298,33.616255],[134.275198,33.616306],[134.275097,33.616361],[134.274997,33.616419],[134.274897,33.616474],[134.274845,33.616496],[134.274794,33.616513],[134.274739,33.616523],[134.274684,33.616527],[134.274572,33.616523],[134.274461,33.616516],[134.274351,33.616508],[134.274239,33.6165],[134.274123,33.616488],[134.274018,33.61648],[134.273932,33.616482],[134.273899,33.616489],[134.273869,33.616501],[134.273839,33.616518],[134.273775,33.61657],[134.273702,33.616641],[134.27363,33.616717],[134.273561,33.616787],[134.273496,33.616856],[134.273427,33.616931],[134.273352,33.617011],[134.273336,33.617029],[134.273286,33.617077],[134.273241,33.617105],[134.273189,33.61713],[134.273076,33.617165],[134.272923,33.617201],[134.27284,33.617215],[134.272755,33.617224],[134.272669,33.61723],[134.272582,33.617232],[134.272418,33.617229],[134.272266,33.617224],[134.272128,33.617222],[134.271993,33.617226],[134.271852,33.617239],[134.271714,33.617254],[134.27159,33.617267],[134.271473,33.617278],[134.271339,33.617289],[134.271172,33.617303],[134.270993,33.617319],[134.27083,33.617331],[134.270691,33.617342],[134.270564,33.617355],[134.270437,33.617377],[134.270307,33.617399],[134.27017,33.617419],[134.270032,33.61743],[134.269904,33.617433],[134.269792,33.617428],[134.269693,33.617417],[134.269598,33.617405],[134.269502,33.617398],[134.269453,33.617399],[134.269405,33.617405],[134.269354,33.617417],[134.269305,33.617434],[134.269254,33.617458],[134.269205,33.617487],[134.269157,33.617522],[134.26911,33.617563],[134.269022,33.617654],[134.268984,33.6177],[134.268917,33.617784],[134.26886,33.617852],[134.268799,33.617908],[134.268763,33.617934],[134.268722,33.617959],[134.268627,33.618009],[134.268516,33.618064],[134.268398,33.618123],[134.26829,33.618181],[134.2682,33.618234],[134.268122,33.618292],[134.268037,33.618363],[134.267942,33.61845],[134.267839,33.618544],[134.267734,33.618639],[134.267644,33.618714],[134.267629,33.618727],[134.267531,33.618805],[134.26744,33.618873],[134.267331,33.618954],[134.267327,33.618956],[134.267321,33.618959],[134.2673,33.61897],[134.267288,33.618974],[134.267282,33.618976],[134.267276,33.618977],[134.267257,33.61898],[134.267244,33.61898],[134.267232,33.618979],[134.267226,33.618978],[134.267214,33.618975],[134.267205,33.618973],[134.267186,33.618967],[134.267071,33.618938],[134.266978,33.618911],[134.266886,33.618878],[134.266795,33.618839],[134.266679,33.618783],[134.266564,33.618727],[134.266551,33.618721],[134.26645,33.618674],[134.266414,33.61866],[134.266338,33.61863],[134.266273,33.618607],[134.266188,33.618581],[134.266095,33.618556],[134.266034,33.618541],[134.26595,33.618529],[134.265855,33.618536],[134.265761,33.61856],[134.265655,33.618596],[134.265566,33.618629],[134.265506,33.618645],[134.265477,33.618648],[134.265466,33.618647],[134.265452,33.618644],[134.265397,33.618612],[134.265321,33.618565],[134.26531,33.61856],[134.265282,33.618546],[134.265267,33.61854],[134.26518,33.618505],[134.265082,33.618469],[134.264993,33.618442],[134.264913,33.618414],[134.264833,33.618384],[134.264748,33.618352],[134.264645,33.618325],[134.264584,33.618316],[134.264486,33.61831],[134.264385,33.618304],[134.264314,33.618297],[134.264254,33.618285],[134.264165,33.61826],[134.264028,33.618217],[134.263935,33.61819],[134.263812,33.61816],[134.263718,33.618133],[134.263688,33.618121],[134.263657,33.618105],[134.263591,33.618065],[134.26354,33.618046],[134.263484,33.618037],[134.263423,33.618042],[134.263347,33.61806],[134.263293,33.618075],[134.263165,33.61812],[134.263044,33.618165],[134.262922,33.618202],[134.262861,33.618215],[134.262798,33.618225],[134.262653,33.618238],[134.262523,33.618248],[134.262413,33.618265],[134.262304,33.618295],[134.262242,33.618319],[134.262124,33.618366],[134.262013,33.618406],[134.261901,33.618442],[134.26177,33.618488],[134.261723,33.618509],[134.261676,33.618536],[134.261631,33.618568],[134.261611,33.618584],[134.261541,33.618648],[134.261474,33.618703],[134.261471,33.618706],[134.261416,33.618752],[134.261385,33.618779],[134.261335,33.618827],[134.26126,33.618903],[134.261195,33.618964],[134.26117,33.618981],[134.261134,33.619002],[134.261105,33.619016],[134.261067,33.61903],[134.261024,33.619043],[134.260935,33.619061],[134.260807,33.61909],[134.260748,33.619111],[134.26068,33.619141],[134.260622,33.619174],[134.260504,33.619251],[134.260411,33.619319],[134.260325,33.61938],[134.260246,33.619435],[134.260176,33.619481],[134.260136,33.619504],[134.260107,33.619518],[134.260066,33.619532],[134.259963,33.619553],[134.25991,33.61956],[134.259787,33.619574],[134.259668,33.619587],[134.259545,33.619596],[134.259499,33.619596],[134.259369,33.619585],[134.259244,33.619566],[134.259131,33.619545],[134.259022,33.619523],[134.258909,33.619495],[134.25878,33.61946],[134.258637,33.61942],[134.258473,33.619378],[134.25836,33.61935],[134.258244,33.619318],[134.258134,33.619283],[134.258047,33.619258],[134.257992,33.619251],[134.257943,33.619252],[134.25789,33.619258],[134.257872,33.619262],[134.257767,33.619286],[134.257664,33.6193],[134.257538,33.619307],[134.257409,33.619307],[134.25726,33.619299],[134.257191,33.619295],[134.257064,33.619294],[134.256989,33.619294],[134.256909,33.619306],[134.256821,33.619327],[134.256729,33.619358],[134.256636,33.619396],[134.256546,33.619438],[134.256382,33.619521],[134.256305,33.619558],[134.256221,33.61959],[134.256123,33.619616],[134.256001,33.619633],[134.255851,33.61964],[134.255686,33.619639],[134.25552,33.619632],[134.255367,33.61962],[134.255077,33.619614],[134.25449,33.619924],[134.254119,33.620102],[134.253895,33.62043],[134.253539,33.620522],[134.253315,33.620683],[134.252241,33.620773],[134.251141,33.621315],[134.251083,33.621407],[134.251048,33.621452],[134.251006,33.621498],[134.250956,33.621542],[134.250893,33.621584],[134.250824,33.621625],[134.250747,33.621664],[134.250667,33.6217],[134.250587,33.621733],[134.250428,33.621788],[134.250199,33.621856],[134.249925,33.621429],[134.249424,33.621642],[134.249162,33.621615],[134.249129,33.621631],[134.248695,33.621836],[134.247989,33.621597],[134.247324,33.62164],[134.245457,33.621759],[134.244737,33.621572],[134.24429,33.621636],[134.244204,33.621731],[134.244107,33.62183],[134.24405,33.621881],[134.243985,33.621932],[134.243912,33.621984],[134.243831,33.622035],[134.243737,33.622084],[134.243634,33.622128],[134.243518,33.622167],[134.243391,33.622204],[134.243115,33.622275],[134.242818,33.622358],[134.242516,33.622451],[134.242367,33.622493],[134.242222,33.62253],[134.242081,33.622557],[134.241947,33.622578],[134.241713,33.622608],[134.241618,33.622624],[134.241538,33.622641],[134.241472,33.622663],[134.241414,33.622688],[134.24136,33.622716],[134.241057,33.622921],[134.241031,33.622939],[134.240953,33.622987],[134.240907,33.62301],[134.240805,33.623059],[134.240697,33.623106],[134.240589,33.623151],[134.240463,33.623203],[134.240298,33.62327],[134.240081,33.623349],[134.239936,33.623391],[134.239518,33.623507],[134.23944,33.623535],[134.239418,33.623542],[134.239308,33.623581],[134.238905,33.621986],[134.238283,33.620164],[134.23763,33.618299],[134.23701,33.616815],[134.236421,33.615357],[134.235926,33.614142],[134.235441,33.613055],[134.234643,33.611994],[134.233463,33.611139],[134.232579,33.610646],[134.231575,33.610271],[134.230549,33.61007],[134.22683,33.606462],[134.226943,33.605413],[134.227041,33.605024],[134.22759,33.604217],[134.228108,33.603285],[134.228423,33.602336],[134.228506,33.60133],[134.228356,33.600333],[134.227804,33.599592],[134.226916,33.598626],[134.225774,33.597449],[134.22562,33.597171],[134.225617,33.596883],[134.225836,33.596426],[134.226486,33.595653],[134.227205,33.594533],[134.22762,33.593431],[134.228005,33.592271],[134.228803,33.590965],[134.229531,33.58987],[134.229989,33.589005],[134.229921,33.58816],[134.22958,33.587308],[134.22937,33.586363],[134.229503,33.585365],[134.229705,33.584087],[134.229846,33.582861],[134.230006,33.581414],[134.230532,33.58027],[134.231156,33.578787],[134.231329,33.577653],[134.231779,33.5733],[134.233038,33.573763],[134.234471,33.574433],[134.235211,33.574462],[134.236533,33.574582],[134.237879,33.574825],[134.239316,33.574989],[134.240808,33.575186],[134.242247,33.575608],[134.243302,33.575954],[134.243972,33.576098],[134.244417,33.576121],[134.244855,33.576074],[134.24513,33.575931],[134.245449,33.575531],[134.245632,33.575375],[134.245869,33.575226],[134.246145,33.575173],[134.246421,33.575184],[134.247336,33.575339],[134.247613,33.575402],[134.247836,33.575381],[134.248019,33.57529],[134.248621,33.574754],[134.249306,33.57403],[134.250146,33.573409],[134.251436,33.572572],[134.252592,33.572109],[134.253342,33.571874],[134.253055,33.572836],[134.252719,33.573666],[134.252273,33.574675],[134.251552,33.575423],[134.250679,33.576231],[134.249998,33.576946],[134.249702,33.57781],[134.2497,33.578731],[134.249828,33.579508],[134.250723,33.583551],[134.25099,33.584057],[134.251276,33.584376],[134.251489,33.584553],[134.251814,33.584652],[134.252117,33.584667],[134.259871,33.583538],[134.262239,33.583197],[134.26249,33.583623],[134.262817,33.583993],[134.263458,33.584411],[134.263945,33.584687],[134.264463,33.584946],[134.265117,33.5852],[134.265867,33.585407],[134.266708,33.585596],[134.267437,33.585684],[134.268301,33.5857],[134.26915,33.585661],[134.270357,33.585556],[134.271311,33.585335],[134.272258,33.585033],[134.273069,33.584685],[134.273854,33.584309],[134.274463,33.583979],[134.275372,33.583335],[134.275948,33.582796],[134.276919,33.583158],[134.278208,33.583466],[134.279485,33.583728],[134.281047,33.584344],[134.283035,33.585109],[134.28474,33.585774],[134.286388,33.586931],[134.287395,33.588103],[134.287107,33.588347],[134.28662,33.588547],[134.28602,33.588747],[134.285757,33.589221],[134.28557,33.589871],[134.285432,33.59073],[134.285332,33.590888],[134.284732,33.590663],[134.28387,33.590613],[134.28322,33.590755],[134.282408,33.590863],[134.281895,33.591113],[134.281495,33.591696],[134.280958,33.592638],[134.280883,33.594463],[134.280745,33.594938],[134.28042,33.595179],[134.279908,33.595296],[134.279395,33.595296],[134.279258,33.595338],[134.27862,33.595746],[134.278314,33.595996],[134.278119,33.596384],[134.277833,33.596554],[134.277083,33.596621],[134.276383,33.597004],[134.274921,33.597454],[134.274946,33.597971],[134.274871,33.598962],[134.274758,33.599595],[134.274571,33.60022],[134.274708,33.602228],[134.274796,33.602562],[134.275221,33.602762],[134.275983,33.602903],[134.276571,33.603287],[134.27727,33.603645],[134.277895,33.604045],[134.278176,33.605124],[134.27827,33.605486],[134.278708,33.60612],[134.27917,33.606678],[134.27922,33.60697],[134.278895,33.607353],[134.278633,33.607786],[134.278958,33.608636],[134.27892,33.609178],[134.278495,33.609494],[134.278308,33.610569],[134.27812,33.611202],[134.277521,33.612144],[134.277283,33.612685],[134.277021,33.613744],[134.276633,33.614469],[134.276396,33.615144],[134.276219,33.616094]]]},"properties":{"S_NAME":"大字小谷","HCODE":8101}},{"type":"Feature","geometry":{"type":"Polygon","coordinates":[[[134.275948,33.582796],[134.275372,33.583335],[134.274463,33.583979],[134.273854,33.584309],[134.273069,33.584685],[134.272258,33.585033],[134.271311,33.585335],[134.270357,33.585556],[134.26915,33.585661],[134.268301,33.5857],[134.267437,33.585684],[134.266708,33.585596],[134.265867,33.585407],[134.265117,33.5852],[134.264463,33.584946],[134.263945,33.584687],[134.263458,33.584411],[134.262817,33.583993],[134.26249,33.583623],[134.262239,33.583197],[134.259871,33.583538],[134.262071,33.579057],[134.263715,33.575175],[134.263702,33.574947],[134.26362,33.574744],[134.263476,33.574526],[134.263268,33.574354],[134.262106,33.573427],[134.263158,33.57348],[134.264462,33.573979],[134.265132,33.574245],[134.265414,33.574313],[134.265754,33.573742],[134.265981,33.573149],[134.266069,33.572547],[134.266157,33.573056],[134.26626,33.573569],[134.266835,33.57362],[134.268807,33.573768],[134.272852,33.573912],[134.277092,33.577808],[134.276499,33.578226],[134.276007,33.578683],[134.275036,33.57972],[134.27469,33.580585],[134.274563,33.581135],[134.274607,33.581515],[134.274818,33.581848],[134.275032,33.582134],[134.275501,33.582562],[134.275948,33.582796]]]},"properties":{"S_NAME":"大字広岡","HCODE":8101}},{"type":"Feature","geometry":{"type":"Polygon","coordinates":[[[134.259871,33.583538],[134.252117,33.584667],[134.251814,33.584652],[134.251489,33.584553],[134.251276,33.584376],[134.25099,33.584057],[134.250723,33.583551],[134.249828,33.579508],[134.2497,33.578731],[134.249702,33.57781],[134.249998,33.576946],[134.250679,33.576231],[134.251552,33.575423],[134.252273,33.574675],[134.252719,33.573666],[134.253055,33.572836],[134.253342,33.571874],[134.254499,33.571565],[134.255962,33.57119],[134.257633,33.570794],[134.258943,33.570484],[134.259731,33.570165],[134.260419,33.56986],[134.264579,33.568331],[134.265121,33.569962],[134.265891,33.571536],[134.266029,33.572313],[134.266069,33.572547],[134.265981,33.573149],[134.265754,33.573742],[134.265414,33.574313],[134.265132,33.574245],[134.264462,33.573979],[134.263158,33.57348],[134.262106,33.573427],[134.263268,33.574354],[134.263476,33.574526],[134.26362,33.574744],[134.263702,33.574947],[134.263715,33.575175],[134.262071,33.579057],[134.259871,33.583538]]]},"properties":{"S_NAME":"大字角坂","HCODE":8101}},{"type":"Feature","geometry":{"type":"Polygon","coordinates":[[[134.229989,33.589005],[134.229209,33.588991],[134.228203,33.589001],[134.227182,33.588998],[134.225928,33.588955],[134.224976,33.588825],[134.224026,33.588848],[134.222875,33.589032],[134.221825,33.589216],[134.220795,33.589357],[134.219533,33.589559],[134.218123,33.590125],[134.216591,33.590726],[134.215553,33.591205],[134.214019,33.591543],[134.212859,33.591762],[134.211263,33.59199],[134.210021,33.592175],[134.20892,33.592317],[134.206787,33.592397],[134.205105,33.592478],[134.203584,33.592618],[134.202002,33.592639],[134.200591,33.592525],[134.199456,33.592295],[134.198464,33.59208],[134.197441,33.591816],[134.196645,33.591579],[134.195652,33.591306],[134.194719,33.59099],[134.193377,33.590613],[134.192272,33.59034],[134.19099,33.589946],[134.18948,33.589498],[134.188598,33.589156],[134.187726,33.58884],[134.186399,33.588492],[134.184941,33.588167],[134.18493,33.588059],[134.184911,33.587978],[134.18489,33.587896],[134.18487,33.587801],[134.184846,33.587643],[134.184833,33.587569],[134.184846,33.587491],[134.184873,33.587412],[134.184923,33.587332],[134.184996,33.587248],[134.185084,33.587162],[134.185268,33.586997],[134.185343,33.586922],[134.185394,33.586851],[134.185428,33.586781],[134.18545,33.586704],[134.185494,33.586502],[134.185527,33.586365],[134.185569,33.586208],[134.185673,33.585871],[134.185788,33.585553],[134.185895,33.585289],[134.185982,33.585083],[134.18604,33.584931],[134.186067,33.584871],[134.186097,33.584819],[134.186134,33.584771],[134.18618,33.584724],[134.186235,33.584679],[134.186293,33.584636],[134.186415,33.584555],[134.186469,33.584515],[134.186517,33.584475],[134.186559,33.584431],[134.186593,33.584383],[134.186617,33.584328],[134.186631,33.584264],[134.186638,33.584195],[134.186637,33.584122],[134.186628,33.583985],[134.186616,33.583868],[134.186616,33.583818],[134.186623,33.583771],[134.186639,33.583727],[134.186664,33.583682],[134.186696,33.583642],[134.186731,33.583605],[134.186764,33.583575],[134.186807,33.583542],[134.186834,33.583528],[134.186893,33.5835],[134.186948,33.583469],[134.187093,33.583387],[134.187237,33.583305],[134.187338,33.583244],[134.187378,33.583214],[134.187415,33.583178],[134.187455,33.583131],[134.187462,33.583121],[134.187498,33.58307],[134.187591,33.582922],[134.187669,33.582776],[134.187717,33.582665],[134.187756,33.582569],[134.187817,33.58246],[134.187908,33.582326],[134.187964,33.582255],[134.188087,33.582114],[134.188153,33.582046],[134.188282,33.581918],[134.188395,33.581805],[134.188489,33.581707],[134.18857,33.581612],[134.188606,33.581563],[134.188637,33.58151],[134.188663,33.581454],[134.188679,33.581391],[134.188684,33.581321],[134.188676,33.581243],[134.188658,33.58116],[134.188634,33.581076],[134.188605,33.580996],[134.188552,33.580863],[134.188495,33.580759],[134.188457,33.580706],[134.18841,33.580647],[134.18828,33.580499],[134.188136,33.580333],[134.188073,33.580252],[134.188018,33.580175],[134.187975,33.580103],[134.187907,33.579975],[134.187848,33.579869],[134.187816,33.579822],[134.187781,33.579779],[134.187742,33.579737],[134.187697,33.579696],[134.187585,33.579613],[134.187472,33.579541],[134.187389,33.579494],[134.187333,33.579464],[134.187271,33.579429],[134.187178,33.579369],[134.187127,33.57933],[134.187079,33.57929],[134.187039,33.579249],[134.187009,33.579206],[134.18699,33.579163],[134.186981,33.579115],[134.186979,33.579058],[134.186996,33.578911],[134.187028,33.578719],[134.187057,33.578615],[134.187201,33.578126],[134.187377,33.577549],[134.187551,33.576997],[134.187711,33.576507],[134.187828,33.57614],[134.187884,33.575935],[134.1879,33.575881],[134.187915,33.575848],[134.187934,33.575828],[134.187961,33.575814],[134.187997,33.575802],[134.188064,33.575789],[134.188093,33.575783],[134.188213,33.57576],[134.18828,33.575743],[134.188347,33.575721],[134.188411,33.575694],[134.188471,33.575658],[134.188524,33.575614],[134.188571,33.575563],[134.188612,33.575508],[134.188648,33.575449],[134.18868,33.575389],[134.188732,33.575272],[134.188781,33.575161],[134.188834,33.57506],[134.188865,33.575012],[134.188899,33.574967],[134.188936,33.574924],[134.189022,33.574843],[134.189071,33.574805],[134.189124,33.574769],[134.189182,33.574737],[134.189246,33.574709],[134.189313,33.574684],[134.189461,33.574641],[134.189616,33.574605],[134.189772,33.574569],[134.189853,33.574555],[134.189937,33.574547],[134.190026,33.574544],[134.190119,33.574549],[134.190215,33.574561],[134.190312,33.574579],[134.190496,33.574622],[134.190654,33.574664],[134.1908,33.574704],[134.190874,33.574722],[134.19095,33.574737],[134.191027,33.574749],[134.191101,33.574757],[134.191171,33.574758],[134.191233,33.574752],[134.191286,33.574738],[134.191338,33.574715],[134.191457,33.574645],[134.191645,33.574546],[134.191911,33.574424],[134.192167,33.574312],[134.192306,33.574247],[134.192395,33.574194],[134.192438,33.574159],[134.192477,33.57412],[134.192508,33.574076],[134.19251,33.574073],[134.192533,33.574021],[134.192551,33.573962],[134.192561,33.5739],[134.192568,33.573832],[134.192572,33.573762],[134.192576,33.573613],[134.192583,33.573538],[134.192596,33.573466],[134.19262,33.573396],[134.192652,33.57333],[134.192695,33.57327],[134.19274,33.573212],[134.192823,33.573106],[134.192852,33.573054],[134.192875,33.573004],[134.192892,33.57295],[134.192923,33.572826],[134.192961,33.572673],[134.193008,33.572518],[134.193035,33.57245],[134.193063,33.572391],[134.193095,33.572341],[134.193131,33.572295],[134.193174,33.572249],[134.193226,33.572202],[134.193354,33.572085],[134.193425,33.572012],[134.193493,33.571926],[134.193556,33.571824],[134.193609,33.571707],[134.193656,33.571578],[134.193739,33.571314],[134.193782,33.57119],[134.193828,33.571078],[134.193876,33.570977],[134.193925,33.570883],[134.194022,33.570705],[134.194064,33.570615],[134.194143,33.570438],[134.19421,33.570275],[134.19427,33.570138],[134.194331,33.570024],[134.194394,33.569926],[134.194428,33.569881],[134.194506,33.569792],[134.194604,33.569699],[134.19472,33.5696],[134.194776,33.569555],[134.195051,33.569351],[134.195132,33.569269],[134.195205,33.569188],[134.195276,33.569102],[134.195343,33.56901],[134.195404,33.568912],[134.19546,33.568814],[134.195505,33.568716],[134.195541,33.568619],[134.195557,33.56857],[134.195581,33.568469],[134.195599,33.568362],[134.195612,33.568246],[134.195622,33.568115],[134.195629,33.567963],[134.195637,33.567788],[134.195643,33.567599],[134.195648,33.567406],[134.195651,33.567219],[134.195653,33.567043],[134.195653,33.566871],[134.195649,33.566703],[134.195648,33.566617],[134.195637,33.566449],[134.195618,33.566291],[134.195604,33.566217],[134.195585,33.56615],[134.195563,33.566088],[134.195536,33.566033],[134.195507,33.565982],[134.195474,33.565935],[134.1954,33.565848],[134.195318,33.565764],[134.19523,33.565682],[134.195139,33.5656],[134.195046,33.565521],[134.194956,33.565446],[134.194867,33.565378],[134.194821,33.565348],[134.194775,33.565321],[134.194679,33.565277],[134.194581,33.565247],[134.194288,33.565176],[134.194242,33.565162],[134.194199,33.565151],[134.194157,33.565142],[134.194121,33.565133],[134.194093,33.565119],[134.194077,33.565098],[134.194067,33.565066],[134.194064,33.565051],[134.194058,33.565022],[134.194025,33.56489],[134.194001,33.564805],[134.193977,33.564716],[134.193956,33.564623],[134.193936,33.564529],[134.19392,33.564431],[134.193906,33.564332],[134.193897,33.564231],[134.193893,33.564131],[134.193893,33.564036],[134.193901,33.563945],[134.19391,33.563865],[134.19392,33.563793],[134.193926,33.563733],[134.193926,33.563682],[134.193919,33.563637],[134.193912,33.563614],[134.193891,33.563566],[134.19386,33.563514],[134.193818,33.563454],[134.193766,33.563389],[134.193705,33.563314],[134.193639,33.563233],[134.193605,33.563189],[134.193543,33.563094],[134.193515,33.563043],[134.193469,33.562935],[134.193451,33.562877],[134.193435,33.562816],[134.193423,33.562752],[134.193414,33.562687],[134.193405,33.562545],[134.193402,33.562397],[134.1934,33.562322],[134.193388,33.562173],[134.193378,33.5621],[134.19335,33.561962],[134.193315,33.561841],[134.193284,33.561742],[134.193263,33.561672],[134.19325,33.561626],[134.193248,33.561598],[134.193249,33.561588],[134.193254,33.561579],[134.193261,33.561572],[134.19329,33.561561],[134.193347,33.561552],[134.19344,33.561541],[134.193568,33.561527],[134.193722,33.561513],[134.193894,33.561499],[134.194076,33.561486],[134.194256,33.561472],[134.194427,33.561453],[134.194505,33.561442],[134.194579,33.561427],[134.194647,33.56141],[134.194711,33.561391],[134.19477,33.561369],[134.194879,33.561318],[134.19498,33.561257],[134.195078,33.561187],[134.195185,33.561112],[134.195307,33.561036],[134.195449,33.56096],[134.195595,33.560891],[134.195726,33.560832],[134.195821,33.560788],[134.195882,33.56076],[134.195919,33.560751],[134.195925,33.56075],[134.195945,33.560752],[134.195995,33.560766],[134.196067,33.560795],[134.196174,33.560837],[134.196323,33.56089],[134.196522,33.560952],[134.196755,33.561018],[134.197006,33.561084],[134.197258,33.561145],[134.197497,33.561199],[134.197713,33.56125],[134.197893,33.561296],[134.197969,33.561319],[134.198035,33.561341],[134.198148,33.561387],[134.19825,33.561436],[134.198357,33.561491],[134.198475,33.561552],[134.198597,33.561615],[134.19872,33.561678],[134.198843,33.561736],[134.198971,33.561792],[134.199118,33.561845],[134.199201,33.561872],[134.199394,33.561923],[134.199609,33.56197],[134.199833,33.56201],[134.199943,33.562027],[134.200052,33.56204],[134.200146,33.562047],[134.20026,33.562058],[134.200461,33.562067],[134.200657,33.562072],[134.200847,33.562076],[134.20103,33.562083],[134.201115,33.56209],[134.201196,33.562099],[134.201271,33.562112],[134.201339,33.562128],[134.201402,33.562149],[134.20146,33.562171],[134.201563,33.562221],[134.201653,33.562272],[134.201735,33.56232],[134.201818,33.562362],[134.201912,33.562396],[134.201966,33.56241],[134.202086,33.562431],[134.202212,33.562446],[134.202325,33.562455],[134.20241,33.562462],[134.202462,33.562468],[134.202493,33.562478],[134.202516,33.562493],[134.202538,33.562516],[134.202569,33.562554],[134.202615,33.562607],[134.202682,33.56268],[134.202774,33.562769],[134.202829,33.562818],[134.202888,33.562868],[134.202955,33.562917],[134.203026,33.562966],[134.203102,33.563012],[134.203181,33.563055],[134.203342,33.563135],[134.203494,33.563203],[134.203624,33.56326],[134.203728,33.56331],[134.203772,33.563335],[134.203856,33.563395],[134.203897,33.563433],[134.203938,33.563475],[134.204024,33.563575],[134.204112,33.563686],[134.204203,33.563796],[134.204248,33.563848],[134.20434,33.563944],[134.204432,33.564028],[134.204522,33.564101],[134.204565,33.564131],[134.204656,33.564184],[134.204703,33.564207],[134.204806,33.564247],[134.204926,33.564283],[134.205062,33.564315],[134.205205,33.564347],[134.20535,33.564378],[134.205488,33.564411],[134.205555,33.564429],[134.205683,33.56447],[134.205747,33.564494],[134.205868,33.564551],[134.205985,33.564619],[134.206096,33.564693],[134.206196,33.56477],[134.206286,33.564844],[134.206374,33.564913],[134.206465,33.564975],[134.206475,33.564981],[134.206516,33.565003],[134.206569,33.565028],[134.206686,33.565073],[134.206809,33.565117],[134.206934,33.565165],[134.207054,33.565219],[134.207168,33.565279],[134.207271,33.565339],[134.20736,33.565391],[134.207442,33.565438],[134.207523,33.565477],[134.207616,33.565511],[134.207726,33.56554],[134.207846,33.565565],[134.207965,33.565591],[134.20807,33.565615],[134.208158,33.56564],[134.208253,33.565673],[134.208361,33.565711],[134.208425,33.56573],[134.208529,33.565745],[134.208705,33.56576],[134.208896,33.565772],[134.209098,33.565784],[134.209309,33.565798],[134.209516,33.565809],[134.209613,33.565812],[134.209794,33.565809],[134.209962,33.565806],[134.210132,33.565811],[134.210307,33.565829],[134.21048,33.565851],[134.210566,33.565862],[134.210649,33.565875],[134.21073,33.565891],[134.210806,33.565914],[134.210875,33.565946],[134.210939,33.565987],[134.210998,33.566037],[134.211099,33.566136],[134.211142,33.566179],[134.211184,33.566211],[134.211223,33.566237],[134.211302,33.566277],[134.211385,33.566321],[134.211475,33.566372],[134.21152,33.566394],[134.211562,33.566411],[134.211602,33.566419],[134.211639,33.566423],[134.211713,33.566421],[134.21175,33.566424],[134.211791,33.56643],[134.211831,33.56644],[134.211871,33.566455],[134.211909,33.566472],[134.211942,33.566492],[134.21197,33.566513],[134.212012,33.566558],[134.212041,33.566608],[134.212068,33.566659],[134.212086,33.566684],[134.212114,33.566708],[134.212153,33.566731],[134.212205,33.56675],[134.21227,33.566768],[134.212426,33.566802],[134.212596,33.566842],[134.212768,33.566882],[134.212852,33.566899],[134.212933,33.566912],[134.213013,33.566919],[134.213174,33.566925],[134.213266,33.566931],[134.213367,33.566943],[134.213484,33.566961],[134.213741,33.567015],[134.213998,33.56707],[134.214225,33.567111],[134.214424,33.567142],[134.214614,33.567171],[134.2148,33.567203],[134.21489,33.56722],[134.215067,33.567258],[134.215243,33.567302],[134.215426,33.56735],[134.215621,33.567401],[134.215808,33.567455],[134.21596,33.567511],[134.216078,33.56757],[134.216192,33.567637],[134.21632,33.56771],[134.216349,33.567725],[134.216443,33.567778],[134.216532,33.567823],[134.216592,33.56785],[134.216651,33.567876],[134.216734,33.567915],[134.216839,33.56796],[134.216899,33.56798],[134.216959,33.567996],[134.217023,33.568008],[134.217157,33.568025],[134.217296,33.568037],[134.217439,33.568049],[134.217586,33.568066],[134.217728,33.568087],[134.217792,33.568093],[134.217844,33.568089],[134.217884,33.568073],[134.217906,33.56804],[134.217918,33.567997],[134.217924,33.567901],[134.217929,33.567859],[134.21794,33.567825],[134.217961,33.567802],[134.217989,33.567786],[134.218024,33.567775],[134.218115,33.56776],[134.218229,33.567751],[134.218365,33.567752],[134.218517,33.567761],[134.218681,33.567772],[134.218765,33.567773],[134.218849,33.56777],[134.218934,33.567762],[134.219018,33.567748],[134.219103,33.567726],[134.219186,33.567699],[134.219268,33.567662],[134.219348,33.567619],[134.219425,33.56757],[134.219495,33.567517],[134.21956,33.56746],[134.219617,33.567399],[134.219666,33.567339],[134.219709,33.56728],[134.219773,33.567177],[134.219796,33.567135],[134.219838,33.567073],[134.219864,33.567048],[134.219898,33.567025],[134.219942,33.567002],[134.220057,33.566953],[134.220195,33.566886],[134.220342,33.566795],[134.220492,33.566695],[134.220637,33.566608],[134.220772,33.566536],[134.220894,33.566467],[134.220949,33.566429],[134.221051,33.566347],[134.221148,33.566267],[134.221245,33.566191],[134.221364,33.566101],[134.221438,33.566044],[134.221612,33.5659],[134.221785,33.565759],[134.22191,33.565666],[134.221978,33.565619],[134.222003,33.565595],[134.222028,33.565562],[134.222091,33.565451],[134.222165,33.56531],[134.222242,33.565175],[134.222313,33.565061],[134.222374,33.564964],[134.222418,33.564889],[134.222425,33.564876],[134.222456,33.564837],[134.222495,33.564802],[134.222548,33.564772],[134.222616,33.564748],[134.222697,33.564727],[134.222783,33.56471],[134.222954,33.564683],[134.223092,33.564657],[134.223209,33.564639],[134.223319,33.564631],[134.223431,33.564626],[134.223487,33.564617],[134.223544,33.564602],[134.223599,33.564576],[134.223655,33.564541],[134.223708,33.5645],[134.223762,33.564453],[134.223813,33.564402],[134.22391,33.564289],[134.224005,33.564174],[134.224102,33.564064],[134.224202,33.563954],[134.224252,33.563892],[134.224393,33.56373],[134.224501,33.56359],[134.224608,33.563437],[134.224649,33.563369],[134.224719,33.563258],[134.224755,33.563214],[134.224799,33.563179],[134.22485,33.563151],[134.224912,33.563131],[134.224978,33.563117],[134.225047,33.563108],[134.225187,33.563095],[134.225324,33.563085],[134.225465,33.563078],[134.225612,33.563069],[134.225768,33.563059],[134.22593,33.563048],[134.226089,33.563034],[134.226113,33.563032],[134.226233,33.56302],[134.227118,33.563655],[134.227807,33.564139],[134.228565,33.564883],[134.228939,33.565655],[134.229077,33.566534],[134.229128,33.567017],[134.229207,33.567349],[134.229359,33.567825],[134.22948,33.56822],[134.229555,33.569025],[134.229693,33.569413],[134.22994,33.569666],[134.230392,33.570073],[134.230745,33.570385],[134.231043,33.570623],[134.231337,33.570943],[134.23156,33.571337],[134.231775,33.57181],[134.231834,33.572314],[134.23185,33.572657],[134.231853,33.57301],[134.231779,33.5733],[134.231329,33.577653],[134.231156,33.578787],[134.230532,33.58027],[134.230006,33.581414],[134.229846,33.582861],[134.229705,33.584087],[134.229503,33.585365],[134.22937,33.586363],[134.22958,33.587308],[134.229921,33.58816],[134.229989,33.589005]]]},"properties":{"S_NAME":"大字船津","HCODE":8101}},{"type":"Feature","geometry":{"type":"Polygon","coordinates":[[[134.253342,33.571874],[134.252592,33.572109],[134.251436,33.572572],[134.250146,33.573409],[134.249306,33.57403],[134.248621,33.574754],[134.248019,33.57529],[134.247836,33.575381],[134.247613,33.575402],[134.247336,33.575339],[134.246421,33.575184],[134.246145,33.575173],[134.245869,33.575226],[134.245632,33.575375],[134.245449,33.575531],[134.24513,33.575931],[134.244855,33.576074],[134.244417,33.576121],[134.243972,33.576098],[134.243302,33.575954],[134.242247,33.575608],[134.240808,33.575186],[134.239316,33.574989],[134.237879,33.574825],[134.236533,33.574582],[134.235211,33.574462],[134.234471,33.574433],[134.233038,33.573763],[134.231779,33.5733],[134.231853,33.57301],[134.23185,33.572657],[134.231834,33.572314],[134.231775,33.57181],[134.23156,33.571337],[134.231337,33.570943],[134.231043,33.570623],[134.230745,33.570385],[134.230392,33.570073],[134.22994,33.569666],[134.229693,33.569413],[134.229555,33.569025],[134.22948,33.56822],[134.229359,33.567825],[134.229207,33.567349],[134.229128,33.567017],[134.229077,33.566534],[134.228939,33.565655],[134.228565,33.564883],[134.227807,33.564139],[134.227118,33.563655],[134.226233,33.56302],[134.22635,33.563005],[134.22646,33.562991],[134.226567,33.562971],[134.226733,33.562922],[134.226812,33.562884],[134.226933,33.562793],[134.227054,33.562688],[134.227151,33.562613],[134.227228,33.562549],[134.227298,33.562498],[134.227369,33.562444],[134.227442,33.562381],[134.22752,33.562311],[134.227601,33.56223],[134.227684,33.56214],[134.227764,33.562045],[134.2278,33.561994],[134.227866,33.561892],[134.227928,33.561786],[134.227985,33.561678],[134.228046,33.561575],[134.228115,33.561481],[134.228193,33.561399],[134.228232,33.561364],[134.228306,33.561306],[134.228342,33.561283],[134.228412,33.561244],[134.228488,33.561204],[134.228571,33.561163],[134.228654,33.561127],[134.22873,33.561097],[134.228765,33.56108],[134.2288,33.561058],[134.228833,33.56103],[134.228864,33.560993],[134.228892,33.560948],[134.228914,33.5609],[134.228944,33.560821],[134.228958,33.560776],[134.228978,33.560687],[134.228989,33.56058],[134.229002,33.560464],[134.229028,33.560341],[134.229045,33.560251],[134.229057,33.560178],[134.229068,33.560099],[134.229075,33.56002],[134.229072,33.559943],[134.229061,33.559865],[134.229044,33.559788],[134.229021,33.559709],[134.228993,33.559633],[134.228973,33.559582],[134.228955,33.55953],[134.228939,33.559462],[134.228933,33.55942],[134.228933,33.559377],[134.228938,33.559336],[134.228948,33.559295],[134.228964,33.559254],[134.228984,33.559216],[134.229033,33.55914],[134.229091,33.559055],[134.22915,33.558958],[134.229208,33.558861],[134.229281,33.558735],[134.229349,33.558608],[134.229379,33.558544],[134.229414,33.558457],[134.229446,33.558368],[134.229486,33.558258],[134.229512,33.558194],[134.229544,33.558133],[134.229582,33.558076],[134.22963,33.558026],[134.229663,33.557999],[134.22974,33.557953],[134.229828,33.557917],[134.229916,33.557885],[134.229958,33.557867],[134.229997,33.557847],[134.23003,33.557824],[134.230057,33.557794],[134.230078,33.55776],[134.230112,33.557684],[134.230142,33.557605],[134.23016,33.557566],[134.230182,33.557529],[134.230207,33.557496],[134.230238,33.557468],[134.230267,33.557449],[134.2303,33.557433],[134.230372,33.557407],[134.230456,33.557382],[134.230544,33.557352],[134.230584,33.557333],[134.230621,33.557312],[134.230664,33.557275],[134.2307,33.557234],[134.230731,33.557187],[134.230785,33.557089],[134.230821,33.557016],[134.230857,33.556947],[134.230897,33.556875],[134.23094,33.556802],[134.230982,33.556726],[134.23102,33.556655],[134.231042,33.55662],[134.231066,33.556589],[134.231096,33.556564],[134.231127,33.556544],[134.231203,33.556517],[134.231286,33.556497],[134.231402,33.556468],[134.231457,33.55645],[134.231508,33.556427],[134.231554,33.5564],[134.231607,33.556349],[134.231651,33.556288],[134.23167,33.556258],[134.231709,33.556179],[134.23175,33.556103],[134.231803,33.556028],[134.231872,33.555956],[134.231949,33.55589],[134.232024,33.555829],[134.232043,33.555815],[134.232103,33.555774],[134.232146,33.555748],[134.232201,33.55572],[134.232317,33.555671],[134.232402,33.55564],[134.232438,33.555628],[134.232588,33.555582],[134.23274,33.555539],[134.232899,33.555491],[134.233065,33.555439],[134.233233,33.555387],[134.233391,33.555343],[134.23347,33.555322],[134.233631,33.555285],[134.233781,33.555257],[134.233931,33.555234],[134.234073,33.555214],[134.2342,33.555193],[134.234263,33.555178],[134.234323,33.555159],[134.23438,33.555135],[134.234435,33.555106],[134.234543,33.555041],[134.234667,33.554965],[134.23474,33.554924],[134.234889,33.554849],[134.235045,33.554782],[134.235206,33.554715],[134.235285,33.55468],[134.235362,33.554641],[134.235419,33.554609],[134.23553,33.554539],[134.235642,33.554469],[134.235747,33.55441],[134.235856,33.554357],[134.235913,33.554334],[134.236073,33.554279],[134.236237,33.554233],[134.236396,33.554192],[134.236546,33.554151],[134.236694,33.554105],[134.236853,33.554043],[134.236929,33.554008],[134.237004,33.553968],[134.237076,33.553925],[134.237138,33.553882],[134.237198,33.553836],[134.237253,33.553786],[134.237306,33.553733],[134.237353,33.553678],[134.237391,33.553624],[134.237426,33.553568],[134.237458,33.553511],[134.237514,33.553393],[134.237556,33.553282],[134.237588,33.553168],[134.2376,33.553109],[134.237606,33.553049],[134.237607,33.552986],[134.237603,33.552925],[134.237595,33.552864],[134.237583,33.552803],[134.237553,33.552707],[134.237517,33.552613],[134.237488,33.552532],[134.237464,33.552463],[134.237438,33.552393],[134.237416,33.552336],[134.237408,33.552307],[134.237404,33.552278],[134.23741,33.552237],[134.237424,33.552208],[134.237442,33.552179],[134.23746,33.552152],[134.237481,33.55213],[134.237494,33.552121],[134.23752,33.552112],[134.237551,33.55211],[134.237585,33.552115],[134.237654,33.552131],[134.237764,33.552168],[134.237863,33.552207],[134.237911,33.552228],[134.237975,33.552261],[134.2381,33.552334],[134.238222,33.552416],[134.238387,33.552545],[134.238545,33.552681],[134.238697,33.55281],[134.238844,33.552935],[134.238994,33.553058],[134.239143,33.553181],[134.239219,33.553241],[134.239299,33.553299],[134.239445,33.553397],[134.239583,33.553474],[134.239655,33.553509],[134.239792,33.553563],[134.239922,33.553604],[134.240055,33.55364],[134.240386,33.553743],[134.240429,33.553759],[134.240464,33.553778],[134.240521,33.553826],[134.2406,33.553911],[134.240641,33.55396],[134.240681,33.554015],[134.24076,33.554135],[134.240827,33.554258],[134.240855,33.554318],[134.240899,33.554434],[134.240934,33.554557],[134.240966,33.554697],[134.240994,33.554843],[134.241016,33.554983],[134.241032,33.555115],[134.241044,33.555243],[134.241051,33.555373],[134.241057,33.555501],[134.241059,33.555618],[134.241056,33.555728],[134.241055,33.555762],[134.241049,33.555841],[134.241033,33.555965],[134.241027,33.556025],[134.241025,33.556081],[134.241029,33.556131],[134.241039,33.556169],[134.241056,33.5562],[134.241081,33.556223],[134.24111,33.556241],[134.241145,33.556256],[134.241183,33.556268],[134.241225,33.556276],[134.241271,33.556281],[134.241321,33.55628],[134.241376,33.556274],[134.241433,33.556261],[134.241554,33.556221],[134.241675,33.556176],[134.241785,33.556133],[134.241888,33.5561],[134.24199,33.556075],[134.242042,33.556065],[134.242094,33.556059],[134.242149,33.556056],[134.242262,33.556059],[134.242381,33.556075],[134.242505,33.556093],[134.242629,33.556106],[134.242754,33.556116],[134.242879,33.556123],[134.242998,33.556127],[134.243054,33.556124],[134.243105,33.556118],[134.24315,33.556106],[134.243191,33.556091],[134.243231,33.556071],[134.243312,33.556021],[134.243402,33.55596],[134.243491,33.555895],[134.24353,33.555865],[134.243592,33.555811],[134.243622,33.555789],[134.243653,33.555771],[134.243691,33.555758],[134.243735,33.555749],[134.243806,33.555747],[134.243892,33.555747],[134.243992,33.555747],[134.24408,33.555747],[134.244164,33.555745],[134.244182,33.555743],[134.244247,33.555736],[134.244288,33.555729],[134.244326,33.555719],[134.244359,33.555705],[134.244386,33.555689],[134.244408,33.555669],[134.244446,33.555622],[134.24448,33.555574],[134.244518,33.555526],[134.244565,33.555472],[134.244622,33.555413],[134.244656,33.555382],[134.244693,33.555353],[134.244737,33.555326],[134.244784,33.555302],[134.244892,33.55526],[134.245001,33.555219],[134.245053,33.555197],[134.245156,33.555144],[134.245266,33.555082],[134.24539,33.55501],[134.245522,33.55493],[134.245648,33.554843],[134.24576,33.554759],[134.245851,33.554692],[134.245918,33.55465],[134.245945,33.554633],[134.245967,33.554616],[134.245989,33.554594],[134.246007,33.554568],[134.24604,33.554499],[134.246068,33.55442],[134.246093,33.554341],[134.246109,33.554305],[134.24613,33.554272],[134.246158,33.554245],[134.246192,33.554225],[134.246234,33.55421],[134.246278,33.5542],[134.246322,33.554196],[134.246366,33.554196],[134.246403,33.554201],[134.246438,33.554209],[134.246504,33.554236],[134.246577,33.554272],[134.246617,33.554291],[134.24666,33.554307],[134.246704,33.554317],[134.246748,33.554319],[134.246791,33.554313],[134.246837,33.554297],[134.246951,33.554249],[134.247024,33.554221],[134.24711,33.554193],[134.247306,33.554136],[134.247324,33.554132],[134.247495,33.554083],[134.247574,33.554059],[134.247702,33.554011],[134.247817,33.553965],[134.247935,33.553917],[134.248051,33.55387],[134.248153,33.553827],[134.248242,33.553792],[134.248287,33.553779],[134.248335,33.553769],[134.248435,33.55376],[134.248483,33.553756],[134.248523,33.553749],[134.24854,33.553743],[134.248554,33.553738],[134.248571,33.553721],[134.248577,33.553698],[134.248576,33.553668],[134.248565,33.553593],[134.248557,33.553503],[134.248553,33.553403],[134.248546,33.553301],[134.248542,33.553253],[134.248544,33.553205],[134.248552,33.55316],[134.248571,33.55312],[134.248601,33.553084],[134.248642,33.553053],[134.248687,33.553026],[134.248778,33.552983],[134.248849,33.552953],[134.248881,33.552936],[134.248913,33.552915],[134.248951,33.552886],[134.249038,33.552805],[134.249134,33.552713],[134.249219,33.552638],[134.249255,33.552612],[134.249288,33.552592],[134.24932,33.552581],[134.249352,33.552574],[134.249382,33.552575],[134.249414,33.552582],[134.249447,33.552596],[134.249482,33.552617],[134.249521,33.552644],[134.249607,33.552721],[134.249706,33.552816],[134.249813,33.552916],[134.249924,33.553011],[134.250024,33.553096],[134.250104,33.553166],[134.250179,33.553224],[134.250266,33.553276],[134.250315,33.553298],[134.250369,33.553317],[134.250424,33.55333],[134.250483,33.553335],[134.25054,33.553333],[134.250598,33.553323],[134.250655,33.553307],[134.25071,33.553287],[134.250818,33.55324],[134.250921,33.553189],[134.25103,33.553132],[134.251149,33.553072],[134.251276,33.55301],[134.251405,33.552951],[134.251534,33.552901],[134.251599,33.552879],[134.251664,33.552861],[134.251729,33.552847],[134.251793,33.552838],[134.251858,33.552832],[134.25192,33.552833],[134.251983,33.552839],[134.252042,33.552852],[134.252098,33.552871],[134.252151,33.552892],[134.252243,33.552937],[134.252314,33.552976],[134.252385,33.553007],[134.252475,33.553032],[134.252597,33.553051],[134.252751,33.553064],[134.252931,33.553075],[134.253125,33.553082],[134.253313,33.553091],[134.253482,33.553099],[134.253619,33.553103],[134.253671,33.553104],[134.253763,33.553098],[134.253864,33.553085],[134.253998,33.553066],[134.254145,33.553053],[134.254212,33.553053],[134.254269,33.55306],[134.254322,33.553072],[134.25437,33.553088],[134.254475,33.553128],[134.254604,33.553173],[134.254749,33.553222],[134.254896,33.553273],[134.255039,33.553323],[134.255108,33.553342],[134.255176,33.553355],[134.255242,33.553363],[134.255384,33.553364],[134.255565,33.553365],[134.255799,33.553383],[134.256055,33.553407],[134.256291,33.553427],[134.25644,33.553429],[134.256614,33.553413],[134.256962,33.553348],[134.25707,33.553339],[134.257236,33.553337],[134.25741,33.553354],[134.257573,33.553374],[134.257739,33.55339],[134.257916,33.553405],[134.258106,33.553424],[134.258294,33.553447],[134.258382,33.553461],[134.258458,33.553476],[134.258522,33.553491],[134.258576,33.553509],[134.258623,33.55353],[134.258669,33.553553],[134.258764,33.553613],[134.258876,33.553684],[134.258935,33.553719],[134.258999,33.553752],[134.259131,33.553805],[134.259266,33.553852],[134.2594,33.553905],[134.259533,33.55397],[134.259668,33.554048],[134.259809,33.554136],[134.259955,33.554232],[134.260104,33.554331],[134.260251,33.554429],[134.260391,33.554527],[134.26052,33.554622],[134.260648,33.554725],[134.260782,33.554842],[134.260921,33.554974],[134.260988,33.555042],[134.26105,33.555112],[134.261105,33.555181],[134.261209,33.555324],[134.261322,33.555487],[134.26143,33.555637],[134.261457,33.555675],[134.261591,33.555868],[134.261647,33.555957],[134.261689,33.556036],[134.261722,33.556106],[134.261769,33.556226],[134.261791,33.556278],[134.261815,33.556326],[134.261871,33.556414],[134.261934,33.556492],[134.261998,33.556564],[134.262072,33.55664],[134.26216,33.55673],[134.262211,33.556777],[134.262263,33.556819],[134.262306,33.556843],[134.262317,33.556849],[134.262372,33.556865],[134.259686,33.562945],[134.260073,33.563903],[134.260384,33.56478],[134.260658,33.565979],[134.260698,33.567137],[134.260709,33.568388],[134.260419,33.56986],[134.259731,33.570165],[134.258943,33.570484],[134.257633,33.570794],[134.255962,33.57119],[134.254499,33.571565],[134.253342,33.571874]]]},"properties":{"S_NAME":"大字塩深","HCODE":8101}}]}