{"type":"FeatureCollection","features":[{"type":"Feature","geometry":{"type":"Polygon","coordinates":[[[134.063029,34.037832],[134.063336,34.03879],[134.064164,34.041478],[134.064216,34.041781],[134.063242,34.04188],[134.062303,34.0419],[134.061821,34.040396],[134.060481,34.040607],[134.060443,34.040411],[134.060466,34.040079],[134.060645,34.038922],[134.060596,34.038808],[134.060625,34.038685],[134.060762,34.038376],[134.06081,34.03821],[134.060815,34.038063],[134.060779,34.037943],[134.062396,34.037558],[134.062903,34.037461],[134.063029,34.037832]]]},"properties":{"S_NAME":"貞光字宮下","HCODE":8101}},{"type":"Feature","geometry":{"type":"Polygon","coordinates":[[[134.060481,34.040607],[134.057464,34.041053],[134.057805,34.042457],[134.058313,34.042639],[134.058639,34.04276],[134.059932,34.043006],[134.060399,34.043078],[134.060552,34.043069],[134.060709,34.043064],[134.061064,34.043107],[134.061118,34.043443],[134.06115,34.043574],[134.061192,34.043774],[134.061176,34.044007],[134.061185,34.04452],[134.061201,34.044951],[134.061136,34.045484],[134.061115,34.046103],[134.05885,34.045654],[134.057583,34.045342],[134.057108,34.045281],[134.055002,34.044833],[134.053619,34.044596],[134.051212,34.044144],[134.051317,34.043774],[134.051412,34.043472],[134.051433,34.043403],[134.051516,34.043015],[134.051516,34.042379],[134.05169,34.042325],[134.05222,34.042171],[134.052411,34.042088],[134.052529,34.041994],[134.052602,34.041887],[134.054682,34.041092],[134.057247,34.040186],[134.057078,34.039562],[134.059022,34.038675],[134.059733,34.038323],[134.060779,34.037943],[134.060815,34.038063],[134.06081,34.03821],[134.060762,34.038376],[134.060625,34.038685],[134.060596,34.038808],[134.060645,34.038922],[134.060466,34.040079],[134.060443,34.040411],[134.060481,34.040607]]]},"properties":{"S_NAME":"貞光字馬出","HCODE":8101}},{"type":"Feature","geometry":{"type":"Polygon","coordinates":[[[134.060779,34.037943],[134.059733,34.038323],[134.059678,34.038244],[134.059582,34.03804],[134.059557,34.037955],[134.059524,34.037859],[134.059483,34.037767],[134.059439,34.037681],[134.059384,34.037576],[134.0599,34.037537],[134.060007,34.037544],[134.060124,34.037548],[134.06044,34.037563],[134.060726,34.037569],[134.06073,34.037483],[134.06076,34.037223],[134.060788,34.037105],[134.060837,34.036982],[134.060879,34.03689],[134.060942,34.036774],[134.060982,34.036651],[134.061048,34.036373],[134.061273,34.03558],[134.06128,34.035533],[134.061357,34.035316],[134.061456,34.035008],[134.061461,34.034993],[134.061379,34.03494],[134.061249,34.034874],[134.061196,34.034859],[134.061309,34.03446],[134.06132,34.03443],[134.061394,34.03437],[134.061457,34.03429],[134.061489,34.034206],[134.061502,34.034121],[134.061477,34.034096],[134.061442,34.034078],[134.061382,34.034051],[134.061138,34.033987],[134.061068,34.03397],[134.061042,34.033953],[134.061036,34.033891],[134.061027,34.033651],[134.061071,34.03311],[134.061109,34.03282],[134.061114,34.032583],[134.061102,34.032508],[134.06109,34.032438],[134.061268,34.032374],[134.061379,34.032335],[134.061504,34.032293],[134.06163,34.032279],[134.061703,34.032306],[134.061758,34.032346],[134.061838,34.032417],[134.061927,34.032466],[134.061919,34.032536],[134.061917,34.032605],[134.061937,34.032675],[134.061981,34.032767],[134.062013,34.032846],[134.062075,34.032976],[134.062099,34.033126],[134.062154,34.033345],[134.061932,34.033423],[134.061891,34.033464],[134.06186,34.033529],[134.061795,34.033725],[134.061712,34.033915],[134.061684,34.033988],[134.061661,34.034099],[134.061669,34.03423],[134.061666,34.034304],[134.061672,34.034437],[134.061659,34.034507],[134.061809,34.034544],[134.061933,34.034562],[134.062049,34.034579],[134.062261,34.034582],[134.062252,34.03505],[134.062277,34.035066],[134.062291,34.035405],[134.062293,34.035814],[134.062201,34.035819],[134.062199,34.036203],[134.062209,34.03629],[134.06222,34.036362],[134.062271,34.03654],[134.062286,34.036646],[134.062304,34.03681],[134.062328,34.037153],[134.062396,34.037558],[134.060779,34.037943]]]},"properties":{"S_NAME":"貞光字西浦","HCODE":8101}},{"type":"Feature","geometry":{"type":"Polygon","coordinates":[[[134.063829,34.037472],[134.063815,34.037489],[134.063651,34.037713],[134.063631,34.037741],[134.063604,34.037745],[134.063029,34.037832],[134.062903,34.037461],[134.062396,34.037558],[134.062328,34.037153],[134.062304,34.03681],[134.062286,34.036646],[134.062271,34.03654],[134.06222,34.036362],[134.062209,34.03629],[134.062199,34.036203],[134.062201,34.035819],[134.062293,34.035814],[134.062291,34.035405],[134.062277,34.035066],[134.062252,34.03505],[134.062261,34.034582],[134.062049,34.034579],[134.061933,34.034562],[134.061809,34.034544],[134.061659,34.034507],[134.061672,34.034437],[134.061666,34.034304],[134.061669,34.03423],[134.061661,34.034099],[134.061684,34.033988],[134.061712,34.033915],[134.061795,34.033725],[134.06186,34.033529],[134.061891,34.033464],[134.061932,34.033423],[134.062154,34.033345],[134.062099,34.033126],[134.062075,34.032976],[134.062013,34.032846],[134.061981,34.032767],[134.061937,34.032675],[134.061917,34.032605],[134.061919,34.032536],[134.061927,34.032466],[134.062051,34.032501],[134.062101,34.032503],[134.062158,34.032474],[134.062506,34.031869],[134.062578,34.031891],[134.062605,34.031963],[134.062631,34.031996],[134.062678,34.032008],[134.062776,34.032025],[134.063198,34.031999],[134.063267,34.032713],[134.06327,34.03281],[134.063249,34.033128],[134.063313,34.03314],[134.063553,34.033236],[134.063409,34.033386],[134.063352,34.033485],[134.063312,34.033577],[134.063292,34.0337],[134.063307,34.033772],[134.063328,34.033815],[134.06338,34.033827],[134.063715,34.033838],[134.063724,34.033848],[134.063722,34.033857],[134.063624,34.033938],[134.063535,34.034029],[134.063503,34.034088],[134.063496,34.034124],[134.063118,34.034304],[134.063058,34.034326],[134.062965,34.034345],[134.062844,34.034348],[134.062843,34.034535],[134.062794,34.035412],[134.062798,34.03552],[134.063346,34.035531],[134.063594,34.035534],[134.063918,34.035547],[134.06422,34.035565],[134.064223,34.035668],[134.064029,34.035693],[134.064035,34.036093],[134.063595,34.036083],[134.063623,34.036367],[134.063645,34.036759],[134.063744,34.037264],[134.063758,34.037411],[134.063844,34.037452],[134.063829,34.037472]]]},"properties":{"S_NAME":"貞光字町","HCODE":8101}},{"type":"Feature","geometry":{"type":"Polygon","coordinates":[[[134.066201,34.036856],[134.066232,34.036911],[134.066244,34.036934],[134.066337,34.037117],[134.066848,34.038091],[134.066747,34.038101],[134.066687,34.038097],[134.066592,34.038091],[134.066309,34.038055],[134.066071,34.03801],[134.065986,34.037993],[134.065965,34.037989],[134.065875,34.037971],[134.065313,34.037853],[134.065092,34.037799],[134.064885,34.037777],[134.064686,34.037774],[134.064296,34.037769],[134.064171,34.037782],[134.063902,34.037538],[134.063829,34.037472],[134.063844,34.037452],[134.063758,34.037411],[134.063744,34.037264],[134.063645,34.036759],[134.063623,34.036367],[134.063595,34.036083],[134.064035,34.036093],[134.064029,34.035693],[134.064223,34.035668],[134.06422,34.035565],[134.063918,34.035547],[134.063594,34.035534],[134.063346,34.035531],[134.062798,34.03552],[134.062794,34.035412],[134.062843,34.034535],[134.062844,34.034348],[134.062965,34.034345],[134.063058,34.034326],[134.063118,34.034304],[134.063496,34.034124],[134.063503,34.034088],[134.063535,34.034029],[134.063624,34.033938],[134.063722,34.033857],[134.063724,34.033848],[134.063715,34.033838],[134.06338,34.033827],[134.063328,34.033815],[134.063307,34.033772],[134.063292,34.0337],[134.063312,34.033577],[134.063352,34.033485],[134.063409,34.033386],[134.063553,34.033236],[134.063313,34.03314],[134.063249,34.033128],[134.06327,34.03281],[134.063267,34.032713],[134.063198,34.031999],[134.063256,34.031984],[134.063282,34.031953],[134.06329,34.031907],[134.063274,34.031818],[134.063183,34.031512],[134.063224,34.031481],[134.063264,34.03144],[134.063302,34.031383],[134.063323,34.031327],[134.063688,34.031288],[134.063846,34.031255],[134.063892,34.031231],[134.063939,34.03131],[134.064194,34.031274],[134.064147,34.030861],[134.064503,34.030801],[134.064539,34.030981],[134.064572,34.031123],[134.064622,34.031269],[134.064702,34.031495],[134.064749,34.031636],[134.06479,34.031762],[134.064842,34.031908],[134.0649,34.032094],[134.064969,34.032291],[134.065041,34.032545],[134.065086,34.032731],[134.065111,34.032895],[134.065155,34.033082],[134.065172,34.033226],[134.065212,34.033428],[134.065251,34.033673],[134.065284,34.033882],[134.065315,34.034032],[134.065359,34.034198],[134.065398,34.034353],[134.065432,34.034542],[134.06549,34.034823],[134.065546,34.035034],[134.065626,34.035357],[134.065656,34.035459],[134.065673,34.035518],[134.065772,34.035772],[134.065916,34.036158],[134.065954,34.036279],[134.065977,34.036353],[134.066059,34.036566],[134.066122,34.036693],[134.066186,34.03683],[134.066201,34.036856]]]},"properties":{"S_NAME":"貞光字東浦","HCODE":8101}},{"type":"Feature","geometry":{"type":"Polygon","coordinates":[[[134.059384,34.037576],[134.059214,34.037203],[134.059215,34.037091],[134.05924,34.036944],[134.059288,34.036792],[134.059345,34.036669],[134.059336,34.036628],[134.059304,34.0366],[134.059216,34.036529],[134.059188,34.036485],[134.059169,34.036431],[134.059147,34.03635],[134.059084,34.036244],[134.059023,34.036187],[134.058948,34.036105],[134.058883,34.035993],[134.058864,34.035913],[134.058869,34.035803],[134.058931,34.035639],[134.058982,34.035568],[134.05906,34.035493],[134.059161,34.035437],[134.059308,34.035333],[134.059452,34.035226],[134.059845,34.035038],[134.059969,34.034967],[134.060116,34.034832],[134.060246,34.034723],[134.060274,34.034679],[134.060289,34.034638],[134.060265,34.034537],[134.060141,34.034172],[134.060061,34.0339],[134.060055,34.03384],[134.060075,34.033796],[134.0601,34.03377],[134.060158,34.033743],[134.060219,34.03369],[134.060247,34.033675],[134.060274,34.033716],[134.060329,34.033781],[134.060376,34.033879],[134.060442,34.034175],[134.060491,34.03425],[134.060555,34.03429],[134.060796,34.034371],[134.061031,34.034425],[134.061309,34.03446],[134.061196,34.034859],[134.061249,34.034874],[134.061379,34.03494],[134.061461,34.034993],[134.061456,34.035008],[134.061357,34.035316],[134.06128,34.035533],[134.061273,34.03558],[134.061048,34.036373],[134.060982,34.036651],[134.060942,34.036774],[134.060879,34.03689],[134.060837,34.036982],[134.060788,34.037105],[134.06076,34.037223],[134.06073,34.037483],[134.060726,34.037569],[134.06044,34.037563],[134.060124,34.037548],[134.060007,34.037544],[134.0599,34.037537],[134.059384,34.037576]]]},"properties":{"S_NAME":"貞光字野口","HCODE":8101}},{"type":"Feature","geometry":{"type":"Polygon","coordinates":[[[134.056231,34.033298],[134.055848,34.03316],[134.055436,34.032971],[134.055115,34.032826],[134.054758,34.03271],[134.054181,34.032636],[134.053718,34.032608],[134.053257,34.032637],[134.052892,34.032652],[134.052437,34.032664],[134.051932,34.032688],[134.051458,34.032728],[134.050928,34.032825],[134.050521,34.032925],[134.049881,34.033015],[134.049473,34.033085],[134.048884,34.033254],[134.048388,34.033445],[134.047953,34.033651],[134.047807,34.03372],[134.04747,34.033874],[134.0469,34.03427],[134.046841,34.03432],[134.046358,34.034597],[134.046118,34.034766],[134.04602,34.034847],[134.045942,34.034756],[134.045831,34.034608],[134.045772,34.034492],[134.045728,34.03374],[134.045714,34.033233],[134.045704,34.033192],[134.045639,34.032937],[134.04552,34.032798],[134.045451,34.032619],[134.045396,34.032327],[134.045236,34.031891],[134.045156,34.031647],[134.045131,34.031524],[134.045141,34.031415],[134.045181,34.031358],[134.045214,34.03131],[134.045402,34.031187],[134.046132,34.030904],[134.046467,34.030763],[134.046572,34.030688],[134.046581,34.030579],[134.046534,34.030077],[134.046593,34.029584],[134.04673,34.028845],[134.046777,34.028705],[134.046891,34.028613],[134.047048,34.028547],[134.048078,34.028328],[134.048387,34.028279],[134.048612,34.028225],[134.048733,34.028177],[134.048848,34.028085],[134.049241,34.02807],[134.049514,34.028034],[134.049718,34.027959],[134.050042,34.027774],[134.050539,34.027522],[134.051164,34.027206],[134.05132,34.027065],[134.05145,34.026894],[134.051449,34.02683],[134.05148,34.026832],[134.0516,34.026842],[134.051738,34.026866],[134.051859,34.026855],[134.051965,34.026799],[134.052452,34.026568],[134.053235,34.026172],[134.053524,34.026125],[134.05378,34.026145],[134.054042,34.026246],[134.054141,34.026327],[134.05423,34.026429],[134.054465,34.026861],[134.054594,34.02694],[134.054856,34.026993],[134.055178,34.027007],[134.055546,34.026954],[134.055799,34.026906],[134.055912,34.026873],[134.05633,34.026805],[134.056782,34.026764],[134.056955,34.0268],[134.057182,34.026881],[134.057812,34.027101],[134.058087,34.027214],[134.058382,34.027335],[134.05934,34.027778],[134.060061,34.028219],[134.060454,34.028476],[134.060873,34.028721],[134.061339,34.028259],[134.061417,34.028124],[134.06146,34.027935],[134.061507,34.02751],[134.061576,34.027624],[134.061609,34.027699],[134.061642,34.027865],[134.061633,34.028465],[134.061662,34.02907],[134.061707,34.029115],[134.061751,34.02914],[134.061849,34.029102],[134.061957,34.029008],[134.062118,34.028847],[134.062182,34.028814],[134.062231,34.028822],[134.062266,34.028863],[134.062271,34.028961],[134.062265,34.029184],[134.062241,34.029229],[134.062143,34.029283],[134.06205,34.029329],[134.062021,34.02937],[134.062001,34.029443],[134.062012,34.029583],[134.062088,34.029934],[134.062162,34.029967],[134.062207,34.030003],[134.062346,34.030211],[134.062346,34.030281],[134.062303,34.030379],[134.062216,34.030646],[134.062128,34.030728],[134.062074,34.030782],[134.062079,34.030818],[134.062139,34.030867],[134.062248,34.031018],[134.062278,34.031104],[134.062259,34.031166],[134.062151,34.031297],[134.062052,34.031462],[134.062142,34.031584],[134.062245,34.031757],[134.062288,34.031808],[134.062335,34.031832],[134.062506,34.031869],[134.062158,34.032474],[134.062101,34.032503],[134.062051,34.032501],[134.061927,34.032466],[134.061838,34.032417],[134.061758,34.032346],[134.061703,34.032306],[134.06163,34.032279],[134.061504,34.032293],[134.061379,34.032335],[134.061268,34.032374],[134.06109,34.032438],[134.061102,34.032508],[134.061002,34.032513],[134.060967,34.032485],[134.060954,34.032425],[134.061007,34.032208],[134.060993,34.032152],[134.06096,34.032104],[134.060874,34.032025],[134.06056,34.031832],[134.060432,34.031748],[134.060346,34.031669],[134.060292,34.031563],[134.060264,34.031496],[134.060238,34.031396],[134.060213,34.031195],[134.059727,34.030998],[134.059507,34.030904],[134.059468,34.030904],[134.059385,34.030958],[134.059237,34.030995],[134.058982,34.031021],[134.058825,34.031034],[134.058394,34.031203],[134.058084,34.03144],[134.057485,34.031956],[134.057219,34.03226],[134.056845,34.032614],[134.056231,34.033298]]]},"properties":{"S_NAME":"貞光字大坊","HCODE":8101}},{"type":"Feature","geometry":{"type":"Polygon","coordinates":[[[134.064503,34.030801],[134.064147,34.030861],[134.064194,34.031274],[134.063939,34.03131],[134.063892,34.031231],[134.063846,34.031255],[134.063688,34.031288],[134.063323,34.031327],[134.063302,34.031383],[134.063264,34.03144],[134.063224,34.031481],[134.063183,34.031512],[134.063274,34.031818],[134.06329,34.031907],[134.063282,34.031953],[134.063256,34.031984],[134.063198,34.031999],[134.062776,34.032025],[134.062678,34.032008],[134.062631,34.031996],[134.062605,34.031963],[134.062578,34.031891],[134.062506,34.031869],[134.062335,34.031832],[134.062288,34.031808],[134.062245,34.031757],[134.062142,34.031584],[134.062052,34.031462],[134.062151,34.031297],[134.062259,34.031166],[134.062278,34.031104],[134.062248,34.031018],[134.062139,34.030867],[134.062079,34.030818],[134.062074,34.030782],[134.062128,34.030728],[134.062216,34.030646],[134.062303,34.030379],[134.062346,34.030281],[134.062346,34.030211],[134.062207,34.030003],[134.062162,34.029967],[134.062088,34.029934],[134.062012,34.029583],[134.062001,34.029443],[134.062021,34.02937],[134.06205,34.029329],[134.062143,34.029283],[134.062241,34.029229],[134.062265,34.029184],[134.062271,34.028961],[134.062266,34.028863],[134.062231,34.028822],[134.062182,34.028814],[134.062118,34.028847],[134.061957,34.029008],[134.061849,34.029102],[134.061751,34.02914],[134.061707,34.029115],[134.061662,34.02907],[134.061633,34.028465],[134.061642,34.027865],[134.061609,34.027699],[134.061576,34.027624],[134.061507,34.02751],[134.061496,34.027379],[134.061436,34.027236],[134.061222,34.026978],[134.061133,34.026874],[134.061024,34.026617],[134.060932,34.026367],[134.060932,34.026241],[134.060964,34.026164],[134.061014,34.026071],[134.061065,34.026024],[134.061152,34.026001],[134.061338,34.026031],[134.061672,34.026091],[134.061913,34.026113],[134.062223,34.026104],[134.062464,34.026084],[134.062598,34.026052],[134.062681,34.026025],[134.062754,34.025963],[134.062869,34.025808],[134.062891,34.025762],[134.06292,34.025704],[134.062974,34.025549],[134.063058,34.024959],[134.063077,34.024858],[134.063154,34.024452],[134.063245,34.024182],[134.0633,34.024051],[134.063474,34.023788],[134.063703,34.023463],[134.063729,34.023426],[134.063979,34.023216],[134.064005,34.023194],[134.064493,34.022833],[134.06459,34.022759],[134.064762,34.02267],[134.064905,34.022625],[134.065392,34.022602],[134.065622,34.022527],[134.065626,34.022544],[134.065659,34.022692],[134.065694,34.022909],[134.065692,34.023202],[134.065674,34.023538],[134.065685,34.023854],[134.065714,34.024154],[134.065691,34.024376],[134.065603,34.024563],[134.065405,34.02477],[134.065193,34.024955],[134.065007,34.025099],[134.064844,34.025211],[134.064687,34.025428],[134.064554,34.025708],[134.064457,34.02595],[134.064333,34.02627],[134.064238,34.026569],[134.064162,34.026844],[134.064101,34.027113],[134.064098,34.027406],[134.064163,34.027763],[134.064206,34.028181],[134.064306,34.029517],[134.064307,34.029702],[134.064382,34.030222],[134.064503,34.030801]]]},"properties":{"S_NAME":"貞光字前田","HCODE":8101}},{"type":"Feature","geometry":{"type":"Polygon","coordinates":[[[134.060061,34.0339],[134.060141,34.034172],[134.060265,34.034537],[134.060289,34.034638],[134.060274,34.034679],[134.060246,34.034723],[134.060116,34.034832],[134.059969,34.034967],[134.059845,34.035038],[134.059452,34.035226],[134.059308,34.035333],[134.059161,34.035437],[134.05906,34.035493],[134.058982,34.035568],[134.058931,34.035639],[134.058869,34.035803],[134.058864,34.035913],[134.058883,34.035993],[134.058948,34.036105],[134.059023,34.036187],[134.059084,34.036244],[134.059147,34.03635],[134.059169,34.036431],[134.059188,34.036485],[134.059216,34.036529],[134.059304,34.0366],[134.059336,34.036628],[134.059345,34.036669],[134.059288,34.036792],[134.05924,34.036944],[134.059215,34.037091],[134.059214,34.037203],[134.059384,34.037576],[134.059439,34.037681],[134.059483,34.037767],[134.059524,34.037859],[134.059557,34.037955],[134.059582,34.03804],[134.059678,34.038244],[134.059733,34.038323],[134.059022,34.038675],[134.057078,34.039562],[134.057247,34.040186],[134.054682,34.041092],[134.052602,34.041887],[134.052529,34.041994],[134.052411,34.042088],[134.05222,34.042171],[134.05169,34.042325],[134.051516,34.042379],[134.051516,34.042315],[134.051484,34.042184],[134.051418,34.042054],[134.051383,34.041984],[134.051232,34.041705],[134.050987,34.041213],[134.050898,34.040841],[134.050863,34.040694],[134.050831,34.040559],[134.050634,34.039717],[134.050533,34.039634],[134.050281,34.039526],[134.05012,34.039379],[134.049976,34.03906],[134.049838,34.038786],[134.049553,34.038486],[134.049185,34.03813],[134.048847,34.037647],[134.048681,34.037276],[134.04827,34.036911],[134.048112,34.036781],[134.04793,34.036721],[134.047557,34.036683],[134.047337,34.036614],[134.047068,34.036476],[134.046757,34.036171],[134.04655,34.035827],[134.046321,34.035318],[134.04618,34.035034],[134.04602,34.034847],[134.046118,34.034766],[134.046358,34.034597],[134.046841,34.03432],[134.0469,34.03427],[134.04747,34.033874],[134.047807,34.03372],[134.047953,34.033651],[134.048388,34.033445],[134.048884,34.033254],[134.049473,34.033085],[134.049881,34.033015],[134.050521,34.032925],[134.050928,34.032825],[134.051458,34.032728],[134.051932,34.032688],[134.052437,34.032664],[134.052892,34.032652],[134.053257,34.032637],[134.053718,34.032608],[134.054181,34.032636],[134.054758,34.03271],[134.055115,34.032826],[134.055436,34.032971],[134.055848,34.03316],[134.056231,34.033298],[134.056501,34.033347],[134.057169,34.03348],[134.057532,34.033502],[134.057937,34.033535],[134.058165,34.033585],[134.058303,34.033634],[134.058491,34.033747],[134.058683,34.033907],[134.058793,34.034009],[134.05888,34.034049],[134.058935,34.034064],[134.058969,34.034052],[134.05897,34.034023],[134.058954,34.033962],[134.058919,34.033819],[134.058926,34.033698],[134.058969,34.03362],[134.059013,34.033563],[134.059087,34.033546],[134.059186,34.033566],[134.059393,34.033713],[134.059598,34.033869],[134.059717,34.033913],[134.059825,34.033917],[134.060061,34.0339]]]},"properties":{"S_NAME":"貞光字西山","HCODE":8101}},{"type":"Feature","geometry":{"type":"Polygon","coordinates":[[[134.06564,34.046601],[134.065375,34.046584],[134.064327,34.046462],[134.063847,34.046496],[134.063425,34.046485],[134.061115,34.046103],[134.061136,34.045484],[134.061201,34.044951],[134.061185,34.04452],[134.061176,34.044007],[134.061192,34.043774],[134.06115,34.043574],[134.061118,34.043443],[134.061064,34.043107],[134.060709,34.043064],[134.060552,34.043069],[134.060399,34.043078],[134.059932,34.043006],[134.058639,34.04276],[134.058313,34.042639],[134.057805,34.042457],[134.057464,34.041053],[134.060481,34.040607],[134.061821,34.040396],[134.062303,34.0419],[134.063242,34.04188],[134.064216,34.041781],[134.066487,34.041639],[134.06634,34.041925],[134.066161,34.04227],[134.066012,34.042659],[134.065996,34.042703],[134.065792,34.043278],[134.065606,34.043962],[134.065567,34.044388],[134.065488,34.045023],[134.065528,34.045799],[134.06564,34.046601]]]},"properties":{"S_NAME":"貞光字大須賀","HCODE":8101}},{"type":"Feature","geometry":{"type":"Polygon","coordinates":[[[134.063829,34.037472],[134.063902,34.037538],[134.064171,34.037782],[134.064296,34.037769],[134.064686,34.037774],[134.064885,34.037777],[134.065092,34.037799],[134.065313,34.037853],[134.065875,34.037971],[134.065965,34.037989],[134.065986,34.037993],[134.066071,34.03801],[134.066309,34.038055],[134.066592,34.038091],[134.066687,34.038097],[134.066813,34.03847],[134.066954,34.038864],[134.067109,34.039273],[134.067087,34.039569],[134.067078,34.039785],[134.067034,34.039928],[134.066913,34.040407],[134.066758,34.040843],[134.066616,34.041339],[134.066487,34.041639],[134.064216,34.041781],[134.064164,34.041478],[134.063336,34.03879],[134.063029,34.037832],[134.063604,34.037745],[134.063631,34.037741],[134.063651,34.037713],[134.063815,34.037489],[134.063829,34.037472]]]},"properties":{"S_NAME":"貞光字中須賀","HCODE":8101}},{"type":"Feature","geometry":{"type":"Polygon","coordinates":[[[134.075065,34.038151],[134.07501,34.038374],[134.074947,34.038501],[134.074675,34.039039],[134.074538,34.039373],[134.074407,34.039668],[134.074251,34.039956],[134.074083,34.040189],[134.073925,34.040349],[134.073716,34.040525],[134.073511,34.040722],[134.073227,34.040984],[134.073145,34.041087],[134.07311,34.041154],[134.072907,34.041573],[134.072796,34.041816],[134.072764,34.04197],[134.072762,34.042262],[134.072794,34.042488],[134.072869,34.042753],[134.07297,34.043071],[134.073126,34.043393],[134.073327,34.04373],[134.073355,34.043806],[134.073358,34.04389],[134.073349,34.043963],[134.073306,34.044156],[134.073253,34.044431],[134.073221,34.044743],[134.073283,34.045298],[134.073329,34.045425],[134.073425,34.045531],[134.073699,34.045712],[134.074496,34.046257],[134.074833,34.046481],[134.075298,34.046633],[134.075272,34.046769],[134.07523,34.047014],[134.075072,34.047743],[134.074983,34.048178],[134.074959,34.048283],[134.074762,34.049125],[134.074637,34.04973],[134.074427,34.051162],[134.074235,34.050322],[134.073992,34.049939],[134.073012,34.048626],[134.072501,34.048183],[134.071784,34.047637],[134.071497,34.047462],[134.07096,34.047272],[134.070424,34.047144],[134.069543,34.047003],[134.069149,34.046893],[134.067742,34.046736],[134.066092,34.04663],[134.066023,34.046625],[134.06564,34.046601],[134.065528,34.045799],[134.065488,34.045023],[134.065567,34.044388],[134.065606,34.043962],[134.065792,34.043278],[134.065996,34.042703],[134.066012,34.042659],[134.066161,34.04227],[134.06634,34.041925],[134.066487,34.041639],[134.066616,34.041339],[134.066758,34.040843],[134.066913,34.040407],[134.067034,34.039928],[134.067078,34.039785],[134.067087,34.039569],[134.067109,34.039273],[134.066954,34.038864],[134.066813,34.03847],[134.066687,34.038097],[134.066747,34.038101],[134.066848,34.038091],[134.066337,34.037117],[134.066244,34.036934],[134.066232,34.036911],[134.066201,34.036856],[134.066659,34.036777],[134.067381,34.036652],[134.067527,34.036657],[134.067605,34.036677],[134.067719,34.036709],[134.067906,34.036745],[134.068073,34.036749],[134.068211,34.036695],[134.068328,34.036608],[134.068509,34.036456],[134.068631,34.036337],[134.068729,34.036287],[134.06977,34.036012],[134.069942,34.035979],[134.070542,34.03591],[134.070696,34.036082],[134.070788,34.036182],[134.070888,34.036311],[134.071091,34.036503],[134.071418,34.036753],[134.071824,34.036975],[134.072233,34.037218],[134.072647,34.037414],[134.073109,34.037573],[134.07343,34.037747],[134.073745,34.037937],[134.074046,34.038105],[134.074388,34.038218],[134.074591,34.038229],[134.074812,34.038199],[134.075065,34.038151]]]},"properties":{"S_NAME":"貞光字江ノ脇","HCODE":8101}},{"type":"Feature","geometry":{"type":"Polygon","coordinates":[[[134.070542,34.03591],[134.069942,34.035979],[134.06977,34.036012],[134.068729,34.036287],[134.068631,34.036337],[134.068509,34.036456],[134.068328,34.036608],[134.068211,34.036695],[134.068073,34.036749],[134.067906,34.036745],[134.067719,34.036709],[134.067605,34.036677],[134.067527,34.036657],[134.067381,34.036652],[134.066659,34.036777],[134.066201,34.036856],[134.066186,34.03683],[134.066122,34.036693],[134.066059,34.036566],[134.065977,34.036353],[134.065954,34.036279],[134.065916,34.036158],[134.065772,34.035772],[134.065673,34.035518],[134.065656,34.035459],[134.065626,34.035357],[134.065546,34.035034],[134.06549,34.034823],[134.065432,34.034542],[134.065398,34.034353],[134.065359,34.034198],[134.065315,34.034032],[134.065284,34.033882],[134.065251,34.033673],[134.065212,34.033428],[134.065172,34.033226],[134.065155,34.033082],[134.065111,34.032895],[134.065086,34.032731],[134.065041,34.032545],[134.064969,34.032291],[134.0649,34.032094],[134.064842,34.031908],[134.06479,34.031762],[134.064749,34.031636],[134.064702,34.031495],[134.064622,34.031269],[134.064572,34.031123],[134.064539,34.030981],[134.064503,34.030801],[134.064382,34.030222],[134.064307,34.029702],[134.064306,34.029517],[134.064944,34.029264],[134.0654,34.029049],[134.065497,34.029301],[134.065541,34.029397],[134.06561,34.029504],[134.065703,34.029617],[134.066188,34.029383],[134.066516,34.029262],[134.066883,34.029171],[134.067304,34.029089],[134.067525,34.029031],[134.067765,34.028866],[134.068019,34.028714],[134.06813,34.028638],[134.068171,34.028586],[134.068249,34.028434],[134.0683,34.028348],[134.06849,34.028195],[134.068691,34.028008],[134.068901,34.027807],[134.069161,34.027622],[134.069498,34.027391],[134.069915,34.027187],[134.070149,34.027098],[134.070527,34.026984],[134.070659,34.026944],[134.070713,34.026914],[134.070762,34.026867],[134.070826,34.026753],[134.071135,34.02733],[134.07123,34.027615],[134.07126,34.027814],[134.071222,34.028103],[134.071125,34.028611],[134.071028,34.028829],[134.07097,34.028989],[134.070951,34.029132],[134.070928,34.029365],[134.070583,34.031463],[134.070301,34.032191],[134.070035,34.032978],[134.069833,34.03377],[134.069785,34.034121],[134.069772,34.034305],[134.069796,34.034431],[134.069824,34.034518],[134.069865,34.034763],[134.070065,34.035217],[134.070542,34.03591]]]},"properties":{"S_NAME":"貞光字宮内","HCODE":8101}},{"type":"Feature","geometry":{"type":"Polygon","coordinates":[[[134.061102,34.032508],[134.061114,34.032583],[134.061109,34.03282],[134.061071,34.03311],[134.061027,34.033651],[134.061036,34.033891],[134.061042,34.033953],[134.061068,34.03397],[134.061138,34.033987],[134.061382,34.034051],[134.061442,34.034078],[134.061477,34.034096],[134.061502,34.034121],[134.061489,34.034206],[134.061457,34.03429],[134.061394,34.03437],[134.06132,34.03443],[134.061309,34.03446],[134.061031,34.034425],[134.060796,34.034371],[134.060555,34.03429],[134.060491,34.03425],[134.060442,34.034175],[134.060376,34.033879],[134.060329,34.033781],[134.060274,34.033716],[134.060247,34.033675],[134.060219,34.03369],[134.060158,34.033743],[134.0601,34.03377],[134.060075,34.033796],[134.060055,34.03384],[134.060061,34.0339],[134.059825,34.033917],[134.059717,34.033913],[134.059598,34.033869],[134.059393,34.033713],[134.059186,34.033566],[134.059087,34.033546],[134.059013,34.033563],[134.058969,34.03362],[134.058926,34.033698],[134.058919,34.033819],[134.058954,34.033962],[134.05897,34.034023],[134.058969,34.034052],[134.058935,34.034064],[134.05888,34.034049],[134.058793,34.034009],[134.058683,34.033907],[134.058491,34.033747],[134.058303,34.033634],[134.058165,34.033585],[134.057937,34.033535],[134.057532,34.033502],[134.057169,34.03348],[134.056501,34.033347],[134.056231,34.033298],[134.056845,34.032614],[134.057219,34.03226],[134.057485,34.031956],[134.058084,34.03144],[134.058394,34.031203],[134.058825,34.031034],[134.058982,34.031021],[134.059237,34.030995],[134.059385,34.030958],[134.059468,34.030904],[134.059507,34.030904],[134.059727,34.030998],[134.060213,34.031195],[134.060238,34.031396],[134.060264,34.031496],[134.060292,34.031563],[134.060346,34.031669],[134.060432,34.031748],[134.06056,34.031832],[134.060874,34.032025],[134.06096,34.032104],[134.060993,34.032152],[134.061007,34.032208],[134.060954,34.032425],[134.060967,34.032485],[134.061002,34.032513],[134.061102,34.032508]]]},"properties":{"S_NAME":"貞光字辻","HCODE":8101}},{"type":"Feature","geometry":{"type":"Polygon","coordinates":[[[134.070826,34.026753],[134.070762,34.026867],[134.070713,34.026914],[134.070659,34.026944],[134.070527,34.026984],[134.070149,34.027098],[134.069915,34.027187],[134.069498,34.027391],[134.069161,34.027622],[134.068901,34.027807],[134.068691,34.028008],[134.06849,34.028195],[134.0683,34.028348],[134.068249,34.028434],[134.068171,34.028586],[134.06813,34.028638],[134.068019,34.028714],[134.067765,34.028866],[134.067525,34.029031],[134.067304,34.029089],[134.066883,34.029171],[134.066516,34.029262],[134.066188,34.029383],[134.065703,34.029617],[134.06561,34.029504],[134.065541,34.029397],[134.065497,34.029301],[134.0654,34.029049],[134.064944,34.029264],[134.064306,34.029517],[134.064206,34.028181],[134.064163,34.027763],[134.064098,34.027406],[134.064101,34.027113],[134.064162,34.026844],[134.064238,34.026569],[134.064333,34.02627],[134.064457,34.02595],[134.064554,34.025708],[134.064687,34.025428],[134.064844,34.025211],[134.065007,34.025099],[134.065193,34.024955],[134.065405,34.02477],[134.065603,34.024563],[134.065691,34.024376],[134.065714,34.024154],[134.065685,34.023854],[134.065674,34.023538],[134.065692,34.023202],[134.065694,34.022909],[134.065659,34.022692],[134.065626,34.022544],[134.065622,34.022527],[134.065855,34.022406],[134.065908,34.022262],[134.065905,34.021824],[134.065958,34.021603],[134.066018,34.021375],[134.066081,34.021265],[134.066203,34.021129],[134.066325,34.02103],[134.066566,34.020918],[134.066727,34.020811],[134.06682,34.02077],[134.066958,34.020749],[134.067439,34.02064],[134.067527,34.020591],[134.067596,34.020521],[134.067713,34.020463],[134.068312,34.020268],[134.068513,34.020185],[134.068646,34.020111],[134.068682,34.020044],[134.069354,34.020361],[134.069561,34.020432],[134.069966,34.020534],[134.070177,34.020595],[134.07047,34.020668],[134.070588,34.020686],[134.070696,34.020786],[134.070851,34.020979],[134.070979,34.021188],[134.071059,34.021285],[134.071156,34.021362],[134.071923,34.021823],[134.072772,34.022346],[134.073335,34.022739],[134.0734,34.022795],[134.073435,34.022858],[134.073326,34.02298],[134.073201,34.023126],[134.072858,34.02349],[134.07251,34.023959],[134.0722,34.024432],[134.07216,34.024499],[134.071917,34.02486],[134.07123,34.02603],[134.070826,34.026753]]]},"properties":{"S_NAME":"貞光字岡","HCODE":8101}},{"type":"Feature","geometry":{"type":"Polygon","coordinates":[[[134.086423,34.052426],[134.086381,34.05242],[134.086287,34.053226],[134.086197,34.053859],[134.086662,34.055056],[134.087319,34.056471],[134.087038,34.056764],[134.086462,34.057302],[134.083537,34.055962],[134.07875,34.053795],[134.078446,34.053904],[134.074408,34.051995],[134.074324,34.051873],[134.07436,34.051719],[134.074432,34.051542],[134.074475,34.051407],[134.074427,34.051162],[134.074637,34.04973],[134.074762,34.049125],[134.074959,34.048283],[134.074983,34.048178],[134.075072,34.047743],[134.07523,34.047014],[134.075272,34.046769],[134.075298,34.046633],[134.074833,34.046481],[134.074496,34.046257],[134.073699,34.045712],[134.073425,34.045531],[134.073329,34.045425],[134.073283,34.045298],[134.073221,34.044743],[134.073253,34.044431],[134.073306,34.044156],[134.073349,34.043963],[134.073358,34.04389],[134.073355,34.043806],[134.073327,34.04373],[134.073126,34.043393],[134.07297,34.043071],[134.072869,34.042753],[134.072794,34.042488],[134.072762,34.042262],[134.072764,34.04197],[134.072796,34.041816],[134.072907,34.041573],[134.07311,34.041154],[134.073145,34.041087],[134.073227,34.040984],[134.073511,34.040722],[134.073716,34.040525],[134.073925,34.040349],[134.074083,34.040189],[134.074251,34.039956],[134.074407,34.039668],[134.074538,34.039373],[134.074675,34.039039],[134.074947,34.038501],[134.07501,34.038374],[134.075065,34.038151],[134.075296,34.038076],[134.075397,34.038037],[134.075529,34.037934],[134.075685,34.037806],[134.075847,34.037699],[134.075952,34.037586],[134.076035,34.037495],[134.076074,34.037385],[134.076132,34.037274],[134.076186,34.037204],[134.076313,34.037113],[134.07667,34.036776],[134.076792,34.036649],[134.076968,34.036558],[134.077179,34.036491],[134.077454,34.036416],[134.077899,34.036357],[134.078671,34.036237],[134.078975,34.036129],[134.079107,34.036063],[134.079166,34.035985],[134.079195,34.035915],[134.079243,34.035735],[134.079343,34.035679],[134.079515,34.035612],[134.079632,34.035546],[134.079755,34.03546],[134.079828,34.035369],[134.079907,34.035256],[134.079922,34.03525],[134.080259,34.035124],[134.080544,34.034993],[134.080555,34.034988],[134.08089,34.034871],[134.081302,34.03482],[134.081658,34.034831],[134.081995,34.034866],[134.082386,34.034999],[134.082728,34.035178],[134.083129,34.035379],[134.083168,34.035399],[134.083543,34.035642],[134.084143,34.036044],[134.084445,34.036241],[134.084506,34.036322],[134.084514,34.036523],[134.08449,34.036716],[134.084478,34.036909],[134.084555,34.037196],[134.084635,34.037362],[134.084755,34.037515],[134.084944,34.037689],[134.085124,34.037818],[134.085383,34.037976],[134.085575,34.038088],[134.085726,34.038213],[134.085922,34.038307],[134.086085,34.038367],[134.086247,34.038366],[134.086418,34.038392],[134.086597,34.038466],[134.086769,34.038593],[134.087014,34.038869],[134.087071,34.038916],[134.087145,34.038923],[134.087696,34.038798],[134.087891,34.038825],[134.088054,34.038885],[134.08816,34.038972],[134.088283,34.039134],[134.088305,34.039286],[134.088307,34.03959],[134.088324,34.039732],[134.08839,34.039839],[134.088512,34.039933],[134.088648,34.040012],[134.08863,34.040246],[134.088627,34.04035],[134.088606,34.040406],[134.088464,34.04067],[134.088348,34.04085],[134.088206,34.041156],[134.088121,34.041363],[134.08808,34.041439],[134.088072,34.041494],[134.088113,34.041554],[134.088269,34.041709],[134.08844,34.041837],[134.088546,34.041944],[134.088588,34.042039],[134.088564,34.042113],[134.088467,34.042174],[134.088296,34.042182],[134.088044,34.042176],[134.087874,34.042191],[134.087541,34.042273],[134.087371,34.042308],[134.087233,34.042309],[134.08703,34.04231],[134.086892,34.042344],[134.086763,34.042419],[134.086689,34.042481],[134.086542,34.042673],[134.086383,34.042899],[134.086206,34.043112],[134.086087,34.043225],[134.085843,34.043374],[134.085607,34.043434],[134.085075,34.043508],[134.084908,34.043858],[134.084771,34.044227],[134.084706,34.044517],[134.084693,34.044757],[134.084705,34.045106],[134.084724,34.045237],[134.084795,34.045396],[134.084927,34.045531],[134.085084,34.045641],[134.085457,34.045827],[134.085751,34.046013],[134.0861,34.046173],[134.086489,34.046344],[134.087506,34.046905],[134.088097,34.047239],[134.08897,34.047777],[134.088548,34.047804],[134.088073,34.047865],[134.087477,34.047926],[134.087344,34.047955],[134.087149,34.048049],[134.086977,34.048159],[134.086833,34.048222],[134.086557,34.048423],[134.08646,34.048501],[134.086423,34.04859],[134.086424,34.048672],[134.086466,34.048757],[134.086616,34.048888],[134.086785,34.048988],[134.086293,34.049289],[134.085975,34.049494],[134.085878,34.049591],[134.085846,34.049696],[134.085833,34.04989],[134.085964,34.05027],[134.086079,34.050705],[134.086443,34.052331],[134.086423,34.052426]]]},"properties":{"S_NAME":"貞光字太田西","HCODE":8101}},{"type":"Feature","geometry":{"type":"Polygon","coordinates":[[[134.094021,34.046229],[134.094081,34.046303],[134.094276,34.04671],[134.094461,34.047262],[134.094451,34.04762],[134.094376,34.047901],[134.094356,34.048033],[134.09433,34.048337],[134.094365,34.048669],[134.094476,34.049156],[134.094579,34.049475],[134.09465,34.049656],[134.094791,34.049836],[134.095317,34.050426],[134.095359,34.050528],[134.095359,34.050629],[134.095328,34.050778],[134.095224,34.051076],[134.095079,34.05133],[134.094783,34.051644],[134.094773,34.051665],[134.094507,34.052279],[134.094355,34.05264],[134.094039,34.053502],[134.093257,34.053369],[134.093158,34.053352],[134.090555,34.052964],[134.086423,34.052426],[134.086443,34.052331],[134.086079,34.050705],[134.085964,34.05027],[134.085833,34.04989],[134.085846,34.049696],[134.085878,34.049591],[134.085975,34.049494],[134.086293,34.049289],[134.086785,34.048988],[134.086616,34.048888],[134.086466,34.048757],[134.086424,34.048672],[134.086423,34.04859],[134.08646,34.048501],[134.086557,34.048423],[134.086833,34.048222],[134.086977,34.048159],[134.087149,34.048049],[134.087344,34.047955],[134.087477,34.047926],[134.088073,34.047865],[134.088548,34.047804],[134.08897,34.047777],[134.089603,34.047716],[134.089962,34.047664],[134.090339,34.047588],[134.090986,34.047442],[134.091214,34.047403],[134.091395,34.0474],[134.091652,34.047349],[134.091745,34.04733],[134.09181,34.047348],[134.092033,34.047551],[134.092208,34.047663],[134.092495,34.047781],[134.092668,34.047811],[134.092763,34.047814],[134.092853,34.047792],[134.092928,34.047744],[134.093093,34.04758],[134.093388,34.047196],[134.093553,34.046877],[134.093628,34.04677],[134.093742,34.046639],[134.093839,34.04651],[134.094021,34.046229]]]},"properties":{"S_NAME":"貞光字太田東","HCODE":8101}},{"type":"Feature","geometry":{"type":"Polygon","coordinates":[[[134.094021,34.046229],[134.093839,34.04651],[134.093742,34.046639],[134.093628,34.04677],[134.093553,34.046877],[134.093388,34.047196],[134.093093,34.04758],[134.092928,34.047744],[134.092853,34.047792],[134.092763,34.047814],[134.092668,34.047811],[134.092495,34.047781],[134.092208,34.047663],[134.092033,34.047551],[134.09181,34.047348],[134.091745,34.04733],[134.091652,34.047349],[134.091395,34.0474],[134.091214,34.047403],[134.090986,34.047442],[134.090339,34.047588],[134.089962,34.047664],[134.089603,34.047716],[134.08897,34.047777],[134.088097,34.047239],[134.087506,34.046905],[134.086489,34.046344],[134.0861,34.046173],[134.085751,34.046013],[134.085457,34.045827],[134.085084,34.045641],[134.084927,34.045531],[134.084795,34.045396],[134.084724,34.045237],[134.084705,34.045106],[134.084693,34.044757],[134.084706,34.044517],[134.084771,34.044227],[134.084908,34.043858],[134.085075,34.043508],[134.085607,34.043434],[134.085843,34.043374],[134.086087,34.043225],[134.086206,34.043112],[134.086383,34.042899],[134.086542,34.042673],[134.086689,34.042481],[134.086763,34.042419],[134.086892,34.042344],[134.08703,34.04231],[134.087233,34.042309],[134.087371,34.042308],[134.087541,34.042273],[134.087874,34.042191],[134.088044,34.042176],[134.088296,34.042182],[134.088467,34.042174],[134.088564,34.042113],[134.088588,34.042039],[134.088546,34.041944],[134.08844,34.041837],[134.088269,34.041709],[134.088113,34.041554],[134.088072,34.041494],[134.08808,34.041439],[134.088121,34.041363],[134.088206,34.041156],[134.088348,34.04085],[134.088464,34.04067],[134.088606,34.040406],[134.088627,34.04035],[134.08863,34.040246],[134.088648,34.040012],[134.088898,34.039859],[134.089358,34.039644],[134.09001,34.03945],[134.090107,34.039396],[134.090408,34.039072],[134.090709,34.038865],[134.091118,34.038696],[134.091645,34.038421],[134.091929,34.038252],[134.092017,34.038167],[134.092053,34.038034],[134.092125,34.037925],[134.092287,34.037803],[134.092748,34.037551],[134.093016,34.03761],[134.093341,34.037656],[134.093512,34.037621],[134.093844,34.037539],[134.094038,34.03743],[134.094305,34.037198],[134.094475,34.037116],[134.094645,34.037082],[134.094848,34.037027],[134.094994,34.036945],[134.095212,34.036775],[134.095462,34.036618],[134.095697,34.036509],[134.096062,34.036413],[134.096289,34.036371],[134.096532,34.036302],[134.096945,34.036151],[134.097168,34.0361],[134.09746,34.036044],[134.097858,34.036015],[134.098711,34.036018],[134.098857,34.03601],[134.099239,34.035968],[134.099814,34.035803],[134.100211,34.035652],[134.100355,34.035587],[134.100714,34.035602],[134.10108,34.035648],[134.101422,34.035687],[134.101747,34.035766],[134.10201,34.035869],[134.101957,34.035905],[134.101599,34.036063],[134.100724,34.036482],[134.100235,34.036683],[134.100176,34.036707],[134.099905,34.036818],[134.099822,34.036876],[134.099529,34.037176],[134.099294,34.037361],[134.099025,34.0376],[134.098854,34.037736],[134.098722,34.037831],[134.098659,34.037905],[134.098615,34.037975],[134.098603,34.038087],[134.098624,34.038243],[134.098695,34.038476],[134.098705,34.038598],[134.098652,34.038726],[134.098555,34.038853],[134.098325,34.039108],[134.098095,34.039297],[134.098027,34.039359],[134.097898,34.039591],[134.097786,34.039722],[134.097669,34.039834],[134.097507,34.039982],[134.097356,34.040159],[134.097024,34.040434],[134.096902,34.040627],[134.096839,34.040763],[134.096649,34.040977],[134.096216,34.041341],[134.095504,34.042302],[134.095362,34.042413],[134.095102,34.042505],[134.09496,34.042575],[134.094625,34.042787],[134.093637,34.043631],[134.093559,34.043763],[134.093545,34.043878],[134.093555,34.043959],[134.093605,34.044053],[134.093814,34.044298],[134.093885,34.044436],[134.093918,34.044562],[134.093938,34.044705],[134.093912,34.044808],[134.093722,34.045221],[134.09362,34.045442],[134.093587,34.045603],[134.093597,34.045739],[134.093649,34.045838],[134.093822,34.045984],[134.094021,34.046229]]]},"properties":{"S_NAME":"貞光字僧地","HCODE":8101}},{"type":"Feature","geometry":{"type":"Polygon","coordinates":[[[134.10201,34.035869],[134.101747,34.035766],[134.101422,34.035687],[134.10108,34.035648],[134.100714,34.035602],[134.100355,34.035587],[134.100211,34.035652],[134.099814,34.035803],[134.099239,34.035968],[134.098857,34.03601],[134.098711,34.036018],[134.097858,34.036015],[134.09746,34.036044],[134.097168,34.0361],[134.096945,34.036151],[134.096532,34.036302],[134.096289,34.036371],[134.096062,34.036413],[134.095697,34.036509],[134.095462,34.036618],[134.095212,34.036775],[134.094994,34.036945],[134.094848,34.037027],[134.094645,34.037082],[134.094475,34.037116],[134.094305,34.037198],[134.094038,34.03743],[134.093844,34.037539],[134.093512,34.037621],[134.093341,34.037656],[134.093016,34.03761],[134.092748,34.037551],[134.092287,34.037803],[134.092125,34.037925],[134.092053,34.038034],[134.092017,34.038167],[134.091929,34.038252],[134.091645,34.038421],[134.091118,34.038696],[134.090709,34.038865],[134.090408,34.039072],[134.090107,34.039396],[134.09001,34.03945],[134.089358,34.039644],[134.088898,34.039859],[134.088648,34.040012],[134.088512,34.039933],[134.08839,34.039839],[134.088324,34.039732],[134.088307,34.03959],[134.088305,34.039286],[134.088283,34.039134],[134.08816,34.038972],[134.088054,34.038885],[134.087891,34.038825],[134.087696,34.038798],[134.087145,34.038923],[134.087071,34.038916],[134.087014,34.038869],[134.086769,34.038593],[134.086597,34.038466],[134.086418,34.038392],[134.086247,34.038366],[134.086085,34.038367],[134.085922,34.038307],[134.085726,34.038213],[134.085575,34.038088],[134.085383,34.037976],[134.085124,34.037818],[134.084944,34.037689],[134.084755,34.037515],[134.084635,34.037362],[134.084555,34.037196],[134.084478,34.036909],[134.08449,34.036716],[134.084514,34.036523],[134.084506,34.036322],[134.084445,34.036241],[134.084143,34.036044],[134.083543,34.035642],[134.083168,34.035399],[134.083129,34.035379],[134.082728,34.035178],[134.082386,34.034999],[134.081995,34.034866],[134.081658,34.034831],[134.081302,34.03482],[134.08089,34.034871],[134.080555,34.034988],[134.080544,34.034993],[134.080259,34.035124],[134.079922,34.03525],[134.079907,34.035256],[134.079983,34.035086],[134.080124,34.034828],[134.080263,34.034661],[134.080439,34.034505],[134.08067,34.034385],[134.080846,34.034327],[134.08094,34.034277],[134.080988,34.03422],[134.081027,34.034138],[134.08106,34.033957],[134.081268,34.033383],[134.081401,34.033057],[134.081463,34.032807],[134.081516,34.03266],[134.081609,34.032537],[134.081839,34.032347],[134.08203,34.032236],[134.082128,34.032141],[134.082237,34.031913],[134.082309,34.031721],[134.082333,34.03161],[134.082297,34.031352],[134.082315,34.031172],[134.082363,34.031004],[134.082441,34.030881],[134.082636,34.030671],[134.082956,34.030332],[134.083029,34.030209],[134.083083,34.030086],[134.083097,34.030008],[134.083145,34.029889],[134.083215,34.029797],[134.083267,34.029729],[134.083492,34.029519],[134.083737,34.029366],[134.084016,34.02925],[134.084213,34.029192],[134.08438,34.029191],[134.085059,34.029298],[134.085608,34.029302],[134.085809,34.029272],[134.086074,34.029152],[134.086304,34.029033],[134.086452,34.028975],[134.086658,34.02897],[134.086919,34.028959],[134.086997,34.028956],[134.087228,34.028905],[134.087611,34.028773],[134.08802,34.02856],[134.088153,34.028502],[134.088315,34.028493],[134.088467,34.028492],[134.088585,34.028471],[134.08886,34.028359],[134.089007,34.028342],[134.089145,34.028362],[134.089416,34.028443],[134.089687,34.02849],[134.089845,34.028502],[134.089982,34.028485],[134.09011,34.02846],[134.090316,34.02836],[134.090478,34.028327],[134.09064,34.02833],[134.090748,34.028334],[134.090886,34.028313],[134.091009,34.028259],[134.091279,34.028258],[134.091759,34.028315],[134.092044,34.028309],[134.092256,34.028312],[134.092433,34.028279],[134.092646,34.028124],[134.09291,34.028029],[134.093279,34.027961],[134.093933,34.027946],[134.094366,34.027936],[134.094833,34.027892],[134.095162,34.027834],[134.095431,34.027685],[134.095546,34.027514],[134.095686,34.027121],[134.095773,34.026953],[134.096707,34.026899],[134.096806,34.026943],[134.09686,34.02698],[134.09776,34.027626],[134.100182,34.029363],[134.100422,34.02958],[134.100966,34.029967],[134.101124,34.030023],[134.101646,34.030115],[134.101907,34.030179],[134.102324,34.030363],[134.102659,34.030464],[134.102842,34.030545],[134.103188,34.030781],[134.10342,34.030898],[134.103642,34.031044],[134.10382,34.031105],[134.103977,34.031129],[134.104754,34.031063],[134.104921,34.031063],[134.105098,34.031103],[134.105114,34.031172],[134.1051,34.031332],[134.105072,34.031475],[134.104994,34.031643],[134.104862,34.031816],[134.104792,34.031962],[134.104734,34.032085],[134.10452,34.032405],[134.104432,34.032541],[134.104365,34.032729],[134.104333,34.033143],[134.104358,34.033456],[134.104329,34.033575],[134.104222,34.033768],[134.103842,34.034318],[134.10374,34.034417],[134.103676,34.034487],[134.103647,34.034573],[134.103654,34.034728],[134.103649,34.034847],[134.103591,34.034933],[134.103334,34.035096],[134.102374,34.035621],[134.102158,34.035765],[134.10201,34.035869]]]},"properties":{"S_NAME":"貞光字柴内","HCODE":8101}},{"type":"Feature","geometry":{"type":"Polygon","coordinates":[[[134.063703,34.023463],[134.063474,34.023788],[134.0633,34.024051],[134.063245,34.024182],[134.063154,34.024452],[134.063077,34.024858],[134.063058,34.024959],[134.062974,34.025549],[134.06292,34.025704],[134.062891,34.025762],[134.062869,34.025808],[134.062754,34.025963],[134.062681,34.026025],[134.062598,34.026052],[134.062464,34.026084],[134.062223,34.026104],[134.061913,34.026113],[134.061672,34.026091],[134.061338,34.026031],[134.061152,34.026001],[134.061065,34.026024],[134.061014,34.026071],[134.060964,34.026164],[134.060932,34.026241],[134.060932,34.026367],[134.061024,34.026617],[134.061133,34.026874],[134.061222,34.026978],[134.061436,34.027236],[134.061496,34.027379],[134.061507,34.02751],[134.06146,34.027935],[134.061417,34.028124],[134.061339,34.028259],[134.060873,34.028721],[134.060454,34.028476],[134.060061,34.028219],[134.05934,34.027778],[134.058382,34.027335],[134.058087,34.027214],[134.057812,34.027101],[134.057182,34.026881],[134.056955,34.0268],[134.056782,34.026764],[134.05633,34.026805],[134.055912,34.026873],[134.055799,34.026906],[134.055546,34.026954],[134.055178,34.027007],[134.054856,34.026993],[134.054594,34.02694],[134.054465,34.026861],[134.05423,34.026429],[134.054141,34.026327],[134.054042,34.026246],[134.05378,34.026145],[134.053524,34.026125],[134.053235,34.026172],[134.052452,34.026568],[134.051965,34.026799],[134.051859,34.026855],[134.051738,34.026866],[134.0516,34.026842],[134.05148,34.026832],[134.051449,34.02683],[134.051446,34.026637],[134.051444,34.026401],[134.051468,34.026086],[134.051472,34.025886],[134.05144,34.025758],[134.051321,34.025548],[134.051199,34.02536],[134.051099,34.025],[134.05102,34.024676],[134.051018,34.024423],[134.051099,34.024115],[134.051102,34.024107],[134.051304,34.0237],[134.051527,34.023275],[134.05169,34.02306],[134.051699,34.023048],[134.051714,34.022994],[134.051814,34.022623],[134.05193,34.022244],[134.052003,34.022],[134.051931,34.021654],[134.05189,34.021459],[134.051814,34.021351],[134.051747,34.021242],[134.051671,34.021118],[134.051651,34.021027],[134.051636,34.02096],[134.05161,34.020843],[134.051626,34.020789],[134.051675,34.02064],[134.051885,34.020291],[134.052067,34.020054],[134.052176,34.019696],[134.05223,34.019445],[134.052257,34.019325],[134.052302,34.019273],[134.052402,34.019217],[134.052747,34.019146],[134.05305,34.019061],[134.053327,34.018847],[134.053653,34.018493],[134.053872,34.018228],[134.054011,34.018176],[134.054482,34.01817],[134.054835,34.018144],[134.055013,34.018088],[134.055207,34.017976],[134.055307,34.01792],[134.055458,34.017877],[134.055691,34.017858],[134.055847,34.017843],[134.056048,34.017782],[134.056248,34.017725],[134.056476,34.017724],[134.056744,34.017783],[134.056928,34.017768],[134.0572,34.017679],[134.057529,34.017645],[134.057855,34.017644],[134.058353,34.017455],[134.058161,34.017755],[134.058107,34.01807],[134.058108,34.018454],[134.058125,34.018534],[134.058189,34.018837],[134.058324,34.019243],[134.058541,34.019671],[134.059109,34.020234],[134.059659,34.020599],[134.060136,34.020881],[134.060328,34.020981],[134.060544,34.021065],[134.06073,34.02113],[134.06092,34.021517],[134.061191,34.022058],[134.061353,34.022283],[134.061664,34.022521],[134.062079,34.022749],[134.062487,34.022943],[134.063061,34.023181],[134.063703,34.023463]]]},"properties":{"S_NAME":"貞光字浦山","HCODE":8101}},{"type":"Feature","geometry":{"type":"Polygon","coordinates":[[[134.065622,34.022527],[134.065392,34.022602],[134.064905,34.022625],[134.064762,34.02267],[134.06459,34.022759],[134.064493,34.022833],[134.064005,34.023194],[134.063979,34.023216],[134.063729,34.023426],[134.063703,34.023463],[134.063061,34.023181],[134.062487,34.022943],[134.062079,34.022749],[134.061664,34.022521],[134.061353,34.022283],[134.061191,34.022058],[134.06092,34.021517],[134.06073,34.02113],[134.060544,34.021065],[134.060328,34.020981],[134.060136,34.020881],[134.059659,34.020599],[134.059109,34.020234],[134.058541,34.019671],[134.058324,34.019243],[134.058189,34.018837],[134.058125,34.018534],[134.058108,34.018454],[134.058107,34.01807],[134.058161,34.017755],[134.058353,34.017455],[134.058683,34.017329],[134.058711,34.017278],[134.058687,34.017102],[134.058564,34.016537],[134.058299,34.016171],[134.058133,34.015838],[134.05789,34.01532],[134.057699,34.015084],[134.057475,34.014909],[134.057427,34.014858],[134.057404,34.014766],[134.05737,34.014558],[134.05797,34.01426],[134.058267,34.014034],[134.058656,34.013627],[134.058969,34.013176],[134.059125,34.01263],[134.059208,34.012126],[134.059266,34.011643],[134.059394,34.011239],[134.05948,34.011142],[134.059566,34.011118],[134.059748,34.011117],[134.060211,34.011235],[134.060527,34.011361],[134.060979,34.011527],[134.061239,34.011614],[134.061393,34.011629],[134.061509,34.011549],[134.061671,34.011369],[134.06186,34.011188],[134.062076,34.010962],[134.062562,34.010637],[134.063031,34.010467],[134.063597,34.010464],[134.064231,34.010557],[134.066136,34.0113],[134.068362,34.012543],[134.069273,34.013142],[134.06963,34.013476],[134.070133,34.014049],[134.070376,34.014511],[134.070868,34.015584],[134.070986,34.01599],[134.07102,34.016733],[134.071101,34.01746],[134.07117,34.017739],[134.071345,34.018018],[134.071607,34.018408],[134.071456,34.0188],[134.070465,34.018557],[134.069907,34.018312],[134.069088,34.017789],[134.068924,34.017742],[134.06879,34.017822],[134.068715,34.018022],[134.068745,34.018166],[134.06922,34.018899],[134.069298,34.019098],[134.069233,34.019338],[134.069109,34.019506],[134.068777,34.019864],[134.068699,34.020012],[134.068682,34.020044],[134.068646,34.020111],[134.068513,34.020185],[134.068312,34.020268],[134.067713,34.020463],[134.067596,34.020521],[134.067527,34.020591],[134.067439,34.02064],[134.066958,34.020749],[134.06682,34.02077],[134.066727,34.020811],[134.066566,34.020918],[134.066325,34.02103],[134.066203,34.021129],[134.066081,34.021265],[134.066018,34.021375],[134.065958,34.021603],[134.065905,34.021824],[134.065908,34.022262],[134.065855,34.022406],[134.065622,34.022527]]]},"properties":{"S_NAME":"貞光字引地","HCODE":8101}},{"type":"Feature","geometry":{"type":"Polygon","coordinates":[[[134.079907,34.035256],[134.079828,34.035369],[134.079755,34.03546],[134.079632,34.035546],[134.079515,34.035612],[134.079343,34.035679],[134.079243,34.035735],[134.079195,34.035915],[134.079166,34.035985],[134.079107,34.036063],[134.078975,34.036129],[134.078671,34.036237],[134.077899,34.036357],[134.077454,34.036416],[134.077179,34.036491],[134.076968,34.036558],[134.076792,34.036649],[134.07667,34.036776],[134.076313,34.037113],[134.076186,34.037204],[134.076132,34.037274],[134.076074,34.037385],[134.076035,34.037495],[134.075952,34.037586],[134.075847,34.037699],[134.075685,34.037806],[134.075529,34.037934],[134.075397,34.038037],[134.075296,34.038076],[134.075065,34.038151],[134.074812,34.038199],[134.074591,34.038229],[134.074388,34.038218],[134.074046,34.038105],[134.073745,34.037937],[134.07343,34.037747],[134.073109,34.037573],[134.072647,34.037414],[134.072233,34.037218],[134.071824,34.036975],[134.071418,34.036753],[134.071091,34.036503],[134.070888,34.036311],[134.070788,34.036182],[134.070696,34.036082],[134.070542,34.03591],[134.070065,34.035217],[134.069865,34.034763],[134.069824,34.034518],[134.069796,34.034431],[134.069772,34.034305],[134.069785,34.034121],[134.069833,34.03377],[134.070035,34.032978],[134.070301,34.032191],[134.070583,34.031463],[134.070928,34.029365],[134.070951,34.029132],[134.07097,34.028989],[134.071028,34.028829],[134.071125,34.028611],[134.071222,34.028103],[134.07126,34.027814],[134.07123,34.027615],[134.071135,34.02733],[134.070826,34.026753],[134.07123,34.02603],[134.071917,34.02486],[134.07216,34.024499],[134.0722,34.024432],[134.07251,34.023959],[134.072858,34.02349],[134.073201,34.023126],[134.073326,34.02298],[134.073435,34.022858],[134.073589,34.022668],[134.073736,34.02308],[134.073827,34.023337],[134.074064,34.02366],[134.074417,34.024165],[134.07454,34.024408],[134.075133,34.025602],[134.075257,34.025905],[134.075421,34.026134],[134.075577,34.026309],[134.075916,34.026635],[134.076667,34.027213],[134.077345,34.02773],[134.077736,34.027989],[134.078071,34.0282],[134.078466,34.028349],[134.0791,34.028554],[134.079485,34.02872],[134.080062,34.028978],[134.080458,34.029163],[134.080876,34.029305],[134.081421,34.029465],[134.08182,34.029578],[134.082284,34.029657],[134.083215,34.029797],[134.083145,34.029889],[134.083097,34.030008],[134.083083,34.030086],[134.083029,34.030209],[134.082956,34.030332],[134.082636,34.030671],[134.082441,34.030881],[134.082363,34.031004],[134.082315,34.031172],[134.082297,34.031352],[134.082333,34.03161],[134.082309,34.031721],[134.082237,34.031913],[134.082128,34.032141],[134.08203,34.032236],[134.081839,34.032347],[134.081609,34.032537],[134.081516,34.03266],[134.081463,34.032807],[134.081401,34.033057],[134.081268,34.033383],[134.08106,34.033957],[134.081027,34.034138],[134.080988,34.03422],[134.08094,34.034277],[134.080846,34.034327],[134.08067,34.034385],[134.080439,34.034505],[134.080263,34.034661],[134.080124,34.034828],[134.079983,34.035086],[134.079907,34.035256]]]},"properties":{"S_NAME":"貞光字白村","HCODE":8101}},{"type":"Feature","geometry":{"type":"Polygon","coordinates":[[[134.086919,34.028959],[134.086658,34.02897],[134.086452,34.028975],[134.086304,34.029033],[134.086074,34.029152],[134.085809,34.029272],[134.085608,34.029302],[134.085059,34.029298],[134.08438,34.029191],[134.084213,34.029192],[134.084016,34.02925],[134.083737,34.029366],[134.083492,34.029519],[134.083267,34.029729],[134.083215,34.029797],[134.082284,34.029657],[134.08182,34.029578],[134.081421,34.029465],[134.080876,34.029305],[134.080458,34.029163],[134.080062,34.028978],[134.079485,34.02872],[134.0791,34.028554],[134.078466,34.028349],[134.078071,34.0282],[134.077736,34.027989],[134.077345,34.02773],[134.076667,34.027213],[134.075916,34.026635],[134.075577,34.026309],[134.075421,34.026134],[134.075257,34.025905],[134.075133,34.025602],[134.07454,34.024408],[134.074417,34.024165],[134.074064,34.02366],[134.073827,34.023337],[134.073736,34.02308],[134.073589,34.022668],[134.073435,34.022858],[134.0734,34.022795],[134.073335,34.022739],[134.072772,34.022346],[134.071923,34.021823],[134.071156,34.021362],[134.071059,34.021285],[134.070979,34.021188],[134.070851,34.020979],[134.070696,34.020786],[134.070588,34.020686],[134.07047,34.020668],[134.070177,34.020595],[134.069966,34.020534],[134.069561,34.020432],[134.069354,34.020361],[134.068682,34.020044],[134.068699,34.020012],[134.068777,34.019864],[134.069109,34.019506],[134.069233,34.019338],[134.069298,34.019098],[134.06922,34.018899],[134.068745,34.018166],[134.068715,34.018022],[134.06879,34.017822],[134.068924,34.017742],[134.069088,34.017789],[134.069907,34.018312],[134.070465,34.018557],[134.071456,34.0188],[134.071955,34.018886],[134.072426,34.018932],[134.073136,34.01892],[134.073376,34.018839],[134.073662,34.018646],[134.073824,34.018446],[134.073908,34.018142],[134.073878,34.017846],[134.07378,34.017543],[134.073796,34.017481],[134.074341,34.017529],[134.074764,34.017582],[134.075158,34.01766],[134.075572,34.017826],[134.079272,34.019307],[134.080331,34.019725],[134.081649,34.020384],[134.082136,34.02079],[134.082542,34.021262],[134.082707,34.021452],[134.082974,34.021758],[134.083299,34.022208],[134.08357,34.022636],[134.083813,34.022884],[134.084192,34.022996],[134.084651,34.023018],[134.085062,34.02307],[134.085354,34.023152],[134.085787,34.023332],[134.086355,34.023557],[134.086895,34.023872],[134.087166,34.02412],[134.087572,34.024566],[134.087728,34.024808],[134.087835,34.025038],[134.087928,34.026034],[134.087891,34.02667],[134.087796,34.027035],[134.087655,34.027298],[134.087493,34.027546],[134.087331,34.027795],[134.087142,34.028201],[134.086919,34.028959]]]},"properties":{"S_NAME":"貞光字捨子谷北","HCODE":8101}},{"type":"Feature","geometry":{"type":"Polygon","coordinates":[[[134.118237,34.013705],[134.118306,34.014122],[134.118512,34.015217],[134.118612,34.015528],[134.118876,34.016175],[134.118911,34.016466],[134.118906,34.016514],[134.118881,34.016784],[134.118777,34.017102],[134.118569,34.0174],[134.118177,34.017723],[134.11681,34.018453],[134.116527,34.01857],[134.116162,34.018632],[134.114472,34.018593],[134.114188,34.018595],[134.114124,34.018636],[134.114067,34.018731],[134.114068,34.018859],[134.113937,34.019806],[134.113729,34.020729],[134.113641,34.020953],[134.113634,34.021088],[134.113643,34.021244],[134.113722,34.021537],[134.113786,34.022483],[134.113807,34.023172],[134.113721,34.023605],[134.113521,34.02461],[134.113321,34.02503],[134.113084,34.025264],[134.112195,34.025857],[134.111944,34.026041],[134.11184,34.02621],[134.111817,34.026379],[134.111851,34.026582],[134.112114,34.027094],[134.112231,34.027492],[134.112295,34.027948],[134.112297,34.028178],[134.112144,34.028993],[134.112146,34.02927],[134.11218,34.029412],[134.112278,34.029506],[134.112409,34.029654],[134.112467,34.029904],[134.112437,34.030154],[134.112284,34.030398],[134.112147,34.030528],[134.111993,34.030582],[134.110963,34.03081],[134.110129,34.031146],[134.110005,34.031204],[134.109636,34.031378],[134.1095,34.031413],[134.109449,34.031426],[134.109165,34.031468],[134.10897,34.031496],[134.108735,34.031585],[134.108226,34.031899],[134.107886,34.031988],[134.107488,34.032024],[134.107114,34.032012],[134.106984,34.031959],[134.10664,34.031609],[134.106028,34.0312],[134.10558,34.030986],[134.105246,34.030913],[134.105149,34.030974],[134.105098,34.031103],[134.104921,34.031063],[134.104754,34.031063],[134.103977,34.031129],[134.10382,34.031105],[134.103642,34.031044],[134.10342,34.030898],[134.103188,34.030781],[134.102842,34.030545],[134.102659,34.030464],[134.102324,34.030363],[134.101907,34.030179],[134.101646,34.030115],[134.101124,34.030023],[134.100966,34.029967],[134.100422,34.02958],[134.100182,34.029363],[134.09776,34.027626],[134.09686,34.02698],[134.096806,34.026943],[134.096707,34.026899],[134.095773,34.026953],[134.095686,34.027121],[134.095546,34.027514],[134.095431,34.027685],[134.095162,34.027834],[134.094833,34.027892],[134.094366,34.027936],[134.093933,34.027946],[134.093279,34.027961],[134.09291,34.028029],[134.092646,34.028124],[134.092433,34.028279],[134.092256,34.028312],[134.092044,34.028309],[134.091759,34.028315],[134.091279,34.028258],[134.091009,34.028259],[134.090886,34.028313],[134.090748,34.028334],[134.09064,34.02833],[134.090478,34.028327],[134.090316,34.02836],[134.09011,34.02846],[134.089982,34.028485],[134.089845,34.028502],[134.089687,34.02849],[134.089416,34.028443],[134.089145,34.028362],[134.089007,34.028342],[134.08886,34.028359],[134.088585,34.028471],[134.088467,34.028492],[134.088315,34.028493],[134.088153,34.028502],[134.08802,34.02856],[134.087611,34.028773],[134.087228,34.028905],[134.086997,34.028956],[134.086919,34.028959],[134.087142,34.028201],[134.087331,34.027795],[134.087493,34.027546],[134.087655,34.027298],[134.087796,34.027035],[134.087891,34.02667],[134.087928,34.026034],[134.087835,34.025038],[134.08759,34.023613],[134.087362,34.022881],[134.08713,34.022334],[134.086924,34.022025],[134.086704,34.021707],[134.085811,34.020604],[134.085621,34.020286],[134.085459,34.020018],[134.08527,34.01959],[134.085188,34.019072],[134.085165,34.01858],[134.085241,34.018079],[134.085403,34.017583],[134.085554,34.01716],[134.08555,34.016975],[134.085407,34.016198],[134.085333,34.015411],[134.085294,34.015151],[134.085232,34.014959],[134.085064,34.01472],[134.084544,34.014185],[134.084336,34.013946],[134.084139,34.013717],[134.083967,34.013502],[134.08373,34.013219],[134.083502,34.013078],[134.083156,34.012896],[134.083459,34.012842],[134.083954,34.012806],[134.0848,34.01291],[134.085459,34.013123],[134.085969,34.013403],[134.086364,34.012878],[134.086879,34.012444],[134.087874,34.01196],[134.088275,34.011806],[134.088647,34.011587],[134.088898,34.011491],[134.089134,34.011429],[134.089466,34.01138],[134.089596,34.01138],[134.089848,34.011439],[134.090127,34.011582],[134.090233,34.011733],[134.090297,34.011945],[134.090301,34.012136],[134.09028,34.012256],[134.090162,34.012469],[134.090144,34.012652],[134.090241,34.01286],[134.090415,34.012971],[134.090761,34.013033],[134.091268,34.012935],[134.091346,34.012974],[134.091558,34.013229],[134.091703,34.013324],[134.091819,34.013363],[134.092087,34.013346],[134.092298,34.013249],[134.092371,34.013203],[134.092466,34.013144],[134.092507,34.013106],[134.092538,34.013094],[134.092574,34.013099],[134.092631,34.013124],[134.092792,34.013291],[134.092801,34.013326],[134.092786,34.013379],[134.092737,34.013442],[134.092638,34.013524],[134.092617,34.013557],[134.092616,34.013632],[134.092662,34.013874],[134.092808,34.014225],[134.092917,34.01464],[134.093076,34.015227],[134.093239,34.01588],[134.0934,34.016531],[134.093572,34.017014],[134.093747,34.017388],[134.09397,34.017667],[134.094182,34.017841],[134.094509,34.017904],[134.095187,34.017862],[134.0957,34.017793],[134.096106,34.017689],[134.096321,34.017634],[134.097078,34.01743],[134.097888,34.017204],[134.098869,34.016916],[134.099525,34.016757],[134.100293,34.016697],[134.10105,34.016703],[134.102885,34.016892],[134.103193,34.016995],[134.103703,34.017208],[134.105997,34.018273],[134.106452,34.018389],[134.107077,34.018473],[134.107565,34.018496],[134.108141,34.018372],[134.108801,34.018073],[134.109288,34.01772],[134.109659,34.017278],[134.109953,34.016774],[134.110156,34.015403],[134.110361,34.015457],[134.110561,34.015402],[134.11094,34.015203],[134.111371,34.014657],[134.111792,34.014244],[134.112232,34.014002],[134.112902,34.013759],[134.11364,34.013684],[134.11438,34.013744],[134.115315,34.013951],[134.115531,34.013996],[134.117502,34.0142],[134.117653,34.014202],[134.117723,34.014176],[134.117806,34.01412],[134.118237,34.013705]]]},"properties":{"S_NAME":"貞光字中山","HCODE":8101}},{"type":"Feature","geometry":{"type":"Polygon","coordinates":[[[134.087835,34.025038],[134.087728,34.024808],[134.087572,34.024566],[134.087166,34.02412],[134.086895,34.023872],[134.086355,34.023557],[134.085787,34.023332],[134.085354,34.023152],[134.085062,34.02307],[134.084651,34.023018],[134.084192,34.022996],[134.083813,34.022884],[134.08357,34.022636],[134.083299,34.022208],[134.082974,34.021758],[134.082707,34.021452],[134.082542,34.021262],[134.082136,34.02079],[134.081649,34.020384],[134.080331,34.019725],[134.079272,34.019307],[134.075572,34.017826],[134.075158,34.01766],[134.074764,34.017582],[134.074341,34.017529],[134.073796,34.017481],[134.073817,34.017399],[134.073902,34.017239],[134.074074,34.01707],[134.074393,34.016729],[134.07467,34.016552],[134.075216,34.016318],[134.076081,34.015879],[134.076358,34.01563],[134.076615,34.015261],[134.076765,34.014805],[134.076908,34.014581],[134.077118,34.014444],[134.077396,34.014355],[134.077645,34.014353],[134.077962,34.01444],[134.078193,34.014551],[134.078637,34.014868],[134.078994,34.015082],[134.079225,34.015145],[134.07946,34.015164],[134.079728,34.015155],[134.079948,34.015042],[134.08011,34.014769],[134.080279,34.014273],[134.080295,34.013866],[134.080101,34.013451],[134.079858,34.013101],[134.079451,34.012824],[134.079697,34.012675],[134.080021,34.012585],[134.080534,34.012494],[134.081116,34.012484],[134.081804,34.012582],[134.082399,34.012694],[134.083156,34.012896],[134.083502,34.013078],[134.08373,34.013219],[134.083967,34.013502],[134.084139,34.013717],[134.084336,34.013946],[134.084544,34.014185],[134.085064,34.01472],[134.085232,34.014959],[134.085294,34.015151],[134.085333,34.015411],[134.085407,34.016198],[134.08555,34.016975],[134.085554,34.01716],[134.085403,34.017583],[134.085241,34.018079],[134.085165,34.01858],[134.085188,34.019072],[134.08527,34.01959],[134.085459,34.020018],[134.085621,34.020286],[134.085811,34.020604],[134.086704,34.021707],[134.086924,34.022025],[134.08713,34.022334],[134.087362,34.022881],[134.08759,34.023613],[134.087835,34.025038]]]},"properties":{"S_NAME":"貞光字捨子谷南","HCODE":8101}},{"type":"Feature","geometry":{"type":"Polygon","coordinates":[[[134.073796,34.017481],[134.07378,34.017543],[134.073878,34.017846],[134.073908,34.018142],[134.073824,34.018446],[134.073662,34.018646],[134.073376,34.018839],[134.073136,34.01892],[134.072426,34.018932],[134.071955,34.018886],[134.071456,34.0188],[134.071607,34.018408],[134.071345,34.018018],[134.07117,34.017739],[134.071101,34.01746],[134.07102,34.016733],[134.070986,34.01599],[134.070868,34.015584],[134.070376,34.014511],[134.070133,34.014049],[134.06963,34.013476],[134.069273,34.013142],[134.068362,34.012543],[134.066136,34.0113],[134.064231,34.010557],[134.063597,34.010464],[134.063031,34.010467],[134.062562,34.010637],[134.062076,34.010962],[134.06186,34.011188],[134.061671,34.011369],[134.061509,34.011549],[134.061393,34.011629],[134.061239,34.011614],[134.060979,34.011527],[134.060527,34.011361],[134.060211,34.011235],[134.059748,34.011117],[134.059566,34.011118],[134.05948,34.011142],[134.059394,34.011239],[134.059266,34.011643],[134.059208,34.012126],[134.059125,34.01263],[134.058969,34.013176],[134.058656,34.013627],[134.058267,34.014034],[134.05797,34.01426],[134.05737,34.014558],[134.057354,34.014398],[134.057316,34.014126],[134.056933,34.013071],[134.056798,34.012751],[134.056769,34.01258],[134.056779,34.012441],[134.056878,34.012213],[134.056946,34.011985],[134.057,34.011698],[134.056915,34.01148],[134.056863,34.011304],[134.056873,34.011114],[134.05685,34.010952],[134.056754,34.010771],[134.056644,34.010586],[134.056571,34.010419],[134.056508,34.009826],[134.056484,34.009543],[134.056541,34.009156],[134.056567,34.009],[134.056519,34.00873],[134.056276,34.008196],[134.056225,34.008024],[134.056186,34.007836],[134.056219,34.007655],[134.056337,34.007294],[134.056413,34.007129],[134.056576,34.006588],[134.056538,34.006205],[134.056149,34.005671],[134.056149,34.00567],[134.056113,34.005621],[134.055863,34.005488],[134.055488,34.005371],[134.055301,34.00528],[134.055101,34.005121],[134.055051,34.005038],[134.055101,34.004855],[134.055776,34.004221],[134.055963,34.004088],[134.056638,34.003338],[134.056688,34.003313],[134.056626,34.003272],[134.056925,34.003026],[134.057013,34.002955],[134.057263,34.002297],[134.057401,34.00153],[134.057838,34.00153],[134.058663,34.001622],[134.058938,34.001372],[134.059584,34.001427],[134.060584,34.001584],[134.061287,34.001741],[134.061935,34.001965],[134.062506,34.002185],[134.068422,34.004641],[134.069044,34.004933],[134.069295,34.00509],[134.069503,34.0053],[134.069775,34.005714],[134.070008,34.006177],[134.070153,34.006623],[134.070667,34.007907],[134.070803,34.008426],[134.071047,34.009463],[134.071213,34.009886],[134.071456,34.010324],[134.07175,34.010724],[134.072017,34.010953],[134.072277,34.011063],[134.072642,34.011061],[134.073047,34.010926],[134.073372,34.010767],[134.073723,34.010609],[134.074101,34.010451],[134.074566,34.010402],[134.074535,34.010761],[134.074585,34.011041],[134.07475,34.011287],[134.074982,34.01151],[134.075463,34.011692],[134.076203,34.011848],[134.076693,34.011901],[134.077288,34.011955],[134.078028,34.012071],[134.078268,34.012166],[134.078885,34.012506],[134.079115,34.012621],[134.079451,34.012824],[134.079858,34.013101],[134.080101,34.013451],[134.080295,34.013866],[134.080279,34.014273],[134.08011,34.014769],[134.079948,34.015042],[134.079728,34.015155],[134.07946,34.015164],[134.079225,34.015145],[134.078994,34.015082],[134.078637,34.014868],[134.078193,34.014551],[134.077962,34.01444],[134.077645,34.014353],[134.077396,34.014355],[134.077118,34.014444],[134.076908,34.014581],[134.076765,34.014805],[134.076615,34.015261],[134.076358,34.01563],[134.076081,34.015879],[134.075216,34.016318],[134.07467,34.016552],[134.074393,34.016729],[134.074074,34.01707],[134.073902,34.017239],[134.073817,34.017399],[134.073796,34.017481]]]},"properties":{"S_NAME":"貞光字皆瀬","HCODE":8101}},{"type":"Feature","geometry":{"type":"Polygon","coordinates":[[[134.076681,34.001413],[134.076698,34.001452],[134.07721,34.001953],[134.077432,34.002136],[134.07777,34.002276],[134.077933,34.002365],[134.078007,34.002416],[134.078068,34.002467],[134.078146,34.002575],[134.078268,34.002675],[134.078403,34.002725],[134.078584,34.002787],[134.078651,34.002836],[134.078643,34.002917],[134.078617,34.002971],[134.078561,34.003033],[134.07816,34.003291],[134.077044,34.00435],[134.076168,34.005337],[134.075636,34.006067],[134.07555,34.006219],[134.075437,34.006499],[134.075411,34.006648],[134.075412,34.00683],[134.075429,34.006972],[134.075414,34.007101],[134.075035,34.008765],[134.074964,34.008975],[134.074868,34.009165],[134.074787,34.009307],[134.074696,34.009646],[134.074566,34.010402],[134.074101,34.010451],[134.073723,34.010609],[134.073372,34.010767],[134.073047,34.010926],[134.072642,34.011061],[134.072277,34.011063],[134.072017,34.010953],[134.07175,34.010724],[134.071456,34.010324],[134.071213,34.009886],[134.071047,34.009463],[134.070803,34.008426],[134.070667,34.007907],[134.070153,34.006623],[134.070008,34.006177],[134.069775,34.005714],[134.069503,34.0053],[134.069295,34.00509],[134.069044,34.004933],[134.068422,34.004641],[134.062506,34.002185],[134.061935,34.001965],[134.061287,34.001741],[134.060584,34.001584],[134.059584,34.001427],[134.058938,34.001372],[134.058937,34.001355],[134.058913,34.000788],[134.058688,33.999997],[134.058525,33.999213],[134.058625,33.997905],[134.058565,33.997726],[134.058544,33.997666],[134.058388,33.997205],[134.05885,33.997139],[134.05935,33.996914],[134.0599,33.996055],[134.0599,33.995897],[134.059563,33.995472],[134.0592,33.994864],[134.059175,33.994522],[134.059375,33.994364],[134.059263,33.993664],[134.059013,33.991614],[134.059263,33.990806],[134.059401,33.990535],[134.060011,33.990668],[134.060943,33.990864],[134.06177,33.991084],[134.062626,33.991367],[134.063685,33.991874],[134.067784,33.994415],[134.068247,33.994645],[134.069016,33.994921],[134.069454,33.995155],[134.069821,33.995438],[134.070334,33.995821],[134.070848,33.996204],[134.072849,33.998028],[134.073281,33.998478],[134.07366,33.998883],[134.074417,33.999649],[134.075093,34.000325],[134.075634,34.00073],[134.075961,34.001025],[134.076312,34.001294],[134.076467,34.001361],[134.076681,34.001413]]]},"properties":{"S_NAME":"貞光字木屋","HCODE":8101}},{"type":"Feature","geometry":{"type":"Polygon","coordinates":[[[134.103055,33.996879],[134.102817,33.997165],[134.102417,33.997502],[134.10171,33.998017],[134.100409,33.998687],[134.099707,33.999004],[134.099004,33.99923],[134.098518,33.999344],[134.098032,33.999458],[134.097087,34],[134.096005,34.000701],[134.094414,34.001673],[134.093036,34.002396],[134.091804,34.003066],[134.091001,34.003477],[134.089093,34.004387],[134.088607,34.004613],[134.087715,34.004907],[134.086608,34.005315],[134.086014,34.005518],[134.085284,34.0057],[134.08469,34.005859],[134.08329,34.006162],[134.082609,34.006269],[134.082015,34.006336],[134.081286,34.006359],[134.080739,34.006478],[134.080136,34.006641],[134.079676,34.006842],[134.079247,34.007188],[134.078871,34.007697],[134.078504,34.008438],[134.078343,34.00901],[134.078279,34.009433],[134.078289,34.009836],[134.078398,34.010467],[134.078554,34.011058],[134.078844,34.012155],[134.078922,34.012322],[134.079115,34.012621],[134.078885,34.012506],[134.078268,34.012166],[134.078028,34.012071],[134.077288,34.011955],[134.076693,34.011901],[134.076203,34.011848],[134.075463,34.011692],[134.074982,34.01151],[134.07475,34.011287],[134.074585,34.011041],[134.074535,34.010761],[134.074566,34.010402],[134.074696,34.009646],[134.074787,34.009307],[134.074868,34.009165],[134.074964,34.008975],[134.075035,34.008765],[134.075414,34.007101],[134.075429,34.006972],[134.075412,34.00683],[134.075411,34.006648],[134.075437,34.006499],[134.07555,34.006219],[134.075636,34.006067],[134.076168,34.005337],[134.077044,34.00435],[134.07816,34.003291],[134.078561,34.003033],[134.078617,34.002971],[134.078643,34.002917],[134.078651,34.002836],[134.078584,34.002787],[134.078403,34.002725],[134.078268,34.002675],[134.078146,34.002575],[134.078068,34.002467],[134.078007,34.002416],[134.077933,34.002365],[134.07777,34.002276],[134.077432,34.002136],[134.07721,34.001953],[134.076698,34.001452],[134.076681,34.001413],[134.077279,34.001384],[134.077693,34.001342],[134.077944,34.001293],[134.078633,34.001114],[134.078789,34.001303],[134.079222,34.001699],[134.079629,34.001941],[134.079947,34.002034],[134.08062,34.001741],[134.081264,34.001473],[134.081552,34.001353],[134.081912,34.0012],[134.082726,34.000964],[134.083396,34.000729],[134.084066,34.000367],[134.084836,33.99938],[134.08517,33.999059],[134.085581,33.998818],[134.086347,33.998638],[134.086853,33.998292],[134.088807,33.997017],[134.089494,33.996438],[134.089739,33.99591],[134.089804,33.995529],[134.091036,33.995412],[134.091898,33.995233],[134.092656,33.995109],[134.093807,33.995088],[134.095961,33.995129],[134.096844,33.995181],[134.097324,33.995122],[134.098134,33.995223],[134.098537,33.995341],[134.098669,33.99538],[134.099294,33.995512],[134.100091,33.995612],[134.101091,33.995927],[134.10203,33.996406],[134.103055,33.996879]]]},"properties":{"S_NAME":"貞光字長瀬","HCODE":8101}},{"type":"Feature","geometry":{"type":"Polygon","coordinates":[[[134.09384,34.011468],[134.092788,34.012025],[134.092443,34.012146],[134.092089,34.012204],[134.091724,34.012197],[134.090792,34.011978],[134.090505,34.01142],[134.090207,34.011037],[134.089802,34.010722],[134.089588,34.010654],[134.089342,34.010655],[134.089089,34.01068],[134.08878,34.010768],[134.088537,34.010905],[134.088352,34.011075],[134.088238,34.011143],[134.088117,34.011157],[134.087759,34.011172],[134.087573,34.0112],[134.087394,34.011181],[134.087142,34.011094],[134.086881,34.011021],[134.08667,34.010995],[134.086475,34.011016],[134.086298,34.011118],[134.086007,34.011431],[134.085902,34.011478],[134.08578,34.011486],[134.085418,34.011396],[134.085142,34.011323],[134.084711,34.011258],[134.084426,34.011158],[134.083889,34.010917],[134.083645,34.010871],[134.083028,34.01088],[134.082816,34.010875],[134.082702,34.010828],[134.082506,34.010653],[134.082401,34.010606],[134.082214,34.010594],[134.081946,34.010649],[134.08129,34.010895],[134.080335,34.011407],[134.079834,34.01168],[134.079503,34.011925],[134.078922,34.012322],[134.078844,34.012155],[134.078554,34.011058],[134.078398,34.010467],[134.078289,34.009836],[134.078279,34.009433],[134.078343,34.00901],[134.078504,34.008438],[134.078871,34.007697],[134.079247,34.007188],[134.079676,34.006842],[134.080136,34.006641],[134.080739,34.006478],[134.081286,34.006359],[134.082015,34.006336],[134.082609,34.006269],[134.08329,34.006162],[134.08469,34.005859],[134.085284,34.0057],[134.086014,34.005518],[134.086608,34.005315],[134.087715,34.004907],[134.088607,34.004613],[134.089093,34.004387],[134.091001,34.003477],[134.091525,34.003864],[134.092119,34.004382],[134.092643,34.004955],[134.092992,34.005433],[134.093743,34.006432],[134.0945,34.007197],[134.095048,34.007903],[134.096037,34.009265],[134.096463,34.009862],[134.096503,34.010013],[134.096449,34.010148],[134.096251,34.010394],[134.095821,34.0107],[134.095352,34.01083],[134.094978,34.010896],[134.094787,34.011016],[134.094501,34.011329],[134.094175,34.011387],[134.09384,34.011468]]]},"properties":{"S_NAME":"貞光字平野","HCODE":8101}},{"type":"Feature","geometry":{"type":"Polygon","coordinates":[[[134.079451,34.012824],[134.079115,34.012621],[134.078922,34.012322],[134.079503,34.011925],[134.079834,34.01168],[134.080335,34.011407],[134.08129,34.010895],[134.081946,34.010649],[134.082214,34.010594],[134.082401,34.010606],[134.082506,34.010653],[134.082702,34.010828],[134.082816,34.010875],[134.083028,34.01088],[134.083645,34.010871],[134.083889,34.010917],[134.084426,34.011158],[134.084711,34.011258],[134.085142,34.011323],[134.085418,34.011396],[134.08578,34.011486],[134.085902,34.011478],[134.086007,34.011431],[134.086298,34.011118],[134.086475,34.011016],[134.08667,34.010995],[134.086881,34.011021],[134.087142,34.011094],[134.087394,34.011181],[134.087573,34.0112],[134.087759,34.011172],[134.088117,34.011157],[134.088238,34.011143],[134.088352,34.011075],[134.088537,34.010905],[134.08878,34.010768],[134.089089,34.01068],[134.089342,34.010655],[134.089588,34.010654],[134.089802,34.010722],[134.090207,34.011037],[134.090505,34.01142],[134.090792,34.011978],[134.090628,34.011931],[134.090426,34.011868],[134.090233,34.011733],[134.090127,34.011582],[134.089848,34.011439],[134.089596,34.01138],[134.089466,34.01138],[134.089134,34.011429],[134.088898,34.011491],[134.088647,34.011587],[134.088275,34.011806],[134.087874,34.01196],[134.086879,34.012444],[134.086364,34.012878],[134.085969,34.013403],[134.085459,34.013123],[134.0848,34.01291],[134.083954,34.012806],[134.083459,34.012842],[134.083156,34.012896],[134.082399,34.012694],[134.081804,34.012582],[134.081116,34.012484],[134.080534,34.012494],[134.080021,34.012585],[134.079697,34.012675],[134.079451,34.012824]]]},"properties":{"S_NAME":"貞光字谷向","HCODE":8101}},{"type":"Feature","geometry":{"type":"Polygon","coordinates":[[[134.090792,34.011978],[134.091724,34.012197],[134.092089,34.012204],[134.092443,34.012146],[134.092788,34.012025],[134.09384,34.011468],[134.094343,34.011842],[134.094721,34.011955],[134.095343,34.012089],[134.096667,34.012245],[134.097041,34.012228],[134.09737,34.012154],[134.098153,34.011859],[134.099071,34.011565],[134.100105,34.011262],[134.100259,34.011237],[134.101152,34.011268],[134.102152,34.011312],[134.103206,34.01131],[134.103683,34.01132],[134.104233,34.011331],[134.104962,34.011398],[134.105905,34.011617],[134.106468,34.011834],[134.107259,34.012493],[134.107801,34.013039],[134.108857,34.014233],[134.109532,34.014942],[134.109967,34.015308],[134.110156,34.015403],[134.109953,34.016774],[134.109659,34.017278],[134.109288,34.01772],[134.108801,34.018073],[134.108141,34.018372],[134.107565,34.018496],[134.107077,34.018473],[134.106452,34.018389],[134.105997,34.018273],[134.103703,34.017208],[134.103193,34.016995],[134.102885,34.016892],[134.10105,34.016703],[134.100293,34.016697],[134.099525,34.016757],[134.098869,34.016916],[134.097888,34.017204],[134.097078,34.01743],[134.096321,34.017634],[134.096106,34.017689],[134.0957,34.017793],[134.095187,34.017862],[134.094509,34.017904],[134.094182,34.017841],[134.09397,34.017667],[134.093747,34.017388],[134.093572,34.017014],[134.0934,34.016531],[134.093239,34.01588],[134.093076,34.015227],[134.092917,34.01464],[134.092808,34.014225],[134.092662,34.013874],[134.092616,34.013632],[134.092617,34.013557],[134.092638,34.013524],[134.092737,34.013442],[134.092786,34.013379],[134.092801,34.013326],[134.092792,34.013291],[134.092631,34.013124],[134.092574,34.013099],[134.092538,34.013094],[134.092507,34.013106],[134.092466,34.013144],[134.092371,34.013203],[134.092298,34.013249],[134.092087,34.013346],[134.091819,34.013363],[134.091703,34.013324],[134.091558,34.013229],[134.091346,34.012974],[134.091268,34.012935],[134.090761,34.013033],[134.090415,34.012971],[134.090241,34.01286],[134.090144,34.012652],[134.090162,34.012469],[134.09028,34.012256],[134.090301,34.012136],[134.090297,34.011945],[134.090233,34.011733],[134.090426,34.011868],[134.090628,34.011931],[134.090792,34.011978]]]},"properties":{"S_NAME":"貞光字広谷","HCODE":8101}},{"type":"Feature","geometry":{"type":"Polygon","coordinates":[[[134.118237,34.013705],[134.117806,34.01412],[134.117723,34.014176],[134.117653,34.014202],[134.117502,34.0142],[134.115531,34.013996],[134.115315,34.013951],[134.11438,34.013744],[134.11364,34.013684],[134.112902,34.013759],[134.112232,34.014002],[134.111792,34.014244],[134.111371,34.014657],[134.11094,34.015203],[134.110561,34.015402],[134.110361,34.015457],[134.110156,34.015403],[134.109967,34.015308],[134.109532,34.014942],[134.108857,34.014233],[134.107801,34.013039],[134.107259,34.012493],[134.106468,34.011834],[134.105905,34.011617],[134.104962,34.011398],[134.104233,34.011331],[134.103683,34.01132],[134.103206,34.01131],[134.102152,34.011312],[134.101152,34.011268],[134.100259,34.011237],[134.100105,34.011262],[134.099071,34.011565],[134.098153,34.011859],[134.09737,34.012154],[134.097041,34.012228],[134.096667,34.012245],[134.095343,34.012089],[134.094721,34.011955],[134.094343,34.011842],[134.09384,34.011468],[134.094175,34.011387],[134.094501,34.011329],[134.094787,34.011016],[134.094978,34.010896],[134.095352,34.01083],[134.095821,34.0107],[134.096251,34.010394],[134.096449,34.010148],[134.096503,34.010013],[134.096463,34.009862],[134.096037,34.009265],[134.095048,34.007903],[134.0945,34.007197],[134.093743,34.006432],[134.094741,34.005109],[134.095227,34.004619],[134.095695,34.004337],[134.095839,34.004297],[134.096012,34.004336],[134.096809,34.004516],[134.09728,34.004553],[134.098288,34.004628],[134.09872,34.004658],[134.099238,34.0046],[134.100119,34.004404],[134.100818,34.004193],[134.102032,34.004103],[134.103078,34.00413],[134.103847,34.004302],[134.104347,34.004435],[134.104635,34.004553],[134.104963,34.004775],[134.105408,34.005181],[134.106484,34.00474],[134.109304,34.003875],[134.109994,34.003816],[134.111155,34.003802],[134.112048,34.00391],[134.112855,34.004017],[134.11377,34.003841],[134.114202,34.003839],[134.114587,34.003909],[134.114923,34.004019],[134.116458,34.004773],[134.116434,34.005178],[134.116408,34.005606],[134.11642,34.006147],[134.11647,34.006239],[134.116908,34.006689],[134.117345,34.007156],[134.117551,34.007459],[134.11772,34.007789],[134.117783,34.007972],[134.117796,34.008141],[134.117773,34.008241],[134.11772,34.008355],[134.117483,34.008647],[134.117383,34.008847],[134.117321,34.009227],[134.117254,34.009803],[134.117258,34.010697],[134.117308,34.011038],[134.117883,34.012413],[134.118158,34.013222],[134.118237,34.013705]]]},"properties":{"S_NAME":"貞光字家賀道下","HCODE":8101}},{"type":"Feature","geometry":{"type":"Polygon","coordinates":[[[134.116458,34.004773],[134.114923,34.004019],[134.114587,34.003909],[134.114202,34.003839],[134.11377,34.003841],[134.112855,34.004017],[134.112048,34.00391],[134.111155,34.003802],[134.109994,34.003816],[134.109304,34.003875],[134.106484,34.00474],[134.105408,34.005181],[134.104963,34.004775],[134.104635,34.004553],[134.104347,34.004435],[134.103847,34.004302],[134.103078,34.00413],[134.102032,34.004103],[134.100818,34.004193],[134.100119,34.004404],[134.099238,34.0046],[134.09872,34.004658],[134.098288,34.004628],[134.09728,34.004553],[134.096809,34.004516],[134.096012,34.004336],[134.095839,34.004297],[134.095695,34.004337],[134.095227,34.004619],[134.094741,34.005109],[134.093743,34.006432],[134.092992,34.005433],[134.092643,34.004955],[134.092119,34.004382],[134.091525,34.003864],[134.091001,34.003477],[134.091804,34.003066],[134.093036,34.002396],[134.094414,34.001673],[134.096005,34.000701],[134.097087,34],[134.098032,33.999458],[134.098518,33.999344],[134.099004,33.99923],[134.099707,33.999004],[134.100409,33.998687],[134.10171,33.998017],[134.102417,33.997502],[134.102817,33.997165],[134.103055,33.996879],[134.104559,33.997192],[134.10525,33.997229],[134.10594,33.997137],[134.107263,33.996931],[134.108251,33.996855],[134.109108,33.996861],[134.109121,33.997131],[134.109245,33.997335],[134.10937,33.99745],[134.109584,33.997556],[134.110546,33.997848],[134.110903,33.998032],[134.111258,33.998273],[134.111634,33.998617],[134.111896,33.998973],[134.112052,33.99935],[134.112095,33.999434],[134.112161,33.999515],[134.11288,34.000095],[134.112971,34.00019],[134.113039,34.000274],[134.114383,34.001989],[134.115146,34.002731],[134.115169,34.002749],[134.115621,34.003089],[134.116191,34.003518],[134.116295,34.003689],[134.116408,34.004389],[134.116415,34.004446],[134.116458,34.004773]]]},"properties":{"S_NAME":"貞光字家賀道上","HCODE":8101}},{"type":"Feature","geometry":{"type":"Polygon","coordinates":[[[134.089804,33.995529],[134.089739,33.99591],[134.089494,33.996438],[134.088807,33.997017],[134.086853,33.998292],[134.086347,33.998638],[134.085581,33.998818],[134.08517,33.999059],[134.084836,33.99938],[134.084066,34.000367],[134.083396,34.000729],[134.082726,34.000964],[134.081912,34.0012],[134.081552,34.001353],[134.081264,34.001473],[134.08062,34.001741],[134.079947,34.002034],[134.079629,34.001941],[134.079222,34.001699],[134.078789,34.001303],[134.078633,34.001114],[134.078606,33.999686],[134.078603,33.99935],[134.078733,33.998598],[134.079326,33.99695],[134.079479,33.996218],[134.079458,33.995979],[134.079445,33.995951],[134.080141,33.995973],[134.08079,33.995956],[134.081224,33.995941],[134.08191,33.995907],[134.082414,33.995945],[134.083371,33.996101],[134.083818,33.996251],[134.08403,33.996348],[134.084209,33.996445],[134.084568,33.996612],[134.084804,33.996696],[134.08508,33.996769],[134.085466,33.996825],[134.085721,33.99686],[134.08598,33.996851],[134.086334,33.996809],[134.086574,33.99672],[134.086803,33.996527],[134.087164,33.996086],[134.087514,33.995333],[134.087709,33.994422],[134.087823,33.994269],[134.088072,33.9941],[134.088321,33.994091],[134.088744,33.994225],[134.089168,33.994423],[134.089438,33.994605],[134.089708,33.9949],[134.089816,33.995163],[134.089804,33.995529]]]},"properties":{"S_NAME":"貞光字宮平","HCODE":8101}},{"type":"Feature","geometry":{"type":"Polygon","coordinates":[[[134.078633,34.001114],[134.077944,34.001293],[134.077693,34.001342],[134.077279,34.001384],[134.076681,34.001413],[134.076467,34.001361],[134.076312,34.001294],[134.075961,34.001025],[134.075634,34.00073],[134.075093,34.000325],[134.074417,33.999649],[134.07366,33.998883],[134.073281,33.998478],[134.072849,33.998028],[134.070848,33.996204],[134.070334,33.995821],[134.069821,33.995438],[134.069454,33.995155],[134.069016,33.994921],[134.068247,33.994645],[134.067784,33.994415],[134.063685,33.991874],[134.062626,33.991367],[134.06177,33.991084],[134.060943,33.990864],[134.060011,33.990668],[134.059401,33.990535],[134.06,33.989364],[134.059175,33.988414],[134.058975,33.987989],[134.059006,33.987569],[134.061332,33.988346],[134.062143,33.988638],[134.062845,33.98884],[134.063877,33.989141],[134.064764,33.989356],[134.065795,33.989591],[134.066737,33.989782],[134.067574,33.989917],[134.068614,33.99011],[134.07046,33.990604],[134.073143,33.991551],[134.076247,33.992954],[134.076644,33.993439],[134.077598,33.994002],[134.078447,33.994661],[134.079322,33.9957],[134.079445,33.995951],[134.079458,33.995979],[134.079479,33.996218],[134.079326,33.99695],[134.078733,33.998598],[134.078603,33.99935],[134.078606,33.999686],[134.078633,34.001114]]]},"properties":{"S_NAME":"貞光字吉良","HCODE":8101}},{"type":"Feature","geometry":{"type":"Polygon","coordinates":[[[134.076247,33.992954],[134.073143,33.991551],[134.07046,33.990604],[134.068614,33.99011],[134.067574,33.989917],[134.066737,33.989782],[134.065795,33.989591],[134.064764,33.989356],[134.063877,33.989141],[134.062845,33.98884],[134.062143,33.988638],[134.061332,33.988346],[134.059006,33.987569],[134.059038,33.987131],[134.059287,33.985956],[134.060187,33.985439],[134.06005,33.984764],[134.059887,33.983365],[134.059962,33.98229],[134.060325,33.981156],[134.06035,33.98084],[134.060025,33.98044],[134.0593,33.979382],[134.0587,33.978773],[134.058475,33.978432],[134.057936,33.978023],[134.057886,33.977986],[134.057737,33.977873],[134.05735,33.977715],[134.056662,33.977265],[134.05625,33.976632],[134.056225,33.976248],[134.055887,33.975732],[134.054925,33.974832],[134.054675,33.974315],[134.054675,33.973323],[134.054737,33.972399],[134.054625,33.971974],[134.05405,33.97069],[134.05391,33.97011],[134.055932,33.969256],[134.056008,33.969232],[134.056085,33.969263],[134.05625,33.969374],[134.056987,33.969941],[134.058075,33.970672],[134.0582,33.970696],[134.058286,33.970663],[134.058799,33.970232],[134.059299,33.969691],[134.059469,33.969596],[134.059737,33.969557],[134.060075,33.969503],[134.060344,33.96946],[134.060724,33.969399],[134.060977,33.969265],[134.061162,33.969057],[134.061849,33.968024],[134.062177,33.967886],[134.062537,33.967841],[134.063199,33.967908],[134.063424,33.967864],[134.064024,33.967616],[134.064574,33.967341],[134.065174,33.967091],[134.065424,33.966922],[134.065491,33.966877],[134.065999,33.966533],[134.066849,33.966375],[134.067121,33.966369],[134.067606,33.966359],[134.068327,33.9665],[134.069183,33.966905],[134.069911,33.967415],[134.070586,33.967907],[134.071388,33.968404],[134.071558,33.96851],[134.07183,33.968948],[134.072412,33.969683],[134.072667,33.970067],[134.072824,33.970533],[134.072971,33.971024],[134.073037,33.971549],[134.073012,33.972341],[134.073074,33.972741],[134.07319,33.972952],[134.073528,33.97319],[134.073893,33.97334],[134.074199,33.973391],[134.07555,33.973608],[134.076031,33.973718],[134.076271,33.973797],[134.07959,33.975671],[134.079651,33.975706],[134.079357,33.97627],[134.078907,33.976961],[134.078552,33.977321],[134.078149,33.977709],[134.077932,33.978014],[134.077734,33.978363],[134.077274,33.979173],[134.077001,33.979606],[134.075977,33.981122],[134.075881,33.981339],[134.075883,33.981643],[134.075923,33.981851],[134.076509,33.982699],[134.077394,33.984429],[134.077645,33.984723],[134.078069,33.984984],[134.079007,33.985392],[134.079335,33.985566],[134.07948,33.985717],[134.07949,33.985837],[134.079443,33.985981],[134.079214,33.986165],[134.077229,33.987042],[134.076646,33.987404],[134.076227,33.987901],[134.075953,33.98843],[134.075869,33.98875],[134.075967,33.989109],[134.076305,33.989491],[134.076758,33.989744],[134.077546,33.989924],[134.077547,33.990695],[134.07738,33.991559],[134.076829,33.992384],[134.076247,33.992954]]]},"properties":{"S_NAME":"貞光字猿飼","HCODE":8101}},{"type":"Feature","geometry":{"type":"Polygon","coordinates":[[[134.087709,33.994422],[134.087514,33.995333],[134.087164,33.996086],[134.086803,33.996527],[134.086574,33.99672],[134.086334,33.996809],[134.08598,33.996851],[134.085721,33.99686],[134.085466,33.996825],[134.08508,33.996769],[134.084804,33.996696],[134.084568,33.996612],[134.084209,33.996445],[134.08403,33.996348],[134.083818,33.996251],[134.083371,33.996101],[134.082414,33.995945],[134.08191,33.995907],[134.081224,33.995941],[134.08079,33.995956],[134.080141,33.995973],[134.079445,33.995951],[134.079322,33.9957],[134.078447,33.994661],[134.077598,33.994002],[134.076644,33.993439],[134.076247,33.992954],[134.076829,33.992384],[134.07738,33.991559],[134.077547,33.990695],[134.077546,33.989924],[134.076758,33.989744],[134.076305,33.989491],[134.075967,33.989109],[134.075869,33.98875],[134.075953,33.98843],[134.076227,33.987901],[134.076646,33.987404],[134.077229,33.987042],[134.079214,33.986165],[134.079443,33.985981],[134.07949,33.985837],[134.07948,33.985717],[134.079335,33.985566],[134.079007,33.985392],[134.078069,33.984984],[134.077645,33.984723],[134.077394,33.984429],[134.076509,33.982699],[134.075923,33.981851],[134.075883,33.981643],[134.075881,33.981339],[134.075977,33.981122],[134.077001,33.979606],[134.077274,33.979173],[134.077734,33.978363],[134.078954,33.980423],[134.079323,33.981012],[134.079536,33.981283],[134.082215,33.98306],[134.0826,33.983186],[134.083022,33.983221],[134.083698,33.983266],[134.084488,33.984247],[134.084993,33.985188],[134.085365,33.986336],[134.085601,33.987166],[134.085782,33.987547],[134.085782,33.987548],[134.085907,33.987723],[134.086733,33.991349],[134.086776,33.991666],[134.086805,33.99224],[134.086861,33.992777],[134.086927,33.992966],[134.087034,33.993216],[134.087182,33.993411],[134.08746,33.993716],[134.087596,33.994035],[134.087709,33.994422]]]},"properties":{"S_NAME":"貞光字日浦","HCODE":8101}},{"type":"Feature","geometry":{"type":"Polygon","coordinates":[[[134.109108,33.996861],[134.108251,33.996855],[134.107263,33.996931],[134.10594,33.997137],[134.10525,33.997229],[134.104559,33.997192],[134.103055,33.996879],[134.10203,33.996406],[134.101091,33.995927],[134.100091,33.995612],[134.099294,33.995512],[134.098669,33.99538],[134.098537,33.995341],[134.098134,33.995223],[134.097324,33.995122],[134.096844,33.995181],[134.095961,33.995129],[134.093807,33.995088],[134.092656,33.995109],[134.091898,33.995233],[134.091036,33.995412],[134.089804,33.995529],[134.089816,33.995163],[134.089708,33.9949],[134.089438,33.994605],[134.089168,33.994423],[134.088744,33.994225],[134.088321,33.994091],[134.088072,33.9941],[134.087823,33.994269],[134.087709,33.994422],[134.087596,33.994035],[134.08746,33.993716],[134.087182,33.993411],[134.087034,33.993216],[134.086927,33.992966],[134.086861,33.992777],[134.086805,33.99224],[134.086776,33.991666],[134.086733,33.991349],[134.085907,33.987723],[134.085782,33.987548],[134.085782,33.987547],[134.085601,33.987166],[134.085365,33.986336],[134.084993,33.985188],[134.084488,33.984247],[134.083698,33.983266],[134.083022,33.983221],[134.0826,33.983186],[134.082215,33.98306],[134.079536,33.981283],[134.079323,33.981012],[134.078954,33.980423],[134.077734,33.978363],[134.077932,33.978014],[134.078149,33.977709],[134.078552,33.977321],[134.078907,33.976961],[134.079357,33.97627],[134.079651,33.975706],[134.079805,33.975753],[134.07991,33.975415],[134.080164,33.974591],[134.080198,33.974563],[134.08025,33.974563],[134.084057,33.976764],[134.084442,33.976866],[134.08496,33.976855],[134.085161,33.976798],[134.085287,33.976674],[134.085249,33.975949],[134.085259,33.975672],[134.085386,33.975341],[134.085532,33.974999],[134.085969,33.97439],[134.086546,33.973848],[134.086649,33.973741],[134.086775,33.973655],[134.087261,33.973408],[134.087836,33.973108],[134.088386,33.972592],[134.08884,33.972012],[134.088936,33.971892],[134.089116,33.971723],[134.089998,33.971034],[134.091211,33.970267],[134.091898,33.969842],[134.092498,33.969392],[134.092667,33.969173],[134.092723,33.968942],[134.092698,33.967817],[134.092766,33.967499],[134.092911,33.967226],[134.093193,33.966792],[134.093323,33.966593],[134.093582,33.966265],[134.093873,33.966059],[134.094155,33.965935],[134.094251,33.965871],[134.09426,33.965826],[134.094448,33.964751],[134.094496,33.964611],[134.094847,33.96405],[134.094885,33.96396],[134.094973,33.963443],[134.095058,33.963358],[134.095685,33.963035],[134.095755,33.962916],[134.096098,33.962202],[134.096785,33.961318],[134.096965,33.96106],[134.097137,33.9609],[134.097327,33.960771],[134.098048,33.960669],[134.098175,33.960587],[134.09826,33.960419],[134.098392,33.960076],[134.098412,33.960023],[134.09851,33.959769],[134.098666,33.95949],[134.098857,33.959314],[134.098963,33.959266],[134.099,33.959249],[134.099192,33.959288],[134.09941,33.959402],[134.100347,33.960102],[134.100735,33.96051],[134.10121,33.96091],[134.101485,33.961094],[134.101752,33.961189],[134.103328,33.961644],[134.103482,33.961692],[134.103674,33.961786],[134.104172,33.962168],[134.105084,33.96271],[134.105909,33.963435],[134.106129,33.963648],[134.106297,33.963901],[134.106484,33.964851],[134.106643,33.965103],[134.106855,33.96531],[134.107284,33.965618],[134.108022,33.966018],[134.108229,33.966241],[134.108326,33.966433],[134.108409,33.966718],[134.108471,33.967234],[134.108634,33.968609],[134.108422,33.969417],[134.108384,33.969667],[134.108429,33.970107],[134.108534,33.970459],[134.108688,33.970852],[134.108946,33.971267],[134.108696,33.971942],[134.108421,33.973317],[134.106909,33.973367],[134.107846,33.974691],[134.108237,33.97546],[134.108646,33.976541],[134.10863,33.976712],[134.108534,33.976858],[134.10845,33.976938],[134.108184,33.977191],[134.107309,33.978232],[134.107084,33.978699],[134.106759,33.979357],[134.107409,33.979532],[134.107725,33.97966],[134.107934,33.979807],[134.108409,33.980482],[134.108896,33.981316],[134.109259,33.982149],[134.11054,33.984264],[134.110634,33.984424],[134.110763,33.984543],[134.111624,33.984998],[134.111683,33.985062],[134.111771,33.985457],[134.111958,33.986924],[134.111888,33.98724],[134.111862,33.987332],[134.11181,33.987398],[134.110259,33.988299],[134.110128,33.988381],[134.110033,33.988477],[134.109948,33.988621],[134.109771,33.989424],[134.109434,33.990349],[134.109059,33.991207],[134.108646,33.992623],[134.108621,33.992873],[134.108809,33.994265],[134.108946,33.994673],[134.108921,33.995398],[134.108922,33.995775],[134.108946,33.99594],[134.109084,33.996365],[134.109108,33.996861]]]},"properties":{"S_NAME":"貞光字川見","HCODE":8101}},{"type":"Feature","geometry":{"type":"Polygon","coordinates":[[[134.080623,33.960426],[134.080731,33.960536],[134.080858,33.960859],[134.080961,33.961191],[134.081055,33.961639],[134.081327,33.962332],[134.081541,33.962675],[134.081904,33.963162],[134.082357,33.963722],[134.082523,33.963989],[134.082862,33.964396],[134.0833,33.96488],[134.083383,33.96502],[134.083412,33.965147],[134.08337,33.96532],[134.083242,33.965577],[134.083132,33.965653],[134.0829,33.965676],[134.08277,33.965721],[134.082408,33.966171],[134.082342,33.966363],[134.082338,33.966511],[134.082392,33.966643],[134.082762,33.967055],[134.082995,33.967403],[134.083104,33.96777],[134.083096,33.968408],[134.083019,33.969101],[134.082945,33.969466],[134.082824,33.969728],[134.0825,33.970086],[134.081811,33.97053],[134.081476,33.970795],[134.081245,33.971019],[134.081164,33.971191],[134.081118,33.971455],[134.081108,33.971734],[134.081184,33.972358],[134.081167,33.972694],[134.081119,33.973092],[134.081049,33.973297],[134.08093,33.973437],[134.080786,33.973526],[134.080614,33.973619],[134.080525,33.973693],[134.080421,33.973974],[134.080279,33.974267],[134.080142,33.974548],[134.080061,33.974636],[134.079979,33.974716],[134.079906,33.974859],[134.079864,33.974991],[134.079865,33.975191],[134.07991,33.975415],[134.079805,33.975753],[134.079651,33.975706],[134.07959,33.975671],[134.076271,33.973797],[134.076031,33.973718],[134.07555,33.973608],[134.074199,33.973391],[134.073893,33.97334],[134.073528,33.97319],[134.07319,33.972952],[134.073074,33.972741],[134.073012,33.972341],[134.073037,33.971549],[134.072971,33.971024],[134.072824,33.970533],[134.072667,33.970067],[134.072412,33.969683],[134.07183,33.968948],[134.071558,33.96851],[134.071388,33.968404],[134.070586,33.967907],[134.069911,33.967415],[134.069183,33.966905],[134.068327,33.9665],[134.067606,33.966359],[134.067121,33.966369],[134.067256,33.96616],[134.067938,33.965578],[134.068222,33.965253],[134.068469,33.96473],[134.068573,33.964314],[134.06883,33.962608],[134.069161,33.960445],[134.069318,33.959371],[134.069739,33.958075],[134.070317,33.956166],[134.070538,33.956237],[134.071024,33.956475],[134.071297,33.956595],[134.071578,33.956736],[134.071746,33.956807],[134.071986,33.956884],[134.072393,33.956971],[134.07253,33.957003],[134.072687,33.957054],[134.072735,33.957077],[134.072763,33.957123],[134.072792,33.957261],[134.072836,33.957353],[134.072896,33.957457],[134.072867,33.957986],[134.073181,33.957975],[134.073254,33.958119],[134.073367,33.958221],[134.073507,33.958286],[134.073965,33.958426],[134.075014,33.958673],[134.075188,33.958748],[134.07562,33.958903],[134.075884,33.959028],[134.076126,33.959116],[134.076577,33.959218],[134.076771,33.959262],[134.077149,33.9593],[134.077558,33.95933],[134.078012,33.959403],[134.078998,33.959515],[134.079282,33.9596],[134.079658,33.959789],[134.080215,33.960132],[134.080468,33.960299],[134.080623,33.960426]]]},"properties":{"S_NAME":"一宇","HCODE":8101}},{"type":"Feature","geometry":{"type":"Polygon","coordinates":[[[134.073181,33.957975],[134.072867,33.957986],[134.072896,33.957457],[134.072836,33.957353],[134.072792,33.957261],[134.072763,33.957123],[134.072735,33.957077],[134.072687,33.957054],[134.07253,33.957003],[134.072393,33.956971],[134.071986,33.956884],[134.071746,33.956807],[134.071578,33.956736],[134.071297,33.956595],[134.071024,33.956475],[134.070538,33.956237],[134.070317,33.956166],[134.069876,33.956088],[134.069756,33.956082],[134.06962,33.956093],[134.069293,33.956141],[134.068971,33.956139],[134.06849,33.95606],[134.068378,33.956031],[134.068218,33.955899],[134.06793,33.955679],[134.067604,33.955496],[134.067281,33.955374],[134.067056,33.95526],[134.066692,33.955099],[134.066242,33.95508],[134.065819,33.955046],[134.065451,33.955009],[134.065118,33.954968],[134.064688,33.954868],[134.06413,33.954722],[134.063669,33.954583],[134.063312,33.95444],[134.064278,33.953852],[134.064572,33.953955],[134.064962,33.954047],[134.06712,33.954216],[134.067274,33.954258],[134.06751,33.954385],[134.070526,33.95527],[134.071287,33.955558],[134.072293,33.955934],[134.072919,33.956246],[134.073179,33.956445],[134.073426,33.956665],[134.07355,33.956903],[134.073541,33.957082],[134.07342,33.957287],[134.073258,33.957509],[134.073207,33.957586],[134.073198,33.957714],[134.073181,33.957975]]]},"properties":{"S_NAME":"一宇","HCODE":8101}},{"type":"Feature","geometry":{"type":"Polygon","coordinates":[[[134.060075,33.969503],[134.059737,33.969557],[134.059469,33.969596],[134.059299,33.969691],[134.058799,33.970232],[134.058286,33.970663],[134.0582,33.970696],[134.058075,33.970672],[134.056987,33.969941],[134.05625,33.969374],[134.056085,33.969263],[134.056008,33.969232],[134.055932,33.969256],[134.05391,33.97011],[134.053875,33.969965],[134.053437,33.969832],[134.052775,33.969332],[134.052225,33.969091],[134.051826,33.969008],[134.051787,33.969],[134.051644,33.968513],[134.051575,33.968092],[134.05153,33.967385],[134.051567,33.966806],[134.05161,33.966532],[134.051797,33.965786],[134.051985,33.965199],[134.052254,33.964408],[134.052496,33.96373],[134.05256,33.963101],[134.052535,33.962326],[134.052449,33.96173],[134.052386,33.961478],[134.052354,33.961249],[134.052381,33.960745],[134.052468,33.960179],[134.052627,33.959664],[134.052747,33.95941],[134.052947,33.959106],[134.053178,33.958709],[134.053532,33.957593],[134.053554,33.956322],[134.053539,33.955521],[134.053399,33.954821],[134.053305,33.954369],[134.05326,33.954157],[134.05323,33.954011],[134.053433,33.954021],[134.05356,33.954075],[134.053748,33.954201],[134.053927,33.95447],[134.05404,33.954689],[134.054107,33.954798],[134.054203,33.954873],[134.054411,33.954965],[134.054579,33.955015],[134.054746,33.955031],[134.054807,33.955027],[134.055072,33.954935],[134.055284,33.954875],[134.056583,33.954489],[134.056961,33.954323],[134.057083,33.954281],[134.05729,33.954242],[134.057446,33.954199],[134.057563,33.954181],[134.057664,33.954185],[134.05774,33.954214],[134.057827,33.954273],[134.057943,33.954327],[134.058024,33.954331],[134.058493,33.95431],[134.058786,33.954216],[134.058988,33.954257],[134.059059,33.954253],[134.059234,33.954233],[134.059376,33.954232],[134.059558,33.954253],[134.060009,33.95428],[134.060201,33.9543],[134.060485,33.954345],[134.060614,33.954368],[134.060801,33.954346],[134.06111,33.954336],[134.06155,33.954361],[134.061796,33.954352],[134.06207,33.954317],[134.062295,33.954305],[134.062598,33.9543],[134.062867,33.954332],[134.063312,33.95444],[134.063669,33.954583],[134.06413,33.954722],[134.064688,33.954868],[134.065118,33.954968],[134.065451,33.955009],[134.065819,33.955046],[134.066242,33.95508],[134.066692,33.955099],[134.067056,33.95526],[134.067281,33.955374],[134.067604,33.955496],[134.06793,33.955679],[134.068218,33.955899],[134.068378,33.956031],[134.06849,33.95606],[134.068971,33.956139],[134.069293,33.956141],[134.06962,33.956093],[134.069756,33.956082],[134.069876,33.956088],[134.070317,33.956166],[134.069739,33.958075],[134.069318,33.959371],[134.069161,33.960445],[134.069065,33.960439],[134.06886,33.960164],[134.068788,33.960148],[134.068656,33.960147],[134.068603,33.960119],[134.068593,33.960075],[134.068606,33.95991],[134.068561,33.959726],[134.068508,33.959626],[134.068502,33.959554],[134.06853,33.959421],[134.068563,33.959285],[134.068481,33.95891],[134.068452,33.958858],[134.068413,33.958842],[134.06824,33.958867],[134.068106,33.958888],[134.068038,33.958872],[134.067951,33.958788],[134.067878,33.95874],[134.067775,33.958735],[134.067674,33.958763],[134.067573,33.95878],[134.067472,33.958809],[134.067232,33.958906],[134.067169,33.958906],[134.067106,33.958878],[134.067012,33.958817],[134.066886,33.958765],[134.066814,33.958753],[134.066761,33.958778],[134.066711,33.958868],[134.066664,33.958921],[134.066572,33.958953],[134.0665,33.959005],[134.066438,33.959094],[134.066386,33.959219],[134.066353,33.959307],[134.066267,33.959347],[134.06619,33.959388],[134.066133,33.959468],[134.0661,33.959561],[134.066111,33.959777],[134.066135,33.959861],[134.066104,33.959892],[134.065799,33.959903],[134.065664,33.95992],[134.065532,33.959958],[134.06534,33.960112],[134.065133,33.960093],[134.065032,33.960093],[134.0649,33.960128],[134.064784,33.96014],[134.064702,33.960129],[134.064552,33.960025],[134.064504,33.959985],[134.064542,33.959897],[134.064526,33.959748],[134.064555,33.959684],[134.064694,33.959579],[134.064799,33.959491],[134.064851,33.959374],[134.064841,33.959278],[134.064802,33.959186],[134.064719,33.959098],[134.064652,33.959054],[134.064569,33.959006],[134.06455,33.958942],[134.064503,33.958848],[134.064426,33.95878],[134.064349,33.958745],[134.064382,33.958708],[134.064348,33.958628],[134.064352,33.958532],[134.064383,33.95841],[134.064469,33.958333],[134.064723,33.95824],[134.064839,33.958179],[134.064925,33.958102],[134.064948,33.958046],[134.064943,33.957962],[134.064918,33.95789],[134.064646,33.957438],[134.064588,33.957386],[134.064481,33.957331],[134.064342,33.957299],[134.064077,33.957296],[134.063672,33.957302],[134.063345,33.957336],[134.063086,33.957441],[134.06275,33.957607],[134.062491,33.957712],[134.062092,33.957799],[134.061622,33.957844],[134.061131,33.957871],[134.060569,33.957874],[134.059638,33.957844],[134.059785,33.958423],[134.059861,33.958993],[134.059804,33.959691],[134.059705,33.96028],[134.059567,33.960936],[134.059505,33.961622],[134.059509,33.963031],[134.059587,33.965376],[134.059647,33.966006],[134.060075,33.969503]]]},"properties":{"S_NAME":"一宇","HCODE":8101}},{"type":"Feature","geometry":{"type":"Polygon","coordinates":[[[134.067121,33.966369],[134.066849,33.966375],[134.065999,33.966533],[134.065491,33.966877],[134.065424,33.966922],[134.065174,33.967091],[134.064574,33.967341],[134.064024,33.967616],[134.063424,33.967864],[134.063199,33.967908],[134.062537,33.967841],[134.062177,33.967886],[134.061849,33.968024],[134.061162,33.969057],[134.060977,33.969265],[134.060724,33.969399],[134.060344,33.96946],[134.060075,33.969503],[134.059647,33.966006],[134.059587,33.965376],[134.059509,33.963031],[134.059505,33.961622],[134.059567,33.960936],[134.059705,33.96028],[134.059804,33.959691],[134.059861,33.958993],[134.059785,33.958423],[134.059638,33.957844],[134.060569,33.957874],[134.061131,33.957871],[134.061622,33.957844],[134.062092,33.957799],[134.062491,33.957712],[134.06275,33.957607],[134.063086,33.957441],[134.063345,33.957336],[134.063672,33.957302],[134.064077,33.957296],[134.064342,33.957299],[134.064481,33.957331],[134.064588,33.957386],[134.064646,33.957438],[134.064918,33.95789],[134.064943,33.957962],[134.064948,33.958046],[134.064925,33.958102],[134.064839,33.958179],[134.064723,33.95824],[134.064469,33.958333],[134.064383,33.95841],[134.064352,33.958532],[134.064348,33.958628],[134.064382,33.958708],[134.064349,33.958745],[134.064426,33.95878],[134.064503,33.958848],[134.06455,33.958942],[134.064569,33.959006],[134.064652,33.959054],[134.064719,33.959098],[134.064802,33.959186],[134.064841,33.959278],[134.064851,33.959374],[134.064799,33.959491],[134.064694,33.959579],[134.064555,33.959684],[134.064526,33.959748],[134.064542,33.959897],[134.064504,33.959985],[134.064552,33.960025],[134.064702,33.960129],[134.064784,33.96014],[134.0649,33.960128],[134.065032,33.960093],[134.065133,33.960093],[134.06534,33.960112],[134.065532,33.959958],[134.065664,33.95992],[134.065799,33.959903],[134.066104,33.959892],[134.066135,33.959861],[134.066111,33.959777],[134.0661,33.959561],[134.066133,33.959468],[134.06619,33.959388],[134.066267,33.959347],[134.066353,33.959307],[134.066386,33.959219],[134.066438,33.959094],[134.0665,33.959005],[134.066572,33.958953],[134.066664,33.958921],[134.066711,33.958868],[134.066761,33.958778],[134.066814,33.958753],[134.066886,33.958765],[134.067012,33.958817],[134.067106,33.958878],[134.067169,33.958906],[134.067232,33.958906],[134.067472,33.958809],[134.067573,33.95878],[134.067674,33.958763],[134.067775,33.958735],[134.067878,33.95874],[134.067951,33.958788],[134.068038,33.958872],[134.068106,33.958888],[134.06824,33.958867],[134.068413,33.958842],[134.068452,33.958858],[134.068481,33.95891],[134.068563,33.959285],[134.06853,33.959421],[134.068502,33.959554],[134.068508,33.959626],[134.068561,33.959726],[134.068606,33.95991],[134.068593,33.960075],[134.068603,33.960119],[134.068656,33.960147],[134.068788,33.960148],[134.06886,33.960164],[134.069065,33.960439],[134.069161,33.960445],[134.06883,33.962608],[134.068573,33.964314],[134.068469,33.96473],[134.068222,33.965253],[134.067938,33.965578],[134.067256,33.96616],[134.067121,33.966369]]]},"properties":{"S_NAME":"一宇","HCODE":8101}},{"type":"Feature","geometry":{"type":"Polygon","coordinates":[[[134.051787,33.969],[134.051463,33.968932],[134.050688,33.969049],[134.050338,33.969132],[134.049338,33.969291],[134.0477,33.969091],[134.0475,33.969141],[134.046676,33.969141],[134.045526,33.969099],[134.045226,33.969007],[134.044538,33.968691],[134.044088,33.968282],[134.043763,33.967832],[134.043263,33.967516],[134.041201,33.967207],[134.040276,33.967166],[134.039973,33.967037],[134.039689,33.966916],[134.038314,33.966041],[134.038099,33.965978],[134.037601,33.965833],[134.036889,33.965474],[134.036339,33.965341],[134.035952,33.965566],[134.035602,33.965566],[134.033839,33.964983],[134.032577,33.964941],[134.03159,33.964916],[134.03139,33.964849],[134.030765,33.964532],[134.030127,33.964016],[134.029527,33.963766],[134.02859,33.963682],[134.02639,33.963724],[134.02603,33.963713],[134.026047,33.963333],[134.026124,33.962869],[134.026248,33.962391],[134.0265,33.961899],[134.026753,33.96162],[134.027372,33.961273],[134.028261,33.960924],[134.029164,33.960634],[134.029869,33.96045],[134.030383,33.960352],[134.03148,33.960227],[134.03245,33.960064],[134.03342,33.959821],[134.034293,33.95938],[134.034753,33.959153],[134.035117,33.958899],[134.035465,33.958579],[134.036152,33.958921],[134.036567,33.959079],[134.036854,33.959183],[134.037237,33.959221],[134.038208,33.95935],[134.038352,33.959415],[134.038512,33.959561],[134.038834,33.960076],[134.039027,33.960341],[134.039411,33.960657],[134.039905,33.960827],[134.041674,33.961177],[134.04193,33.961296],[134.042234,33.96156],[134.042475,33.961824],[134.04277,33.961988],[134.043232,33.962079],[134.044315,33.962101],[134.04492,33.962085],[134.045381,33.96203],[134.045922,33.961948],[134.046446,33.961826],[134.047704,33.96182],[134.047333,33.961],[134.048893,33.961006],[134.049371,33.961071],[134.049786,33.961188],[134.050532,33.961277],[134.052354,33.961249],[134.052386,33.961478],[134.052449,33.96173],[134.052535,33.962326],[134.05256,33.963101],[134.052496,33.96373],[134.052254,33.964408],[134.051985,33.965199],[134.051797,33.965786],[134.05161,33.966532],[134.051567,33.966806],[134.05153,33.967385],[134.051575,33.968092],[134.051644,33.968513],[134.051787,33.969]]]},"properties":{"S_NAME":"一宇","HCODE":8101}},{"type":"Feature","geometry":{"type":"Polygon","coordinates":[[[134.052354,33.961249],[134.050532,33.961277],[134.049786,33.961188],[134.049371,33.961071],[134.048893,33.961006],[134.047333,33.961],[134.047704,33.96182],[134.046446,33.961826],[134.045922,33.961948],[134.045381,33.96203],[134.04492,33.962085],[134.044315,33.962101],[134.043232,33.962079],[134.04277,33.961988],[134.042475,33.961824],[134.042234,33.96156],[134.04193,33.961296],[134.041674,33.961177],[134.039905,33.960827],[134.039411,33.960657],[134.039027,33.960341],[134.038834,33.960076],[134.038512,33.959561],[134.038352,33.959415],[134.038208,33.95935],[134.037237,33.959221],[134.036854,33.959183],[134.036567,33.959079],[134.036152,33.958921],[134.035465,33.958579],[134.03583,33.958246],[134.03616,33.957715],[134.036347,33.957024],[134.036438,33.956335],[134.036537,33.955625],[134.036818,33.954682],[134.036909,33.953993],[134.036906,33.953529],[134.036793,33.953112],[134.036725,33.952978],[134.036399,33.952516],[134.036111,33.95212],[134.035823,33.95173],[134.035438,33.951207],[134.034998,33.950534],[134.034627,33.949742],[134.034455,33.94923],[134.034279,33.948648],[134.034233,33.948379],[134.034194,33.94794],[134.034175,33.946964],[134.033919,33.946674],[134.0332,33.946239],[134.032417,33.945792],[134.032034,33.945568],[134.031602,33.945265],[134.031122,33.944883],[134.03061,33.944487],[134.029842,33.943828],[134.029034,33.943069],[134.028842,33.942858],[134.028633,33.942527],[134.028575,33.942269],[134.02858,33.941798],[134.028529,33.941255],[134.028253,33.940367],[134.02822,33.940076],[134.028185,33.939559],[134.028197,33.938936],[134.028319,33.9381],[134.028567,33.937078],[134.028836,33.936077],[134.02927,33.934888],[134.029346,33.934277],[134.029359,33.93376],[134.02926,33.933217],[134.029069,33.932555],[134.029025,33.932364],[134.028931,33.931946],[134.028939,33.931528],[134.029033,33.931329],[134.029103,33.930977],[134.029253,33.930771],[134.029529,33.930405],[134.029861,33.930125],[134.030353,33.929845],[134.030781,33.929684],[134.031393,33.929612],[134.032125,33.92961],[134.032707,33.929662],[134.035905,33.930022],[134.035881,33.930139],[134.035951,33.930738],[134.03599,33.931092],[134.036079,33.931728],[134.036343,33.932912],[134.036698,33.933701],[134.037147,33.934641],[134.037515,33.935337],[134.037873,33.935886],[134.038103,33.936197],[134.038263,33.936458],[134.038413,33.936616],[134.038473,33.936696],[134.038553,33.936762],[134.038946,33.937175],[134.039557,33.937568],[134.039708,33.937666],[134.04066,33.938156],[134.041388,33.938399],[134.042227,33.938728],[134.042873,33.9391],[134.043519,33.939542],[134.043958,33.939884],[134.044166,33.940105],[134.04428,33.940265],[134.044501,33.940655],[134.044615,33.941376],[134.044674,33.941871],[134.044791,33.942755],[134.044885,33.943172],[134.045147,33.943691],[134.04533,33.943954],[134.045546,33.944183],[134.046146,33.944482],[134.046839,33.9449],[134.0474,33.945397],[134.048037,33.945956],[134.048593,33.946499],[134.048922,33.946804],[134.049292,33.947194],[134.049653,33.947655],[134.051575,33.950595],[134.051817,33.950954],[134.052173,33.951499],[134.052476,33.952013],[134.052576,33.952221],[134.05284,33.952774],[134.053062,33.95348],[134.053175,33.953836],[134.05323,33.954011],[134.05326,33.954157],[134.053305,33.954369],[134.053399,33.954821],[134.053539,33.955521],[134.053554,33.956322],[134.053532,33.957593],[134.053178,33.958709],[134.052947,33.959106],[134.052747,33.95941],[134.052627,33.959664],[134.052468,33.960179],[134.052381,33.960745],[134.052354,33.961249]]]},"properties":{"S_NAME":"一宇","HCODE":8101}},{"type":"Feature","geometry":{"type":"Polygon","coordinates":[[[134.02603,33.963713],[134.025865,33.963707],[134.025797,33.963667],[134.025753,33.963641],[134.025639,33.963365],[134.025428,33.962849],[134.02524,33.962266],[134.02524,33.961274],[134.024928,33.960958],[134.023866,33.960391],[134.023003,33.959874],[134.022291,33.959291],[134.021391,33.958658],[134.019329,33.957333],[134.018167,33.956883],[134.017454,33.9567],[134.016654,33.956633],[134.015829,33.956792],[134.015067,33.956792],[134.01443,33.956708],[134.013855,33.95655],[134.013605,33.956392],[134.013255,33.955984],[134.01308,33.955425],[134.012868,33.954975],[134.012698,33.954717],[134.013091,33.954516],[134.014307,33.953944],[134.015008,33.953612],[134.015501,33.953372],[134.015697,33.953188],[134.015839,33.953004],[134.016089,33.952665],[134.016329,33.95238],[134.016799,33.951966],[134.017264,33.951622],[134.017658,33.951355],[134.019603,33.949681],[134.0197,33.949525],[134.019798,33.949324],[134.019786,33.949067],[134.019718,33.94883],[134.019579,33.948533],[134.019146,33.947748],[134.018744,33.946725],[134.018454,33.945921],[134.018229,33.945026],[134.017731,33.94263],[134.017481,33.941186],[134.017348,33.940254],[134.017233,33.939294],[134.0171,33.938159],[134.017071,33.937025],[134.017074,33.935716],[134.017158,33.935057],[134.017296,33.934224],[134.017484,33.933569],[134.017874,33.932708],[134.018596,33.931364],[134.018813,33.930897],[134.019226,33.930127],[134.01938,33.929746],[134.019691,33.929851],[134.020241,33.929988],[134.020743,33.930138],[134.02107,33.930276],[134.021501,33.930499],[134.022445,33.931251],[134.022684,33.931383],[134.023258,33.931566],[134.023927,33.931656],[134.024723,33.931705],[134.025455,33.931715],[134.026378,33.931725],[134.02808,33.931625],[134.028939,33.931528],[134.028931,33.931946],[134.029025,33.932364],[134.029069,33.932555],[134.02926,33.933217],[134.029359,33.93376],[134.029346,33.934277],[134.02927,33.934888],[134.028836,33.936077],[134.028567,33.937078],[134.028319,33.9381],[134.028197,33.938936],[134.028185,33.939559],[134.02822,33.940076],[134.028253,33.940367],[134.028529,33.941255],[134.02858,33.941798],[134.028575,33.942269],[134.028633,33.942527],[134.028842,33.942858],[134.029034,33.943069],[134.029842,33.943828],[134.03061,33.944487],[134.031122,33.944883],[134.031602,33.945265],[134.032034,33.945568],[134.032417,33.945792],[134.0332,33.946239],[134.033919,33.946674],[134.034175,33.946964],[134.034194,33.94794],[134.034233,33.948379],[134.034279,33.948648],[134.034455,33.94923],[134.034627,33.949742],[134.034998,33.950534],[134.035438,33.951207],[134.035823,33.95173],[134.036111,33.95212],[134.036399,33.952516],[134.036725,33.952978],[134.036793,33.953112],[134.036906,33.953529],[134.036909,33.953993],[134.036818,33.954682],[134.036537,33.955625],[134.036438,33.956335],[134.036347,33.957024],[134.03616,33.957715],[134.03583,33.958246],[134.035465,33.958579],[134.035117,33.958899],[134.034753,33.959153],[134.034293,33.95938],[134.03342,33.959821],[134.03245,33.960064],[134.03148,33.960227],[134.030383,33.960352],[134.029869,33.96045],[134.029164,33.960634],[134.028261,33.960924],[134.027372,33.961273],[134.026753,33.96162],[134.0265,33.961899],[134.026248,33.962391],[134.026124,33.962869],[134.026047,33.963333],[134.02603,33.963713]]]},"properties":{"S_NAME":"一宇","HCODE":8101}},{"type":"Feature","geometry":{"type":"Polygon","coordinates":[[[134.012698,33.954717],[134.012644,33.954635],[134.012643,33.954634],[134.01223,33.954317],[134.01158,33.954209],[134.010693,33.954159],[134.009956,33.954234],[134.009518,33.954234],[134.008606,33.954101],[134.007781,33.953809],[134.007019,33.953401],[134.006269,33.953084],[134.006077,33.953017],[134.005915,33.95296],[134.005506,33.952818],[134.005144,33.952526],[134.004569,33.951551],[134.003931,33.951218],[134.003056,33.951035],[134.002419,33.950793],[134.002144,33.950726],[134.001182,33.950726],[134.000471,33.950683],[134.000082,33.95066],[133.999294,33.950451],[133.998632,33.950051],[133.998432,33.949868],[133.997994,33.949577],[133.997694,33.949485],[133.997419,33.949485],[133.997344,33.949443],[133.997244,33.949468],[133.996694,33.949243],[133.995732,33.949043],[133.995457,33.949002],[133.99467,33.948802],[133.99442,33.94871],[133.99392,33.94846],[133.99367,33.948418],[133.993182,33.94851],[133.992682,33.94851],[133.992445,33.94846],[133.990758,33.947944],[133.989833,33.947719],[133.988233,33.947427],[133.987245,33.947185],[133.986121,33.946869],[133.985233,33.946735],[133.984446,33.946644],[133.983446,33.946377],[133.980896,33.94561],[133.979934,33.945519],[133.978672,33.945569],[133.977872,33.945677],[133.977184,33.94591],[133.977197,33.945954],[133.977042,33.946031],[133.976919,33.946023],[133.976754,33.945947],[133.975508,33.94525],[133.974757,33.944971],[133.973687,33.944453],[133.97348,33.944292],[133.973305,33.944138],[133.973026,33.943798],[133.972341,33.943309],[133.972021,33.943147],[133.971507,33.942944],[133.96953,33.941772],[133.968921,33.941176],[133.968415,33.940664],[133.96763,33.939812],[133.967486,33.939702],[133.967321,33.939608],[133.967126,33.939532],[133.966982,33.939507],[133.966735,33.939508],[133.966622,33.93944],[133.966343,33.939082],[133.966255,33.938907],[133.966212,33.938522],[133.966323,33.938137],[133.966464,33.937726],[133.966662,33.937379],[133.966753,33.937148],[133.966813,33.936737],[133.966914,33.936412],[133.967268,33.935589],[133.967971,33.934509],[133.969195,33.933077],[133.969357,33.9327],[133.969471,33.932088],[133.969573,33.931406],[133.969641,33.931275],[133.969769,33.931185],[133.970301,33.930849],[133.9707,33.930574],[133.970976,33.930299],[133.971199,33.929965],[133.971437,33.929344],[133.971559,33.929173],[133.971682,33.929112],[133.97323,33.928756],[133.973671,33.928609],[133.973926,33.928437],[133.974054,33.928252],[133.974155,33.928055],[133.974193,33.927405],[133.974274,33.927234],[133.974671,33.926677],[133.974742,33.926497],[133.974801,33.926258],[133.974812,33.926214],[133.974879,33.925308],[133.974919,33.925111],[133.975123,33.924956],[133.97606,33.924615],[133.976563,33.92457],[133.977333,33.924567],[133.977861,33.924586],[133.978528,33.924558],[133.979507,33.924405],[133.979907,33.9243],[133.980798,33.923912],[133.98187,33.923653],[133.982441,33.923607],[133.983263,33.923662],[133.984103,33.923746],[133.984611,33.923817],[133.985278,33.923793],[133.986613,33.923748],[133.987645,33.923671],[133.987939,33.923619],[133.9895,33.92339],[133.989751,33.923355],[133.990054,33.923392],[133.990211,33.923392],[133.990503,33.923376],[133.991452,33.923207],[133.991729,33.923189],[133.992143,33.923212],[133.992353,33.923254],[133.992593,33.923312],[133.992698,33.923316],[133.992826,33.923316],[133.992942,33.923276],[133.993053,33.923218],[133.993686,33.922792],[133.993901,33.92266],[133.994123,33.922571],[133.994521,33.922515],[133.995131,33.922295],[133.995499,33.922139],[133.995678,33.92198],[133.99583,33.921569],[133.995983,33.921423],[133.997022,33.921022],[133.997421,33.92084],[133.997912,33.920607],[133.998312,33.920495],[133.999081,33.920415],[133.999419,33.920362],[134.000449,33.920029],[134.001259,33.919846],[134.002183,33.91956],[134.00236,33.919497],[134.002617,33.919441],[134.002729,33.919402],[134.002829,33.919256],[134.002903,33.919565],[134.002977,33.919734],[134.003195,33.920015],[134.003514,33.920279],[134.003962,33.920609],[134.004569,33.921024],[134.005144,33.92136],[134.005966,33.921814],[134.00658,33.922123],[134.007167,33.922382],[134.007749,33.922599],[134.008689,33.922933],[134.00965,33.923237],[134.011276,33.923668],[134.01204,33.923844],[134.012503,33.924014],[134.01285,33.924155],[134.013085,33.924297],[134.013321,33.924498],[134.013914,33.925172],[134.014534,33.925796],[134.015095,33.92639],[134.015887,33.927149],[134.016536,33.927802],[134.017143,33.928277],[134.01821,33.929038],[134.01938,33.929746],[134.019226,33.930127],[134.018813,33.930897],[134.018596,33.931364],[134.017874,33.932708],[134.017484,33.933569],[134.017296,33.934224],[134.017158,33.935057],[134.017074,33.935716],[134.017071,33.937025],[134.0171,33.938159],[134.017233,33.939294],[134.017348,33.940254],[134.017481,33.941186],[134.017731,33.94263],[134.018229,33.945026],[134.018454,33.945921],[134.018744,33.946725],[134.019146,33.947748],[134.019579,33.948533],[134.019718,33.94883],[134.019786,33.949067],[134.019798,33.949324],[134.0197,33.949525],[134.019603,33.949681],[134.017658,33.951355],[134.017264,33.951622],[134.016799,33.951966],[134.016329,33.95238],[134.016089,33.952665],[134.015839,33.953004],[134.015697,33.953188],[134.015501,33.953372],[134.015008,33.953612],[134.014307,33.953944],[134.013091,33.954516],[134.012698,33.954717]]]},"properties":{"S_NAME":"一宇","HCODE":8101}},{"type":"Feature","geometry":{"type":"Polygon","coordinates":[[[134.063312,33.95444],[134.062867,33.954332],[134.062598,33.9543],[134.062295,33.954305],[134.06207,33.954317],[134.061796,33.954352],[134.06155,33.954361],[134.06111,33.954336],[134.060801,33.954346],[134.060614,33.954368],[134.060485,33.954345],[134.060201,33.9543],[134.060009,33.95428],[134.059558,33.954253],[134.059376,33.954232],[134.059234,33.954233],[134.059059,33.954253],[134.058988,33.954257],[134.058786,33.954216],[134.058493,33.95431],[134.058024,33.954331],[134.057943,33.954327],[134.057827,33.954273],[134.05774,33.954214],[134.057664,33.954185],[134.057563,33.954181],[134.057446,33.954199],[134.05729,33.954242],[134.057083,33.954281],[134.056961,33.954323],[134.056583,33.954489],[134.055284,33.954875],[134.055072,33.954935],[134.054807,33.955027],[134.054746,33.955031],[134.054579,33.955015],[134.054411,33.954965],[134.054203,33.954873],[134.054107,33.954798],[134.05404,33.954689],[134.053927,33.95447],[134.053748,33.954201],[134.05356,33.954075],[134.053433,33.954021],[134.05323,33.954011],[134.053175,33.953836],[134.053062,33.95348],[134.05284,33.952774],[134.052576,33.952221],[134.052476,33.952013],[134.052173,33.951499],[134.052715,33.951505],[134.053032,33.95147],[134.053246,33.951383],[134.053773,33.951077],[134.054204,33.950953],[134.054747,33.950912],[134.055227,33.950966],[134.055453,33.951065],[134.055802,33.951278],[134.056018,33.951482],[134.056187,33.951562],[134.056443,33.951578],[134.05677,33.951542],[134.057108,33.951415],[134.057378,33.951278],[134.057674,33.951073],[134.057916,33.950801],[134.058052,33.950685],[134.058307,33.950522],[134.058419,33.950419],[134.058469,33.950282],[134.058503,33.94976],[134.05852,33.94952],[134.058591,33.949392],[134.058713,33.94934],[134.059132,33.949262],[134.059213,33.949159],[134.059254,33.948943],[134.059414,33.948673],[134.059618,33.948493],[134.060342,33.948149],[134.061034,33.947771],[134.061625,33.947453],[134.062074,33.947238],[134.062833,33.94689],[134.064056,33.946589],[134.065194,33.946627],[134.065356,33.94664],[134.066197,33.94671],[134.067145,33.946681],[134.068558,33.946625],[134.069396,33.946613],[134.069962,33.946662],[134.070918,33.947053],[134.071851,33.947406],[134.072553,33.947671],[134.073116,33.947822],[134.073925,33.947954],[134.074585,33.948007],[134.07472,33.948568],[134.074738,33.94876],[134.074739,33.948947],[134.07471,33.949194],[134.074646,33.949358],[134.074523,33.949497],[134.074377,33.949585],[134.07412,33.949682],[134.073753,33.949778],[134.073334,33.949865],[134.072553,33.950043],[134.07141,33.950287],[134.069037,33.950992],[134.068838,33.951082],[134.068741,33.95116],[134.068615,33.951326],[134.068454,33.951423],[134.068322,33.951474],[134.067903,33.95151],[134.067443,33.951615],[134.067065,33.951723],[134.066619,33.95191],[134.066339,33.95209],[134.065988,33.952347],[134.065638,33.952737],[134.065443,33.953038],[134.065322,33.953204],[134.065006,33.953432],[134.064278,33.953852],[134.063312,33.95444]]]},"properties":{"S_NAME":"一宇","HCODE":8101}},{"type":"Feature","geometry":{"type":"Polygon","coordinates":[[[134.062833,33.94689],[134.062074,33.947238],[134.061625,33.947453],[134.061034,33.947771],[134.060342,33.948149],[134.059618,33.948493],[134.059414,33.948673],[134.059254,33.948943],[134.059213,33.949159],[134.059132,33.949262],[134.058713,33.94934],[134.058591,33.949392],[134.05852,33.94952],[134.058503,33.94976],[134.058469,33.950282],[134.058419,33.950419],[134.058307,33.950522],[134.058052,33.950685],[134.057916,33.950801],[134.057674,33.951073],[134.057378,33.951278],[134.057108,33.951415],[134.05677,33.951542],[134.056443,33.951578],[134.056187,33.951562],[134.056018,33.951482],[134.055802,33.951278],[134.055453,33.951065],[134.055227,33.950966],[134.054747,33.950912],[134.054204,33.950953],[134.053773,33.951077],[134.053246,33.951383],[134.053032,33.95147],[134.052715,33.951505],[134.052173,33.951499],[134.051817,33.950954],[134.051575,33.950595],[134.049653,33.947655],[134.049292,33.947194],[134.048922,33.946804],[134.048593,33.946499],[134.048037,33.945956],[134.0474,33.945397],[134.046839,33.9449],[134.046146,33.944482],[134.045546,33.944183],[134.04533,33.943954],[134.045147,33.943691],[134.044885,33.943172],[134.044791,33.942755],[134.044674,33.941871],[134.044615,33.941376],[134.044501,33.940655],[134.044667,33.940647],[134.045638,33.940603],[134.04592,33.94058],[134.04626,33.940553],[134.047425,33.940546],[134.048455,33.940584],[134.049485,33.940712],[134.050652,33.940908],[134.050881,33.940987],[134.052976,33.94137],[134.055145,33.941864],[134.055295,33.941935],[134.055639,33.942233],[134.05595,33.942469],[134.056219,33.942674],[134.056558,33.943132],[134.056795,33.943404],[134.057,33.943602],[134.05716,33.943713],[134.057458,33.943869],[134.057792,33.944004],[134.058418,33.944188],[134.058827,33.944278],[134.059296,33.944367],[134.059872,33.944465],[134.060227,33.944454],[134.060681,33.944332],[134.061475,33.943966],[134.061631,33.944374],[134.061683,33.944562],[134.061786,33.944723],[134.061981,33.944816],[134.062135,33.944917],[134.062187,33.945019],[134.062147,33.945198],[134.062035,33.945275],[134.061934,33.945335],[134.061895,33.945744],[134.061917,33.945915],[134.061979,33.946034],[134.062461,33.946261],[134.062625,33.946363],[134.062801,33.946677],[134.062833,33.94689]]]},"properties":{"S_NAME":"一宇","HCODE":8101}},{"type":"Feature","geometry":{"type":"Polygon","coordinates":[[[134.061475,33.943966],[134.060681,33.944332],[134.060227,33.944454],[134.059872,33.944465],[134.059296,33.944367],[134.058827,33.944278],[134.058418,33.944188],[134.057792,33.944004],[134.057458,33.943869],[134.05716,33.943713],[134.057,33.943602],[134.056795,33.943404],[134.056558,33.943132],[134.056219,33.942674],[134.05595,33.942469],[134.055639,33.942233],[134.055295,33.941935],[134.055145,33.941864],[134.052976,33.94137],[134.050881,33.940987],[134.050652,33.940908],[134.049485,33.940712],[134.048455,33.940584],[134.047425,33.940546],[134.04626,33.940553],[134.04592,33.94058],[134.045638,33.940603],[134.044667,33.940647],[134.044501,33.940655],[134.04428,33.940265],[134.044166,33.940105],[134.043958,33.939884],[134.043519,33.939542],[134.042873,33.9391],[134.042227,33.938728],[134.041388,33.938399],[134.04066,33.938156],[134.040845,33.937591],[134.041035,33.937354],[134.042158,33.936479],[134.042809,33.935955],[134.043426,33.935364],[134.044053,33.934752],[134.044559,33.934173],[134.044931,33.933889],[134.045982,33.933296],[134.04732,33.932964],[134.048308,33.932772],[134.048873,33.932793],[134.049254,33.932862],[134.049537,33.932966],[134.050538,33.933702],[134.050889,33.933857],[134.051223,33.933941],[134.05179,33.93398],[134.052256,33.934025],[134.052567,33.934106],[134.052765,33.934175],[134.053224,33.934511],[134.053885,33.934839],[134.054333,33.934938],[134.054598,33.934937],[134.055085,33.934835],[134.056109,33.934653],[134.056297,33.934659],[134.056623,33.934722],[134.057222,33.934904],[134.058028,33.935249],[134.058208,33.93532],[134.058379,33.93534],[134.05855,33.935311],[134.059233,33.935165],[134.059652,33.935121],[134.0599,33.935226],[134.060191,33.935415],[134.060417,33.935636],[134.060534,33.935792],[134.060849,33.936625],[134.06099,33.936781],[134.061591,33.937318],[134.061784,33.937587],[134.061852,33.937773],[134.061877,33.937965],[134.061922,33.93838],[134.061905,33.938511],[134.061569,33.939054],[134.061546,33.939251],[134.061596,33.939473],[134.061473,33.939734],[134.061432,33.939982],[134.061328,33.940731],[134.061295,33.941247],[134.061229,33.942369],[134.061204,33.943133],[134.061316,33.943618],[134.061475,33.943966]]]},"properties":{"S_NAME":"一宇","HCODE":8101}},{"type":"Feature","geometry":{"type":"Polygon","coordinates":[[[134.059652,33.935121],[134.059233,33.935165],[134.05855,33.935311],[134.058379,33.93534],[134.058208,33.93532],[134.058028,33.935249],[134.057222,33.934904],[134.056623,33.934722],[134.056297,33.934659],[134.056109,33.934653],[134.055085,33.934835],[134.054598,33.934937],[134.054333,33.934938],[134.053885,33.934839],[134.053224,33.934511],[134.052765,33.934175],[134.052567,33.934106],[134.052256,33.934025],[134.05179,33.93398],[134.051223,33.933941],[134.050889,33.933857],[134.050538,33.933702],[134.049537,33.932966],[134.049254,33.932862],[134.048873,33.932793],[134.048308,33.932772],[134.04732,33.932964],[134.045982,33.933296],[134.044931,33.933889],[134.044559,33.934173],[134.044053,33.934752],[134.043426,33.935364],[134.042809,33.935955],[134.042158,33.936479],[134.041035,33.937354],[134.040845,33.937591],[134.04066,33.938156],[134.039708,33.937666],[134.039557,33.937568],[134.038946,33.937175],[134.038553,33.936762],[134.038473,33.936696],[134.038413,33.936616],[134.038263,33.936458],[134.038103,33.936197],[134.037873,33.935886],[134.037515,33.935337],[134.037147,33.934641],[134.036698,33.933701],[134.036343,33.932912],[134.036079,33.931728],[134.03599,33.931092],[134.035951,33.930738],[134.035881,33.930139],[134.035905,33.930022],[134.035925,33.929925],[134.036455,33.929745],[134.037024,33.92958],[134.0374,33.929488],[134.037715,33.929406],[134.038236,33.929292],[134.038939,33.929168],[134.039861,33.929093],[134.040771,33.929089],[134.041621,33.929156],[134.042435,33.929314],[134.042872,33.929342],[134.043333,33.92932],[134.044527,33.929128],[134.045473,33.928952],[134.046242,33.928751],[134.046957,33.928546],[134.047544,33.928315],[134.048694,33.927785],[134.049522,33.92725],[134.0498,33.927148],[134.050128,33.927136],[134.051197,33.927323],[134.052217,33.92743],[134.0532,33.927466],[134.05405,33.927442],[134.054571,33.927429],[134.055081,33.927417],[134.055967,33.927453],[134.057339,33.927488],[134.058152,33.927504],[134.059123,33.927573],[134.060072,33.927724],[134.060859,33.927944],[134.061701,33.928164],[134.06276,33.928427],[134.062845,33.928945],[134.062984,33.929282],[134.063008,33.929575],[134.062934,33.929824],[134.062507,33.930481],[134.06242,33.930874],[134.062314,33.931075],[134.06202,33.931476],[134.061869,33.931905],[134.061686,33.932448],[134.061417,33.932923],[134.061016,33.933489],[134.06056,33.934127],[134.060187,33.934591],[134.059881,33.934949],[134.059652,33.935121]]]},"properties":{"S_NAME":"一宇","HCODE":8101}},{"type":"Feature","geometry":{"type":"Polygon","coordinates":[[[134.062183,33.939521],[134.061596,33.939473],[134.061546,33.939251],[134.061569,33.939054],[134.061905,33.938511],[134.061922,33.93838],[134.061877,33.937965],[134.061852,33.937773],[134.061784,33.937587],[134.061591,33.937318],[134.06099,33.936781],[134.060849,33.936625],[134.060534,33.935792],[134.060417,33.935636],[134.060191,33.935415],[134.0599,33.935226],[134.059652,33.935121],[134.059881,33.934949],[134.060187,33.934591],[134.06056,33.934127],[134.061016,33.933489],[134.061417,33.932923],[134.061686,33.932448],[134.061869,33.931905],[134.06202,33.931476],[134.062314,33.931075],[134.06242,33.930874],[134.062507,33.930481],[134.062934,33.929824],[134.063008,33.929575],[134.062984,33.929282],[134.062845,33.928945],[134.06276,33.928427],[134.062946,33.92802],[134.063082,33.927876],[134.063202,33.927693],[134.063237,33.92741],[134.063152,33.925499],[134.063283,33.925175],[134.063451,33.924871],[134.063645,33.924646],[134.064495,33.924204],[134.064766,33.924021],[134.064958,33.923849],[134.065048,33.923737],[134.065098,33.923579],[134.065452,33.923705],[134.065799,33.923869],[134.066377,33.924146],[134.066955,33.92451],[134.06777,33.924956],[134.068639,33.925547],[134.069339,33.926127],[134.070341,33.927143],[134.070804,33.927482],[134.071214,33.927689],[134.071629,33.927814],[134.072457,33.927915],[134.072335,33.928465],[134.072129,33.928937],[134.071838,33.929314],[134.071304,33.92988],[134.070333,33.931451],[134.070073,33.931644],[134.069811,33.931768],[134.069487,33.93183],[134.067404,33.932067],[134.066174,33.932243],[134.065442,33.932491],[134.065076,33.932623],[134.064899,33.932764],[134.064701,33.932948],[134.064535,33.933245],[134.064433,33.933595],[134.064403,33.933822],[134.064404,33.934839],[134.064299,33.935542],[134.064212,33.935914],[134.06377,33.936778],[134.063635,33.936962],[134.063442,33.937178],[134.06278,33.937713],[134.062762,33.938356],[134.062659,33.938723],[134.062452,33.939151],[134.062302,33.939348],[134.062183,33.939521]]]},"properties":{"S_NAME":"一宇","HCODE":8101}},{"type":"Feature","geometry":{"type":"Polygon","coordinates":[[[134.071126,33.935275],[134.071104,33.935389],[134.071021,33.935493],[134.070787,33.935675],[134.070593,33.93582],[134.07042,33.935936],[134.070257,33.935999],[134.07,33.936118],[134.069602,33.936316],[134.069434,33.936358],[134.069213,33.936388],[134.06898,33.936461],[134.068777,33.936595],[134.068689,33.936721],[134.068642,33.936895],[134.068593,33.936951],[134.068456,33.936999],[134.068306,33.937048],[134.068195,33.937104],[134.068105,33.937154],[134.06799,33.937173],[134.067808,33.937178],[134.067555,33.937168],[134.067411,33.937189],[134.067221,33.937234],[134.067087,33.93722],[134.066874,33.937162],[134.066776,33.937129],[134.066683,33.937122],[134.066608,33.937137],[134.066582,33.937182],[134.066578,33.937237],[134.066556,33.937274],[134.066498,33.937293],[134.06621,33.937342],[134.066099,33.937354],[134.065953,33.937362],[134.065824,33.937333],[134.065742,33.937269],[134.065688,33.937191],[134.065661,33.937147],[134.065594,33.937125],[134.065426,33.9371],[134.065293,33.937097],[134.065168,33.937087],[134.065017,33.937058],[134.064933,33.937073],[134.064872,33.937147],[134.064808,33.937297],[134.06472,33.937397],[134.064641,33.937438],[134.064563,33.937437],[134.064386,33.937397],[134.064275,33.937416],[134.064189,33.937459],[134.064122,33.937522],[134.063984,33.937665],[134.063891,33.937717],[134.06378,33.937725],[134.063263,33.937696],[134.06278,33.937713],[134.063442,33.937178],[134.063635,33.936962],[134.06377,33.936778],[134.064212,33.935914],[134.064299,33.935542],[134.064404,33.934839],[134.064403,33.933822],[134.064433,33.933595],[134.064535,33.933245],[134.064701,33.932948],[134.064899,33.932764],[134.065076,33.932623],[134.065442,33.932491],[134.066174,33.932243],[134.067404,33.932067],[134.069487,33.93183],[134.069811,33.931768],[134.070073,33.931644],[134.070333,33.931451],[134.071304,33.92988],[134.071838,33.929314],[134.072129,33.928937],[134.072335,33.928465],[134.072457,33.927915],[134.072577,33.927718],[134.072889,33.927428],[134.07315,33.927279],[134.074075,33.926947],[134.07469,33.926551],[134.075075,33.926166],[134.075598,33.925387],[134.07603,33.924843],[134.076864,33.924141],[134.077928,33.923464],[134.078543,33.923085],[134.079049,33.922843],[134.0792,33.922707],[134.079281,33.922408],[134.079252,33.922189],[134.079194,33.921755],[134.079239,33.921446],[134.079432,33.921099],[134.080024,33.920645],[134.08068,33.920274],[134.08171,33.91988],[134.083544,33.919099],[134.083806,33.919069],[134.084751,33.919079],[134.085175,33.919083],[134.085486,33.919016],[134.085719,33.918927],[134.086072,33.918664],[134.086839,33.918778],[134.08762,33.91885],[134.088777,33.918985],[134.089168,33.919124],[134.089403,33.919177],[134.089815,33.919247],[134.090194,33.919267],[134.09079,33.919285],[134.091441,33.919326],[134.092308,33.91941],[134.092856,33.919501],[134.093393,33.919628],[134.094327,33.919895],[134.095566,33.920312],[134.096713,33.920815],[134.09799,33.92176],[134.09859,33.922229],[134.099327,33.92281],[134.09982,33.923398],[134.098899,33.923444],[134.097916,33.923533],[134.096549,33.923915],[134.095365,33.924193],[134.094263,33.924454],[134.092865,33.924818],[134.091793,33.925121],[134.090957,33.925398],[134.089929,33.925784],[134.089163,33.926139],[134.088688,33.926379],[134.087874,33.926754],[134.087325,33.926897],[134.087117,33.926913],[134.086983,33.926895],[134.086739,33.926834],[134.086407,33.926854],[134.0861,33.926811],[134.08528,33.926826],[134.085091,33.926788],[134.084932,33.926785],[134.084848,33.926793],[134.084733,33.926838],[134.0846,33.926883],[134.084317,33.926932],[134.0839,33.926916],[134.083695,33.926876],[134.083571,33.926891],[134.083443,33.926918],[134.083337,33.926952],[134.083284,33.926992],[134.083174,33.927085],[134.083006,33.927204],[134.082865,33.927334],[134.082787,33.927347],[134.082052,33.927377],[134.081799,33.927385],[134.081115,33.92727],[134.08092,33.927257],[134.080789,33.927244],[134.080267,33.927112],[134.079861,33.927034],[134.079493,33.927032],[134.079291,33.927002],[134.079198,33.926988],[134.079065,33.927003],[134.078952,33.927053],[134.078604,33.92734],[134.078468,33.927551],[134.078386,33.927586],[134.077762,33.927781],[134.077594,33.927871],[134.077537,33.927882],[134.077346,33.927887],[134.077271,33.92792],[134.077249,33.927961],[134.077236,33.928072],[134.077179,33.928161],[134.077129,33.928281],[134.077056,33.928317],[134.076875,33.928329],[134.076733,33.928373],[134.076604,33.928393],[134.076481,33.92843],[134.076375,33.928519],[134.0763,33.928616],[134.076281,33.928714],[134.07626,33.928865],[134.076189,33.928991],[134.076101,33.929043],[134.076049,33.929206],[134.076041,33.929295],[134.07609,33.929394],[134.076133,33.929544],[134.076203,33.929704],[134.076179,33.929754],[134.076043,33.92988],[134.075862,33.930069],[134.075717,33.930292],[134.075577,33.930562],[134.075502,33.930662],[134.075432,33.930803],[134.075424,33.930881],[134.075447,33.931021],[134.07543,33.931091],[134.075356,33.931291],[134.075303,33.931376],[134.075188,33.931428],[134.075016,33.931548],[134.074924,33.93164],[134.074851,33.931753],[134.074737,33.931931],[134.074475,33.932193],[134.074092,33.932538],[134.073767,33.933001],[134.073723,33.933186],[134.073676,33.933338],[134.073506,33.933522],[134.0734,33.933592],[134.073055,33.934043],[134.072881,33.934256],[134.072813,33.93431],[134.072747,33.934336],[134.072649,33.934344],[134.072547,33.934344],[134.072472,33.934345],[134.072352,33.934356],[134.072175,33.934409],[134.071983,33.934493],[134.071678,33.934653],[134.071431,33.934802],[134.071341,33.93487],[134.071261,33.934952],[134.071195,33.935071],[134.071126,33.935275]]]},"properties":{"S_NAME":"一宇","HCODE":8101}},{"type":"Feature","geometry":{"type":"Polygon","coordinates":[[[134.084297,33.94027],[134.083642,33.94006],[134.082304,33.939625],[134.080525,33.939049],[134.07942,33.938696],[134.078358,33.938355],[134.077181,33.937931],[134.076722,33.937743],[134.07636,33.937544],[134.075839,33.937151],[134.075355,33.936995],[134.074265,33.936501],[134.073596,33.936281],[134.073142,33.936135],[134.072671,33.936001],[134.071707,33.935621],[134.071126,33.935275],[134.071195,33.935071],[134.071261,33.934952],[134.071341,33.93487],[134.071431,33.934802],[134.071678,33.934653],[134.071983,33.934493],[134.072175,33.934409],[134.072352,33.934356],[134.072472,33.934345],[134.072547,33.934344],[134.072649,33.934344],[134.072747,33.934336],[134.072813,33.93431],[134.072881,33.934256],[134.073055,33.934043],[134.0734,33.933592],[134.073506,33.933522],[134.073676,33.933338],[134.073723,33.933186],[134.073767,33.933001],[134.074092,33.932538],[134.074475,33.932193],[134.074737,33.931931],[134.074851,33.931753],[134.074924,33.93164],[134.075016,33.931548],[134.075188,33.931428],[134.075303,33.931376],[134.075356,33.931291],[134.07543,33.931091],[134.075447,33.931021],[134.075424,33.930881],[134.075432,33.930803],[134.075502,33.930662],[134.075577,33.930562],[134.075717,33.930292],[134.075862,33.930069],[134.076043,33.92988],[134.076179,33.929754],[134.076203,33.929704],[134.076133,33.929544],[134.07609,33.929394],[134.076041,33.929295],[134.076049,33.929206],[134.076101,33.929043],[134.076189,33.928991],[134.07626,33.928865],[134.076281,33.928714],[134.0763,33.928616],[134.076375,33.928519],[134.076481,33.92843],[134.076604,33.928393],[134.076733,33.928373],[134.076875,33.928329],[134.077056,33.928317],[134.077129,33.928281],[134.077179,33.928161],[134.077236,33.928072],[134.077249,33.927961],[134.077271,33.92792],[134.077346,33.927887],[134.077537,33.927882],[134.077594,33.927871],[134.077762,33.927781],[134.078386,33.927586],[134.078468,33.927551],[134.078604,33.92734],[134.078952,33.927053],[134.079065,33.927003],[134.079198,33.926988],[134.079291,33.927002],[134.079493,33.927032],[134.079861,33.927034],[134.080267,33.927112],[134.080789,33.927244],[134.08092,33.927257],[134.081115,33.92727],[134.081799,33.927385],[134.082052,33.927377],[134.082787,33.927347],[134.082865,33.927334],[134.083006,33.927204],[134.083174,33.927085],[134.083284,33.926992],[134.083337,33.926952],[134.083443,33.926918],[134.083571,33.926891],[134.083695,33.926876],[134.0839,33.926916],[134.084317,33.926932],[134.0846,33.926883],[134.084733,33.926838],[134.084848,33.926793],[134.084932,33.926785],[134.085091,33.926788],[134.08528,33.926826],[134.0861,33.926811],[134.086407,33.926854],[134.086739,33.926834],[134.086983,33.926895],[134.087117,33.926913],[134.087325,33.926897],[134.087874,33.926754],[134.088688,33.926379],[134.089163,33.926139],[134.089929,33.925784],[134.090957,33.925398],[134.091793,33.925121],[134.092865,33.924818],[134.094263,33.924454],[134.095365,33.924193],[134.096549,33.923915],[134.097916,33.923533],[134.098899,33.923444],[134.09982,33.923398],[134.099886,33.923566],[134.099902,33.923961],[134.099647,33.924112],[134.099297,33.924425],[134.098963,33.924929],[134.098852,33.925177],[134.098844,33.92539],[134.099128,33.926546],[134.099182,33.927023],[134.099165,33.927517],[134.099049,33.927975],[134.098352,33.928814],[134.097935,33.929129],[134.096957,33.929627],[134.096488,33.929868],[134.095544,33.930206],[134.095402,33.930326],[134.095331,33.930457],[134.095124,33.930548],[134.09471,33.930645],[134.093423,33.930878],[134.092462,33.930897],[134.091913,33.930915],[134.091284,33.930966],[134.090726,33.931088],[134.090341,33.931197],[134.090127,33.931341],[134.089736,33.931754],[134.088837,33.932213],[134.087695,33.932585],[134.087379,33.93268],[134.087217,33.932822],[134.087156,33.933004],[134.087088,33.934218],[134.086948,33.934687],[134.086696,33.935293],[134.086316,33.936016],[134.085629,33.936844],[134.085284,33.937272],[134.084843,33.937806],[134.084409,33.938609],[134.084329,33.938924],[134.084376,33.93981],[134.084337,33.940099],[134.084297,33.94027]]]},"properties":{"S_NAME":"一宇","HCODE":8101}},{"type":"Feature","geometry":{"type":"Polygon","coordinates":[[[134.084297,33.94027],[134.083491,33.940495],[134.082917,33.940597],[134.08221,33.940778],[134.081511,33.941024],[134.080874,33.941304],[134.080288,33.941601],[134.07933,33.942074],[134.07818,33.942794],[134.077452,33.943288],[134.076841,33.943691],[134.076475,33.943991],[134.076091,33.944546],[134.075903,33.944849],[134.075136,33.944785],[134.074123,33.944687],[134.072767,33.944476],[134.072172,33.944326],[134.071444,33.944023],[134.071054,33.94382],[134.070561,33.943447],[134.069775,33.9428],[134.069168,33.942317],[134.068664,33.941842],[134.068119,33.941317],[134.067471,33.940843],[134.067019,33.940496],[134.066372,33.940116],[134.066003,33.939879],[134.065736,33.939769],[134.065429,33.939686],[134.064999,33.939645],[134.064457,33.939622],[134.063874,33.939608],[134.063199,33.939585],[134.062183,33.939521],[134.062302,33.939348],[134.062452,33.939151],[134.062659,33.938723],[134.062762,33.938356],[134.06278,33.937713],[134.063263,33.937696],[134.06378,33.937725],[134.063891,33.937717],[134.063984,33.937665],[134.064122,33.937522],[134.064189,33.937459],[134.064275,33.937416],[134.064386,33.937397],[134.064563,33.937437],[134.064641,33.937438],[134.06472,33.937397],[134.064808,33.937297],[134.064872,33.937147],[134.064933,33.937073],[134.065017,33.937058],[134.065168,33.937087],[134.065293,33.937097],[134.065426,33.9371],[134.065594,33.937125],[134.065661,33.937147],[134.065688,33.937191],[134.065742,33.937269],[134.065824,33.937333],[134.065953,33.937362],[134.066099,33.937354],[134.06621,33.937342],[134.066498,33.937293],[134.066556,33.937274],[134.066578,33.937237],[134.066582,33.937182],[134.066608,33.937137],[134.066683,33.937122],[134.066776,33.937129],[134.066874,33.937162],[134.067087,33.93722],[134.067221,33.937234],[134.067411,33.937189],[134.067555,33.937168],[134.067808,33.937178],[134.06799,33.937173],[134.068105,33.937154],[134.068195,33.937104],[134.068306,33.937048],[134.068456,33.936999],[134.068593,33.936951],[134.068642,33.936895],[134.068689,33.936721],[134.068777,33.936595],[134.06898,33.936461],[134.069213,33.936388],[134.069434,33.936358],[134.069602,33.936316],[134.07,33.936118],[134.070257,33.935999],[134.07042,33.935936],[134.070593,33.93582],[134.070787,33.935675],[134.071021,33.935493],[134.071104,33.935389],[134.071126,33.935275],[134.071707,33.935621],[134.072671,33.936001],[134.073142,33.936135],[134.073596,33.936281],[134.074265,33.936501],[134.075355,33.936995],[134.075839,33.937151],[134.07636,33.937544],[134.076722,33.937743],[134.077181,33.937931],[134.078358,33.938355],[134.07942,33.938696],[134.080525,33.939049],[134.082304,33.939625],[134.083642,33.94006],[134.084297,33.94027]]]},"properties":{"S_NAME":"一宇","HCODE":8101}},{"type":"Feature","geometry":{"type":"Polygon","coordinates":[[[134.074585,33.948007],[134.073925,33.947954],[134.073116,33.947822],[134.072553,33.947671],[134.071851,33.947406],[134.070918,33.947053],[134.069962,33.946662],[134.069396,33.946613],[134.068558,33.946625],[134.067145,33.946681],[134.066197,33.94671],[134.065356,33.94664],[134.065194,33.946627],[134.064056,33.946589],[134.062833,33.94689],[134.062801,33.946677],[134.062625,33.946363],[134.062461,33.946261],[134.061979,33.946034],[134.061917,33.945915],[134.061895,33.945744],[134.061934,33.945335],[134.062035,33.945275],[134.062147,33.945198],[134.062187,33.945019],[134.062135,33.944917],[134.061981,33.944816],[134.061786,33.944723],[134.061683,33.944562],[134.061631,33.944374],[134.061475,33.943966],[134.061316,33.943618],[134.061204,33.943133],[134.061229,33.942369],[134.061295,33.941247],[134.061328,33.940731],[134.061432,33.939982],[134.061473,33.939734],[134.061596,33.939473],[134.062183,33.939521],[134.063199,33.939585],[134.063874,33.939608],[134.064457,33.939622],[134.064999,33.939645],[134.065429,33.939686],[134.065736,33.939769],[134.066003,33.939879],[134.066372,33.940116],[134.067019,33.940496],[134.067471,33.940843],[134.068119,33.941317],[134.068664,33.941842],[134.069168,33.942317],[134.069775,33.9428],[134.070561,33.943447],[134.071054,33.94382],[134.071444,33.944023],[134.072172,33.944326],[134.072767,33.944476],[134.074123,33.944687],[134.075136,33.944785],[134.075903,33.944849],[134.075625,33.945156],[134.075545,33.945305],[134.075522,33.945508],[134.075551,33.946211],[134.075504,33.946501],[134.075449,33.946738],[134.075281,33.947111],[134.074798,33.947735],[134.074585,33.948007]]]},"properties":{"S_NAME":"一宇","HCODE":8101}},{"type":"Feature","geometry":{"type":"Polygon","coordinates":[[[134.081351,33.960411],[134.081309,33.96043],[134.081239,33.960437],[134.080993,33.96042],[134.080623,33.960426],[134.080468,33.960299],[134.080215,33.960132],[134.079658,33.959789],[134.079282,33.9596],[134.078998,33.959515],[134.078012,33.959403],[134.077558,33.95933],[134.077149,33.9593],[134.076771,33.959262],[134.076577,33.959218],[134.076126,33.959116],[134.075884,33.959028],[134.07562,33.958903],[134.075188,33.958748],[134.075014,33.958673],[134.073965,33.958426],[134.073507,33.958286],[134.073367,33.958221],[134.073254,33.958119],[134.073181,33.957975],[134.073198,33.957714],[134.073207,33.957586],[134.073258,33.957509],[134.07342,33.957287],[134.073541,33.957082],[134.07355,33.956903],[134.073426,33.956665],[134.073179,33.956445],[134.072919,33.956246],[134.072293,33.955934],[134.071287,33.955558],[134.070526,33.95527],[134.06751,33.954385],[134.067274,33.954258],[134.06712,33.954216],[134.064962,33.954047],[134.064572,33.953955],[134.064278,33.953852],[134.065006,33.953432],[134.065322,33.953204],[134.065443,33.953038],[134.065638,33.952737],[134.065988,33.952347],[134.066339,33.95209],[134.066619,33.95191],[134.067065,33.951723],[134.067443,33.951615],[134.067903,33.95151],[134.068322,33.951474],[134.068454,33.951423],[134.068615,33.951326],[134.068741,33.95116],[134.068838,33.951082],[134.069037,33.950992],[134.07141,33.950287],[134.072553,33.950043],[134.073334,33.949865],[134.073753,33.949778],[134.07412,33.949682],[134.074377,33.949585],[134.074523,33.949497],[134.074646,33.949358],[134.07471,33.949194],[134.074739,33.948947],[134.074738,33.94876],[134.07472,33.948568],[134.074585,33.948007],[134.074798,33.947735],[134.075281,33.947111],[134.075449,33.946738],[134.075504,33.946501],[134.075551,33.946211],[134.075522,33.945508],[134.075545,33.945305],[134.075625,33.945156],[134.075903,33.944849],[134.076091,33.944546],[134.076475,33.943991],[134.076841,33.943691],[134.077452,33.943288],[134.07818,33.942794],[134.07933,33.942074],[134.080288,33.941601],[134.080874,33.941304],[134.081511,33.941024],[134.08221,33.940778],[134.082917,33.940597],[134.083491,33.940495],[134.084297,33.94027],[134.084337,33.940099],[134.084376,33.93981],[134.084329,33.938924],[134.084409,33.938609],[134.084843,33.937806],[134.085284,33.937272],[134.085629,33.936844],[134.086316,33.936016],[134.086696,33.935293],[134.086948,33.934687],[134.087088,33.934218],[134.087156,33.933004],[134.087217,33.932822],[134.087379,33.93268],[134.087695,33.932585],[134.088837,33.932213],[134.089736,33.931754],[134.090127,33.931341],[134.090341,33.931197],[134.090726,33.931088],[134.091284,33.930966],[134.091913,33.930915],[134.092462,33.930897],[134.093423,33.930878],[134.09471,33.930645],[134.095124,33.930548],[134.095331,33.930457],[134.095433,33.930718],[134.095555,33.93093],[134.096183,33.931512],[134.096785,33.932116],[134.097169,33.9327],[134.097458,33.933273],[134.097523,33.933692],[134.097561,33.934095],[134.097486,33.934817],[134.097546,33.935447],[134.097934,33.936392],[134.098043,33.936774],[134.098123,33.937276],[134.098103,33.937577],[134.098018,33.938034],[134.097803,33.938473],[134.097423,33.938967],[134.096836,33.939573],[134.095944,33.94014],[134.095055,33.940512],[134.094433,33.940752],[134.093624,33.940957],[134.092963,33.941041],[134.092437,33.94114],[134.092273,33.941214],[134.092098,33.941279],[134.092049,33.941366],[134.092068,33.941603],[134.092036,33.941731],[134.091992,33.941836],[134.091979,33.941934],[134.092001,33.942329],[134.091983,33.942441],[134.091837,33.942661],[134.091717,33.942766],[134.091646,33.942789],[134.091569,33.942753],[134.091492,33.942749],[134.091339,33.942823],[134.09126,33.942898],[134.091163,33.943036],[134.091119,33.943132],[134.091085,33.943223],[134.091055,33.943349],[134.091052,33.943491],[134.091075,33.943589],[134.091133,33.94374],[134.091147,33.943808],[134.091137,33.943915],[134.091065,33.944114],[134.091012,33.9442],[134.090936,33.944296],[134.090895,33.944376],[134.090866,33.944463],[134.090845,33.94463],[134.090835,33.944723],[134.090789,33.944819],[134.090739,33.944926],[134.090712,33.944999],[134.09071,33.945056],[134.090732,33.945122],[134.090768,33.945176],[134.090851,33.94526],[134.090914,33.945342],[134.090962,33.945442],[134.090954,33.945513],[134.09092,33.945558],[134.090725,33.945631],[134.090584,33.945692],[134.09049,33.945769],[134.090412,33.945825],[134.090307,33.945856],[134.090165,33.945884],[134.089998,33.945922],[134.089889,33.945975],[134.089826,33.946036],[134.089691,33.946227],[134.089626,33.946325],[134.08957,33.946377],[134.089482,33.946413],[134.089378,33.946428],[134.089181,33.946442],[134.089099,33.946461],[134.089045,33.946491],[134.088982,33.946553],[134.088868,33.946727],[134.088771,33.946869],[134.088684,33.946997],[134.088587,33.94711],[134.088442,33.947231],[134.088323,33.947339],[134.088257,33.947438],[134.088241,33.947587],[134.088237,33.947848],[134.088272,33.94809],[134.08837,33.948454],[134.088315,33.948594],[134.088243,33.948702],[134.088165,33.948735],[134.088047,33.948745],[134.087745,33.948727],[134.08751,33.94878],[134.087348,33.948855],[134.087304,33.948911],[134.087282,33.948986],[134.087373,33.949168],[134.087567,33.949309],[134.087747,33.949429],[134.087798,33.949522],[134.087782,33.949667],[134.08771,33.949807],[134.087632,33.949868],[134.08747,33.949916],[134.087291,33.94994],[134.087098,33.950004],[134.086903,33.95014],[134.086764,33.950197],[134.086543,33.950219],[134.086428,33.950254],[134.086336,33.950308],[134.086245,33.950456],[134.086137,33.950617],[134.085881,33.950879],[134.085719,33.95103],[134.085597,33.951077],[134.085398,33.951094],[134.085325,33.951113],[134.085258,33.951169],[134.085009,33.951604],[134.084915,33.951707],[134.084814,33.95175],[134.08468,33.951774],[134.084428,33.951761],[134.084288,33.951789],[134.084031,33.951903],[134.083875,33.951964],[134.08378,33.95202],[134.083722,33.952098],[134.083701,33.952233],[134.083708,33.952462],[134.083704,33.952563],[134.083648,33.952704],[134.083574,33.952792],[134.083499,33.952818],[134.083395,33.9528],[134.083221,33.952717],[134.083002,33.952604],[134.082661,33.952335],[134.082252,33.952119],[134.082154,33.952103],[134.082031,33.952131],[134.081786,33.952298],[134.081285,33.952772],[134.081164,33.952913],[134.081095,33.953032],[134.081071,33.953161],[134.081054,33.95344],[134.081045,33.953638],[134.081068,33.953743],[134.081116,33.953817],[134.081231,33.953889],[134.081346,33.953947],[134.081436,33.954007],[134.081538,33.954116],[134.081619,33.954254],[134.081645,33.954464],[134.081647,33.954788],[134.081696,33.954872],[134.08178,33.95496],[134.082037,33.955086],[134.082223,33.955197],[134.082276,33.955271],[134.082266,33.955386],[134.082166,33.955466],[134.08171,33.955605],[134.081534,33.955613],[134.081385,33.955572],[134.08127,33.955505],[134.08114,33.955386],[134.08107,33.955354],[134.080975,33.955357],[134.080884,33.955379],[134.080798,33.955434],[134.080726,33.955522],[134.080673,33.955646],[134.080618,33.955824],[134.080608,33.955973],[134.080647,33.956158],[134.080644,33.95648],[134.080634,33.956739],[134.080641,33.956818],[134.080669,33.956863],[134.080714,33.956902],[134.080887,33.956961],[134.080951,33.957005],[134.081064,33.957158],[134.081145,33.957331],[134.081206,33.957599],[134.081194,33.957733],[134.081147,33.957862],[134.081112,33.957955],[134.081098,33.958056],[134.08105,33.958338],[134.08101,33.958423],[134.080788,33.958686],[134.08075,33.958776],[134.080729,33.958972],[134.080758,33.959093],[134.08085,33.959259],[134.080949,33.959405],[134.080966,33.959445],[134.08097,33.959517],[134.080962,33.959673],[134.080987,33.959784],[134.081038,33.959898],[134.081163,33.960096],[134.081348,33.960332],[134.08137,33.960385],[134.081351,33.960411]]]},"properties":{"S_NAME":"一宇","HCODE":8101}},{"type":"Feature","geometry":{"type":"Polygon","coordinates":[[[134.098963,33.959266],[134.098857,33.959314],[134.098666,33.95949],[134.09851,33.959769],[134.098412,33.960023],[134.098392,33.960076],[134.097528,33.960134],[134.096687,33.960095],[134.095847,33.959988],[134.095195,33.959857],[134.094543,33.959681],[134.09381,33.959461],[134.093287,33.959284],[134.092756,33.959135],[134.091665,33.959025],[134.090582,33.959033],[134.089897,33.959074],[134.089301,33.959122],[134.088536,33.959229],[134.087855,33.95934],[134.087126,33.95947],[134.086388,33.959648],[134.085767,33.959855],[134.084984,33.960176],[134.084281,33.960361],[134.083522,33.960508],[134.082775,33.960606],[134.082278,33.960601],[134.081545,33.96053],[134.081351,33.960411],[134.08137,33.960385],[134.081348,33.960332],[134.081163,33.960096],[134.081038,33.959898],[134.080987,33.959784],[134.080962,33.959673],[134.08097,33.959517],[134.080966,33.959445],[134.080949,33.959405],[134.08085,33.959259],[134.080758,33.959093],[134.080729,33.958972],[134.08075,33.958776],[134.080788,33.958686],[134.08101,33.958423],[134.08105,33.958338],[134.081098,33.958056],[134.081112,33.957955],[134.081147,33.957862],[134.081194,33.957733],[134.081206,33.957599],[134.081145,33.957331],[134.081064,33.957158],[134.080951,33.957005],[134.080887,33.956961],[134.080714,33.956902],[134.080669,33.956863],[134.080641,33.956818],[134.080634,33.956739],[134.080644,33.95648],[134.080647,33.956158],[134.080608,33.955973],[134.080618,33.955824],[134.080673,33.955646],[134.080726,33.955522],[134.080798,33.955434],[134.080884,33.955379],[134.080975,33.955357],[134.08107,33.955354],[134.08114,33.955386],[134.08127,33.955505],[134.081385,33.955572],[134.081534,33.955613],[134.08171,33.955605],[134.082166,33.955466],[134.082266,33.955386],[134.082276,33.955271],[134.082223,33.955197],[134.082037,33.955086],[134.08178,33.95496],[134.081696,33.954872],[134.081647,33.954788],[134.081645,33.954464],[134.081619,33.954254],[134.081538,33.954116],[134.081436,33.954007],[134.081346,33.953947],[134.081231,33.953889],[134.081116,33.953817],[134.081068,33.953743],[134.081045,33.953638],[134.081054,33.95344],[134.081071,33.953161],[134.081095,33.953032],[134.081164,33.952913],[134.081285,33.952772],[134.081786,33.952298],[134.082031,33.952131],[134.082154,33.952103],[134.082252,33.952119],[134.082661,33.952335],[134.083002,33.952604],[134.083221,33.952717],[134.083395,33.9528],[134.083499,33.952818],[134.083574,33.952792],[134.083648,33.952704],[134.083704,33.952563],[134.083708,33.952462],[134.083701,33.952233],[134.083722,33.952098],[134.08378,33.95202],[134.083875,33.951964],[134.084031,33.951903],[134.084288,33.951789],[134.084428,33.951761],[134.08468,33.951774],[134.084814,33.95175],[134.084915,33.951707],[134.085009,33.951604],[134.085258,33.951169],[134.085325,33.951113],[134.085398,33.951094],[134.085597,33.951077],[134.085719,33.95103],[134.085881,33.950879],[134.086137,33.950617],[134.086245,33.950456],[134.086336,33.950308],[134.086428,33.950254],[134.086543,33.950219],[134.086764,33.950197],[134.086903,33.95014],[134.087098,33.950004],[134.087291,33.94994],[134.08747,33.949916],[134.087632,33.949868],[134.08771,33.949807],[134.087782,33.949667],[134.087798,33.949522],[134.087747,33.949429],[134.087567,33.949309],[134.087373,33.949168],[134.087282,33.948986],[134.087304,33.948911],[134.087348,33.948855],[134.08751,33.94878],[134.087745,33.948727],[134.088047,33.948745],[134.088165,33.948735],[134.088243,33.948702],[134.088315,33.948594],[134.08837,33.948454],[134.088272,33.94809],[134.088237,33.947848],[134.088241,33.947587],[134.088257,33.947438],[134.088323,33.947339],[134.088442,33.947231],[134.088587,33.94711],[134.088684,33.946997],[134.088771,33.946869],[134.088868,33.946727],[134.088982,33.946553],[134.089045,33.946491],[134.089099,33.946461],[134.089181,33.946442],[134.089378,33.946428],[134.089482,33.946413],[134.08957,33.946377],[134.089626,33.946325],[134.089691,33.946227],[134.089826,33.946036],[134.089889,33.945975],[134.089998,33.945922],[134.090165,33.945884],[134.090307,33.945856],[134.090412,33.945825],[134.09049,33.945769],[134.090584,33.945692],[134.090725,33.945631],[134.09092,33.945558],[134.090954,33.945513],[134.090962,33.945442],[134.090914,33.945342],[134.090851,33.94526],[134.090768,33.945176],[134.090732,33.945122],[134.09071,33.945056],[134.090712,33.944999],[134.090739,33.944926],[134.090789,33.944819],[134.090835,33.944723],[134.090845,33.94463],[134.090866,33.944463],[134.090895,33.944376],[134.090936,33.944296],[134.091012,33.9442],[134.091065,33.944114],[134.091137,33.943915],[134.091147,33.943808],[134.091133,33.94374],[134.091075,33.943589],[134.091052,33.943491],[134.091055,33.943349],[134.091085,33.943223],[134.091119,33.943132],[134.091163,33.943036],[134.09126,33.942898],[134.091339,33.942823],[134.091492,33.942749],[134.091569,33.942753],[134.091646,33.942789],[134.091717,33.942766],[134.091837,33.942661],[134.091983,33.942441],[134.092001,33.942329],[134.091979,33.941934],[134.091992,33.941836],[134.092036,33.941731],[134.092068,33.941603],[134.092049,33.941366],[134.092098,33.941279],[134.092273,33.941214],[134.092437,33.94114],[134.092963,33.941041],[134.093624,33.940957],[134.094433,33.940752],[134.095055,33.940512],[134.095944,33.94014],[134.096836,33.939573],[134.097423,33.938967],[134.097803,33.938473],[134.098018,33.938034],[134.098103,33.937577],[134.098123,33.937276],[134.098043,33.936774],[134.097934,33.936392],[134.097546,33.935447],[134.097486,33.934817],[134.097561,33.934095],[134.097523,33.933692],[134.097458,33.933273],[134.097169,33.9327],[134.096785,33.932116],[134.096183,33.931512],[134.095555,33.93093],[134.095433,33.930718],[134.095331,33.930457],[134.095402,33.930326],[134.095544,33.930206],[134.096488,33.929868],[134.096957,33.929627],[134.097935,33.929129],[134.098352,33.928814],[134.099049,33.927975],[134.099165,33.927517],[134.099182,33.927023],[134.099128,33.926546],[134.098844,33.92539],[134.098852,33.925177],[134.098963,33.924929],[134.099297,33.924425],[134.099647,33.924112],[134.099902,33.923961],[134.099974,33.925707],[134.100098,33.92638],[134.100327,33.927705],[134.100546,33.92877],[134.100614,33.928972],[134.100774,33.929147],[134.101691,33.929668],[134.101948,33.929902],[134.102375,33.930261],[134.102948,33.930909],[134.103011,33.931099],[134.103022,33.931335],[134.102917,33.932761],[134.102824,33.933284],[134.102852,33.933556],[134.102938,33.933838],[134.103205,33.934131],[134.10348,33.934402],[134.103695,33.93482],[134.104016,33.935311],[134.104514,33.935838],[134.104768,33.936083],[134.104857,33.936252],[134.10489,33.937222],[134.104833,33.937832],[134.104843,33.937987],[134.104879,33.938082],[134.105164,33.938412],[134.105178,33.938526],[134.105117,33.938673],[134.105022,33.938953],[134.105066,33.939633],[134.105158,33.940147],[134.105339,33.94069],[134.105502,33.941388],[134.105527,33.941766],[134.105476,33.942075],[134.10525,33.942584],[134.105084,33.94271],[134.102919,33.943602],[134.102527,33.943777],[134.102396,33.943962],[134.102345,33.944175],[134.102159,33.945404],[134.102112,33.945672],[134.101775,33.946578],[134.101548,33.947554],[134.10141,33.948047],[134.101345,33.948271],[134.101271,33.948415],[134.101197,33.948529],[134.101087,33.9486],[134.099838,33.949187],[134.099169,33.949455],[134.098958,33.949573],[134.098844,33.949692],[134.098792,33.94989],[134.098803,33.950185],[134.098787,33.95039],[134.098617,33.950748],[134.098374,33.951212],[134.098375,33.951411],[134.098429,33.951616],[134.098663,33.95227],[134.098724,33.952773],[134.098542,33.953208],[134.098476,33.95364],[134.098473,33.953661],[134.098472,33.953665],[134.098402,33.954094],[134.098329,33.954889],[134.09823,33.955919],[134.098145,33.956448],[134.098165,33.956742],[134.098238,33.95708],[134.098386,33.957421],[134.098535,33.957802],[134.098907,33.958883],[134.098963,33.959266]]]},"properties":{"S_NAME":"一宇","HCODE":8101}},{"type":"Feature","geometry":{"type":"Polygon","coordinates":[[[134.080623,33.960426],[134.080993,33.96042],[134.081239,33.960437],[134.081309,33.96043],[134.081351,33.960411],[134.081545,33.96053],[134.082278,33.960601],[134.082775,33.960606],[134.083522,33.960508],[134.084281,33.960361],[134.084984,33.960176],[134.085767,33.959855],[134.086388,33.959648],[134.087126,33.95947],[134.087855,33.95934],[134.088536,33.959229],[134.089301,33.959122],[134.089897,33.959074],[134.090582,33.959033],[134.091665,33.959025],[134.092756,33.959135],[134.093287,33.959284],[134.09381,33.959461],[134.094543,33.959681],[134.095195,33.959857],[134.095847,33.959988],[134.096687,33.960095],[134.097528,33.960134],[134.098392,33.960076],[134.09826,33.960419],[134.098175,33.960587],[134.098048,33.960669],[134.097327,33.960771],[134.097137,33.9609],[134.096965,33.96106],[134.096785,33.961318],[134.096098,33.962202],[134.095755,33.962916],[134.095685,33.963035],[134.095058,33.963358],[134.094973,33.963443],[134.094885,33.96396],[134.094847,33.96405],[134.094496,33.964611],[134.094448,33.964751],[134.09426,33.965826],[134.094251,33.965871],[134.094155,33.965935],[134.093873,33.966059],[134.093582,33.966265],[134.093323,33.966593],[134.093193,33.966792],[134.092911,33.967226],[134.092766,33.967499],[134.092698,33.967817],[134.092723,33.968942],[134.092667,33.969173],[134.092498,33.969392],[134.091898,33.969842],[134.091211,33.970267],[134.089998,33.971034],[134.089116,33.971723],[134.088936,33.971892],[134.08884,33.972012],[134.088386,33.972592],[134.087836,33.973108],[134.087261,33.973408],[134.086775,33.973655],[134.086649,33.973741],[134.086546,33.973848],[134.085969,33.97439],[134.085532,33.974999],[134.085386,33.975341],[134.085259,33.975672],[134.085249,33.975949],[134.085287,33.976674],[134.085161,33.976798],[134.08496,33.976855],[134.084442,33.976866],[134.084057,33.976764],[134.08025,33.974563],[134.080198,33.974563],[134.080164,33.974591],[134.07991,33.975415],[134.079865,33.975191],[134.079864,33.974991],[134.079906,33.974859],[134.079979,33.974716],[134.080061,33.974636],[134.080142,33.974548],[134.080279,33.974267],[134.080421,33.973974],[134.080525,33.973693],[134.080614,33.973619],[134.080786,33.973526],[134.08093,33.973437],[134.081049,33.973297],[134.081119,33.973092],[134.081167,33.972694],[134.081184,33.972358],[134.081108,33.971734],[134.081118,33.971455],[134.081164,33.971191],[134.081245,33.971019],[134.081476,33.970795],[134.081811,33.97053],[134.0825,33.970086],[134.082824,33.969728],[134.082945,33.969466],[134.083019,33.969101],[134.083096,33.968408],[134.083104,33.96777],[134.082995,33.967403],[134.082762,33.967055],[134.082392,33.966643],[134.082338,33.966511],[134.082342,33.966363],[134.082408,33.966171],[134.08277,33.965721],[134.0829,33.965676],[134.083132,33.965653],[134.083242,33.965577],[134.08337,33.96532],[134.083412,33.965147],[134.083383,33.96502],[134.0833,33.96488],[134.082862,33.964396],[134.082523,33.963989],[134.082357,33.963722],[134.081904,33.963162],[134.081541,33.962675],[134.081327,33.962332],[134.081055,33.961639],[134.080961,33.961191],[134.080858,33.960859],[134.080731,33.960536],[134.080623,33.960426]]]},"properties":{"S_NAME":"一宇","HCODE":8101}},{"type":"Feature","geometry":{"type":"Polygon","coordinates":[[[134.072457,33.927915],[134.071629,33.927814],[134.071214,33.927689],[134.070804,33.927482],[134.070341,33.927143],[134.069339,33.926127],[134.068639,33.925547],[134.06777,33.924956],[134.066955,33.92451],[134.066377,33.924146],[134.065799,33.923869],[134.065452,33.923705],[134.065098,33.923579],[134.065065,33.923468],[134.064947,33.923244],[134.064882,33.923085],[134.064874,33.922941],[134.064914,33.922854],[134.065051,33.922691],[134.065114,33.922582],[134.065138,33.922443],[134.06514,33.922293],[134.06516,33.921769],[134.065117,33.921646],[134.065072,33.921427],[134.065092,33.921294],[134.065218,33.921036],[134.065386,33.920829],[134.065524,33.920692],[134.065687,33.920621],[134.066019,33.920589],[134.066091,33.920553],[134.066181,33.920482],[134.06629,33.920376],[134.066374,33.92026],[134.066433,33.920073],[134.066498,33.919871],[134.066497,33.919715],[134.066442,33.919615],[134.065751,33.919354],[134.0653,33.919114],[134.065086,33.9189],[134.064986,33.918685],[134.06497,33.918532],[134.065017,33.918353],[134.06514,33.918247],[134.065485,33.917986],[134.065677,33.917898],[134.06603,33.917743],[134.066231,33.917598],[134.066415,33.917339],[134.066678,33.916969],[134.066996,33.91666],[134.067214,33.916523],[134.067313,33.916443],[134.067372,33.916331],[134.067382,33.916186],[134.067361,33.916058],[134.067429,33.915967],[134.067687,33.915684],[134.067959,33.915444],[134.068231,33.915291],[134.068568,33.915214],[134.068945,33.915169],[134.069932,33.91511],[134.071017,33.915056],[134.072498,33.914974],[134.073629,33.915033],[134.074968,33.915157],[134.077361,33.915449],[134.080563,33.916062],[134.082646,33.916637],[134.084392,33.917365],[134.085334,33.917903],[134.086072,33.918664],[134.085719,33.918927],[134.085486,33.919016],[134.085175,33.919083],[134.084751,33.919079],[134.083806,33.919069],[134.083544,33.919099],[134.08171,33.91988],[134.08068,33.920274],[134.080024,33.920645],[134.079432,33.921099],[134.079239,33.921446],[134.079194,33.921755],[134.079252,33.922189],[134.079281,33.922408],[134.0792,33.922707],[134.079049,33.922843],[134.078543,33.923085],[134.077928,33.923464],[134.076864,33.924141],[134.07603,33.924843],[134.075598,33.925387],[134.075075,33.926166],[134.07469,33.926551],[134.074075,33.926947],[134.07315,33.927279],[134.072889,33.927428],[134.072577,33.927718],[134.072457,33.927915]]]},"properties":{"S_NAME":"一宇","HCODE":8101}},{"type":"Feature","geometry":{"type":"Polygon","coordinates":[[[134.086072,33.918664],[134.085334,33.917903],[134.084392,33.917365],[134.082646,33.916637],[134.080563,33.916062],[134.077361,33.915449],[134.074968,33.915157],[134.073629,33.915033],[134.072498,33.914974],[134.071017,33.915056],[134.069932,33.91511],[134.068945,33.915169],[134.068568,33.915214],[134.068231,33.915291],[134.067959,33.915444],[134.067687,33.915684],[134.067429,33.915967],[134.067361,33.916058],[134.067256,33.915927],[134.067061,33.915766],[134.06681,33.915553],[134.0665,33.915272],[134.066404,33.91516],[134.066332,33.915013],[134.06627,33.914731],[134.066196,33.914502],[134.066032,33.914273],[134.065843,33.914091],[134.06575,33.913939],[134.06571,33.913729],[134.065748,33.913555],[134.065853,33.913422],[134.066073,33.913305],[134.066367,33.913256],[134.066586,33.913255],[134.067021,33.913297],[134.067241,33.913338],[134.067361,33.913337],[134.067474,33.913319],[134.067541,33.913257],[134.067732,33.912933],[134.067858,33.912773],[134.068073,33.912601],[134.068245,33.912506],[134.068479,33.91247],[134.068655,33.912442],[134.068772,33.912395],[134.068941,33.912288],[134.069129,33.912197],[134.069543,33.91208],[134.069937,33.911831],[134.070367,33.911557],[134.070533,33.911471],[134.070698,33.911417],[134.070893,33.911402],[134.071581,33.911373],[134.072217,33.91132],[134.072634,33.911251],[134.072892,33.911158],[134.07332,33.910863],[134.073464,33.910803],[134.07375,33.910737],[134.073955,33.910721],[134.07415,33.910697],[134.074319,33.91064],[134.074499,33.910503],[134.074636,33.910355],[134.074767,33.91015],[134.074962,33.909695],[134.075074,33.909535],[134.075275,33.909375],[134.075666,33.909167],[134.076037,33.908881],[134.076266,33.908641],[134.076374,33.908407],[134.07641,33.908232],[134.076391,33.908144],[134.076366,33.908055],[134.076294,33.907873],[134.076279,33.907714],[134.07632,33.90756],[134.076516,33.907273],[134.076548,33.907173],[134.076533,33.907029],[134.076528,33.906914],[134.076574,33.906822],[134.076736,33.906649],[134.077962,33.9072],[134.078614,33.907489],[134.079344,33.907908],[134.079736,33.908134],[134.080435,33.908699],[134.080784,33.909075],[134.080999,33.90941],[134.08123,33.910087],[134.081407,33.910638],[134.081495,33.911162],[134.081558,33.911583],[134.081638,33.911842],[134.081789,33.912189],[134.082526,33.913382],[134.08338,33.914377],[134.083654,33.914775],[134.084033,33.915163],[134.084393,33.915535],[134.084825,33.915955],[134.085218,33.916387],[134.085585,33.916937],[134.085903,33.91778],[134.086072,33.918664]]]},"properties":{"S_NAME":"一宇","HCODE":8101}},{"type":"Feature","geometry":{"type":"Polygon","coordinates":[[[134.080872,33.90376],[134.081268,33.903844],[134.081581,33.903996],[134.081912,33.90423],[134.0822,33.904575],[134.082502,33.905051],[134.082655,33.905511],[134.082764,33.905848],[134.082807,33.905941],[134.082887,33.906008],[134.083005,33.90606],[134.083127,33.906069],[134.083239,33.906041],[134.083334,33.905988],[134.083467,33.905845],[134.083567,33.905734],[134.08366,33.905669],[134.083849,33.905635],[134.084179,33.90562],[134.084637,33.905622],[134.084917,33.905658],[134.085594,33.905784],[134.085893,33.905871],[134.086181,33.90599],[134.086454,33.906135],[134.086603,33.906205],[134.08671,33.906227],[134.086822,33.906213],[134.087034,33.906132],[134.087342,33.905891],[134.087437,33.905859],[134.087576,33.905863],[134.08772,33.905925],[134.087811,33.906],[134.087865,33.906146],[134.08792,33.906296],[134.087973,33.906381],[134.088059,33.906442],[134.088294,33.906517],[134.088468,33.906577],[134.088671,33.906702],[134.088793,33.906802],[134.088983,33.906972],[134.089123,33.907095],[134.089395,33.907403],[134.089538,33.907542],[134.08973,33.907654],[134.090003,33.907712],[134.090229,33.907736],[134.090259,33.908445],[134.090313,33.908988],[134.090434,33.90955],[134.090621,33.910307],[134.090808,33.910946],[134.090962,33.911643],[134.091136,33.912346],[134.091297,33.913039],[134.091358,33.913488],[134.091446,33.913938],[134.091489,33.914532],[134.09144,33.91479],[134.091321,33.915133],[134.091004,33.915947],[134.090657,33.916558],[134.090434,33.916979],[134.090242,33.917402],[134.090102,33.917858],[134.08995,33.918389],[134.089815,33.919247],[134.089403,33.919177],[134.089168,33.919124],[134.088777,33.918985],[134.08762,33.91885],[134.086839,33.918778],[134.086072,33.918664],[134.085903,33.91778],[134.085585,33.916937],[134.085218,33.916387],[134.084825,33.915955],[134.084393,33.915535],[134.084033,33.915163],[134.083654,33.914775],[134.08338,33.914377],[134.082526,33.913382],[134.081789,33.912189],[134.081638,33.911842],[134.081558,33.911583],[134.081495,33.911162],[134.081407,33.910638],[134.08123,33.910087],[134.080999,33.90941],[134.080784,33.909075],[134.080435,33.908699],[134.079736,33.908134],[134.079344,33.907908],[134.078614,33.907489],[134.077962,33.9072],[134.076736,33.906649],[134.076677,33.906623],[134.077407,33.905757],[134.077575,33.90568],[134.077861,33.905635],[134.07812,33.905558],[134.078276,33.905504],[134.078392,33.905351],[134.078442,33.905102],[134.078532,33.904961],[134.078687,33.904895],[134.079206,33.904709],[134.079471,33.904568],[134.080003,33.904239],[134.080623,33.90385],[134.080872,33.90376]]]},"properties":{"S_NAME":"一宇","HCODE":8101}},{"type":"Feature","geometry":{"type":"Polygon","coordinates":[[[134.09982,33.923398],[134.099327,33.92281],[134.09859,33.922229],[134.09799,33.92176],[134.096713,33.920815],[134.095566,33.920312],[134.094327,33.919895],[134.093393,33.919628],[134.092856,33.919501],[134.092308,33.91941],[134.091441,33.919326],[134.09079,33.919285],[134.090194,33.919267],[134.089815,33.919247],[134.08995,33.918389],[134.090102,33.917858],[134.090242,33.917402],[134.090434,33.916979],[134.090657,33.916558],[134.091004,33.915947],[134.091321,33.915133],[134.09144,33.91479],[134.091489,33.914532],[134.091446,33.913938],[134.091358,33.913488],[134.091297,33.913039],[134.091136,33.912346],[134.090962,33.911643],[134.090808,33.910946],[134.090621,33.910307],[134.090434,33.90955],[134.090313,33.908988],[134.090259,33.908445],[134.090229,33.907736],[134.090675,33.907784],[134.090979,33.907833],[134.09117,33.907841],[134.091372,33.907827],[134.091652,33.907769],[134.091879,33.90768],[134.09206,33.907611],[134.092191,33.907594],[134.092378,33.90761],[134.092596,33.907668],[134.092778,33.907764],[134.092905,33.907885],[134.092992,33.908003],[134.093099,33.908208],[134.093201,33.90833],[134.093313,33.908371],[134.093469,33.90837],[134.093615,33.908336],[134.093741,33.908256],[134.093866,33.908158],[134.09421,33.907822],[134.094739,33.907241],[134.094857,33.907167],[134.094968,33.907137],[134.095124,33.907178],[134.095246,33.907274],[134.095297,33.90735],[134.095318,33.907467],[134.095314,33.907615],[134.09532,33.907712],[134.095361,33.907762],[134.095614,33.907828],[134.09577,33.90784],[134.095987,33.907813],[134.096267,33.907768],[134.096383,33.907772],[134.096505,33.907805],[134.096611,33.907884],[134.096754,33.90806],[134.096916,33.90819],[134.097104,33.908294],[134.097276,33.908348],[134.097503,33.908385],[134.09772,33.908358],[134.097847,33.908362],[134.097935,33.908389],[134.097981,33.90846],[134.098013,33.908658],[134.098029,33.908872],[134.09807,33.908965],[134.098177,33.90901],[134.098323,33.909031],[134.098626,33.909008],[134.098914,33.908965],[134.099689,33.908955],[134.099885,33.908937],[134.100077,33.908886],[134.100228,33.90886],[134.100334,33.908859],[134.100446,33.908905],[134.100512,33.90898],[134.100533,33.909068],[134.100487,33.909378],[134.1005,33.909498],[134.100562,33.90959],[134.100691,33.90965],[134.100812,33.90969],[134.101105,33.90971],[134.101354,33.910932],[134.10139,33.911636],[134.101302,33.912839],[134.101231,33.91377],[134.101124,33.915088],[134.100998,33.91608],[134.10092,33.916679],[134.100923,33.917091],[134.100959,33.917794],[134.101051,33.918552],[134.101052,33.918966],[134.100925,33.919891],[134.100768,33.920546],[134.100559,33.921381],[134.100349,33.922082],[134.09982,33.923398]]]},"properties":{"S_NAME":"一宇","HCODE":8101}},{"type":"Feature","geometry":{"type":"Polygon","coordinates":[[[134.10937,33.885947],[134.109539,33.886065],[134.109736,33.886335],[134.109829,33.886584],[134.109959,33.886691],[134.110124,33.88676],[134.111282,33.88689],[134.11224,33.88697],[134.112885,33.886992],[134.11338,33.887115],[134.113724,33.887194],[134.11393,33.887213],[134.114309,33.887216],[134.11461,33.887195],[134.114893,33.887138],[134.115068,33.887117],[134.115315,33.887136],[134.115526,33.88719],[134.115738,33.887294],[134.116407,33.887675],[134.116594,33.88777],[134.116896,33.887869],[134.117264,33.887932],[134.117916,33.888009],[134.118773,33.888201],[134.119234,33.888297],[134.119536,33.888345],[134.119898,33.888444],[134.120201,33.888573],[134.12064,33.88886],[134.120757,33.888928],[134.121106,33.889134],[134.121275,33.889273],[134.121397,33.889434],[134.121575,33.88986],[134.121731,33.890213],[134.121951,33.890589],[134.122289,33.891062],[134.122489,33.891231],[134.122665,33.891391],[134.122756,33.891496],[134.122878,33.891737],[134.122934,33.891938],[134.122978,33.892168],[134.122946,33.892817],[134.122983,33.892917],[134.123053,33.893014],[134.123363,33.893269],[134.12372,33.893518],[134.123887,33.893756],[134.124042,33.894303],[134.124164,33.894903],[134.124203,33.895354],[134.124235,33.895545],[134.124357,33.895756],[134.124465,33.895892],[134.124515,33.895956],[134.12455,33.896109],[134.124474,33.896431],[134.124439,33.896602],[134.124452,33.896843],[134.124613,33.897379],[134.124789,33.897934],[134.124899,33.898199],[134.124967,33.89844],[134.124981,33.898499],[134.125126,33.899135],[134.12525,33.899622],[134.125538,33.900173],[134.125859,33.900812],[134.125969,33.901097],[134.125968,33.901263],[134.125906,33.90174],[134.125695,33.90218],[134.125659,33.902624],[134.125659,33.903894],[134.125617,33.904882],[134.125559,33.90576],[134.125549,33.906182],[134.125434,33.907094],[134.125406,33.907534],[134.125398,33.907672],[134.12531,33.908084],[134.125186,33.908994],[134.125007,33.909309],[134.12424,33.910776],[134.124091,33.911039],[134.124098,33.911115],[134.124138,33.911197],[134.124693,33.911548],[134.124768,33.911644],[134.124911,33.911933],[134.125012,33.912105],[134.125087,33.91218],[134.125185,33.91224],[134.125533,33.912318],[134.125823,33.912423],[134.12607,33.912531],[134.127101,33.913175],[134.127252,33.913386],[134.127361,33.914013],[134.127315,33.914912],[134.127109,33.915184],[134.126884,33.915472],[134.126744,33.915798],[134.12672,33.916177],[134.126734,33.916584],[134.126975,33.917226],[134.126978,33.917594],[134.126289,33.918256],[134.126257,33.918393],[134.126278,33.918562],[134.126583,33.919974],[134.126624,33.920192],[134.126561,33.920574],[134.126501,33.920786],[134.126267,33.92082],[134.126119,33.920785],[134.125896,33.920733],[134.124634,33.920573],[134.124076,33.92063],[134.123283,33.920678],[134.121924,33.920593],[134.121574,33.920703],[134.121394,33.920855],[134.120884,33.92134],[134.120663,33.921417],[134.119857,33.921399],[134.116897,33.920845],[134.116467,33.920804],[134.115935,33.920883],[134.1153,33.921135],[134.11174,33.921261],[134.111311,33.921231],[134.111037,33.921135],[134.110764,33.921082],[134.110491,33.921094],[134.110238,33.921176],[134.109953,33.921319],[134.109486,33.921332],[134.108965,33.921269],[134.108314,33.921143],[134.107964,33.921144],[134.107535,33.921244],[134.106726,33.921589],[134.106389,33.921796],[134.106203,33.921982],[134.106055,33.922275],[134.105706,33.922547],[134.105408,33.922733],[134.104658,33.922998],[134.10364,33.923304],[134.103154,33.923437],[134.102869,33.923524],[134.102593,33.923603],[134.102308,33.92363],[134.101676,33.923562],[134.101384,33.923525],[134.101333,33.92352],[134.100898,33.92347],[134.100505,33.923427],[134.09982,33.923398],[134.100349,33.922082],[134.100559,33.921381],[134.100768,33.920546],[134.100925,33.919891],[134.101052,33.918966],[134.101051,33.918552],[134.100959,33.917794],[134.100923,33.917091],[134.10092,33.916679],[134.100998,33.91608],[134.101124,33.915088],[134.101231,33.91377],[134.101302,33.912839],[134.10139,33.911636],[134.101354,33.910932],[134.101105,33.90971],[134.101306,33.909671],[134.101491,33.909597],[134.101626,33.909418],[134.101721,33.909163],[134.102043,33.90827],[134.102252,33.907528],[134.102286,33.907276],[134.102278,33.907048],[134.102202,33.906404],[134.10213,33.90628],[134.101949,33.90616],[134.101766,33.906115],[134.101665,33.906061],[134.101594,33.905981],[134.101532,33.905805],[134.101521,33.905687],[134.10157,33.905485],[134.101615,33.905337],[134.101704,33.905173],[134.101831,33.904914],[134.101892,33.904819],[134.102015,33.904765],[134.102294,33.904715],[134.102398,33.904665],[134.102766,33.904344],[134.103245,33.904022],[134.103823,33.903654],[134.103934,33.903632],[134.104142,33.903636],[134.104265,33.903614],[134.104316,33.903548],[134.10447,33.903212],[134.104456,33.903098],[134.104397,33.903007],[134.104172,33.902848],[134.104119,33.90274],[134.104097,33.902421],[134.10405,33.902185],[134.103946,33.902056],[134.10382,33.901947],[134.103753,33.901837],[134.103531,33.901106],[134.103471,33.900922],[134.10347,33.900781],[134.103673,33.900314],[134.103664,33.9001],[134.103612,33.899965],[134.103493,33.899831],[134.103219,33.899606],[134.103024,33.899437],[134.102978,33.899323],[134.102976,33.899161],[134.102985,33.898718],[134.102997,33.898462],[134.10302,33.898362],[134.103211,33.897825],[134.103288,33.897722],[134.103368,33.897637],[134.103543,33.897518],[134.103662,33.897406],[134.103762,33.897251],[134.103858,33.897072],[134.103864,33.896926],[134.10387,33.895748],[134.103883,33.895537],[134.104001,33.894789],[134.104022,33.894597],[134.104269,33.894105],[134.10455,33.893422],[134.104895,33.892521],[134.105035,33.892131],[134.105188,33.891816],[134.105478,33.891002],[134.105795,33.89012],[134.106299,33.889012],[134.106751,33.888107],[134.107285,33.887292],[134.107874,33.886634],[134.108681,33.886109],[134.10937,33.885947]]]},"properties":{"S_NAME":"一宇","HCODE":8101}},{"type":"Feature","geometry":{"type":"Polygon","coordinates":[[[134.101105,33.90971],[134.100812,33.90969],[134.100691,33.90965],[134.100562,33.90959],[134.1005,33.909498],[134.100487,33.909378],[134.100533,33.909068],[134.100512,33.90898],[134.100446,33.908905],[134.100334,33.908859],[134.100228,33.90886],[134.100077,33.908886],[134.099885,33.908937],[134.099689,33.908955],[134.098914,33.908965],[134.098626,33.909008],[134.098323,33.909031],[134.098177,33.90901],[134.09807,33.908965],[134.098029,33.908872],[134.098013,33.908658],[134.097981,33.90846],[134.097935,33.908389],[134.097847,33.908362],[134.09772,33.908358],[134.097503,33.908385],[134.097276,33.908348],[134.097104,33.908294],[134.096916,33.90819],[134.096754,33.90806],[134.096611,33.907884],[134.096505,33.907805],[134.096383,33.907772],[134.096267,33.907768],[134.095987,33.907813],[134.09577,33.90784],[134.095614,33.907828],[134.095361,33.907762],[134.09532,33.907712],[134.095314,33.907615],[134.095318,33.907467],[134.095297,33.90735],[134.095246,33.907274],[134.095124,33.907178],[134.094968,33.907137],[134.094857,33.907167],[134.094739,33.907241],[134.09421,33.907822],[134.093866,33.908158],[134.093741,33.908256],[134.093615,33.908336],[134.093469,33.90837],[134.093313,33.908371],[134.093201,33.90833],[134.093099,33.908208],[134.092992,33.908003],[134.092905,33.907885],[134.092778,33.907764],[134.092596,33.907668],[134.092378,33.90761],[134.092191,33.907594],[134.09206,33.907611],[134.091879,33.90768],[134.091652,33.907769],[134.091372,33.907827],[134.09117,33.907841],[134.090979,33.907833],[134.090675,33.907784],[134.090229,33.907736],[134.090003,33.907712],[134.08973,33.907654],[134.089538,33.907542],[134.089395,33.907403],[134.089123,33.907095],[134.088983,33.906972],[134.088793,33.906802],[134.088671,33.906702],[134.088468,33.906577],[134.088294,33.906517],[134.088059,33.906442],[134.087973,33.906381],[134.08792,33.906296],[134.087865,33.906146],[134.087811,33.906],[134.08772,33.905925],[134.087576,33.905863],[134.087437,33.905859],[134.087342,33.905891],[134.087034,33.906132],[134.086822,33.906213],[134.08671,33.906227],[134.086603,33.906205],[134.086454,33.906135],[134.086181,33.90599],[134.085893,33.905871],[134.085594,33.905784],[134.084917,33.905658],[134.084637,33.905622],[134.084179,33.90562],[134.083849,33.905635],[134.08366,33.905669],[134.083567,33.905734],[134.083467,33.905845],[134.083334,33.905988],[134.083239,33.906041],[134.083127,33.906069],[134.083005,33.90606],[134.082887,33.906008],[134.082807,33.905941],[134.082764,33.905848],[134.082655,33.905511],[134.082502,33.905051],[134.0822,33.904575],[134.081912,33.90423],[134.081581,33.903996],[134.081268,33.903844],[134.080872,33.90376],[134.081019,33.90192],[134.08097,33.901683],[134.079138,33.899665],[134.079075,33.899444],[134.079032,33.899086],[134.079107,33.898115],[134.079263,33.897041],[134.079482,33.896155],[134.079681,33.895302],[134.079921,33.894586],[134.080143,33.894108],[134.080808,33.89281],[134.081314,33.892025],[134.082144,33.890931],[134.082651,33.890366],[134.082892,33.8901],[134.08351,33.8896],[134.084235,33.888896],[134.084879,33.888283],[134.085657,33.887511],[134.086273,33.886695],[134.086968,33.885766],[134.087853,33.88479],[134.088074,33.884536],[134.088608,33.883802],[134.089317,33.882922],[134.089803,33.882238],[134.090261,33.881329],[134.090479,33.880323],[134.090416,33.880008],[134.090281,33.879728],[134.090018,33.879384],[134.089534,33.878867],[134.089,33.878342],[134.089541,33.878314],[134.08997,33.878312],[134.090348,33.878344],[134.090645,33.878385],[134.091509,33.878513],[134.091724,33.87864],[134.091899,33.878852],[134.092148,33.879378],[134.092221,33.879625],[134.092334,33.879778],[134.092468,33.879871],[134.092835,33.879904],[134.093459,33.879955],[134.093744,33.879943],[134.094108,33.879898],[134.097453,33.878929],[134.098886,33.878591],[134.099217,33.878584],[134.099568,33.878669],[134.100604,33.87907],[134.101151,33.879295],[134.101685,33.879542],[134.102207,33.879777],[134.10235,33.879885],[134.1026,33.880306],[134.102908,33.881252],[134.103255,33.881896],[134.103605,33.882444],[134.103813,33.882851],[134.103885,33.882943],[134.104413,33.883122],[134.105018,33.883409],[134.106736,33.884398],[134.10711,33.884596],[134.107516,33.884841],[134.108295,33.885556],[134.108468,33.885682],[134.10881,33.885788],[134.109109,33.885862],[134.10937,33.885947],[134.108681,33.886109],[134.107874,33.886634],[134.107285,33.887292],[134.106751,33.888107],[134.106299,33.889012],[134.105795,33.89012],[134.105478,33.891002],[134.105188,33.891816],[134.105035,33.892131],[134.104895,33.892521],[134.10455,33.893422],[134.104269,33.894105],[134.104022,33.894597],[134.104001,33.894789],[134.103883,33.895537],[134.10387,33.895748],[134.103864,33.896926],[134.103858,33.897072],[134.103762,33.897251],[134.103662,33.897406],[134.103543,33.897518],[134.103368,33.897637],[134.103288,33.897722],[134.103211,33.897825],[134.10302,33.898362],[134.102997,33.898462],[134.102985,33.898718],[134.102976,33.899161],[134.102978,33.899323],[134.103024,33.899437],[134.103219,33.899606],[134.103493,33.899831],[134.103612,33.899965],[134.103664,33.9001],[134.103673,33.900314],[134.10347,33.900781],[134.103471,33.900922],[134.103531,33.901106],[134.103753,33.901837],[134.10382,33.901947],[134.103946,33.902056],[134.10405,33.902185],[134.104097,33.902421],[134.104119,33.90274],[134.104172,33.902848],[134.104397,33.903007],[134.104456,33.903098],[134.10447,33.903212],[134.104316,33.903548],[134.104265,33.903614],[134.104142,33.903636],[134.103934,33.903632],[134.103823,33.903654],[134.103245,33.904022],[134.102766,33.904344],[134.102398,33.904665],[134.102294,33.904715],[134.102015,33.904765],[134.101892,33.904819],[134.101831,33.904914],[134.101704,33.905173],[134.101615,33.905337],[134.10157,33.905485],[134.101521,33.905687],[134.101532,33.905805],[134.101594,33.905981],[134.101665,33.906061],[134.101766,33.906115],[134.101949,33.90616],[134.10213,33.90628],[134.102202,33.906404],[134.102278,33.907048],[134.102286,33.907276],[134.102252,33.907528],[134.102043,33.90827],[134.101721,33.909163],[134.101626,33.909418],[134.101491,33.909597],[134.101306,33.909671],[134.101105,33.90971]]]},"properties":{"S_NAME":"一宇","HCODE":8101}},{"type":"Feature","geometry":{"type":"Polygon","coordinates":[[[134.080872,33.90376],[134.080623,33.90385],[134.080003,33.904239],[134.079471,33.904568],[134.079206,33.904709],[134.078687,33.904895],[134.078532,33.904961],[134.078442,33.905102],[134.078392,33.905351],[134.078276,33.905504],[134.07812,33.905558],[134.077861,33.905635],[134.077575,33.90568],[134.077407,33.905757],[134.076677,33.906623],[134.076379,33.906625],[134.076027,33.906627],[134.074924,33.906629],[134.073806,33.90658],[134.072688,33.906445],[134.071816,33.906308],[134.071068,33.906142],[134.070436,33.905914],[134.070322,33.905335],[134.070107,33.904683],[134.06974,33.903778],[134.068845,33.902125],[134.068227,33.901056],[134.067702,33.900257],[134.067321,33.899642],[134.066946,33.899272],[134.066655,33.899072],[134.066812,33.898999],[134.067131,33.898935],[134.067917,33.89882],[134.069752,33.898699],[134.07068,33.898544],[134.071506,33.898376],[134.071671,33.898271],[134.071757,33.898165],[134.071815,33.897997],[134.071923,33.89778],[134.072125,33.897261],[134.072118,33.896851],[134.071966,33.896484],[134.071681,33.896196],[134.07134,33.895968],[134.071023,33.895608],[134.070976,33.895535],[134.071058,33.895413],[134.071083,33.895334],[134.071091,33.895265],[134.071073,33.895148],[134.071031,33.895061],[134.070922,33.894917],[134.070829,33.894802],[134.070618,33.89413],[134.070626,33.894061],[134.070654,33.893977],[134.07075,33.893884],[134.071441,33.893473],[134.072211,33.892802],[134.07229,33.892653],[134.072307,33.892519],[134.07219,33.892312],[134.07149,33.891756],[134.071339,33.891496],[134.071245,33.891082],[134.071144,33.890424],[134.071172,33.889926],[134.0715,33.889371],[134.071785,33.888273],[134.071986,33.887707],[134.07225,33.887076],[134.072342,33.886786],[134.072618,33.885564],[134.072656,33.88536],[134.072679,33.885242],[134.072587,33.885108],[134.072409,33.884941],[134.072392,33.88483],[134.072443,33.884682],[134.072529,33.88457],[134.072874,33.88449],[134.073173,33.88435],[134.074013,33.883984],[134.074422,33.88377],[134.074913,33.883403],[134.075198,33.883102],[134.075355,33.882863],[134.075449,33.882657],[134.075607,33.881783],[134.075639,33.881141],[134.0757,33.881045],[134.075833,33.880977],[134.077051,33.880399],[134.078148,33.879921],[134.078357,33.879785],[134.078475,33.879652],[134.078534,33.879469],[134.078578,33.878918],[134.078688,33.878698],[134.079027,33.878252],[134.079157,33.878019],[134.079163,33.877928],[134.079205,33.877253],[134.079092,33.876757],[134.078953,33.876307],[134.07862,33.87543],[134.078317,33.874891],[134.077743,33.874264],[134.077387,33.873703],[134.076921,33.873052],[134.076662,33.872849],[134.076402,33.872582],[134.076288,33.872386],[134.076263,33.872155],[134.076178,33.871279],[134.076576,33.87115],[134.076729,33.871089],[134.076856,33.871084],[134.077,33.871118],[134.077501,33.87132],[134.077747,33.871404],[134.077972,33.871437],[134.078381,33.871443],[134.078728,33.871433],[134.079045,33.871457],[134.079362,33.871524],[134.079546,33.871532],[134.079801,33.871522],[134.079924,33.871538],[134.080138,33.871597],[134.080323,33.871724],[134.08081,33.871922],[134.081598,33.872122],[134.08192,33.872219],[134.082206,33.872277],[134.082621,33.872364],[134.0828,33.872402],[134.083511,33.87265],[134.083967,33.872822],[134.084837,33.873057],[134.085031,33.873081],[134.085552,33.87307],[134.085736,33.873078],[134.085889,33.873145],[134.086074,33.873272],[134.086362,33.873518],[134.086506,33.873628],[134.08778,33.874086],[134.088067,33.874161],[134.088373,33.874177],[134.08867,33.874175],[134.088966,33.874174],[134.089395,33.874223],[134.089912,33.874412],[134.089928,33.874438],[134.089974,33.874514],[134.089975,33.874624],[134.089895,33.874846],[134.089855,33.875025],[134.089888,33.875315],[134.089878,33.875434],[134.089664,33.876214],[134.089058,33.877873],[134.088785,33.878351],[134.089,33.878342],[134.089534,33.878867],[134.090018,33.879384],[134.090281,33.879728],[134.090416,33.880008],[134.090479,33.880323],[134.090261,33.881329],[134.089803,33.882238],[134.089317,33.882922],[134.088608,33.883802],[134.088074,33.884536],[134.087853,33.88479],[134.086968,33.885766],[134.086273,33.886695],[134.085657,33.887511],[134.084879,33.888283],[134.084235,33.888896],[134.08351,33.8896],[134.082892,33.8901],[134.082651,33.890366],[134.082144,33.890931],[134.081314,33.892025],[134.080808,33.89281],[134.080143,33.894108],[134.079921,33.894586],[134.079681,33.895302],[134.079482,33.896155],[134.079263,33.897041],[134.079107,33.898115],[134.079032,33.899086],[134.079075,33.899444],[134.079138,33.899665],[134.08097,33.901683],[134.081019,33.90192],[134.080872,33.90376]]]},"properties":{"S_NAME":"一宇","HCODE":8101}},{"type":"Feature","geometry":{"type":"Polygon","coordinates":[[[134.066655,33.899072],[134.066288,33.898919],[134.064461,33.898379],[134.06394,33.898237],[134.062899,33.898006],[134.062095,33.897911],[134.060496,33.897957],[134.058935,33.898211],[134.057936,33.898379],[134.057527,33.898506],[134.056878,33.898598],[134.056271,33.898614],[134.055507,33.898558],[134.054128,33.898407],[134.053048,33.898254],[134.052172,33.898074],[134.051394,33.897911],[134.051414,33.897789],[134.051406,33.897651],[134.051342,33.897553],[134.050021,33.896633],[134.04946,33.896307],[134.048923,33.896133],[134.048591,33.89595],[134.048132,33.895598],[134.047713,33.89537],[134.047285,33.895239],[134.047253,33.895141],[134.047177,33.89497],[134.047155,33.894857],[134.047051,33.894667],[134.046639,33.894315],[134.046184,33.893959],[134.046089,33.893828],[134.046063,33.893507],[134.045991,33.893271],[134.045836,33.893078],[134.0457,33.892816],[134.045287,33.892273],[134.044891,33.891809],[134.044596,33.891377],[134.04406,33.8907],[134.043901,33.890392],[134.04379,33.890274],[134.043664,33.890202],[134.043502,33.890108],[134.043454,33.889997],[134.043398,33.889846],[134.043073,33.889513],[134.043009,33.889408],[134.042975,33.889027],[134.042689,33.888687],[134.042503,33.888567],[134.042251,33.888535],[134.042205,33.888483],[134.041775,33.888005],[134.041244,33.887463],[134.041251,33.887338],[134.041556,33.886956],[134.041633,33.886647],[134.042128,33.885913],[134.042221,33.885545],[134.042943,33.884547],[134.043027,33.884205],[134.04308,33.883759],[134.043204,33.883548],[134.043243,33.883397],[134.043205,33.883052],[134.043105,33.882252],[134.04314,33.882071],[134.043287,33.88167],[134.043396,33.881538],[134.043905,33.880998],[134.044135,33.880698],[134.044347,33.880546],[134.044417,33.880434],[134.044518,33.880158],[134.044619,33.88002],[134.044736,33.879809],[134.044892,33.879658],[134.045002,33.879493],[134.045192,33.879082],[134.04545,33.878818],[134.045708,33.878489],[134.045958,33.878284],[134.046138,33.878086],[134.046329,33.87778],[134.046415,33.877701],[134.046627,33.877608],[134.046901,33.877364],[134.047073,33.87714],[134.047292,33.87687],[134.047737,33.876317],[134.047944,33.876043],[134.048021,33.875774],[134.048074,33.875419],[134.048048,33.875045],[134.047959,33.874724],[134.047931,33.874596],[134.048124,33.873978],[134.048154,33.873807],[134.048001,33.873151],[134.047927,33.872712],[134.047878,33.872377],[134.047908,33.872167],[134.047946,33.871937],[134.048015,33.871746],[134.048147,33.87147],[134.048239,33.871082],[134.048261,33.870695],[134.050109,33.871047],[134.051849,33.871648],[134.052085,33.871732],[134.052809,33.872029],[134.053008,33.872062],[134.053157,33.872075],[134.053353,33.872042],[134.053743,33.871893],[134.053914,33.87186],[134.054833,33.871822],[134.055083,33.871783],[134.055363,33.871666],[134.055569,33.871621],[134.056034,33.871602],[134.056294,33.871571],[134.05645,33.871517],[134.056653,33.871409],[134.056989,33.871229],[134.057101,33.871139],[134.057298,33.870874],[134.05739,33.870793],[134.057598,33.870694],[134.058062,33.870547],[134.058697,33.870453],[134.059248,33.870352],[134.059797,33.870309],[134.059991,33.87036],[134.060278,33.870426],[134.060462,33.870451],[134.060645,33.870437],[134.060839,33.870377],[134.061613,33.870012],[134.062018,33.869833],[134.062257,33.869781],[134.062553,33.869741],[134.062732,33.86977],[134.06285,33.869833],[134.063796,33.870436],[134.063889,33.870508],[134.064103,33.870888],[134.064325,33.871168],[134.064905,33.871651],[134.065054,33.871799],[134.065198,33.871896],[134.065387,33.871968],[134.065597,33.871992],[134.065987,33.871946],[134.066235,33.871938],[134.06648,33.871976],[134.066694,33.871979],[134.06697,33.871944],[134.067576,33.871758],[134.067933,33.87165],[134.068283,33.871595],[134.068441,33.871598],[134.068579,33.871661],[134.068723,33.871793],[134.068857,33.871882],[134.069028,33.871947],[134.069218,33.872023],[134.069371,33.872081],[134.06953,33.872136],[134.069821,33.87216],[134.06999,33.872189],[134.070123,33.872261],[134.070256,33.872329],[134.070348,33.872354],[134.070532,33.872357],[134.070777,33.87233],[134.071109,33.872265],[134.071374,33.872204],[134.071568,33.872191],[134.071706,33.872173],[134.071795,33.872123],[134.071942,33.872021],[134.07212,33.871943],[134.073387,33.871654],[134.073755,33.871601],[134.075046,33.871412],[134.076178,33.871279],[134.076263,33.872155],[134.076288,33.872386],[134.076402,33.872582],[134.076662,33.872849],[134.076921,33.873052],[134.077387,33.873703],[134.077743,33.874264],[134.078317,33.874891],[134.07862,33.87543],[134.078953,33.876307],[134.079092,33.876757],[134.079205,33.877253],[134.079163,33.877928],[134.079157,33.878019],[134.079027,33.878252],[134.078688,33.878698],[134.078578,33.878918],[134.078534,33.879469],[134.078475,33.879652],[134.078357,33.879785],[134.078148,33.879921],[134.077051,33.880399],[134.075833,33.880977],[134.0757,33.881045],[134.075639,33.881141],[134.075607,33.881783],[134.075449,33.882657],[134.075355,33.882863],[134.075198,33.883102],[134.074913,33.883403],[134.074422,33.88377],[134.074013,33.883984],[134.073173,33.88435],[134.072874,33.88449],[134.072529,33.88457],[134.072443,33.884682],[134.072392,33.88483],[134.072409,33.884941],[134.072587,33.885108],[134.072679,33.885242],[134.072656,33.88536],[134.072618,33.885564],[134.072342,33.886786],[134.07225,33.887076],[134.071986,33.887707],[134.071785,33.888273],[134.0715,33.889371],[134.071172,33.889926],[134.071144,33.890424],[134.071245,33.891082],[134.071339,33.891496],[134.07149,33.891756],[134.07219,33.892312],[134.072307,33.892519],[134.07229,33.892653],[134.072211,33.892802],[134.071441,33.893473],[134.07075,33.893884],[134.070654,33.893977],[134.070626,33.894061],[134.070618,33.89413],[134.070829,33.894802],[134.070922,33.894917],[134.071031,33.895061],[134.071073,33.895148],[134.071091,33.895265],[134.071083,33.895334],[134.071058,33.895413],[134.070976,33.895535],[134.071023,33.895608],[134.07134,33.895968],[134.071681,33.896196],[134.071966,33.896484],[134.072118,33.896851],[134.072125,33.897261],[134.071923,33.89778],[134.071815,33.897997],[134.071757,33.898165],[134.071671,33.898271],[134.071506,33.898376],[134.07068,33.898544],[134.069752,33.898699],[134.067917,33.89882],[134.067131,33.898935],[134.066812,33.898999],[134.066655,33.899072]]]},"properties":{"S_NAME":"一宇","HCODE":8101}},{"type":"Feature","geometry":{"type":"Polygon","coordinates":[[[134.065098,33.923579],[134.065048,33.923737],[134.064958,33.923849],[134.064766,33.924021],[134.064495,33.924204],[134.063645,33.924646],[134.06354,33.923006],[134.063363,33.921758],[134.063078,33.920781],[134.062802,33.920113],[134.062436,33.919701],[134.061185,33.918921],[134.060542,33.918571],[134.060071,33.918255],[134.059412,33.917679],[134.055115,33.912933],[134.055254,33.912505],[134.055315,33.912098],[134.055303,33.911579],[134.055273,33.911104],[134.055225,33.910392],[134.055167,33.909932],[134.055061,33.909401],[134.054828,33.908693],[134.054068,33.907564],[134.05379,33.907113],[134.053607,33.906792],[134.053407,33.906432],[134.053322,33.906055],[134.053336,33.905707],[134.053397,33.905365],[134.053473,33.905043],[134.053598,33.904793],[134.053784,33.904438],[134.053987,33.904069],[134.054099,33.903783],[134.05416,33.903481],[134.054134,33.9031],[134.054029,33.902661],[134.053645,33.90177],[134.05304,33.900729],[134.052405,33.900042],[134.051876,33.89963],[134.051704,33.899406],[134.051545,33.899072],[134.05144,33.898698],[134.051382,33.898252],[134.051394,33.897911],[134.052172,33.898074],[134.053048,33.898254],[134.054128,33.898407],[134.055507,33.898558],[134.056271,33.898614],[134.056878,33.898598],[134.057527,33.898506],[134.057936,33.898379],[134.058935,33.898211],[134.060496,33.897957],[134.062095,33.897911],[134.062899,33.898006],[134.06394,33.898237],[134.064461,33.898379],[134.066288,33.898919],[134.066655,33.899072],[134.066946,33.899272],[134.067321,33.899642],[134.067702,33.900257],[134.068227,33.901056],[134.068845,33.902125],[134.06974,33.903778],[134.070107,33.904683],[134.070322,33.905335],[134.070436,33.905914],[134.071068,33.906142],[134.071816,33.906308],[134.072688,33.906445],[134.073806,33.90658],[134.074924,33.906629],[134.076027,33.906627],[134.076379,33.906625],[134.076677,33.906623],[134.076736,33.906649],[134.076574,33.906822],[134.076528,33.906914],[134.076533,33.907029],[134.076548,33.907173],[134.076516,33.907273],[134.07632,33.90756],[134.076279,33.907714],[134.076294,33.907873],[134.076366,33.908055],[134.076391,33.908144],[134.07641,33.908232],[134.076374,33.908407],[134.076266,33.908641],[134.076037,33.908881],[134.075666,33.909167],[134.075275,33.909375],[134.075074,33.909535],[134.074962,33.909695],[134.074767,33.91015],[134.074636,33.910355],[134.074499,33.910503],[134.074319,33.91064],[134.07415,33.910697],[134.073955,33.910721],[134.07375,33.910737],[134.073464,33.910803],[134.07332,33.910863],[134.072892,33.911158],[134.072634,33.911251],[134.072217,33.91132],[134.071581,33.911373],[134.070893,33.911402],[134.070698,33.911417],[134.070533,33.911471],[134.070367,33.911557],[134.069937,33.911831],[134.069543,33.91208],[134.069129,33.912197],[134.068941,33.912288],[134.068772,33.912395],[134.068655,33.912442],[134.068479,33.91247],[134.068245,33.912506],[134.068073,33.912601],[134.067858,33.912773],[134.067732,33.912933],[134.067541,33.913257],[134.067474,33.913319],[134.067361,33.913337],[134.067241,33.913338],[134.067021,33.913297],[134.066586,33.913255],[134.066367,33.913256],[134.066073,33.913305],[134.065853,33.913422],[134.065748,33.913555],[134.06571,33.913729],[134.06575,33.913939],[134.065843,33.914091],[134.066032,33.914273],[134.066196,33.914502],[134.06627,33.914731],[134.066332,33.915013],[134.066404,33.91516],[134.0665,33.915272],[134.06681,33.915553],[134.067061,33.915766],[134.067256,33.915927],[134.067361,33.916058],[134.067382,33.916186],[134.067372,33.916331],[134.067313,33.916443],[134.067214,33.916523],[134.066996,33.91666],[134.066678,33.916969],[134.066415,33.917339],[134.066231,33.917598],[134.06603,33.917743],[134.065677,33.917898],[134.065485,33.917986],[134.06514,33.918247],[134.065017,33.918353],[134.06497,33.918532],[134.064986,33.918685],[134.065086,33.9189],[134.0653,33.919114],[134.065751,33.919354],[134.066442,33.919615],[134.066497,33.919715],[134.066498,33.919871],[134.066433,33.920073],[134.066374,33.92026],[134.06629,33.920376],[134.066181,33.920482],[134.066091,33.920553],[134.066019,33.920589],[134.065687,33.920621],[134.065524,33.920692],[134.065386,33.920829],[134.065218,33.921036],[134.065092,33.921294],[134.065072,33.921427],[134.065117,33.921646],[134.06516,33.921769],[134.06514,33.922293],[134.065138,33.922443],[134.065114,33.922582],[134.065051,33.922691],[134.064914,33.922854],[134.064874,33.922941],[134.064882,33.923085],[134.064947,33.923244],[134.065065,33.923468],[134.065098,33.923579]]]},"properties":{"S_NAME":"一宇","HCODE":8101}},{"type":"Feature","geometry":{"type":"Polygon","coordinates":[[[134.063645,33.924646],[134.063485,33.924473],[134.063282,33.9243],[134.063122,33.924183],[134.063012,33.924118],[134.062863,33.924066],[134.062747,33.923994],[134.062669,33.923909],[134.06259,33.923756],[134.062529,33.923585],[134.062492,33.923427],[134.062449,33.923247],[134.062374,33.923135],[134.06223,33.923019],[134.062116,33.922961],[134.061946,33.922915],[134.061758,33.922907],[134.061596,33.92294],[134.061472,33.922985],[134.061331,33.923082],[134.061208,33.923192],[134.060994,33.923461],[134.060854,33.923604],[134.060755,33.923663],[134.060562,33.923692],[134.060407,33.923698],[134.060212,33.92367],[134.059946,33.923586],[134.059655,33.923472],[134.059521,33.923449],[134.059404,33.923449],[134.059217,33.923489],[134.059072,33.923501],[134.058919,33.923481],[134.058799,33.923446],[134.058678,33.923388],[134.05847,33.923237],[134.058214,33.923073],[134.057952,33.922939],[134.057689,33.92286],[134.05748,33.922826],[134.057305,33.922819],[134.056992,33.922837],[134.056859,33.92283],[134.056728,33.92279],[134.056597,33.922725],[134.056465,33.922614],[134.056284,33.92247],[134.056163,33.922409],[134.055972,33.922363],[134.055754,33.92233],[134.055485,33.922319],[134.055333,33.922302],[134.055195,33.92225],[134.054943,33.922115],[134.054358,33.921792],[134.054089,33.921655],[134.053911,33.921597],[134.053415,33.921463],[134.053109,33.92141],[134.052904,33.921417],[134.052582,33.921451],[134.052448,33.921452],[134.052306,33.921402],[134.052093,33.921312],[134.051785,33.921239],[134.051492,33.921201],[134.051298,33.921161],[134.051191,33.921105],[134.051138,33.921043],[134.051073,33.92084],[134.051032,33.920546],[134.050985,33.920366],[134.050928,33.920287],[134.050817,33.920205],[134.050711,33.920158],[134.050562,33.92012],[134.050449,33.920097],[134.05035,33.920104],[134.050069,33.920151],[134.049963,33.920163],[134.049867,33.920137],[134.049768,33.920066],[134.049595,33.919883],[134.049391,33.919557],[134.049273,33.919324],[134.049251,33.919221],[134.049257,33.919059],[134.049294,33.918841],[134.049457,33.918394],[134.049598,33.918296],[134.049799,33.918163],[134.050222,33.917903],[134.055115,33.912933],[134.059412,33.917679],[134.060071,33.918255],[134.060542,33.918571],[134.061185,33.918921],[134.062436,33.919701],[134.062802,33.920113],[134.063078,33.920781],[134.063363,33.921758],[134.06354,33.923006],[134.063645,33.924646]]]},"properties":{"S_NAME":"一宇","HCODE":8101}},{"type":"Feature","geometry":{"type":"Polygon","coordinates":[[[134.06276,33.928427],[134.061701,33.928164],[134.060859,33.927944],[134.060072,33.927724],[134.059123,33.927573],[134.058152,33.927504],[134.057339,33.927488],[134.055967,33.927453],[134.055081,33.927417],[134.054571,33.927429],[134.05405,33.927442],[134.0532,33.927466],[134.052217,33.92743],[134.051197,33.927323],[134.050128,33.927136],[134.0498,33.927148],[134.049522,33.92725],[134.048694,33.927785],[134.047544,33.928315],[134.046957,33.928546],[134.046242,33.928751],[134.045473,33.928952],[134.044527,33.929128],[134.043333,33.92932],[134.042872,33.929342],[134.042435,33.929314],[134.041621,33.929156],[134.040771,33.929089],[134.039861,33.929093],[134.038939,33.929168],[134.038236,33.929292],[134.037715,33.929406],[134.0374,33.929488],[134.037024,33.92958],[134.036455,33.929745],[134.035925,33.929925],[134.036032,33.929778],[134.036238,33.929654],[134.036894,33.929299],[134.037301,33.929014],[134.037652,33.928677],[134.037916,33.92829],[134.038266,33.927658],[134.038547,33.927132],[134.038741,33.926656],[134.03909,33.925901],[134.039652,33.924531],[134.039895,33.92403],[134.040074,33.923648],[134.040283,33.923307],[134.040638,33.922589],[134.041066,33.92189],[134.041504,33.921151],[134.041913,33.920543],[134.042147,33.920222],[134.042473,33.919782],[134.042776,33.919412],[134.043051,33.919118],[134.043299,33.918898],[134.043656,33.918622],[134.044062,33.91837],[134.044221,33.918296],[134.044327,33.918246],[134.044622,33.918188],[134.045103,33.918112],[134.045387,33.91812],[134.045634,33.918172],[134.045871,33.918305],[134.046009,33.91837],[134.046167,33.918385],[134.046373,33.918311],[134.046529,33.918236],[134.046769,33.918051],[134.046975,33.917968],[134.047191,33.917959],[134.047575,33.918006],[134.049072,33.918306],[134.049457,33.918394],[134.049294,33.918841],[134.049257,33.919059],[134.049251,33.919221],[134.049273,33.919324],[134.049391,33.919557],[134.049595,33.919883],[134.049768,33.920066],[134.049867,33.920137],[134.049963,33.920163],[134.050069,33.920151],[134.05035,33.920104],[134.050449,33.920097],[134.050562,33.92012],[134.050711,33.920158],[134.050817,33.920205],[134.050928,33.920287],[134.050985,33.920366],[134.051032,33.920546],[134.051073,33.92084],[134.051138,33.921043],[134.051191,33.921105],[134.051298,33.921161],[134.051492,33.921201],[134.051785,33.921239],[134.052093,33.921312],[134.052306,33.921402],[134.052448,33.921452],[134.052582,33.921451],[134.052904,33.921417],[134.053109,33.92141],[134.053415,33.921463],[134.053911,33.921597],[134.054089,33.921655],[134.054358,33.921792],[134.054943,33.922115],[134.055195,33.92225],[134.055333,33.922302],[134.055485,33.922319],[134.055754,33.92233],[134.055972,33.922363],[134.056163,33.922409],[134.056284,33.92247],[134.056465,33.922614],[134.056597,33.922725],[134.056728,33.92279],[134.056859,33.92283],[134.056992,33.922837],[134.057305,33.922819],[134.05748,33.922826],[134.057689,33.92286],[134.057952,33.922939],[134.058214,33.923073],[134.05847,33.923237],[134.058678,33.923388],[134.058799,33.923446],[134.058919,33.923481],[134.059072,33.923501],[134.059217,33.923489],[134.059404,33.923449],[134.059521,33.923449],[134.059655,33.923472],[134.059946,33.923586],[134.060212,33.92367],[134.060407,33.923698],[134.060562,33.923692],[134.060755,33.923663],[134.060854,33.923604],[134.060994,33.923461],[134.061208,33.923192],[134.061331,33.923082],[134.061472,33.922985],[134.061596,33.92294],[134.061758,33.922907],[134.061946,33.922915],[134.062116,33.922961],[134.06223,33.923019],[134.062374,33.923135],[134.062449,33.923247],[134.062492,33.923427],[134.062529,33.923585],[134.06259,33.923756],[134.062669,33.923909],[134.062747,33.923994],[134.062863,33.924066],[134.063012,33.924118],[134.063122,33.924183],[134.063282,33.9243],[134.063485,33.924473],[134.063645,33.924646],[134.063451,33.924871],[134.063283,33.925175],[134.063152,33.925499],[134.063237,33.92741],[134.063202,33.927693],[134.063082,33.927876],[134.062946,33.92802],[134.06276,33.928427]]]},"properties":{"S_NAME":"一宇","HCODE":8101}},{"type":"Feature","geometry":{"type":"Polygon","coordinates":[[[134.055115,33.912933],[134.050222,33.917903],[134.049799,33.918163],[134.049601,33.918071],[134.049071,33.917831],[134.048742,33.917545],[134.048308,33.917157],[134.047383,33.916454],[134.04663,33.915894],[134.046079,33.915501],[134.044832,33.914806],[134.043749,33.914163],[134.043034,33.913801],[134.042027,33.913299],[134.040765,33.912581],[134.039335,33.911917],[134.038501,33.911525],[134.036917,33.910858],[134.036401,33.910589],[134.035871,33.910318],[134.035659,33.910121],[134.035525,33.90976],[134.035376,33.909296],[134.03527,33.908558],[134.035251,33.908307],[134.035262,33.907938],[134.035509,33.906482],[134.035516,33.906162],[134.035464,33.905808],[134.03525,33.905192],[134.035033,33.904241],[134.03489,33.903214],[134.034874,33.902829],[134.034871,33.90238],[134.034895,33.901756],[134.034956,33.900775],[134.034986,33.900316],[134.035187,33.900247],[134.036499,33.899738],[134.037425,33.899388],[134.037862,33.899142],[134.038198,33.898912],[134.038599,33.898689],[134.039408,33.898092],[134.040118,33.897594],[134.040484,33.897421],[134.040586,33.897394],[134.04087,33.897419],[134.041374,33.89747],[134.041513,33.89749],[134.041687,33.897551],[134.04187,33.897664],[134.041999,33.897743],[134.042118,33.897788],[134.042282,33.897822],[134.042471,33.897819],[134.042699,33.897759],[134.042966,33.89764],[134.044035,33.897261],[134.044246,33.897258],[134.044406,33.897296],[134.044537,33.897327],[134.044761,33.897279],[134.045256,33.897098],[134.045461,33.896964],[134.045647,33.896807],[134.045777,33.896627],[134.045804,33.896393],[134.045854,33.896291],[134.046058,33.896084],[134.046517,33.895595],[134.046662,33.895461],[134.047054,33.895269],[134.047285,33.895239],[134.047713,33.89537],[134.048132,33.895598],[134.048591,33.89595],[134.048923,33.896133],[134.04946,33.896307],[134.050021,33.896633],[134.051342,33.897553],[134.051406,33.897651],[134.051414,33.897789],[134.051394,33.897911],[134.051382,33.898252],[134.05144,33.898698],[134.051545,33.899072],[134.051704,33.899406],[134.051876,33.89963],[134.052405,33.900042],[134.05304,33.900729],[134.053645,33.90177],[134.054029,33.902661],[134.054134,33.9031],[134.05416,33.903481],[134.054099,33.903783],[134.053987,33.904069],[134.053784,33.904438],[134.053598,33.904793],[134.053473,33.905043],[134.053397,33.905365],[134.053336,33.905707],[134.053322,33.906055],[134.053407,33.906432],[134.053607,33.906792],[134.05379,33.907113],[134.054068,33.907564],[134.054828,33.908693],[134.055061,33.909401],[134.055167,33.909932],[134.055225,33.910392],[134.055273,33.911104],[134.055303,33.911579],[134.055315,33.912098],[134.055254,33.912505],[134.055115,33.912933]]]},"properties":{"S_NAME":"一宇","HCODE":8101}},{"type":"Feature","geometry":{"type":"Polygon","coordinates":[[[134.049799,33.918163],[134.049598,33.918296],[134.049457,33.918394],[134.049072,33.918306],[134.047575,33.918006],[134.047191,33.917959],[134.046975,33.917968],[134.046769,33.918051],[134.046529,33.918236],[134.046373,33.918311],[134.046167,33.918385],[134.046009,33.91837],[134.045871,33.918305],[134.045634,33.918172],[134.045387,33.91812],[134.045103,33.918112],[134.044622,33.918188],[134.044327,33.918246],[134.044221,33.918296],[134.043704,33.918284],[134.043444,33.918262],[134.043188,33.918243],[134.042988,33.918197],[134.042855,33.91814],[134.041714,33.917508],[134.041309,33.917342],[134.040843,33.917174],[134.040222,33.91703],[134.039696,33.916962],[134.038581,33.916837],[134.037806,33.916791],[134.037347,33.916803],[134.037035,33.916865],[134.036797,33.91697],[134.036557,33.917024],[134.036297,33.917025],[134.035202,33.91679],[134.035001,33.91673],[134.034853,33.916546],[134.034809,33.916282],[134.034775,33.915887],[134.034601,33.915651],[134.034111,33.915382],[134.033684,33.915171],[134.03307,33.914945],[134.032726,33.914801],[134.032317,33.914486],[134.031991,33.914329],[134.031475,33.914218],[134.030724,33.914181],[134.030444,33.914132],[134.030084,33.913969],[134.0298,33.91373],[134.0296,33.913345],[134.029463,33.912804],[134.029374,33.912552],[134.029139,33.91214],[134.028562,33.911385],[134.027882,33.910665],[134.026852,33.909843],[134.026114,33.909317],[134.025443,33.908785],[134.024807,33.908331],[134.023895,33.907526],[134.023491,33.906992],[134.023225,33.906589],[134.02283,33.905913],[134.022596,33.905475],[134.022258,33.904593],[134.022032,33.903776],[134.021942,33.902942],[134.021937,33.902054],[134.022005,33.901122],[134.022075,33.900462],[134.022208,33.899882],[134.022412,33.899236],[134.023366,33.899201],[134.02375,33.899223],[134.024162,33.899282],[134.024527,33.899257],[134.024782,33.899165],[134.025074,33.898989],[134.026902,33.89836],[134.027125,33.898355],[134.027913,33.898679],[134.028527,33.899019],[134.028867,33.899223],[134.029316,33.899518],[134.029537,33.899708],[134.029864,33.900114],[134.030342,33.900652],[134.030604,33.900884],[134.030783,33.900955],[134.031015,33.900927],[134.031362,33.900835],[134.031818,33.900673],[134.032493,33.900586],[134.033133,33.900575],[134.033673,33.900695],[134.033965,33.900694],[134.034284,33.900608],[134.034986,33.900316],[134.034956,33.900775],[134.034895,33.901756],[134.034871,33.90238],[134.034874,33.902829],[134.03489,33.903214],[134.035033,33.904241],[134.03525,33.905192],[134.035464,33.905808],[134.035516,33.906162],[134.035509,33.906482],[134.035262,33.907938],[134.035251,33.908307],[134.03527,33.908558],[134.035376,33.909296],[134.035525,33.90976],[134.035659,33.910121],[134.035871,33.910318],[134.036401,33.910589],[134.036917,33.910858],[134.038501,33.911525],[134.039335,33.911917],[134.040765,33.912581],[134.042027,33.913299],[134.043034,33.913801],[134.043749,33.914163],[134.044832,33.914806],[134.046079,33.915501],[134.04663,33.915894],[134.047383,33.916454],[134.048308,33.917157],[134.048742,33.917545],[134.049071,33.917831],[134.049601,33.918071],[134.049799,33.918163]]]},"properties":{"S_NAME":"一宇","HCODE":8101}},{"type":"Feature","geometry":{"type":"Polygon","coordinates":[[[134.035925,33.929925],[134.035905,33.930022],[134.032707,33.929662],[134.032125,33.92961],[134.031393,33.929612],[134.030781,33.929684],[134.030353,33.929845],[134.029861,33.930125],[134.029529,33.930405],[134.029253,33.930771],[134.029103,33.930977],[134.029033,33.931329],[134.028939,33.931528],[134.02808,33.931625],[134.026378,33.931725],[134.025455,33.931715],[134.024723,33.931705],[134.023927,33.931656],[134.023258,33.931566],[134.022684,33.931383],[134.022445,33.931251],[134.021501,33.930499],[134.02107,33.930276],[134.020743,33.930138],[134.020241,33.929988],[134.019691,33.929851],[134.01938,33.929746],[134.01821,33.929038],[134.017143,33.928277],[134.016536,33.927802],[134.015887,33.927149],[134.015095,33.92639],[134.014534,33.925796],[134.013914,33.925172],[134.013321,33.924498],[134.013085,33.924297],[134.01285,33.924155],[134.012503,33.924014],[134.01204,33.923844],[134.011276,33.923668],[134.00965,33.923237],[134.008689,33.922933],[134.007749,33.922599],[134.007167,33.922382],[134.00658,33.922123],[134.005966,33.921814],[134.005144,33.92136],[134.004569,33.921024],[134.003962,33.920609],[134.003514,33.920279],[134.003195,33.920015],[134.002977,33.919734],[134.002903,33.919565],[134.002829,33.919256],[134.002877,33.919042],[134.003117,33.918448],[134.003246,33.918136],[134.003431,33.917769],[134.003504,33.917433],[134.003485,33.917088],[134.003333,33.916621],[134.003184,33.916311],[134.003009,33.916043],[134.002578,33.915564],[134.002291,33.915261],[134.001871,33.914955],[134.001765,33.914836],[134.001521,33.914579],[134.001428,33.914445],[134.001396,33.914326],[134.001717,33.913527],[134.001778,33.91332],[134.001801,33.913139],[134.001803,33.91294],[134.00177,33.912532],[134.00166,33.911876],[134.00156,33.911587],[134.001362,33.911223],[134.00133,33.911079],[134.001315,33.910919],[134.001393,33.910258],[134.001549,33.909782],[134.001599,33.908767],[134.001553,33.908015],[134.00158,33.907828],[134.001682,33.907671],[134.002602,33.90649],[134.002751,33.906403],[134.003003,33.90634],[134.0032,33.906347],[134.00351,33.906509],[134.00377,33.906596],[134.004275,33.906625],[134.004668,33.906608],[134.005042,33.906419],[134.005546,33.906183],[134.005789,33.906151],[134.006219,33.906149],[134.006585,33.906296],[134.007045,33.906489],[134.007298,33.906512],[134.007578,33.90637],[134.008724,33.905624],[134.009145,33.905506],[134.009781,33.905472],[134.010174,33.905439],[134.010472,33.905235],[134.010677,33.904953],[134.011066,33.904359],[134.011345,33.904108],[134.011952,33.903801],[134.012361,33.903425],[134.012584,33.903097],[134.012798,33.902885],[134.013789,33.90271],[134.014144,33.902521],[134.014609,33.902082],[134.015223,33.901425],[134.015691,33.900756],[134.015831,33.900708],[134.01599,33.900723],[134.016745,33.900958],[134.017513,33.900986],[134.018355,33.900904],[134.0191,33.900402],[134.020294,33.899648],[134.020592,33.899538],[134.022412,33.899236],[134.022208,33.899882],[134.022075,33.900462],[134.022005,33.901122],[134.021937,33.902054],[134.021942,33.902942],[134.022032,33.903776],[134.022258,33.904593],[134.022596,33.905475],[134.02283,33.905913],[134.023225,33.906589],[134.023491,33.906992],[134.023895,33.907526],[134.024807,33.908331],[134.025443,33.908785],[134.026114,33.909317],[134.026852,33.909843],[134.027882,33.910665],[134.028562,33.911385],[134.029139,33.91214],[134.029374,33.912552],[134.029463,33.912804],[134.0296,33.913345],[134.0298,33.91373],[134.030084,33.913969],[134.030444,33.914132],[134.030724,33.914181],[134.031475,33.914218],[134.031991,33.914329],[134.032317,33.914486],[134.032726,33.914801],[134.03307,33.914945],[134.033684,33.915171],[134.034111,33.915382],[134.034601,33.915651],[134.034775,33.915887],[134.034809,33.916282],[134.034853,33.916546],[134.035001,33.91673],[134.035202,33.91679],[134.036297,33.917025],[134.036557,33.917024],[134.036797,33.91697],[134.037035,33.916865],[134.037347,33.916803],[134.037806,33.916791],[134.038581,33.916837],[134.039696,33.916962],[134.040222,33.91703],[134.040843,33.917174],[134.041309,33.917342],[134.041714,33.917508],[134.042855,33.91814],[134.042988,33.918197],[134.043188,33.918243],[134.043444,33.918262],[134.043704,33.918284],[134.044221,33.918296],[134.044062,33.91837],[134.043656,33.918622],[134.043299,33.918898],[134.043051,33.919118],[134.042776,33.919412],[134.042473,33.919782],[134.042147,33.920222],[134.041913,33.920543],[134.041504,33.921151],[134.041066,33.92189],[134.040638,33.922589],[134.040283,33.923307],[134.040074,33.923648],[134.039895,33.92403],[134.039652,33.924531],[134.03909,33.925901],[134.038741,33.926656],[134.038547,33.927132],[134.038266,33.927658],[134.037916,33.92829],[134.037652,33.928677],[134.037301,33.929014],[134.036894,33.929299],[134.036238,33.929654],[134.036032,33.929778],[134.035925,33.929925]]]},"properties":{"S_NAME":"一宇","HCODE":8101}},{"type":"Feature","geometry":{"type":"Polygon","coordinates":[[[134.051212,34.044144],[134.050863,34.044084],[134.050702,34.044055],[134.049336,34.043821],[134.047808,34.043648],[134.046646,34.043452],[134.04519,34.043246],[134.04422,34.043125],[134.043033,34.043035],[134.04227,34.04299],[134.041916,34.04302],[134.041639,34.043101],[134.041161,34.043084],[134.04097,34.043153],[134.040235,34.043247],[134.039434,34.043332],[134.039129,34.043373],[134.03859,34.043408],[134.038508,34.043416],[134.038414,34.043425],[134.036425,34.043613],[134.035906,34.043677],[134.035739,34.043698],[134.035215,34.043763],[134.0351,34.043777],[134.034135,34.04388],[134.032692,34.044033],[134.03129,34.044335],[134.030425,34.044421],[134.029315,34.044536],[134.029236,34.044537],[134.028266,34.044624],[134.027219,34.044621],[134.026162,34.044618],[134.025562,34.044639],[134.025107,34.044574],[134.024831,34.044535],[134.024352,34.04461],[134.023931,34.044636],[134.023635,34.044598],[134.023157,34.044492],[134.02268,34.044404],[134.022217,34.044287],[134.02166,34.044148],[134.021334,34.043996],[134.020703,34.043666],[134.020539,34.043468],[134.020134,34.042983],[134.019582,34.042351],[134.019577,34.042345],[134.019128,34.041833],[134.018507,34.041295],[134.017875,34.040884],[134.017687,34.040744],[134.0172,34.040382],[134.016978,34.040222],[134.016481,34.039862],[134.016205,34.039677],[134.015852,34.039411],[134.015627,34.039272],[134.015403,34.039133],[134.014813,34.038865],[134.014147,34.038588],[134.013786,34.038436],[134.013491,34.038338],[134.012148,34.037966],[134.011194,34.037849],[134.010988,34.037824],[134.010872,34.03781],[134.008952,34.037594],[134.007317,34.037576],[134.007152,34.037585],[134.00602,34.037647],[134.004286,34.037647],[134.003305,34.03767],[134.003033,34.037735],[134.002652,34.037737],[134.001223,34.0376],[134.000982,34.037557],[134.000241,34.037425],[133.999951,34.037348],[133.999831,34.037315],[134.000117,34.03698],[134.000243,34.036772],[134.00029,34.036601],[134.000214,34.036109],[133.999507,34.035933],[133.999144,34.035796],[133.999061,34.035735],[133.999124,34.035641],[133.999411,34.035408],[133.999906,34.034898],[134.000397,34.034351],[134.000704,34.033882],[134.001094,34.033136],[134.001139,34.033011],[134.001963,34.033277],[134.002289,34.03325],[134.003762,34.032939],[134.003743,34.033185],[134.003758,34.034006],[134.003856,34.034353],[134.004092,34.034597],[134.004378,34.034774],[134.004612,34.03484],[134.004856,34.034814],[134.005394,34.034685],[134.006055,34.03453],[134.00639,34.03441],[134.007109,34.034026],[134.007424,34.033915],[134.007719,34.033939],[134.008076,34.034073],[134.008463,34.034156],[134.008788,34.034129],[134.009246,34.034034],[134.010241,34.033818],[134.010937,34.034535],[134.011244,34.034779],[134.011601,34.034938],[134.011886,34.035005],[134.012456,34.035079],[134.012639,34.035129],[134.012762,34.035188],[134.013494,34.035929],[134.013759,34.036148],[134.014086,34.036257],[134.015043,34.036456],[134.018171,34.0369],[134.019988,34.037108],[134.020959,34.037392],[134.021157,34.037408],[134.021279,34.037382],[134.02136,34.037365],[134.021421,34.037322],[134.021467,34.037246],[134.021501,34.037127],[134.021536,34.037038],[134.021567,34.037004],[134.021612,34.036979],[134.023746,34.037414],[134.025075,34.037666],[134.025243,34.037687],[134.02547,34.037707],[134.025547,34.037817],[134.025654,34.037871],[134.025877,34.037923],[134.027357,34.038365],[134.027526,34.038081],[134.027817,34.037746],[134.02816,34.037394],[134.028427,34.03756],[134.028614,34.037763],[134.028986,34.038195],[134.02899,34.038325],[134.029574,34.038309],[134.030182,34.038342],[134.030379,34.038305],[134.030419,34.038476],[134.030791,34.03839],[134.030955,34.038303],[134.031129,34.038237],[134.031269,34.038201],[134.031449,34.038097],[134.031877,34.037776],[134.032126,34.037561],[134.032199,34.037393],[134.032306,34.037173],[134.032437,34.037014],[134.032541,34.036875],[134.032699,34.036934],[134.03275,34.036851],[134.032877,34.036638],[134.032978,34.036359],[134.032987,34.036318],[134.03347,34.036051],[134.03384,34.035764],[134.033955,34.035677],[134.034046,34.035636],[134.034095,34.035639],[134.03412,34.035666],[134.034156,34.035728],[134.034185,34.035731],[134.034296,34.035686],[134.034383,34.035668],[134.034507,34.035675],[134.034763,34.035729],[134.03492,34.035762],[134.035081,34.035755],[134.035232,34.035734],[134.035373,34.03574],[134.035463,34.035726],[134.035529,34.035643],[134.035673,34.035477],[134.035821,34.035377],[134.035936,34.035349],[134.036089,34.035362],[134.036172,34.035355],[134.036348,34.035276],[134.036377,34.035312],[134.036529,34.035419],[134.036614,34.035499],[134.036865,34.035725],[134.036937,34.035394],[134.037,34.03527],[134.037138,34.035146],[134.03732,34.034959],[134.037516,34.034899],[134.038068,34.034764],[134.038281,34.034698],[134.038467,34.034571],[134.038658,34.034407],[134.038842,34.034209],[134.038936,34.034124],[134.038992,34.034095],[134.040637,34.034151],[134.041258,34.034061],[134.041962,34.033994],[134.042464,34.03399],[134.043154,34.03402],[134.044252,34.034196],[134.045201,34.034417],[134.045567,34.034483],[134.045753,34.034491],[134.045772,34.034492],[134.045831,34.034608],[134.045942,34.034756],[134.04602,34.034847],[134.04618,34.035034],[134.046321,34.035318],[134.04655,34.035827],[134.046757,34.036171],[134.047068,34.036476],[134.047337,34.036614],[134.047557,34.036683],[134.04793,34.036721],[134.048112,34.036781],[134.04827,34.036911],[134.048681,34.037276],[134.048847,34.037647],[134.049185,34.03813],[134.049553,34.038486],[134.049838,34.038786],[134.049976,34.03906],[134.05012,34.039379],[134.050281,34.039526],[134.050533,34.039634],[134.050634,34.039717],[134.050831,34.040559],[134.050863,34.040694],[134.050898,34.040841],[134.050987,34.041213],[134.051232,34.041705],[134.051383,34.041984],[134.051418,34.042054],[134.051484,34.042184],[134.051516,34.042315],[134.051516,34.042379],[134.051516,34.043015],[134.051433,34.043403],[134.051412,34.043472],[134.051317,34.043774],[134.051212,34.044144]]]},"properties":{"S_NAME":"半田","HCODE":8101}},{"type":"Feature","geometry":{"type":"Polygon","coordinates":[[[134.045772,34.034492],[134.045753,34.034491],[134.045567,34.034483],[134.045201,34.034417],[134.044252,34.034196],[134.043154,34.03402],[134.042464,34.03399],[134.041962,34.033994],[134.041258,34.034061],[134.040637,34.034151],[134.038992,34.034095],[134.038936,34.034124],[134.038842,34.034209],[134.038658,34.034407],[134.038467,34.034571],[134.038281,34.034698],[134.038068,34.034764],[134.037516,34.034899],[134.03732,34.034959],[134.037138,34.035146],[134.037,34.03527],[134.036937,34.035394],[134.036865,34.035725],[134.036614,34.035499],[134.036529,34.035419],[134.036377,34.035312],[134.036348,34.035276],[134.036172,34.035355],[134.036089,34.035362],[134.035936,34.035349],[134.035821,34.035377],[134.035673,34.035477],[134.035529,34.035643],[134.035463,34.035726],[134.035373,34.03574],[134.035232,34.035734],[134.035081,34.035755],[134.03492,34.035762],[134.034763,34.035729],[134.034507,34.035675],[134.034383,34.035668],[134.034296,34.035686],[134.034185,34.035731],[134.034156,34.035728],[134.03412,34.035666],[134.034095,34.035639],[134.034046,34.035636],[134.033955,34.035677],[134.03384,34.035764],[134.03347,34.036051],[134.032987,34.036318],[134.032978,34.036359],[134.032877,34.036638],[134.03275,34.036851],[134.032699,34.036934],[134.032541,34.036875],[134.032437,34.037014],[134.032306,34.037173],[134.032199,34.037393],[134.032126,34.037561],[134.031877,34.037776],[134.031449,34.038097],[134.031269,34.038201],[134.031129,34.038237],[134.030955,34.038303],[134.030791,34.03839],[134.030419,34.038476],[134.030379,34.038305],[134.030182,34.038342],[134.029574,34.038309],[134.02899,34.038325],[134.028986,34.038195],[134.028614,34.037763],[134.028427,34.03756],[134.02816,34.037394],[134.027817,34.037746],[134.027526,34.038081],[134.027357,34.038365],[134.025877,34.037923],[134.025726,34.037578],[134.025622,34.037473],[134.025308,34.037284],[134.024879,34.037025],[134.024516,34.036881],[134.02289,34.036387],[134.021755,34.036006],[134.020795,34.035554],[134.020389,34.03526],[134.020062,34.035055],[134.020055,34.03501],[134.020087,34.034958],[134.020152,34.034922],[134.020257,34.034906],[134.020676,34.034817],[134.020882,34.034753],[134.021077,34.034641],[134.021167,34.034559],[134.021189,34.034502],[134.021159,34.03433],[134.021063,34.034059],[134.020996,34.03384],[134.020901,34.033708],[134.020865,34.033657],[134.02085,34.033587],[134.02086,34.033527],[134.020893,34.033497],[134.021077,34.033424],[134.021323,34.03335],[134.021482,34.033323],[134.021743,34.033321],[134.021891,34.03333],[134.021947,34.033315],[134.021947,34.033272],[134.021905,34.033182],[134.021795,34.033026],[134.021773,34.03299],[134.021761,34.032876],[134.021764,34.032764],[134.021735,34.032701],[134.021673,34.032629],[134.021533,34.032542],[134.021392,34.032498],[134.021171,34.032453],[134.021065,34.032294],[134.021013,34.03218],[134.021011,34.032111],[134.021054,34.032056],[134.021126,34.032026],[134.021202,34.032007],[134.021332,34.031998],[134.021616,34.031936],[134.021797,34.031893],[134.021992,34.031796],[134.022082,34.031723],[134.022164,34.031584],[134.022222,34.031533],[134.022345,34.03146],[134.022475,34.031414],[134.022565,34.031345],[134.022597,34.031296],[134.022589,34.03123],[134.022553,34.031155],[134.022556,34.031113],[134.022599,34.031073],[134.022693,34.031025],[134.022747,34.031034],[134.022944,34.031177],[134.023129,34.0313],[134.02326,34.031336],[134.023512,34.031359],[134.023808,34.031324],[134.024072,34.031272],[134.024314,34.031223],[134.024484,34.031213],[134.024829,34.03123],[134.025077,34.031247],[134.025399,34.03129],[134.025631,34.031289],[134.025928,34.031282],[134.026221,34.031317],[134.026415,34.031343],[134.026444,34.031331],[134.02644,34.031298],[134.026381,34.031199],[134.026254,34.031055],[134.026432,34.031126],[134.026544,34.031195],[134.026751,34.03127],[134.026931,34.03135],[134.027014,34.031356],[134.027068,34.03134],[134.027115,34.031286],[134.027158,34.031232],[134.027198,34.031232],[134.027227,34.031255],[134.027228,34.031337],[134.027239,34.031397],[134.027283,34.031442],[134.027348,34.031511],[134.027392,34.031592],[134.027454,34.031676],[134.027523,34.031706],[134.027637,34.031721],[134.027731,34.031705],[134.027832,34.031663],[134.02786,34.031633],[134.027915,34.031575],[134.027971,34.031487],[134.028021,34.03146],[134.028078,34.031336],[134.02811,34.031197],[134.028171,34.031101],[134.028243,34.031031],[134.028255,34.030995],[134.028215,34.030857],[134.028124,34.030733],[134.028003,34.030617],[134.027897,34.030475],[134.027879,34.030355],[134.027845,34.030198],[134.02789,34.030235],[134.02799,34.030268],[134.028105,34.030259],[134.028265,34.030191],[134.028435,34.030082],[134.028793,34.029739],[134.028903,34.029655],[134.029098,34.029604],[134.029308,34.029574],[134.029351,34.029228],[134.029386,34.029157],[134.029481,34.029107],[134.029576,34.029077],[134.029701,34.029064],[134.029783,34.029081],[134.029816,34.029088],[134.029882,34.029163],[134.029913,34.029284],[134.029929,34.029496],[134.029944,34.029576],[134.029995,34.029621],[134.03004,34.029621],[134.030172,34.029596],[134.030272,34.029495],[134.030376,34.029328],[134.030496,34.029252],[134.030706,34.029189],[134.031156,34.029129],[134.031527,34.029123],[134.031763,34.029159],[134.031923,34.029217],[134.032254,34.029424],[134.03229,34.029314],[134.032272,34.029086],[134.032634,34.029065],[134.032893,34.029073],[134.032921,34.029067],[134.033,34.029184],[134.033136,34.029403],[134.033137,34.029504],[134.033163,34.029648],[134.03323,34.029762],[134.033304,34.029833],[134.033426,34.029917],[134.033625,34.029955],[134.033813,34.029937],[134.033944,34.029873],[134.03404,34.029771],[134.034086,34.029843],[134.034148,34.029889],[134.03427,34.029952],[134.03454,34.030052],[134.034591,34.03008],[134.034714,34.030199],[134.03477,34.030296],[134.03476,34.030377],[134.03468,34.030483],[134.034538,34.030572],[134.034361,34.030636],[134.034234,34.030721],[134.034204,34.030806],[134.034243,34.030929],[134.034289,34.031009],[134.03429,34.031034],[134.034224,34.03106],[134.034041,34.03109],[134.033935,34.031137],[134.033899,34.031205],[134.033905,34.031348],[134.033968,34.031636],[134.03405,34.031741],[134.034152,34.031791],[134.034244,34.031816],[134.03429,34.031867],[134.03429,34.031956],[134.034277,34.032231],[134.034313,34.032383],[134.03442,34.032433],[134.034675,34.032482],[134.034995,34.032519],[134.035173,34.032489],[134.035249,34.032484],[134.035315,34.032522],[134.035336,34.032589],[134.035306,34.032657],[134.035169,34.032762],[134.035537,34.032707],[134.035745,34.032651],[134.036011,34.032498],[134.036304,34.032389],[134.037237,34.032133],[134.037332,34.031944],[134.037473,34.031773],[134.037883,34.031549],[134.038396,34.031354],[134.039115,34.031118],[134.039922,34.031021],[134.040198,34.03092],[134.040679,34.030748],[134.041137,34.030642],[134.041597,34.030647],[134.042141,34.030704],[134.043326,34.030973],[134.045181,34.031358],[134.045141,34.031415],[134.045131,34.031524],[134.045156,34.031647],[134.045236,34.031891],[134.045396,34.032327],[134.045451,34.032619],[134.04552,34.032798],[134.045639,34.032937],[134.045704,34.033192],[134.045714,34.033233],[134.045728,34.03374],[134.045772,34.034492]]]},"properties":{"S_NAME":"半田","HCODE":8101}},{"type":"Feature","geometry":{"type":"Polygon","coordinates":[[[134.045181,34.031358],[134.043326,34.030973],[134.042141,34.030704],[134.041597,34.030647],[134.041137,34.030642],[134.040679,34.030748],[134.040198,34.03092],[134.039922,34.031021],[134.039115,34.031118],[134.038396,34.031354],[134.037883,34.031549],[134.037473,34.031773],[134.037332,34.031944],[134.037237,34.032133],[134.036304,34.032389],[134.036011,34.032498],[134.035745,34.032651],[134.035537,34.032707],[134.035169,34.032762],[134.035306,34.032657],[134.035336,34.032589],[134.035315,34.032522],[134.035249,34.032484],[134.035173,34.032489],[134.034995,34.032519],[134.034675,34.032482],[134.03442,34.032433],[134.034313,34.032383],[134.034277,34.032231],[134.03429,34.031956],[134.03429,34.031867],[134.034244,34.031816],[134.034152,34.031791],[134.03405,34.031741],[134.033968,34.031636],[134.033905,34.031348],[134.033899,34.031205],[134.033935,34.031137],[134.034041,34.03109],[134.034224,34.03106],[134.03429,34.031034],[134.034289,34.031009],[134.034243,34.030929],[134.034204,34.030806],[134.034234,34.030721],[134.034361,34.030636],[134.034538,34.030572],[134.03468,34.030483],[134.03476,34.030377],[134.03477,34.030296],[134.034714,34.030199],[134.034591,34.03008],[134.03454,34.030052],[134.03427,34.029952],[134.034148,34.029889],[134.034086,34.029843],[134.03404,34.029771],[134.033944,34.029873],[134.033813,34.029937],[134.033625,34.029955],[134.033426,34.029917],[134.033304,34.029833],[134.03323,34.029762],[134.033163,34.029648],[134.033137,34.029504],[134.033136,34.029403],[134.033,34.029184],[134.032921,34.029067],[134.032893,34.029073],[134.032634,34.029065],[134.032272,34.029086],[134.03229,34.029314],[134.032254,34.029424],[134.031923,34.029217],[134.031763,34.029159],[134.031527,34.029123],[134.031156,34.029129],[134.030706,34.029189],[134.030496,34.029252],[134.030376,34.029328],[134.030272,34.029495],[134.030172,34.029596],[134.03004,34.029621],[134.029995,34.029621],[134.029944,34.029576],[134.029929,34.029496],[134.029913,34.029284],[134.029882,34.029163],[134.029816,34.029088],[134.029783,34.029081],[134.029701,34.029064],[134.029576,34.029077],[134.029481,34.029107],[134.029386,34.029157],[134.029351,34.029228],[134.029308,34.029574],[134.029098,34.029604],[134.028903,34.029655],[134.028793,34.029739],[134.028435,34.030082],[134.028265,34.030191],[134.028105,34.030259],[134.02799,34.030268],[134.02789,34.030235],[134.027845,34.030198],[134.027819,34.030177],[134.027794,34.030089],[134.027795,34.030006],[134.027797,34.029763],[134.027782,34.029641],[134.027745,34.029592],[134.027679,34.029565],[134.02754,34.029535],[134.027375,34.029472],[134.027265,34.029448],[134.027122,34.029455],[134.026972,34.029477],[134.026767,34.029466],[134.02662,34.029436],[134.026536,34.029372],[134.026484,34.02929],[134.02647,34.029196],[134.026525,34.029064],[134.026567,34.028875],[134.026541,34.028757],[134.026514,34.028726],[134.026449,34.02865],[134.026393,34.028571],[134.026334,34.028474],[134.026272,34.028444],[134.026165,34.02842],[134.026001,34.028406],[134.025777,34.028407],[134.025543,34.028389],[134.025316,34.028369],[134.025092,34.028291],[134.024866,34.0282],[134.024767,34.028149],[134.024682,34.02807],[134.024594,34.028009],[134.024462,34.027928],[134.024337,34.027828],[134.024208,34.027722],[134.024023,34.027625],[134.023934,34.027552],[134.023868,34.027483],[134.023834,34.0274],[134.02383,34.027318],[134.02387,34.027172],[134.023975,34.027001],[134.02408,34.02683],[134.024101,34.026753],[134.024101,34.026662],[134.024041,34.026412],[134.024014,34.026266],[134.024032,34.026208],[134.024077,34.026138],[134.024161,34.026004],[134.024303,34.025857],[134.024492,34.025746],[134.02458,34.025715],[134.024756,34.025709],[134.024873,34.02569],[134.024902,34.025668],[134.024905,34.025624],[134.024887,34.025582],[134.024849,34.025549],[134.024671,34.025404],[134.024345,34.025128],[134.024196,34.025048],[134.023917,34.024976],[134.023709,34.024939],[134.023618,34.024905],[134.023598,34.024872],[134.023608,34.024826],[134.023656,34.024732],[134.023665,34.024645],[134.023591,34.0245],[134.023497,34.024403],[134.023457,34.024336],[134.023444,34.024231],[134.023401,34.024164],[134.023333,34.024118],[134.023294,34.024075],[134.023283,34.024002],[134.023299,34.023908],[134.023344,34.02383],[134.023428,34.023743],[134.02365,34.023583],[134.023778,34.023504],[134.023965,34.023401],[134.024,34.023347],[134.02401,34.023303],[134.023983,34.023204],[134.023944,34.023101],[134.023937,34.022977],[134.023904,34.022899],[134.023763,34.022746],[134.023695,34.022652],[134.023652,34.022615],[134.023584,34.022604],[134.023487,34.022596],[134.023467,34.022578],[134.023459,34.022547],[134.023474,34.022525],[134.023496,34.022515],[134.023599,34.022512],[134.023661,34.022526],[134.023772,34.02258],[134.023872,34.022609],[134.023937,34.022604],[134.024011,34.022569],[134.024084,34.022507],[134.024215,34.022339],[134.024202,34.022284],[134.024138,34.022147],[134.024091,34.022031],[134.02404,34.021946],[134.02394,34.02186],[134.023761,34.021762],[134.023688,34.021701],[134.023621,34.021613],[134.0236,34.021547],[134.023643,34.021448],[134.023689,34.021335],[134.023694,34.021197],[134.023651,34.020943],[134.023594,34.020789],[134.02353,34.020678],[134.023424,34.020577],[134.02332,34.020492],[134.023214,34.020445],[134.022628,34.020309],[134.02212,34.020222],[134.021712,34.020211],[134.021226,34.020171],[134.02094,34.020057],[134.020526,34.019863],[134.02033,34.019664],[134.020255,34.019362],[134.020292,34.018795],[134.020275,34.018223],[134.020209,34.017601],[134.020007,34.017125],[134.019929,34.01694],[134.019622,34.016527],[134.019466,34.016217],[134.019412,34.016101],[134.019094,34.015411],[134.019,34.014788],[134.018719,34.013898],[134.018274,34.013017],[134.018123,34.012184],[134.018224,34.01153],[134.018498,34.011028],[134.018642,34.010278],[134.019033,34.010448],[134.019964,34.011384],[134.021256,34.013522],[134.021797,34.014182],[134.022438,34.014549],[134.023106,34.014809],[134.023811,34.014944],[134.024257,34.015158],[134.024872,34.015742],[134.025281,34.016033],[134.025726,34.016139],[134.026226,34.016152],[134.026818,34.015995],[134.027538,34.015668],[134.028675,34.015247],[134.02871,34.015219],[134.028703,34.015175],[134.028548,34.015103],[134.028535,34.015059],[134.028555,34.015036],[134.028821,34.014938],[134.029228,34.01489],[134.029856,34.014579],[134.030281,34.014408],[134.03078,34.014298],[134.031187,34.014293],[134.030615,34.013223],[134.0306,34.013108],[134.030656,34.01299],[134.03118,34.012537],[134.031262,34.012398],[134.031233,34.012236],[134.030964,34.01209],[134.030058,34.011727],[134.029717,34.011446],[134.029477,34.011051],[134.02944,34.010724],[134.029482,34.010122],[134.029651,34.009704],[134.0299,34.009549],[134.030224,34.009478],[134.030698,34.009692],[134.030875,34.009768],[134.030957,34.009759],[134.031097,34.009713],[134.031238,34.009648],[134.031327,34.00962],[134.031423,34.009597],[134.031545,34.009545],[134.031628,34.009487],[134.031694,34.009474],[134.031795,34.009471],[134.031858,34.009456],[134.031926,34.009404],[134.031998,34.009319],[134.032016,34.009239],[134.031978,34.009077],[134.031689,34.008754],[134.031437,34.008431],[134.03136,34.008038],[134.031561,34.007636],[134.031912,34.007318],[134.03236,34.007131],[134.032934,34.007059],[134.033351,34.006911],[134.033526,34.006817],[134.033609,34.006717],[134.033626,34.006539],[134.033634,34.006292],[134.033697,34.006022],[134.033826,34.005905],[134.034039,34.005812],[134.034082,34.005794],[134.034224,34.00621],[134.034094,34.006288],[134.034041,34.006409],[134.034065,34.006601],[134.034163,34.006894],[134.034204,34.007296],[134.034151,34.007507],[134.033946,34.007706],[134.033647,34.007809],[134.033317,34.00783],[134.03255,34.007801],[134.032244,34.007873],[134.032087,34.008027],[134.032058,34.008212],[134.03209,34.008391],[134.03226,34.008582],[134.032544,34.008734],[134.032737,34.008924],[134.032823,34.00916],[134.032847,34.009352],[134.032795,34.009531],[134.032696,34.009704],[134.032483,34.009934],[134.0323,34.01012],[134.032108,34.010179],[134.031825,34.010218],[134.031277,34.010297],[134.030909,34.010395],[134.030795,34.010459],[134.030696,34.010587],[134.030635,34.01074],[134.030651,34.010887],[134.030729,34.011015],[134.030906,34.011091],[134.031344,34.011197],[134.031797,34.011336],[134.032129,34.011532],[134.032306,34.011704],[134.032345,34.011851],[134.032315,34.011991],[134.032263,34.012164],[134.031919,34.012995],[134.031889,34.013155],[134.031937,34.013334],[134.033161,34.014676],[134.034339,34.01589],[134.03467,34.016163],[134.035248,34.016518],[134.03612,34.016525],[134.036572,34.016448],[134.036789,34.016296],[134.037067,34.015895],[134.037396,34.014792],[134.037602,34.014452],[134.037873,34.014292],[134.038611,34.014146],[134.039616,34.013968],[134.039869,34.013846],[134.040057,34.013589],[134.040316,34.012954],[134.040585,34.011799],[134.040714,34.009973],[134.041018,34.008553],[134.041779,34.006453],[134.042456,34.00524],[134.04257,34.005308],[134.043067,34.005594],[134.043286,34.005643],[134.043501,34.005616],[134.043794,34.005508],[134.043976,34.005419],[134.045955,34.005096],[134.047134,34.004981],[134.047534,34.004974],[134.04797,34.004915],[134.048529,34.004829],[134.049465,34.004804],[134.050673,34.004846],[134.051742,34.005012],[134.05331,34.005567],[134.054169,34.006067],[134.054517,34.005816],[134.054685,34.005805],[134.054916,34.005861],[134.055462,34.006238],[134.056149,34.005671],[134.056538,34.006205],[134.056576,34.006588],[134.056413,34.007129],[134.056337,34.007294],[134.056219,34.007655],[134.056186,34.007836],[134.056225,34.008024],[134.056276,34.008196],[134.056519,34.00873],[134.056567,34.009],[134.056541,34.009156],[134.056484,34.009543],[134.056508,34.009826],[134.056571,34.010419],[134.056644,34.010586],[134.056754,34.010771],[134.05685,34.010952],[134.056873,34.011114],[134.056863,34.011304],[134.056915,34.01148],[134.057,34.011698],[134.056946,34.011985],[134.056878,34.012213],[134.056779,34.012441],[134.056769,34.01258],[134.056798,34.012751],[134.056933,34.013071],[134.057316,34.014126],[134.057354,34.014398],[134.05737,34.014558],[134.057404,34.014766],[134.057427,34.014858],[134.057475,34.014909],[134.057699,34.015084],[134.05789,34.01532],[134.058133,34.015838],[134.058299,34.016171],[134.058564,34.016537],[134.058687,34.017102],[134.058711,34.017278],[134.058683,34.017329],[134.058353,34.017455],[134.057855,34.017644],[134.057529,34.017645],[134.0572,34.017679],[134.056928,34.017768],[134.056744,34.017783],[134.056476,34.017724],[134.056248,34.017725],[134.056048,34.017782],[134.055847,34.017843],[134.055691,34.017858],[134.055458,34.017877],[134.055307,34.01792],[134.055207,34.017976],[134.055013,34.018088],[134.054835,34.018144],[134.054482,34.01817],[134.054011,34.018176],[134.053872,34.018228],[134.053653,34.018493],[134.053327,34.018847],[134.05305,34.019061],[134.052747,34.019146],[134.052402,34.019217],[134.052302,34.019273],[134.052257,34.019325],[134.05223,34.019445],[134.052176,34.019696],[134.052067,34.020054],[134.051885,34.020291],[134.051675,34.02064],[134.051626,34.020789],[134.05161,34.020843],[134.051636,34.02096],[134.051651,34.021027],[134.051671,34.021118],[134.051747,34.021242],[134.051814,34.021351],[134.05189,34.021459],[134.051931,34.021654],[134.052003,34.022],[134.05193,34.022244],[134.051814,34.022623],[134.051714,34.022994],[134.051699,34.023048],[134.05169,34.02306],[134.051527,34.023275],[134.051304,34.0237],[134.051102,34.024107],[134.051099,34.024115],[134.051018,34.024423],[134.05102,34.024676],[134.051099,34.025],[134.051199,34.02536],[134.051321,34.025548],[134.05144,34.025758],[134.051472,34.025886],[134.051468,34.026086],[134.051444,34.026401],[134.051446,34.026637],[134.051449,34.02683],[134.05145,34.026894],[134.05132,34.027065],[134.051164,34.027206],[134.050539,34.027522],[134.050042,34.027774],[134.049718,34.027959],[134.049514,34.028034],[134.049241,34.02807],[134.048848,34.028085],[134.048733,34.028177],[134.048612,34.028225],[134.048387,34.028279],[134.048078,34.028328],[134.047048,34.028547],[134.046891,34.028613],[134.046777,34.028705],[134.04673,34.028845],[134.046593,34.029584],[134.046534,34.030077],[134.046581,34.030579],[134.046572,34.030688],[134.046467,34.030763],[134.046132,34.030904],[134.045402,34.031187],[134.045214,34.03131],[134.045181,34.031358]]]},"properties":{"S_NAME":"半田","HCODE":8101}},{"type":"Feature","geometry":{"type":"Polygon","coordinates":[[[134.027845,34.030198],[134.027879,34.030355],[134.027897,34.030475],[134.028003,34.030617],[134.028124,34.030733],[134.028215,34.030857],[134.028255,34.030995],[134.028243,34.031031],[134.028171,34.031101],[134.02811,34.031197],[134.028078,34.031336],[134.028021,34.03146],[134.027971,34.031487],[134.027915,34.031575],[134.02786,34.031633],[134.027832,34.031663],[134.027731,34.031705],[134.027637,34.031721],[134.027523,34.031706],[134.027454,34.031676],[134.027392,34.031592],[134.027348,34.031511],[134.027283,34.031442],[134.027239,34.031397],[134.027228,34.031337],[134.027227,34.031255],[134.027198,34.031232],[134.027158,34.031232],[134.027115,34.031286],[134.027068,34.03134],[134.027014,34.031356],[134.026931,34.03135],[134.026751,34.03127],[134.026544,34.031195],[134.026432,34.031126],[134.026254,34.031055],[134.026381,34.031199],[134.02644,34.031298],[134.026444,34.031331],[134.026415,34.031343],[134.026221,34.031317],[134.025928,34.031282],[134.025631,34.031289],[134.025399,34.03129],[134.025077,34.031247],[134.024829,34.03123],[134.024484,34.031213],[134.024314,34.031223],[134.024072,34.031272],[134.023808,34.031324],[134.023512,34.031359],[134.02326,34.031336],[134.023129,34.0313],[134.022944,34.031177],[134.022747,34.031034],[134.022693,34.031025],[134.022599,34.031073],[134.022556,34.031113],[134.022553,34.031155],[134.022589,34.03123],[134.022597,34.031296],[134.022565,34.031345],[134.022475,34.031414],[134.022345,34.03146],[134.022222,34.031533],[134.022164,34.031584],[134.022082,34.031723],[134.021992,34.031796],[134.021797,34.031893],[134.021616,34.031936],[134.021332,34.031998],[134.021202,34.032007],[134.021126,34.032026],[134.021054,34.032056],[134.021011,34.032111],[134.021013,34.03218],[134.021065,34.032294],[134.021171,34.032453],[134.021392,34.032498],[134.021533,34.032542],[134.021673,34.032629],[134.021735,34.032701],[134.021764,34.032764],[134.021761,34.032876],[134.021773,34.03299],[134.021795,34.033026],[134.021905,34.033182],[134.021947,34.033272],[134.021947,34.033315],[134.021891,34.03333],[134.021743,34.033321],[134.021482,34.033323],[134.021323,34.03335],[134.021077,34.033424],[134.020893,34.033497],[134.02086,34.033527],[134.02085,34.033587],[134.020865,34.033657],[134.020901,34.033708],[134.020996,34.03384],[134.021063,34.034059],[134.021159,34.03433],[134.021189,34.034502],[134.021167,34.034559],[134.021077,34.034641],[134.020882,34.034753],[134.020676,34.034817],[134.020257,34.034906],[134.020152,34.034922],[134.020087,34.034958],[134.020055,34.03501],[134.020062,34.035055],[134.020389,34.03526],[134.020795,34.035554],[134.021755,34.036006],[134.02289,34.036387],[134.024516,34.036881],[134.024879,34.037025],[134.025308,34.037284],[134.025622,34.037473],[134.025726,34.037578],[134.025877,34.037923],[134.025654,34.037871],[134.025547,34.037817],[134.02547,34.037707],[134.025243,34.037687],[134.025075,34.037666],[134.023746,34.037414],[134.021612,34.036979],[134.021567,34.037004],[134.021536,34.037038],[134.021501,34.037127],[134.021467,34.037246],[134.021421,34.037322],[134.02136,34.037365],[134.021279,34.037382],[134.021157,34.037408],[134.020959,34.037392],[134.019988,34.037108],[134.018171,34.0369],[134.015043,34.036456],[134.014086,34.036257],[134.013759,34.036148],[134.013494,34.035929],[134.012762,34.035188],[134.012639,34.035129],[134.012456,34.035079],[134.011886,34.035005],[134.011601,34.034938],[134.011244,34.034779],[134.010937,34.034535],[134.010241,34.033818],[134.009246,34.034034],[134.008788,34.034129],[134.008463,34.034156],[134.008076,34.034073],[134.007719,34.033939],[134.007424,34.033915],[134.007109,34.034026],[134.00639,34.03441],[134.006055,34.03453],[134.005394,34.034685],[134.004856,34.034814],[134.004612,34.03484],[134.004378,34.034774],[134.004092,34.034597],[134.003856,34.034353],[134.003758,34.034006],[134.003743,34.033185],[134.003762,34.032939],[134.002289,34.03325],[134.001963,34.033277],[134.001139,34.033011],[134.001281,34.032622],[134.001379,34.032175],[134.001479,34.031739],[134.001585,34.031539],[134.001721,34.031396],[134.002016,34.03124],[134.002377,34.03108],[134.002445,34.031003],[134.002483,34.030929],[134.002502,34.030758],[134.002592,34.030571],[134.002603,34.030547],[134.002778,34.030269],[134.002833,34.030086],[134.002851,34.029895],[134.002811,34.029712],[134.002785,34.029525],[134.002824,34.029358],[134.002949,34.02917],[134.003012,34.029028],[134.003042,34.028735],[134.003088,34.02823],[134.003121,34.027986],[134.003198,34.027815],[134.003331,34.027635],[134.00355,34.027382],[134.003671,34.027178],[134.003825,34.026799],[134.003887,34.026579],[134.003932,34.026266],[134.003887,34.026059],[134.003812,34.025913],[134.00368,34.025771],[134.003461,34.025621],[134.003304,34.025459],[134.003225,34.025333],[134.003217,34.025187],[134.003258,34.024703],[134.003193,34.024569],[134.003095,34.02448],[134.002933,34.024362],[134.002766,34.0242],[134.002677,34.023993],[134.002636,34.023717],[134.002291,34.022146],[134.002256,34.022],[134.002196,34.021788],[134.002195,34.021697],[134.002236,34.021624],[134.002296,34.021559],[134.002379,34.021415],[134.002388,34.021287],[134.002398,34.020996],[134.002424,34.020651],[134.002399,34.020469],[134.002329,34.020349],[134.00223,34.020183],[134.002197,34.020063],[134.002151,34.019885],[134.002085,34.01978],[134.002033,34.019621],[134.002023,34.019439],[134.00205,34.019296],[134.002075,34.018885],[134.002019,34.018462],[134.001872,34.018005],[134.001789,34.017626],[134.001689,34.017378],[134.001659,34.01734],[134.001548,34.0172],[134.001361,34.017081],[134.00109,34.016869],[134.000888,34.016649],[134.000681,34.016304],[134.000638,34.016095],[134.000757,34.015695],[134.000758,34.015291],[134.00061,34.014675],[134.00071,34.014228],[134.000812,34.014039],[134.001056,34.013541],[134.001074,34.013026],[134.000652,34.011313],[134.000465,34.011108],[133.999363,34.011096],[133.998415,34.011099],[133.998665,34.009254],[133.99947,34.00945],[134.000174,34.009463],[134.001451,34.009319],[134.001858,34.009317],[134.002785,34.009483],[134.003859,34.009509],[134.004656,34.009537],[134.005599,34.009379],[134.006488,34.009421],[134.007637,34.009509],[134.008859,34.009396],[134.009331,34.009379],[134.010091,34.009499],[134.010444,34.009698],[134.010723,34.009882],[134.010964,34.009927],[134.011241,34.009787],[134.011519,34.009801],[134.011909,34.010046],[134.012299,34.010153],[134.013021,34.010134],[134.013668,34.010024],[134.01389,34.009961],[134.014298,34.010083],[134.014706,34.010081],[134.015224,34.009986],[134.015797,34.009845],[134.016389,34.009735],[134.017112,34.009793],[134.018048,34.010021],[134.018642,34.010278],[134.018498,34.011028],[134.018224,34.01153],[134.018123,34.012184],[134.018274,34.013017],[134.018719,34.013898],[134.019,34.014788],[134.019094,34.015411],[134.019412,34.016101],[134.019466,34.016217],[134.019622,34.016527],[134.019929,34.01694],[134.020007,34.017125],[134.020209,34.017601],[134.020275,34.018223],[134.020292,34.018795],[134.020255,34.019362],[134.02033,34.019664],[134.020526,34.019863],[134.02094,34.020057],[134.021226,34.020171],[134.021712,34.020211],[134.02212,34.020222],[134.022628,34.020309],[134.023214,34.020445],[134.02332,34.020492],[134.023424,34.020577],[134.02353,34.020678],[134.023594,34.020789],[134.023651,34.020943],[134.023694,34.021197],[134.023689,34.021335],[134.023643,34.021448],[134.0236,34.021547],[134.023621,34.021613],[134.023688,34.021701],[134.023761,34.021762],[134.02394,34.02186],[134.02404,34.021946],[134.024091,34.022031],[134.024138,34.022147],[134.024202,34.022284],[134.024215,34.022339],[134.024084,34.022507],[134.024011,34.022569],[134.023937,34.022604],[134.023872,34.022609],[134.023772,34.02258],[134.023661,34.022526],[134.023599,34.022512],[134.023496,34.022515],[134.023474,34.022525],[134.023459,34.022547],[134.023467,34.022578],[134.023487,34.022596],[134.023584,34.022604],[134.023652,34.022615],[134.023695,34.022652],[134.023763,34.022746],[134.023904,34.022899],[134.023937,34.022977],[134.023944,34.023101],[134.023983,34.023204],[134.02401,34.023303],[134.024,34.023347],[134.023965,34.023401],[134.023778,34.023504],[134.02365,34.023583],[134.023428,34.023743],[134.023344,34.02383],[134.023299,34.023908],[134.023283,34.024002],[134.023294,34.024075],[134.023333,34.024118],[134.023401,34.024164],[134.023444,34.024231],[134.023457,34.024336],[134.023497,34.024403],[134.023591,34.0245],[134.023665,34.024645],[134.023656,34.024732],[134.023608,34.024826],[134.023598,34.024872],[134.023618,34.024905],[134.023709,34.024939],[134.023917,34.024976],[134.024196,34.025048],[134.024345,34.025128],[134.024671,34.025404],[134.024849,34.025549],[134.024887,34.025582],[134.024905,34.025624],[134.024902,34.025668],[134.024873,34.02569],[134.024756,34.025709],[134.02458,34.025715],[134.024492,34.025746],[134.024303,34.025857],[134.024161,34.026004],[134.024077,34.026138],[134.024032,34.026208],[134.024014,34.026266],[134.024041,34.026412],[134.024101,34.026662],[134.024101,34.026753],[134.02408,34.02683],[134.023975,34.027001],[134.02387,34.027172],[134.02383,34.027318],[134.023834,34.0274],[134.023868,34.027483],[134.023934,34.027552],[134.024023,34.027625],[134.024208,34.027722],[134.024337,34.027828],[134.024462,34.027928],[134.024594,34.028009],[134.024682,34.02807],[134.024767,34.028149],[134.024866,34.0282],[134.025092,34.028291],[134.025316,34.028369],[134.025543,34.028389],[134.025777,34.028407],[134.026001,34.028406],[134.026165,34.02842],[134.026272,34.028444],[134.026334,34.028474],[134.026393,34.028571],[134.026449,34.02865],[134.026514,34.028726],[134.026541,34.028757],[134.026567,34.028875],[134.026525,34.029064],[134.02647,34.029196],[134.026484,34.02929],[134.026536,34.029372],[134.02662,34.029436],[134.026767,34.029466],[134.026972,34.029477],[134.027122,34.029455],[134.027265,34.029448],[134.027375,34.029472],[134.02754,34.029535],[134.027679,34.029565],[134.027745,34.029592],[134.027782,34.029641],[134.027797,34.029763],[134.027795,34.030006],[134.027794,34.030089],[134.027819,34.030177],[134.027845,34.030198]]]},"properties":{"S_NAME":"半田","HCODE":8101}},{"type":"Feature","geometry":{"type":"Polygon","coordinates":[[[134.056149,34.005671],[134.055462,34.006238],[134.054916,34.005861],[134.054685,34.005805],[134.054517,34.005816],[134.054169,34.006067],[134.05331,34.005567],[134.051742,34.005012],[134.050673,34.004846],[134.049465,34.004804],[134.048529,34.004829],[134.04797,34.004915],[134.047534,34.004974],[134.047134,34.004981],[134.045955,34.005096],[134.043976,34.005419],[134.043794,34.005508],[134.043501,34.005616],[134.043286,34.005643],[134.043067,34.005594],[134.04257,34.005308],[134.042456,34.00524],[134.041779,34.006453],[134.041018,34.008553],[134.040714,34.009973],[134.040585,34.011799],[134.040316,34.012954],[134.040057,34.013589],[134.039869,34.013846],[134.039616,34.013968],[134.038611,34.014146],[134.037873,34.014292],[134.037602,34.014452],[134.037396,34.014792],[134.037067,34.015895],[134.036789,34.016296],[134.036572,34.016448],[134.03612,34.016525],[134.035248,34.016518],[134.03467,34.016163],[134.034339,34.01589],[134.033161,34.014676],[134.031937,34.013334],[134.031889,34.013155],[134.031919,34.012995],[134.032263,34.012164],[134.032315,34.011991],[134.032345,34.011851],[134.032306,34.011704],[134.032129,34.011532],[134.031797,34.011336],[134.031344,34.011197],[134.030906,34.011091],[134.030729,34.011015],[134.030651,34.010887],[134.030635,34.01074],[134.030696,34.010587],[134.030795,34.010459],[134.030909,34.010395],[134.031277,34.010297],[134.031825,34.010218],[134.032108,34.010179],[134.0323,34.01012],[134.032483,34.009934],[134.032696,34.009704],[134.032795,34.009531],[134.032847,34.009352],[134.032823,34.00916],[134.032737,34.008924],[134.032544,34.008734],[134.03226,34.008582],[134.03209,34.008391],[134.032058,34.008212],[134.032087,34.008027],[134.032244,34.007873],[134.03255,34.007801],[134.033317,34.00783],[134.033647,34.007809],[134.033946,34.007706],[134.034151,34.007507],[134.034204,34.007296],[134.034163,34.006894],[134.034065,34.006601],[134.034041,34.006409],[134.034094,34.006288],[134.034224,34.00621],[134.034082,34.005794],[134.034039,34.005812],[134.033826,34.005905],[134.033697,34.006022],[134.033634,34.006292],[134.033626,34.006539],[134.033609,34.006717],[134.033526,34.006817],[134.033351,34.006911],[134.032934,34.007059],[134.03236,34.007131],[134.031912,34.007318],[134.031561,34.007636],[134.03136,34.008038],[134.031437,34.008431],[134.031689,34.008754],[134.031978,34.009077],[134.032016,34.009239],[134.031998,34.009319],[134.031926,34.009404],[134.031858,34.009456],[134.031795,34.009471],[134.031694,34.009474],[134.031628,34.009487],[134.031545,34.009545],[134.031423,34.009597],[134.031327,34.00962],[134.031238,34.009648],[134.031097,34.009713],[134.030957,34.009759],[134.030875,34.009768],[134.030698,34.009692],[134.030224,34.009478],[134.0299,34.009549],[134.029651,34.009704],[134.029482,34.010122],[134.02944,34.010724],[134.029477,34.011051],[134.029717,34.011446],[134.030058,34.011727],[134.030964,34.01209],[134.031233,34.012236],[134.031262,34.012398],[134.03118,34.012537],[134.030656,34.01299],[134.0306,34.013108],[134.030615,34.013223],[134.031187,34.014293],[134.03078,34.014298],[134.030281,34.014408],[134.029856,34.014579],[134.029228,34.01489],[134.028821,34.014938],[134.028555,34.015036],[134.028535,34.015059],[134.028548,34.015103],[134.028703,34.015175],[134.02871,34.015219],[134.028675,34.015247],[134.027538,34.015668],[134.026818,34.015995],[134.026226,34.016152],[134.025726,34.016139],[134.025281,34.016033],[134.024872,34.015742],[134.024257,34.015158],[134.023811,34.014944],[134.023106,34.014809],[134.022438,34.014549],[134.021797,34.014182],[134.021256,34.013522],[134.019964,34.011384],[134.019033,34.010448],[134.018642,34.010278],[134.018048,34.010021],[134.017112,34.009793],[134.016389,34.009735],[134.015797,34.009845],[134.015224,34.009986],[134.014706,34.010081],[134.014298,34.010083],[134.01389,34.009961],[134.013668,34.010024],[134.013021,34.010134],[134.012299,34.010153],[134.011909,34.010046],[134.011519,34.009801],[134.011241,34.009787],[134.010964,34.009927],[134.010723,34.009882],[134.010444,34.009698],[134.010091,34.009499],[134.009331,34.009379],[134.008859,34.009396],[134.007637,34.009509],[134.006488,34.009421],[134.005599,34.009379],[134.004656,34.009537],[134.003859,34.009509],[134.002785,34.009483],[134.001858,34.009317],[134.001451,34.009319],[134.000174,34.009463],[133.99947,34.00945],[133.998665,34.009254],[133.998909,34.007445],[133.998864,34.006776],[133.998677,34.006503],[133.998263,34.006264],[133.997973,34.00594],[133.997929,34.00546],[133.998221,34.004361],[133.998463,34.004056],[133.99863,34.003845],[133.998814,34.003553],[133.999018,34.00326],[133.999347,34.003122],[134.000661,34.002362],[134.001625,34.001706],[134.002074,34.00095],[134.002,34.000642],[134.001875,34.000385],[134.00174,34.000214],[134.001646,34.000009],[134.001557,33.998997],[134.001582,33.998817],[134.001734,33.998431],[134.001465,33.998166],[134.001175,33.997824],[134.0011,33.997464],[134.001222,33.997112],[134.001415,33.996709],[134.001663,33.995936],[134.001688,33.995001],[134.001736,33.994451],[134.003844,33.994862],[134.004657,33.994937],[134.004929,33.994879],[134.005158,33.99475],[134.005429,33.994458],[134.005988,33.993974],[134.006276,33.993831],[134.006702,33.993744],[134.007442,33.99377],[134.008103,33.993817],[134.008197,33.993839],[134.00927,33.994088],[134.009968,33.994071],[134.010437,33.994076],[134.010731,33.994153],[134.011902,33.994999],[134.01203,33.995005],[134.01292,33.994406],[134.013167,33.994313],[134.013439,33.994248],[134.015077,33.994156],[134.016509,33.994125],[134.018792,33.994076],[134.018801,33.994104],[134.019043,33.994416],[134.019352,33.99469],[134.019569,33.99484],[134.019832,33.994982],[134.020306,33.995084],[134.020717,33.995187],[134.021287,33.995251],[134.021595,33.995354],[134.021858,33.995447],[134.022269,33.995512],[134.02277,33.995567],[134.022907,33.995585],[134.02301,33.995699],[134.023194,33.996281],[134.023243,33.996438],[134.023327,33.997139],[134.023313,33.997566],[134.022715,33.999466],[134.022242,34.000521],[134.022075,34.001082],[134.022112,34.001499],[134.022389,34.002058],[134.022572,34.00219],[134.022766,34.002227],[134.024771,34.002095],[134.025038,34.002146],[134.025438,34.002314],[134.027108,34.003056],[134.028658,34.003767],[134.029676,34.004202],[134.029892,34.004263],[134.030077,34.004281],[134.030367,34.004267],[134.030672,34.004222],[134.031429,34.004077],[134.031566,34.004089],[134.03175,34.004149],[134.032564,34.00454],[134.033609,34.004875],[134.033895,34.00494],[134.034327,34.004915],[134.034301,34.004713],[134.034514,34.004029],[134.034672,34.00384],[134.034738,34.003652],[134.03472,34.003436],[134.034404,34.001214],[134.034495,34.001011],[134.034761,34.000676],[134.034876,34.000327],[134.034957,33.999929],[134.034576,33.998009],[134.037812,33.998281],[134.038103,33.998567],[134.038491,33.998929],[134.038759,33.999137],[134.038743,33.999555],[134.03881,33.999622],[134.038995,33.999665],[134.039587,33.999725],[134.039816,33.999782],[134.040002,33.999928],[134.04012,34.000102],[134.04014,34.000343],[134.040363,33.999963],[134.041308,33.998615],[134.042008,33.997914],[134.043403,33.996339],[134.043884,33.995768],[134.044114,33.995599],[134.044568,33.995369],[134.044759,33.995218],[134.044852,33.995076],[134.044886,33.994969],[134.045025,33.994775],[134.045268,33.994453],[134.045603,33.994053],[134.045954,33.99378],[134.046145,33.99356],[134.046361,33.993203],[134.047272,33.991306],[134.048452,33.990121],[134.049152,33.988786],[134.049446,33.988386],[134.049967,33.987699],[134.050122,33.986899],[134.050345,33.986118],[134.050639,33.985565],[134.051207,33.985106],[134.051775,33.984609],[134.052035,33.984151],[134.052304,33.983351],[134.052358,33.982945],[134.052383,33.982758],[134.052574,33.982336],[134.052766,33.98205],[134.05324,33.981726],[134.053625,33.981402],[134.054053,33.980892],[134.05519,33.979412],[134.055471,33.979162],[134.055812,33.979025],[134.056362,33.978972],[134.05669,33.978921],[134.056942,33.978784],[134.057222,33.978473],[134.057593,33.978211],[134.057936,33.978023],[134.058475,33.978432],[134.0587,33.978773],[134.0593,33.979382],[134.060025,33.98044],[134.06035,33.98084],[134.060325,33.981156],[134.059962,33.98229],[134.059887,33.983365],[134.06005,33.984764],[134.060187,33.985439],[134.059287,33.985956],[134.059038,33.987131],[134.059006,33.987569],[134.058975,33.987989],[134.059175,33.988414],[134.06,33.989364],[134.059401,33.990535],[134.059263,33.990806],[134.059013,33.991614],[134.059263,33.993664],[134.059375,33.994364],[134.059175,33.994522],[134.0592,33.994864],[134.059563,33.995472],[134.0599,33.995897],[134.0599,33.996055],[134.05935,33.996914],[134.05885,33.997139],[134.058388,33.997205],[134.058544,33.997666],[134.058565,33.997726],[134.058625,33.997905],[134.058525,33.999213],[134.058688,33.999997],[134.058913,34.000788],[134.058937,34.001355],[134.058938,34.001372],[134.058663,34.001622],[134.057838,34.00153],[134.057401,34.00153],[134.057263,34.002297],[134.057013,34.002955],[134.056925,34.003026],[134.056626,34.003272],[134.056688,34.003313],[134.056638,34.003338],[134.055963,34.004088],[134.055776,34.004221],[134.055101,34.004855],[134.055051,34.005038],[134.055101,34.005121],[134.055301,34.00528],[134.055488,34.005371],[134.055863,34.005488],[134.056113,34.005621],[134.056149,34.00567],[134.056149,34.005671]]]},"properties":{"S_NAME":"半田","HCODE":8101}},{"type":"Feature","geometry":{"type":"Polygon","coordinates":[[[134.034576,33.998009],[134.034957,33.999929],[134.034876,34.000327],[134.034761,34.000676],[134.034495,34.001011],[134.034404,34.001214],[134.03472,34.003436],[134.034738,34.003652],[134.034672,34.00384],[134.034514,34.004029],[134.034301,34.004713],[134.034327,34.004915],[134.033895,34.00494],[134.033609,34.004875],[134.032564,34.00454],[134.03175,34.004149],[134.031566,34.004089],[134.031429,34.004077],[134.030672,34.004222],[134.030367,34.004267],[134.030077,34.004281],[134.029892,34.004263],[134.029676,34.004202],[134.028658,34.003767],[134.027108,34.003056],[134.025438,34.002314],[134.025038,34.002146],[134.024771,34.002095],[134.022766,34.002227],[134.022572,34.00219],[134.022389,34.002058],[134.022112,34.001499],[134.022075,34.001082],[134.022242,34.000521],[134.022715,33.999466],[134.023313,33.997566],[134.023327,33.997139],[134.023243,33.996438],[134.023194,33.996281],[134.02301,33.995699],[134.022907,33.995585],[134.02277,33.995567],[134.022269,33.995512],[134.021858,33.995447],[134.021595,33.995354],[134.021287,33.995251],[134.020717,33.995187],[134.020306,33.995084],[134.019832,33.994982],[134.019569,33.99484],[134.019352,33.99469],[134.019043,33.994416],[134.018801,33.994104],[134.018792,33.994076],[134.016509,33.994125],[134.015077,33.994156],[134.013439,33.994248],[134.013167,33.994313],[134.01292,33.994406],[134.01203,33.995005],[134.011902,33.994999],[134.010731,33.994153],[134.010437,33.994076],[134.009968,33.994071],[134.00927,33.994088],[134.008197,33.993839],[134.008103,33.993817],[134.007442,33.99377],[134.006702,33.993744],[134.006276,33.993831],[134.005988,33.993974],[134.005429,33.994458],[134.005158,33.99475],[134.004929,33.994879],[134.004657,33.994937],[134.003844,33.994862],[134.001736,33.994451],[134.001765,33.994109],[134.001762,33.993466],[134.001628,33.992549],[134.001747,33.991803],[134.00188,33.990851],[134.001703,33.990534],[134.000992,33.990547],[134.000704,33.990523],[134.000584,33.990512],[134.00051,33.990506],[134.001037,33.990432],[134.00133,33.990351],[134.00151,33.990223],[134.001748,33.98996],[134.001961,33.989849],[134.002238,33.989748],[134.002388,33.989543],[134.002586,33.989017],[134.002693,33.988902],[134.003013,33.98879],[134.003535,33.988667],[134.004318,33.988386],[134.00506,33.988068],[134.005497,33.987976],[134.005885,33.987939],[134.006213,33.987973],[134.006553,33.988047],[134.007057,33.98804],[134.007281,33.988059],[134.007919,33.988163],[134.008344,33.988181],[134.008574,33.98813],[134.008804,33.987997],[134.008948,33.987815],[134.009273,33.987212],[134.009832,33.986718],[134.010482,33.986224],[134.010551,33.986297],[134.010681,33.986348],[134.010859,33.986359],[134.011009,33.986307],[134.011254,33.986175],[134.011431,33.986066],[134.01154,33.986043],[134.011684,33.986059],[134.011896,33.986184],[134.012168,33.986455],[134.012278,33.986682],[134.012307,33.986944],[134.012281,33.987103],[134.013222,33.986073],[134.014364,33.985106],[134.014581,33.985035],[134.014799,33.98502],[134.015184,33.984977],[134.015602,33.984947],[134.016121,33.984778],[134.016344,33.984636],[134.017138,33.984132],[134.017954,33.983236],[134.018063,33.983056],[134.018584,33.982201],[134.019122,33.981139],[134.019227,33.981017],[134.019471,33.980733],[134.01962,33.980397],[134.019801,33.979936],[134.020381,33.97886],[134.021518,33.977168],[134.022361,33.97542],[134.022742,33.974624],[134.022889,33.973968],[134.022887,33.972434],[134.022901,33.971973],[134.022694,33.970886],[134.022639,33.970217],[134.022664,33.969919],[134.023085,33.970452],[134.023438,33.970785],[134.023767,33.971091],[134.024927,33.971853],[134.025567,33.972338],[134.027242,33.973796],[134.029444,33.975055],[134.029882,33.975514],[134.030051,33.97582],[134.030054,33.97628],[134.029907,33.976825],[134.029493,33.977538],[134.029202,33.97793],[134.029087,33.978321],[134.029349,33.984003],[134.028832,33.984389],[134.028508,33.984709],[134.028966,33.985075],[134.02933,33.985277],[134.029782,33.985413],[134.030391,33.985562],[134.03081,33.985767],[134.031139,33.985984],[134.031601,33.986514],[134.033199,33.988965],[134.033819,33.990056],[134.033915,33.991808],[134.033998,33.993],[134.034308,33.994331],[134.034254,33.994723],[134.034231,33.996266],[134.034576,33.998009]]]},"properties":{"S_NAME":"半田","HCODE":8101}},{"type":"Feature","geometry":{"type":"Polygon","coordinates":[[[134.022664,33.969919],[134.022639,33.970217],[134.022694,33.970886],[134.022901,33.971973],[134.022887,33.972434],[134.022889,33.973968],[134.022742,33.974624],[134.022361,33.97542],[134.021518,33.977168],[134.020381,33.97886],[134.019801,33.979936],[134.01962,33.980397],[134.019471,33.980733],[134.019227,33.981017],[134.019122,33.981139],[134.018584,33.982201],[134.018063,33.983056],[134.017954,33.983236],[134.017138,33.984132],[134.016344,33.984636],[134.016121,33.984778],[134.015602,33.984947],[134.015184,33.984977],[134.014799,33.98502],[134.014581,33.985035],[134.014364,33.985106],[134.013222,33.986073],[134.012281,33.987103],[134.012307,33.986944],[134.012278,33.986682],[134.012168,33.986455],[134.011896,33.986184],[134.011684,33.986059],[134.01154,33.986043],[134.011431,33.986066],[134.011254,33.986175],[134.011009,33.986307],[134.010859,33.986359],[134.010681,33.986348],[134.010551,33.986297],[134.010482,33.986224],[134.009832,33.986718],[134.009273,33.987212],[134.008948,33.987815],[134.008804,33.987997],[134.008574,33.98813],[134.008344,33.988181],[134.007919,33.988163],[134.007281,33.988059],[134.007057,33.98804],[134.006553,33.988047],[134.006213,33.987973],[134.005885,33.987939],[134.005497,33.987976],[134.00506,33.988068],[134.004318,33.988386],[134.003535,33.988667],[134.003013,33.98879],[134.002693,33.988902],[134.002586,33.989017],[134.002388,33.989543],[134.002238,33.989748],[134.001961,33.989849],[134.001748,33.98996],[134.00151,33.990223],[134.00133,33.990351],[134.001037,33.990432],[134.00051,33.990506],[134.000505,33.990506],[134.000436,33.990423],[134.000442,33.990214],[134.0007,33.98984],[134.000805,33.989689],[134.001055,33.989106],[134.00083,33.988789],[134.000694,33.988738],[133.999267,33.988206],[133.998817,33.987889],[133.99863,33.987414],[133.998442,33.986698],[133.997993,33.985614],[133.997968,33.983498],[133.997893,33.983065],[133.997393,33.982798],[133.997343,33.982848],[133.996693,33.982631],[133.996143,33.982381],[133.99598,33.982115],[133.995891,33.981871],[133.995618,33.981123],[133.995568,33.979115],[133.99548,33.978715],[133.994931,33.97799],[133.994543,33.977407],[133.994406,33.97714],[133.994106,33.976757],[133.993143,33.976707],[133.992981,33.97664],[133.992481,33.976257],[133.991906,33.975874],[133.991631,33.97574],[133.990881,33.975132],[133.990852,33.975117],[133.989956,33.974641],[133.989231,33.973849],[133.988794,33.973716],[133.988194,33.973699],[133.987669,33.973541],[133.985194,33.973499],[133.984919,33.973449],[133.984419,33.973291],[133.984256,33.973132],[133.984032,33.972616],[133.983732,33.972232],[133.983019,33.971874],[133.982494,33.971158],[133.982057,33.970683],[133.981532,33.96875],[133.981057,33.968433],[133.979957,33.967891],[133.978995,33.96735],[133.978961,33.967291],[133.97872,33.966875],[133.978258,33.966341],[133.97792,33.965775],[133.977708,33.965033],[133.977458,33.96465],[133.976908,33.964017],[133.975996,33.962717],[133.974784,33.961292],[133.974484,33.960825],[133.974371,33.960709],[133.973846,33.960458],[133.972584,33.960242],[133.972259,33.960242],[133.972309,33.960125],[133.972422,33.959425],[133.972584,33.958934],[133.972884,33.958659],[133.972947,33.958117],[133.97297,33.957999],[133.973072,33.957492],[133.973022,33.9569],[133.973047,33.955976],[133.973097,33.955509],[133.972959,33.953817],[133.972659,33.952959],[133.972747,33.952576],[133.973122,33.952401],[133.974384,33.952084],[133.975184,33.951676],[133.975597,33.951334],[133.976122,33.950343],[133.976609,33.94971],[133.976972,33.949101],[133.977084,33.948701],[133.977459,33.948002],[133.977459,33.947368],[133.977322,33.946402],[133.977197,33.945954],[133.977184,33.94591],[133.977872,33.945677],[133.978672,33.945569],[133.979934,33.945519],[133.980896,33.94561],[133.983446,33.946377],[133.984446,33.946644],[133.985233,33.946735],[133.986121,33.946869],[133.987245,33.947185],[133.988233,33.947427],[133.989833,33.947719],[133.990758,33.947944],[133.992445,33.94846],[133.992682,33.94851],[133.993182,33.94851],[133.99367,33.948418],[133.99392,33.94846],[133.99442,33.94871],[133.99467,33.948802],[133.995457,33.949002],[133.995732,33.949043],[133.996694,33.949243],[133.997244,33.949468],[133.997344,33.949443],[133.997419,33.949485],[133.997694,33.949485],[133.997994,33.949577],[133.998432,33.949868],[133.998632,33.950051],[133.999294,33.950451],[134.000082,33.95066],[134.000471,33.950683],[134.001182,33.950726],[134.002144,33.950726],[134.002419,33.950793],[134.003056,33.951035],[134.003931,33.951218],[134.004569,33.951551],[134.005144,33.952526],[134.005506,33.952818],[134.005915,33.95296],[134.006077,33.953017],[134.006269,33.953084],[134.007019,33.953401],[134.007781,33.953809],[134.008606,33.954101],[134.009518,33.954234],[134.009956,33.954234],[134.010693,33.954159],[134.01158,33.954209],[134.01223,33.954317],[134.012643,33.954634],[134.012644,33.954635],[134.012698,33.954717],[134.012868,33.954975],[134.01308,33.955425],[134.013255,33.955984],[134.013605,33.956392],[134.013855,33.95655],[134.01443,33.956708],[134.015067,33.956792],[134.015829,33.956792],[134.016654,33.956633],[134.017454,33.9567],[134.018167,33.956883],[134.019329,33.957333],[134.021391,33.958658],[134.022291,33.959291],[134.023003,33.959874],[134.023866,33.960391],[134.024928,33.960958],[134.02524,33.961274],[134.02524,33.962266],[134.025428,33.962849],[134.025639,33.963365],[134.025753,33.963641],[134.023723,33.965317],[134.023658,33.96568],[134.02351,33.966099],[134.023327,33.966309],[134.02281,33.967929],[134.022632,33.969046],[134.022664,33.969919]]]},"properties":{"S_NAME":"半田","HCODE":8101}},{"type":"Feature","geometry":{"type":"Polygon","coordinates":[[[134.051787,33.969],[134.051826,33.969008],[134.052225,33.969091],[134.052775,33.969332],[134.053437,33.969832],[134.053875,33.969965],[134.05391,33.97011],[134.05405,33.97069],[134.054625,33.971974],[134.054737,33.972399],[134.054675,33.973323],[134.054675,33.974315],[134.054925,33.974832],[134.055887,33.975732],[134.056225,33.976248],[134.05625,33.976632],[134.056662,33.977265],[134.05735,33.977715],[134.057737,33.977873],[134.057886,33.977986],[134.057936,33.978023],[134.057593,33.978211],[134.057222,33.978473],[134.056942,33.978784],[134.05669,33.978921],[134.056362,33.978972],[134.055812,33.979025],[134.055471,33.979162],[134.05519,33.979412],[134.054053,33.980892],[134.053625,33.981402],[134.05324,33.981726],[134.052766,33.98205],[134.052574,33.982336],[134.052383,33.982758],[134.052358,33.982945],[134.052304,33.983351],[134.052035,33.984151],[134.051775,33.984609],[134.051207,33.985106],[134.050639,33.985565],[134.050345,33.986118],[134.050122,33.986899],[134.049967,33.987699],[134.049446,33.988386],[134.049152,33.988786],[134.048452,33.990121],[134.047272,33.991306],[134.046361,33.993203],[134.046145,33.99356],[134.045954,33.99378],[134.045603,33.994053],[134.045268,33.994453],[134.045025,33.994775],[134.044886,33.994969],[134.044852,33.995076],[134.044759,33.995218],[134.044568,33.995369],[134.044114,33.995599],[134.043884,33.995768],[134.043403,33.996339],[134.042008,33.997914],[134.041308,33.998615],[134.040363,33.999963],[134.04014,34.000343],[134.04012,34.000102],[134.040002,33.999928],[134.039816,33.999782],[134.039587,33.999725],[134.038995,33.999665],[134.03881,33.999622],[134.038743,33.999555],[134.038759,33.999137],[134.038491,33.998929],[134.038103,33.998567],[134.037812,33.998281],[134.034576,33.998009],[134.034231,33.996266],[134.034254,33.994723],[134.034308,33.994331],[134.033998,33.993],[134.033915,33.991808],[134.033819,33.990056],[134.033199,33.988965],[134.031601,33.986514],[134.031139,33.985984],[134.03081,33.985767],[134.030391,33.985562],[134.029782,33.985413],[134.02933,33.985277],[134.028966,33.985075],[134.028508,33.984709],[134.028832,33.984389],[134.029349,33.984003],[134.029087,33.978321],[134.029202,33.97793],[134.029493,33.977538],[134.029907,33.976825],[134.030054,33.97628],[134.030051,33.97582],[134.029882,33.975514],[134.029444,33.975055],[134.027242,33.973796],[134.025567,33.972338],[134.024927,33.971853],[134.023767,33.971091],[134.023438,33.970785],[134.023085,33.970452],[134.022664,33.969919],[134.022632,33.969046],[134.02281,33.967929],[134.023327,33.966309],[134.02351,33.966099],[134.023658,33.96568],[134.023723,33.965317],[134.025753,33.963641],[134.025797,33.963667],[134.025865,33.963707],[134.02603,33.963713],[134.02639,33.963724],[134.02859,33.963682],[134.029527,33.963766],[134.030127,33.964016],[134.030765,33.964532],[134.03139,33.964849],[134.03159,33.964916],[134.032577,33.964941],[134.033839,33.964983],[134.035602,33.965566],[134.035952,33.965566],[134.036339,33.965341],[134.036889,33.965474],[134.037601,33.965833],[134.038099,33.965978],[134.038314,33.966041],[134.039689,33.966916],[134.039973,33.967037],[134.040276,33.967166],[134.041201,33.967207],[134.043263,33.967516],[134.043763,33.967832],[134.044088,33.968282],[134.044538,33.968691],[134.045226,33.969007],[134.045526,33.969099],[134.046676,33.969141],[134.0475,33.969141],[134.0477,33.969091],[134.049338,33.969291],[134.050338,33.969132],[134.050688,33.969049],[134.051463,33.968932],[134.051787,33.969]]]},"properties":{"S_NAME":"半田","HCODE":8101}}]}